epoch,batch,total_loss,loss2neighbor,loss_idt,loss_reg,loss_bg
1,1,4.360456466674805,4.236139297485352,0.12266191095113754,16.548641204833984,2.778818368911743
1,2,19.915363311767578,19.868844985961914,0.0458165779709816,7.014865875244141,2.2074551582336426
1,3,13.56226921081543,8.019920349121094,5.526186943054199,161.61460876464844,5.029832363128662
1,4,6.280663013458252,4.087359428405762,2.185622215270996,76.8144302368164,1.9526863098144531
1,5,6.7613983154296875,4.821331977844238,1.9338247776031494,62.41633605957031,3.7612459659576416
1,6,3.706279993057251,3.1744513511657715,0.5300765037536621,17.521100997924805,2.2690539360046387
1,7,3.226862907409668,2.295098304748535,0.928858757019043,29.05876350402832,1.5373985767364502
1,8,2.022256374359131,1.4079184532165527,0.6124625205993652,18.75387954711914,0.7139933705329895
1,9,1.1875807046890259,0.8706609010696411,0.3159509301185608,9.688356399536133,0.2905343770980835
1,10,0.878014862537384,0.7173141241073608,0.16022709012031555,4.736764430999756,0.49326610565185547
1,11,4.572346210479736,4.267207145690918,0.30399394035339355,11.44799518585205,0.5953969359397888
1,12,2.3108859062194824,2.103336811065674,0.20694631338119507,6.027627944946289,0.22408965229988098
1,13,0.2831960618495941,0.28190863132476807,0.0012008199701085687,0.866098165512085,0.012630954384803772
1,14,0.25433868169784546,0.2526925802230835,0.0015710985753685236,0.7502654790878296,0.009206380695104599
1,15,1.538885474205017,1.2598052024841309,0.27830660343170166,7.736637592315674,0.2585179805755615
1,16,0.6241174340248108,0.5536623001098633,0.07026208937168121,1.9307705163955688,0.21474134922027588
1,17,0.6171075701713562,0.557834804058075,0.05911596119403839,1.5682700872421265,0.2038893699645996
1,18,0.3112559914588928,0.2890869379043579,0.022098958492279053,0.7008952498435974,0.04099142551422119
1,19,1.9810922145843506,1.7328555583953857,0.2475530505180359,6.83519983291626,0.25709033012390137
1,20,0.2998204827308655,0.2814052104949951,0.0183597169816494,0.5554853081703186,0.037801750004291534
1,21,0.5081740617752075,0.47943687438964844,0.028652919456362724,0.8426687717437744,0.10645414888858795
1,22,1.2369245290756226,1.170007348060608,0.06666827946901321,2.4888083934783936,0.1913045346736908
1,23,1.3358616828918457,1.2762490510940552,0.05940218269824982,2.104344606399536,0.5161005854606628
1,24,1.4729214906692505,1.364485263824463,0.10804609954357147,3.9012529850006104,0.37900394201278687
1,25,0.06993907690048218,0.06943296641111374,0.0004867128445766866,0.19402289390563965,0.001767307287082076
1,26,1.4289233684539795,1.3553094863891602,0.07328315079212189,3.3069965839385986,1.7606475353240967
1,27,1.1401777267456055,1.0844950675964355,0.055511508136987686,1.7113609313964844,0.46997618675231934
1,28,1.5152028799057007,1.4133100509643555,0.10155554115772247,3.3721885681152344,0.3227556347846985
1,29,1.0854095220565796,1.0044736862182617,0.08068764209747314,2.482329845428467,0.3233169913291931
1,30,0.47045964002609253,0.4587790071964264,0.011643593199551105,0.3704950213432312,0.029452092945575714
1,31,0.2641572058200836,0.2599864602088928,0.004142143297940493,0.28597453236579895,0.20670083165168762
1,32,0.6307105422019958,0.5998607277870178,0.030715640634298325,1.3416751623153687,0.235136479139328
1,33,0.959070086479187,0.92134028673172,0.0376182496547699,1.115718960762024,0.12559247016906738
1,34,2.015469551086426,1.9586949348449707,0.0564693957567215,3.052178382873535,0.1015273928642273
1,35,0.5470377206802368,0.5230197906494141,0.0239068865776062,1.1105142831802368,0.10122320801019669
1,36,0.5229617953300476,0.5127488374710083,0.01017858274281025,0.34388136863708496,0.018250029534101486
1,37,0.2600224018096924,0.255330353975296,0.004672582261264324,0.19467906653881073,0.09679633378982544
1,38,0.527681827545166,0.5105589628219604,0.017052194103598595,0.7069455981254578,0.03009222447872162
1,39,0.5379181504249573,0.517578125,0.020237967371940613,1.020481824874878,0.103594109416008
1,40,0.5002375245094299,0.4811575412750244,0.019026167690753937,0.538031280040741,0.030783213675022125
1,41,0.9275980591773987,0.8805985450744629,0.04684201627969742,1.5748766660690308,0.09936201572418213
1,42,0.08558076620101929,0.08532252162694931,0.00024813221534714103,0.10110776126384735,0.006141206249594688
1,43,0.08517757058143616,0.08477644622325897,0.00038656953256577253,0.14556339383125305,0.024215051904320717
1,44,1.3415614366531372,1.294132947921753,0.04719966650009155,2.287428617477417,0.14640174806118011
1,45,0.06603872030973434,0.06487105041742325,0.001147378934547305,0.20287851989269257,0.015879638493061066
1,46,0.946946382522583,0.9175804257392883,0.02926400676369667,1.0194889307022095,0.248022198677063
1,47,0.2840240001678467,0.27651211619377136,0.0074865370988845825,0.25318798422813416,0.031397074460983276
1,48,0.22493720054626465,0.22128775715827942,0.0036253188736736774,0.24117588996887207,0.2646600902080536
1,49,1.1636592149734497,1.1191819906234741,0.0442289300262928,2.483079195022583,0.2526261806488037
1,50,0.055644791573286057,0.055354852229356766,0.00027786658029071987,0.12073847651481628,0.002358956728130579
1,51,0.6792353391647339,0.6613866090774536,0.017731308937072754,1.1741657257080078,0.23753151297569275
1,52,0.04101921245455742,0.04066327586770058,0.0003428607014939189,0.13077211380004883,0.0745696872472763
1,53,0.8825230598449707,0.8560617566108704,0.02636237069964409,0.9891788363456726,0.17536529898643494
1,54,0.02912127785384655,0.02895103394985199,0.00016113095625769347,0.09112206101417542,0.0017804049421101809
1,55,0.3896007239818573,0.381209135055542,0.008353222161531448,0.38346585631370544,0.08165788650512695
1,56,0.030785677954554558,0.030534841120243073,0.0002407952124485746,0.10042006522417068,0.0029026370029896498
1,57,0.9449564218521118,0.9199796915054321,0.024879850447177887,0.9684809446334839,0.0662558302283287
1,58,1.3406234979629517,1.3176608085632324,0.0228048674762249,1.5784587860107422,0.0612572506070137
1,59,1.431349515914917,1.3909478187561035,0.04018838703632355,2.133134365081787,0.09123391658067703
1,60,0.19295310974121094,0.18869155645370483,0.004238213412463665,0.2333430051803589,0.2263518124818802
1,61,0.8428786396980286,0.8180582523345947,0.02472803182899952,0.9229803681373596,0.29175081849098206
1,62,0.5180611610412598,0.5075619220733643,0.010451411828398705,0.478112131357193,0.10431627184152603
1,63,0.04600211977958679,0.045608628541231155,0.00038085001870058477,0.12639540433883667,0.0017784200608730316
1,64,0.44649624824523926,0.4350225329399109,0.011431626044213772,0.420760840177536,0.07635479420423508
1,65,1.3560494184494019,1.3212441205978394,0.03455609083175659,2.4924511909484863,0.363089919090271
1,66,0.5192719101905823,0.5135910511016846,0.005659878253936768,0.20968104898929596,0.0209466814994812
1,67,1.2109941244125366,1.1700634956359863,0.0406666025519371,2.6409053802490234,0.36966609954833984
1,68,1.1145902872085571,1.0903892517089844,0.024033885449171066,1.6707634925842285,0.3669813871383667
1,69,0.1586519181728363,0.15438999235630035,0.004238900262862444,0.23018354177474976,0.1736944317817688
1,70,0.4341164231300354,0.42612916231155396,0.007944539189338684,0.42744341492652893,0.07969244569540024
1,71,0.5036551356315613,0.4908514618873596,0.012737071141600609,0.665522038936615,0.11796684563159943
1,72,0.01825152151286602,0.018228672444820404,1.5151162187976297e-05,0.07697606086730957,0.0009945402853190899
1,73,0.7524048089981079,0.7356599569320679,0.01659412309527397,1.5075273513793945,0.2082967460155487
1,74,0.032386474311351776,0.03216513246297836,0.0002086164167849347,0.12724322080612183,0.0014547680038958788
1,75,0.7935425639152527,0.7729233503341675,0.020535489544272423,0.8374906182289124,0.187881737947464
1,76,0.03799868002533913,0.03769939765334129,0.00028431721148081124,0.14963406324386597,0.03525390475988388
1,77,1.2164674997329712,1.1802284717559814,0.03597186133265495,2.671495199203491,0.21049045026302338
1,78,0.347353458404541,0.3413846492767334,0.005944617558270693,0.24206531047821045,0.01535089872777462
1,79,0.43782663345336914,0.4222945272922516,0.015483632683753967,0.4846717119216919,0.054338760673999786
1,80,0.1580064743757248,0.15408098697662354,0.0039017670787870884,0.23721273243427277,0.13397285342216492
1,81,0.2693334221839905,0.262636661529541,0.006674794014543295,0.21975091099739075,0.011830423027276993
1,82,1.2132964134216309,1.1974101066589355,0.015771977603435516,1.1433327198028564,0.09042999148368835
1,83,0.14155131578445435,0.13783258199691772,0.003698117332533002,0.20621854066848755,0.12132157385349274
1,84,1.1808041334152222,1.1456410884857178,0.03494665026664734,2.163516044616699,0.31500333547592163
1,85,0.8210002779960632,0.8039583563804626,0.0168833639472723,1.5853383541107178,0.25967177748680115
1,86,0.8027185797691345,0.7799500823020935,0.02267080545425415,0.977014422416687,0.25929176807403564
1,87,1.3938432931900024,1.3592795133590698,0.03419414162635803,3.697244167327881,0.2998254895210266
1,88,1.2366125583648682,1.2113699913024902,0.025030791759490967,2.117370843887329,0.6417003870010376
1,89,0.7436155080795288,0.7133709192276001,0.030109066516160965,1.3552602529525757,0.4067096710205078
1,90,0.9848421812057495,0.9465299844741821,0.03814448416233063,1.6775652170181274,0.14693303406238556
1,91,0.2513289451599121,0.24523845314979553,0.006069706752896309,0.20771442353725433,0.01400267519056797
1,92,1.1001025438308716,1.0635170936584473,0.03628171235322952,3.037466526031494,0.08305346220731735
1,93,1.3384294509887695,1.3216016292572021,0.016690783202648163,1.371272087097168,0.046168409287929535
1,94,1.1981902122497559,1.1628491878509521,0.035100191831588745,2.4083638191223145,0.09230588376522064
1,95,0.01777101308107376,0.017631109803915024,0.00012549187522381544,0.14411672949790955,0.001798253390006721
1,96,0.23929564654827118,0.2321372926235199,0.007125812582671642,0.32549166679382324,0.028196806088089943
1,97,0.16985665261745453,0.16558334231376648,0.00423324154689908,0.4006994664669037,0.14107201993465424
1,98,0.48063480854034424,0.46897459030151367,0.011618522927165031,0.41689079999923706,0.05234707146883011
1,99,0.06608161330223083,0.06519877910614014,0.0008540889248251915,0.2874425947666168,0.015579404309391975
1,100,0.06391295790672302,0.06299513578414917,0.0008889076416380703,0.2891247570514679,0.01635684072971344
2,1,0.03162543103098869,0.03140956908464432,0.00019739684648811817,0.18466389179229736,0.0025625217240303755
2,2,0.3895479142665863,0.3805028200149536,0.008982894942164421,0.6219815015792847,0.045891061425209045
2,3,0.46083277463912964,0.45203763246536255,0.008737247437238693,0.5789254903793335,0.041510146111249924
2,4,0.4628908932209015,0.4531877040863037,0.009637013077735901,0.6619889140129089,0.03599908947944641
2,5,0.3547045886516571,0.3466207981109619,0.008037015795707703,0.4677378237247467,0.02329764887690544
2,6,0.6521715521812439,0.6339863538742065,0.018027832731604576,1.573796272277832,0.19391298294067383
2,7,0.4490484297275543,0.4358285069465637,0.013122661039233208,0.9726740121841431,0.02549189142882824
2,8,0.07993589341640472,0.07963453233242035,0.0002828930737450719,0.18468359112739563,0.003834883216768503
2,9,1.0412304401397705,1.0221731662750244,0.018899068236351013,1.5823196172714233,0.2182578444480896
2,10,0.9788446426391602,0.9601577520370483,0.018505612388253212,1.8125725984573364,0.2545493543148041
2,11,0.04782736673951149,0.04767594486474991,0.00013448380923364311,0.16938148438930511,0.002184283221140504
2,12,0.42014238238334656,0.40902048349380493,0.011073990724980831,0.4793636202812195,0.04002339392900467
2,13,0.5666607022285461,0.540856659412384,0.025641106069087982,1.629310965538025,0.20740938186645508
2,14,0.2108948528766632,0.20544855296611786,0.00542414840310812,0.22161759436130524,0.02161743864417076
2,15,0.598991334438324,0.5866724252700806,0.012274099513888359,0.448275089263916,0.13298220932483673
2,16,0.9763913750648499,0.9563700556755066,0.019862733781337738,1.5857911109924316,0.4112333655357361
2,17,1.3584669828414917,1.3185337781906128,0.0394553616642952,4.778419494628906,0.345124751329422
2,18,0.22318997979164124,0.21654008328914642,0.006618007551878691,0.3188838064670563,0.035605538636446
2,19,0.07531755417585373,0.07436566054821014,0.0009147678501904011,0.3712399899959564,0.028904538601636887
2,20,0.38803401589393616,0.3789059519767761,0.009073100052773952,0.5495069026947021,0.07199861109256744
2,21,0.13399599492549896,0.1322273313999176,0.0017636906122788787,0.04970966652035713,0.022285837680101395
2,22,0.9428789615631104,0.9088050127029419,0.033908117562532425,1.6579959392547607,0.2629033923149109
2,23,0.9363530874252319,0.9039220809936523,0.03213992714881897,2.911299467086792,1.1624410152435303
2,24,0.5168749690055847,0.4921172857284546,0.02459883876144886,1.5883957147598267,0.06268437951803207
2,25,0.2459343671798706,0.2390308976173401,0.006876080296933651,0.27383172512054443,0.023293737322092056
2,26,1.2846606969833374,1.2467904090881348,0.037279196083545685,5.910183429718018,0.13242751359939575
2,27,0.4300518035888672,0.39708471298217773,0.03280394896864891,1.631332278251648,0.03965577483177185
2,28,0.02946140430867672,0.029331892728805542,0.00011086315498687327,0.18649713695049286,0.0027695163153111935
2,29,0.38005489110946655,0.37133973836898804,0.008645288646221161,0.6986856460571289,0.041280731558799744
2,30,1.2171814441680908,1.1791036128997803,0.03757522255182266,5.025562763214111,0.14252740144729614
2,31,0.4287841022014618,0.40755537152290344,0.021104294806718826,1.2442901134490967,0.11360009014606476
2,32,0.3716267943382263,0.3583342432975769,0.013253985904157162,0.3855323791503906,0.048307355493307114
2,33,0.022534718737006187,0.02232184261083603,0.0001892620202852413,0.23614081740379333,0.003332451917231083
2,34,1.0864237546920776,1.0496779680252075,0.036451008170843124,2.9485392570495605,0.19540083408355713
2,35,0.5090705156326294,0.48617905378341675,0.02273394726216793,1.5752216577529907,0.10485228896141052
2,36,0.9978129267692566,0.953587532043457,0.04401241987943649,2.129936456680298,0.15504303574562073
2,37,1.1776180267333984,1.1395189762115479,0.03775195777416229,3.470989942550659,0.18949681520462036
2,38,0.4789726138114929,0.4582299292087555,0.020612111315131187,1.3057664632797241,0.08811105787754059
2,39,0.04996312037110329,0.04905331879854202,0.0008779430063441396,0.31860217452049255,0.02130012959241867
2,40,0.462105929851532,0.4417569041252136,0.020217906683683395,1.3113898038864136,0.06570276618003845
2,41,0.021317170932888985,0.021122999489307404,0.0001728951756376773,0.212778240442276,0.0033956989645957947
2,42,1.2935590744018555,1.2567135095596313,0.03652627393603325,3.1919097900390625,0.12003930658102036
2,43,0.24914179742336273,0.2426377236843109,0.006472461391240358,0.31601831316947937,0.03148315101861954
2,44,0.1409803330898285,0.13737992942333221,0.0035816491581499577,0.1876518875360489,0.1112031415104866
2,45,0.22534498572349548,0.21964040398597717,0.0056792995892465115,0.2529105842113495,0.022234419360756874
2,46,0.9383625388145447,0.9160463809967041,0.022103922441601753,2.1222243309020996,0.28883910179138184
2,47,0.2483009546995163,0.24182561039924622,0.006444691680371761,0.3064606487751007,0.031851690262556076
2,48,0.4565652310848236,0.44416505098342896,0.012300301343202591,0.9987896084785461,0.06786701083183289
2,49,0.9089365005493164,0.8922165632247925,0.01658087596297264,1.3905597925186157,0.18877840042114258
2,50,0.15991060435771942,0.15575791895389557,0.004130996763706207,0.2168603539466858,0.14860165119171143
2,51,0.02296605333685875,0.022783758118748665,0.00016068812692537904,0.21606619656085968,0.0025492776185274124
2,52,0.4837571978569031,0.4632740616798401,0.020374763756990433,1.0834670066833496,0.13126535713672638
2,53,1.0780664682388306,1.0602390766143799,0.017641212791204453,1.8623173236846924,0.28770869970321655
2,54,0.029896775260567665,0.02959209308028221,0.0002804974792525172,0.24185337126255035,0.004053537733852863
2,55,0.1705055683851242,0.1669565737247467,0.003522159531712532,0.26830607652664185,0.20671221613883972
2,56,0.6857439279556274,0.6685013771057129,0.01705513335764408,1.8738900423049927,0.341449499130249
2,57,0.2613343596458435,0.25955650210380554,0.0017665784107521176,0.11256559938192368,0.020606629550457
2,58,0.962546706199646,0.9255408048629761,0.03670541197061539,3.004629135131836,0.21850645542144775
2,59,0.45978811383247375,0.45152735710144043,0.008210355415940285,0.5040083527565002,0.054129812866449356
2,60,0.47537553310394287,0.46689167618751526,0.008428101427853107,0.5575981140136719,0.051111266016960144
2,61,0.48206964135169983,0.47433921694755554,0.007676736451685429,0.5367764830589294,0.0465795174241066
2,62,1.0851995944976807,1.0687693357467651,0.016250131651759148,1.8014185428619385,0.1894395798444748
2,63,1.0754338502883911,1.040555477142334,0.03447906672954559,3.9940764904022217,0.13945917785167694
2,64,0.04674401134252548,0.04644531384110451,0.00027570000384002924,0.22994521260261536,0.004711178131401539
2,65,0.9026049375534058,0.8848315477371216,0.017609920352697372,1.6350173950195312,0.23628820478916168
2,66,0.21228070557117462,0.20957732200622559,0.0026915825437754393,0.1180756464600563,0.0030606421642005444
2,67,0.14846304059028625,0.1449170559644699,0.003526047570630908,0.19935442507266998,0.11526544392108917
2,68,0.4000091552734375,0.3879903256893158,0.01197724137455225,0.4158439040184021,0.05231669917702675
2,69,0.021924911066889763,0.021720945835113525,0.00017800740897655487,0.25956931710243225,0.0030387449078261852
2,70,0.017009131610393524,0.01685621403157711,0.00012879728456027806,0.24119263887405396,0.0030835529323667288
2,71,0.025752373039722443,0.025468051433563232,0.0002662096521817148,0.1811245232820511,0.08653588593006134
2,72,1.0530933141708374,1.010496735572815,0.04242449253797531,1.7217519283294678,0.386374831199646
2,73,0.7546237111091614,0.7346111536026001,0.019768211990594864,2.4432573318481445,0.5431634187698364
2,74,0.15557041764259338,0.1515696495771408,0.00398066034540534,0.20094379782676697,0.13116230070590973
2,75,0.06307319551706314,0.06224023550748825,0.0007976447232067585,0.35317835211753845,0.02503654733300209
2,76,0.5209178924560547,0.5112611651420593,0.009577722288668156,0.7897111773490906,0.047023333609104156
2,77,0.9455583691596985,0.9114538431167603,0.03395649790763855,1.4800078868865967,0.07429304718971252
2,78,0.7385894656181335,0.7223413586616516,0.016037732362747192,2.1032774448394775,0.14890526235103607
2,79,1.3649665117263794,1.334937334060669,0.029742639511823654,2.8662145137786865,0.07514806091785431
2,80,0.42663347721099854,0.415149986743927,0.011404942721128464,0.7855039238929749,0.017256900668144226
2,81,0.17566515505313873,0.17235878109931946,0.0032804044894874096,0.2597973644733429,0.0739508718252182
2,82,0.9455122351646423,0.9217339754104614,0.02353992499411106,2.383495569229126,0.5765511989593506
2,83,0.9596158862113953,0.924088180065155,0.03536809980869293,1.596048355102539,0.10705272853374481
2,84,0.4529447555541992,0.4454813301563263,0.007410760037600994,0.5265834331512451,0.02994791977107525
2,85,0.16450747847557068,0.1611292064189911,0.0033610910177230835,0.17178454995155334,0.064976766705513
2,86,0.9900848269462585,0.9726203680038452,0.01727312058210373,1.9135924577713013,0.26249808073043823
2,87,0.0370880551636219,0.03689193353056908,0.00018120271852239966,0.14920884370803833,0.03062599152326584
2,88,0.9034044742584229,0.8790696263313293,0.024200432002544403,1.344124674797058,0.24565726518630981
2,89,1.1433100700378418,1.1128523349761963,0.030037283897399902,4.2050700187683105,0.3196384310722351
2,90,0.3346741199493408,0.3269807696342468,0.007644380908459425,0.4896862208843231,0.05942036211490631
2,91,0.4148123562335968,0.4051748812198639,0.00959343183785677,0.4404953122138977,0.05254115164279938
2,92,0.21090249717235565,0.20503368973731995,0.00584184005856514,0.2696869969367981,0.030985236167907715
2,93,0.2586400806903839,0.2521117329597473,0.006496038753539324,0.32320353388786316,0.04360869526863098
2,94,0.4230354428291321,0.41095486283302307,0.011986181139945984,0.9441591501235962,0.05454087257385254
2,95,0.029066935181617737,0.028792794793844223,0.0002505143638700247,0.23626011610031128,0.006340967491269112
2,96,1.2716461420059204,1.2388967275619507,0.03239520266652107,3.541238307952881,0.25826674699783325
2,97,0.024578124284744263,0.0243680402636528,0.00019513897132128477,0.14944979548454285,0.04073001444339752
2,98,1.215394139289856,1.1813671588897705,0.03369583562016487,3.311638593673706,0.1974983513355255
2,99,1.2027267217636108,1.1670033931732178,0.03518030792474747,5.429825782775879,0.159030944108963
2,100,0.9063432812690735,0.8886964321136475,0.017473489046096802,1.734073281288147,0.25273701548576355
3,1,0.1594592183828354,0.15605393052101135,0.0033759907819330692,0.2928849458694458,0.1311410367488861
3,2,1.1939862966537476,1.1604187488555908,0.03289341181516647,6.741336822509766,0.17675228416919708
3,3,0.9716414213180542,0.9458688497543335,0.02562582865357399,1.4674110412597656,0.18615417182445526
3,4,0.03324126452207565,0.032960377633571625,0.00025791273219510913,0.2297566682100296,0.007373850792646408
3,5,0.020546995103359222,0.020269101485610008,0.0002620487648528069,0.15844734013080597,0.04952115938067436
3,6,0.4151756167411804,0.40625935792922974,0.008874251507222652,0.4201066792011261,0.041776143014431
3,7,0.4336276650428772,0.42185118794441223,0.011674594134092331,1.018975019454956,0.06535039842128754
3,8,0.2230164259672165,0.21798375248908997,0.005010255612432957,0.22406280040740967,0.024763014167547226
3,9,0.7503364682197571,0.7294397354125977,0.02076580747961998,1.3094260692596436,0.17791014909744263
3,10,0.018766149878501892,0.018632281571626663,0.00011360140342731029,0.20267894864082336,0.003490414237603545
3,11,0.05562213063240051,0.0547628253698349,0.0008271468686871231,0.3215659558773041,0.03143499791622162
3,12,0.647581934928894,0.627519965171814,0.019829969853162766,2.3197765350341797,0.3234456777572632
3,13,0.9194406867027283,0.8918055295944214,0.0274704210460186,1.6473416090011597,0.18184496462345123
3,14,0.20295929908752441,0.19833749532699585,0.0046030390076339245,0.18762920796871185,0.017057770863175392
3,15,0.045557934790849686,0.044960275292396545,0.0005693830316886306,0.2827395498752594,0.02225485071539879
3,16,1.033919334411621,1.0034043788909912,0.03001662902534008,4.982945442199707,0.14584088325500488
3,17,0.34174540638923645,0.3350348174571991,0.006665901280939579,0.44681912660598755,0.028231583535671234
3,18,0.02278207056224346,0.022647490724921227,0.00011552062642294914,0.19058741629123688,0.0044609797187149525
3,19,0.023839274421334267,0.023658016696572304,0.00015980536409188062,0.21452970802783966,0.004507977515459061
3,20,0.04704780504107475,0.04626288264989853,0.000753530825022608,0.313940167427063,0.02654518559575081
3,21,0.44950106739997864,0.4398263990879059,0.00962540227919817,0.4927424192428589,0.04120594263076782
3,22,0.5159797668457031,0.49605831503868103,0.019792035222053528,1.2937746047973633,0.08268570899963379
3,23,0.8356682658195496,0.8167492747306824,0.01873011328279972,1.8885869979858398,0.2686809003353119
3,24,0.3992643356323242,0.3905959129333496,0.008631719276309013,0.3672821521759033,0.0429980494081974
3,25,0.9235761165618896,0.8958233594894409,0.02744319662451744,3.096163034439087,0.8928648233413696
3,26,0.021374184638261795,0.021241258829832077,0.00011047989391954616,0.22445829212665558,0.0030857257079333067
3,27,0.9475200176239014,0.92209792137146,0.025258097797632217,1.6396158933639526,0.14151129126548767
3,28,0.420240581035614,0.4129491150379181,0.007245149463415146,0.46298032999038696,0.04967184364795685
3,29,0.3886493146419525,0.36425745487213135,0.024260565638542175,1.312724232673645,0.0531422458589077
3,30,0.9741988182067871,0.9506952166557312,0.023336131125688553,1.6751431226730347,0.10479654371738434
3,31,1.0282824039459229,1.0108981132507324,0.017168693244457245,2.1566896438598633,0.20454128086566925
3,32,0.3126797378063202,0.3059975802898407,0.00664005009457469,0.42124244570732117,0.04815781116485596
3,33,0.144723579287529,0.14158278703689575,0.003126229392364621,0.14558492600917816,0.09643909335136414
3,34,0.8946412205696106,0.8787801265716553,0.015606731176376343,2.543452739715576,0.11721716821193695
3,35,0.4568130671977997,0.4490443468093872,0.007698780857026577,0.6994981169700623,0.06420372426509857
3,36,0.39759811758995056,0.389120876789093,0.008443010039627552,0.3424517810344696,0.05368606746196747
3,37,0.03846420347690582,0.03832694888114929,0.00011278608872089535,0.24467280507087708,0.0030699805356562138
3,38,0.6149834394454956,0.5980010628700256,0.016814565286040306,1.677590012550354,0.3621867597103119
3,39,0.42560869455337524,0.3997735381126404,0.025698797777295113,1.3634393215179443,0.10230091214179993
3,40,0.6499202847480774,0.6325984001159668,0.01712542399764061,1.9643845558166504,0.3100258409976959
3,41,1.0396209955215454,1.0113848447799683,0.02786617912352085,3.700697183609009,0.17877411842346191
3,42,0.9632892608642578,0.932608962059021,0.030302494764328003,3.7780301570892334,0.11487042158842087
3,43,0.6175157427787781,0.6084164381027222,0.009063810110092163,0.35481491684913635,0.04864963889122009
3,44,0.7350674271583557,0.7171337604522705,0.017845556139945984,0.8808144330978394,0.07942533493041992
3,45,0.083155058324337,0.08287379145622253,0.0002806794655043632,0.005904925987124443,0.006071177311241627
3,46,0.7206873297691345,0.7043765783309937,0.01621580868959427,0.9492643475532532,0.07886403053998947
3,47,0.3508060574531555,0.3446676433086395,0.006099870428442955,0.3853435516357422,0.023897666484117508
3,48,0.8881354331970215,0.8592224717140198,0.0287924874573946,1.204872965812683,0.06499945372343063
3,49,0.13143154978752136,0.12844648957252502,0.002969729248434305,0.15337736904621124,0.06911980360746384
3,50,0.479527086019516,0.4722551703453064,0.0072254156693816185,0.4650426506996155,0.04141932725906372
3,51,0.13399605453014374,0.13082820177078247,0.003152291290462017,0.15552867949008942,0.08150895684957504
3,52,0.24689841270446777,0.24125126004219055,0.0056236498057842255,0.23497438430786133,0.04032480716705322
3,53,0.38075801730155945,0.3595871329307556,0.021061355248093605,1.0952074527740479,0.03242860361933708
3,54,0.8503795266151428,0.8291782140731812,0.02107885666191578,1.2240357398986816,0.145216703414917
3,55,0.3421591818332672,0.335039347410202,0.007068137638270855,0.5170397758483887,0.03798651695251465
3,56,0.03665659576654434,0.03637690097093582,0.0002537175896577537,0.2597464323043823,0.005757352337241173
3,57,0.03239096701145172,0.032216690480709076,0.00015006060129962862,0.24212834239006042,0.0032835297752171755
3,58,0.36279717087745667,0.3556740880012512,0.0070602744817733765,0.6280773878097534,0.04582372307777405
3,59,0.019984396174550056,0.019884366542100906,8.67578637553379e-05,0.13272233307361603,0.05228535085916519
3,60,1.2112597227096558,1.1823348999023438,0.028619607910513878,3.051636219024658,0.16853731870651245
3,61,1.1499446630477905,1.1232867240905762,0.026394791901111603,2.6306774616241455,0.16246943175792694
3,62,1.094722032546997,1.0634920597076416,0.030694127082824707,5.358607769012451,0.16111066937446594
3,63,0.1450696885585785,0.14150874316692352,0.0035366485826671124,0.24299068748950958,0.15279769897460938
3,64,0.34350571036338806,0.3366760015487671,0.006787972059100866,0.41713568568229675,0.07003676146268845
3,65,0.023860624060034752,0.023673247545957565,0.00016153394244611263,0.2584196925163269,0.003717893734574318
3,66,0.02898935042321682,0.028700005263090134,0.0002624496119096875,0.2689564824104309,0.007394708693027496
3,67,0.020991677418351173,0.020802102982997894,0.00016499150660820305,0.24582423269748688,0.003738797502592206
3,68,0.018801730126142502,0.018593553453683853,0.00019500404596328735,0.13173432648181915,0.044816307723522186
3,69,0.6957484483718872,0.6804392337799072,0.015096794813871384,2.124014139175415,0.24696198105812073
3,70,1.0228179693222046,1.005953073501587,0.016664328053593636,2.00459885597229,0.24829229712486267
3,71,0.44076406955718994,0.4341408610343933,0.0065720053389668465,0.5119556784629822,0.046303052455186844
3,72,0.027908822521567345,0.02764567732810974,0.000237746920902282,0.2539847791194916,0.00741775706410408
3,73,1.327096700668335,1.2962861061096191,0.030076678842306137,7.3391642570495605,0.22874024510383606
3,74,0.39383554458618164,0.37216657400131226,0.021548906341195107,1.200587511062622,0.06673401594161987
3,75,0.14817431569099426,0.1448022872209549,0.0033563682809472084,0.15656350553035736,0.10903895646333694
3,76,0.015453016385436058,0.015278192237019539,0.00016201614926103503,0.12807877361774445,0.06074603646993637
3,77,0.015352722257375717,0.015173105522990227,0.0001668672339292243,0.12749503552913666,0.061369068920612335
3,78,0.3327827453613281,0.3259039521217346,0.006832839921116829,0.4595768451690674,0.04994868487119675
3,79,0.9380735754966736,0.9117246866226196,0.026198377832770348,1.5047874450683594,0.2800699472427368
3,80,0.917324423789978,0.8829420804977417,0.03423772007226944,1.4457446336746216,0.17037317156791687
3,81,0.44408565759658813,0.4328373968601227,0.011123143136501312,1.251033067703247,0.041271671652793884
3,82,0.024217022582888603,0.02399228885769844,0.0002122161677107215,0.1251627802848816,0.039591193199157715
3,83,0.05121801793575287,0.0505424439907074,0.0006454229587689042,0.30151230096817017,0.027822040021419525
3,84,0.632709801197052,0.6159368753433228,0.016561727970838547,2.1115562915802,0.20458462834358215
3,85,0.8943177461624146,0.8641414642333984,0.030034512281417847,1.417492151260376,0.0565120093524456
3,86,0.4461635649204254,0.4396705627441406,0.006443623453378677,0.4938921332359314,0.027115944772958755
3,87,0.04813117906451225,0.0474095419049263,0.000690748798660934,0.30891725420951843,0.028992878273129463
3,88,0.021989552304148674,0.021858880296349525,0.00010891472629737109,0.21757860481739044,0.005508811213076115
3,89,0.08941373974084854,0.08789313584566116,0.0015124519122764468,0.08147981017827988,0.031789958477020264
3,90,1.0376660823822021,1.0051851272583008,0.031813640147447586,6.672890663146973,0.10927727818489075
3,91,0.41401398181915283,0.4035210609436035,0.010392802767455578,1.0011394023895264,0.04833822697401047
3,92,0.35311970114707947,0.34620311856269836,0.006864347495138645,0.5223411917686462,0.06231802701950073
3,93,0.9205015301704407,0.8947845697402954,0.0253889262676239,3.2798635959625244,0.8093268871307373
3,94,0.43095335364341736,0.4205465018749237,0.010312113910913467,0.9473555088043213,0.0700523778796196
3,95,0.8371457457542419,0.8103653192520142,0.02643565833568573,3.4474220275878906,0.6566054821014404
3,96,0.23246623575687408,0.22715243697166443,0.005289287306368351,0.24511539936065674,0.06044205278158188
3,97,0.026965435594320297,0.026779133826494217,0.00015870080096647143,0.27601543068885803,0.0039690760895609856
3,98,0.020316071808338165,0.02018268033862114,0.00010846093209693208,0.24929241836071014,0.0036927966866642237
3,99,0.4187232255935669,0.4110032916069031,0.007683990057557821,0.3593434989452362,0.03549394756555557
3,100,1.262258529663086,1.2337663173675537,0.028059756383299828,4.325415134429932,0.05463898926973343
4,1,1.0393866300582886,1.0155985355377197,0.023449530825018883,3.386119842529297,0.29082706570625305
4,2,0.9290509223937988,0.9071321487426758,0.021762743592262268,1.5602033138275146,0.11217209696769714
4,3,1.2395484447479248,1.2042884826660156,0.03482012078166008,4.398334503173828,0.1655687689781189
4,4,0.023555444553494453,0.023435372859239578,9.446719195693731e-05,0.2560332417488098,0.003289144719019532
4,5,0.42342570424079895,0.41523492336273193,0.008153991773724556,0.36770376563072205,0.06900688260793686
4,6,0.02595890499651432,0.02575877122581005,0.00018672722217161208,0.13407154381275177,0.09474603831768036
4,7,0.45701250433921814,0.44716620445251465,0.009784072637557983,0.6223345398902893,0.248139888048172
4,8,0.21016018092632294,0.20516657829284668,0.004971281159669161,0.22328302264213562,0.03507254272699356
4,9,0.2457541674375534,0.24061326682567596,0.005118743982166052,0.2215930074453354,0.06043440103530884
4,10,1.1106821298599243,1.0777571201324463,0.03240078315138817,5.24250602722168,0.3941786587238312
4,11,0.022280242294073105,0.02201860398054123,0.0002611636882647872,0.004753552842885256,0.003938682842999697
4,12,0.044658150523900986,0.044393058866262436,0.00024033406225498766,0.24758730828762054,0.007938366383314133
4,13,0.1366191953420639,0.13335424661636353,0.003240047488361597,0.2490721195936203,0.08285070955753326
4,14,0.370293527841568,0.35228121280670166,0.0179120022803545,1.0032703876495361,0.028858289122581482
4,15,0.38919350504875183,0.38164258003234863,0.007523366715759039,0.2755226790904999,0.011435872875154018
4,16,0.40486833453178406,0.3973008394241333,0.007541835308074951,0.2565067410469055,0.01106618344783783
4,17,0.15749862790107727,0.15464118123054504,0.00282559497281909,0.31865641474723816,0.05547306686639786
4,18,0.044030845165252686,0.043869875371456146,0.00014947980525903404,0.1148894727230072,0.024874545633792877
4,19,0.062482595443725586,0.06192442774772644,0.0005302308709360659,0.27934250235557556,0.020753202959895134
4,20,0.4485248327255249,0.4421502649784088,0.006341624539345503,0.3293185234069824,0.01868847757577896
4,21,0.12544120848178864,0.1231762021780014,0.002253635786473751,0.11367970705032349,0.05323447287082672
4,22,0.3734758198261261,0.3662395775318146,0.007210752461105585,0.25473251938819885,0.018162205815315247
4,23,0.40610361099243164,0.399760901927948,0.006314222700893879,0.2850271165370941,0.027705684304237366
4,24,0.3637874126434326,0.34762707352638245,0.016073890030384064,0.8644673228263855,0.028661713004112244
4,25,0.44167113304138184,0.42839622497558594,0.013191456906497478,0.8343712687492371,0.06688831746578217
4,26,0.8269106149673462,0.8128155469894409,0.01394539326429367,1.496630311012268,0.2484787106513977
4,27,0.061205025762319565,0.06091715395450592,0.00026027997955679893,0.27593064308166504,0.005843417719006538
4,28,0.06569039076566696,0.0654349997639656,0.00022765487665310502,0.27738600969314575,0.005577864125370979
4,29,0.04971953108906746,0.04958965629339218,0.00010497565381228924,0.24901516735553741,0.003229387104511261
4,30,0.041621431708335876,0.04147285968065262,0.00012280343798920512,0.2576805353164673,0.003441731445491314
4,31,0.45727261900901794,0.4494706690311432,0.007769595365971327,0.32355472445487976,0.06180838495492935
4,32,0.37186625599861145,0.3642936944961548,0.007549529895186424,0.23034268617630005,0.03672652691602707
4,33,0.22296814620494843,0.21954983472824097,0.0033985995687544346,0.1971442848443985,0.02179728075861931
4,34,0.9937288761138916,0.9680978059768677,0.02521960623562336,4.114792823791504,0.1287250518798828
4,35,0.13095268607139587,0.12838059663772583,0.002553792903199792,0.18305563926696777,0.08460738509893417
4,36,0.3872535228729248,0.38009998202323914,0.007127869874238968,0.25656673312187195,0.022261057049036026
4,37,0.488549143075943,0.4747147262096405,0.013686790131032467,1.4763368368148804,0.049411676824092865
4,38,0.14190296828746796,0.13939079642295837,0.002494099549949169,0.18078508973121643,0.07231314480304718
4,39,0.4846539795398712,0.4724583029747009,0.012107525020837784,0.8815898895263672,0.055373333394527435
4,40,0.44924163818359375,0.4418312609195709,0.007352713495492935,0.5766483545303345,0.031100435182452202
4,41,0.13805682957172394,0.13561105728149414,0.0024334476329386234,0.1232365146279335,0.06689918786287308
4,42,0.9050030708312988,0.8834925889968872,0.021389007568359375,1.2145938873291016,0.10448983311653137
4,43,0.3723866939544678,0.3565586507320404,0.015726327896118164,1.0172126293182373,0.04724526405334473
4,44,0.03960776701569557,0.03945790231227875,0.00012797977251466364,0.2188616394996643,0.004890500567853451
4,45,0.19368097186088562,0.19093315303325653,0.002735965885221958,0.11841695755720139,0.009611492976546288
4,46,0.13721691071987152,0.13450753688812256,0.0026967159938067198,0.12655599415302277,0.07795117795467377
4,47,1.1139206886291504,1.088144302368164,0.025491733103990555,2.8464603424072266,0.20394384860992432
4,48,1.157637119293213,1.132262945175171,0.025089304894208908,2.8495564460754395,0.19747906923294067
4,49,0.7423036694526672,0.7290135622024536,0.013214603997766972,0.7549203038215637,0.113385871052742
4,50,0.026129575446248055,0.025985049083828926,0.00012271974992472678,0.2180691659450531,0.004231413826346397
4,51,0.4375777244567871,0.42949533462524414,0.00800665095448494,0.757318377494812,0.03883315250277519
4,52,0.37485864758491516,0.3606667220592499,0.014111354947090149,0.8055479526519775,0.04185992479324341
4,53,0.49863216280937195,0.4924424886703491,0.006133133079856634,0.5654250383377075,0.035415761172771454
4,54,0.6557478904724121,0.6427708864212036,0.012824298813939095,1.5272902250289917,0.2229515165090561
4,55,0.023262999951839447,0.023108670487999916,0.00013092459994368255,0.2340364307165146,0.005780001636594534
4,56,1.0807448625564575,1.0540266036987305,0.02620568871498108,5.125640869140625,0.12949979305267334
4,57,0.8687074184417725,0.847868800163269,0.020573275163769722,2.6535301208496094,0.5217845439910889
4,58,0.4474281072616577,0.43894779682159424,0.008371484465897083,1.0882519483566284,0.05675353854894638
4,59,0.8118851780891418,0.7967536449432373,0.015056328848004341,0.751966118812561,0.13291028141975403
4,60,0.05085907503962517,0.050260063260793686,0.0005686027579940856,0.30410122871398926,0.021275769919157028
4,61,0.6799604296684265,0.6675331592559814,0.012237770482897758,1.8945753574371338,0.21731552481651306
4,62,0.9522432088851929,0.9319764375686646,0.019974786788225174,2.920010805130005,0.3808399438858032
4,63,0.23093052208423615,0.22697629034519196,0.003937153145670891,0.17077918350696564,0.03392300382256508
4,64,0.5004767775535583,0.4935113191604614,0.006879648193717003,0.8584791421890259,0.05237355828285217
4,65,0.0276239775121212,0.02740022912621498,0.00019787874771282077,0.2586961090564728,0.006095843389630318
4,66,0.023493895307183266,0.023338807746767998,0.00012963861809112132,0.25449907779693604,0.003587251529097557
4,67,0.020023485645651817,0.01983650028705597,0.0001758342987159267,0.11152330785989761,0.07218533754348755
4,68,0.023068496957421303,0.022904684767127037,0.00013830396346747875,0.2550821602344513,0.003157544881105423
4,69,0.39416277408599854,0.38588789105415344,0.008245437406003475,0.29452645778656006,0.031586095690727234
4,70,0.015082046389579773,0.014919737353920937,0.00015088709187693894,0.1142154261469841,0.06682007759809494
4,71,0.20234037935733795,0.19893884658813477,0.0033845664002001286,0.16965478658676147,0.01685216650366783
4,72,0.23939862847328186,0.23502686619758606,0.004348175600171089,0.2358727902173996,0.03651498258113861
4,73,0.024355804547667503,0.024043142795562744,0.0003118090971838683,0.008534764871001244,0.00506642134860158
4,74,0.03392723947763443,0.033653438091278076,0.00024673345615155995,0.27067720890045166,0.007585406303405762
4,75,0.03448142856359482,0.03405832126736641,0.0003943512565456331,0.2875686287879944,0.013538774102926254
4,76,0.02189348079264164,0.021767234429717064,0.00010227119491901249,0.23976512253284454,0.00399560434743762
4,77,0.025987498462200165,0.025809019804000854,0.00015191193961072713,0.26566749811172485,0.0042603593319654465
4,78,0.014361707493662834,0.01418895460665226,0.00016062853683251888,0.1212385892868042,0.06244836002588272
4,79,0.9060803055763245,0.885704755783081,0.02023617923259735,1.3935365676879883,0.13582062721252441
4,80,0.02693655528128147,0.0266803540289402,0.0002285872760694474,0.2761300802230835,0.0070003122091293335
4,81,0.8965045809745789,0.8743448853492737,0.021856438368558884,3.03263258934021,0.494695782661438
4,82,1.1662877798080444,1.1344358921051025,0.03141607716679573,4.358608722686768,0.16416674852371216
4,83,0.4648466408252716,0.4580583870410919,0.006712315604090691,0.7592293620109558,0.04603715240955353
4,84,0.14202503859996796,0.13888663053512573,0.0031165822874754667,0.21827596426010132,0.11030741035938263
4,85,0.43819868564605713,0.42362168431282043,0.014479139819741249,0.9786023497581482,0.08278744667768478
4,86,0.33612412214279175,0.33045774698257446,0.005617897491902113,0.48491185903549194,0.03768379986286163
4,87,0.9644426107406616,0.9414587616920471,0.022596506401896477,3.8736681938171387,0.12412673234939575
4,88,0.2551320195198059,0.2508484125137329,0.004262616857886314,0.20983608067035675,0.04050842672586441
4,89,0.012526177801191807,0.012495025992393494,9.998540008382406e-06,0.2115292102098465,0.002049696631729603
4,90,0.36709922552108765,0.3595261871814728,0.007544395979493856,0.2864232361316681,0.028177674859762192
4,91,0.015533012337982655,0.015308446250855923,0.00021182670025154948,0.12739171087741852,0.0643080621957779
4,92,0.04914255440235138,0.04846648871898651,0.0006405159365385771,0.35550960898399353,0.02192777395248413
4,93,0.04906657338142395,0.048398084938526154,0.0006328582530841231,0.3562776446342468,0.025093432515859604
4,94,0.015436739660799503,0.015318283811211586,9.336961375083774e-05,0.25086233019828796,0.00334000401198864
4,95,0.3838425576686859,0.3758467435836792,0.007965805009007454,0.3000076711177826,0.028328843414783478
4,96,0.4611104726791382,0.4486076831817627,0.012420497834682465,0.8229625821113586,0.049274615943431854
4,97,1.0557254552841187,1.0344563722610474,0.020941240713000298,3.2781739234924316,0.11815597862005234
4,98,0.02764248102903366,0.02741842344403267,0.0001969702134374529,0.2708597481250763,0.006435344461351633
4,99,0.019329961389303207,0.019068017601966858,0.0002490392653271556,0.12905189394950867,0.04565703123807907
4,100,0.2407681941986084,0.2368813455104828,0.003866639221087098,0.20212320983409882,0.03929716721177101
5,1,0.14908632636070251,0.14556489884853363,0.003496744204312563,0.246696338057518,0.12737879157066345
5,2,0.019567003473639488,0.019445106387138367,9.744202543515712e-05,0.24454893171787262,0.003421555506065488
5,3,0.35784685611724854,0.3501317799091339,0.007686655968427658,0.28424668312072754,0.040691107511520386
5,4,0.3858484923839569,0.3690299391746521,0.0167195163667202,0.9903521537780762,0.05772341415286064
5,5,0.4276648461818695,0.4192160665988922,0.008344678208231926,1.040909767150879,0.06453283131122589
5,6,0.015842309221625328,0.0157199427485466,9.81334233074449e-05,0.24233469367027283,0.0036497365217655897
5,7,0.38246116042137146,0.367530882358551,0.014832631684839725,0.9763821363449097,0.04621724784374237
5,8,1.011871576309204,0.9899812340736389,0.021555040031671524,3.3529725074768066,0.19558042287826538
5,9,0.4766586422920227,0.46346643567085266,0.013101383112370968,0.9082540273666382,0.08512717485427856
5,10,0.9306405186653137,0.9087425470352173,0.021780377253890038,1.1762375831604004,0.08865536749362946
5,11,0.03079022839665413,0.030630704015493393,0.00013480210327543318,0.2472318410873413,0.004119648598134518
5,12,0.21881136298179626,0.2156209647655487,0.003175094025209546,0.1530037373304367,0.015550350770354271
5,13,0.12308703362941742,0.12034836411476135,0.0027125827036798,0.2608715295791626,0.09362684190273285
5,14,1.226731538772583,1.2022504806518555,0.023972943425178528,5.080840587615967,0.11345755308866501
5,15,0.028227638453245163,0.02810552343726158,0.00010099237988470122,0.21122236549854279,0.003772909054532647
5,16,0.9068742990493774,0.8884711265563965,0.018140751868486404,2.6241703033447266,0.49571889638900757
5,17,0.12775537371635437,0.125169038772583,0.002570045180618763,0.16288088262081146,0.07837167382240295
5,18,0.39078032970428467,0.3842947483062744,0.006460081785917282,0.25504153966903687,0.01592683233320713
5,19,0.42580828070640564,0.41800886392593384,0.007720430381596088,0.7898476123809814,0.038174353539943695
5,20,0.021049441769719124,0.020940106362104416,8.65512338350527e-05,0.22783856093883514,0.0030939115677028894
5,21,0.7117021679878235,0.6979565620422363,0.013671177439391613,0.7442156076431274,0.14300289750099182
5,22,0.5031014084815979,0.48846250772476196,0.014529472216963768,1.0943186283111572,0.12965546548366547
5,23,0.05148499459028244,0.05086943879723549,0.0005838672514073551,0.31686317920684814,0.024117331951856613
5,24,0.8628233075141907,0.8461217880249023,0.016493553295731544,2.0794708728790283,0.3539412021636963
5,25,0.7281211614608765,0.7142623662948608,0.013778279535472393,0.8051505088806152,0.1259777992963791
5,26,0.3767821788787842,0.37545233964920044,0.0013230085605755448,0.0682065486907959,0.015121347270905972
5,27,0.13676458597183228,0.13380199670791626,0.00293730734847486,0.2528451979160309,0.1155833899974823
5,28,1.127927303314209,1.1001626253128052,0.027163151651620865,6.014970779418945,0.20871371030807495
5,29,0.8829540014266968,0.8622063398361206,0.0204501673579216,2.974740982055664,0.1825263798236847
5,30,0.5014955401420593,0.4945516288280487,0.0068517825566232204,0.9213448166847229,0.05021470785140991
5,31,0.0199142899364233,0.019740626215934753,0.000161431948072277,0.12231601029634476,0.08277547359466553
5,32,0.24456343054771423,0.24329876899719238,0.0012546482030302286,0.10015864670276642,0.01806112378835678
5,33,0.9747478365898132,0.9556079506874084,0.018836088478565216,3.038194417953491,0.2594756782054901
5,34,0.4359370172023773,0.42623305320739746,0.009584196843206882,1.1979032754898071,0.05350198596715927
5,35,0.02588941529393196,0.025713736191391945,0.00014788340195082128,0.27797073125839233,0.004277368541806936
5,36,0.03192182257771492,0.031662747263908386,0.00023019395302981138,0.288827121257782,0.008713413029909134
5,37,0.3877451419830322,0.379249632358551,0.008463192731142044,0.32308563590049744,0.031603001058101654
5,38,0.6642840504646301,0.647599458694458,0.01646530255675316,2.1925840377807617,0.32228583097457886
5,39,1.0238218307495117,0.9969488382339478,0.026459576562047005,4.134661674499512,0.7872614860534668
5,40,0.863863468170166,0.8410640358924866,0.022707585245370865,0.9187963008880615,0.06682164967060089
5,41,0.7552496790885925,0.7404420375823975,0.014704831875860691,1.028023600578308,0.05814219266176224
5,42,0.02872799150645733,0.028569946065545082,0.0001330873346887529,0.24957473576068878,0.005744036287069321
5,43,0.46915125846862793,0.45993679761886597,0.009070150554180145,1.4430447816848755,0.01665613241493702
5,44,0.41011664271354675,0.4038013815879822,0.006269465200603008,0.4580082297325134,0.014625207521021366
5,45,1.0341869592666626,1.014507532119751,0.019353995099663734,3.254481077194214,0.204965740442276
5,46,0.9133322238922119,0.8975768089294434,0.01564675197005272,1.086426019668579,0.04595687612891197
5,47,0.04340321943163872,0.042767707258462906,0.0006011704099364579,0.34345221519470215,0.020190320909023285
5,48,0.42492279410362244,0.41133177280426025,0.013505450449883938,0.8556771874427795,0.044372230768203735
5,49,0.02295002155005932,0.022817309945821762,0.00010377135185990483,0.28940433263778687,0.0029966309666633606
5,50,0.35006871819496155,0.34446993470191956,0.005555529147386551,0.4324803650379181,0.08468975126743317
5,51,1.0764955282211304,1.0476620197296143,0.028258219361305237,5.7531328201293945,0.24877703189849854
5,52,0.9312163591384888,0.908144474029541,0.02275313436985016,3.187441110610962,0.8403706550598145
5,53,0.9185802340507507,0.8995673656463623,0.018883325159549713,1.2951337099075317,0.24377748370170593
5,54,0.04975538328289986,0.04909607023000717,0.0006222154479473829,0.37097063660621643,0.018958546221256256
5,55,0.21077889204025269,0.20703324675559998,0.00372713478282094,0.18509921431541443,0.03523813933134079
5,56,0.7289643287658691,0.7159656286239624,0.01291644386947155,0.8227304816246033,0.10389203578233719
5,57,0.35176098346710205,0.34618425369262695,0.005522104911506176,0.5462455153465271,0.04373400658369064
5,58,0.40883350372314453,0.401656836271286,0.007101609371602535,0.7508518099784851,0.04287470877170563
5,59,0.567069947719574,0.5619056224822998,0.005082352086901665,0.819851815700531,0.02966233529150486
5,60,0.45401301980018616,0.4428413212299347,0.01110588014125824,0.6584619283676147,0.022228725254535675
5,61,0.9341483116149902,0.9195369482040405,0.014508158899843693,1.031846523284912,0.08096657693386078
5,62,0.03920314460992813,0.03892149031162262,0.00025247904704883695,0.2917807102203369,0.006327347829937935
5,63,0.6145985722541809,0.6022718548774719,0.012160862796008587,1.6589806079864502,0.23642116785049438
5,64,0.4957933723926544,0.4887453317642212,0.00696804141625762,0.7998495101928711,0.07880242168903351
5,65,0.2126481980085373,0.2087494134902954,0.0038818358443677425,0.16947391629219055,0.03741210699081421
5,66,0.047103602439165115,0.04633137583732605,0.0007386207580566406,0.33605095744132996,0.020178265869617462
5,67,0.8161249160766602,0.8019778728485107,0.013968875631690025,1.7817052602767944,0.28728896379470825
5,68,0.2112802267074585,0.20836764574050903,0.002898672129958868,0.13895493745803833,0.01905842497944832
5,69,0.42333945631980896,0.41528844833374023,0.00802511814981699,0.25897839665412903,0.05490367114543915
5,70,0.03508172556757927,0.034937817603349686,0.00011972350330324844,0.24185889959335327,0.0026734285056591034
5,71,0.9432569146156311,0.9220584034919739,0.02109210193157196,1.063726782798767,0.19313576817512512
5,72,1.13896906375885,1.114866852760315,0.02377522550523281,3.2702267169952393,0.2477044314146042
5,73,0.02123457007110119,0.021077143028378487,0.00013434849097393453,0.23078423738479614,0.0028506771195679903
5,74,0.14360904693603516,0.14048552513122559,0.003111225552856922,0.12300730496644974,0.11555035412311554
5,75,0.38807347416877747,0.3808673620223999,0.007176023442298174,0.3010091781616211,0.03534293919801712
5,76,0.37606048583984375,0.36125123500823975,0.014721168205142021,0.8809700012207031,0.061856526881456375
5,77,1.2779420614242554,1.2552721500396729,0.022361863404512405,3.079834222793579,0.1044803112745285
5,78,1.1089117527008057,1.0868457555770874,0.021585188806056976,4.807204723358154,0.11503869295120239
5,79,0.4133700430393219,0.4078715443611145,0.005470681935548782,0.27803754806518555,0.021241111680865288
5,80,0.40482258796691895,0.3991535007953644,0.005638471804559231,0.30594348907470703,0.018340330570936203
5,81,0.4517039656639099,0.4461672306060791,0.005489697214215994,0.47030067443847656,0.02751864865422249
5,82,0.49479204416275024,0.4814474582672119,0.013248421251773834,0.9618456363677979,0.09174727648496628
5,83,0.21048742532730103,0.20814357697963715,0.0023302047047764063,0.13649770617485046,0.00463024340569973
5,84,0.4612813889980316,0.45544305443763733,0.005763108842074871,0.7521507740020752,0.029316235333681107
5,85,0.041573528200387955,0.04135776683688164,0.00019688167958520353,0.18881414830684662,0.007896201685070992
5,86,0.36800357699394226,0.36182016134262085,0.006161367520689964,0.22040416300296783,0.014897117391228676
5,87,0.993988037109375,0.9700669050216675,0.02345646172761917,4.646788120269775,0.17703238129615784
5,88,0.38651925325393677,0.37969809770584106,0.006792156025767326,0.28989923000335693,0.025602299720048904
5,89,0.4559614062309265,0.4466380476951599,0.009170625358819962,1.5274232625961304,0.0596146360039711
5,90,0.4469011127948761,0.43731290102005005,0.009446192532777786,1.4201116561889648,0.05854180455207825
5,91,1.0175507068634033,0.9960033297538757,0.02116485685110092,3.825072765350342,0.18747316300868988
5,92,0.23644839227199554,0.23292505741119385,0.0035069435834884644,0.16387607157230377,0.03104565665125847
5,93,0.930226743221283,0.9098677635192871,0.020006213337183,3.5275216102600098,0.4824666380882263
5,94,0.21886441111564636,0.216146320104599,0.002698779571801424,0.1931905448436737,0.0144447460770607
5,95,0.3626045286655426,0.34934762120246887,0.013169808313250542,0.8711908459663391,0.03574775904417038
5,96,0.18980497121810913,0.1875361204147339,0.002258604858070612,0.10245109349489212,0.010628441348671913
5,97,0.40233314037323,0.3969927430152893,0.005310536362230778,0.2985154092311859,0.03422200679779053
5,98,0.46862635016441345,0.4567369818687439,0.011786499060690403,1.028666615486145,0.06949176639318466
5,99,1.051238775253296,1.03522789478302,0.01577221043407917,2.38664174079895,0.24394674599170685
5,100,1.0325185060501099,1.0148056745529175,0.017400912940502167,3.1195456981658936,0.28820574283599854
6,1,0.39021381735801697,0.3833163380622864,0.006874000187963247,0.23482120037078857,0.0427718311548233
6,2,1.107621192932129,1.0789823532104492,0.027987565845251083,6.51194429397583,0.2940978705883026
6,3,0.16776211559772491,0.16416539251804352,0.003570432309061289,0.2628403306007385,0.19985991716384888
6,4,0.5201981663703918,0.5044517517089844,0.015628233551979065,1.1821894645690918,0.16643044352531433
6,5,0.8701417446136475,0.8498609066009521,0.019926149398088455,3.5473389625549316,0.4794420599937439
6,6,0.33518263697624207,0.3300319314002991,0.005107736214995384,0.4296288788318634,0.050514400005340576
6,7,0.8836929202079773,0.8646140098571777,0.01876550167798996,3.1341681480407715,0.3558350205421448
6,8,0.4251388609409332,0.41952869296073914,0.005552635993808508,0.5753061771392822,0.03333691135048866
6,9,0.027329225093126297,0.027117229998111725,0.00018864322919398546,0.23352546989917755,0.0064973486587405205
6,10,1.17342209815979,1.1410272121429443,0.03184023126959801,5.546619415283203,0.11633850634098053
6,11,0.8290266394615173,0.808609127998352,0.020133785903453827,2.8370885848999023,0.2868533432483673
6,12,0.3489711284637451,0.3436104357242584,0.005343693308532238,0.16984465718269348,0.012906142510473728
6,13,0.19603851437568665,0.19383788108825684,0.0021884774323552847,0.12152616679668427,0.008929910138249397
6,14,0.9053477644920349,0.8824835419654846,0.022697262465953827,1.669718861579895,0.1708730012178421
6,15,0.45632508397102356,0.4468265771865845,0.009351944550871849,1.4657554626464844,0.05726640671491623
6,16,0.016183221712708473,0.016026699915528297,0.00014523990103043616,0.11281674355268478,0.05616883933544159
6,17,0.6862956285476685,0.6646497845649719,0.021246451884508133,3.993828296661377,0.34655776619911194
6,18,0.790520966053009,0.771289050579071,0.019096041098237038,1.3591549396514893,0.14295479655265808
6,19,0.1371629536151886,0.13357582688331604,0.003558704163879156,0.28414109349250793,0.10859037935733795
6,20,0.4047849178314209,0.3993009328842163,0.005452004261314869,0.3197609484195709,0.01966007798910141
6,21,0.40382784605026245,0.39809903502464294,0.0056823124177753925,0.46494048833847046,0.01903718337416649
6,22,0.3915807902812958,0.3854198455810547,0.006136502139270306,0.2443956583738327,0.01500443834811449
6,23,0.4325508773326874,0.4243317246437073,0.008107306435704231,1.1183909177780151,0.03268206864595413
6,24,0.41748595237731934,0.4101483225822449,0.007241320796310902,0.9630976915359497,0.03395410627126694
6,25,0.44888707995414734,0.4425482153892517,0.0062484233640134335,0.904453694820404,0.03465256094932556
6,26,0.9446924328804016,0.919195294380188,0.02534901723265648,1.4813369512557983,0.08768007904291153
6,27,0.42071259021759033,0.41286328434944153,0.007745531387627125,1.037656307220459,0.052907586097717285
6,28,0.3923468291759491,0.38572418689727783,0.006598959676921368,0.23699264228343964,0.030754070729017258
6,29,0.3194237947463989,0.31483137607574463,0.004557383246719837,0.35049429535865784,0.05341360718011856
6,30,0.016851648688316345,0.016727279871702194,0.00010018199100159109,0.24185988306999207,0.0031222617253661156
6,31,0.4398415684700012,0.425420880317688,0.014312313869595528,1.0835739374160767,0.041073739528656006
6,32,0.20742467045783997,0.2049083411693573,0.002502505201846361,0.13821634650230408,0.019270677119493484
6,33,0.13369999825954437,0.13127125799655914,0.002418369986116886,0.10368658602237701,0.08671845495700836
6,34,0.859093189239502,0.8376187682151794,0.021385161206126213,0.8925899267196655,0.10194694995880127
6,35,0.02106589637696743,0.020912589505314827,0.0001277716364711523,0.25535842776298523,0.0027940429281443357
6,36,0.025746574625372887,0.02552793174982071,0.00019309308845549822,0.25550585985183716,0.006069391034543514
6,37,0.45653417706489563,0.4434455931186676,0.012992417439818382,0.9616826772689819,0.050191618502140045
6,38,1.254602074623108,1.224077820777893,0.030067671090364456,4.565376281738281,0.15428054332733154
6,39,0.027581235393881798,0.027559109032154083,2.0001125449198298e-05,0.02125568874180317,0.007763000205159187
6,40,0.39082297682762146,0.38475221395492554,0.006002558395266533,0.6822716593742371,0.05572206526994705
6,41,0.405407577753067,0.3997211158275604,0.00564707163721323,0.39403414726257324,0.044855691492557526
6,42,0.13335540890693665,0.13030365109443665,0.003032526932656765,0.19241610169410706,0.1366683393716812
6,43,0.3223332166671753,0.31783753633499146,0.00445881113409996,0.36861884593963623,0.0584566555917263
6,44,0.19817297160625458,0.19566825032234192,0.0024917812552303076,0.1293335109949112,0.015893232077360153
6,45,0.3824312388896942,0.37632936239242554,0.006081793922930956,0.20086494088172913,0.036026082932949066
6,46,1.0078645944595337,0.9802753925323486,0.02690989524126053,6.7929368019104,0.2354319542646408
6,47,0.3274739980697632,0.3231137990951538,0.004328010603785515,0.3220132887363434,0.03933656960725784
6,48,0.8008516430854797,0.7862676382064819,0.014504844322800636,0.7917276620864868,0.14541369676589966
6,49,0.20402008295059204,0.20192274451255798,0.002083947416394949,0.13403289020061493,0.01001603901386261
6,50,1.215789556503296,1.1854798793792725,0.02952556684613228,7.841529369354248,0.180232971906662
6,51,0.25404271483421326,0.2511168122291565,0.0029082216788083315,0.17658962309360504,0.020553335547447205
6,52,0.8568645119667053,0.8407898545265198,0.015969282016158104,1.0536775588989258,0.12154833972454071
6,53,0.14131158590316772,0.13778358697891235,0.0035025281831622124,0.2547292411327362,0.09747622907161713
6,54,0.9682332277297974,0.9401289224624634,0.027405574917793274,6.987329006195068,0.1381644904613495
6,55,0.13308633863925934,0.13075879216194153,0.002318096347153187,0.09450982511043549,0.05766665190458298
6,56,0.6492277383804321,0.6333392858505249,0.015668924897909164,2.1951863765716553,0.2556174099445343
6,57,0.47023025155067444,0.4544488191604614,0.015623274259269238,1.5815891027450562,0.0746258944272995
6,58,0.9115694761276245,0.8912255167961121,0.020243879407644272,1.000535488128662,0.1033514142036438
6,59,0.9780506491661072,0.9524788856506348,0.02513066865503788,4.410881042480469,0.6722806692123413
6,60,0.3469967842102051,0.33819931745529175,0.008723590523004532,0.738822877407074,0.05384725332260132
6,61,0.9194461107254028,0.897732138633728,0.02123929373919964,4.746861457824707,0.08363354206085205
6,62,0.3532009422779083,0.34877920150756836,0.004375448450446129,0.4629313349723816,0.029522180557250977
6,63,0.3273097276687622,0.32318833470344543,0.004086066968739033,0.353024959564209,0.029190804809331894
6,64,0.3508380651473999,0.34085753560066223,0.009921026416122913,0.5952421426773071,0.012793431058526039
6,65,0.019015682861208916,0.01891613006591797,7.98657929408364e-05,0.19686338305473328,0.0026904360856860876
6,66,0.3558122515678406,0.34573155641555786,0.010019403882324696,0.6131019592285156,0.01627461239695549
6,67,0.3983404338359833,0.3934164047241211,0.0049021877348423,0.21857954561710358,0.03153085708618164
6,68,0.9691030979156494,0.9453594088554382,0.02323753759264946,5.061684608459473,0.10999120771884918
6,69,0.7240692377090454,0.712730884552002,0.011257175356149673,0.811783492565155,0.09915487468242645
6,70,0.9309174418449402,0.9129217863082886,0.017898619174957275,0.9704146981239319,0.10022656619548798
6,71,0.45648181438446045,0.4455420970916748,0.010858466848731041,0.8124276995658875,0.08626905083656311
6,72,0.05144261568784714,0.05086757242679596,0.0005468224408105016,0.2821931540966034,0.018986184149980545
6,73,0.6238784193992615,0.6114670038223267,0.012236129492521286,1.7529549598693848,0.22320255637168884
6,74,0.24184440076351166,0.23880085349082947,0.0030276025645434856,0.15941189229488373,0.05186566710472107
6,75,0.9413249492645264,0.9248548746109009,0.016384124755859375,0.8592548966407776,0.07795049250125885
6,76,0.3629838228225708,0.3579224944114685,0.004999064840376377,0.6225520968437195,0.05942977964878082
6,77,0.14087693393230438,0.13847319781780243,0.002393021946772933,0.10711095482110977,0.09080137312412262
6,78,0.02780740149319172,0.027601130306720734,0.00018183984502684325,0.24430270493030548,0.005300786346197128
6,79,0.34331458806991577,0.3387424349784851,0.004528732970356941,0.43410831689834595,0.05268258601427078
6,80,1.277606725692749,1.254915475845337,0.02223329246044159,4.580362796783447,0.09570759534835815
6,81,0.014998768456280231,0.014879181981086731,0.00011034990166081116,0.09237142652273178,0.04739748686552048
6,82,0.1240452453494072,0.12185035645961761,0.0021858923137187958,0.08991255611181259,0.06600417196750641
6,83,0.3350659906864166,0.33030179142951965,0.00471745990216732,0.4672815799713135,0.0459541417658329
6,84,0.3643755316734314,0.3588061034679413,0.005548669956624508,0.20762225985527039,0.030564084649086
6,85,1.191658616065979,1.162439227104187,0.028352204710245132,8.670931816101074,0.1870112121105194
6,86,0.44513875246047974,0.4397127330303192,0.00536522688344121,0.6079765558242798,0.050116587430238724
6,87,0.4300283193588257,0.4222155213356018,0.007684899028390646,1.279107689857483,0.057066187262535095
6,88,0.33715179562568665,0.33202236890792847,0.005069021135568619,0.6040560007095337,0.052141956984996796
6,89,0.26439806818962097,0.26123833656311035,0.0031258007511496544,0.3393895626068115,0.02189629152417183
6,90,1.000307321548462,0.9763878583908081,0.02379579469561577,1.236147165298462,0.1754450500011444
6,91,0.925407350063324,0.9038684368133545,0.021424181759357452,1.1474647521972656,0.14824450016021729
6,92,0.44101765751838684,0.4355770945549011,0.005375091917812824,0.6548011898994446,0.044772207736968994
6,93,1.0478676557540894,1.022544503211975,0.024648169055581093,6.750137805938721,0.1693004071712494
6,94,0.03400643914937973,0.03389506787061691,9.240012877853587e-05,0.1897326409816742,0.003413526341319084
6,95,0.14006757736206055,0.1369709074497223,0.003073961939662695,0.22705471515655518,0.08378032594919205
6,96,0.9853739738464355,0.9648392200469971,0.020164087414741516,3.7067580223083496,0.19100937247276306
6,97,0.687254786491394,0.6772938370704651,0.009896989911794662,0.639398455619812,0.05198877677321434
6,98,0.7361729145050049,0.7241060137748718,0.011984413489699364,0.824742317199707,0.07255342602729797
6,99,0.016646817326545715,0.016517698764801025,0.00012021602015011013,0.08903702348470688,0.03286760300397873
6,100,0.02790170907974243,0.02780708484351635,7.5523741543293e-05,0.19099478423595428,0.0031304871663451195
7,1,0.6726144552230835,0.6610989570617676,0.011442038230597973,0.73446124792099,0.09167268872261047
7,2,0.20886923372745514,0.206509530544281,0.0023453510366380215,0.14348860085010529,0.0166840348392725
7,3,0.9558897614479065,0.9257809519767761,0.02960982546210289,4.990161418914795,0.8358242511749268
7,4,0.03612417355179787,0.03591076284646988,0.0001900147763080895,0.2339663803577423,0.006339202634990215
7,5,0.1433527171611786,0.14085324108600616,0.0024876873940229416,0.1178002581000328,0.07757054269313812
7,6,0.9102217555046082,0.8911843299865723,0.018729055300354958,3.0836524963378906,0.10025665163993835
7,7,0.04589088633656502,0.04531923681497574,0.0005432244506664574,0.2842344343662262,0.020443953573703766
7,8,0.018221206963062286,0.01811048574745655,8.910865290090442e-05,0.21612456440925598,0.0031742944847792387
7,9,0.5851285457611084,0.5740728974342346,0.010913558304309845,1.420776128768921,0.14243416488170624
7,10,0.31007951498031616,0.30414003133773804,0.005897361785173416,0.4210207164287567,0.07533682882785797
7,11,0.7160384654998779,0.7063263654708862,0.009652486070990562,0.5959221124649048,0.04943714290857315
7,12,1.179355502128601,1.1575677394866943,0.021233193576335907,5.54569673538208,0.09678146243095398
7,13,0.03106534853577614,0.03080451302230358,0.00023493637854699045,0.2589809000492096,0.006984667852520943
7,14,0.014150827191770077,0.013973880559206009,0.0001658303663134575,0.1111580953001976,0.05869545787572861
7,15,0.13394027948379517,0.13131621479988098,0.002614449243992567,0.09606978297233582,0.07765515148639679
7,16,0.039900604635477066,0.03948341682553291,0.0004162872501183301,0.009019125252962112,0.02375619485974312
7,17,0.5161972045898438,0.5098837614059448,0.006203095428645611,1.103440761566162,0.06904871761798859
7,18,0.03249537572264671,0.032252293080091476,0.0002157331764465198,0.27351316809654236,0.006317927502095699
7,19,0.5294037461280823,0.5173099040985107,0.012028000317513943,0.658438503742218,0.15471726655960083
7,20,0.9093866944313049,0.8933980464935303,0.015883099287748337,1.0556145906448364,0.2207104116678238
7,21,0.8884628415107727,0.8735437393188477,0.014819895848631859,0.9921141266822815,0.18264925479888916
7,22,0.93515545129776,0.9159581065177917,0.018882472068071365,3.1489670276641846,0.32692721486091614
7,23,1.1953142881393433,1.17122483253479,0.023712310940027237,3.7712113857269287,0.14162835478782654
7,24,0.4325055480003357,0.42645445466041565,0.006020694505423307,0.3041086792945862,0.0560619980096817
7,25,0.9118078947067261,0.8941051363945007,0.017596924677491188,1.0583833456039429,0.08319371938705444
7,26,0.14793474972248077,0.14455798268318176,0.0033486923202872276,0.2807599604129791,0.15375661849975586
7,27,0.8961659669876099,0.8774363398551941,0.01849716529250145,2.3244388103485107,0.10256774723529816
7,28,0.030087314546108246,0.029834330081939697,0.0002523150760680437,0.006693306379020214,0.006180284544825554
7,29,0.36633041501045227,0.36099308729171753,0.00531986216083169,0.17474068701267242,0.02212257869541645
7,30,0.02663641795516014,0.026522520929574966,9.49458044487983e-05,0.1895139366388321,0.003899462753906846
7,31,0.7237024903297424,0.7128840088844299,0.010743505321443081,0.7496854662895203,0.06793282181024551
7,32,0.37162137031555176,0.36013972759246826,0.01138110738247633,1.0052433013916016,0.025448046624660492
7,33,0.13599613308906555,0.13387642800807953,0.0021108221262693405,0.08881846815347672,0.05745983123779297
7,34,0.5973528623580933,0.5910372138023376,0.006289120763540268,0.2654625475406647,0.06289845705032349
7,35,0.9057212471961975,0.8935933113098145,0.011938205920159817,1.8972986936569214,0.11276885867118835
7,36,0.23804402351379395,0.2351538985967636,0.002876083366572857,0.14043748378753662,0.04116097837686539
7,37,0.3859160244464874,0.3803064227104187,0.005591334775090218,0.18263083696365356,0.036220233887434006
7,38,0.04007412865757942,0.03987930715084076,0.00017277250299230218,0.22050389647483826,0.0056583513505756855
7,39,0.9668902158737183,0.9397820234298706,0.026621583849191666,4.866286754608154,0.939420223236084
7,40,0.6860950589179993,0.6700484752655029,0.015749074518680573,2.9747238159179688,0.37368249893188477
7,41,0.13419179618358612,0.1320154070854187,0.0021662444341927767,0.10141994804143906,0.07621277868747711
7,42,0.13530167937278748,0.13330820202827454,0.0019840048626065254,0.09482677280902863,0.06489187479019165
7,43,0.02870796248316765,0.028601432219147682,8.898913802113384e-05,0.17540724575519562,0.0019553210586309433
7,44,0.42226287722587585,0.41644299030303955,0.00573468953371048,0.8519762754440308,0.02781016379594803
7,45,0.9968887567520142,0.9734760522842407,0.022680137306451797,7.325371742248535,0.08442799746990204
7,46,0.4206341505050659,0.4149024486541748,0.0056525710970163345,0.7911677956581116,0.02018149197101593
7,47,0.41023245453834534,0.405056893825531,0.0051037464290857315,0.7183585166931152,0.019886521622538567
7,48,1.2047985792160034,1.1785143613815308,0.025785405188798904,4.987973213195801,0.1048441082239151
7,49,0.8543635606765747,0.8347588777542114,0.01929515227675438,3.095416307449341,0.24937455356121063
7,50,0.6929340958595276,0.6821643114089966,0.010693088173866272,0.7672510743141174,0.11500681936740875
7,51,0.9316681623458862,0.9123303890228271,0.0191357359290123,2.020480155944824,0.20770707726478577
7,52,0.9272097945213318,0.9013828635215759,0.025339340791106224,4.875631809234619,0.6210431456565857
7,53,0.42616844177246094,0.4193975627422333,0.006681338883936405,0.8952827453613281,0.058937594294548035
7,54,0.04592052847146988,0.04539228603243828,0.0005046912701800466,0.23551467061042786,0.014758560806512833
7,55,0.6468350887298584,0.6315750479698181,0.015007708221673965,2.5229878425598145,0.30116012692451477
7,56,0.8938965797424316,0.8756341338157654,0.018034864217042923,2.275440216064453,0.14474424719810486
7,57,0.837838888168335,0.8141480684280396,0.023339828476309776,3.510004997253418,0.4218546152114868
7,58,0.38314154744148254,0.3780137300491333,0.005109895020723343,0.17914369702339172,0.02485249564051628
7,59,0.034634049981832504,0.03445601463317871,0.0001587881415616721,0.19246961176395416,0.0042654965072870255
7,60,1.0736815929412842,1.0522518157958984,0.02081438899040222,6.153918743133545,0.1077691987156868
7,61,0.8544168472290039,0.8419600129127502,0.01236748043447733,0.893714964389801,0.09280935674905777
7,62,0.03292403370141983,0.03274994343519211,0.00015493665705434978,0.19155670702457428,0.004135755822062492
7,63,0.8975436687469482,0.8789050579071045,0.01830160617828369,3.3699772357940674,0.3178893029689789
7,64,0.2585679590702057,0.25603458285331726,0.0025132521986961365,0.20113849639892578,0.01747077889740467
7,65,0.14180006086826324,0.13937172293663025,0.002415319671854377,0.1302414834499359,0.09143343567848206
7,66,0.3388892710208893,0.3368372917175293,0.002041592262685299,0.10415291786193848,0.05642421543598175
7,67,0.23744645714759827,0.23435111343860626,0.0030775191262364388,0.17822352051734924,0.06640544533729553
7,68,0.8613398671150208,0.8448599576950073,0.016408652067184448,0.7123866081237793,0.17027881741523743
7,69,0.20702919363975525,0.20443710684776306,0.0025758990086615086,0.1617988795042038,0.02852614037692547
7,70,0.15815968811511993,0.15524893999099731,0.0028969207778573036,0.1382196545600891,0.11341121792793274
7,71,0.44137492775917053,0.43265751004219055,0.008572960272431374,1.4443858861923218,0.10897950828075409
7,72,0.36486998200416565,0.35445842146873474,0.010348720476031303,0.6285983920097351,0.04845445230603218
7,73,0.9627723693847656,0.9458515644073486,0.01679648831486702,1.243453025817871,0.10888680815696716
7,74,0.02180417999625206,0.021674834191799164,0.00011053052730858326,0.18813957273960114,0.0024842526763677597
7,75,0.02849072776734829,0.028277408331632614,0.0001949142897501588,0.18404123187065125,0.005518135614693165
7,76,0.12396859377622604,0.12138809263706207,0.002563021145761013,0.1747804880142212,0.07151371985673904
7,77,0.4247570037841797,0.4155651926994324,0.009130146354436874,0.6165664792060852,0.03395479917526245
7,78,0.41163170337677,0.40631312131881714,0.005257962271571159,0.6060588359832764,0.01974601484835148
7,79,0.45414048433303833,0.4497668743133545,0.004330841824412346,0.42779144644737244,0.021333370357751846
7,80,0.4529646635055542,0.4477289021015167,0.005152308382093906,0.8343490958213806,0.023918665945529938
7,81,0.04480313882231712,0.044364891946315765,0.00041578197851777077,0.22462554275989532,0.016661450266838074
7,82,0.40093791484832764,0.3966304659843445,0.004282190464437008,0.25265106558799744,0.022050932049751282
7,83,0.13084504008293152,0.12886998057365417,0.0019663642160594463,0.08708871901035309,0.04997318238019943
7,84,0.1225794106721878,0.12084256112575531,0.0017293391283601522,0.07508436590433121,0.04628932848572731
7,85,0.37680405378341675,0.37193143367767334,0.004856258165091276,0.16374878585338593,0.023367032408714294
7,86,0.8400886654853821,0.829227089881897,0.010787655599415302,0.7388911247253418,0.10333330929279327
7,87,1.0291858911514282,1.0111982822418213,0.01764342561364174,3.4420201778411865,0.13999946415424347
7,88,0.22751116752624512,0.22476240992546082,0.0027354080229997635,0.13349780440330505,0.0351421982049942
7,89,0.9233108758926392,0.9090115427970886,0.014219461940228939,0.7988512516021729,0.08684518933296204
7,90,0.21109843254089355,0.20895925164222717,0.0021246271207928658,0.14563436806201935,0.013378849253058434
7,91,0.2370653599500656,0.23210814595222473,0.00493440730497241,0.22817383706569672,0.25623661279678345
7,92,0.14266929030418396,0.1404857188463211,0.0021742323879152536,0.09340240061283112,0.07688489556312561
7,93,0.8608362078666687,0.8431602716445923,0.0174102783203125,2.6567323207855225,0.370487242937088
7,94,0.31238609552383423,0.30791783332824707,0.004429776221513748,0.38470298051834106,0.07575169205665588
7,95,0.9266475439071655,0.90613853931427,0.020030856132507324,4.78164005279541,0.628497838973999
7,96,0.4369417428970337,0.43093341588974,0.005943755619227886,0.6457589864730835,0.06030701845884323
7,97,0.7959141135215759,0.7793647646903992,0.01629609614610672,2.5325706005096436,0.35529130697250366
7,98,0.1415272355079651,0.13808006048202515,0.0034069560933858156,0.4022173285484314,0.13350719213485718
7,99,0.18641576170921326,0.18440145254135132,0.0020009807776659727,0.133263498544693,0.012938341125845909
7,100,0.8116275072097778,0.7894003987312317,0.021824412047863007,4.026689052581787,0.4421994686126709
8,1,0.017723988741636276,0.01770150661468506,7.093651674949797e-06,0.1538998931646347,0.0016566005069762468
8,2,0.43131139874458313,0.4242776036262512,0.0068903095088899136,1.435106635093689,0.030840959399938583
8,3,0.026645813137292862,0.026509400457143784,0.00011694348359014839,0.19469290971755981,0.003238371107727289
8,4,0.33163514733314514,0.3227207660675049,0.0088706836104393,0.4370235800743103,0.015074364840984344
8,5,0.3826988637447357,0.3776432275772095,0.005038287490606308,0.17330287396907806,0.017739493399858475
8,6,0.40343376994132996,0.3974585235118866,0.005890411324799061,0.8485260009765625,0.036205701529979706
8,7,1.1844451427459717,1.158109188079834,0.025861740112304688,4.742554187774658,0.14371748268604279
8,8,0.018796971067786217,0.018687613308429718,9.951001266017556e-05,0.09847532957792282,0.0458245649933815
8,9,0.33747124671936035,0.3329842686653137,0.004445936996489763,0.41023871302604675,0.043263211846351624
8,10,0.32727745175361633,0.3231174349784851,0.004122781101614237,0.3721964657306671,0.04683507978916168
8,11,0.19878093898296356,0.1965356171131134,0.002233089879155159,0.12235567718744278,0.01722058653831482
8,12,0.42278146743774414,0.41719162464141846,0.0055272746831178665,0.6254770755767822,0.053538717329502106
8,13,0.372932493686676,0.36311888694763184,0.009727503173053265,0.8610421419143677,0.047366660088300705
8,14,0.4990919232368469,0.4879435896873474,0.011056591756641865,0.9173030257225037,0.11840741336345673
8,15,1.1412098407745361,1.1175549030303955,0.02321504056453705,4.399144649505615,0.17127424478530884
8,16,0.35437434911727905,0.3453109860420227,0.008992434479296207,0.7092670798301697,0.021140389144420624
8,17,0.02229270152747631,0.022153444588184357,0.00011628483480308205,0.22972577810287476,0.0025495286099612713
8,18,1.1083110570907593,1.0784474611282349,0.028849992901086807,10.136530876159668,0.1252405345439911
8,19,0.015595288015902042,0.015500226989388466,7.43483251426369e-05,0.20712415874004364,0.0028297915123403072
8,20,0.07211709767580032,0.07153087854385376,0.0005818360368721187,0.04384579136967659,0.014869919046759605
8,21,0.015964379534125328,0.015837963670492172,0.00011595734395086765,0.10458645969629288,0.05727894604206085
8,22,0.908966064453125,0.8928030729293823,0.015880778431892395,2.822380781173706,0.07691015303134918
8,23,0.8332383632659912,0.8209372162818909,0.012172747403383255,1.2837473154067993,0.0911107286810875
8,24,1.1250373125076294,1.102813720703125,0.021879438310861588,3.4421024322509766,0.1043572872877121
8,25,0.38547006249427795,0.3798975348472595,0.005553092807531357,0.19425953924655914,0.03163482993841171
8,26,0.44240203499794006,0.43637606501579285,0.0059399232268333435,0.8604505658149719,0.05035237967967987
8,27,0.3663688004016876,0.3609342575073242,0.005415365099906921,0.1917474865913391,0.03140048310160637
8,28,0.42896944284439087,0.42149123549461365,0.0073873549699783325,0.9084310531616211,0.06717780232429504
8,29,0.6802852153778076,0.6645122170448303,0.015474317595362663,2.9866676330566406,0.3017682433128357
8,30,0.9328801035881042,0.9149304628372192,0.01778627187013626,1.6338616609573364,0.17659898102283478
8,31,0.893745481967926,0.876854419708252,0.016799040138721466,0.9202245473861694,0.09813211113214493
8,32,0.3992519974708557,0.3945739269256592,0.004647157154977322,0.3089245855808258,0.029247896745800972
8,33,0.04598625749349594,0.04541008919477463,0.0005495948134921491,0.265733927488327,0.021722011268138885
8,34,0.3269084692001343,0.32276126742362976,0.004109743516892195,0.3744681477546692,0.03093680739402771
8,35,0.027985967695713043,0.02778046205639839,0.000184242773684673,0.21261188387870789,0.0064677223563194275
8,36,0.12369740009307861,0.12114247679710388,0.002536853775382042,0.18068836629390717,0.07090581953525543
8,37,0.9865304827690125,0.9675006866455078,0.018631279468536377,3.9852962493896484,0.2512568235397339
8,38,0.7442052364349365,0.7336692810058594,0.010453838855028152,0.8216074109077454,0.08134724199771881
8,39,0.2434220016002655,0.24053549766540527,0.002868962474167347,0.1754598468542099,0.032736510038375854
8,40,0.047205716371536255,0.046700119972229004,0.00047980857198126614,0.25787094235420227,0.020595218986272812
8,41,0.23030366003513336,0.227756530046463,0.002530850702896714,0.16275130212306976,0.03545033559203148
8,42,0.9334287047386169,0.9155568480491638,0.017702441662549973,1.6937646865844727,0.215960294008255
8,43,0.7378489375114441,0.7247816324234009,0.012953463941812515,1.1384856700897217,0.1332622766494751
8,44,0.39296334981918335,0.3883081078529358,0.004631608724594116,0.23647595942020416,0.03131357952952385
8,45,0.4011152684688568,0.3961196541786194,0.004957538563758135,0.380918949842453,0.03049023635685444
8,46,0.20361721515655518,0.20156040787696838,0.002041855361312628,0.14944864809513092,0.012860783375799656
8,47,0.44826725125312805,0.43609368801116943,0.01208069920539856,0.9287739396095276,0.08775248378515244
8,48,0.37761712074279785,0.3727458715438843,0.004854467231780291,0.167909637093544,0.022951379418373108
8,49,0.9425972104072571,0.9269996881484985,0.015478789806365967,1.1875338554382324,0.16649577021598816
8,50,0.3886612057685852,0.3845578134059906,0.004083580337464809,0.19820180535316467,0.02624439261853695
8,51,0.8542025089263916,0.8406122922897339,0.013484102673828602,1.060982346534729,0.1120113730430603
8,52,0.37965646386146545,0.3749672770500183,0.004666510038077831,0.22667071223258972,0.016724247485399246
8,53,0.016634566709399223,0.016524463891983032,0.00010028318502008915,0.09820368885993958,0.04440544173121452
8,54,0.02079482562839985,0.020660635083913803,0.00011356857430655509,0.20621174573898315,0.0041455770842731
8,55,0.23392465710639954,0.23124444484710693,0.0026660384610295296,0.14169707894325256,0.027966532856225967
8,56,0.6920357942581177,0.6828166246414185,0.009162264876067638,0.5691332221031189,0.05115501582622528
8,57,0.023641761392354965,0.023509256541728973,0.00011078089301008731,0.2172369360923767,0.004475488793104887
8,58,0.7240497469902039,0.7145199775695801,0.009458844549953938,0.7093752026557922,0.06995831429958344
8,59,0.6857211589813232,0.6767128109931946,0.00894172303378582,0.6662317514419556,0.07520045340061188
8,60,0.6169976592063904,0.6047502160072327,0.012074996717274189,1.7245980501174927,0.24901776015758514
8,61,0.14188724756240845,0.13964831829071045,0.0022263997234404087,0.12530693411827087,0.07250732183456421
8,62,0.028801940381526947,0.028639670461416245,0.00013674145156983286,0.255280464887619,0.0037920346949249506
8,63,0.027041954919695854,0.02687591314315796,0.00014070140605326742,0.25342193245887756,0.0033097201958298683
8,64,0.24062268435955048,0.23780281841754913,0.0028064334765076637,0.13419848680496216,0.022236764430999756
8,65,0.8865596652030945,0.8744086027145386,0.012047998607158661,1.0307326316833496,0.12337631732225418
8,66,0.017356552183628082,0.017183572053909302,0.00016203775885514915,0.10943374037742615,0.06531859934329987
8,67,0.4105071723461151,0.40616336464881897,0.004321064800024033,0.22752554714679718,0.03804638981819153
8,68,0.317083477973938,0.31348639726638794,0.003566599916666746,0.30480027198791504,0.04152292758226395
8,69,0.8698445558547974,0.8573921918869019,0.01238606870174408,0.6627171039581299,0.06898540258407593
8,70,0.12775243818759918,0.12589989602565765,0.0018441235879436135,0.0842433050274849,0.05571908876299858
8,71,0.015528575517237186,0.015403274446725845,0.000115365328383632,0.09935693442821503,0.049689434468746185
8,72,0.9601622819900513,0.9447430372238159,0.015320228412747383,0.9898226857185364,0.09017208218574524
8,73,0.4575812816619873,0.45163965225219727,0.005856860429048538,0.847496509552002,0.04195570573210716
8,74,0.12697240710258484,0.1241501122713089,0.002793316263705492,0.28978803753852844,0.09710754454135895
8,75,0.016786539927124977,0.01667446456849575,9.051035158336163e-05,0.21565429866313934,0.0034718040842562914
8,76,0.3366551399230957,0.32735928893089294,0.009211715310811996,0.8413105607032776,0.023194417357444763
8,77,0.9239041805267334,0.9097135066986084,0.014110906049609184,0.7974466681480408,0.11494527757167816
8,78,0.43273496627807617,0.4281718134880066,0.004515410400927067,0.4774972200393677,0.04641401767730713
8,79,0.8392109870910645,0.821807324886322,0.01713954657316208,2.6409342288970947,0.3613601624965668
8,80,0.027300409972667694,0.027067389339208603,0.00020939753449056298,0.23623937368392944,0.007548942696303129
8,81,0.13012346625328064,0.12734755873680115,0.00275705149397254,0.18852153420448303,0.1040414571762085
8,82,0.3594786822795868,0.35087668895721436,0.008541706949472427,0.602763831615448,0.024901526048779488
8,83,1.03056001663208,1.011051058769226,0.019228164106607437,2.8075785636901855,0.16685065627098083
8,84,0.7853037714958191,0.7739310264587402,0.011287092231214046,0.8564344048500061,0.1179492250084877
8,85,0.03215077891945839,0.03181811422109604,0.0003089160018134862,0.23749969899654388,0.011841462925076485
8,86,0.982146143913269,0.9590630531311035,0.022400062531232834,6.830296516418457,0.17110010981559753
8,87,0.3678850829601288,0.36341679096221924,0.0044518811628222466,0.164265975356102,0.019380705431103706
8,88,0.3383938670158386,0.3308943510055542,0.007454645819962025,0.4489716589450836,0.015233322978019714
8,89,0.9402644634246826,0.9263088703155518,0.013829770497977734,1.2581676244735718,0.12282626330852509
8,90,0.04212426021695137,0.041673410683870316,0.0004247275646775961,0.2612301707267761,0.020898379385471344
8,91,0.021605681627988815,0.021465495228767395,0.00011739913315977901,0.22787775099277496,0.004106693901121616
8,92,0.4480896592140198,0.43909159302711487,0.008932223543524742,0.6582660675048828,0.06812124699354172
8,93,0.027561908587813377,0.02736257016658783,0.00017586330068297684,0.2347429096698761,0.007864096201956272
8,94,0.19427132606506348,0.19234436750411987,0.001916697365231812,0.10265789926052094,0.01460942067205906
8,95,0.9955520629882812,0.9773358106613159,0.01782527193427086,3.909885883331299,0.16286519169807434
8,96,0.1998043656349182,0.1978876292705536,0.0019041106570512056,0.12617652118206024,0.013916807249188423
8,97,0.4193611443042755,0.4148925244808197,0.004430889151990414,0.3771827518939972,0.02891959249973297
8,98,0.019517863169312477,0.01942265033721924,7.482824730686843e-05,0.20385657250881195,0.0034181042574346066
8,99,0.12503236532211304,0.1223691999912262,0.0026428373530507088,0.20325763523578644,0.0831364095211029
8,100,0.6106486320495605,0.6002799272537231,0.01021306961774826,1.5563243627548218,0.17621691524982452
9,1,0.8450935482978821,0.8338358402252197,0.011179551482200623,0.7812945246696472,0.11851440370082855
9,2,0.7883455753326416,0.7773167490959167,0.010945083573460579,0.8373144268989563,0.11126914620399475
9,3,0.013335089199244976,0.013216746971011162,0.00010894975275732577,0.09392579644918442,0.05650510638952255
9,4,0.9584193825721741,0.9428046941757202,0.015489453449845314,1.2525572776794434,0.09866932034492493
9,5,0.8494627475738525,0.8312636613845825,0.017900370061397552,2.987645387649536,0.34055185317993164
9,6,0.4108312726020813,0.4060855209827423,0.00471234368160367,0.3339599072933197,0.03587927296757698
9,7,0.38065052032470703,0.3764880895614624,0.004143185447901487,0.1924894005060196,0.034283675253391266
9,8,0.8770996928215027,0.8568634986877441,0.01986418291926384,3.719764232635498,0.5505544543266296
9,9,0.047330841422080994,0.04670325294137001,0.0005990350036881864,0.2855398952960968,0.02378414012491703
9,10,0.12646014988422394,0.12375634163618088,0.0026864297688007355,0.17373117804527283,0.10646940767765045
9,11,0.44767335057258606,0.4389638304710388,0.008645966649055481,0.6355662941932678,0.0704764872789383
9,12,1.1109023094177246,1.0882835388183594,0.02199443429708481,6.24310827255249,0.175018310546875
9,13,0.014545616693794727,0.014456800185143948,6.781519914511591e-05,0.21000872552394867,0.003302162978798151
9,14,0.3871154487133026,0.382493793964386,0.004602965898811817,0.18696264922618866,0.021337807178497314
9,15,0.047131747007369995,0.04660474881529808,0.0004989833105355501,0.28014227747917175,0.023128565400838852
9,16,0.8481776714324951,0.8296957612037659,0.01816578023135662,3.161280870437622,0.2656615078449249
9,17,1.011562466621399,0.9941071271896362,0.017201464623212814,2.539078712463379,0.12978225946426392
9,18,0.019771892577409744,0.01964809000492096,0.00010078620834974572,0.23017267882823944,0.003243794199079275
9,19,0.9537946581840515,0.929698646068573,0.023690015077590942,4.05987548828125,0.6961307525634766
9,20,0.3921477496623993,0.3877992033958435,0.004322121851146221,0.26428794860839844,0.03233196586370468
9,21,0.3840842843055725,0.38006481528282166,0.003999974578619003,0.19489873945713043,0.0311600212007761
9,22,0.8891560435295105,0.8761130571365356,0.01293991506099701,1.0304136276245117,0.1512812077999115
9,23,0.9217929244041443,0.9066947102546692,0.015013459138572216,0.8475844860076904,0.09638121724128723
9,24,0.41580232977867126,0.4092105031013489,0.006490726955235004,1.0107840299606323,0.05019376426935196
9,25,0.025749042630195618,0.025555256754159927,0.00016867154045030475,0.2511386573314667,0.006740259472280741
9,26,0.4071212708950043,0.40268319845199585,0.004390401765704155,0.4769496023654938,0.03657752275466919
9,27,0.4320768415927887,0.42747223377227783,0.00455354293808341,0.5105111598968506,0.037974920123815536
9,28,1.0348503589630127,1.015589952468872,0.018972422927618027,2.879608631134033,0.12088637053966522
9,29,0.6223457455635071,0.6092479228973389,0.012888537719845772,2.092538833618164,0.2235269844532013
9,30,0.12467662245035172,0.12288366258144379,0.0017852789023891091,0.07681708037853241,0.04922112822532654
9,31,0.21111296117305756,0.2088329941034317,0.0022617231588810682,0.18234701454639435,0.015048694796860218
9,32,0.3477363884449005,0.3432779014110565,0.004402721766382456,0.5576686859130859,0.042840227484703064
9,33,0.13225248456001282,0.13024204969406128,0.002000443870201707,0.09986912459135056,0.05863366276025772
9,34,0.8596732020378113,0.8468011617660522,0.01277526281774044,0.9677928686141968,0.12617681920528412
9,35,0.3467728793621063,0.3385165333747864,0.008195358328521252,0.60983806848526,0.01749458536505699
9,36,0.9504426121711731,0.92894446849823,0.021057618781924248,4.4055399894714355,0.5412623286247253
9,37,0.9188185930252075,0.9009077548980713,0.0174875371158123,4.233326435089111,0.12097512185573578
9,38,0.046013250946998596,0.045439302921295166,0.0005428728181868792,0.31077274680137634,0.02135029435157776
9,39,0.9776054620742798,0.9533411264419556,0.023501843214035034,7.624387741088867,0.1298176795244217
9,40,0.8814759850502014,0.8682618141174316,0.013096727430820465,1.1739522218704224,0.13359364867210388
9,41,0.8178213238716125,0.7964560985565186,0.021005207672715187,3.5999538898468018,0.3311191201210022
9,42,0.4146232604980469,0.4083937704563141,0.006136973854154348,0.9250722527503967,0.04706299304962158
9,43,0.42365536093711853,0.4182420074939728,0.0053434185683727264,0.6994022130966187,0.03533798083662987
9,44,0.015840480104088783,0.01573292165994644,8.415507909376174e-05,0.2340492457151413,0.0035271882079541683
9,45,0.02431444078683853,0.024139372631907463,0.00015017995610833168,0.24889007210731506,0.0065706102177500725
9,46,0.44436633586883545,0.4350833296775818,0.009212800301611423,0.7022201418876648,0.06872199475765228
9,47,0.12420282512903214,0.12246072292327881,0.0017348212422803044,0.07281618565320969,0.05091993138194084
9,48,0.900959312915802,0.8876563310623169,0.013215027749538422,0.8797104954719543,0.13823635876178741
9,49,0.014339795336127281,0.014244690537452698,7.15329369995743e-05,0.2357218712568283,0.003091539489105344
9,50,0.45874232053756714,0.4490613341331482,0.009615492075681686,0.655088484287262,0.06138438358902931
9,51,0.8381819725036621,0.8165804743766785,0.021288961172103882,3.125542640686035,0.5036118030548096
9,52,0.23988807201385498,0.2372082620859146,0.0026641259901225567,0.1569710522890091,0.04387066513299942
9,53,0.042809199541807175,0.0423135831952095,0.0004658232210204005,0.29796117544174194,0.02166120521724224
9,54,0.18720141053199768,0.18538431823253632,0.0018068382050842047,0.10252215713262558,0.011932934634387493
9,55,0.9912596940994263,0.9694240689277649,0.021237405017018318,5.98171329498291,0.1532890647649765
9,56,1.1594266891479492,1.1359754800796509,0.022992832586169243,4.583322048187256,0.12538988888263702
9,57,0.04634110629558563,0.045846857130527496,0.00046472236863337457,0.2952505350112915,0.02112238109111786
9,58,0.8861339092254639,0.8727560043334961,0.013245088048279285,1.3278677463531494,0.12872356176376343
9,59,0.45595481991767883,0.4458107352256775,0.010050556622445583,0.9350981116294861,0.07207135856151581
9,60,0.36075201630592346,0.35675129294395447,0.003987629897892475,0.1307051181793213,0.03096528723835945
9,61,0.13449718058109283,0.1324375569820404,0.002050875686109066,0.0874529629945755,0.05944468080997467
9,62,0.7697504758834839,0.7585809230804443,0.011077984236180782,0.9156655073165894,0.12794990837574005
9,63,0.12687598168849945,0.12498307228088379,0.001884587574750185,0.08307710289955139,0.056402403861284256
9,64,0.34359413385391235,0.3389614522457123,0.004575921222567558,0.5675872564315796,0.04640869051218033
9,65,0.04575659707188606,0.04517725110054016,0.000549756339751184,0.2959088385105133,0.021000802516937256
9,66,0.04451926425099373,0.04402093589305878,0.00046982005005702376,0.2850877344608307,0.021646633744239807
9,67,0.7018712759017944,0.6932425498962402,0.008575753308832645,0.530093252658844,0.09093522280454636
9,68,0.016925321891903877,0.016828177496790886,7.530199945904315e-05,0.2184317260980606,0.0033940724097192287
9,69,0.3880550265312195,0.38246238231658936,0.005519036203622818,0.7362595200538635,0.03509417921304703
9,70,0.7189149856567383,0.7092697024345398,0.009574459865689278,0.7083142995834351,0.07614779472351074
9,71,0.8905549049377441,0.8781924247741699,0.012284943833947182,0.7755547761917114,0.0703791156411171
9,72,0.029003838077187538,0.02883071079850197,0.00015012270887382329,0.23004309833049774,0.006687424145638943
9,73,0.12244335561990738,0.1209084615111351,0.0015283161774277687,0.0658094733953476,0.03737880662083626
9,74,0.36085960268974304,0.353629469871521,0.00717127975076437,0.588555634021759,0.016915149986743927
9,75,0.13485173881053925,0.13205823302268982,0.0027726346161216497,0.2087375670671463,0.09424472600221634
9,76,0.3305358290672302,0.32672470808029175,0.0037809526547789574,0.3014737665653229,0.04343182221055031
9,77,0.014762971550226212,0.014618836343288422,0.00013349975051824003,0.1063564196228981,0.061072610318660736
9,78,0.23955275118350983,0.23654839396476746,0.002983792219310999,0.2056024968624115,0.05459025502204895
9,79,0.4390681982040405,0.43383726477622986,0.005160212516784668,0.70721834897995,0.04731424152851105
9,80,0.02843318320810795,0.028237421065568924,0.00016943842638283968,0.2632271349430084,0.006729244254529476
9,81,0.027470074594020844,0.027256913483142853,0.0001871984568424523,0.25962841510772705,0.0072218794375658035
9,82,0.1243157908320427,0.12262367457151413,0.0016847223741933703,0.07394614070653915,0.05364334583282471
9,83,0.4416094720363617,0.43543195724487305,0.006070566829293966,1.0695754289627075,0.04001063108444214
9,84,0.37908700108528137,0.3745209574699402,0.00454859621822834,0.17432962357997894,0.023119568824768066
9,85,0.4523584842681885,0.44396233558654785,0.008336437866091728,0.5971380472183228,0.07031569629907608
9,86,0.21102546155452728,0.20904144644737244,0.0019679348915815353,0.16077639162540436,0.011819631792604923
9,87,0.24924421310424805,0.24671408534049988,0.002517064567655325,0.13066062331199646,0.01305072195827961
9,88,0.23239244520664215,0.2300378382205963,0.00233888509683311,0.15717492997646332,0.03674259036779404
9,89,0.37988972663879395,0.3755582869052887,0.004314451012760401,0.17000266909599304,0.02452639490365982
9,90,0.43314269185066223,0.4248872697353363,0.00819268450140953,0.6274482607841492,0.05942963808774948
9,91,0.19620387256145477,0.19422383606433868,0.001966865500435233,0.13179603219032288,0.0138936098664999
9,92,0.9335267543792725,0.9137265682220459,0.019397631287574768,4.0257062911987305,0.32324299216270447
9,93,0.968494176864624,0.9455996751785278,0.022184329107403755,7.101756572723389,0.16244344413280487
9,94,0.9941767454147339,0.9733538031578064,0.020388251170516014,4.347201347351074,0.1986307054758072
9,95,0.3519010543823242,0.34387442469596863,0.007965153083205223,0.614681601524353,0.02083011344075203
9,96,0.13905134797096252,0.1361149549484253,0.0029062964022159576,0.30105558037757874,0.11168329417705536
9,97,0.12126410007476807,0.1193905919790268,0.001865342608653009,0.08163568377494812,0.04590928182005882
9,98,0.04109976813197136,0.040648192167282104,0.00042244064388796687,0.29135504364967346,0.020050842314958572
9,99,0.03973691910505295,0.03935609012842178,0.0003528636007104069,0.27965009212493896,0.017850514501333237
9,100,0.8201317191123962,0.799714207649231,0.02007533609867096,3.422168493270874,0.3657152056694031
10,1,0.8923410773277283,0.8768872022628784,0.015343619510531425,1.1027119159698486,0.09263758361339569
10,2,0.013488723896443844,0.013369938358664513,0.00010869109246414155,0.10094532370567322,0.051184654235839844
10,3,1.2124429941177368,1.181800127029419,0.02999923937022686,6.435823440551758,0.20285041630268097
10,4,0.3475223779678345,0.339528352022171,0.00793116819113493,0.62848299741745,0.016274407505989075
10,5,0.0219068955630064,0.021774660795927048,0.00010608222510199994,0.261529803276062,0.0039028050377964973
10,6,0.4521874785423279,0.44327205419540405,0.008851245045661926,0.6418607831001282,0.04822355508804321
10,7,0.9050489068031311,0.8920261263847351,0.01292101014405489,1.0174200534820557,0.11825510859489441
10,8,0.027480343356728554,0.027279013767838478,0.00017503811977803707,0.2629111707210541,0.007556959055364132
10,9,0.34653735160827637,0.3398621082305908,0.006629973649978638,0.45263054966926575,0.016415972262620926
10,10,0.021249283105134964,0.021122904494404793,0.00010062535875476897,0.25753283500671387,0.0036505735479295254
10,11,0.2393484264612198,0.23643501102924347,0.0028925668448209763,0.2084750235080719,0.04572273790836334
10,12,0.855424165725708,0.833422064781189,0.021503932774066925,4.981725215911865,0.31087344884872437
10,13,0.13266266882419586,0.12968428432941437,0.002954968251287937,0.23415915668010712,0.1098540723323822
10,14,0.44198113679885864,0.43369245529174805,0.008232071064412594,0.5662733912467957,0.06733092665672302
10,15,0.89061039686203,0.866299033164978,0.023869549855589867,4.41786527633667,0.5934877395629883
10,16,0.11699867993593216,0.11456298828125,0.002418448915705085,0.1723959743976593,0.08910374343395233
10,17,0.3678591847419739,0.36337390542030334,0.0044685592874884605,0.16721540689468384,0.023402933031320572
10,18,0.35024741291999817,0.3438151478767395,0.006382966414093971,0.4930586516857147,0.02111154794692993
10,19,1.186177372932434,1.1586904525756836,0.026805244386196136,6.816841125488281,0.1397654265165329
10,20,0.12650814652442932,0.12391122430562973,0.0025786920450627804,0.1821756511926651,0.08895361423492432
10,21,0.40945056080818176,0.404123991727829,0.005252496805042028,0.740638256072998,0.03362191468477249
10,22,0.3758735656738281,0.3713599443435669,0.00449752900749445,0.160832479596138,0.022369252517819405
10,23,1.2220228910446167,1.196608304977417,0.024872418493032455,5.421178817749023,0.15690159797668457
10,24,0.3835500180721283,0.3785210847854614,0.004958565812557936,0.7035745978355408,0.04146957024931908
10,25,1.063550353050232,1.0367025136947632,0.02611762098968029,7.303349018096924,0.19470760226249695
10,26,0.36222463846206665,0.3557078242301941,0.006458882242441177,0.5792379379272461,0.03149845451116562
10,27,0.8788924813270569,0.8664793372154236,0.012345554307103157,0.6761599183082581,0.08845578134059906
10,28,0.19512255489826202,0.1931990683078766,0.0019115812610834837,0.1190531849861145,0.01712261512875557
10,29,0.8931206464767456,0.870295524597168,0.022371042519807816,4.540562152862549,0.3785426616668701
10,30,0.608445405960083,0.5957235097885132,0.012502117082476616,2.1975255012512207,0.26358479261398315
10,31,0.3281230628490448,0.3240618109703064,0.004014459438621998,0.4680190682411194,0.04596802592277527
10,32,0.2555738687515259,0.25249987840652466,0.003053884021937847,0.20111270248889923,0.04815928637981415
10,33,0.9007571339607239,0.8872995972633362,0.013370586559176445,0.8696309328079224,0.08889258652925491
10,34,0.7927724123001099,0.7827872633934021,0.009924856014549732,0.6034309267997742,0.10593390464782715
10,35,0.38127240538597107,0.37700164318084717,0.004255221225321293,0.15541063249111176,0.019820265471935272
10,36,1.0267882347106934,1.0005457401275635,0.02548455446958542,7.578814506530762,0.14762628078460693
10,37,0.8472760915756226,0.8245291709899902,0.022367678582668304,3.792787551879883,0.32329779863357544
10,38,0.9711496829986572,0.9459837675094604,0.024523738771677017,6.421812057495117,0.1910938322544098
10,39,0.35448887944221497,0.34814271330833435,0.0062997909262776375,0.46373724937438965,0.015729404985904694
10,40,1.0896246433258057,1.0642890930175781,0.024640357121825218,6.952445030212402,0.19699302315711975
10,41,0.8831598162651062,0.8701098561286926,0.012932801619172096,1.1720746755599976,0.1248239278793335
10,42,0.1335691511631012,0.13177987933158875,0.0017808802658692002,0.08386453986167908,0.04171822592616081
10,43,0.1270260065793991,0.12429092824459076,0.0027061549481004477,0.28917062282562256,0.07300291210412979
10,44,0.3270884156227112,0.3228544592857361,0.004164627753198147,0.6930557489395142,0.03244716301560402
10,45,0.01251042541116476,0.0124192014336586,8.180391159839928e-05,0.09420577436685562,0.0559946708381176
10,46,0.9432839155197144,0.9300435185432434,0.013135110959410667,1.0527012348175049,0.1781015694141388
10,47,0.027787601575255394,0.02757759764790535,0.00018555886344984174,0.24445031583309174,0.007284239400178194
10,48,0.8695021867752075,0.8554201126098633,0.013978417962789536,1.0367660522460938,0.12930729985237122
10,49,0.02745010331273079,0.027253644540905952,0.00017197252600453794,0.24485847353935242,0.007689755409955978
10,50,0.3881531357765198,0.38311558961868286,0.004963289946317673,0.74273681640625,0.04450643062591553
10,51,0.21462903916835785,0.21255086362361908,0.0020604170858860016,0.17758606374263763,0.014502238482236862
10,52,0.015060501173138618,0.014969292096793652,6.885251787025481e-05,0.2235623598098755,0.0031314888037741184
10,53,0.37426242232322693,0.3699007034301758,0.004345049150288105,0.16661959886550903,0.024983758106827736
10,54,0.44838613271713257,0.440498411655426,0.00773578230291605,1.5193836688995361,0.06250190734863281
10,55,0.37687763571739197,0.3722102642059326,0.004648937378078699,0.1844588816165924,0.025752972811460495
10,56,0.3851090669631958,0.38125112652778625,0.0038376087322831154,0.20335626602172852,0.03156661242246628
10,57,1.158352255821228,1.1292619705200195,0.028506681323051453,5.835938930511475,0.16584289073944092
10,58,0.4269799590110779,0.41994959115982056,0.006899563129991293,1.3080997467041016,0.04913295805454254
10,59,0.8398017883300781,0.8172946572303772,0.02211625687777996,3.9087092876434326,0.5356979370117188
10,60,0.8429757356643677,0.8325345516204834,0.010389113798737526,0.521237850189209,0.05447929725050926
10,61,0.400365948677063,0.3963615298271179,0.003978413064032793,0.26023435592651367,0.027408860623836517
10,62,0.9933634996414185,0.9693361520767212,0.023154782131314278,8.725682258605957,0.0936691015958786
10,63,0.12646840512752533,0.12466789782047272,0.001791362534277141,0.09143774956464767,0.0500827431678772
10,64,1.1919801235198975,1.1705033779144287,0.0210784450173378,3.9825382232666016,0.12459339201450348
10,65,0.3474033772945404,0.3414655327796936,0.005900709889829159,0.37146812677383423,0.018952880054712296
10,66,0.44652318954467773,0.43837982416152954,0.007962800562381744,1.8057875633239746,0.06383892893791199
10,67,0.23946824669837952,0.23659825325012207,0.002851747442036867,0.18244622647762299,0.061216868460178375
10,68,0.07277905195951462,0.07222971320152283,0.000542139052413404,0.07196452468633652,0.02037258818745613
10,69,0.9716216921806335,0.9461359977722168,0.024944782257080078,5.408865451812744,0.7393865585327148
10,70,0.046611297875642776,0.046023380011320114,0.0005556746618822217,0.32241809368133545,0.026053301990032196
10,71,0.33110859990119934,0.32657092809677124,0.00449585635215044,0.41804957389831543,0.05401943624019623
10,72,0.015386217273771763,0.015274083241820335,8.674478158354759e-05,0.25388824939727783,0.0032672309316694736
10,73,0.8893201351165771,0.8674934506416321,0.021308138966560364,5.185572624206543,0.4795383810997009
10,74,0.392159640789032,0.38775452971458435,0.004376355558633804,0.28752028942108154,0.03491763770580292
10,75,0.2371087521314621,0.23445940017700195,0.0026314170099794865,0.179341658949852,0.050273776054382324
10,76,0.8877371549606323,0.8775466680526733,0.010106667876243591,0.8379117846488953,0.09973937273025513
10,77,0.8886421918869019,0.8779634237289429,0.010598727501928806,0.800279974937439,0.10296750068664551
10,78,0.417813777923584,0.41316717863082886,0.004574085585772991,0.7250819206237793,0.03896065056324005
10,79,0.39076387882232666,0.38621461391448975,0.004519377835094929,0.2988225817680359,0.03671571612358093
10,80,0.3029971420764923,0.2992250919342041,0.0037321662530303,0.39862775802612305,0.049626365303993225
10,81,0.5838137865066528,0.5778343677520752,0.005953344516456127,0.26025447249412537,0.08286400139331818
10,82,0.44909435510635376,0.4421262741088867,0.006907804869115353,0.6029857993125916,0.08090630173683167
10,83,0.4139261841773987,0.4086274206638336,0.005254353862255812,0.4439322352409363,0.04880286753177643
10,84,0.4568573534488678,0.44981423020362854,0.006925673224031925,1.1744663715362549,0.052920930087566376
10,85,0.7058124542236328,0.6967582106590271,0.008993895724415779,0.6030298471450806,0.10999448597431183
10,86,0.025597089901566505,0.025455065071582794,0.00011539843399077654,0.2662581205368042,0.0027959365397691727
10,87,0.72754967212677,0.7185918688774109,0.008901720866560936,0.5608001947402954,0.09138233214616776
10,88,0.2126370072364807,0.21069416403770447,0.0019279256230220199,0.1491282731294632,0.011307233944535255
10,89,0.8661078214645386,0.8561095595359802,0.009947262704372406,0.5099365711212158,0.06693418323993683
10,90,1.087916612625122,1.0668630599975586,0.020469918847084045,5.836447238922119,0.15450459718704224
10,91,0.2174750119447708,0.21486252546310425,0.00258608884178102,0.26399534940719604,0.021401824429631233
10,92,0.02645791508257389,0.026264090090990067,0.00016783393220975995,0.2599184811115265,0.006532960571348667
10,93,0.875781774520874,0.8631542921066284,0.01248004287481308,1.4747201204299927,0.14491336047649384
10,94,0.4778614938259125,0.4698924720287323,0.007902721874415874,0.6631855368614197,0.09003669023513794
10,95,0.03548923507332802,0.03526884317398071,0.00019205179705750197,0.28339552879333496,0.006342312321066856
10,96,0.1265968233346939,0.12468143552541733,0.0019072300055995584,0.08145126700401306,0.05885009467601776
10,97,0.0228627547621727,0.02272104285657406,0.00011512219498399645,0.2658945918083191,0.002786442171782255
10,98,0.330458402633667,0.3279018998146057,0.002541357185691595,0.1514769345521927,0.0511549673974514
10,99,0.01952965371310711,0.01939917728304863,0.00010513221059227362,0.25344952940940857,0.003388445358723402
10,100,0.9065260291099548,0.8928159475326538,0.013576943427324295,1.331326961517334,0.06802570819854736
11,1,0.8712562322616577,0.8526211977005005,0.018287116661667824,3.47940993309021,0.272067129611969
11,2,0.4026705026626587,0.3961380124092102,0.006421082653105259,1.113935112953186,0.038578759878873825
11,3,0.3540453612804413,0.3467332124710083,0.007252420298755169,0.5972492098808289,0.03000170923769474
11,4,0.8323549628257751,0.8116042017936707,0.02038900926709175,3.6171209812164307,0.590981125831604
11,5,1.213189959526062,1.18596613407135,0.02670973539352417,5.142055988311768,0.20700767636299133
11,6,0.43986976146698,0.4316559433937073,0.008057903498411179,1.5594006776809692,0.06532251834869385
11,7,0.8726528882980347,0.8559648990631104,0.01632808893918991,3.59865140914917,0.17314478754997253
11,8,1.1817307472229004,1.1506767272949219,0.029981091618537903,10.728734970092773,0.1843893826007843
11,9,0.9238607883453369,0.9103318452835083,0.013449298217892647,0.7960306406021118,0.07990338653326035
11,10,0.9391188025474548,0.9166930913925171,0.021746782585978508,6.7898030281066895,0.11306391656398773
11,11,0.01867571845650673,0.018573611974716187,7.780981104588136e-05,0.2429632544517517,0.003735161852091551
11,12,0.8941964507102966,0.8708091974258423,0.02281821519136429,5.690459251403809,0.45133697986602783
11,13,0.12974600493907928,0.12647104263305664,0.00325158704072237,0.23378337919712067,0.08255134522914886
11,14,0.6129195094108582,0.5987575054168701,0.013903854414820671,2.581676959991455,0.22948554158210754
11,15,0.7505670189857483,0.7305333018302917,0.01949762925505638,5.360761642456055,0.2987184226512909
11,16,0.015221194364130497,0.015071790665388107,0.00013847382797393948,0.10930405557155609,0.04856080561876297
11,17,0.829913854598999,0.8062008619308472,0.02315717190504074,5.5581183433532715,0.39507147669792175
11,18,0.013741391710937023,0.013622170314192772,0.00010807591024786234,0.1114475354552269,0.0568293035030365
11,19,0.4928644895553589,0.48382553458213806,0.008843280375003815,1.956788420677185,0.06549514085054398
11,20,0.799039900302887,0.7763885855674744,0.022229935973882675,4.213841438293457,0.4168093800544739
11,21,0.3942502439022064,0.38784539699554443,0.006330214440822601,0.7463745474815369,0.036364831030368805
11,22,0.19932489097118378,0.19691351056098938,0.0023912687320262194,0.20119039714336395,0.01590666174888611
11,23,0.23621805012226105,0.23289979994297028,0.003291626228019595,0.2662839889526367,0.033070772886276245
11,24,0.03091856651008129,0.030787795782089233,0.00012069190415786579,0.10079231858253479,0.021019984036684036
11,25,0.3409018814563751,0.3342551589012146,0.0065949782729148865,0.5173277854919434,0.011619236320257187
11,26,1.1458555459976196,1.1185381412506104,0.026726234704256058,5.911282062530518,0.1630491316318512
11,27,0.1981685310602188,0.19595274329185486,0.0021977152209728956,0.18074750900268555,0.010393107309937477
11,28,0.44148415327072144,0.4329302906990051,0.008492987602949142,0.6089569330215454,0.051863282918930054
11,29,0.62210613489151,0.6077340841293335,0.014124073088169098,2.4795031547546387,0.24209845066070557
11,30,0.25376537442207336,0.250393271446228,0.0033455449156463146,0.26548177003860474,0.0535399466753006
11,31,0.8700446486473083,0.8484965562820435,0.021053485572338104,4.946264743804932,0.4095419645309448
11,32,0.41076090931892395,0.40580666065216064,0.0049142492935061455,0.4000615179538727,0.0365653932094574
11,33,0.26185500621795654,0.25706446170806885,0.004697223659604788,0.9330403208732605,0.040911056101322174
11,34,0.2215685099363327,0.21866075694561005,0.0028918429743498564,0.1591319441795349,0.05471981316804886
11,35,1.149668574333191,1.1259841918945312,0.02321784943342209,4.666193962097168,0.20996901392936707
11,36,0.42597725987434387,0.42117804288864136,0.004770258441567421,0.28981518745422363,0.037838686257600784
11,37,0.03391809016466141,0.03368602320551872,0.00020679172303061932,0.2527657151222229,0.008519675582647324
11,38,0.4451446533203125,0.43952882289886475,0.005525680258870125,0.9015464782714844,0.035285584628582
11,39,1.1175295114517212,1.0941046476364136,0.02288738265633583,5.374709606170654,0.18097807466983795
11,40,0.2029472142457962,0.2008671760559082,0.0020606748294085264,0.19358648359775543,0.013502536341547966
11,41,0.3877381980419159,0.38326379656791687,0.004438422154635191,0.35975033044815063,0.030021976679563522
11,42,0.2469414323568344,0.24405167996883392,0.002867070259526372,0.2268456071615219,0.04846610501408577
11,43,0.018643425777554512,0.018511703237891197,0.00010576391650829464,0.2595752775669098,0.0040323371067643166
11,44,0.8505590558052063,0.8301765322685242,0.02000446617603302,3.7806482315063477,0.561726450920105
11,45,0.44135236740112305,0.4331541657447815,0.008013670332729816,1.845483422279358,0.05886943265795708
11,46,1.1359635591506958,1.1159493923187256,0.019638219848275185,3.759946823120117,0.12273979932069778
11,47,0.9908343553543091,0.9634538888931274,0.026445630937814713,9.348679542541504,0.11008362472057343
11,48,0.05486442148685455,0.05422693118453026,0.0006030977237969637,0.343917578458786,0.030078165233135223
11,49,0.2464553713798523,0.2432316541671753,0.0031996688339859247,0.2404552847146988,0.05740788206458092
11,50,0.8764235973358154,0.8542713522911072,0.021606698632240295,5.4554290771484375,0.3149794340133667
11,51,0.38027796149253845,0.3756815195083618,0.0045789857394993305,0.17455513775348663,0.02341523952782154
11,52,0.9229397177696228,0.8959999680519104,0.026304684579372406,6.350866794586182,0.35949087142944336
11,53,0.14465497434139252,0.14039595425128937,0.004213773645460606,0.4523977041244507,0.11672293394804001
11,54,0.045123595744371414,0.044585127383470535,0.0005078629474155605,0.30608534812927246,0.024181488901376724
11,55,1.1978249549865723,1.152699589729309,0.04353844374418259,15.869149208068848,0.26945221424102783
11,56,0.37848466634750366,0.3739365339279175,0.004530295729637146,0.17824450135231018,0.02483193948864937
11,57,1.0437878370285034,1.014819622039795,0.02805371955037117,9.14458179473877,0.23215511441230774
11,58,0.8851401209831238,0.8717570900917053,0.01325515192002058,1.2783560752868652,0.1539917290210724
11,59,0.33598360419273376,0.3317576050758362,0.004173628520220518,0.5237410664558411,0.03529409319162369
11,60,0.3604445457458496,0.3556143641471863,0.004762919619679451,0.6725624799728394,0.035023320466279984
11,61,0.3837346136569977,0.3771653473377228,0.00651292409747839,0.5637096166610718,0.011334560811519623
11,62,0.9194101691246033,0.9070626497268677,0.01224525086581707,1.0228990316390991,0.09138364344835281
11,63,0.1299731284379959,0.12806016206741333,0.001904920907691121,0.08047483116388321,0.04784851521253586
11,64,0.4502229690551758,0.4440690279006958,0.006033746059983969,1.2018921375274658,0.030421078205108643
11,65,0.015343987382948399,0.015220040455460548,0.00011329056724207476,0.10656040906906128,0.056987691670656204
11,66,0.7071408629417419,0.6973097324371338,0.009758993983268738,0.7213791608810425,0.09011855721473694
11,67,0.2285597175359726,0.22604593634605408,0.002497784560546279,0.16000275313854218,0.049565188586711884
11,68,0.20913885533809662,0.20700201392173767,0.0021140449680387974,0.2279483526945114,0.019046876579523087
11,69,0.21270690858364105,0.21013301610946655,0.002549913711845875,0.239822119474411,0.022958599030971527
11,70,1.1569099426269531,1.1283082962036133,0.0279949102550745,6.067498207092285,0.17307613790035248
11,71,0.3492911458015442,0.34274840354919434,0.006424520164728165,1.1823084354400635,0.07689917087554932
11,72,0.9754044413566589,0.9483455419540405,0.02635636180639267,7.025618076324463,0.6288483142852783
11,73,0.022230040282011032,0.02209688350558281,0.00010541999654378742,0.2773624658584595,0.0031661796383559704
11,74,0.905315637588501,0.8801880478858948,0.02454988658428192,5.777003765106201,0.3399507403373718
11,75,1.0275347232818604,1.0040472745895386,0.02288180962204933,6.055978298187256,0.12762627005577087
11,76,0.9798364043235779,0.9569137096405029,0.022242382168769836,6.802997589111328,0.16881254315376282
11,77,0.8882774114608765,0.8674121499061584,0.02043321542441845,4.320982456207275,0.5067586898803711
11,78,0.4354698061943054,0.42727163434028625,0.007983220741152763,2.1497561931610107,0.06350583583116531
11,79,0.028012864291667938,0.027784714475274086,0.00020084634888917208,0.2730199098587036,0.008155399933457375
11,80,0.14095962047576904,0.1378360092639923,0.003095535095781088,0.28080984950065613,0.1264478862285614
11,81,0.4400811195373535,0.4335852265357971,0.006442902609705925,0.5299372673034668,0.04923930764198303
11,82,0.026847748085856438,0.02665777876973152,0.00016486385720781982,0.25105535984039307,0.007540985010564327
11,83,0.512554407119751,0.5061136484146118,0.006307435687631369,1.333483099937439,0.04566308856010437
11,84,0.3548288345336914,0.3492100238800049,0.005575324408710003,0.43467116355895996,0.027524035423994064
11,85,1.1179726123809814,1.0973631143569946,0.019983384758234024,6.2612409591674805,0.14811551570892334
11,86,0.0275145024061203,0.02732776664197445,0.0001597668742761016,0.26969537138938904,0.006574384402483702
11,87,0.40455862879753113,0.3996787667274475,0.004853201098740101,0.26676642894744873,0.032163314521312714
11,88,0.3454253375530243,0.34026822447776794,0.005085522308945656,0.7158691883087158,0.060893818736076355
11,89,0.7777884006500244,0.7658877968788147,0.011776287108659744,1.2432876825332642,0.1353917419910431
11,90,0.02473420463502407,0.024623483419418335,8.664988854434341e-05,0.24070286750793457,0.0028676725924015045
11,91,0.8825806379318237,0.8706997632980347,0.011813893914222717,0.6700034737586975,0.10114167630672455
11,92,1.0276044607162476,1.000943660736084,0.025852099061012268,8.087502479553223,0.16506043076515198
11,93,0.8429667353630066,0.8207644820213318,0.02180834673345089,3.9391870498657227,0.3449333906173706
11,94,0.013870153576135635,0.013754624873399734,0.00010547429701546207,0.10054132342338562,0.04013560712337494
11,95,0.8705337643623352,0.8590946197509766,0.011333305388689041,1.0583932399749756,0.11970248818397522
11,96,0.013364299200475216,0.013254680670797825,9.957322617992759e-05,0.10045170783996582,0.04528217762708664
11,97,0.6203669905662537,0.606879711151123,0.013247780501842499,2.3946523666381836,0.24201735854148865
11,98,0.01406175922602415,0.013948161154985428,0.00010324419417884201,0.10353213548660278,0.051737334579229355
11,99,0.7342400550842285,0.7248022556304932,0.009366057813167572,0.7178844809532166,0.08925600349903107
11,100,1.1044830083847046,1.0733087062835693,0.03029257245361805,8.817312240600586,0.1785002499818802
12,1,0.4471227824687958,0.4385026693344116,0.008434120565652847,1.8600534200668335,0.04887474328279495
12,2,0.34713509678840637,0.340431809425354,0.006657058373093605,0.46217867732048035,0.025338219478726387
12,3,0.41766223311424255,0.41228342056274414,0.005282935686409473,0.9588389992713928,0.03187866508960724
12,4,0.325924813747406,0.32131192088127136,0.0045589604414999485,0.5393626689910889,0.037786584347486496
12,5,0.24695202708244324,0.2439744621515274,0.0029531465843319893,0.2443017065525055,0.044952817261219025
12,6,0.35529252886772156,0.34782785177230835,0.0074042826890945435,0.6041243076324463,0.030541181564331055
12,7,0.8345415592193604,0.8100424408912659,0.024070924147963524,4.282284736633301,0.6280158162117004
12,8,0.017453404143452644,0.01732931286096573,9.751947072800249e-05,0.26572316884994507,0.0036788927391171455
12,9,0.2048064023256302,0.20265768468379974,0.002128804801031947,0.1990276575088501,0.015417560003697872
12,10,0.7849893569946289,0.7636327743530273,0.02096627652645111,3.9027669429779053,0.3059886395931244
12,11,1.074604868888855,1.0547508001327515,0.01947074942290783,3.833496332168579,0.09970998018980026
12,12,0.9093524813652039,0.887688159942627,0.0211197417229414,5.445797443389893,0.45527854561805725
12,13,0.029809709638357162,0.02960914559662342,0.0001740618172334507,0.2650258541107178,0.008751100860536098
12,14,0.44754666090011597,0.4418647587299347,0.005595775321125984,0.8613250255584717,0.038542211055755615
12,15,0.8599112629890442,0.8375080823898315,0.02198580466210842,4.173336505889893,0.5956873893737793
12,16,0.13952508568763733,0.13659313321113586,0.002906287554651499,0.25660577416419983,0.12419067323207855
12,17,0.9575278759002686,0.9332363605499268,0.023575183004140854,7.163417816162109,0.1400274634361267
12,18,0.18904148042201996,0.18721544742584229,0.001815050607547164,0.10982956737279892,0.013274000957608223
12,19,0.37817105650901794,0.3741651177406311,0.0039850398898124695,0.2090204507112503,0.020229008048772812
12,20,0.9048231840133667,0.8937743902206421,0.010942816734313965,1.059855580329895,0.07753660529851913
12,21,0.04779016971588135,0.04730318486690521,0.0004561913665384054,0.3079388439655304,0.02547491155564785
12,22,0.42375075817108154,0.4172114431858063,0.006407346110790968,1.3196152448654175,0.04045262187719345
12,23,0.045442573726177216,0.044920992106199265,0.000491210026666522,0.30373072624206543,0.02258741855621338
12,24,0.20504280924797058,0.20337659120559692,0.0016528744017705321,0.13334627449512482,0.008733496069908142
12,25,0.04252554476261139,0.042064763605594635,0.00043116690358147025,0.29617249965667725,0.0212860107421875
12,26,0.3372986316680908,0.3331857919692993,0.00406099297106266,0.5184730887413025,0.03317779302597046
12,27,0.944171130657196,0.9240185022354126,0.019635898992419243,5.167316913604736,0.15316267311573029
12,28,0.8497208952903748,0.8401696681976318,0.009506328962743282,0.448616623878479,0.07365677505731583
12,29,0.3857235610485077,0.3815326392650604,0.0041565485298633575,0.3435971736907959,0.031213726848363876
12,30,0.8867442607879639,0.8767457008361816,0.009934557601809502,0.6401228308677673,0.0928061306476593
12,31,0.8325777649879456,0.8118795156478882,0.020209264010190964,4.889708518981934,0.4302590787410736
12,32,0.23522375524044037,0.23220029473304749,0.0030007839668542147,0.22678473591804504,0.056395091116428375
12,33,0.9726960062980652,0.9490463733673096,0.02302958071231842,6.200704574584961,0.2335059940814972
12,34,0.9181687235832214,0.9054893255233765,0.012545892968773842,1.3351134061813354,0.16727107763290405
12,35,0.43392935395240784,0.4258483648300171,0.007877922616899014,2.0306942462921143,0.048608437180519104
12,36,0.3780410885810852,0.3739131689071655,0.004110855516046286,0.1708662062883377,0.01828169636428356
12,37,0.6668976545333862,0.6515079140663147,0.015103397890925407,2.8631465435028076,0.2518872022628784
12,38,0.027614926919341087,0.0274138655513525,0.00017421008669771254,0.2685176432132721,0.006671511568129063
12,39,0.6861956119537354,0.6775456666946411,0.008589155972003937,0.6081203818321228,0.061570897698402405
12,40,0.6140860915184021,0.6005502939224243,0.01328801829367876,2.477976083755493,0.19795864820480347
12,41,0.33026331663131714,0.3262297511100769,0.003995160572230816,0.384246289730072,0.03322339057922363
12,42,0.3259180188179016,0.3215884566307068,0.0042832279577851295,0.4632854759693146,0.034179531037807465
12,43,0.5978142023086548,0.5849652290344238,0.012660150416195393,1.8881009817123413,0.20673835277557373
12,44,0.4102018475532532,0.4057762920856476,0.0043968153186142445,0.28737694025039673,0.03279738128185272
12,45,0.1317978799343109,0.12992268800735474,0.0018659902270883322,0.09209953993558884,0.05717073380947113
12,46,0.1976383626461029,0.19557815790176392,0.002045351080596447,0.1485615074634552,0.014403345994651318
12,47,0.123966746032238,0.12104244530200958,0.002899578772485256,0.24719825387001038,0.10004352778196335
12,48,0.4024176299571991,0.39557039737701416,0.006792380008846521,0.5486192107200623,0.06844373792409897
12,49,0.8901721835136414,0.878152072429657,0.011905919760465622,1.1420891284942627,0.09822915494441986
12,50,0.20567674934864044,0.2036053091287613,0.0020543639548122883,0.17071643471717834,0.011615108698606491
12,51,1.1393797397613525,1.1139297485351562,0.024875760078430176,5.742077827453613,0.1274200677871704
12,52,0.021192530170083046,0.02106989547610283,9.663059609010816e-05,0.26004931330680847,0.0031118388287723064
12,53,0.1882345825433731,0.18652723729610443,0.0016951565630733967,0.12193246185779572,0.012657532468438148
12,54,0.04521267116069794,0.04469800740480423,0.0004837599699385464,0.30904173851013184,0.02435891330242157
12,55,0.931411623954773,0.9170328974723816,0.01417471282184124,2.0401484966278076,0.18973737955093384
12,56,0.4000116288661957,0.3956027626991272,0.004378918092697859,0.2994694709777832,0.04321225732564926
12,57,0.42228928208351135,0.41660258173942566,0.005608604289591312,0.7809571623802185,0.047382157295942307
12,58,0.870730459690094,0.8456125259399414,0.024579187855124474,5.387941360473633,0.39512771368026733
12,59,0.016689861193299294,0.016594737768173218,7.149162411224097e-05,0.2363065779209137,0.005184818059206009
12,60,0.014446217566728592,0.014319471083581448,0.00011642638855846599,0.1032027080655098,0.05863920599222183
12,61,0.3423117697238922,0.33730268478393555,0.004935479257255793,0.7362653613090515,0.041945476084947586
12,62,0.02154555730521679,0.02141125500202179,0.00010903703514486551,0.25265178084373474,0.003684096038341522
12,63,0.32123419642448425,0.3188219964504242,0.002399977995082736,0.12219797074794769,0.024043340235948563
12,64,0.4879862070083618,0.4798703193664551,0.007947930134832859,1.6795991659164429,0.07243933528661728
12,65,0.9184532761573792,0.893548846244812,0.024414142593741417,4.902842044830322,0.4604118764400482
12,66,0.3465484380722046,0.33780637383461,0.008649246767163277,0.9280168414115906,0.04175803065299988
12,67,0.9734765887260437,0.9462467432022095,0.02639826014637947,8.315829277038574,0.17569780349731445
12,68,0.27577248215675354,0.2721375823020935,0.0036070807836949825,0.2781839072704315,0.09202636778354645
12,69,0.036647919565439224,0.03643687069416046,0.00017943013517651707,0.31620922684669495,0.0076326895505189896
12,70,1.2289537191390991,1.2035133838653564,0.024953339248895645,4.869772911071777,0.11657436192035675
12,71,0.9389726519584656,0.9273196458816528,0.011577218770980835,0.7574983835220337,0.04423712193965912
12,72,0.028840452432632446,0.02874811179935932,6.829583435319364e-05,0.24044367671012878,0.0039418768137693405
12,73,0.04836434870958328,0.047968097031116486,0.0003685370902530849,0.2771710455417633,0.01829383336007595
12,74,0.36434251070022583,0.36059892177581787,0.003731230739504099,0.12362218648195267,0.0115688256919384
12,75,0.044674355536699295,0.044214602559804916,0.0004294562095310539,0.30298757553100586,0.02040797472000122
12,76,0.015227536670863628,0.015128114260733128,7.383166666841134e-05,0.25590863823890686,0.003015329595655203
12,77,0.8638988733291626,0.8433337211608887,0.020099502056837082,4.656242370605469,0.46094799041748047
12,78,0.9289845824241638,0.9036495685577393,0.024500448256731033,8.34561538696289,0.11208459734916687
12,79,0.8686290979385376,0.8527958393096924,0.015473993495106697,3.5924601554870605,0.15898171067237854
12,80,0.13185349106788635,0.12996011972427368,0.0018845791928470135,0.08794369548559189,0.06405561417341232
12,81,0.47136449813842773,0.46274614334106445,0.008544253185391426,0.7409207224845886,0.0717790350317955
12,82,0.660180926322937,0.6425316333770752,0.017224589362740517,4.246954441070557,0.29028159379959106
12,83,0.953548014163971,0.9291719198226929,0.023531580343842506,8.44523811340332,0.14400306344032288
12,84,0.8389072418212891,0.8181744813919067,0.02034144476056099,3.9129371643066406,0.33290770649909973
12,85,0.014831648208200932,0.014795606955885887,3.599751289584674e-05,0.00043556548189371824,0.0008660672465339303
12,86,1.070353627204895,1.0421228408813477,0.027343615889549255,8.871827125549316,0.19078613817691803
12,87,0.33426034450531006,0.3284579813480377,0.005723452195525169,0.7892026901245117,0.04290046542882919
12,88,0.1321115493774414,0.1301700621843338,0.001932795625180006,0.08686859160661697,0.05906343460083008
12,89,0.922149658203125,0.9092717170715332,0.012777689844369888,1.002826452255249,0.08670715242624283
12,90,0.44594085216522217,0.44083327054977417,0.005074185319244862,0.33420005440711975,0.037678658962249756
12,91,0.12261541187763214,0.12084008008241653,0.001767751295119524,0.07574905455112457,0.05073774233460426
12,92,0.015824899077415466,0.01571718603372574,7.95815940364264e-05,0.28131139278411865,0.003108888864517212
12,93,0.01996282860636711,0.01981472223997116,0.00011845359404105693,0.2965336740016937,0.0037552472203969955
12,94,0.4031008183956146,0.39863893389701843,0.004431767854839563,0.3011800944805145,0.02833249606192112
12,95,1.1377403736114502,1.1135928630828857,0.023688029497861862,4.593970775604248,0.16109876334667206
12,96,0.5998083353042603,0.5863067507743835,0.013276354409754276,2.252617597579956,0.20721596479415894
12,97,0.017938338220119476,0.0178242065012455,8.691163384355605e-05,0.272213339805603,0.003796984441578388
12,98,0.026625879108905792,0.026419371366500854,0.00017713244596961886,0.2937571704387665,0.007794097065925598
12,99,1.2007805109024048,1.1724361181259155,0.027675509452819824,6.6887993812561035,0.19261638820171356
12,100,0.11473415046930313,0.11350410431623459,0.0012265489203855395,0.03494962304830551,0.028534553945064545
13,1,0.013523450121283531,0.013425905257463455,7.055088644847274e-05,0.26994016766548157,0.0033791838213801384
13,2,0.4707598090171814,0.4624757170677185,0.00821186788380146,0.7221638560295105,0.057762473821640015
13,3,0.37622126936912537,0.37232673168182373,0.0038796262815594673,0.14910051226615906,0.017283502966165543
13,4,1.0002669095993042,0.9785476326942444,0.021110642701387405,6.085644245147705,0.17612582445144653
13,5,0.018844613805413246,0.018714547157287598,0.00010244211443932727,0.2762426733970642,0.0035688471980392933
13,6,0.005555353593081236,0.005526611115783453,5.141794190421933e-06,0.2360045164823532,0.0013544083340093493
13,7,0.9487044811248779,0.9217818975448608,0.025898195803165436,10.243678092956543,0.12242238223552704
13,8,0.9434728622436523,0.931597888469696,0.011776456609368324,0.9854918718338013,0.1027831882238388
13,9,0.7470388412475586,0.727283775806427,0.019222889095544815,5.321591377258301,0.32706236839294434
13,10,0.01439853198826313,0.014283843338489532,0.00010389607632532716,0.10792000591754913,0.07166799902915955
13,11,0.7680298686027527,0.758041501045227,0.009891839697957039,0.9650951623916626,0.09474661946296692
13,12,0.17956790328025818,0.17791402339935303,0.0016422923654317856,0.11598087847232819,0.010576799511909485
13,13,0.20520086586475372,0.20295754075050354,0.0022201980464160442,0.23123259842395782,0.012241119518876076
13,14,0.395905077457428,0.3918848931789398,0.003996860235929489,0.23328551650047302,0.02182839997112751
13,15,0.9061781764030457,0.8935760259628296,0.012499641627073288,1.025285005569458,0.07905091345310211
13,16,0.013540945015847683,0.01339524332433939,0.00013517656771000475,0.10524854809045792,0.05134940892457962
13,17,0.35833466053009033,0.35153454542160034,0.006747090257704258,0.5302672982215881,0.011763599701225758
13,18,0.3734476566314697,0.3693658709526062,0.004061707761138678,0.20086818933486938,0.016777805984020233
13,19,0.015557919628918171,0.015458473935723305,7.322901365114376e-05,0.2621704936027527,0.0032515297643840313
13,20,0.015569155104458332,0.015468607656657696,7.38492381060496e-05,0.2669793367385864,0.0033840080723166466
13,21,0.2250431329011917,0.22233131527900696,0.0026923948898911476,0.19411225616931915,0.045639801770448685
13,22,0.4567829370498657,0.4473053514957428,0.009406061843037605,0.7151665091514587,0.09176725149154663
13,23,0.8841281533241272,0.8716455698013306,0.012362375855445862,1.2024215459823608,0.15999582409858704
13,24,0.0051162587478756905,0.00508532952517271,6.75312548992224e-06,0.24176396429538727,0.0016061343485489488
13,25,1.198606014251709,1.15475594997406,0.04237876832485199,14.712387084960938,0.19582119584083557
13,26,0.013779881410300732,0.013677449896931648,9.143758506979793e-05,0.10993990302085876,0.06064033880829811
13,27,0.22864025831222534,0.2260214239358902,0.002602732740342617,0.16111071407794952,0.03631814941763878
13,28,0.3269787132740021,0.32235944271087646,0.004555358551442623,0.6391919255256653,0.03543255105614662
13,29,0.03922255337238312,0.03885617107152939,0.0003361433045938611,0.30236974358558655,0.018998268991708755
13,30,0.31918975710868835,0.314979612827301,0.004160530399531126,0.4962090253829956,0.036996811628341675
13,31,0.8761593103408813,0.8619293570518494,0.014047259464859962,1.8266890048980713,0.10803060233592987
13,32,0.9793455004692078,0.9480264782905579,0.030492059886455536,8.26941204071045,0.618788480758667
13,33,1.1465568542480469,1.106564998626709,0.03836078941822052,16.309724807739258,0.17328202724456787
13,34,0.3418702781200409,0.33663883805274963,0.005153030157089233,0.7840049862861633,0.04637311026453972
13,35,0.8869878053665161,0.8637553453445435,0.022749099880456924,4.833532333374023,0.538393497467041
13,36,0.4431760013103485,0.43692877888679504,0.006148609798401594,0.9861651659011841,0.04530758410692215
13,37,0.26395565271377563,0.26049327850341797,0.0034324158914387226,0.2996470630168915,0.05962967500090599
13,38,0.5047206282615662,0.49987292289733887,0.0048116291873157024,0.3603980243206024,0.07459366321563721
13,39,0.7910632491111755,0.7715944051742554,0.019086992368102074,3.8184633255004883,0.2758272886276245
13,40,0.02340880036354065,0.02325436659157276,0.00012181023339508101,0.32623904943466187,0.0029509766027331352
13,41,0.35046815872192383,0.34425830841064453,0.006157344207167625,0.5252386331558228,0.013603154569864273
13,42,0.020907806232571602,0.020792199298739433,8.432236791122705e-05,0.3128490447998047,0.0028224436100572348
13,43,0.04685662314295769,0.04637409374117851,0.000446952210040763,0.3557490110397339,0.02213458903133869
13,44,0.01615961641073227,0.016024118289351463,0.00012303920811973512,0.12459906190633774,0.07477063685655594
13,45,0.02125098556280136,0.021107476204633713,0.00011240503226872534,0.31103381514549255,0.0025629366282373667
13,46,0.029178375378251076,0.028781630098819733,0.0003646638069767505,0.3208179473876953,0.014015254564583302
13,47,0.982763409614563,0.9544612169265747,0.02737271413207054,9.29492473602295,0.18624544143676758
13,48,1.1098941564559937,1.0889968872070312,0.020513499155640602,3.8379297256469727,0.12963879108428955
13,49,1.0271977186203003,1.00303053855896,0.02344450168311596,7.226095199584961,0.19209930300712585
13,50,0.4867993891239166,0.47740089893341064,0.009180020540952682,2.1849303245544434,0.0435192808508873
13,51,0.868204653263092,0.8568205237388611,0.011267817579209805,1.1629656553268433,0.12478555738925934
13,52,1.0487682819366455,1.019822359085083,0.028077982366085052,8.68000602722168,0.18965987861156464
13,53,0.4006690979003906,0.39484986662864685,0.005706235766410828,1.1301192045211792,0.04773831367492676
13,54,0.03802840784192085,0.03791861608624458,8.296942542074248e-05,0.26821401715278625,0.003538361983373761
13,55,0.8914527893066406,0.8728406429290771,0.018260102719068527,3.5203192234039307,0.5831129550933838
13,56,0.4875794053077698,0.4791014492511749,0.008350081741809845,1.2788641452789307,0.08327607810497284
13,57,1.005448579788208,0.9781785011291504,0.026404879987239838,8.65184211730957,0.5699701309204102
13,58,0.08532825112342834,0.08416285365819931,0.001159478211775422,0.059153854846954346,0.03975757956504822
13,59,0.0298939011991024,0.02966148778796196,0.000202669994905591,0.2974282503128052,0.008483236655592918
13,60,0.4653613269329071,0.458715558052063,0.006526838056743145,1.1892777681350708,0.05458027124404907
13,61,0.9160912036895752,0.895650327205658,0.019831180572509766,6.097114086151123,0.12992487847805023
13,62,0.3996709883213043,0.3932359218597412,0.0063168504275381565,1.182328701019287,0.06488093733787537
13,63,0.607396125793457,0.5955489873886108,0.011651743203401566,1.9537311792373657,0.2797699570655823
13,64,1.1259044408798218,1.1052600145339966,0.02027790993452072,3.666224956512451,0.1478225290775299
13,65,0.4007814824581146,0.3955092430114746,0.0052225650288164616,0.4967237412929535,0.040363382548093796
13,66,0.8881341218948364,0.8771666288375854,0.010872244834899902,0.952262282371521,0.1307278275489807
13,67,1.1137964725494385,1.0918127298355103,0.021428950130939484,5.547654628753662,0.13498994708061218
13,68,0.3866710364818573,0.38143908977508545,0.005152028985321522,0.7992380857467651,0.04850873351097107
13,69,0.03574260324239731,0.035530541092157364,0.00018325619748793542,0.28806254267692566,0.00784137099981308
13,70,0.13140536844730377,0.12976369261741638,0.0016348252538591623,0.0684719979763031,0.04924020916223526
13,71,0.5804823040962219,0.5679089426994324,0.012335864827036858,2.3753318786621094,0.230543315410614
13,72,0.9989386796951294,0.9740423560142517,0.024054285138845444,8.420368194580078,0.11935500800609589
13,73,0.9460875988006592,0.9339849948883057,0.011993320658802986,1.092786192893982,0.0720151886343956
13,74,0.021558962762355804,0.021438676863908768,9.483331814408302e-05,0.25452476739883423,0.003348215948790312
13,75,0.8832245469093323,0.8540727496147156,0.028440795838832855,7.110281467437744,0.3015938103199005
13,76,0.13456161320209503,0.13173863291740417,0.002802640898153186,0.2034091353416443,0.09727077186107635
13,77,0.01860683597624302,0.018497958779335022,8.484264253638685e-05,0.24034623801708221,0.003007895778864622
13,78,0.3934250473976135,0.38947415351867676,0.00392104173079133,0.29849642515182495,0.027589602395892143
13,79,0.33235055208206177,0.3279641270637512,0.004335232079029083,0.5120362639427185,0.040942996740341187
13,80,0.2454027533531189,0.2426626831293106,0.002721542725339532,0.185286745429039,0.03971894830465317
13,81,0.4679352641105652,0.4615519940853119,0.0062556518241763115,1.2762367725372314,0.04097642004489899
13,82,0.2355082482099533,0.23307548463344574,0.0024139161687344313,0.18847665190696716,0.04046265780925751
13,83,0.25420528650283813,0.2516436278820038,0.0025466973893344402,0.14960263669490814,0.01757831498980522
13,84,0.02591041848063469,0.025786180049180984,9.782720735529438e-05,0.26410019397735596,0.0025610497687011957
13,85,0.5083333253860474,0.49787458777427673,0.010387742891907692,0.7098600268363953,0.15456053614616394
13,86,0.029850751161575317,0.02964918315410614,0.00017356715397909284,0.28001824021339417,0.006045937538146973
13,87,0.1373644769191742,0.13435788452625275,0.0029807586688548326,0.2583696246147156,0.12034744024276733
13,88,0.01769334450364113,0.017577355727553368,0.00010462791397003457,0.11360394209623337,0.05524654686450958
13,89,0.862903356552124,0.8520810604095459,0.010717667639255524,1.0461366176605225,0.09401831030845642
13,90,1.0565738677978516,1.0134042501449585,0.041490308940410614,16.792551040649414,0.14285306632518768
13,91,0.02584664523601532,0.025721106678247452,0.00010065780952572823,0.24882109463214874,0.003674289910122752
13,92,0.4158763587474823,0.4119777977466583,0.003858816809952259,0.39743947982788086,0.01707552745938301
13,93,0.6292445659637451,0.616516649723053,0.012480225414037704,2.4774577617645264,0.18887990713119507
13,94,0.6375898122787476,0.623725414276123,0.013542558066546917,3.2183821201324463,0.23619869351387024
13,95,0.4372844994068146,0.4327458441257477,0.004494053777307272,0.4460728168487549,0.03291112184524536
13,96,0.6917496919631958,0.6828781366348267,0.008811281993985176,0.602581799030304,0.08585505932569504
13,97,0.34825876355171204,0.34295570850372314,0.0052108452655375,0.9220576286315918,0.05419488251209259
13,98,0.19794945418834686,0.19599378108978271,0.0019370712107047439,0.18592272698879242,0.019132204353809357
13,99,0.1452154517173767,0.14344783127307892,0.0017598088597878814,0.07805345952510834,0.05187184736132622
13,100,0.1414470076560974,0.13971352577209473,0.0017253831028938293,0.08110354840755463,0.05321791023015976
14,1,0.7259051203727722,0.7164247035980225,0.009406516328454018,0.7389330267906189,0.11397142708301544
14,2,0.3540879487991333,0.3476826548576355,0.0063493335619568825,0.5595776438713074,0.012423711828887463
14,3,0.5704658031463623,0.5584664344787598,0.01182131189852953,1.7804220914840698,0.2700018584728241
14,4,0.02241123653948307,0.022283442318439484,0.00010293279046891257,0.24860475957393646,0.003940800670534372
14,5,0.04647893086075783,0.04600859433412552,0.00044187021558173,0.2846495807170868,0.023361751809716225
14,6,0.02989707887172699,0.029715292155742645,0.00015682721277698874,0.24958914518356323,0.00809287466108799
14,7,0.6930680274963379,0.6849683523178101,0.008043857291340828,0.5576966404914856,0.0653144121170044
14,8,0.03023460879921913,0.030028291046619415,0.00018024866585619748,0.26069703698158264,0.008497605100274086
14,9,0.22418759763240814,0.22211314737796783,0.002063165418803692,0.11284422874450684,0.04245831072330475
14,10,0.8811991214752197,0.8698723912239075,0.011217441409826279,1.0929921865463257,0.14537546038627625
14,11,0.8904178738594055,0.8781113624572754,0.012195179238915443,1.1133641004562378,0.14739523828029633
14,12,0.7189987897872925,0.7103980779647827,0.00853351503610611,0.6716940999031067,0.09296610206365585
14,13,0.016623057425022125,0.016517844051122665,7.956572517286986e-05,0.25647231936454773,0.0031674779020249844
14,14,0.9099192023277283,0.8860990405082703,0.02333870530128479,4.81404447555542,0.709735095500946
14,15,0.8469125032424927,0.8369215130805969,0.00991191528737545,0.7907475233078003,0.10674529522657394
14,16,0.8858214616775513,0.8766590356826782,0.009105360135436058,0.5703038573265076,0.0586075559258461
14,17,0.026231130585074425,0.026027381420135498,0.00017501281399745494,0.28737470507621765,0.007978294976055622
14,18,0.8081164956092834,0.7925829887390137,0.015227964147925377,3.055570602416992,0.2649405598640442
14,19,0.36162298917770386,0.35687869787216187,0.004705180414021015,0.39111626148223877,0.012495020404458046
14,20,0.45017990469932556,0.4446176290512085,0.005527912639081478,0.3436591923236847,0.036767251789569855
14,21,0.2391989380121231,0.23631560802459717,0.0028673289343714714,0.16005434095859528,0.07914420962333679
14,22,0.9565156698226929,0.9300750494003296,0.02543136104941368,10.093052864074707,0.16546447575092316
14,23,0.030263381078839302,0.03013559617102146,9.62751655606553e-05,0.31510403752326965,0.0024653286673128605
14,24,0.9027836322784424,0.8812210559844971,0.02101174183189869,5.508024215698242,0.6322680711746216
14,25,0.46488460898399353,0.4577827453613281,0.007043683901429176,0.5816521644592285,0.08424553275108337
14,26,0.13117295503616333,0.12934496998786926,0.001819938188418746,0.08050272613763809,0.05755815654993057
14,27,0.6050134301185608,0.5943909287452698,0.010416975244879723,2.055305242538452,0.22138160467147827
14,28,0.6897079348564148,0.6820361018180847,0.007620855700224638,0.5098767876625061,0.0681445300579071
14,29,0.023290367797017097,0.023169182240962982,9.467650670558214e-05,0.2650966942310333,0.0037878677248954773
14,30,0.7018476724624634,0.6944316029548645,0.007362246047705412,0.5384976267814636,0.0646476149559021
14,31,0.5718604922294617,0.5623823404312134,0.009330427274107933,1.4771926403045654,0.172265887260437
14,32,0.9765666127204895,0.9550320506095886,0.021025102585554123,5.094384670257568,0.39757442474365234
14,33,1.1288995742797852,1.1087520122528076,0.01978934556245804,3.5819661617279053,0.14439676702022552
14,34,0.2397824078798294,0.2368374615907669,0.0029204681050032377,0.2448987513780594,0.05060262978076935
14,35,0.04060889780521393,0.04016903415322304,0.0004082589875906706,0.31607216596603394,0.01961645483970642
14,36,0.1459921896457672,0.14407259225845337,0.0019095211755484343,0.10065896809101105,0.012551434338092804
14,37,0.9379686713218689,0.909122109413147,0.028185617178678513,6.609574794769287,0.5744165182113647
14,38,0.14228712022304535,0.13986462354660034,0.002409689361229539,0.12796564400196075,0.10142189264297485
14,39,0.3677859902381897,0.3612162172794342,0.006524152122437954,0.45624181628227234,0.05872455984354019
14,40,0.40701451897621155,0.4012756943702698,0.0056755682453513145,0.6326737999916077,0.04617273434996605
14,41,1.127029538154602,1.1060065031051636,0.02060256153345108,4.204028606414795,0.15528914332389832
14,42,0.06817895174026489,0.06770223379135132,0.000444066827185452,0.326498806476593,0.024829775094985962
14,43,0.03390105068683624,0.03376740962266922,0.00012231204891577363,0.11330055445432663,0.04089433699846268
14,44,1.1502708196640015,1.1303033828735352,0.0195225328207016,4.449409008026123,0.08662664890289307
14,45,0.8896312117576599,0.8795022368431091,0.01001523993909359,1.1371957063674927,0.08156360685825348
14,46,0.03796590864658356,0.03767222911119461,0.00026637667906470597,0.27302446961402893,0.014829779043793678
14,47,0.3197815418243408,0.31605350971221924,0.003688661614432931,0.393762469291687,0.034344300627708435
14,48,0.12636779248714447,0.12366461008787155,0.002674040151759982,0.291517436504364,0.10395799577236176
14,49,0.6490688323974609,0.635723352432251,0.013109967112541199,2.35498309135437,0.2594771087169647
14,50,0.8895730376243591,0.8785025477409363,0.010967791080474854,1.0272740125656128,0.16288815438747406
14,51,0.33171558380126953,0.3268572986125946,0.004832015838474035,0.2625207006931305,0.014476682990789413
14,52,0.9559494256973267,0.9367939233779907,0.018743334338068962,4.121670722961426,0.5754224061965942
14,53,1.0108927488327026,0.98529052734375,0.024810222908854485,7.920775890350342,0.6030689477920532
14,54,1.0936365127563477,1.0747227668762207,0.018579132854938507,3.346561908721924,0.1786172091960907
14,55,0.3742683529853821,0.37084025144577026,0.003411445766687393,0.1666043996810913,0.02013038843870163
14,56,0.23375263810157776,0.231201633810997,0.002531487727537751,0.1951771378517151,0.041502851992845535
14,57,0.43047988414764404,0.42484039068222046,0.005534978583455086,1.0450868606567383,0.033923566341400146
14,58,0.03380824625492096,0.033684179186820984,0.00012387610331643373,0.0019175527850165963,0.006250920705497265
14,59,0.9226574301719666,0.9045853018760681,0.01760544627904892,4.666979789733887,0.10467609763145447
14,60,1.0273014307022095,1.003645420074463,0.02295425347983837,7.0181355476379395,0.1803223192691803
14,61,0.3465423285961151,0.3413325250148773,0.005107188131660223,1.0260769128799438,0.043602071702480316
14,62,0.024464741349220276,0.02436487190425396,8.956147939898074e-05,0.10308437794446945,0.06905077397823334
14,63,0.13100796937942505,0.12966299057006836,0.0013388888910412788,0.06090189889073372,0.032636191695928574
14,64,0.41766175627708435,0.41074255108833313,0.006874065846204758,0.4513801038265228,0.038180094212293625
14,65,0.37033456563949585,0.3665829300880432,0.003732875920832157,0.18749208748340607,0.01763531193137169
14,66,0.9957424402236938,0.9694545269012451,0.025404438376426697,8.834818840026855,0.12214356660842896
14,67,0.012223470024764538,0.012119191698729992,9.290083107771352e-05,0.11376594752073288,0.05536283180117607
14,68,0.6551451086997986,0.6412588357925415,0.013556480407714844,3.2978129386901855,0.20654745399951935
14,69,0.9558231234550476,0.9273384809494019,0.0275811105966568,9.035653114318848,0.14843320846557617
14,70,0.4199410080909729,0.41434425115585327,0.005496898666024208,0.99856036901474,0.03171513229608536
14,71,0.32200077176094055,0.31809431314468384,0.0038690585643053055,0.37405872344970703,0.03794237971305847
14,72,0.012808391824364662,0.012699895538389683,9.66189763857983e-05,0.11877018213272095,0.05087374150753021
14,73,0.04171822592616081,0.04124186933040619,0.00044292351230978966,0.33433592319488525,0.02300761640071869
14,74,0.13960044085979462,0.13644519448280334,0.0031218649819493294,0.3337818682193756,0.11134989559650421
14,75,0.19733527302742004,0.19487321376800537,0.002440924756228924,0.21128056943416595,0.021737150847911835
14,76,0.5102631449699402,0.4997696280479431,0.010334005579352379,1.5951040983200073,0.09615863859653473
14,77,0.38855743408203125,0.3829393982887268,0.005527971312403679,0.9005465507507324,0.04564947262406349
14,78,0.015083739534020424,0.014985643327236176,7.121073576854542e-05,0.26885345578193665,0.0034615574404597282
14,79,1.1668988466262817,1.133638620376587,0.03216297924518585,10.971528053283691,0.21014821529388428
14,80,0.8786004185676575,0.867659330368042,0.010883028618991375,0.5807942748069763,0.0977761372923851
14,81,0.8300285339355469,0.8203514218330383,0.009630690328776836,0.4640665650367737,0.08343610167503357
14,82,0.36138662695884705,0.3580751419067383,0.0033008460886776447,0.10651655495166779,0.016889913007616997
14,83,0.4629053473472595,0.45556312799453735,0.0072580864652991295,0.841325044631958,0.04887733608484268
14,84,0.02080574817955494,0.020703162997961044,7.682695286348462e-05,0.2575831711292267,0.003756886348128319
14,85,1.087079644203186,1.0637445449829102,0.022889597341418266,4.4547038078308105,0.1517631709575653
14,86,0.7234885692596436,0.7158753871917725,0.007561592385172844,0.5162357091903687,0.07389108836650848
14,87,0.026939010247588158,0.026760660111904144,0.00015160815382841974,0.2674209475517273,0.008456787094473839
14,88,0.027178624644875526,0.02701425552368164,0.00013772278907708824,0.26647448539733887,0.007325196638703346
14,89,0.1257544457912445,0.12321982532739639,0.0025141192600131035,0.20496954023838043,0.07799597084522247
14,90,0.2591327428817749,0.25653886795043945,0.0025703003630042076,0.2356790006160736,0.049987755715847015
14,91,0.022593503817915916,0.022477110847830772,8.911968325264752e-05,0.27273228764533997,0.00526811508461833
14,92,0.028028855100274086,0.027838435024023056,0.00016108396812342107,0.29336753487586975,0.007396947592496872
14,93,1.1480720043182373,1.1228039264678955,0.02472766675055027,5.403303146362305,0.2098514288663864
14,94,0.017651395872235298,0.017549488693475723,7.383609772659838e-05,0.280723512172699,0.0031591863371431828
14,95,0.02293701283633709,0.022802695631980896,0.00010520024807192385,0.29116547107696533,0.0028129275888204575
14,96,0.04585260525345802,0.04536382108926773,0.0004556519561447203,0.33132559061050415,0.02561272867023945
14,97,0.042985375970602036,0.04259636625647545,0.00035800316254608333,0.3100694417953491,0.021909557282924652
14,98,0.4508221745491028,0.4461040198802948,0.0046375589445233345,0.8058019876480103,0.030436113476753235
14,99,1.1970018148422241,1.1614084243774414,0.03428325057029724,13.101334571838379,0.14441953599452972
14,100,0.3774580657482147,0.37391725182533264,0.0035251136869192123,0.15703703463077545,0.016675680875778198
15,1,0.020281082019209862,0.020151201635599136,0.0001020362033159472,0.2784441411495209,0.0036599920131266117
15,2,0.01374124363064766,0.013615833595395088,0.000114644062705338,0.10765957832336426,0.05669064819812775
15,3,0.026568515226244926,0.02638644352555275,0.0001534453476779163,0.28627079725265503,0.006743861362338066
15,4,0.3807505965232849,0.37682369351387024,0.003910352475941181,0.16544055938720703,0.02647325024008751
15,5,0.012142769992351532,0.012051336467266083,8.081900887191296e-05,0.10614624619483948,0.0674218162894249
15,6,0.3813478350639343,0.3769666850566864,0.004361546598374844,0.19623318314552307,0.029805274680256844
15,7,0.12289679795503616,0.12149004638195038,0.0014005741104483604,0.06180069223046303,0.0432688370347023
15,8,0.20453517138957977,0.20230580866336823,0.0022118266206234694,0.17532028257846832,0.01701916567981243
15,9,0.8618760704994202,0.8487050533294678,0.01310812309384346,0.6286460757255554,0.11746431887149811
15,10,0.40175360441207886,0.3977046012878418,0.004016517661511898,0.3247590661048889,0.027415523305535316
15,11,0.3833625316619873,0.37978413701057434,0.0035503371618688107,0.2803015112876892,0.022130100056529045
15,12,0.013372979126870632,0.013288434594869614,7.514482422266155e-05,0.0939965769648552,0.03757363557815552
15,13,0.3697196841239929,0.3663134276866913,0.003391800681129098,0.14468516409397125,0.013772770762443542
15,14,0.02128450758755207,0.021181046962738037,7.92004429968074e-05,0.24261705577373505,0.0037455311976373196
15,15,0.9623027443885803,0.931482195854187,0.029694855213165283,11.256882667541504,0.1373572051525116
15,16,0.04179840534925461,0.04143539071083069,0.00033612572588026524,0.26889947056770325,0.017535649240016937
15,17,0.34942156076431274,0.34376445412635803,0.00561088602989912,0.46237537264823914,0.013433344662189484
15,18,0.983753502368927,0.953644871711731,0.029296286404132843,8.123269081115723,0.4690375328063965
15,19,0.7740119099617004,0.7602653503417969,0.013447725214064121,2.988377094268799,0.06784261763095856
15,20,0.4458065629005432,0.4396171569824219,0.006059843581169844,1.2954179048538208,0.03847535699605942
15,21,0.05208003520965576,0.051660023629665375,0.00038846730603836477,0.3154492974281311,0.019740629941225052
15,22,0.252878874540329,0.24999678134918213,0.0028630956076085567,0.18989968299865723,0.07120275497436523
15,23,0.04195065423846245,0.04176357015967369,0.00015590491238981485,0.3118204176425934,0.006279810331761837
15,24,0.9181689023971558,0.8904412984848022,0.027245966717600822,4.816607475280762,0.8513505458831787
15,25,0.01720098778605461,0.017103545367717743,6.78989163134247e-05,0.2954307794570923,0.0026694643311202526
15,26,0.9057292342185974,0.8829304575920105,0.022209610790014267,5.8919596672058105,0.5281398892402649
15,27,0.9605416059494019,0.9373161792755127,0.022457921877503395,7.675107955932617,0.10202299803495407
15,28,0.029302148148417473,0.029195696115493774,9.452670201426372e-05,0.11923873424530029,0.037828125059604645
15,29,0.033264171332120895,0.033160850405693054,7.457887113559991e-05,0.2873899042606354,0.0031106281094253063
15,30,0.38700851798057556,0.3844449818134308,0.0025371722877025604,0.2636169493198395,0.029806777834892273
15,31,0.6930391788482666,0.6873290538787842,0.005671089980751276,0.39032137393951416,0.047206565737724304
15,32,0.8440045714378357,0.8367865085601807,0.007131559774279594,0.8651504516601562,0.06489306688308716
15,33,0.363911896944046,0.3601451516151428,0.0037513102870434523,0.15432396531105042,0.024882517755031586
15,34,0.5998277068138123,0.5915814638137817,0.008106901310384274,1.3937668800354004,0.2066589593887329
15,35,0.12864719331264496,0.1268981546163559,0.0017413136083632708,0.07721307128667831,0.06537172198295593
15,36,0.22869354486465454,0.22454646229743958,0.004110582172870636,0.36504995822906494,0.047244902700185776
15,37,0.14824536442756653,0.14511722326278687,0.0031046150252223015,0.23527292907238007,0.1520569622516632
15,38,0.1491054743528366,0.14703547954559326,0.0020576175302267075,0.12382178753614426,0.07799740880727768
15,39,0.9465018510818481,0.9298913478851318,0.0161752849817276,4.352486610412598,0.13280439376831055
15,40,0.8951629996299744,0.8796928524971008,0.015093248337507248,3.768911123275757,0.2651670575141907
15,41,0.24039995670318604,0.2370523065328598,0.0033261096104979515,0.21553435921669006,0.05546293407678604
15,42,0.4390166103839874,0.43149468302726746,0.007408335339277983,1.1360164880752563,0.07562071830034256
15,43,0.42758235335350037,0.42113417387008667,0.0063454569317400455,1.0272440910339355,0.05905948579311371
15,44,0.13495568931102753,0.1319083422422409,0.0030275792814791203,0.19772343337535858,0.14053195714950562
15,45,0.42977532744407654,0.4238649606704712,0.005799119360744953,1.1125473976135254,0.05473911389708519
15,46,0.3429141044616699,0.3364450931549072,0.0064208172261714935,0.4820329546928406,0.04297599941492081
15,47,0.897106945514679,0.8781111240386963,0.018610676750540733,3.851419448852539,0.4500879943370819
15,48,0.1282726228237152,0.1270548701286316,0.0012124268105253577,0.053218916058540344,0.033966999500989914
15,49,0.4447489082813263,0.43981876969337463,0.004859751556068659,0.7040551900863647,0.02724604867398739
15,50,1.1074059009552002,1.0807342529296875,0.026087310165166855,5.844023704528809,0.16341166198253632
15,51,0.395109087228775,0.39184993505477905,0.0032416991889476776,0.17475701868534088,0.011017775163054466
15,52,0.01906639337539673,0.0189678817987442,9.064600453712046e-05,0.07866425067186356,0.026152828708291054
15,53,0.6298408508300781,0.6162216067314148,0.013389614410698414,2.296808958053589,0.25548532605171204
15,54,0.7961307764053345,0.7861312627792358,0.00993693619966507,0.6257575154304504,0.12763388454914093
15,55,0.05183964595198631,0.05155179649591446,0.0002677685988601297,0.2007879763841629,0.01576514169573784
15,56,0.04535718262195587,0.04512638971209526,0.00021104555344209075,0.1974635273218155,0.013661663979291916
15,57,0.031049037352204323,0.03091249242424965,0.00011739745968952775,0.19148871302604675,0.006492072716355324
15,58,0.44651859998703003,0.44308707118034363,0.003408764023333788,0.22778789699077606,0.021708153188228607
15,59,0.01898897998034954,0.018879884853959084,9.955110726878047e-05,0.0954398512840271,0.08553709834814072
15,60,0.9587178826332092,0.9301877021789551,0.02764173224568367,8.884868621826172,0.20768558979034424
15,61,0.15056361258029938,0.14816775918006897,0.0023704878985881805,0.25367844104766846,0.09691290557384491
15,62,0.01780254766345024,0.017719101160764694,6.223244417924434e-05,0.21213951706886292,0.0025954018346965313
15,63,0.353935569524765,0.34888094663619995,0.005014638416469097,0.4000243544578552,0.008431049063801765
15,64,0.20003779232501984,0.1989508867263794,0.0010776742128655314,0.09245128184556961,0.006576079875230789
15,65,0.20572391152381897,0.2045278549194336,0.0011830637231469154,0.12997674942016602,0.0063053909689188
15,66,0.13444897532463074,0.1320849508047104,0.002347666071727872,0.16361510753631592,0.07288287580013275
15,67,0.19765251874923706,0.19650083780288696,0.0011405525729060173,0.11133582144975662,0.007205878384411335
15,68,0.010324958711862564,0.010302204638719559,2.346278961340431e-06,0.20407968759536743,0.0012693641474470496
15,69,0.3238782286643982,0.32092124223709106,0.002924978267401457,0.31998932361602783,0.03562404215335846
15,70,0.8801320195198059,0.8692975044250488,0.010733862407505512,1.006889820098877,0.1503552794456482
15,71,0.8809348940849304,0.8710588216781616,0.009783553890883923,0.9251787066459656,0.15171077847480774
15,72,0.452712744474411,0.44600826501846313,0.006634170655161142,0.7028950452804565,0.05808085948228836
15,73,0.3267265260219574,0.32346111536026,0.0032366327941417694,0.2877807319164276,0.0479249507188797
15,74,0.017377357929944992,0.01727847009897232,7.171224569901824e-05,0.2717607021331787,0.0028732081409543753
15,75,0.18996712565422058,0.18860550224781036,0.001352994586341083,0.08633044362068176,0.01285385712981224
15,76,0.20067796111106873,0.19912907481193542,0.001536327414214611,0.125653937458992,0.01294996589422226
15,77,0.4819916784763336,0.47284841537475586,0.008980553597211838,1.6272088289260864,0.05121628940105438
15,78,0.13522282242774963,0.13278144598007202,0.0024216610472649336,0.19708237051963806,0.08657978475093842
15,79,1.0409704446792603,1.0183027982711792,0.022081073373556137,5.866347312927246,0.15414956212043762
15,80,0.1973043531179428,0.19593244791030884,0.0013602497056126595,0.11650887131690979,0.008273933082818985
15,81,0.8744644522666931,0.8653727769851685,0.009039218537509441,0.5242375135421753,0.08697360754013062
15,82,0.23610056936740875,0.23416271805763245,0.0019237855449318886,0.14067243039608002,0.04094580188393593
15,83,0.016796424984931946,0.01670459657907486,6.638072954956442e-05,0.2544682025909424,0.0026555696967989206
15,84,0.8179684281349182,0.7982649803161621,0.01928088441491127,4.2253899574279785,0.40278226137161255
15,85,0.4062844216823578,0.40200942754745483,0.004215878434479237,0.591132402420044,0.04358338192105293
15,86,0.31883755326271057,0.31513193249702454,0.0036564194597303867,0.4921543598175049,0.05080888792872429
15,87,0.014764954335987568,0.014669977128505707,8.389863069169223e-05,0.11079331487417221,0.0766323059797287
15,88,0.01194699015468359,0.011864950880408287,7.131791062420234e-05,0.10721718519926071,0.06910696625709534
15,89,0.43527188897132874,0.42975205183029175,0.0054162112064659595,1.0362236499786377,0.03794598951935768
15,90,0.7497197389602661,0.7393563389778137,0.01026286743581295,1.0054038763046265,0.12648698687553406
15,91,0.2677640914916992,0.2663431167602539,0.0014033580664545298,0.17618846893310547,0.014196536503732204
15,92,0.18577894568443298,0.18459081649780273,0.0011780626373365521,0.10079733282327652,0.008032864890992641
15,93,0.8884695172309875,0.8758493661880493,0.012486063875257969,1.341370940208435,0.1682855784893036
15,94,0.8209711909294128,0.798687219619751,0.021895546466112137,3.8846588134765625,0.36236417293548584
15,95,0.8778722286224365,0.8669806718826294,0.010833592154085636,0.579543948173523,0.10212690383195877
15,96,0.4082138240337372,0.4043264091014862,0.003858371637761593,0.2907107472419739,0.030652616173028946
15,97,0.26547476649284363,0.26237308979034424,0.003072193590924144,0.2948625087738037,0.04467683285474777
15,98,0.1325068473815918,0.13069459795951843,0.0018041989533230662,0.08053740859031677,0.039219193160533905
15,99,0.02038569189608097,0.02029285579919815,6.448561180150136e-05,0.2835085391998291,0.004256286192685366
15,100,0.23388460278511047,0.23074772953987122,0.0031119617633521557,0.24907518923282623,0.03956503048539162
16,1,0.9936655163764954,0.9701421856880188,0.022790130227804184,7.331711769104004,0.11514019966125488
16,2,0.027746299281716347,0.02756894938647747,0.00014441765961237252,0.32930833101272583,0.008411930873990059
16,3,0.7011523246765137,0.6928052306175232,0.008277103304862976,0.7000473141670227,0.08324800431728363
16,4,0.8548170924186707,0.8457660675048828,0.009000490419566631,0.5054703950881958,0.07208094000816345
16,5,0.12204572558403015,0.12055869400501251,0.0014801470097154379,0.06885799765586853,0.04556465148925781
16,6,0.2212274670600891,0.2183668166399002,0.002829655073583126,0.3099138140678406,0.026870667934417725
16,7,0.44993409514427185,0.4414464831352234,0.008325590752065182,1.6202915906906128,0.051587432622909546
16,8,0.04550449550151825,0.04503081366419792,0.0004374963464215398,0.3618379533290863,0.020863864570856094
16,9,0.9003311395645142,0.8907620906829834,0.009491510689258575,0.7751997113227844,0.09846484661102295
16,10,0.024154920130968094,0.024059657007455826,6.651479634456336e-05,0.28748974204063416,0.003510157112032175
16,11,0.9572612643241882,0.9348164796829224,0.02173825167119503,7.0655012130737305,0.13026845455169678
16,12,0.4253036379814148,0.41854044795036316,0.006588229443877935,1.7496143579483032,0.03780427202582359
16,13,0.13296273350715637,0.13133978843688965,0.001615067245438695,0.07881844788789749,0.047205496579408646
16,14,0.13216815888881683,0.12936416268348694,0.002783882198855281,0.20114398002624512,0.10430268943309784
16,15,0.9545004367828369,0.9348975419998169,0.01912735030055046,4.755378723144531,0.1922648549079895
16,16,0.014381811022758484,0.014283276163041592,8.689113019499928e-05,0.11643804609775543,0.07439540326595306
16,17,0.015408968552947044,0.015318967401981354,6.162953650346026e-05,0.2837202250957489,0.003017361741513014
16,18,0.874595046043396,0.8656473755836487,0.00889956671744585,0.48101750016212463,0.0974007248878479
16,19,0.13101516664028168,0.1295188069343567,0.0014881386887282133,0.08228085190057755,0.053611427545547485
16,20,0.012955180369317532,0.012858062982559204,8.603496826253831e-05,0.11082439869642258,0.0626378208398819
16,21,1.1156139373779297,1.0929657220840454,0.022092750295996666,5.555313587188721,0.15930233895778656
16,22,0.4172392785549164,0.41023242473602295,0.0069608017802238464,0.4603450894355774,0.06598220020532608
16,23,0.41154420375823975,0.4080079197883606,0.0035055121406912804,0.30772683024406433,0.020387999713420868
16,24,0.8669448494911194,0.8569056391716003,0.0099573265761137,0.8188020586967468,0.10512585192918777
16,25,1.0142563581466675,0.9928499460220337,0.02082560583949089,5.8074822425842285,0.10613887012004852
16,26,0.4288835823535919,0.42128995060920715,0.007534254342317581,0.5937780737876892,0.06411848217248917
16,27,0.23597775399684906,0.23373138904571533,0.002228498924523592,0.178730770945549,0.03290381282567978
16,28,0.344608873128891,0.3415411710739136,0.003053671680390835,0.14035145938396454,0.01868734322488308
16,29,0.9330567121505737,0.9229464530944824,0.010045611299574375,0.6468608379364014,0.07850220799446106
16,30,0.3458607494831085,0.34148895740509033,0.004306628368794918,0.6516874432563782,0.04305395483970642
16,31,0.3245849907398224,0.32091909646987915,0.0036181476898491383,0.47758153080940247,0.043051816523075104
16,32,0.03158755972981453,0.0314348079264164,0.0001245052262675017,0.28246283531188965,0.00747679965570569
16,33,0.13210946321487427,0.1305135190486908,0.0015858877450227737,0.1005992740392685,0.05289354920387268
16,34,0.871412456035614,0.8617796897888184,0.009556400589644909,0.7637590765953064,0.1358725130558014
16,35,0.8654007911682129,0.8551950454711914,0.010118935257196426,0.8680260181427002,0.12965604662895203
16,36,0.4688776731491089,0.4616014361381531,0.007218456827104092,0.5777586102485657,0.07251504063606262
16,37,0.34355294704437256,0.33927303552627563,0.004222364630550146,0.57562255859375,0.03184392303228378
16,38,0.9996646046638489,0.9684059619903564,0.030137546360492706,11.211149215698242,0.13670706748962402
16,39,0.37478163838386536,0.37140554189682007,0.003354100976139307,0.21994058787822723,0.018202733248472214
16,40,0.4190276861190796,0.4151962101459503,0.003796902485191822,0.3457167446613312,0.028848834335803986
16,41,0.01659419573843479,0.01650657132267952,6.240021320991218e-05,0.2522377669811249,0.0036549107171595097
16,42,0.026753708720207214,0.026588572189211845,0.00013788089563604444,0.2725600004196167,0.0077661070972681046
16,43,0.0036559472791850567,0.0036425304133445024,2.898043931054417e-06,0.10518783330917358,0.07352346181869507
16,44,0.01374725066125393,0.013651642948389053,8.471864566672593e-05,0.10888852179050446,0.06790532171726227
16,45,0.972928524017334,0.9465733766555786,0.02537386119365692,9.812999725341797,0.15697111189365387
16,46,0.34119081497192383,0.336909681558609,0.004229939542710781,0.5121440887451172,0.049359280616045
16,47,0.9153857827186584,0.8911343216896057,0.023600338026881218,6.511135578155518,0.4382799565792084
16,48,0.35313814878463745,0.34993287920951843,0.0031950934790074825,0.10171429067850113,0.018319908529520035
16,49,0.1209656298160553,0.11972706019878387,0.0012329919263720512,0.055820759385824203,0.03146946802735329
16,50,0.02757352404296398,0.02740883082151413,0.00013736615073867142,0.27327099442481995,0.007902984507381916
16,51,0.2243165820837021,0.22225674986839294,0.0020473836921155453,0.12446170300245285,0.033757757395505905
16,52,0.8784407377243042,0.8670079708099365,0.011251448653638363,1.813198208808899,0.07923533022403717
16,53,0.905638575553894,0.8935872316360474,0.011930564418435097,1.2076605558395386,0.12078361213207245
16,54,0.9143426418304443,0.9021766185760498,0.0120281632989645,1.378819227218628,0.13032913208007812
16,55,1.2166482210159302,1.1832317113876343,0.03268943354487419,7.270241737365723,0.19492968916893005
16,56,0.04430118203163147,0.043852537870407104,0.00041600188706070185,0.3264063894748688,0.020195337012410164
16,57,0.04405028373003006,0.04358511418104172,0.0004318718856666237,0.33295807242393494,0.023086875677108765
16,58,0.12466492503881454,0.12184430658817291,0.0028007649816572666,0.19856081902980804,0.10304586589336395
16,59,0.019216040149331093,0.019103003665804863,8.301333582494408e-05,0.3002348244190216,0.0033035539090633392
16,60,0.3515341579914093,0.34686094522476196,0.004642421845346689,0.3077772259712219,0.019566066563129425
16,61,0.8445853590965271,0.8241852521896362,0.01983543671667576,5.64670991897583,0.5587344169616699
16,62,0.3985251486301422,0.39310818910598755,0.005371398292481899,0.45576611161231995,0.07203293591737747
16,63,0.913828432559967,0.9046890735626221,0.009078956209123135,0.6040511727333069,0.08078059554100037
16,64,0.7001744508743286,0.6930838823318481,0.0070311096496880054,0.5949460864067078,0.07164636999368668
16,65,1.2254141569137573,1.2022908926010132,0.02249917760491371,6.2405242919921875,0.1223045140504837
16,66,1.0335224866867065,1.0077385902404785,0.0248568058013916,9.271158218383789,0.1506553739309311
16,67,0.0480833426117897,0.047640036791563034,0.0004110333975404501,0.3227216303348541,0.02418556809425354
16,68,0.2416803538799286,0.23948264122009277,0.0021822256967425346,0.15478011965751648,0.047578439116477966
16,69,0.128065824508667,0.12545081973075867,0.0025962558574974537,0.18739362061023712,0.1090913861989975
16,70,0.3903008699417114,0.3861163854598999,0.004167834296822548,0.16662058234214783,0.034743212163448334
16,71,1.0335460901260376,0.9970480799674988,0.035364389419555664,11.335640907287598,0.29392188787460327
16,72,0.24124756455421448,0.2384299337863922,0.0027967551723122597,0.20875366032123566,0.06884543597698212
16,73,0.018973708152770996,0.018886130303144455,5.892591434530914e-05,0.2865104675292969,0.0035512163303792477
16,74,0.3016420602798462,0.298238068819046,0.003361967857927084,0.4201546311378479,0.04968608543276787
16,75,0.7335909008979797,0.7250545620918274,0.00845993123948574,0.7641714811325073,0.09914518892765045
16,76,0.04497978091239929,0.04461164027452469,0.0003387114265933633,0.2943004071712494,0.019587520509958267
16,77,0.8273903131484985,0.8183450698852539,0.008970588445663452,0.7465459704399109,0.0894518792629242
16,78,0.029032591730356216,0.02888570725917816,0.00012127002992201596,0.2561461627483368,0.007861299440264702
16,79,0.8844758868217468,0.8740010261535645,0.010354436933994293,1.2039318084716797,0.09065786004066467
16,80,0.8410119414329529,0.8319147825241089,0.009025107137858868,0.720443844795227,0.08845091611146927
16,81,0.0478927418589592,0.04779691994190216,9.567593951942399e-05,0.0014462062390521169,0.0027064350433647633
16,82,0.34127211570739746,0.3367166221141815,0.004486573860049248,0.6892193555831909,0.04060287028551102
16,83,0.4381895363330841,0.43331587314605713,0.004823827650398016,0.498407244682312,0.04513329267501831
16,84,0.5009273886680603,0.4959666132926941,0.004924309439957142,0.3648830056190491,0.10085375607013702
16,85,0.880172848701477,0.8693528771400452,0.010752541944384575,0.6739256381988525,0.11993394047021866
16,86,0.9280223250389099,0.9149636626243591,0.012919202446937561,1.394457221031189,0.1998106986284256
16,87,0.4713650941848755,0.46376633644104004,0.0075309984385967255,0.6777649521827698,0.09096843004226685
16,88,0.4555628299713135,0.44623133540153503,0.00909750908613205,2.339768409729004,0.07071717083454132
16,89,0.8479397296905518,0.8383305668830872,0.009514864534139633,0.9428344964981079,0.10851596295833588
16,90,0.9745847582817078,0.9543856978416443,0.019593611359596252,6.054550647735596,0.08422856032848358
16,91,0.41757968068122864,0.4103809595108032,0.007029850967228413,1.688697338104248,0.03745259717106819
16,92,0.7248667478561401,0.7178893089294434,0.006918532773852348,0.5890810489654541,0.053415462374687195
16,93,0.393808513879776,0.3888421058654785,0.00490365456789732,0.6275526881217957,0.02875974401831627
16,94,0.9180538058280945,0.9085613489151001,0.009383023716509342,1.0943126678466797,0.07319170981645584
16,95,0.3866870701313019,0.38128310441970825,0.005316233262419701,0.8772881627082825,0.04968976229429245
16,96,0.43018779158592224,0.4228717088699341,0.00719002028927207,1.2607752084732056,0.05026669055223465
16,97,0.14577387273311615,0.14408060908317566,0.001683893264271319,0.09370210021734238,0.040410757064819336
16,98,0.31122714281082153,0.3076518774032593,0.003556221490725875,0.19052644073963165,0.010061701759696007
16,99,0.1387920081615448,0.13730616867542267,0.0014781001955270767,0.07737589627504349,0.04391539841890335
16,100,0.3253304958343506,0.32103145122528076,0.0042467000894248486,0.5234581828117371,0.05765017867088318
17,1,0.7148702144622803,0.7070751190185547,0.007730602286756039,0.6450409293174744,0.07504674792289734
17,2,0.94881671667099,0.9256916046142578,0.022359929978847504,7.6519455909729,0.13275399804115295
17,3,0.41999202966690063,0.41563764214515686,0.004306664690375328,0.4771326780319214,0.032683730125427246
17,4,0.603191614151001,0.5926415324211121,0.010370125994086266,1.7992775440216064,0.2049497365951538
17,5,0.045283496379852295,0.04476897045969963,0.00047928118146955967,0.3524635434150696,0.024528557434678078
17,6,0.9514191746711731,0.9406962394714355,0.01064335834234953,0.7957035899162292,0.08256441354751587
17,7,0.32227474451065063,0.31801000237464905,0.004214636981487274,0.5009909868240356,0.03722254931926727
17,8,0.040699515491724014,0.04030955582857132,0.00035710784140974283,0.32853591442108154,0.021052483469247818
17,9,0.8836935758590698,0.8638745546340942,0.019185945391654968,6.330609321594238,0.10983284562826157
17,10,0.04165638983249664,0.04125184565782547,0.00037247559521347284,0.3206847012042999,0.019339852035045624
17,11,0.020384689792990685,0.020264316350221634,9.026124462252483e-05,0.30111005902290344,0.00406683748587966
17,12,0.9241694808006287,0.895941972732544,0.027254514396190643,9.730123519897461,0.15583203732967377
17,13,0.4161337912082672,0.40901729464530945,0.007059418596327305,0.5706497430801392,0.0691361054778099
17,14,0.9073939919471741,0.8956438302993774,0.011615842580795288,1.3427748680114746,0.13625001907348633
17,15,0.7250479459762573,0.7164000272750854,0.008587852120399475,0.6007565855979919,0.08088074624538422
17,16,0.027909856289625168,0.0277392715215683,0.00014149870548862964,0.2908480167388916,0.00801062025129795
17,17,0.021845528855919838,0.021732907742261887,8.307913958560675e-05,0.29541710019111633,0.004580779001116753
17,18,0.9038573503494263,0.893301784992218,0.010465502738952637,0.9007229804992676,0.08052380383014679
17,19,0.43328937888145447,0.42561501264572144,0.007469026371836662,2.0532853603363037,0.041422873735427856
17,20,0.9692192673683167,0.9403454065322876,0.027816535905003548,10.573370933532715,0.11436695605516434
17,21,0.44788500666618347,0.4400412440299988,0.007685347460210323,1.5842746496200562,0.04006432741880417
17,22,0.7200337648391724,0.7114500999450684,0.008511697873473167,0.7193557620048523,0.09175162017345428
17,23,0.6085469722747803,0.5948565006256104,0.013427876867353916,2.6262855529785156,0.23422199487686157
17,24,0.31526651978492737,0.3111257255077362,0.004101421218365431,0.3937029242515564,0.04790440574288368
17,25,0.23697373270988464,0.23381638526916504,0.003131137927994132,0.26218006014823914,0.06614306569099426
17,26,0.4426298141479492,0.43533855676651,0.007142735179513693,1.4852513074874878,0.03969383239746094
17,27,0.8616141080856323,0.8424196243286133,0.018799657002091408,3.948469400405884,0.30512237548828125
17,28,0.37196195125579834,0.3682945966720581,0.0036477134563028812,0.19649778306484222,0.021922748535871506
17,29,1.0657893419265747,1.0357218980789185,0.029088512063026428,9.78989315032959,0.2011134773492813
17,30,0.01419256441295147,0.014082986861467361,9.706632408779114e-05,0.1251159906387329,0.0621933788061142
17,31,0.4127592146396637,0.4055991470813751,0.006983993574976921,1.760837435722351,0.047741666436195374
17,32,0.8484322428703308,0.8371448516845703,0.011197463609278202,0.8997023701667786,0.14362764358520508
17,33,0.9967925548553467,0.9650957584381104,0.030583400279283524,11.134116172790527,0.15135322511196136
17,34,0.6576056480407715,0.6386841535568237,0.01844712905585766,4.743984222412109,0.2737273573875427
17,35,0.5683802962303162,0.5566813349723816,0.011509652249515057,1.8930035829544067,0.2241612672805786
17,36,0.11713866144418716,0.11620964854955673,0.0009253011085093021,0.03710861876606941,0.03639626502990723
17,37,0.7464286684989929,0.7305461168289185,0.015525516122579575,3.5702171325683594,0.22821688652038574
17,38,0.0209831353276968,0.02087581157684326,8.004691335372627e-05,0.27276909351348877,0.004281472414731979
17,39,0.41821807622909546,0.412720263004303,0.005378600675612688,1.192059874534607,0.022944584488868713
17,40,0.8301828503608704,0.8058694005012512,0.023706015199422836,6.074472904205322,0.27372637391090393
17,41,0.4214603006839752,0.41748178005218506,0.003894173540174961,0.843435525894165,0.02360433340072632
17,42,0.42443597316741943,0.41980522871017456,0.00453887740150094,0.9188175201416016,0.029622402042150497
17,43,1.0441722869873047,1.013794183731079,0.02958022430539131,7.978493690490723,0.26263248920440674
17,44,0.20928290486335754,0.20729157328605652,0.001967706950381398,0.23611390590667725,0.015286779031157494
17,45,0.8960732817649841,0.8825052976608276,0.013438325375318527,1.2966067790985107,0.236006498336792
17,46,0.4086891710758209,0.4042760133743286,0.004367436282336712,0.45711225271224976,0.04285894334316254
17,47,0.3836429715156555,0.3803049921989441,0.0033175102435052395,0.20482131838798523,0.03605826199054718
17,48,0.3853919208049774,0.3817406892776489,0.0036348712164908648,0.16363665461540222,0.02873605489730835
17,49,0.5855763554573059,0.5731179714202881,0.012248480692505836,2.0991322994232178,0.27193164825439453
17,50,0.026262996718287468,0.026110820472240448,0.00012685888214036822,0.253170907497406,0.007150213699787855
17,51,1.1135547161102295,1.0920212268829346,0.0209790226072073,5.544788837432861,0.12647885084152222
17,52,0.4438805878162384,0.43915048241615295,0.004648167639970779,0.8193792700767517,0.027607258409261703
17,53,0.97235107421875,0.9484994411468506,0.023020487278699875,8.311141014099121,0.13366243243217468
17,54,0.23782864212989807,0.23578035831451416,0.0020304701756685972,0.17799794673919678,0.02862199768424034
17,55,0.011342979036271572,0.011257868260145187,7.483522495022044e-05,0.10274863243103027,0.060577280819416046
17,56,0.3502725660800934,0.34562355279922485,0.004608635324984789,0.4039117097854614,0.013535384088754654
17,57,0.43371453881263733,0.42753201723098755,0.006136893294751644,0.45614093542099,0.044516950845718384
17,58,0.49147123098373413,0.48447930812835693,0.006841498427093029,1.5040487051010132,0.06410099565982819
17,59,0.030257239937782288,0.030103228986263275,0.00012706629058811814,0.26944500207901,0.007177252788096666
17,60,0.8988099694252014,0.8850327134132385,0.013479769229888916,2.974663734436035,0.14847657084465027
17,61,0.3899213373661041,0.3860475718975067,0.003859906457364559,0.13855817914009094,0.036059390753507614
17,62,1.1154707670211792,1.0925261974334717,0.022463859990239143,4.80603551864624,0.21332573890686035
17,63,0.12966835498809814,0.12828108668327332,0.0013809131924062967,0.0634784996509552,0.059337154030799866
17,64,0.420561820268631,0.41403433680534363,0.0063879406079649925,1.3952311277389526,0.049998048692941666
17,65,0.026406623423099518,0.02623884379863739,0.00014201278099790215,0.2576589286327362,0.008165379986166954
17,66,0.8717982172966003,0.854350209236145,0.01706743985414505,3.8059840202331543,0.44198065996170044
17,67,0.12763862311840057,0.12639901041984558,0.0012331984471529722,0.06402803957462311,0.03975522518157959
17,68,0.01144912838935852,0.011373094283044338,6.547958764713258e-05,0.10555119067430496,0.04571724683046341
17,69,0.947229266166687,0.9322538375854492,0.014607420191168785,3.6801915168762207,0.09764569997787476
17,70,0.12269734591245651,0.12158969044685364,0.0011026535648852587,0.04997655004262924,0.03956373780965805
17,71,1.0895880460739136,1.0714138746261597,0.01781684160232544,3.573158025741577,0.1166236400604248
17,72,0.9780281782150269,0.954838752746582,0.022455157712101936,7.342816352844238,0.12329117953777313
17,73,0.608332633972168,0.5970653295516968,0.01104491762816906,2.2239439487457275,0.3115130662918091
17,74,0.41891101002693176,0.41471293568611145,0.004160224460065365,0.37856003642082214,0.04652123153209686
17,75,0.9328558444976807,0.9115104675292969,0.020692147314548492,6.532146453857422,0.1623777151107788
17,76,0.020678730681538582,0.020589839667081833,6.160126940812916e-05,0.27288904786109924,0.003201882354915142
17,77,0.130010724067688,0.12838295102119446,0.0016207504086196423,0.07014073431491852,0.06076161563396454
17,78,0.8770810961723328,0.8664716482162476,0.010514774359762669,0.9463266730308533,0.09205977618694305
17,79,0.4224603772163391,0.41563907265663147,0.006633044220507145,1.8826313018798828,0.04093942046165466
17,80,0.7139137387275696,0.705634355545044,0.00821211189031601,0.6729187965393066,0.07991817593574524
17,81,0.8673766851425171,0.856513261795044,0.010748619213700294,1.1478573083877563,0.10671897232532501
17,82,1.1554044485092163,1.1265326738357544,0.028214003890752792,6.577594757080078,0.16172271966934204
17,83,0.4557805359363556,0.4481498897075653,0.007573259528726339,0.5740553140640259,0.05782127380371094
17,84,0.14122971892356873,0.13818462193012238,0.0030170888639986515,0.28020545840263367,0.09575645625591278
17,85,0.018310602754354477,0.018235210329294205,5.245477586868219e-05,0.22939015924930573,0.003009296953678131
17,86,0.4092179834842682,0.4052428603172302,0.0039289859123528,0.4612066149711609,0.02316681295633316
17,87,0.014840351417660713,0.014728017151355743,0.000101785859442316,0.10547932237386703,0.06330587714910507
17,88,0.8979002833366394,0.8853235840797424,0.012480845674872398,0.9582421183586121,0.09453476220369339
17,89,0.0148383853957057,0.014754612930119038,5.879453237866983e-05,0.2497795969247818,0.002747124060988426
17,90,0.23507750034332275,0.23276787996292114,0.002295203972607851,0.14405733346939087,0.04780257120728493
17,91,0.8282833695411682,0.8194368481636047,0.00880375038832426,0.4279932379722595,0.09239900857210159
17,92,0.22152100503444672,0.21942001581192017,0.0020882422104477882,0.12733830511569977,0.04485839605331421
17,93,0.8207798600196838,0.7990184426307678,0.02136959135532379,3.918271064758301,0.3995162546634674
17,94,0.12222922593355179,0.12083572149276733,0.0013879367616027594,0.05562382563948631,0.040286242961883545
17,95,0.2018832266330719,0.20043297111988068,0.001434234087355435,0.16020777821540833,0.011329887434840202
17,96,0.026087433099746704,0.025943581014871597,0.00011731336417142302,0.2653866410255432,0.0061894627287983894
17,97,0.0129554970189929,0.012862317264080048,8.234741108026356e-05,0.10832081735134125,0.06257182359695435
17,98,0.6433531045913696,0.6302574276924133,0.012827252969145775,2.684011936187744,0.24558770656585693
17,99,0.38196638226509094,0.37907877564430237,0.0028686937876045704,0.18936438858509064,0.022268105298280716
17,100,0.02611694484949112,0.025962812826037407,0.00012764977873302996,0.26483669877052307,0.00663074292242527
18,1,0.1302158385515213,0.12879575788974762,0.0014110777992755175,0.08994736522436142,0.040897712111473083
18,2,0.045111529529094696,0.04474718123674393,0.0003350342158228159,0.29312777519226074,0.018367286771535873
18,3,0.359042763710022,0.35470008850097656,0.004300919361412525,0.41738155484199524,0.018345993012189865
18,4,0.6391927003860474,0.625996470451355,0.012922655791044235,2.7360687255859375,0.218898206949234
18,5,0.01997368410229683,0.019864916801452637,8.134287782013416e-05,0.2742389440536499,0.002900719176977873
18,6,1.013634204864502,0.9916019439697266,0.02135559357702732,6.766476631164551,0.15562322735786438
18,7,0.7665044069290161,0.7580133676528931,0.008421534672379494,0.6949078440666199,0.09904234856367111
18,8,0.0129300681874156,0.01284072920680046,7.779953739373013e-05,0.11538917571306229,0.061860159039497375
18,9,1.131583571434021,1.108433723449707,0.022688813507556915,4.609954833984375,0.17609786987304688
18,10,0.2261909544467926,0.2237018197774887,0.0024705068208277225,0.18627534806728363,0.047039665281772614
18,11,0.2000466287136078,0.19837547838687897,0.0016525916289538145,0.1855393797159195,0.014226611703634262
18,12,0.8471276164054871,0.8366220593452454,0.010419568046927452,0.8601589202880859,0.13814790546894073
18,13,0.9129196405410767,0.8908200860023499,0.021627262234687805,4.722950458526611,0.5855159759521484
18,14,0.8801239132881165,0.8615193963050842,0.018212636932730675,3.919257879257202,0.512070894241333
18,15,0.3250217139720917,0.320872038602829,0.00409057829529047,0.5908423066139221,0.0383739247918129
18,16,0.19607672095298767,0.19412729144096375,0.0019286440219730139,0.20780649781227112,0.012260082177817822
18,17,0.013037323951721191,0.01295078732073307,7.493014709325507e-05,0.116063192486763,0.054659679532051086
18,18,0.9162368774414062,0.9088919162750244,0.007266447879374027,0.7851345539093018,0.0443432480096817
18,19,0.3595074713230133,0.35563358664512634,0.0038387509994208813,0.35128089785575867,0.015649670735001564
18,20,0.015828080475330353,0.015734069049358368,6.715385097777471e-05,0.2685660123825073,0.0034632310271263123
18,21,0.4751066267490387,0.4684486389160156,0.006536603905260563,1.213782787322998,0.04394729435443878
18,22,0.43297648429870605,0.4262757897377014,0.006525871809571981,1.7481449842453003,0.04865287244319916
18,23,0.8910210132598877,0.8755767345428467,0.015078848227858543,3.6545588970184326,0.2782915234565735
18,24,0.23939380049705505,0.23705941438674927,0.0023159454576671124,0.1844344586133957,0.06058035045862198
18,25,0.02400733344256878,0.02390381135046482,7.307906344067305e-05,0.3044246435165405,0.0030658915638923645
18,26,0.3856826722621918,0.3804726302623749,0.005166818853467703,0.43217453360557556,0.06841392815113068
18,27,0.4409640431404114,0.43629932403564453,0.004629477392882109,0.35245752334594727,0.0670401081442833
18,28,0.4387544095516205,0.43331626057624817,0.005391022190451622,0.47127097845077515,0.0689844936132431
18,29,0.9982266426086426,0.9745544791221619,0.023066163063049316,6.059800148010254,0.26239705085754395
18,30,0.016478341072797775,0.01636233925819397,0.00010323421884095296,0.12768858671188354,0.08572941273450851
18,31,0.044477429240942,0.04407750815153122,0.00036793065373785794,0.3198942244052887,0.019641786813735962
18,32,0.23296326398849487,0.23059281706809998,0.0023504914715886116,0.19952736794948578,0.04115032032132149
18,33,0.9336045384407043,0.9149343967437744,0.018121788278222084,5.483357906341553,0.09969884157180786
18,34,0.41781023144721985,0.4123578667640686,0.005324321798980236,1.2801880836486816,0.02550465613603592
18,35,0.13577711582183838,0.13459143042564392,0.0011802249355241656,0.054564546793699265,0.025186771526932716
18,36,0.3431496024131775,0.33970409631729126,0.003396092914044857,0.4940189719200134,0.018671486526727676
18,37,0.9316267967224121,0.9106976985931396,0.020266681909561157,6.62467622756958,0.09863117337226868
18,38,0.9208319187164307,0.9102120399475098,0.010509606450796127,1.1027661561965942,0.10906406491994858
18,39,0.3794066905975342,0.3764049708843231,0.0029884185642004013,0.1329517662525177,0.016490157693624496
18,40,0.04599137604236603,0.045507803559303284,0.0004523213137872517,0.31249892711639404,0.02370363287627697
18,41,0.3382330536842346,0.3338419497013092,0.004331246949732304,0.5985357761383057,0.04472770541906357
18,42,0.40580543875694275,0.4014744162559509,0.004288587253540754,0.4243028163909912,0.03739045932888985
18,43,0.9895063638687134,0.95583575963974,0.032428205013275146,12.42396068572998,0.18737414479255676
18,44,0.3409885764122009,0.33619311451911926,0.004761556163430214,0.3391389846801758,0.02715826965868473
18,45,0.8695695400238037,0.8493791222572327,0.019741427153348923,4.490266799926758,0.6216617822647095
18,46,0.029429731890559196,0.02926797978579998,0.00013392057735472918,0.2783215045928955,0.006488042417913675
18,47,0.7296187281608582,0.7203537225723267,0.00918152928352356,0.8348922729492188,0.09375114738941193
18,48,0.476779967546463,0.4683762788772583,0.008182395249605179,2.2127251625061035,0.04315359890460968
18,49,0.64410400390625,0.6303648948669434,0.013449441641569138,2.8968188762664795,0.2324812114238739
18,50,0.5914080142974854,0.5761893391609192,0.01477073971182108,4.479283332824707,0.08082577586174011
18,51,0.41986140608787537,0.4144534468650818,0.005316967610269785,0.9097409248352051,0.033954836428165436
18,52,0.12076190859079361,0.11815564334392548,0.0025879142340272665,0.18347986042499542,0.08730021119117737
18,53,0.9000464081764221,0.890894889831543,0.009099246934056282,0.5229684114456177,0.06765694916248322
18,54,0.9547492265701294,0.9457918405532837,0.008893904276192188,0.6350774765014648,0.07603401690721512
18,55,1.0012043714523315,0.9828007221221924,0.01793099008500576,4.726133346557617,0.16288787126541138
18,56,0.01499771699309349,0.0148923359811306,9.167011012323201e-05,0.13710527122020721,0.08377733826637268
18,57,0.3417842388153076,0.3359060287475586,0.005829746834933758,0.4846174120903015,0.022625712677836418
18,58,0.015667276456952095,0.01555066928267479,0.00010277912952005863,0.13828416168689728,0.07678002119064331
18,59,0.32893669605255127,0.32361334562301636,0.005254511721432209,0.6883773803710938,0.07083779573440552
18,60,0.01714223437011242,0.017035990953445435,7.315391849260777e-05,0.33089497685432434,0.0033914842642843723
18,61,0.3629496991634369,0.3589886724948883,0.003948302939534187,0.12711915373802185,0.030349984765052795
18,62,0.01428639329969883,0.014200177043676376,5.552268703468144e-05,0.30693480372428894,0.004045347683131695
18,63,0.016881832852959633,0.016786225140094757,8.291221456602216e-05,0.12696172297000885,0.03251805528998375
18,64,0.3041897714138031,0.3001510202884674,0.00398284150287509,0.5591142773628235,0.04795842617750168
18,65,1.0775660276412964,1.051528811454773,0.02523105964064598,8.062222480773926,0.18697962164878845
18,66,0.9815542697906494,0.9563075304031372,0.024449219927191734,7.975285530090332,0.18313120305538177
18,67,0.4912833869457245,0.4790343940258026,0.011940784752368927,3.082261562347412,0.05222954601049423
18,68,0.03865621238946915,0.038508154451847076,0.00011735884618246928,0.3069988787174225,0.0035061873495578766
18,69,0.03829234465956688,0.038123294711112976,0.00013947012485004961,0.29580414295196533,0.007808902766555548
18,70,0.018355214968323708,0.018246563151478767,9.730704186949879e-05,0.11344833672046661,0.03338053077459335
18,71,0.9302001595497131,0.9194521307945251,0.010618865489959717,1.2916234731674194,0.1272018551826477
18,72,0.018736673519015312,0.01861584559082985,0.00011004229600075632,0.10785291343927383,0.03300647437572479
18,73,0.8840909004211426,0.8753131628036499,0.008714846335351467,0.6290605068206787,0.07987512648105621
18,74,0.8962349891662598,0.8861133456230164,0.010036550462245941,0.8510579466819763,0.14371582865715027
18,75,1.126381278038025,1.1083585023880005,0.0176932942122221,3.2953782081604004,0.1516178548336029
18,76,0.03928558528423309,0.03918295353651047,7.709350029472262e-05,0.2553669214248657,0.004906715825200081
18,77,0.3322422206401825,0.3279511332511902,0.004228288307785988,0.6279465556144714,0.04866892099380493
18,78,0.2681189775466919,0.26308688521385193,0.004915186204016209,1.1692891120910645,0.041082922369241714
18,79,0.3242259621620178,0.3200414180755615,0.004136076662689447,0.48470795154571533,0.05629139766097069
18,80,1.1865001916885376,1.165454387664795,0.02063107118010521,4.146968841552734,0.20642751455307007
18,81,0.3780955672264099,0.37446272373199463,0.00361788272857666,0.14958490431308746,0.0284986924380064
18,82,0.01879817619919777,0.018711090087890625,7.58455425966531e-05,0.11240974068641663,0.0954180359840393
18,83,0.015350819565355778,0.015260212123394012,7.951953739393502e-05,0.11088082194328308,0.07876980304718018
18,84,0.38683414459228516,0.38171446323394775,0.005016401410102844,1.0328627824783325,0.03861890733242035
18,85,0.949164867401123,0.9255098104476929,0.023083362728357315,5.716853141784668,0.36632248759269714
18,86,0.33327680826187134,0.32882916927337646,0.004414090886712074,0.33564338088035583,0.013563202694058418
18,87,0.6790470480918884,0.6621434688568115,0.01653212122619152,3.714751720428467,0.28134584426879883
18,88,0.1332760602235794,0.12973850965499878,0.003503052983433008,0.34490343928337097,0.09346576035022736
18,89,0.03791455924510956,0.037838589400053024,7.574112532893196e-05,0.0022901836782693863,0.004040814936161041
18,90,0.933814287185669,0.9212580323219299,0.012448463588953018,1.0777897834777832,0.09345632791519165
18,91,0.351409912109375,0.34659600257873535,0.00477993581444025,0.3396395742893219,0.014326568692922592
18,92,1.000187635421753,0.9772470593452454,0.022395387291908264,5.451780319213867,0.18137940764427185
18,93,1.152982234954834,1.1254899501800537,0.026872005313634872,6.202491760253906,0.14767971634864807
18,94,1.1901943683624268,1.1455903053283691,0.043055079877376556,15.489641189575195,0.19544938206672668
18,95,0.10112933069467545,0.10069186240434647,0.00040603207889944315,0.31431740522384644,0.02085285633802414
18,96,0.4186801016330719,0.41357728838920593,0.004992504138499498,1.1028996706008911,0.03638313710689545
18,97,0.04800941050052643,0.04769805818796158,0.0002828236611094326,0.28530097007751465,0.017440132796764374
18,98,0.9792169332504272,0.967117965221405,0.012020098976790905,0.788840115070343,0.09175699204206467
18,99,0.40759894251823425,0.40506675839424133,0.002506074495613575,0.26100337505340576,0.02602633461356163
18,100,0.9546337127685547,0.9434713125228882,0.01108931191265583,0.7308433055877686,0.09386748820543289
19,1,0.873874843120575,0.853051483631134,0.02041335217654705,4.100457668304443,0.5303780436515808
19,2,0.4134257733821869,0.40714579820632935,0.006142912432551384,1.3706223964691162,0.04488734155893326
19,3,0.4338652789592743,0.4272923469543457,0.006437753792852163,1.3518496751785278,0.04302069544792175
19,4,0.9706841111183167,0.9531087875366211,0.017209377139806747,3.6596322059631348,0.4684278964996338
19,5,0.41379207372665405,0.4080827236175537,0.005596235394477844,1.1312471628189087,0.05702502280473709
19,6,0.0546797551214695,0.05451779067516327,0.00012923459871672094,0.3273065984249115,0.005614994093775749
19,7,0.04518318921327591,0.04509362578392029,5.9915368183283135e-05,0.2965085208415985,0.004211238585412502
19,8,0.4498215913772583,0.4434460997581482,0.006228298880159855,1.472049355506897,0.04233218729496002
19,9,0.13786280155181885,0.13503055274486542,0.002809925004839897,0.2232799381017685,0.08255646377801895
19,10,0.19042617082595825,0.18880629539489746,0.0016077331965789199,0.12144036591053009,0.014347008429467678
19,11,0.34426257014274597,0.3408142924308777,0.003420182503759861,0.28107500076293945,0.013102046214044094
19,12,0.9606543183326721,0.9419496059417725,0.01812562718987465,5.790506839752197,0.08456292003393173
19,13,0.4396388828754425,0.4363256096839905,0.0032854995224624872,0.27763450145721436,0.021160157397389412
19,14,0.1359713077545166,0.13359180092811584,0.0023609809577465057,0.18529339134693146,0.06637921929359436
19,15,0.8512948155403137,0.8371479511260986,0.013911429792642593,2.3545258045196533,0.397148460149765
19,16,0.7352817058563232,0.7277520895004272,0.007473714649677277,0.5593363046646118,0.08986440300941467
19,17,0.8378221392631531,0.8297663927078247,0.008013126440346241,0.42593786120414734,0.10712502896785736
19,18,0.9381427764892578,0.9154036045074463,0.0220303013920784,7.0885910987854,0.1789512038230896
19,19,0.3820079565048218,0.3785158097743988,0.003478288184851408,0.1385270059108734,0.030034087598323822
19,20,0.3358618915081024,0.3312336206436157,0.004566626623272896,0.6164430379867554,0.056804243475198746
19,21,0.019344182685017586,0.019208546727895737,0.00010311213554814458,0.3252360224723816,0.006262136623263359
19,22,0.36327221989631653,0.35919710993766785,0.004055507481098175,0.196095809340477,0.03615441918373108
19,23,0.6578342914581299,0.6421491503715515,0.01536923460662365,3.158806562423706,0.3727758228778839
19,24,0.733843982219696,0.7247262001037598,0.00904294103384018,0.7484115958213806,0.13508084416389465
19,25,0.4250907897949219,0.4174792170524597,0.007392633706331253,2.189387798309326,0.05718565732240677
19,26,1.1972415447235107,1.1707431077957153,0.0258219875395298,6.763551712036133,0.16163566708564758
19,27,0.8862026333808899,0.8757139444351196,0.010394645854830742,0.9406080842018127,0.11758416891098022
19,28,1.1430951356887817,1.1146377325057983,0.02784452959895134,6.128647804260254,0.12111572921276093
19,29,0.04549378156661987,0.04537663608789444,8.916840306483209e-05,0.27976903319358826,0.005211053416132927
19,30,0.35544291138648987,0.3500865399837494,0.005245489999651909,1.108931541442871,0.02606205642223358
19,31,0.024192700162529945,0.024095872417092323,6.804541771998629e-05,0.28782424330711365,0.003954000771045685
19,32,0.8938973546028137,0.8731735944747925,0.019973237067461014,7.505435466766357,0.15310361981391907
19,33,0.39441442489624023,0.3904888927936554,0.0039012758061289787,0.24268990755081177,0.03183359652757645
19,34,0.22413089871406555,0.22113573551177979,0.0029608365148305893,0.3432515263557434,0.027925807982683182
19,35,0.3697775602340698,0.3645646870136261,0.005167871713638306,0.4499939978122711,0.048013973981142044
19,36,0.8538473844528198,0.8436165452003479,0.010150176472961903,0.8066033720970154,0.18855001032352448
19,37,0.711841881275177,0.7035897374153137,0.0081788320094347,0.733281672000885,0.11154986917972565
19,38,0.35970422625541687,0.3569170832633972,0.0027781971730291843,0.08939701318740845,0.020284298807382584
19,39,0.3567320704460144,0.35246527194976807,0.004228096920996904,0.38705000281333923,0.018467262387275696
19,40,0.20272213220596313,0.20122160017490387,0.0014852727763354778,0.15254391729831696,0.01136927679181099
19,41,0.02167378179728985,0.021551605314016342,9.547416993882507e-05,0.2670327425003052,0.003471930045634508
19,42,0.4398297071456909,0.4337761104106903,0.005889490246772766,1.6408308744430542,0.02753809466958046
19,43,0.5743025541305542,0.5666232109069824,0.007572321221232414,1.0704562664031982,0.1577567160129547
19,44,0.019517214968800545,0.019415177404880524,7.655975059606135e-05,0.25477132201194763,0.003202300053089857
19,45,0.39396753907203674,0.39144280552864075,0.002509212354198098,0.15528160333633423,0.017559917643666267
19,46,0.8306411504745483,0.8111416101455688,0.018966620787978172,5.329183101654053,0.4852374792098999
19,47,0.021623920649290085,0.021518049761652946,7.97390312072821e-05,0.2613053023815155,0.0026652985252439976
19,48,0.02857320010662079,0.028422797098755836,0.00012454341049306095,0.2585979700088501,0.006141672842204571
19,49,0.4423575699329376,0.4354490041732788,0.00673134159296751,1.7722052335739136,0.03465975821018219
19,50,0.8116475343704224,0.8056477904319763,0.005965490825474262,0.34261569380760193,0.052745819091796875
19,51,0.04181395843625069,0.04149015247821808,0.0002975755778606981,0.2622811794281006,0.01616845279932022
19,52,0.022433271631598473,0.022325146943330765,8.331132266903296e-05,0.2481427937746048,0.0025771232321858406
19,53,0.013065952807664871,0.012982890009880066,7.221606210805476e-05,0.10847227275371552,0.05194972828030586
19,54,0.2478121817111969,0.2456975281238556,0.0020993719808757305,0.152845561504364,0.03720872849225998
19,55,0.9194642305374146,0.903784990310669,0.015248134732246399,4.311280727386475,0.10418392717838287
19,56,0.43031054735183716,0.4246490001678467,0.005508920643478632,1.5261266231536865,0.04147312790155411
19,57,0.01470870990306139,0.01462225615978241,6.08321133768186e-05,0.25621673464775085,0.002772454172372818
19,58,1.021332025527954,1.003162145614624,0.017851639539003372,3.182866096496582,0.16933681070804596
19,59,0.014565058052539825,0.014476679265499115,6.178983312565833e-05,0.26588842272758484,0.0027642566710710526
19,60,0.04532228782773018,0.04491259157657623,0.0003792752977460623,0.3042092025279999,0.02262127585709095
19,61,0.8293668031692505,0.8202519416809082,0.009041065350174904,0.7377061247825623,0.1184615045785904
19,62,0.6028372049331665,0.5908336639404297,0.011796792037785053,2.0678210258483887,0.27184611558914185
19,63,0.13407224416732788,0.13259629905223846,0.001467213500291109,0.08731046319007874,0.048216089606285095
19,64,0.8218675255775452,0.7962131500244141,0.025084368884563446,5.699889183044434,0.35060226917266846
19,65,0.12577369809150696,0.12458503246307373,0.0011832513846457005,0.05416226387023926,0.03906121104955673
19,66,0.12788906693458557,0.12653689086437225,0.0013456603046506643,0.06519042700529099,0.03946169838309288
19,67,0.015175224281847477,0.01507212407886982,9.02313258848153e-05,0.12869201600551605,0.05388503521680832
19,68,0.8468204736709595,0.8371069431304932,0.009615954011678696,0.975522518157959,0.11531832814216614
19,69,0.7128541469573975,0.7049615979194641,0.007824904285371304,0.676526665687561,0.07715345919132233
19,70,0.23482410609722137,0.23231355845928192,0.002488243393599987,0.222997784614563,0.04791389778256416
19,71,0.8743109107017517,0.8652356266975403,0.009024702943861485,0.5061164498329163,0.09300270676612854
19,72,0.3740944266319275,0.3705900311470032,0.003483439330011606,0.2095434069633484,0.026110494509339333
19,73,0.12838846445083618,0.1257915049791336,0.0025708379689604044,0.26127827167510986,0.11803367733955383
19,74,0.41803044080734253,0.41164135932922363,0.006245503667742014,1.4357696771621704,0.05368252098560333
19,75,0.004343939479440451,0.004311608616262674,6.157828011055244e-06,0.2617281377315521,0.0015168576501309872
19,76,0.04373515769839287,0.04335419461131096,0.00034978656913153827,0.31175515055656433,0.020100589841604233
19,77,1.1583998203277588,1.1353561878204346,0.022558052092790604,4.855956554412842,0.17774970829486847
19,78,0.36753642559051514,0.3646455407142639,0.002878021216019988,0.12873242795467377,0.017606550827622414
19,79,0.34606364369392395,0.34120506048202515,0.0047473483718931675,1.1123595237731934,0.03828851133584976
19,80,0.04351528733968735,0.04314781725406647,0.0003378436085768044,0.2962566614151001,0.020976461470127106
19,81,0.014617926441133022,0.01449175551533699,0.00011393547902116552,0.12235913425683975,0.04895065352320671
19,82,0.8592326045036316,0.8411222696304321,0.0177012849599123,4.090662956237793,0.38819360733032227
19,83,0.1288483440876007,0.12770646810531616,0.0011365397367626429,0.05333080515265465,0.03626714646816254
19,84,0.7428975105285645,0.7356311678886414,0.007214954122900963,0.5139038562774658,0.06972643733024597
19,85,1.1696051359176636,1.1386051177978516,0.029970351606607437,10.296675682067871,0.19456082582473755
19,86,0.8865197896957397,0.8603147864341736,0.02565784566104412,5.471868991851807,0.38867902755737305
19,87,0.42713984847068787,0.42159998416900635,0.005411466583609581,1.2838670015335083,0.03885556757450104
19,88,1.2240289449691772,1.1937928199768066,0.029644083231687546,5.92045783996582,0.24535730481147766
19,89,0.9759644269943237,0.9527311325073242,0.02252020128071308,7.131351470947266,0.20466654002666473
19,90,0.3225471079349518,0.318841814994812,0.003658770117908716,0.46523240208625793,0.0455290749669075
19,91,0.3714357912540436,0.36827999353408813,0.003139680717140436,0.16122382879257202,0.022556889802217484
19,92,0.33182263374328613,0.32793015241622925,0.0038580899126827717,0.3438720703125,0.01412155106663704
19,93,0.9355263113975525,0.9145649671554565,0.020460156723856926,5.012165069580078,0.5367883443832397
19,94,0.9596644639968872,0.9362659454345703,0.022746790200471878,6.517451286315918,0.5720619559288025
19,95,0.848883330821991,0.8424301147460938,0.0064195869490504265,0.33611056208610535,0.05442299321293831
19,96,0.7165647149085999,0.7098094820976257,0.006699844263494015,0.5537993907928467,0.07037939131259918
19,97,0.012198423035442829,0.01211642287671566,6.895035039633512e-05,0.1304977387189865,0.0609147809445858
19,98,0.38049250841140747,0.37600594758987427,0.00440230593085289,0.8426092863082886,0.041745081543922424
19,99,0.020056817680597305,0.019937261939048767,8.925724250730127e-05,0.3029806613922119,0.0034754443913698196
19,100,0.45044413208961487,0.44409021735191345,0.006283854134380817,0.7007073760032654,0.06541754305362701
20,1,0.04445025324821472,0.04400879144668579,0.00040763907600194216,0.33823472261428833,0.024442104622721672
20,2,1.1190983057022095,1.0993572473526,0.01930929347872734,4.317199230194092,0.1382523477077484
20,3,0.9791558980941772,0.9573265314102173,0.02110791578888893,7.21461820602417,0.1281992793083191
20,4,0.40566185116767883,0.3983755111694336,0.0071307881735265255,1.5552687644958496,0.04873174428939819
20,5,0.19748817384243011,0.19584223628044128,0.0016266168095171452,0.19330407679080963,0.014900550246238708
20,6,0.1274568736553192,0.12445748597383499,0.0029769055545330048,0.22478628158569336,0.10778158903121948
20,7,0.33037269115448,0.32561102509498596,0.0046913595870137215,0.7031792998313904,0.04216466844081879
20,8,0.010448341257870197,0.010365916416049004,6.963209307286888e-05,0.1279299408197403,0.05715884268283844
20,9,1.1891391277313232,1.1624748706817627,0.02613372728228569,5.304285049438477,0.17088884115219116
20,10,0.7046678066253662,0.6962817311286926,0.008326893672347069,0.5918302536010742,0.08773858845233917
20,11,0.026238612830638885,0.026058334857225418,0.00015256612095981836,0.2771254777908325,0.007430137600749731
20,12,0.02060657925903797,0.02049323171377182,8.59206702443771e-05,0.27427220344543457,0.003530267160385847
20,13,0.43019023537635803,0.4220460057258606,0.007906731218099594,2.3750436305999756,0.04071968048810959
20,14,0.4074122905731201,0.4012605547904968,0.00603292603045702,1.1882001161575317,0.04267921298742294
20,15,0.8612422943115234,0.8346574902534485,0.025905530899763107,6.792574882507324,0.4198126792907715
20,16,0.42853620648384094,0.42196226119995117,0.006394935306161642,1.7902038097381592,0.046051401644945145
20,17,0.03920034319162369,0.03884473815560341,0.0003267657302785665,0.2883661985397339,0.020495951175689697
20,18,0.43826818466186523,0.4313886761665344,0.006828502751886845,0.5099045038223267,0.06720529496669769
20,19,0.35603955388069153,0.3515698313713074,0.004429258406162262,0.40477997064590454,0.02169332653284073
20,20,0.8171800374984741,0.795494556427002,0.02124127931892872,4.441669464111328,0.3303183913230896
20,21,0.8768297433853149,0.8680034875869751,0.008767865598201752,0.5838879942893982,0.07882607728242874
20,22,0.7410953044891357,0.7221031188964844,0.01846025511622429,5.319055080413818,0.3060981035232544
20,23,0.8937422037124634,0.8845181465148926,0.009171826764941216,0.522235631942749,0.08879400789737701
20,24,0.12596940994262695,0.12463925033807755,0.0013243475696071982,0.05811234936118126,0.0438784658908844
20,25,0.846168041229248,0.8280762434005737,0.0177396759390831,3.5215020179748535,0.644052267074585
20,26,0.43616414070129395,0.4273814260959625,0.008554344065487385,2.283886432647705,0.0497874990105629
20,27,0.9167819023132324,0.8930631279945374,0.02286728098988533,8.515311241149902,0.09688558429479599
20,28,0.01631985791027546,0.016223784536123276,6.763501733075827e-05,0.2843852639198303,0.003175471443682909
20,29,0.02705887146294117,0.026878222823143005,0.0001507196284364909,0.29928505420684814,0.00795733742415905
20,30,0.026265738531947136,0.026093466207385063,0.00014251763059291989,0.2975360155105591,0.006805834360420704
20,31,0.9210389256477356,0.9058944582939148,0.014713844284415245,4.30647611618042,0.07817454636096954
20,32,0.03983331471681595,0.039483629167079926,0.0003182774526067078,0.3140714466571808,0.017241232097148895
20,33,0.375884473323822,0.3727448880672455,0.003120481502264738,0.19117216765880585,0.018907977268099785
20,34,0.2603847086429596,0.2574249505996704,0.0029306369833648205,0.29126086831092834,0.04944676160812378
20,35,0.8527947664260864,0.8352863192558289,0.017161447554826736,3.4704151153564453,0.4579628109931946
20,36,0.8131869435310364,0.7944903373718262,0.018348339945077896,3.4827075004577637,0.49313977360725403
20,37,0.6025725603103638,0.590690016746521,0.011638686060905457,2.438582181930542,0.24310952425003052
20,38,0.028197970241308212,0.028023943305015564,0.00014166568871587515,0.32362088561058044,0.006802469491958618
20,39,0.6964049339294434,0.688748300075531,0.0075891287997365,0.6755036115646362,0.0843968316912651
20,40,0.01655450090765953,0.016450904309749603,7.281622674781829e-05,0.30780819058418274,0.003052346408367157
20,41,0.0413985401391983,0.0410531647503376,0.0003120418405160308,0.33332282304763794,0.018008917570114136
20,42,0.39504095911979675,0.39143693447113037,0.0035720989108085632,0.31913062930107117,0.02973085641860962
20,43,0.02463481016457081,0.024474116042256355,0.00012985366629436612,0.30840522050857544,0.0068677859380841255
20,44,0.6710801124572754,0.658717691898346,0.012089284136891365,2.7308645248413086,0.22167019546031952
20,45,0.2277943342924118,0.22561109066009521,0.002162669086828828,0.2057546079158783,0.042979687452316284
20,46,0.3238275349140167,0.32098013162612915,0.0028277530800551176,0.19638054072856903,0.0490913987159729
20,47,0.22330568730831146,0.2211351841688156,0.002154131419956684,0.163739413022995,0.04924755543470383
20,48,0.12580350041389465,0.12423305958509445,0.0015635006129741669,0.06946352124214172,0.04608873277902603
20,49,1.1087665557861328,1.0869042873382568,0.021405048668384552,4.5718255043029785,0.1565985530614853
20,50,0.21703290939331055,0.21458914875984192,0.0024237995967268944,0.1997152864933014,0.05192064493894577
20,51,0.19360759854316711,0.1913706660270691,0.0022105234675109386,0.264118492603302,0.016281068325042725
20,52,0.1335158497095108,0.130333811044693,0.003156790044158697,0.25246337056159973,0.12391720712184906
20,53,0.4358462989330292,0.42958444356918335,0.0061536990106105804,1.081587553024292,0.05626196414232254
20,54,0.014361811801791191,0.014272610656917095,5.9234029322396964e-05,0.2996739447116852,0.0031150204595178366
20,55,1.1265679597854614,1.1023962497711182,0.023580260574817657,5.914475917816162,0.1720201075077057
20,56,0.01325245387852192,0.013148058205842972,9.086688805837184e-05,0.1352851688861847,0.04757780581712723
20,57,0.9174937009811401,0.9071269035339355,0.01029575802385807,0.7102823853492737,0.10315939784049988
20,58,0.8846222758293152,0.8609193563461304,0.02311204932630062,5.908594131469727,0.38507553935050964
20,59,0.31765657663345337,0.3138313293457031,0.003762452630326152,0.6280421018600464,0.043283380568027496
20,60,0.7395088076591492,0.7230821847915649,0.016058754175901413,3.6790759563446045,0.3115234375
20,61,0.9982898831367493,0.9720019698143005,0.02523075044155121,10.571537017822266,0.14860016107559204
20,62,0.02765939012169838,0.027537809684872627,9.168715041596442e-05,0.29893893003463745,0.003967855125665665
20,63,0.7262455224990845,0.7184584140777588,0.007732295896857977,0.5482946038246155,0.08300803601741791
20,64,0.4325520396232605,0.42895156145095825,0.0035699945874512196,0.3049120008945465,0.029826335608959198
20,65,0.18797749280929565,0.18671324849128723,0.0012523643672466278,0.11878008395433426,0.010449070483446121
20,66,0.854817271232605,0.845069169998169,0.009663397446274757,0.8471925854682922,0.10573865473270416
20,67,0.026416320353746414,0.026246551424264908,0.0001413418067386374,0.28427761793136597,0.0077346391044557095
20,68,0.44474369287490845,0.43761637806892395,0.00708075612783432,0.46557512879371643,0.057812608778476715
20,69,0.17824895679950714,0.17708167433738708,0.001157613005489111,0.09675527364015579,0.010058004409074783
20,70,0.343369722366333,0.33975690603256226,0.003555216360837221,0.5761618614196777,0.04261001944541931
20,71,0.8685986995697021,0.8580218553543091,0.01046055555343628,1.162696361541748,0.13615161180496216
20,72,0.34580835700035095,0.3403175175189972,0.00536704296246171,1.2380489110946655,0.054896365851163864
20,73,0.8799035549163818,0.8700202703475952,0.009782196022570133,1.0106456279754639,0.15084362030029297
20,74,0.8373178243637085,0.8138078451156616,0.02296052873134613,5.494498252868652,0.38826581835746765
20,75,0.4483392536640167,0.44084206223487854,0.007435529492795467,0.6166260838508606,0.07227006554603577
20,76,0.3783761262893677,0.3751561641693115,0.0032064998522400856,0.1346859335899353,0.023040201514959335
20,77,0.35436391830444336,0.34939441084861755,0.004871816374361515,0.9770129919052124,0.0441414937376976
20,78,0.133816197514534,0.1303369551897049,0.0034397821873426437,0.3946112096309662,0.08075150102376938
20,79,0.3399246037006378,0.33658793568611145,0.003312257118523121,0.2441750168800354,0.010452959686517715
20,80,0.5855718851089478,0.5795872807502747,0.005929634440690279,0.5493370890617371,0.06311823427677155
20,81,0.9473870992660522,0.9256188869476318,0.021045003086328506,7.231600284576416,0.11672914028167725
20,82,0.021717948839068413,0.021582746878266335,0.0001029486084007658,0.3225347697734833,0.003096960950642824
20,83,0.3268060088157654,0.3221076726913452,0.004636518191546202,0.6181918978691101,0.014667229726910591
20,84,0.3818325400352478,0.3785723149776459,0.0032397168688476086,0.2051325887441635,0.038032256066799164
20,85,0.7880273461341858,0.7805970907211304,0.007383079268038273,0.47131240367889404,0.11871709674596786
20,86,0.9970566034317017,0.9690682888031006,0.026997273787856102,9.910682678222656,0.15778452157974243
20,87,0.01293659396469593,0.012823998928070068,9.841188148129731e-05,0.1418347954750061,0.06837660074234009
20,88,0.9066146612167358,0.8977331519126892,0.00882912240922451,0.5237061977386475,0.0866117775440216
20,89,0.06384401023387909,0.06322012841701508,0.0006185384700074792,0.05343140289187431,0.0175897479057312
20,90,0.21405662596225739,0.21063411235809326,0.003402907866984606,0.19605231285095215,0.22711321711540222
20,91,0.9305012226104736,0.9115946292877197,0.018343208357691765,5.633591651916504,0.11514922976493835
20,92,0.8477065563201904,0.8295672535896301,0.01770266890525818,4.36676549911499,0.5407273769378662
20,93,0.8864380717277527,0.8765459060668945,0.009778227657079697,1.1397954225540161,0.1264391839504242
20,94,0.40324997901916504,0.3985404074192047,0.004661779385060072,0.477970689535141,0.041968122124671936
20,95,0.8852208256721497,0.8757193684577942,0.009407497942447662,0.9395394325256348,0.12291597574949265
20,96,0.23240241408348083,0.22971010208129883,0.0026727872900664806,0.19518372416496277,0.059345223009586334
20,97,0.34098154306411743,0.33629393577575684,0.004611022304743528,0.765901505947113,0.04532606899738312
20,98,0.6714965105056763,0.6566535830497742,0.014518690295517445,3.242659330368042,0.24109432101249695
20,99,0.13505466282367706,0.13207557797431946,0.0029492422472685575,0.2984020411968231,0.09885599464178085
20,100,0.015494388528168201,0.015383657068014145,9.707413119031116e-05,0.1365649551153183,0.03679785504937172
21,1,0.044941358268260956,0.044496919959783554,0.000411202956456691,0.3323875665664673,0.02478073537349701
21,2,0.02050631307065487,0.02038455381989479,9.285625856136903e-05,0.28902751207351685,0.005559325218200684
21,3,0.9237204194068909,0.9049845933914185,0.018352502956986427,3.833176374435425,0.5774898529052734
21,4,0.043240565806627274,0.04275320842862129,0.0004536727792583406,0.33684229850769043,0.02470187470316887
21,5,0.8791967630386353,0.8706347942352295,0.008485805243253708,0.7616943717002869,0.08197678625583649
21,6,0.42872190475463867,0.42304855585098267,0.005561644211411476,1.117122769355774,0.04253940284252167
21,7,0.4157368838787079,0.41048869490623474,0.00514887785539031,0.9928778409957886,0.04311325401067734
21,8,0.04990174248814583,0.04945719242095947,0.00041035638423636556,0.34195396304130554,0.02520929090678692
21,9,0.6035189628601074,0.5934259295463562,0.009912293404340744,1.8070465326309204,0.28317755460739136
21,10,0.024129651486873627,0.023996584117412567,0.00010272242070641369,0.30345016717910767,0.0028035365976393223
21,11,0.4244433641433716,0.419318825006485,0.005083722993731499,0.40832218527793884,0.050106752663850784
21,12,0.38276830315589905,0.3798426389694214,0.0029134145006537437,0.12241736799478531,0.019234949722886086
21,13,0.026397062465548515,0.02623749151825905,0.00013324404426384717,0.26326316595077515,0.0071393223479390144
21,14,0.20435050129890442,0.20288658142089844,0.001448916969820857,0.15009482204914093,0.007107252720743418
21,15,0.3660297095775604,0.3634037971496582,0.0026130108162760735,0.1289975494146347,0.01486903801560402
21,16,0.4708724021911621,0.46529558300971985,0.005451930221170187,1.249056339263916,0.030636591836810112
21,17,0.13035190105438232,0.129071444272995,0.0012723073596134782,0.08149084448814392,0.044039398431777954
21,18,0.34909045696258545,0.3440791368484497,0.004913585260510445,0.9773399829864502,0.04153907671570778
21,19,1.145310878753662,1.1115174293518066,0.03245515376329422,13.382784843444824,0.15140500664710999
21,20,1.0874730348587036,1.0639265775680542,0.022842049598693848,7.043840408325195,0.17050272226333618
21,21,0.45045438408851624,0.44282832741737366,0.007560680620372295,0.6539891362190247,0.0819389745593071
21,22,0.19301657378673553,0.19142654538154602,0.001572080422192812,0.17946287989616394,0.013888637535274029
21,23,0.8410423398017883,0.8115111589431763,0.02884742245078087,6.837911605834961,0.41135087609291077
21,24,0.4582602381706238,0.44958990812301636,0.008479776792228222,1.9055875539779663,0.04957802966237068
21,25,0.01994408667087555,0.019825942814350128,0.00010510554420761764,0.13038010895252228,0.052122220396995544
21,26,0.13665005564689636,0.13518783450126648,0.001455678604543209,0.06536597013473511,0.044883716851472855
21,27,0.018874026834964752,0.01876344159245491,8.13707520137541e-05,0.29214075207710266,0.003470339812338352
21,28,0.020849941298365593,0.02071179263293743,0.00010834117711056024,0.2980729341506958,0.0032688078936189413
21,29,0.43035203218460083,0.42368653416633606,0.0065481942147016525,1.1729544401168823,0.03408905863761902
21,30,0.6389831304550171,0.6233575344085693,0.015318749472498894,3.0684025287628174,0.2333734780550003
21,31,0.4090694487094879,0.40473872423171997,0.0042922766879200935,0.38445034623146057,0.028398271650075912
21,32,0.45135143399238586,0.44368526339530945,0.007585845421999693,0.8030290007591248,0.04037465155124664
21,33,0.400272935628891,0.3961900770664215,0.004041814245283604,0.41023513674736023,0.02553587406873703
21,34,0.8554984331130981,0.8337541818618774,0.02120799757540226,5.362717151641846,0.44437241554260254
21,35,0.9801085591316223,0.9492366909980774,0.0298018716275692,10.700017929077148,0.1535816490650177
21,36,0.32777175307273865,0.3233606815338135,0.0043411822989583015,0.6988809704780579,0.04072735831141472
21,37,1.0616916418075562,1.0370814800262451,0.024116257205605507,4.938631534576416,0.13022637367248535
21,38,0.10179921984672546,0.10119335353374481,0.0006032735109329224,0.025899356231093407,0.02189122512936592
21,39,0.04987400397658348,0.0494757778942585,0.000366423832019791,0.3180288076400757,0.019510699436068535
21,40,0.04568110406398773,0.04526909440755844,0.00038070313166826963,0.313064306974411,0.022336604073643684
21,41,1.017596960067749,0.9942387938499451,0.02271905541419983,6.390779972076416,0.7707271575927734
21,42,1.0369893312454224,1.009716510772705,0.026393625885248184,8.791829109191895,0.21302878856658936
21,43,0.2763065695762634,0.27392566204071045,0.002350554335862398,0.30336660146713257,0.018197255209088326
21,44,0.13349638879299164,0.13221994042396545,0.0012705775443464518,0.058711450546979904,0.05085214599967003
21,45,0.7648361325263977,0.756986677646637,0.007771738804876804,0.777246356010437,0.11653122305870056
21,46,0.8835771083831787,0.874270498752594,0.009224197827279568,0.824185848236084,0.17676329612731934
21,47,0.3566735088825226,0.35191696882247925,0.004715842194855213,0.40702515840530396,0.033392325043678284
21,48,0.36228692531585693,0.3591201901435852,0.0031540649943053722,0.1265195906162262,0.02580307051539421
21,49,0.3424142897129059,0.3381923735141754,0.0041858903132379055,0.36038559675216675,0.02222723513841629
21,50,0.9328644871711731,0.9041314125061035,0.02753940038383007,11.937285423278809,0.11274600028991699
21,51,0.028171973302960396,0.028030190616846085,0.000114571419544518,0.2721223533153534,0.005673198029398918
21,52,0.7749221324920654,0.7670098543167114,0.007842476479709148,0.6982214450836182,0.07451435923576355
21,53,0.40173736214637756,0.39858874678611755,0.0031252168118953705,0.23387423157691956,0.024473248049616814
21,54,0.9633469581604004,0.9414075016975403,0.021243629977107048,6.958228588104248,0.09202750027179718
21,55,0.43832191824913025,0.4323751926422119,0.005900115240365267,0.46607115864753723,0.04806552082300186
21,56,0.1267910599708557,0.12547308206558228,0.0013117005582898855,0.06276936084032059,0.03469902276992798
21,57,0.7922099232673645,0.7716213464736938,0.0201153215020895,4.7323832511901855,0.46568793058395386
21,58,1.0673643350601196,1.0408954620361328,0.025634491816163063,8.342957496643066,0.17968249320983887
21,59,0.042770758271217346,0.04240366443991661,0.00033402611734345555,0.330704003572464,0.017665423452854156
21,60,0.1207355409860611,0.11956604570150375,0.0011636440176516771,0.05845687538385391,0.04426959902048111
21,61,0.4389806091785431,0.43351829051971436,0.005376067478209734,0.8626114726066589,0.04252951592206955
21,62,0.02759424038231373,0.027425501495599747,0.0001375476422253996,0.31192663311958313,0.00642342958599329
21,63,0.02654515579342842,0.026371218264102936,0.00014317808381747454,0.307603120803833,0.006039297208189964
21,64,0.8214744925498962,0.8008464574813843,0.02016717940568924,4.6086201667785645,0.5242101550102234
21,65,0.9948398470878601,0.9729322791099548,0.021252937614917755,6.546534061431885,0.16371524333953857
21,66,0.8315777778625488,0.8129323720932007,0.0182327963411808,4.125851631164551,0.24249139428138733
21,67,0.020120063796639442,0.020007111132144928,8.359031926374882e-05,0.2936336398124695,0.0032748510129749775
21,68,0.5589379072189331,0.5496471524238586,0.009147511795163155,1.4325629472732544,0.22963550686836243
21,69,0.39555099606513977,0.3919185996055603,0.003606082871556282,0.2630707919597626,0.035672880709171295
21,70,1.1484856605529785,1.1221895217895508,0.0256812646985054,6.148519992828369,0.1955866515636444
21,71,1.1039955615997314,1.0802654027938843,0.023236900568008423,4.933282852172852,0.19157500565052032
21,72,0.1234702318906784,0.12224646657705307,0.0012183707440271974,0.05393727868795395,0.04659413546323776
21,73,0.23260849714279175,0.23003213107585907,0.002555134706199169,0.21231244504451752,0.051930300891399384
21,74,0.894093930721283,0.8854889869689941,0.008545400574803352,0.5951554775238037,0.0944802463054657
21,75,0.40080034732818604,0.39577096700668335,0.004918027203530073,1.1132702827453613,0.04699256271123886
21,76,0.891727864742279,0.8843722939491272,0.007315690629184246,0.39885327219963074,0.08036323636770248
21,77,0.8099175691604614,0.7947731018066406,0.014863247983157635,2.8120741844177246,0.47892433404922485
21,78,0.016317877918481827,0.016228271648287773,7.695033855270594e-05,0.1265643686056137,0.04266883805394173
21,79,0.7433411478996277,0.7359911203384399,0.007274087052792311,0.7594184279441833,0.08035840839147568
21,80,0.7123141884803772,0.7054696083068848,0.00678805960342288,0.5650042295455933,0.07656918466091156
21,81,0.025194941088557243,0.025042299181222916,0.00012421001156326383,0.2843080163002014,0.00690794549882412
21,82,0.02586577646434307,0.025702469050884247,0.00013431053957901895,0.28998497128486633,0.007244976237416267
21,83,0.37593838572502136,0.372827410697937,0.003098753746598959,0.12211649864912033,0.025966603308916092
21,84,0.8529351353645325,0.836961567401886,0.015673713758587837,2.9987146854400635,0.5808878540992737
21,85,0.8741188645362854,0.8659082055091858,0.008166192099452019,0.44485369324684143,0.10146085172891617
21,86,0.43322083353996277,0.42767295241355896,0.0054551479406654835,0.9274407625198364,0.05561835318803787
21,87,0.6103590726852417,0.6001312732696533,0.010045277886092663,1.82527494430542,0.2796458601951599
21,88,0.026852885261178017,0.02664880082011223,0.00017368188127875328,0.30401611328125,0.007333556190133095
21,89,0.040629565715789795,0.04029614478349686,0.0003016762784682214,0.31741663813591003,0.019319720566272736
21,90,0.015841839835047722,0.01574191451072693,7.211086631286889e-05,0.27814462780952454,0.0032105969730764627
21,91,0.3227790296077728,0.31916916370391846,0.0035561351105570793,0.537270188331604,0.03276674821972847
21,92,0.4372079372406006,0.43224939703941345,0.004914209246635437,0.4434424936771393,0.04192876070737839
21,93,0.04174767807126045,0.04137376695871353,0.0003421104047447443,0.3179861903190613,0.01861979439854622
21,94,0.22416651248931885,0.22207820415496826,0.0020715566352009773,0.16743203997612,0.03784193843603134
21,95,0.3459285497665405,0.3418008089065552,0.004090050235390663,0.37694334983825684,0.015829753130674362
21,96,0.8825008869171143,0.8623285293579102,0.01970713585615158,4.651907920837402,0.3032393455505371
21,97,1.1610509157180786,1.1406322717666626,0.0199776291847229,4.409883499145508,0.14068013429641724
21,98,0.018627023324370384,0.01852944865822792,6.751110777258873e-05,0.30063140392303467,0.0028829663060605526
21,99,1.1784906387329102,1.130750298500061,0.046023353934288025,17.170236587524414,0.26894712448120117
21,100,0.4817441403865814,0.47364136576652527,0.008039354346692562,0.6342059373855591,0.12452396750450134
22,1,0.2626129686832428,0.2566620111465454,0.005802614614367485,1.4836889505386353,0.04489818960428238
22,2,0.3333457112312317,0.3289235234260559,0.004392101429402828,0.3010169267654419,0.01832568645477295
22,3,0.02609291672706604,0.025909066200256348,0.00015085050836205482,0.3300072252750397,0.006958728190511465
22,4,1.120814323425293,1.101304531097412,0.01911584846675396,3.9399197101593018,0.09334336221218109
22,5,0.12799030542373657,0.12669450044631958,0.0012895441614091396,0.06254250556230545,0.03865469992160797
22,6,0.33954423666000366,0.3358158767223358,0.0036754056345671415,0.5296367406845093,0.0374860018491745
22,7,0.239826038479805,0.23742473125457764,0.002381958533078432,0.1934661865234375,0.04536609351634979
22,8,0.6304455995559692,0.6162070035934448,0.013892007060348988,3.4662117958068848,0.23507866263389587
22,9,0.02550785429775715,0.02533353865146637,0.0001427622773917392,0.3155290484428406,0.00786284077912569
22,10,0.042343296110630035,0.04196321964263916,0.000346068263752386,0.3400689959526062,0.022231582552194595
22,11,0.3732844889163971,0.36992573738098145,0.0033384624402970076,0.20284228026866913,0.022177647799253464
22,12,0.32675474882125854,0.3224017024040222,0.004303463734686375,0.49582865834236145,0.012316315434873104
22,13,0.3667532503604889,0.36370614171028137,0.003034478984773159,0.12633077800273895,0.02326226234436035
22,14,0.1896706223487854,0.18817606568336487,0.0014830620493739843,0.11492910981178284,0.015248292125761509
22,15,0.22281292080879211,0.22076426446437836,0.0020358285401016474,0.1283477395772934,0.05717847868800163
22,16,0.6226008534431458,0.6080591082572937,0.01424848660826683,2.9327375888824463,0.2743813395500183
22,17,0.015091492794454098,0.014992763288319111,6.874989776406437e-05,0.29979389905929565,0.003278530202805996
22,18,0.9168283343315125,0.9031285047531128,0.0135435089468956,1.5631994009017944,0.13208463788032532
22,19,0.8573529720306396,0.8404576778411865,0.016507867723703384,3.8741555213928223,0.13977375626564026
22,20,0.7986503839492798,0.7776145339012146,0.02028876729309559,7.471116065979004,0.14391103386878967
22,21,0.04269398748874664,0.042298078536987305,0.0003623820375651121,0.335264652967453,0.019969888031482697
22,22,0.8626817464828491,0.8356631994247437,0.026483189314603806,5.353523254394531,0.7121015787124634
22,23,0.012888683006167412,0.012794758193194866,7.960856601130217e-05,0.14316575229167938,0.07499989867210388
22,24,1.0985536575317383,1.074192762374878,0.023766223341226578,5.946454048156738,0.14197751879692078
22,25,0.01569487899541855,0.015598373487591743,6.813408253947273e-05,0.2837137281894684,0.005119631998240948
22,26,1.1647361516952515,1.1326607465744019,0.030990684404969215,10.846450805664062,0.1655474305152893
22,27,0.840239405632019,0.8324547410011292,0.0077492715790867805,0.3538001477718353,0.06852385401725769
22,28,0.2039378136396408,0.20142436027526855,0.0024834193754941225,0.3003828227519989,0.028467005118727684
22,29,1.1467177867889404,1.1217302083969116,0.024414412677288055,5.7314453125,0.13798369467258453
22,30,1.0646700859069824,1.0433435440063477,0.02090698853135109,4.195501804351807,0.15485617518424988
22,31,1.1805713176727295,1.1557644605636597,0.024268196895718575,5.386669635772705,0.19097527861595154
22,32,0.9250540733337402,0.8952776789665222,0.028737157583236694,10.392775535583496,0.17749062180519104
22,33,0.04909580573439598,0.048629045486450195,0.00042982614831998944,0.36930951476097107,0.02190731093287468
22,34,0.04459410160779953,0.04419725760817528,0.0003608700353652239,0.35976850986480713,0.02044804021716118
22,35,0.015110423788428307,0.015004984103143215,7.476388418581337e-05,0.30676305294036865,0.002689625136554241
22,36,0.4472845494747162,0.44140157103538513,0.005835787393152714,0.4717620313167572,0.06339219212532043
22,37,0.4495312571525574,0.44387197494506836,0.005547252483665943,1.1201932430267334,0.03596155345439911
22,38,0.46364492177963257,0.45785436034202576,0.005723660811781883,0.6689605116844177,0.05037975311279297
22,39,0.020036086440086365,0.01995614729821682,6.781558477086946e-05,0.121230348944664,0.024986565113067627
22,40,0.029276086017489433,0.029102373868227005,0.00014561536954715848,0.28095847368240356,0.00661068968474865
22,41,0.3988795280456543,0.3941603899002075,0.004624804947525263,0.943195641040802,0.04185888543725014
22,42,0.7408937811851501,0.7337105870246887,0.007110134232789278,0.7307003140449524,0.08564408123493195
22,43,0.3439655005931854,0.3393858075141907,0.004507290665060282,0.7237845659255981,0.051089443266391754
22,44,0.011767553165555,0.011671828106045723,8.24622911750339e-05,0.1326282024383545,0.0541732981801033
22,45,0.235862135887146,0.23304873704910278,0.0027905828319489956,0.22812680900096893,0.059860579669475555
22,46,0.49641135334968567,0.4876171946525574,0.008588498458266258,2.056766986846924,0.05875921994447708
22,47,0.23262256383895874,0.2301235795021057,0.0024785909336060286,0.2040410339832306,0.059178635478019714
22,48,0.7260962724685669,0.7192875742912292,0.006755149457603693,0.5350403189659119,0.09993956983089447
22,49,1.1771451234817505,1.139082670211792,0.0366850346326828,13.774238586425781,0.19049470126628876
22,50,0.03311377391219139,0.03298903629183769,0.00012452516239136457,0.0021333610638976097,0.006094618234783411
22,51,0.816061794757843,0.7949796915054321,0.02069341391324997,3.8866453170776367,0.34544670581817627
22,52,0.8283286690711975,0.8107417821884155,0.017243515700101852,3.433990955352783,0.4526641368865967
22,53,0.35966283082962036,0.35599765181541443,0.003646155819296837,0.19015294313430786,0.02385481633245945
22,54,0.026230696588754654,0.026026003062725067,0.00017019629012793303,0.34498557448387146,0.007019270211458206
22,55,0.6045746803283691,0.5900796055793762,0.014192960225045681,3.0211172103881836,0.2464018166065216
22,56,0.8728845715522766,0.8613294363021851,0.01140432246029377,1.508267879486084,0.12100353837013245
22,57,0.12608543038368225,0.12334835529327393,0.0027160595636814833,0.21008899807929993,0.09425156563520432
22,58,0.3792930543422699,0.37572744488716125,0.0035474994219839573,0.1812383085489273,0.020324742421507835
22,59,0.7168301343917847,0.7091445922851562,0.007619507610797882,0.6601639986038208,0.06492602825164795
22,60,0.016637364402413368,0.016512449830770493,9.194679296342656e-05,0.32966890931129456,0.002978009171783924
22,61,0.12968283891677856,0.12827810645103455,0.0013984359102323651,0.06299468874931335,0.03555711358785629
22,62,0.7969481348991394,0.7738041281700134,0.022666316479444504,4.77686882019043,0.28686749935150146
22,63,0.01837795227766037,0.01822015643119812,0.00012008003250230104,0.37716808915138245,0.003068289253860712
22,64,0.9407579898834229,0.91464763879776,0.02537611499428749,7.3422770500183105,0.16089746356010437
22,65,0.36876240372657776,0.36483269929885864,0.003898060880601406,0.31636643409729004,0.03927123174071312
22,66,0.9067688584327698,0.8758234977722168,0.030155234038829803,7.901226997375488,0.42289912700653076
22,67,0.8665724396705627,0.8570336699485779,0.00944769661873579,0.9105778336524963,0.14350640773773193
22,68,0.7085206508636475,0.6897542476654053,0.018334684893488884,4.317324161529541,0.119519904255867
22,69,0.44646668434143066,0.44131046533584595,0.005121700465679169,0.3451204001903534,0.05376449227333069
22,70,0.4366014897823334,0.4264039993286133,0.009964748285710812,2.3274383544921875,0.055692218244075775
22,71,0.4364683926105499,0.4293099641799927,0.00701124919578433,1.4718852043151855,0.05209757387638092
22,72,0.02774450182914734,0.02751046046614647,0.0001948723802343011,0.3917027711868286,0.006890632212162018
22,73,0.44270142912864685,0.43628689646720886,0.006358121521770954,0.5643032789230347,0.0568317249417305
22,74,0.6724125146865845,0.6598442792892456,0.012295285239815712,2.729454278945923,0.2552800178527832
22,75,0.12953054904937744,0.1283988654613495,0.001125443377532065,0.06250295788049698,0.03470955044031143
22,76,0.8072289228439331,0.7853192687034607,0.021402623504400253,5.07045841217041,0.3209669589996338
22,77,0.8681007027626038,0.8372794985771179,0.03003520332276821,7.859992980957031,0.3328457176685333
22,78,0.8771494030952454,0.8685905337333679,0.008502510376274586,0.5639732480049133,0.0792224109172821
22,79,0.39495667815208435,0.3913171589374542,0.0036053466610610485,0.34178626537323,0.027306098490953445
22,80,0.12845489382743835,0.1254866123199463,0.002934215823188424,0.3407149612903595,0.10644890367984772
22,81,1.1793129444122314,1.123386025428772,0.05401196330785751,19.149593353271484,0.2939436435699463
22,82,0.9267371892929077,0.9132490158081055,0.01328357309103012,2.0462472438812256,0.18167555332183838
22,83,0.015066216699779034,0.014965487644076347,7.177292718552053e-05,0.2895606756210327,0.002661176258698106
22,84,0.631473958492279,0.6176170110702515,0.013575559481978416,2.813724994659424,0.2582816779613495
22,85,1.001043438911438,0.9843977689743042,0.01635662093758583,2.8908891677856445,0.13416564464569092
22,86,0.329889178276062,0.3270055055618286,0.0028460114262998104,0.3768116235733032,0.021538348868489265
22,87,0.685490608215332,0.6792154908180237,0.006226888857781887,0.4819697439670563,0.05034228041768074
22,88,0.9448441863059998,0.9236084222793579,0.02068430930376053,5.514545440673828,0.15592241287231445
22,89,0.44382041692733765,0.4372990131378174,0.006383675150573254,1.377310872077942,0.03088429942727089
22,90,1.108854055404663,1.0859391689300537,0.022411197423934937,5.036098957061768,0.16424685716629028
22,91,0.9460649490356445,0.9248447418212891,0.020476458594202995,7.437765121459961,0.12960785627365112
22,92,0.04462098702788353,0.04414549469947815,0.00043867723434232175,0.3681316673755646,0.02356705255806446
22,93,0.016233893111348152,0.01610592007637024,9.415901149623096e-05,0.33814507722854614,0.0026763658970594406
22,94,0.12700466811656952,0.1255599707365036,0.0014381941873580217,0.06492988765239716,0.05013127997517586
22,95,0.4295893609523773,0.42311882972717285,0.006415441632270813,0.5510218143463135,0.06327209621667862
22,96,0.8212094306945801,0.7977533936500549,0.02298976480960846,4.662719249725342,0.4350031912326813
22,97,0.9937182664871216,0.9735949039459229,0.019639432430267334,4.839454174041748,0.1529606282711029
22,98,0.12612798810005188,0.12378640472888947,0.002323969965800643,0.17615455389022827,0.0812532901763916
22,99,0.18632863461971283,0.18501712381839752,0.0012982514454051852,0.13258126378059387,0.009109936654567719
22,100,0.021444804966449738,0.021338602527976036,7.828970410628244e-05,0.27913209795951843,0.003960371948778629
23,1,0.12778310477733612,0.12681196630001068,0.0009659596253186464,0.051905978471040726,0.03225897252559662
23,2,0.19982022047042847,0.19813251495361328,0.0016692968783900142,0.18407407402992249,0.010836124420166016
23,3,0.9160598516464233,0.9090535640716553,0.006960719358175993,0.45606282353401184,0.06485140323638916
23,4,0.2486284077167511,0.24586760997772217,0.0027355924248695374,0.25209909677505493,0.05176939815282822
23,5,0.9210441708564758,0.898859441280365,0.021708190441131592,4.765498161315918,0.3760519325733185
23,6,0.04579736292362213,0.04538566619157791,0.00037786661414429545,0.33830341696739197,0.022756706923246384
23,7,0.2569546699523926,0.2543490529060364,0.0025802035816013813,0.25414952635765076,0.07170450687408447
23,8,0.4223634898662567,0.41689324378967285,0.005382644012570381,0.8759773969650269,0.049910515546798706
23,9,0.031161803752183914,0.030968450009822845,0.0001610979379620403,0.3225494921207428,0.007272781804203987
23,10,0.1281738579273224,0.12567538022994995,0.002481827512383461,0.16645988821983337,0.12740735709667206
23,11,0.4235409200191498,0.4157184064388275,0.00764626357704401,1.7624316215515137,0.07589652389287949
23,12,0.1849917769432068,0.18376943469047546,0.001212671515531838,0.09666669368743896,0.010756002739071846
23,13,0.13164587318897247,0.12855398654937744,0.0030619038734585047,0.29987001419067383,0.11186447739601135
23,14,0.8553904891014099,0.8445842266082764,0.01071789301931858,0.8840426802635193,0.14728191494941711
23,15,0.8467968106269836,0.8363836407661438,0.010312541387975216,1.006256341934204,0.1306927353143692
23,16,0.3482109606266022,0.3443734347820282,0.003802285064011812,0.35220232605934143,0.011285241693258286
23,17,0.9360644221305847,0.9248425364494324,0.011120089329779148,1.018144965171814,0.07635021209716797
23,18,0.8974969983100891,0.8656625747680664,0.0312529094517231,5.8149003982543945,0.366150438785553
23,19,0.0669395923614502,0.06670035421848297,0.00021642009960487485,0.22819465398788452,0.017371680587530136
23,20,0.04214325547218323,0.04205505549907684,6.656604818999767e-05,0.2163313329219818,0.00437486357986927
23,21,0.3292357623577118,0.326737642288208,0.002468541730195284,0.2955596148967743,0.02055327221751213
23,22,0.20225702226161957,0.20119282603263855,0.0010489958804100752,0.1519595980644226,0.007722269743680954
23,23,0.015716221183538437,0.015626218169927597,6.605919043067843e-05,0.2394443303346634,0.002449338324368
23,24,0.879585862159729,0.870386004447937,0.00914736744016409,0.5248794555664062,0.14523670077323914
23,25,0.21715465188026428,0.21451741456985474,0.00262269820086658,0.14545664191246033,0.2486719787120819
23,26,0.19884292781352997,0.19746598601341248,0.0013607211876660585,0.1623021811246872,0.013759395107626915
23,27,1.1000707149505615,1.0703001022338867,0.028857562690973282,9.130431175231934,0.29178279638290405
23,28,0.033900294452905655,0.03379139304161072,8.242368494393304e-05,0.2648102045059204,0.0021382251288741827
23,29,0.9487561583518982,0.9310475587844849,0.01726635918021202,4.422617435455322,0.1872222125530243
23,30,0.03106801211833954,0.03091806173324585,0.00012479799624998122,0.2515373229980469,0.006140417419373989
23,31,0.8827484846115112,0.867588996887207,0.014645922929048538,5.135286808013916,0.06950768828392029
23,32,0.07436957955360413,0.07404393702745438,0.0003221677034161985,0.03475278243422508,0.008853207342326641
23,33,0.7380748987197876,0.731889009475708,0.006120764650404453,0.6514401435852051,0.048417218029499054
23,34,0.02726389281451702,0.027094919234514236,0.0001420231710653752,0.26951512694358826,0.006378643214702606
23,35,0.31847190856933594,0.3158181309700012,0.0026207915507256985,0.3297668993473053,0.030278831720352173
23,36,0.02213035523891449,0.0220072939991951,9.340178075945005e-05,0.29659324884414673,0.003055967390537262
23,37,0.42853814363479614,0.42413538694381714,0.004322218243032694,0.8051778078079224,0.0317622572183609
23,38,1.1223143339157104,1.1024152040481567,0.019453484565019608,4.4558939933776855,0.10375955700874329
23,39,0.594501256942749,0.5828740000724792,0.011449955403804779,1.7734297513961792,0.25623002648353577
23,40,0.4176768362522125,0.41059306263923645,0.006917931139469147,1.6584522724151611,0.05782780051231384
23,41,1.018476963043213,0.9985256195068359,0.019594723358750343,3.566847085952759,0.14363013207912445
23,42,0.022725125774741173,0.022611025720834732,8.223990153055638e-05,0.3186008632183075,0.0030621218029409647
23,43,0.015928296372294426,0.015831124037504196,8.272669219877571e-05,0.14444361627101898,0.08182348310947418
23,44,0.12708814442157745,0.12442006170749664,0.002648912835866213,0.19162878394126892,0.12152248620986938
23,45,0.8289074301719666,0.8072206974029541,0.021312493830919266,3.7425315380096436,0.5819515585899353
23,46,0.3603050410747528,0.35706329345703125,0.0032250923104584217,0.1667063981294632,0.018695907667279243
23,47,0.3283499479293823,0.32486021518707275,0.003468973794952035,0.20759154856204987,0.015458837151527405
23,48,0.13589593768119812,0.13481566309928894,0.0010745346080511808,0.057375822216272354,0.035227179527282715
23,49,0.01734454557299614,0.017316624522209167,3.379459485586267e-06,0.24542288482189178,0.0010836099972948432
23,50,0.05133173614740372,0.05100631341338158,0.00029703351901844144,0.2838934659957886,0.015943147242069244
23,51,0.2019674926996231,0.20045685768127441,0.0014949818141758442,0.15651598572731018,0.008190933614969254
23,52,0.13748811185359955,0.13581912219524384,0.0016555159818381071,0.13464713096618652,0.060322217643260956
23,53,1.0328348875045776,1.0182245969772339,0.014249030500650406,3.612255334854126,0.08327651023864746
23,54,0.879999041557312,0.8714098334312439,0.008451899513602257,1.3731815814971924,0.0676480084657669
23,55,0.13601452112197876,0.13491472601890564,0.0010944121750071645,0.05375441536307335,0.04053289443254471
23,56,0.9635066390037537,0.9374779462814331,0.025034889578819275,9.938089370727539,0.16300193965435028
23,57,0.1416139155626297,0.13933619856834412,0.0022619254887104034,0.15795592963695526,0.11281673610210419
23,58,0.4104553163051605,0.40440669655799866,0.00593816302716732,1.1045892238616943,0.06807583570480347
23,59,1.138137698173523,1.1138352155685425,0.02376306615769863,5.393712997436523,0.18670393526554108
23,60,0.6479120254516602,0.6341408491134644,0.01349891908466816,2.722803831100464,0.307087779045105
23,61,0.43851590156555176,0.4292829930782318,0.00900353491306305,2.293588876724243,0.07199310511350632
23,62,0.4345332384109497,0.42859357595443726,0.005812197457998991,1.2745020389556885,0.04837396740913391
23,63,0.023958349600434303,0.023853551596403122,7.59918475523591e-05,0.28806570172309875,0.002622015308588743
23,64,0.12375926971435547,0.12271565943956375,0.001038910006172955,0.04703688621520996,0.032257385551929474
23,65,0.35888558626174927,0.3561055064201355,0.0027687486726790667,0.11336581408977509,0.01484467089176178
23,66,0.015855398029088974,0.015783637762069702,4.715663453680463e-05,0.24603597819805145,0.0025391639210283756
23,67,0.02423871122300625,0.02414194867014885,7.11691245669499e-05,0.2559339106082916,0.0029972391203045845
23,68,0.02503070794045925,0.024947896599769592,7.109429134288803e-05,0.11717072129249573,0.03016274981200695
23,69,0.414102703332901,0.40907517075538635,0.004932141862809658,0.9538399577140808,0.01705407351255417
23,70,0.9953531622886658,0.9661340117454529,0.02799656242132187,12.226127624511719,0.0725327879190445
23,71,0.7217633724212646,0.7142782211303711,0.00741887092590332,0.6627334356307983,0.052375104278326035
23,72,0.23730947077274323,0.23503169417381287,0.002258047927170992,0.19727151095867157,0.0395398885011673
23,73,0.10662159323692322,0.10597696900367737,0.0006422137375921011,0.024150915443897247,0.028688864782452583
23,74,0.4740310311317444,0.4656184911727905,0.00824674591422081,1.658031940460205,0.050049975514411926
23,75,0.13897831737995148,0.1362416297197342,0.0027148055378347635,0.21879862248897552,0.11623504757881165
23,76,0.03995620459318161,0.03983885422348976,8.082230488071218e-05,0.3652574121952057,0.002800174057483673
23,77,0.8078760504722595,0.789883017539978,0.017658591270446777,3.344696521759033,0.5033992528915405
23,78,0.611067533493042,0.5966122150421143,0.014177381061017513,2.7793128490448,0.2716154456138611
23,79,0.8589847683906555,0.8374196290969849,0.021017219871282578,5.479689598083496,0.45113062858581543
23,80,0.42895781993865967,0.42233389616012573,0.006566043011844158,0.5788249373435974,0.060281068086624146
23,81,0.124285489320755,0.12208814173936844,0.0021788133308291435,0.1853354126214981,0.08156736195087433
23,82,0.044490911066532135,0.04414821416139603,0.00030907150357961655,0.3362615406513214,0.01773775741457939
23,83,0.021055078133940697,0.020943932235240936,7.97170796431601e-05,0.31429150700569153,0.002739665098488331
23,84,0.35944756865501404,0.3568843603134155,0.0025542264338582754,0.08957447111606598,0.013846555724740028
23,85,0.584905743598938,0.5777230262756348,0.0070786974392831326,1.0399280786514282,0.1213848739862442
23,86,0.015519121661782265,0.015434518456459045,7.142296817619354e-05,0.13179725408554077,0.03402940183877945
23,87,0.9120229482650757,0.8977112770080566,0.013979312032461166,3.323467493057251,0.2930929958820343
23,88,0.4164830446243286,0.4118969440460205,0.0045055486261844635,0.8056460022926331,0.03432241082191467
23,89,0.12631940841674805,0.12528496980667114,0.0010294641833752394,0.049790456891059875,0.04812941700220108
23,90,0.7768679857254028,0.7588193416595459,0.01769922859966755,3.493987560272217,0.3996005058288574
23,91,0.42887812852859497,0.4211342930793762,0.007592807989567518,1.510317325592041,0.09623287618160248
23,92,1.1932902336120605,1.1639461517333984,0.028620051220059395,7.240808963775635,0.2748737335205078
23,93,0.057698629796504974,0.05721575766801834,0.0004457439645193517,0.3712886571884155,0.02246289886534214
23,94,0.4572528302669525,0.4502713680267334,0.006917763035744429,0.6369021534919739,0.11194795370101929
23,95,0.01431850716471672,0.01422540657222271,7.90708145359531e-05,0.1402972936630249,0.08098462224006653
23,96,0.37474527955055237,0.3714771270751953,0.0032560108229517937,0.12131267040967941,0.03139469027519226
23,97,0.8495057821273804,0.8304059505462646,0.018725372850894928,3.74428391456604,0.31173038482666016
23,98,0.4302457571029663,0.4244373142719269,0.005700356792658567,1.081058382987976,0.030244212597608566
23,99,0.02714596688747406,0.02704371139407158,7.572243339382112e-05,0.2653326392173767,0.0038964287377893925
23,100,0.8818525671958923,0.8724724650382996,0.00929680559784174,0.8328784108161926,0.0746321976184845
24,1,0.9177690148353577,0.9076177477836609,0.010060363449156284,0.9089632630348206,0.08130637556314468
24,2,1.0308443307876587,1.0044727325439453,0.025648726150393486,7.229268550872803,0.15440618991851807
24,3,0.5996643304824829,0.5864939093589783,0.012912220321595669,2.5822932720184326,0.25488442182540894
24,4,0.0291338711977005,0.028981465846300125,0.0001240660494659096,0.2833939790725708,0.0074295951053500175
24,5,0.31579917669296265,0.31264084577560425,0.003127163043245673,0.31160107254981995,0.040259551256895065
24,6,0.7123768329620361,0.7020925283432007,0.010187935084104538,0.9640043377876282,0.109215147793293
24,7,0.414404958486557,0.41036513447761536,0.003988162148743868,0.5164933204650879,0.03248514235019684
24,8,0.22262205183506012,0.2208356410264969,0.0017752631101757288,0.11151047050952911,0.03727225959300995
24,9,0.025344591587781906,0.025244733318686485,9.96941453195177e-05,0.0016342266462743282,0.004754440858960152
24,10,0.014282160438597202,0.014172930270433426,0.00010908264812314883,0.0014690507669001818,0.002898835577070713
24,11,0.20264211297035217,0.2011205404996872,0.0015043795574456453,0.17194035649299622,0.010338632389903069
24,12,0.8927710056304932,0.8806792497634888,0.01199336163699627,0.9838845729827881,0.16773995757102966
24,13,0.31680598855018616,0.3135569095611572,0.0032169101759791374,0.32164886593818665,0.03677811101078987
24,14,0.8884767293930054,0.8593991994857788,0.028394803404808044,6.827366352081299,0.39505529403686523
24,15,0.8465968370437622,0.8359037041664124,0.010608360171318054,0.8475465774536133,0.14139114320278168
24,16,0.3895573318004608,0.3864757716655731,0.0030622188933193684,0.1933201253414154,0.023762498050928116
24,17,0.7810686230659485,0.7706106901168823,0.010357305407524109,1.0062965154647827,0.10448765009641647
24,18,0.380896657705307,0.37778395414352417,0.0030875438824295998,0.2515113651752472,0.020289164036512375
24,19,0.9278976917266846,0.9189649820327759,0.008871061727404594,0.6162756681442261,0.0754890888929367
24,20,0.9404563307762146,0.9307245016098022,0.009630966931581497,1.0082392692565918,0.07378916442394257
24,21,0.12966851890087128,0.127567321062088,0.0020826265681535006,0.18569283187389374,0.0631200447678566
24,22,1.196441650390625,1.15653657913208,0.03850372135639191,14.013077735900879,0.13502727448940277
24,23,0.41893279552459717,0.41274315118789673,0.0060723586939275265,1.1726210117340088,0.02979123406112194
24,24,0.3726259469985962,0.36940205097198486,0.0032096426002681255,0.14244236052036285,0.022677335888147354
24,25,0.8621016144752502,0.8511753082275391,0.010866507887840271,0.5981183052062988,0.12077313661575317
24,26,0.8814274668693542,0.8571759462356567,0.023771554231643677,4.799916744232178,0.7760070562362671
24,27,0.9132612943649292,0.8874157071113586,0.02527492679655552,5.706839561462402,0.7463345527648926
24,28,0.2474852204322815,0.24486097693443298,0.0025944800581783056,0.2975855767726898,0.020230861380696297
24,29,0.012920125387609005,0.012821563519537449,8.419482037425041e-05,0.14367307722568512,0.04185405746102333
24,30,0.02067139372229576,0.020577803254127502,6.288005533860996e-05,0.3071129620075226,0.0031651686877012253
24,31,0.3966260552406311,0.39379122853279114,0.0027983486652374268,0.3648189604282379,0.011196095496416092
24,32,0.426483690738678,0.42192021012306213,0.0044282726012170315,1.3520569801330566,0.014551987871527672
24,33,1.1624853610992432,1.137109398841858,0.02439286559820175,9.831490516662598,0.061815857887268066
24,34,0.13120484352111816,0.13039115071296692,0.0008095567463897169,0.041471291333436966,0.023621942847967148
24,35,0.19620047509670258,0.19507381319999695,0.001116809668019414,0.09847436845302582,0.007985465228557587
24,36,0.8862584233283997,0.8787802457809448,0.007416632957756519,0.6159964203834534,0.09626369178295135
24,37,0.5822668075561523,0.5726723670959473,0.009429987519979477,1.6442432403564453,0.2364378422498703
24,38,0.898055374622345,0.8763204216957092,0.02098662778735161,7.48322057723999,0.131501704454422
24,39,0.8821186423301697,0.854668378829956,0.02680813893675804,6.420965194702148,0.4076535105705261
24,40,0.4260500967502594,0.4197300970554352,0.006205984391272068,1.140216588973999,0.06259553879499435
24,41,0.8655495047569275,0.8540405035018921,0.011412471532821655,0.9650903344154358,0.20592069625854492
24,42,0.34978675842285156,0.344847708940506,0.004871037323027849,0.6801374554634094,0.07727843523025513
24,43,1.0671831369400024,1.0361311435699463,0.0300735030323267,9.784628868103027,0.24481113255023956
24,44,0.8358334302902222,0.8115237951278687,0.023793326690793037,5.16318416595459,0.34159231185913086
24,45,0.053380876779556274,0.05286397784948349,0.00048191266250796616,0.34989312291145325,0.021685417741537094
24,46,0.8576018810272217,0.8502568006515503,0.0073020681738853455,0.43029338121414185,0.07185450196266174
24,47,0.027289070188999176,0.027136972174048424,0.00012287373829167336,0.2922459840774536,0.0050667948089540005
24,48,0.020203135907649994,0.020097199827432632,7.809809176251292e-05,0.278366357088089,0.0021385778672993183
24,49,0.9541346430778503,0.9472798109054565,0.0067923227325081825,0.6249793171882629,0.06609280407428741
24,50,0.1377832591533661,0.13547518849372864,0.002281493041664362,0.2658289074897766,0.06896532326936722
24,51,0.9225846529006958,0.9097295999526978,0.012564918026328087,2.9014570713043213,0.25309473276138306
24,52,0.8735734224319458,0.8665847778320312,0.006948815658688545,0.398111492395401,0.06258715689182281
24,53,1.184700846672058,1.1628429889678955,0.021364865824580193,4.930856704711914,0.13465945422649384
24,54,0.9378784894943237,0.9283726215362549,0.009446274489164352,0.5958884358406067,0.13131895661354065
24,55,0.22611001133918762,0.22425901889801025,0.0018414445221424103,0.0955379530787468,0.06011790782213211
24,56,0.40162816643714905,0.39810681343078613,0.0034944398794323206,0.26919472217559814,0.05260792374610901
24,57,0.03553829342126846,0.035382792353630066,0.000129523643408902,0.25977620482444763,0.005321020260453224
24,58,0.5755106806755066,0.5689191818237305,0.006536027416586876,0.5546601414680481,0.13019144535064697
24,59,0.0232577845454216,0.023165050894021988,6.832140206824988e-05,0.24411998689174652,0.002153408247977495
24,60,0.48118457198143005,0.4729551076889038,0.008019817993044853,2.096619129180908,0.0737403929233551
24,61,0.019993720576167107,0.019904308021068573,6.722358375554904e-05,0.2218960076570511,0.002192835556343198
24,62,1.0421900749206543,0.9983474612236023,0.04227018356323242,15.723755836486816,0.28926515579223633
24,63,0.025055019184947014,0.02504415437579155,9.117020454141311e-06,0.017467433586716652,0.0035740910097956657
24,64,0.7165944576263428,0.7078668475151062,0.008658094331622124,0.6950723528862,0.11832812428474426
24,65,0.34656116366386414,0.34164959192276,0.004872514866292477,0.3906940221786499,0.02383769117295742
24,66,0.39714646339416504,0.39390408992767334,0.0031783422455191612,0.6405259966850281,0.024966884404420853
24,67,0.42572641372680664,0.42145460844039917,0.004171743057668209,1.0006484985351562,0.02460111677646637
24,68,0.9380872249603271,0.9261678457260132,0.01174368616193533,1.7573527097702026,0.11224731802940369
24,69,0.3393999934196472,0.33543235063552856,0.003932250197976828,0.3541112542152405,0.01543925330042839
24,70,0.921125590801239,0.9076600074768066,0.013200847432017326,2.6475672721862793,0.08390152454376221
24,71,0.40895432233810425,0.40571218729019165,0.0031740101985633373,0.6811646819114685,0.01821654476225376
24,72,0.9392426609992981,0.9166930913925171,0.021852783858776093,6.967981815338135,0.09393338859081268
24,73,0.05233220010995865,0.0522342175245285,7.948623533593491e-05,0.18497273325920105,0.0052423784509301186
24,74,0.8797637224197388,0.8536338806152344,0.025480525568127632,6.493464469909668,0.30101579427719116
24,75,0.3329932987689972,0.32882875204086304,0.004130193032324314,0.3435932397842407,0.02523978240787983
24,76,0.8845377564430237,0.873989462852478,0.01047983393073082,0.6845661401748657,0.15249180793762207
24,77,0.01743418537080288,0.017348282039165497,6.273477629292756e-05,0.23169271647930145,0.002683405065909028
24,78,0.1351545751094818,0.13295122981071472,0.002187041100114584,0.16305895149707794,0.14589571952819824
24,79,0.4929434657096863,0.4823020100593567,0.010526079684495926,1.153753638267517,0.12325368821620941
24,80,0.32604002952575684,0.3215160667896271,0.004480275791138411,0.4368228614330292,0.022751890122890472
24,81,0.04561924934387207,0.045310407876968384,0.0002812807506415993,0.27560654282569885,0.018588878214359283
24,82,0.40778547525405884,0.4023183584213257,0.005350847728550434,1.1625933647155762,0.04957322031259537
24,83,0.33761680126190186,0.33463284373283386,0.0029421234503388405,0.4183875322341919,0.035190921276807785
24,84,0.20078754425048828,0.1998034417629242,0.0009722965769469738,0.11797341704368591,0.00907085184007883
24,85,0.9988477230072021,0.9693145751953125,0.028456730768084526,10.764273643493652,0.13225796818733215
24,86,0.12285175919532776,0.12210333347320557,0.0007447759853675961,0.0365053154528141,0.03830404579639435
24,87,0.37740710377693176,0.3751147389411926,0.0022795104887336493,0.12839415669441223,0.0280989371240139
24,88,0.8056443333625793,0.7893366813659668,0.015999505296349525,3.0816380977630615,0.5125434398651123
24,89,1.0142518281936646,0.9999662041664124,0.014029798097908497,2.5577163696289062,0.12106223404407501
24,90,0.8427520990371704,0.8351846933364868,0.007505082990974188,0.6233346462249756,0.09862910211086273
24,91,0.42810380458831787,0.422443151473999,0.005532066337764263,1.2860064506530762,0.033638641238212585
24,92,0.01603013649582863,0.01595175638794899,5.2169954869896173e-05,0.26208484172821045,0.002588230185210705
24,93,0.004969559144228697,0.004942965693771839,2.6566664018901065e-05,0.0002711050328798592,0.0008515079971402884
24,94,0.13216476142406464,0.12969136238098145,0.002455271314829588,0.18136796355247498,0.10177001357078552
24,95,0.04395471513271332,0.04358966648578644,0.0003330007311888039,0.3204796314239502,0.019581522792577744
24,96,0.9356720447540283,0.9094654321670532,0.025538496673107147,6.681058406829834,0.7570599317550659
24,97,0.8289635181427002,0.8048731684684753,0.023605268448591232,4.850433349609375,0.40243709087371826
24,98,0.8981496691703796,0.8885738253593445,0.009496385231614113,0.7945472002029419,0.06867488473653793
24,99,0.3435153663158417,0.3410756289958954,0.002419332042336464,0.20406538248062134,0.007418717257678509
24,100,0.9988566040992737,0.9790754318237305,0.019339704886078835,4.414793014526367,0.22893300652503967
25,1,0.344364732503891,0.3412141799926758,0.003134446684271097,0.16094060242176056,0.028429679572582245
25,2,0.3854532539844513,0.3816186189651489,0.0037871524691581726,0.47479167580604553,0.039899423718452454
25,3,1.2157275676727295,1.193340539932251,0.021803002804517746,5.84013032913208,0.14378796517848969
25,4,0.23649877309799194,0.23389017581939697,0.002588061150163412,0.20532327890396118,0.051163025200366974
25,5,1.045068621635437,1.0199440717697144,0.024447109550237656,6.774148464202881,0.19312720000743866
25,6,0.9752662777900696,0.963417649269104,0.011725904420018196,1.2272725105285645,0.18501418828964233
25,7,0.46845144033432007,0.4620203375816345,0.006305347196757793,1.2577570676803589,0.05152783542871475
25,8,0.24097347259521484,0.23853901028633118,0.002420070581138134,0.14391586184501648,0.055648766458034515
25,9,0.010018234141170979,0.009944097138941288,4.5977219997439533e-05,0.28159889578819275,0.0033431528136134148
25,10,0.4291958212852478,0.4201703667640686,0.008783924393355846,2.4150612354278564,0.08548323810100555
25,11,0.49107861518859863,0.4822850823402405,0.008717868477106094,0.7568063735961914,0.13183078169822693
25,12,0.6176558136940002,0.6054550409317017,0.012018789537250996,1.8198132514953613,0.3465733528137207
25,13,0.04817211627960205,0.048070237040519714,8.827612327877432e-05,0.13604289293289185,0.07785895466804504
25,14,0.04540490359067917,0.045257024466991425,0.0001207870154757984,0.27092114090919495,0.007362389471381903
25,15,0.617048442363739,0.60796058177948,0.00892195850610733,1.6586203575134277,0.1862509846687317
25,16,0.3431757986545563,0.33981236815452576,0.003314431756734848,0.49007880687713623,0.0251186303794384
25,17,0.43928253650665283,0.4348585605621338,0.0043410975486040115,0.8288846611976624,0.02591555565595627
25,18,0.14499099552631378,0.14288067817687988,0.0020836396142840385,0.26673540472984314,0.05657525360584259
25,19,0.03721150383353233,0.037132032215595245,5.7309054682264104e-05,0.22161243855953217,0.003706799354404211
25,20,0.23328547179698944,0.23124659061431885,0.0020198412239551544,0.19049958884716034,0.03210566192865372
25,21,0.014836017973721027,0.014746063388884068,7.82340212026611e-05,0.11721139401197433,0.041836775839328766
25,22,0.2527291774749756,0.24817991256713867,0.004456948023289442,0.9232571721076965,0.02478349581360817
25,23,0.027107613161206245,0.026992157101631165,8.432970935245976e-05,0.3112618625164032,0.0030376918148249388
25,24,0.26949766278266907,0.2664042115211487,0.0030684233643114567,0.25030216574668884,0.07705620676279068
25,25,0.964033842086792,0.9563621282577515,0.007555293384939432,1.1639683246612549,0.12034548819065094
25,26,0.3462759554386139,0.343639075756073,0.0026162383146584034,0.20659108459949493,0.010562725365161896
25,27,0.9084605574607849,0.9025548100471497,0.005866003222763538,0.39757370948791504,0.08081042766571045
25,28,1.228659987449646,1.2110116481781006,0.01728368178009987,3.6460726261138916,0.127320796251297
25,29,0.0736202821135521,0.07319649308919907,0.00039110356010496616,0.32684218883514404,0.02073831483721733
25,30,0.5018589496612549,0.49650630354881287,0.005293140187859535,0.5946909785270691,0.06253612041473389
25,31,0.059696633368730545,0.05956751108169556,9.921015589497983e-05,0.29911869764328003,0.0029726317152380943
25,32,0.3647218644618988,0.3613126575946808,0.0033830832690000534,0.26142099499702454,0.020142395049333572
25,33,0.4011777639389038,0.3970513343811035,0.004108314402401447,0.18123574554920197,0.0443001314997673
25,34,0.3677820861339569,0.3641212582588196,0.0036464007571339607,0.1442500799894333,0.04005500674247742
25,35,0.9759464263916016,0.9444186687469482,0.03038204088807106,11.457024574279785,0.17743664979934692
25,36,0.3352508544921875,0.33135873079299927,0.003850654698908329,0.41451215744018555,0.06873868405818939
25,37,0.43782004714012146,0.4308168292045593,0.006850230507552624,1.529762625694275,0.07819455862045288
25,38,0.05357000604271889,0.053426600992679596,0.00011713667481672019,0.2626534700393677,0.008691134862601757
25,39,0.34122180938720703,0.3377663791179657,0.0034046899527311325,0.5075474977493286,0.03778500482439995
25,40,0.8607613444328308,0.83979731798172,0.020545925945043564,4.181300163269043,0.30284667015075684
25,41,0.41120773553848267,0.40836548805236816,0.0028196582570672035,0.22604146599769592,0.021568212658166885
25,42,0.42487633228302,0.42167896032333374,0.0031611002050340176,0.36281469464302063,0.01978340372443199
25,43,0.37433919310569763,0.3719971179962158,0.0023319392930716276,0.10128796100616455,0.013954155147075653
25,44,0.04142351448535919,0.04131557047367096,8.687646186444908e-05,0.21068088710308075,0.006076834164559841
25,45,0.8481281995773315,0.8212658166885376,0.026236701756715775,6.256560325622559,0.3536735773086548
25,46,0.770401120185852,0.7591679096221924,0.011132195591926575,1.0105125904083252,0.11452044546604156
25,47,0.863598644733429,0.8288050889968872,0.03405330330133438,7.402315139770508,0.3801889419555664
25,48,0.006645975634455681,0.006623250897973776,1.9423835055931704e-06,0.20782622694969177,0.0009511791868135333
25,49,0.2078561633825302,0.20618002116680145,0.0016519187483936548,0.24229176342487335,0.011880280449986458
25,50,0.4984622895717621,0.489488422870636,0.008752705529332161,2.2115318775177,0.0538460910320282
25,51,0.024595612660050392,0.024495964869856834,7.368545630015433e-05,0.2596205174922943,0.002266903407871723
25,52,0.389816552400589,0.3865182399749756,0.0032762191258370876,0.22077293694019318,0.04256970435380936
25,53,1.185787320137024,1.1521861553192139,0.03292422369122505,6.769705295562744,0.27906516194343567
25,54,0.9046448469161987,0.8918677568435669,0.012627527117729187,1.495638132095337,0.1392545998096466
25,55,0.026038940995931625,0.02591179870069027,0.00010262691648676991,0.2451593577861786,0.005624949000775814
25,56,0.2265673279762268,0.22475790977478027,0.001793120987713337,0.163063645362854,0.034658268094062805
25,57,0.12274354696273804,0.12073655426502228,0.0019933937583118677,0.13595283031463623,0.07451736181974411
25,58,0.19944387674331665,0.19841396808624268,0.0010171136818826199,0.12807370722293854,0.0071610878221690655
25,59,0.46235185861587524,0.4574581980705261,0.004854496102780104,0.39151936769485474,0.031393371522426605
25,60,0.9965133666992188,0.9737976789474487,0.021909601986408234,8.060734748840332,0.08894824981689453
25,61,0.6073278784751892,0.5974653959274292,0.0096764350309968,1.8602498769760132,0.2101776897907257
25,62,0.7092182040214539,0.7027134895324707,0.006453036796301603,0.5166627764701843,0.08535158634185791
25,63,0.057348158210515976,0.0569460391998291,0.0003693592734634876,0.3275917172431946,0.021469250321388245
25,64,0.13269560039043427,0.13149738311767578,0.0011928275926038623,0.053973596543073654,0.05398818477988243
25,65,0.7134758830070496,0.705828070640564,0.007581682875752449,0.6610979437828064,0.09482763707637787
25,66,0.38998016715049744,0.38602879643440247,0.003916085232049227,0.35280659794807434,0.037927061319351196
25,67,0.9357625842094421,0.9248606562614441,0.010785437189042568,1.1645444631576538,0.13015440106391907
25,68,0.01446252129971981,0.014387132599949837,6.184648373164237e-05,0.13542573153972626,0.0587439090013504
25,69,0.13232196867465973,0.13100886344909668,0.0013072183355689049,0.05883824825286865,0.048795558512210846
25,70,0.32441091537475586,0.32090988755226135,0.0034709502942860126,0.3007248640060425,0.014082652516663074
25,71,0.022423263639211655,0.022343609482049942,5.285979568725452e-05,0.26793405413627625,0.0031155901961028576
25,72,0.0176983829587698,0.01762133091688156,4.9911475798580796e-05,0.27141478657722473,0.0029016174376010895
25,73,0.48247572779655457,0.47485560178756714,0.007502129767090082,1.1797934770584106,0.06608507037162781
25,74,0.6804520487785339,0.673164963722229,0.007231299299746752,0.5577765703201294,0.08385787904262543
25,75,0.017518453299999237,0.017399674281477928,0.0001045668323058635,0.14211763441562653,0.06730718165636063
25,76,0.05128766968846321,0.05091799050569534,0.000336573226377368,0.33106592297554016,0.020665664225816727
25,77,0.12904679775238037,0.12630139291286469,0.002724216552451253,0.21196338534355164,0.10624732077121735
25,78,0.8765012621879578,0.8596842288970947,0.0164555124938488,3.614971160888672,0.49557986855506897
25,79,0.8713481426239014,0.8511359691619873,0.019747013226151466,4.651575565338135,0.314166784286499
25,80,0.8739907741546631,0.8656951189041138,0.008248846977949142,0.4676946997642517,0.08732257038354874
25,81,0.02071136236190796,0.020588964223861694,9.113455598708242e-05,0.3126508295536041,0.0037974754814058542
25,82,0.11181580275297165,0.11064893007278442,0.001148969866335392,0.17902199923992157,0.006441949866712093
25,83,0.3411838412284851,0.33628129959106445,0.004829018842428923,0.735242486000061,0.04723415523767471
25,84,0.1219102293252945,0.12082621455192566,0.0010791448876261711,0.0487019345164299,0.04169546440243721
25,85,0.7201353311538696,0.7121434807777405,0.007921194657683372,0.7066029906272888,0.09543973207473755
25,86,0.13785216212272644,0.1348753720521927,0.002944063860923052,0.32718122005462646,0.10796962678432465
25,87,0.4195736050605774,0.41386231780052185,0.005582453683018684,1.288294792175293,0.03679964318871498
25,88,0.44235536456108093,0.4349238872528076,0.007369223050773144,0.6226456761360168,0.07362766563892365
25,89,0.6880229115486145,0.6805742979049683,0.00738263875246048,0.6600867509841919,0.07585203647613525
25,90,0.7120776772499084,0.7042713761329651,0.007728499360382557,0.7778435945510864,0.07532438635826111
25,91,0.23258660733699799,0.23064199090003967,0.001928324461914599,0.1629161685705185,0.03361344337463379
25,92,0.13361495733261108,0.13076505064964294,0.002820828929543495,0.2907079756259918,0.07425031065940857
25,93,0.3771461844444275,0.374600350856781,0.00253470242023468,0.11150246113538742,0.01779034733772278
25,94,0.3568558692932129,0.3532561659812927,0.003563361009582877,0.3632209002971649,0.014260031282901764
25,95,0.8461281061172485,0.838335394859314,0.007752641104161739,0.40050506591796875,0.07434917986392975
25,96,0.35567688941955566,0.3522338569164276,0.003402143018320203,0.40892675518989563,0.015377475880086422
25,97,0.18285347521305084,0.18155767023563385,0.0012810621410608292,0.14735069870948792,0.008985253050923347
25,98,0.8716443181037903,0.8505522608757019,0.020602650940418243,4.894003868103027,0.35014358162879944
25,99,0.13063006103038788,0.1284293234348297,0.002181693445891142,0.1904720813035965,0.08387783914804459
25,100,0.21561090648174286,0.21391476690769196,0.0016827319050207734,0.13404330611228943,0.03914550319314003
26,1,0.3859526813030243,0.383048951625824,0.0028882394544780254,0.1549234837293625,0.02682708576321602
26,2,0.231920525431633,0.22976770997047424,0.0021354195196181536,0.17396894097328186,0.057327087968587875
26,3,0.41411763429641724,0.4103756248950958,0.0037022908218204975,0.39735177159309387,0.040485940873622894
26,4,0.02821187861263752,0.02803054079413414,0.0001483733212808147,0.3296557068824768,0.007164662703871727
26,5,0.13401354849338531,0.13093231618404388,0.0030456511303782463,0.3558655381202698,0.10996697843074799
26,6,1.1040332317352295,1.0809242725372314,0.022493302822113037,6.156130313873291,0.16817066073417664
26,7,0.1889239251613617,0.1877375841140747,0.0011766625102609396,0.09679105132818222,0.011850906535983086
26,8,0.20790831744670868,0.20565061271190643,0.00222988985478878,0.2782251834869385,0.02584051340818405
26,9,0.9742003679275513,0.9462742805480957,0.026979738846421242,9.463356971740723,0.18447676301002502
26,10,0.011655440554022789,0.011573100462555885,6.730198219884187e-05,0.15037965774536133,0.06217830628156662
26,11,0.34993091225624084,0.34656134247779846,0.003339432179927826,0.30143874883651733,0.019930105656385422
26,12,0.1289708912372589,0.12682729959487915,0.0021279321517795324,0.15663321316242218,0.09257669746875763
26,13,0.1015075221657753,0.10087595880031586,0.0006287696887739003,0.027924232184886932,0.024567723274230957
26,14,0.8418064117431641,0.8181769847869873,0.02302248403429985,6.069836139678955,0.4206414818763733
26,15,0.04476144537329674,0.04432487487792969,0.0004022984066978097,0.34272459149360657,0.022138725966215134
26,16,0.0445321723818779,0.04411745443940163,0.00038044247776269913,0.3427506685256958,0.02293470874428749
26,17,0.6816985607147217,0.675810694694519,0.005842207930982113,0.4564390778541565,0.06358201056718826
26,18,0.7917838096618652,0.7683101892471313,0.022951947525143623,5.21688985824585,0.38006338477134705
26,19,0.12010293453931808,0.11831744760274887,0.0017723955679684877,0.1308799386024475,0.08078916370868683
26,20,0.19320674240589142,0.19156236946582794,0.001623613410629332,0.20759019255638123,0.012718025594949722
26,21,0.12261499464511871,0.1216740608215332,0.0009364483412355185,0.04485129937529564,0.04271271079778671
26,22,0.6058952808380127,0.5950927734375,0.010602632537484169,1.9986413717269897,0.25487762689590454
26,23,0.8927255868911743,0.8844716548919678,0.008193624205887318,0.602963924407959,0.12855680286884308
26,24,1.0854836702346802,1.0569543838500977,0.027572929859161377,9.564382553100586,0.17773368954658508
26,25,0.12175709754228592,0.12083341181278229,0.0009191379649564624,0.04544365033507347,0.04487147927284241
26,26,0.12221702933311462,0.12033552676439285,0.001867581158876419,0.13918329775333405,0.09885691106319427
26,27,0.35554391145706177,0.35207435488700867,0.003430701559409499,0.388692706823349,0.023066626861691475
26,28,0.13018052279949188,0.12897422909736633,0.0011994040105491877,0.0688474252820015,0.04762805998325348
26,29,0.8735058307647705,0.8642785549163818,0.009138606488704681,0.8869794607162476,0.08777333796024323
26,30,0.4425196945667267,0.4369644522666931,0.005439410917460918,1.1585322618484497,0.041831567883491516
26,31,0.9686892032623291,0.9442909955978394,0.02360544539988041,7.927485942840576,0.15652385354042053
26,32,0.02611645869910717,0.02592969313263893,0.00015535435522906482,0.31411343812942505,0.007924224250018597
26,33,0.6143144369125366,0.6028109192848206,0.011286661960184574,2.1683244705200195,0.2230728715658188
26,34,0.6187692284584045,0.6064288020133972,0.012082462199032307,2.5797457695007324,0.21665172278881073
26,35,0.41721221804618835,0.4138702154159546,0.0033071108628064394,0.3490300476551056,0.02845792844891548
26,36,0.02044364996254444,0.020315729081630707,9.596456948202103e-05,0.3195464611053467,0.004351596347987652
26,37,0.12660302221775055,0.12476834654808044,0.0018194918520748615,0.1518985629081726,0.08605628460645676
26,38,0.8477410674095154,0.8399690389633179,0.007705070078372955,0.6694722771644592,0.10313326120376587
26,39,0.40065059065818787,0.3977580666542053,0.002871009986847639,0.21515990793704987,0.03033667802810669
26,40,0.9519817233085632,0.9250549077987671,0.02625129744410515,6.755091667175293,0.39531487226486206
26,41,0.12569814920425415,0.12471381574869156,0.000978400930762291,0.059292022138834,0.044115468859672546
26,42,0.40938183665275574,0.4041776657104492,0.005093966610729694,1.1021970510482788,0.051046222448349
26,43,1.1432971954345703,1.113266110420227,0.02932051569223404,7.105524063110352,0.17794618010520935
26,44,0.43286222219467163,0.42919301986694336,0.0036380342207849026,0.31187334656715393,0.0391991063952446
26,45,0.9099293351173401,0.8989396095275879,0.010876940563321114,1.1278496980667114,0.16293995082378387
26,46,0.4370308816432953,0.43101999163627625,0.0059620654210448265,0.4882347881793976,0.07513733208179474
26,47,0.027287568897008896,0.027093060314655304,0.00016063905786722898,0.33871036767959595,0.008149351924657822
26,48,0.4412127435207367,0.4345037341117859,0.006564656272530556,1.4435502290725708,0.03946996480226517
26,49,0.32677724957466125,0.32372766733169556,0.0030246488749980927,0.24948954582214355,0.015807943418622017
26,50,0.45057111978530884,0.4441673159599304,0.006244562566280365,1.5923577547073364,0.03822809085249901
26,51,0.13510185480117798,0.13315349817276,0.0019263869617134333,0.21959461271762848,0.09387163072824478
26,52,0.433409720659256,0.42833298444747925,0.004982317797839642,0.9442560076713562,0.03952808678150177
26,53,0.9267924427986145,0.9070147275924683,0.01906447485089302,7.132449150085449,0.09174607694149017
26,54,0.02483445778489113,0.02466370165348053,0.00013828679220750928,0.32468700408935547,0.008509076200425625
26,55,0.23179268836975098,0.22929508984088898,0.0024734267499297857,0.24170789122581482,0.04185871779918671
26,56,0.3226943016052246,0.319627046585083,0.003025539219379425,0.4171137511730194,0.03424626588821411
26,57,0.8421851992607117,0.8239834904670715,0.017826251685619354,3.7546348571777344,0.4870406687259674
26,58,1.2039343118667603,1.1806857585906982,0.022750381380319595,4.98158073425293,0.13649648427963257
26,59,0.6060779094696045,0.5950342416763306,0.010814926587045193,2.287904739379883,0.24905246496200562
26,60,0.015768270939588547,0.0156857930123806,5.040237010689452e-05,0.3207460045814514,0.0033648014068603516
26,61,0.8050404787063599,0.7823679447174072,0.022217605262994766,4.549322605133057,0.4113648533821106
26,62,0.3282477557659149,0.32511764764785767,0.0031122411601245403,0.17877057194709778,0.015156739391386509
26,63,0.8456435203552246,0.8203535079956055,0.024672826752066612,6.171792984008789,0.44662973284721375
26,64,1.0225412845611572,0.9908322095870972,0.030651427805423737,10.575807571411133,0.1936003863811493
26,65,0.8811361193656921,0.8736333847045898,0.007447907701134682,0.5480695366859436,0.08565743267536163
26,66,0.9941214323043823,0.95863938331604,0.03412952274084091,13.525581359863281,0.14038246870040894
26,67,0.9088102579116821,0.8854783773422241,0.022672973573207855,6.5894060134887695,0.5785402059555054
26,68,0.38428795337677,0.3809034526348114,0.0033525782637298107,0.319047749042511,0.028438659384846687
26,69,0.12355128675699234,0.12254640460014343,0.0009993212297558784,0.05558328330516815,0.04177391529083252
26,70,0.8398144245147705,0.8328729271888733,0.006908955983817577,0.32551100850105286,0.05848688632249832
26,71,0.950569748878479,0.9411401748657227,0.009352877736091614,0.7672891616821289,0.07344955205917358
26,72,0.02937495708465576,0.029156116768717766,0.0001841068296926096,0.3473362326622009,0.00962354801595211
26,73,0.32431966066360474,0.32078981399536133,0.003490450792014599,0.39384809136390686,0.014510806649923325
26,74,0.026436854153871536,0.026248127222061157,0.00015377975068986416,0.34947603940963745,0.009453720413148403
26,75,0.7128745317459106,0.7049161791801453,0.007878304459154606,0.8002427816390991,0.07621471583843231
26,76,0.833025336265564,0.8128023147583008,0.01980900578200817,4.140087604522705,0.5305203795433044
26,77,0.01610095053911209,0.015984894707798958,8.192084351321682e-05,0.34134307503700256,0.003541877493262291
26,78,0.1322742998600006,0.1298346072435379,0.0024173855781555176,0.22308054566383362,0.10414847731590271
26,79,0.014099315740168095,0.01399124227464199,7.329277286771685e-05,0.34780311584472656,0.0030519585125148296
26,80,0.4259941577911377,0.4180496335029602,0.007769610267132521,1.7492060661315918,0.04203803837299347
26,81,0.025981048122048378,0.02580411359667778,0.00014140139683149755,0.35533928871154785,0.007552460301667452
26,82,0.3254753649234772,0.32130712270736694,0.004104445688426495,0.6380017399787903,0.04285522177815437
26,83,0.8928083777427673,0.8764551877975464,0.015917323529720306,4.359067916870117,0.09650225937366486
26,84,0.9705355763435364,0.9472986459732056,0.022405356168746948,8.315635681152344,0.13184264302253723
26,85,0.014467757195234299,0.014367971569299698,6.784632569178939e-05,0.3193930685520172,0.0033564011100679636
26,86,0.42009294033050537,0.415840208530426,0.004221358802169561,0.3137427568435669,0.043755605816841125
26,87,0.4252181649208069,0.41889601945877075,0.006162757985293865,1.593687653541565,0.03640095889568329
26,88,0.6839641332626343,0.6765798330307007,0.007295619230717421,0.8866941332817078,0.07441636919975281
26,89,0.020419875159859657,0.020287543535232544,9.984086500480771e-05,0.3249053955078125,0.003289230400696397
26,90,0.9165326356887817,0.907516598701477,0.008936228230595589,0.797906219959259,0.1028522476553917
26,91,0.13033506274223328,0.12916657328605652,0.0011626891791820526,0.05800508335232735,0.05058103799819946
26,92,0.3585425615310669,0.353495717048645,0.004963655024766922,0.8317807912826538,0.04983632266521454
26,93,0.44065654277801514,0.43304121494293213,0.007425037212669849,1.902970790863037,0.042121123522520065
26,94,0.03856338560581207,0.03828538954257965,0.00024390796897932887,0.3408692181110382,0.016452249139547348
26,95,0.4452209174633026,0.4365360736846924,0.008489426225423813,1.9540107250213623,0.04524102061986923
26,96,0.015575189143419266,0.015470401383936405,7.357219874393195e-05,0.31214818358421326,0.0032423443626612425
26,97,0.384006530046463,0.3803534507751465,0.0036276469472795725,0.2542756199836731,0.03156157210469246
26,98,0.73029625415802,0.7223852872848511,0.00783813651651144,0.728512704372406,0.08802592754364014
26,99,0.8738273978233337,0.8478087186813354,0.02537798322737217,6.406923770904541,0.3102893829345703
26,100,0.4393456280231476,0.43378162384033203,0.005507259629666805,0.5674282908439636,0.06551355868577957
27,1,0.736743688583374,0.7291548252105713,0.00752226822078228,0.6658629775047302,0.09632504731416702
27,2,0.9044789671897888,0.8847078084945679,0.019255787134170532,5.153774738311768,0.12989062070846558
27,3,0.35599175095558167,0.3518173098564148,0.0041282689198851585,0.4615640640258789,0.028551947325468063
27,4,0.1927761733531952,0.19134746491909027,0.00141073577105999,0.1796620786190033,0.011006433516740799
27,5,0.04263068363070488,0.04227925091981888,0.0003189114504493773,0.3252151608467102,0.017877347767353058
27,6,0.1772562712430954,0.17602816224098206,0.001215912401676178,0.12202571332454681,0.009197598323225975
27,7,0.02412482351064682,0.02396361157298088,0.00013085483806207776,0.303581178188324,0.006419964600354433
27,8,0.012312514707446098,0.01221709605306387,8.138356497511268e-05,0.1403469294309616,0.05582840368151665
27,9,0.8701689839363098,0.8618805408477783,0.008218372240662575,0.7012084722518921,0.12502413988113403
27,10,0.6013683676719666,0.5914905667304993,0.009707791730761528,1.6998158693313599,0.22669006884098053
27,11,0.8607665300369263,0.8292891979217529,0.03066929429769516,8.080750465393066,0.33404430747032166
27,12,0.6054126620292664,0.5934638977050781,0.011713551357388496,2.351987361907959,0.2326050102710724
27,13,0.43285176157951355,0.4253222942352295,0.007314709015190601,2.147609233856201,0.05192766711115837
27,14,0.1936846822500229,0.19168828427791595,0.00197087274864316,0.2552017867565155,0.011096363887190819
27,15,0.9001932144165039,0.86811363697052,0.0312555730342865,8.23972225189209,0.41809266805648804
27,16,0.37637773156166077,0.3733557462692261,0.002997373230755329,0.24612058699131012,0.0227479487657547
27,17,0.8463954925537109,0.8383896350860596,0.00793708860874176,0.6876604557037354,0.11736499518156052
27,18,1.044655203819275,1.0145642757415771,0.02915390394628048,9.369462966918945,0.17810380458831787
27,19,0.022268645465373993,0.022142823785543442,9.534815035294741e-05,0.3047246038913727,0.004050441086292267
27,20,1.1642383337020874,1.1386258602142334,0.024897020310163498,7.154393672943115,0.16771066188812256
27,21,0.40393945574760437,0.3983123302459717,0.00551608856767416,1.1104320287704468,0.02759677544236183
27,22,0.025424612686038017,0.02525584027171135,0.00013781324378214777,0.30958229303359985,0.007393611595034599
27,23,0.46912696957588196,0.46455931663513184,0.0045294142328202724,0.3822901248931885,0.049416229128837585
27,24,0.015087064355611801,0.014973109588027,8.329027332365513e-05,0.30664369463920593,0.0033404724672436714
27,25,0.3921741843223572,0.38809579610824585,0.004019199870526791,0.5919046401977539,0.031709861010313034
27,26,0.3610222637653351,0.35735923051834106,0.003622660646215081,0.40368038415908813,0.04144733399152756
27,27,0.014870371669530869,0.014779018238186836,7.561493839602917e-05,0.157382071018219,0.0817156583070755
27,28,0.13862445950508118,0.13650865852832794,0.002092046430334449,0.23758186399936676,0.12919476628303528
27,29,0.12235220521688461,0.12132219970226288,0.0010246946476399899,0.05315794423222542,0.04738035798072815
27,30,0.9091370105743408,0.8883270621299744,0.020229509100317955,5.804100036621094,0.6434760093688965
27,31,0.43618595600128174,0.4290887415409088,0.006952275987714529,1.4493969678878784,0.04979155212640762
27,32,0.2320181131362915,0.22922396659851074,0.0027703484520316124,0.23795431852340698,0.05875512957572937
27,33,0.4563870131969452,0.4512695372104645,0.005071647930890322,0.45830079913139343,0.054539285600185394
27,34,0.38747644424438477,0.3839181959629059,0.003532764269039035,0.25493165850639343,0.02432476170361042
27,35,0.5913697481155396,0.5850104689598083,0.0062996698543429375,0.5961874127388,0.05918745696544647
27,36,0.32197216153144836,0.3181145489215851,0.003813845571130514,0.4377797544002533,0.03662359341979027
27,37,0.01419278047978878,0.01406165212392807,9.530600800644606e-05,0.35822793841362,0.003912418615072966
27,38,0.027559854090213776,0.02733120508491993,0.00018961324531119317,0.3903525173664093,0.009776215068995953
27,39,0.32890811562538147,0.3256899118423462,0.003192031756043434,0.2616010904312134,0.019883833825588226
27,40,0.32626616954803467,0.32124555110931396,0.00495288148522377,0.6774276494979858,0.05686932057142258
27,41,0.13537070155143738,0.1325925886631012,0.0027547203935682774,0.23398198187351227,0.11015769839286804
27,42,0.32807981967926025,0.32358232140541077,0.004434124566614628,0.633644163608551,0.05353785306215286
27,43,0.01947963610291481,0.019311053678393364,0.000130419633933343,0.3816114366054535,0.0047541153617203236
27,44,0.40637311339378357,0.40188831090927124,0.004429561551660299,0.5525113344192505,0.030863720923662186
27,45,0.9813548922538757,0.9597485661506653,0.021007684990763664,5.986446380615234,0.12765613198280334
27,46,0.8654549717903137,0.8581926226615906,0.007202587090432644,0.597893238067627,0.09581311047077179
27,47,0.1306852400302887,0.12971672415733337,0.0009627826511859894,0.05740482732653618,0.03399132937192917
27,48,0.33752721548080444,0.33382368087768555,0.0036544904578477144,0.49060747027397156,0.041546545922756195
27,49,0.02141335979104042,0.02125287614762783,0.00012655233149416745,0.33931630849838257,0.004181762225925922
27,50,0.8684254884719849,0.8617161512374878,0.006671903654932976,0.37459757924079895,0.08945782482624054
27,51,0.42120540142059326,0.4164838492870331,0.004687063861638308,0.34485164284706116,0.060924969613552094
27,52,0.03822699561715126,0.037939175963401794,0.00025319840642623603,0.34623071551322937,0.016403216868638992
27,53,0.1053248941898346,0.10446129739284515,0.0008596598636358976,0.03935130313038826,0.03231515735387802
27,54,0.01986953616142273,0.01973612979054451,0.00010106062109116465,0.32344380021095276,0.003996321931481361
27,55,0.41172829270362854,0.4070242643356323,0.004672117531299591,0.31920886039733887,0.05525986850261688
27,56,0.4144876003265381,0.4090467691421509,0.005324351601302624,1.1648019552230835,0.0321100577712059
27,57,0.8166531920433044,0.7957922220230103,0.020347073674201965,5.1390581130981445,0.48072391748428345
27,58,0.899795413017273,0.8908635377883911,0.008848869241774082,0.8305660486221313,0.07984807342290878
27,59,0.44157323241233826,0.43716007471084595,0.004337249789386988,0.7590401768684387,0.02586766704916954
27,60,0.12723280489444733,0.1263839602470398,0.0008442926337011158,0.045457106083631516,0.030739637091755867
27,61,0.3212546706199646,0.3187794089317322,0.0024579581804573536,0.1731957644224167,0.010784290730953217
27,62,0.04279094561934471,0.04249269515275955,0.0002698225143831223,0.2842809855937958,0.01689053326845169
27,63,0.940726637840271,0.9318956136703491,0.008742090314626694,0.889578640460968,0.09743024408817291
27,64,0.11329780519008636,0.11244034022092819,0.0008459841483272612,0.11481955647468567,0.005148499272763729
27,65,0.026011910289525986,0.02585035189986229,0.00013320725702214986,0.2835101783275604,0.0071677155792713165
27,66,0.1249026507139206,0.12276260554790497,0.0021147355437278748,0.253126323223114,0.09061405807733536
27,67,0.025940582156181335,0.02579207718372345,0.00011873134644702077,0.29774603247642517,0.006592614576220512
27,68,0.8811084628105164,0.8725207448005676,0.00851253978908062,0.7513825297355652,0.10915297269821167
27,69,0.012848904356360435,0.012760014273226261,7.49778700992465e-05,0.1391175538301468,0.061870209872722626
27,70,0.018984168767929077,0.018867971375584602,8.613696263637394e-05,0.3006133437156677,0.0033760881051421165
27,71,0.004214892629534006,0.004186051897704601,2.660967084011645e-06,0.2617993652820587,0.0010456581367179751
27,72,0.1881910264492035,0.18665584921836853,0.001519887475296855,0.1529029756784439,0.011262292042374611
27,73,0.12077745795249939,0.11985354870557785,0.0009192383731715381,0.04668763279914856,0.03990431874990463
27,74,0.40777379274368286,0.40140774846076965,0.006242376286536455,1.2367483377456665,0.053741417825222015
27,75,0.31836211681365967,0.31475716829299927,0.003561653196811676,0.433003306388855,0.04507036134600639
27,76,0.12303432822227478,0.12100157141685486,0.002016304759308696,0.1645023077726364,0.08601899445056915
27,77,1.052777886390686,1.0342516899108887,0.018135052174329758,3.9114253520965576,0.14110484719276428
27,78,0.5772380232810974,0.5599316954612732,0.016767926514148712,5.384209156036377,0.09649582207202911
27,79,1.157565951347351,1.1293818950653076,0.027422379702329636,7.616558074951172,0.1616048365831375
27,80,0.8925402760505676,0.8799704313278198,0.012279671616852283,2.9015629291534424,0.11326532065868378
27,81,0.682584822177887,0.6754931211471558,0.00704147107899189,0.5021780133247375,0.0857674777507782
27,82,0.43493321537971497,0.42963120341300964,0.005254310555756092,0.47713586688041687,0.05840772017836571
27,83,0.9445390701293945,0.9237159490585327,0.020285727456212044,5.3737077713012695,0.18902765214443207
27,84,0.020574351772665977,0.020463835448026657,7.861785707063973e-05,0.3189835846424103,0.0031397391576319933
27,85,0.3286207616329193,0.32457154989242554,0.004000911954790354,0.48322832584381104,0.04601311683654785
27,86,0.9041832685470581,0.8945906758308411,0.00948211271315813,1.105309247970581,0.12908726930618286
27,87,0.1356523334980011,0.13420748710632324,0.001436299062334001,0.08548656851053238,0.008779920637607574
27,88,0.34363192319869995,0.3391301929950714,0.004426444880664349,0.7527579069137573,0.04114926606416702
27,89,0.1252538561820984,0.12424886226654053,0.000999485608190298,0.05507144704461098,0.03919711336493492
27,90,0.855701208114624,0.8378961086273193,0.0173615962266922,4.435421943664551,0.4813348054885864
27,91,0.38486018776893616,0.3818308711051941,0.003009115345776081,0.2019941806793213,0.02873317338526249
27,92,0.7368280291557312,0.7180931568145752,0.018196767196059227,5.380973815917969,0.2895200550556183
27,93,0.0277766864746809,0.02765655145049095,0.00011978844850091264,0.003465745598077774,0.006145029328763485
27,94,0.338398277759552,0.33325421810150146,0.005028935614973307,1.151139497756958,0.05424712225794792
27,95,0.9591636061668396,0.934828519821167,0.023651793599128723,6.8331618309021,0.5874776840209961
27,96,0.12660661339759827,0.12552860379219055,0.0010726643959060311,0.053453557193279266,0.04759201779961586
27,97,0.9942445158958435,0.9665182828903198,0.026587732136249542,11.385045051574707,0.154952734708786
27,98,0.3423807919025421,0.3364223837852478,0.005829586647450924,1.2882872819900513,0.0547834113240242
27,99,0.6296521425247192,0.6177737712860107,0.011669792234897614,2.085838556289673,0.24943871796131134
27,100,0.4657377600669861,0.458623468875885,0.006948803551495075,1.6549373865127563,0.0419689305126667
28,1,0.9314358234405518,0.9005420207977295,0.029588375240564346,13.053902626037598,0.106009840965271
28,2,0.3122394382953644,0.30905961990356445,0.0031464290805161,0.33386674523353577,0.037020690739154816
28,3,0.026301519945263863,0.02611813321709633,0.00015020102728158236,0.33185112476348877,0.007776777260005474
28,4,0.4123299717903137,0.40741685032844543,0.004791675601154566,1.214380145072937,0.0323067232966423
28,5,0.4402531385421753,0.4339807331562042,0.006204527802765369,0.6789705157279968,0.040907032787799835
28,6,0.6271215677261353,0.6142152547836304,0.012588998302817345,3.1733522415161133,0.21886637806892395
28,7,0.8429263234138489,0.8169629573822021,0.025328785181045532,6.346378326416016,0.3470521569252014
28,8,0.014732502400875092,0.014619828201830387,7.920202915556729e-05,0.3347170650959015,0.003412553109228611
28,9,0.33927732706069946,0.33585476875305176,0.003394756931811571,0.27818700671195984,0.013017313554883003
28,10,0.1201113760471344,0.1180032342672348,0.0020911276806145906,0.17018958926200867,0.09274677187204361
28,11,0.34033048152923584,0.33701056241989136,0.0032936411444097757,0.2629874348640442,0.017167609184980392
28,12,1.03233802318573,1.001550555229187,0.029949085786938667,8.383467674255371,0.2159169316291809
28,13,1.2307260036468506,1.2008352279663086,0.02926202118396759,6.28679084777832,0.21993142366409302
28,14,0.3348465859889984,0.33151644468307495,0.0033060195855796337,0.241221621632576,0.017049990594387054
28,15,0.3434959352016449,0.33981630206108093,0.003640692215412855,0.38947319984436035,0.020726224407553673
28,16,0.015091029927134514,0.015010861679911613,6.51621085125953e-05,0.15006151795387268,0.047034453600645065
28,17,0.02596130594611168,0.025794649496674538,0.00013431988190859556,0.3233714699745178,0.00957191176712513
28,18,0.014387562870979309,0.014274138025939465,8.013477781787515e-05,0.3328990340232849,0.003509287955239415
28,19,0.3818703591823578,0.37802913784980774,0.003801326034590602,0.39893364906311035,0.032842833548784256
28,20,0.9388556480407715,0.9174851179122925,0.020650167018175125,7.203961372375488,0.10566858947277069
28,21,0.3396223187446594,0.3367389142513275,0.002859442960470915,0.23970818519592285,0.016902755945920944
28,22,0.34841370582580566,0.345637708902359,0.002753595123067498,0.22408445179462433,0.018855806440114975
28,23,0.32769596576690674,0.3236829936504364,0.003959169145673513,0.5378338694572449,0.049391649663448334
28,24,0.3338334262371063,0.33016613125801086,0.0036196287255734205,0.4764469265937805,0.047470178455114365
28,25,0.3433018922805786,0.3391749858856201,0.004071359988301992,0.5554854869842529,0.04628884792327881
28,26,0.1354207694530487,0.1337796002626419,0.0016313970554620028,0.09774620085954666,0.010174882598221302
28,27,0.9422746896743774,0.9346349835395813,0.00757012702524662,0.6956836581230164,0.07375097274780273
28,28,0.8417887687683105,0.8255352973937988,0.015932127833366394,3.2130701541900635,0.45697253942489624
28,29,0.8630945086479187,0.8424584269523621,0.02015841007232666,4.776893138885498,0.34813010692596436
28,30,0.020425859838724136,0.02029869146645069,9.539642633171752e-05,0.31771430373191833,0.004591764882206917
28,31,0.12650908529758453,0.12546002864837646,0.0010437533492222428,0.053034909069538116,0.04726732149720192
28,32,0.3254522681236267,0.3223474323749542,0.003084098920226097,0.2074601650238037,0.019831132143735886
28,33,1.0416122674942017,0.9998610019683838,0.040150806307792664,16.005277633666992,0.22969484329223633
28,34,0.3767930269241333,0.3735116720199585,0.003267422318458557,0.13958944380283356,0.03091219812631607
28,35,0.030351120978593826,0.0301765576004982,0.00014018855290487409,0.3437531888484955,0.009074846282601357
28,36,0.015493778511881828,0.015405137091875076,7.36039801267907e-05,0.15036901831626892,0.0824660211801529
28,37,0.3775869607925415,0.37457582354545593,0.0029959031380712986,0.15217134356498718,0.026908276602625847
28,38,0.3727351129055023,0.3697851598262787,0.002928677015006542,0.21287328004837036,0.024086657911539078
28,39,0.025705106556415558,0.0255436971783638,0.00013249259791336954,0.28918102383613586,0.008064603433012962
28,40,0.012266185134649277,0.012187446467578411,6.540236790897325e-05,0.1333644837141037,0.04972368851304054
28,41,0.8751816749572754,0.8513522148132324,0.023295653983950615,5.33790922164917,0.6600936651229858
28,42,0.8810359835624695,0.8499791622161865,0.030322670936584473,7.3413496017456055,0.33737874031066895
28,43,0.03072945773601532,0.030615858733654022,8.76992053235881e-05,0.25899335741996765,0.0040357098914682865
28,44,1.1753712892532349,1.1484711170196533,0.026357043534517288,5.4316887855529785,0.15992894768714905
28,45,0.34288132190704346,0.3396863341331482,0.003143364330753684,0.5161336064338684,0.025030311197042465
28,46,0.4290434420108795,0.4225822687149048,0.006254867650568485,2.062990427017212,0.035123713314533234
28,47,0.9804913401603699,0.9483728408813477,0.030792783945798874,13.25732707977295,0.1261712610721588
28,48,0.32543694972991943,0.32257339358329773,0.0028450435493141413,0.18515793979167938,0.05128078907728195
28,49,0.4316733181476593,0.425980806350708,0.005650777369737625,0.417378693819046,0.05839286372065544
28,50,0.1943807750940323,0.19271335005760193,0.0016500119818374515,0.17420020699501038,0.015124574303627014
28,51,0.23324784636497498,0.23079600930213928,0.002437269315123558,0.14566627144813538,0.07112599164247513
28,52,0.6087114810943604,0.5970360040664673,0.011478601023554802,1.9690033197402954,0.3287575840950012
28,53,0.8215001821517944,0.7948329448699951,0.02603774145245552,6.294976234436035,0.4432821571826935
28,54,0.3589905798435211,0.35629594326019287,0.002685592509806156,0.09043076634407043,0.02117566019296646
28,55,0.3566124737262726,0.3536480665206909,0.0029378500767052174,0.2653919756412506,0.01364918053150177
28,56,0.4154081344604492,0.41003528237342834,0.005218011327087879,1.5484411716461182,0.033334001898765564
28,57,0.3433670103549957,0.33971497416496277,0.0035954320337623358,0.5660901069641113,0.029431000351905823
28,58,0.7083562612533569,0.7026028633117676,0.005706721916794777,0.46654823422431946,0.04951872304081917
28,59,1.0590438842773438,1.025846242904663,0.03189634159207344,13.012518882751465,0.09684409201145172
28,60,0.8554199934005737,0.8395065069198608,0.015589469112455845,3.2398245334625244,0.3956693112850189
28,61,0.20018279552459717,0.19801077246665955,0.0021360921673476696,0.3592481315135956,0.012258664704859257
28,62,0.21737538278102875,0.21503528952598572,0.0023209615610539913,0.19133038818836212,0.04970619082450867
28,63,0.028769273310899734,0.028643455356359482,9.030527144204825e-05,0.3551269769668579,0.0022266926243901253
28,64,0.027113262563943863,0.026986990123987198,9.275488991988823e-05,0.33518582582473755,0.0023464965634047985
28,65,0.020451437681913376,0.020346451550722122,7.44628778193146e-05,0.3052409589290619,0.002668822882696986
28,66,1.2020463943481445,1.1684536933898926,0.032875023782253265,7.176068305969238,0.2545772194862366
28,67,0.42528221011161804,0.4195871949195862,0.0055777220986783504,1.1730759143829346,0.03817342221736908
28,68,0.1259385645389557,0.1249377578496933,0.0009962813928723335,0.04524381831288338,0.03192545101046562
28,69,0.03669794648885727,0.03659072145819664,8.46796901896596e-05,0.22545889019966125,0.005451997276395559
28,70,0.8532902002334595,0.845072865486145,0.008148683235049248,0.6866596937179565,0.10537939518690109
28,71,0.32509905099868774,0.32216137647628784,0.0029008998535573483,0.36762431263923645,0.024625640362501144
28,72,0.4806607961654663,0.4736470878124237,0.006901794113218784,1.1191325187683105,0.06150585412979126
28,73,0.046736251562833786,0.0464622937142849,0.0002496475644875318,0.24310773611068726,0.01276753656566143
28,74,0.013464613817632198,0.013403675518929958,4.9650687287794426e-05,0.11287549883127213,0.03904563933610916
28,75,0.3800460696220398,0.37698203325271606,0.0030399924144148827,0.2406410425901413,0.023647285997867584
28,76,0.4318147301673889,0.4262647330760956,0.0054202512837946415,1.2975034713745117,0.03848407417535782
28,77,0.026365943253040314,0.026248963549733162,9.281953680329025e-05,0.24159525334835052,0.00532321073114872
28,78,0.0397048220038414,0.03965228050947189,5.244843123364262e-05,0.0009224276873283088,0.0018992669647559524
28,79,0.014180101454257965,0.014111686497926712,4.2773397581186146e-05,0.25641342997550964,0.0021306811831891537
28,80,0.42520129680633545,0.4192498028278351,0.005835012067109346,1.1647478342056274,0.0729762464761734
28,81,0.37813079357147217,0.374455064535141,0.003647392150014639,0.28341683745384216,0.04999104142189026
28,82,0.3454720079898834,0.34141576290130615,0.004029418341815472,0.2681539058685303,0.020488470792770386
28,83,0.047923341393470764,0.04756401106715202,0.000324544234899804,0.347872793674469,0.020526980981230736
28,84,0.9774083495140076,0.9575228095054626,0.019229179248213768,6.563507556915283,0.1439467966556549
28,85,0.4352654218673706,0.42560601234436035,0.009411096572875977,2.4829959869384766,0.06088580936193466
28,86,1.0013206005096436,0.9846468567848206,0.016183476895093918,4.903397560119629,0.14184772968292236
28,87,0.8382688760757446,0.8320002555847168,0.006233882158994675,0.3475216031074524,0.10380696505308151
28,88,0.2343253791332245,0.23191189765930176,0.0023898689541965723,0.2362210899591446,0.04164402186870575
28,89,0.668002188205719,0.6554986834526062,0.012224409729242325,2.790966272354126,0.23374846577644348
28,90,0.025688935071229935,0.02551322802901268,0.00014113211364019662,0.34574830532073975,0.007682282477617264
28,91,0.9859129190444946,0.964954137802124,0.020381420850753784,5.77335786819458,0.1348477005958557
28,92,1.0798544883728027,1.0573620796203613,0.02181776985526085,6.746204853057861,0.16082078218460083
28,93,0.9850448966026306,0.9649717807769775,0.01957724429666996,4.9584455490112305,0.16852304339408875
28,94,0.619335412979126,0.6043081283569336,0.014740971848368645,2.863551616668701,0.2853878438472748
28,95,0.38276806473731995,0.37889549136161804,0.003853221656754613,0.19335858523845673,0.030787087976932526
28,96,0.8903794884681702,0.865210235118866,0.02431187406182289,8.573708534240723,0.12909285724163055
28,97,0.7702874541282654,0.7572222948074341,0.01290927268564701,1.558609962463379,0.11751161515712738
28,98,0.2977425456047058,0.2937805652618408,0.003900113282725215,0.6188143491744995,0.035826053470373154
28,99,1.1987608671188354,1.1700364351272583,0.027902081608772278,8.222600936889648,0.13009649515151978
28,100,0.7896595001220703,0.7659040093421936,0.023275628685951233,4.798892498016357,0.29697197675704956
29,1,0.020354818552732468,0.0202169232070446,0.00010129456495633349,0.3660014271736145,0.004062510095536709
29,2,0.736935019493103,0.7281148433685303,0.00875543151050806,0.6471878290176392,0.08101017028093338
29,3,0.928839921951294,0.9059684872627258,0.022308416664600372,5.630434036254883,0.5266079902648926
29,4,0.21513731777668,0.21295134723186493,0.0021495011169463396,0.3645801842212677,0.012836700305342674
29,5,0.0039978474378585815,0.003958168439567089,7.478607585653663e-06,0.3220064640045166,0.0012828281614929438
29,6,0.9974891543388367,0.9808233976364136,0.016372909769415855,2.9286324977874756,0.16900992393493652
29,7,0.12229534983634949,0.1205315962433815,0.0017501658294349909,0.13591927289962769,0.09318754076957703
29,8,0.40358275175094604,0.40019500255584717,0.00335913198068738,0.2862441837787628,0.033141396939754486
29,9,0.9163348078727722,0.9066960215568542,0.009575864300131798,0.6295657157897949,0.11050605773925781
29,10,0.8486624956130981,0.8307476043701172,0.01748551055788994,4.293773174285889,0.6654489636421204
29,11,0.1965833455324173,0.19506603479385376,0.0015008575282990932,0.1645040065050125,0.011237891390919685
29,12,0.35088011622428894,0.3479611277580261,0.0028942725621163845,0.24716152250766754,0.014747783541679382
29,13,0.6831124424934387,0.6775583624839783,0.005513090640306473,0.410296231508255,0.06435748934745789
29,14,1.0680264234542847,1.0498311519622803,0.01783176325261593,3.634612560272217,0.12912912666797638
29,15,0.3457849323749542,0.3420361280441284,0.003687472315505147,0.6133931875228882,0.03716506063938141
29,16,0.014969835989177227,0.014860927127301693,7.689718040637672e-05,0.32011619210243225,0.0028042274061590433
29,17,0.1882050484418869,0.18686144053936005,0.0013292504008859396,0.14370456337928772,0.010594967752695084
29,18,0.2233056128025055,0.22116616368293762,0.002123081125319004,0.16356614232063293,0.0443018302321434
29,19,0.418806254863739,0.4138016104698181,0.004892381839454174,1.122742772102356,0.03679601848125458
29,20,0.9129248857498169,0.8859831690788269,0.025967277586460114,9.74438190460205,0.12393806874752045
29,21,0.3619442284107208,0.3592720031738281,0.002660440979525447,0.11770602315664291,0.022168412804603577
29,22,0.3932940661907196,0.38975998759269714,0.0034997377078980207,0.34328246116638184,0.03197764232754707
29,23,0.0037056829314678907,0.003669511992484331,3.052838110306766e-06,0.33118167519569397,0.0013607819564640522
29,24,0.5725101828575134,0.5614210963249207,0.010865597054362297,2.2353665828704834,0.24563652276992798
29,25,0.32900360226631165,0.3243754804134369,0.004557682201266289,0.7045943737030029,0.03905156999826431
29,26,0.39253684878349304,0.3895956873893738,0.0029210615903139114,0.20075687766075134,0.020307589322328568
29,27,0.12026533484458923,0.11946567893028259,0.0007951455190777779,0.04507526755332947,0.03408336639404297
29,28,0.014261404052376747,0.014169914647936821,5.969106132397428e-05,0.3179774284362793,0.002567471005022526
29,29,0.20319326221942902,0.20140044391155243,0.001772608608007431,0.20202235877513885,0.010512281209230423
29,30,1.0819742679595947,1.0527312755584717,0.02830224670469761,9.40770149230957,0.15910053253173828
29,31,0.1909576803445816,0.18943876028060913,0.0015010840725153685,0.17840443551540375,0.009116968140006065
29,32,0.9521335959434509,0.9247076511383057,0.026329923421144485,10.960188865661621,0.13521572947502136
29,33,0.23121517896652222,0.22880443930625916,0.0023875737097114325,0.2317447066307068,0.03958204388618469
29,34,0.25434473156929016,0.2518981695175171,0.002419745549559593,0.26814788579940796,0.046288393437862396
29,35,1.1524351835250854,1.122178554534912,0.029396284371614456,8.603765487670898,0.17304033041000366
29,36,0.01862492598593235,0.018500017002224922,8.988948684418574e-05,0.35020118951797485,0.0030088876374065876
29,37,0.23441213369369507,0.23183725774288177,0.002554753329604864,0.20121681690216064,0.04767859727144241
29,38,0.01544153317809105,0.015333539806306362,7.45651195757091e-05,0.33428141474723816,0.0025630327872931957
29,39,0.9821555018424988,0.9551206827163696,0.026300152763724327,7.346686840057373,0.1701475828886032
29,40,0.9245393872261047,0.9016191959381104,0.022172467783093452,7.477216720581055,0.12462087720632553
29,41,0.3848653733730316,0.3816908001899719,0.003152660094201565,0.21905529499053955,0.026324499398469925
29,42,0.02373078465461731,0.023572146892547607,0.0001249460328835994,0.3369068205356598,0.006226976867765188
29,43,1.1136445999145508,1.0762907266616821,0.03595254570245743,14.013439178466797,0.1910555213689804
29,44,0.012031154707074165,0.011950058862566948,6.638863123953342e-05,0.14707839488983154,0.06117425113916397
29,45,0.461811900138855,0.4548373222351074,0.006890773307532072,0.8380847573280334,0.06257358193397522
29,46,0.9319517016410828,0.9214780330657959,0.010346327908337116,1.2733681201934814,0.1307823657989502
29,47,0.026680154725909233,0.026486337184906006,0.0001599716197233647,0.3384524881839752,0.007094234228134155
29,48,1.1126161813735962,1.0886807441711426,0.023438159376382828,4.972060203552246,0.1649930328130722
29,49,0.41955316066741943,0.4137174189090729,0.005692409351468086,1.433192253112793,0.03393693268299103
29,50,0.016088370233774185,0.015988124534487724,6.844502058811486e-05,0.31801843643188477,0.0029680533334612846
29,51,0.429838091135025,0.4239707589149475,0.0058246031403541565,0.4274267852306366,0.06333368271589279
29,52,0.18810421228408813,0.1866396963596344,0.0014500734396278858,0.1444554477930069,0.011250165291130543
29,53,0.32563742995262146,0.32279837131500244,0.0028158389031887054,0.2321472316980362,0.015530968084931374
29,54,0.7978681325912476,0.7885453701019287,0.009232603013515472,0.9015423059463501,0.10248589515686035
29,55,0.5959847569465637,0.5847215056419373,0.011060484685003757,2.027475357055664,0.2463037371635437
29,56,0.014715426601469517,0.014607954770326614,7.523748354287818e-05,0.32233965396881104,0.0027737258933484554
29,57,0.7137230038642883,0.7063935995101929,0.0072694821283221245,0.5988472700119019,0.07954513281583786
29,58,0.8996060490608215,0.8818559646606445,0.01717645302414894,5.736284255981445,0.1070965975522995
29,59,0.6979373693466187,0.6907886266708374,0.00709108542650938,0.5761250257492065,0.0792049765586853
29,60,0.015011501498520374,0.014901100657880306,7.838070450816303e-05,0.32019922137260437,0.003037768416106701
29,61,0.3545977473258972,0.3511964678764343,0.003370164893567562,0.3111819922924042,0.01923973113298416
29,62,0.11931747943162918,0.11762578785419464,0.0016790239606052637,0.1266891211271286,0.07318772375583649
29,63,0.016319453716278076,0.01622379943728447,6.51311274850741e-05,0.3052252233028412,0.004532090853899717
29,64,0.36206749081611633,0.3591722846031189,0.002884554909542203,0.10627874732017517,0.020930659025907516
29,65,0.015431618317961693,0.015320079401135445,7.804206688888371e-05,0.3349688649177551,0.0029697578866034746
29,66,0.3957943916320801,0.39258235692977905,0.0031836172565817833,0.2842206358909607,0.030323222279548645
29,67,0.019708018749952316,0.019565818831324577,0.00010616682993713766,0.3603264391422272,0.0033462969586253166
29,68,0.796428382396698,0.7745323777198792,0.021098891273140907,7.970692157745361,0.1333010494709015
29,69,0.8389327526092529,0.812775731086731,0.02549144998192787,6.655633926391602,0.4247434139251709
29,70,0.021413713693618774,0.021270964294672012,0.00010439340258017182,0.3835632801055908,0.0034139773342758417
29,71,1.1106535196304321,1.0743870735168457,0.03512805327773094,11.384408950805664,0.2292841374874115
29,72,0.629676342010498,0.6128230094909668,0.016489088535308838,3.6423168182373047,0.25185102224349976
29,73,0.4455938935279846,0.43945276737213135,0.0060894060879945755,0.5170986652374268,0.06301838159561157
29,74,0.12388871610164642,0.12197530269622803,0.001897549838759005,0.15861110389232635,0.0907541811466217
29,75,0.35297891497612,0.35040318965911865,0.002566044218838215,0.09693360328674316,0.03520089387893677
29,76,0.0122531084343791,0.012170110829174519,6.761677650501952e-05,0.15380610525608063,0.05413451045751572
29,77,0.9419805407524109,0.9185337424278259,0.02250203862786293,9.447436332702637,0.08906517922878265
29,78,0.2069551944732666,0.20486530661582947,0.0020579281263053417,0.3196261525154114,0.012111693620681763
29,79,0.4329375624656677,0.4294700026512146,0.0034351760987192392,0.3238292932510376,0.026880929246544838
29,80,0.019383570179343224,0.019255023449659348,9.405611490365118e-05,0.3448968827724457,0.003627828788012266
29,81,0.3780297040939331,0.37522852420806885,0.0027841231785714626,0.1704772561788559,0.021755443885922432
29,82,0.37767598032951355,0.3749002516269684,0.002762122545391321,0.13615280389785767,0.020979247987270355
29,83,0.8044877052307129,0.7986845970153809,0.005768483504652977,0.3463282287120819,0.05850466340780258
29,84,0.4070841372013092,0.4038582146167755,0.003202501917257905,0.23427291214466095,0.03346339613199234
29,85,0.45328137278556824,0.4484381377696991,0.0048043448477983475,0.38883209228515625,0.04981635510921478
29,86,0.11452648043632507,0.11294543743133545,0.0015680306823924184,0.13005587458610535,0.08571842312812805
29,87,0.7620198130607605,0.7541214823722839,0.007816489785909653,0.8185818195343018,0.09605005383491516
29,88,0.4321911334991455,0.4249723553657532,0.007057287264615297,1.6150686740875244,0.04459533095359802
29,89,1.148707628250122,1.1215722560882568,0.026511844247579575,6.236339092254639,0.15921816229820251
29,90,0.3768613636493683,0.3732963800430298,0.0035435673780739307,0.214223250746727,0.030528465285897255
29,91,1.0823801755905151,1.0620918273925781,0.01990642584860325,3.819941282272339,0.17002087831497192
29,92,0.44001510739326477,0.43383288383483887,0.006076808087527752,1.0540454387664795,0.04614315927028656
29,93,0.01654347963631153,0.016459450125694275,6.86673738528043e-05,0.15361090004444122,0.06656727194786072
29,94,0.24506089091300964,0.2419729381799698,0.003065109718590975,0.2284722477197647,0.06145515292882919
29,95,0.0057492307387292385,0.005732242949306965,2.320434987268527e-06,0.14667385816574097,0.07661321759223938
29,96,0.44624367356300354,0.43915343284606934,0.007027593441307545,0.6264004111289978,0.07709690928459167
29,97,0.3436006009578705,0.33967605233192444,0.0038819084875285625,0.4263754189014435,0.022568412125110626
29,98,0.022095585241913795,0.0219881609082222,7.524507236666977e-05,0.3217843770980835,0.0028192130848765373
29,99,0.029139945283532143,0.0290046539157629,0.00010245565499644727,0.3283705413341522,0.003350440412759781
29,100,0.23357193171977997,0.23116372525691986,0.002389244269579649,0.18972568213939667,0.040709950029850006
30,1,0.013128635473549366,0.013043651357293129,7.168065349105746e-05,0.13302676379680634,0.04318933188915253
30,2,0.018182260915637016,0.01810557022690773,4.9612473958404735e-05,0.2707960307598114,0.0030258805491030216
30,3,0.90287846326828,0.8948589563369751,0.00796197634190321,0.5752416849136353,0.07115203887224197
30,4,0.13162066042423248,0.1307377815246582,0.0008779421332292259,0.04929616302251816,0.03235078230500221
30,5,0.12109573930501938,0.12032870948314667,0.0007632074411958456,0.03825867921113968,0.029082302004098892
30,6,0.9240952134132385,0.9133639335632324,0.010562002658843994,1.6927366256713867,0.11745115369558334
30,7,0.3404335081577301,0.33711618185043335,0.0032878706697374582,0.2943136394023895,0.013317696750164032
30,8,0.9365252256393433,0.9104946851730347,0.025023257359862328,10.072466850280762,0.1560884714126587
30,9,0.20036976039409637,0.19871309399604797,0.00163368321955204,0.22976979613304138,0.0119268037378788
30,10,0.3740970194339752,0.37099021673202515,0.0030927625484764576,0.14032402634620667,0.026609275490045547
30,11,0.032825443893671036,0.03272535279393196,9.684226824901998e-05,0.032494205981492996,0.008884035982191563
30,12,0.03162751346826553,0.03147958964109421,0.00011769657430704683,0.30225205421447754,0.005717556923627853
30,13,0.030610419809818268,0.030434833839535713,0.00014571953215636313,0.29865145683288574,0.0055210343562066555
30,14,0.016238389536738396,0.01615220680832863,5.848611908731982e-05,0.2769814729690552,0.0024139396846294403
30,15,0.020097067579627037,0.019990596920251846,7.895049930084497e-05,0.2752043604850769,0.002618301659822464
30,16,0.022339999675750732,0.022224655374884605,8.921258267946541e-05,0.2613164484500885,0.0025921997148543596
30,17,0.9995940923690796,0.9791693687438965,0.019919246435165405,5.054690361022949,0.14554038643836975
30,18,0.4298619329929352,0.4247211515903473,0.0050102779641747475,1.3051106929779053,0.025131041184067726
30,19,0.3415161073207855,0.3374801278114319,0.0039431373588740826,0.928369402885437,0.030589774250984192
30,20,0.39901769161224365,0.39645975828170776,0.002535720821470022,0.22195325791835785,0.021574508398771286
30,21,0.9085676074028015,0.8818702101707458,0.026103856042027473,5.935488700866699,0.5983617305755615
30,22,1.018113613128662,0.9851114749908447,0.031759824603796005,12.422453880310059,0.17846505343914032
30,23,0.030677467584609985,0.03055264800786972,9.984718053601682e-05,0.2497248351573944,0.00648902915418148
30,24,0.37363874912261963,0.37083274126052856,0.0027845147997140884,0.21481986343860626,0.019514843821525574
30,25,0.6845341920852661,0.6773265600204468,0.007154582533985376,0.5307486653327942,0.07322481274604797
30,26,0.04362725466489792,0.04329020529985428,0.00030847665038891137,0.2857300341129303,0.016143307089805603
30,27,0.017774108797311783,0.017694933339953423,5.356013571145013e-05,0.256145179271698,0.0025212704204022884
30,28,0.01577281579375267,0.01569247618317604,5.360737850423902e-05,0.2673276960849762,0.0023921476677060127
30,29,0.6988205313682556,0.6912577152252197,0.007504420354962349,0.5841432213783264,0.10227805376052856
30,30,0.02623438648879528,0.02607848308980465,0.0001252934744115919,0.3061102628707886,0.0063254330307245255
30,31,0.9189407229423523,0.8984149098396301,0.020073367282748222,4.524841785430908,0.35937315225601196
30,32,0.956257700920105,0.9279755353927612,0.027125129476189613,11.570263862609863,0.14772480726242065
30,33,1.114829659461975,1.093078851699829,0.021237481385469437,5.1331586837768555,0.1827845275402069
30,34,1.1109682321548462,1.0788822174072266,0.031101638451218605,9.844459533691406,0.23817279934883118
30,35,0.41582006216049194,0.4082905948162079,0.007334066554903984,1.9541358947753906,0.06999655067920685
30,36,0.02260768972337246,0.022480878978967667,9.116994624491781e-05,0.356425404548645,0.0028709913603961468
30,37,0.6946364045143127,0.6865897178649902,0.007991206832230091,0.5550007224082947,0.08855248987674713
30,38,0.25508734583854675,0.2521507441997528,0.002903654705733061,0.32955533266067505,0.05982046574354172
30,39,0.6585331559181213,0.651787519454956,0.006690251640975475,0.5536971092224121,0.061268724501132965
30,40,0.019904453307390213,0.019762355834245682,0.00010740631842054427,0.3469236493110657,0.0040190620347857475
30,41,0.9356542229652405,0.9112150073051453,0.02350628934800625,9.329424858093262,0.08844515681266785
30,42,0.42203488945961,0.4179794192314148,0.004022717941552401,0.32760629057884216,0.029913434758782387
30,43,0.12357719987630844,0.12163692712783813,0.0019232325721532106,0.17037436366081238,0.0821903645992279
30,44,1.0652062892913818,1.0282646417617798,0.03554351255297661,13.981000900268555,0.11925208568572998
30,45,0.4318324327468872,0.4251369535923004,0.006562400609254837,1.3306870460510254,0.04469197243452072
30,46,0.026975667104125023,0.026795299723744392,0.00014533448847942054,0.35032039880752563,0.007983584888279438
30,47,0.3939206898212433,0.3901229500770569,0.0037667443975806236,0.30980414152145386,0.03342178463935852
30,48,0.12696866691112518,0.12417890876531601,0.0027693696320056915,0.20388534665107727,0.10277408361434937
30,49,0.3762824237346649,0.37294870615005493,0.0033187700901180506,0.14957159757614136,0.025125280022621155
30,50,0.8389303684234619,0.8093537092208862,0.0288938470184803,6.828599452972412,0.3451605439186096
30,51,0.893076479434967,0.8821526765823364,0.010858290828764439,0.6550435423851013,0.09432153403759003
30,52,0.4007757008075714,0.3968800902366638,0.003858703188598156,0.3690580427646637,0.03505120426416397
30,53,0.3619690537452698,0.359066367149353,0.0028913933783769608,0.11281769722700119,0.02547064796090126
30,54,0.6221751570701599,0.6092489957809448,0.0126518364995718,2.7429544925689697,0.2560116648674011
30,55,0.19803182780742645,0.1961914449930191,0.0018153198761865497,0.2505703270435333,0.01321107055991888
30,56,0.8464888334274292,0.8386154770851135,0.007833035662770271,0.4030384421348572,0.08206502348184586
30,57,0.45320722460746765,0.4474729299545288,0.005691383965313435,0.42922648787498474,0.04689300060272217
30,58,0.9580582976341248,0.9350756406784058,0.02224089577794075,7.41776180267334,0.11486630141735077
30,59,0.41902005672454834,0.413272887468338,0.005639579612761736,1.0758947134017944,0.03640686720609665
30,60,0.4414556920528412,0.4359305500984192,0.005487928632646799,0.3721265494823456,0.0510103702545166
30,61,0.02713290974497795,0.02698487415909767,0.00011832239397335798,0.29712212085723877,0.006843513809144497
30,62,0.44158074259757996,0.43621915578842163,0.005247976630926132,1.135944128036499,0.04506751149892807
30,63,0.026219941675662994,0.02607404813170433,0.00011646767961792648,0.29425162076950073,0.006781438365578651
30,64,0.35496288537979126,0.351127028465271,0.0038013162557035685,0.34535884857177734,0.023137759417295456
30,65,0.24852921068668365,0.2461944967508316,0.002310465555638075,0.24249380826950073,0.054734762758016586
30,66,0.63332200050354,0.6222745180130005,0.010841816663742065,2.0561153888702393,0.2788994610309601
30,67,0.8047530055046082,0.7849578261375427,0.01936841569840908,4.267952919006348,0.3740438222885132
30,68,0.17905087769031525,0.17790570855140686,0.0011342267971485853,0.10935802757740021,0.010126669891178608
30,69,0.015122829005122185,0.015036034397780895,7.302426092792302e-05,0.1377057135105133,0.06814487278461456
30,70,0.020139457657933235,0.020027436316013336,8.3436920249369e-05,0.2858400344848633,0.003145796712487936
30,71,0.37867477536201477,0.37533825635910034,0.0032941652461886406,0.4235669672489166,0.02791953831911087
30,72,0.016956323757767677,0.016871510073542595,5.835820047650486e-05,0.26455602049827576,0.0028268098831176758
30,73,0.4057283401489258,0.4007318615913391,0.004891436081379652,1.05038321018219,0.04490438848733902
30,74,0.3688575029373169,0.36531075835227966,0.003509541042149067,0.3718724846839905,0.03843969851732254
30,75,0.3725166320800781,0.36959636211395264,0.002907480113208294,0.12780626118183136,0.02486107498407364
30,76,0.238881915807724,0.23664551973342896,0.002217409433797002,0.18978653848171234,0.05926879495382309
30,77,0.024406570941209793,0.024271458387374878,0.00010015263251261786,0.34959304332733154,0.0031178633216768503
30,78,0.8352970480918884,0.8274734020233154,0.007779884617775679,0.43731096386909485,0.10401615500450134
30,79,0.8394836187362671,0.8150529265403748,0.023813197389245033,6.174839496612549,0.4493786096572876
30,80,0.46133333444595337,0.45474672317504883,0.006527137476950884,0.5948853492736816,0.0798526257276535
30,81,0.9892158508300781,0.9527946710586548,0.03500288352370262,14.182849884033203,0.14068379998207092
30,82,0.7770820260047913,0.7580348253250122,0.018649332225322723,3.978729009628296,0.2904210388660431
30,83,0.20266924798488617,0.20015855133533478,0.00246672285720706,0.4397590756416321,0.011734843254089355
30,84,0.8909131288528442,0.8738400936126709,0.01660352200269699,4.694919109344482,0.08704795688390732
30,85,0.4401950538158417,0.4364475905895233,0.003718769643455744,0.287033349275589,0.029627647250890732
30,86,0.006369756069034338,0.0063340747728943825,4.9225500333704986e-06,0.30758991837501526,0.0010117290075868368
30,87,0.019101321697235107,0.018976561725139618,8.936828817240894e-05,0.35391807556152344,0.003848723601549864
30,88,0.6975280046463013,0.6910451650619507,0.006428774446249008,0.5404580235481262,0.06727594137191772
30,89,0.22687946259975433,0.2243674397468567,0.0024878294207155704,0.24192415177822113,0.0477101169526577
30,90,0.014177492819726467,0.014067888259887695,7.285813626367599e-05,0.3674614131450653,0.002600771375000477
30,91,0.003189916256815195,0.0031506307423114777,4.460110176296439e-06,0.3482540547847748,0.0011142485309392214
30,92,0.1253022998571396,0.12426294386386871,0.0010340497829020023,0.053051356226205826,0.04067063331604004
30,93,0.3220771551132202,0.31780296564102173,0.004215660504996777,0.5852385759353638,0.044728342443704605
30,94,0.04467272385954857,0.04417392238974571,0.00045877828961238265,0.4002474248409271,0.024435972794890404
30,95,0.011268534697592258,0.011179664172232151,7.35241555958055e-05,0.15345916152000427,0.057566143572330475
30,96,0.4338178336620331,0.4228764474391937,0.010671362280845642,2.700385808944702,0.037933919578790665
30,97,0.1945500373840332,0.19264104962348938,0.0018867166945710778,0.2228064090013504,0.011013449169695377
30,98,0.33451956510543823,0.33121371269226074,0.0032794401049613953,0.2641461193561554,0.01437125913798809
30,99,0.016409210860729218,0.016281431540846825,9.40278623602353e-05,0.3375057578086853,0.0032219397835433483
30,100,0.025781812146306038,0.0256050992757082,0.0001418968749931082,0.34817370772361755,0.008028576150536537
31,1,0.3408147990703583,0.33745047450065613,0.0033375730272382498,0.2675999701023102,0.01629142463207245
31,2,0.9098631739616394,0.8857002258300781,0.023474041372537613,6.889310836791992,0.4479154944419861
31,3,0.6162888407707214,0.6032112240791321,0.01280486211180687,2.727712392807007,0.21599721908569336
31,4,0.356816828250885,0.3518945872783661,0.004840444773435593,0.8182055950164795,0.04973568022251129
31,5,0.4365142285823822,0.43002480268478394,0.006432306952774525,0.5714266300201416,0.06386177241802216
31,6,0.20670680701732635,0.20457839965820312,0.0020956755615770817,0.3274277150630951,0.014337372966110706
31,7,0.026971101760864258,0.026776671409606934,0.00015939284639898688,0.3503859341144562,0.007965844124555588
31,8,0.10193363577127457,0.10119117051362991,0.0007390774553641677,0.03386734798550606,0.02939087338745594
31,9,0.014441107399761677,0.014343686401844025,6.538265733979642e-05,0.3203887939453125,0.002663024701178074
31,10,0.4608127772808075,0.4539608061313629,0.006785922218114138,0.6603541374206543,0.06112302094697952
31,11,0.3003081977367401,0.29768896102905273,0.002582273446023464,0.3695129156112671,0.040798746049404144
31,12,0.8226658701896667,0.8002563714981079,0.02189067378640175,5.187700271606445,0.36010444164276123
31,13,0.800038754940033,0.785065770149231,0.014684852212667465,2.8815414905548096,0.5192022323608398
31,14,0.19569388031959534,0.19449260830879211,0.0011876508360728621,0.1361585557460785,0.008313040249049664
31,15,0.021544689312577248,0.02143251895904541,8.484197314828634e-05,0.27328598499298096,0.004097992554306984
31,16,1.1021223068237305,1.0801985263824463,0.02133766934275627,5.8619794845581055,0.136920765042305
31,17,0.37854814529418945,0.3758940100669861,0.0026437365449965,0.10392772406339645,0.02111099660396576
31,18,0.029373977333307266,0.029277827590703964,9.318719094153494e-05,0.029629984870553017,0.006901976652443409
31,19,0.4381462633609772,0.4315337538719177,0.0065422821789979935,0.702277421951294,0.06279407441616058
31,20,0.6637609601020813,0.6479063034057617,0.015510203316807747,3.4447853565216064,0.305561900138855
31,21,0.40737542510032654,0.4043154716491699,0.003038357011973858,0.21620596945285797,0.03660115599632263
31,22,0.12663565576076508,0.12574924528598785,0.0008809519931674004,0.0545114129781723,0.0432102233171463
31,23,0.016444189473986626,0.016334621235728264,8.066493319347501e-05,0.28902846574783325,0.0028949929401278496
31,24,0.9503272771835327,0.920950174331665,0.028165707364678383,12.114131927490234,0.13302141427993774
31,25,0.12170610576868057,0.1201372817158699,0.001555821392685175,0.1299763321876526,0.08062435686588287
31,26,0.020768940448760986,0.02064962312579155,8.966818131739274e-05,0.2965035140514374,0.004076789133250713
31,27,0.0153302401304245,0.015231380239129066,7.070756691973656e-05,0.28151968121528625,0.0031963882502168417
31,28,0.12616825103759766,0.12526145577430725,0.0009022121084854007,0.04596956819295883,0.0351315438747406
31,29,0.8138997554779053,0.7981926202774048,0.015386486425995827,3.2069828510284424,0.4905294179916382
31,30,1.1060118675231934,1.0846848487854004,0.020850030705332756,4.769551753997803,0.13087144494056702
31,31,0.011624562554061413,0.01154247485101223,6.76181516610086e-05,0.1447008103132248,0.06074848771095276
31,32,0.8844285607337952,0.8656678199768066,0.018081586807966232,6.7913031578063965,0.09424780309200287
31,33,0.4341575503349304,0.4281453490257263,0.005889422260224819,1.2278872728347778,0.040406931191682816
31,34,0.9892387986183167,0.966572105884552,0.02211209014058113,5.54641580581665,0.17626413702964783
31,35,0.015206743031740189,0.015097326599061489,7.7700664405711e-05,0.31716275215148926,0.0026585375890135765
31,36,0.41128063201904297,0.4064662456512451,0.004697997123003006,1.1638785600662231,0.03871004283428192
31,37,0.9350322484970093,0.9093671441078186,0.024721195921301842,9.438814163208008,0.13447007536888123
31,38,0.014770124107599258,0.014668394811451435,7.075290341163054e-05,0.3097674250602722,0.002853037789463997
31,39,0.12081683427095413,0.1191306933760643,0.0016736275283619761,0.12513940036296844,0.08868049085140228
31,40,0.9093054533004761,0.9004082679748535,0.00883504655212164,0.621443510055542,0.08850958943367004
31,41,0.8226349353790283,0.7972230911254883,0.024890199303627014,5.216381072998047,0.3460874855518341
31,42,0.8820838928222656,0.8735215663909912,0.008492127060890198,0.7019336819648743,0.11178094148635864
31,43,0.611301839351654,0.5994723439216614,0.01161041297018528,2.1913304328918457,0.21023309230804443
31,44,0.8118599653244019,0.7928526997566223,0.01865171641111374,3.5554957389831543,0.5563699007034302
31,45,0.4009823203086853,0.39812952280044556,0.002831106772646308,0.21702536940574646,0.026601452380418777
31,46,0.9450287818908691,0.9200863838195801,0.02402942255139351,9.129518508911133,0.0986056700348854
31,47,1.1564668416976929,1.1349332332611084,0.021064069122076035,4.696218967437744,0.1516805738210678
31,48,1.1817128658294678,1.1563055515289307,0.02474427968263626,6.630514144897461,0.16790319979190826
31,49,0.3827180564403534,0.3781830668449402,0.004454968497157097,0.8002341389656067,0.043379828333854675
31,50,0.9107580184936523,0.9001007080078125,0.010533837601542473,1.234763741493225,0.13461312651634216
31,51,0.39778047800064087,0.39365190267562866,0.004074453841894865,0.5411837100982666,0.028617065399885178
31,52,0.12238255888223648,0.12056630849838257,0.001802230253815651,0.14023557305335999,0.09688420593738556
31,53,0.34244996309280396,0.3388749957084656,0.0035485131666064262,0.2647549510002136,0.022379770874977112
31,54,0.6402032971382141,0.627047061920166,0.012912172824144363,2.440873146057129,0.3102496266365051
31,55,0.18801027536392212,0.18659169971942902,0.0014029023004695773,0.15680718421936035,0.010877144522964954
31,56,0.021979738026857376,0.021852798759937286,9.529867384117097e-05,0.31640562415122986,0.00323723373003304
31,57,0.04505544528365135,0.04464682936668396,0.00037497811717912555,0.3363966643810272,0.020682526752352715
31,58,0.045695167034864426,0.04526020586490631,0.00040079193422570825,0.3416888415813446,0.02257617935538292
31,59,0.3723059296607971,0.3697025775909424,0.002592926612123847,0.10423131287097931,0.0202949121594429
31,60,0.8812466263771057,0.8541750311851501,0.02642221562564373,6.493853569030762,0.36866968870162964
31,61,0.41420286893844604,0.40946164727211,0.004631240386515856,1.0995804071426392,0.03690076619386673
31,62,0.4436770975589752,0.43659690022468567,0.0069188945926725864,1.6128407716751099,0.04217417538166046
31,63,1.1226170063018799,1.0942349433898926,0.027681006118655205,7.011292934417725,0.173284649848938
31,64,0.32167327404022217,0.3190440535545349,0.002604528795927763,0.2471175193786621,0.03365851566195488
31,65,0.33791986107826233,0.33443063497543335,0.0034387041814625263,0.5051198601722717,0.03910501301288605
31,66,0.8711016178131104,0.8627384901046753,0.008303521201014519,0.5959473848342896,0.08190469443798065
31,67,0.8887232542037964,0.880051851272583,0.00859467126429081,0.7672820687294006,0.14143811166286469
31,68,0.22728793323040009,0.22526419162750244,0.0020066869910806417,0.1705726534128189,0.049894969910383224
31,69,0.9315526485443115,0.9127724170684814,0.01832321472465992,4.5701584815979,0.17049917578697205
31,70,0.12855269014835358,0.12670573592185974,0.0018330900929868221,0.13856150209903717,0.09583055227994919
31,71,1.0558973550796509,1.026540994644165,0.028401028364896774,9.553383827209473,0.21729928255081177
31,72,0.014981581829488277,0.01491277664899826,5.37444902874995e-05,0.150607630610466,0.06753690540790558
31,73,0.9876202344894409,0.9590672254562378,0.027547340840101242,10.056292533874512,0.15094523131847382
31,74,0.013098950497806072,0.013024728745222092,5.9364123444538563e-05,0.1485755741596222,0.055578090250492096
31,75,0.4199654459953308,0.41326403617858887,0.006513947620987892,1.8744264841079712,0.04287306219339371
31,76,0.9348359704017639,0.9136162996292114,0.020616523921489716,6.0312581062316895,0.1206216812133789
31,77,0.8496848344802856,0.843126118183136,0.006518730893731117,0.39974790811538696,0.06549237668514252
31,78,0.012357039377093315,0.012277940288186073,6.452640809584409e-05,0.14572294056415558,0.04660153016448021
31,79,0.4270259737968445,0.42193999886512756,0.005040677729994059,0.45294347405433655,0.047820065170526505
31,80,0.23090045154094696,0.2285144329071045,0.002365885302424431,0.2013811618089676,0.04020637646317482
31,81,0.12294769287109375,0.12182679772377014,0.00111454539000988,0.0634632408618927,0.04503835737705231
31,82,0.6637961864471436,0.6505897641181946,0.012914971448481083,2.914902925491333,0.24385684728622437
31,83,0.20081907510757446,0.19905102252960205,0.001732364296913147,0.3568092882633209,0.012475964613258839
31,84,0.3478320837020874,0.3437841534614563,0.004012897610664368,0.3503296971321106,0.02571275271475315
31,85,0.8280904293060303,0.818839430809021,0.009175091981887817,0.759592592716217,0.12809476256370544
31,86,0.6134952902793884,0.6014065742492676,0.011854022741317749,2.3464925289154053,0.26786336302757263
31,87,0.013707717880606651,0.013610534369945526,6.54137838864699e-05,0.31768906116485596,0.0023762360215187073
31,88,0.04157411679625511,0.0411992184817791,0.0003397102700546384,0.3518735468387604,0.017366569489240646
31,89,0.9052468538284302,0.8835698962211609,0.020981954410672188,6.9497785568237305,0.11583944410085678
31,90,1.0893588066101074,1.0490714311599731,0.03867422789335251,16.130861282348633,0.17682310938835144
31,91,0.7187961935997009,0.7102800607681274,0.008421285077929497,0.948164165019989,0.07857823371887207
31,92,0.23345954716205597,0.230866938829422,0.002568371593952179,0.2424432337284088,0.044323861598968506
31,93,0.6912522315979004,0.6836356520652771,0.007544465363025665,0.7212412357330322,0.07948070764541626
31,94,0.8446929454803467,0.8264217376708984,0.017833583056926727,4.376037120819092,0.5138791799545288
31,95,1.0166786909103394,0.9826551079750061,0.03286726772785187,11.562915802001953,0.1687246710062027
31,96,0.23723649978637695,0.23485243320465088,0.0023634592071175575,0.20606133341789246,0.04552840441465378
31,97,0.8233362436294556,0.8149447441101074,0.008318690583109856,0.7282583117485046,0.10253094136714935
31,98,0.9467143416404724,0.9345831274986267,0.011992627754807472,1.3855400085449219,0.1005377396941185
31,99,0.3312276601791382,0.32594525814056396,0.0051747877150774,1.0760338306427002,0.045912787318229675
31,100,1.1179380416870117,1.0823616981506348,0.03442101925611496,11.553545951843262,0.19382122159004211
32,1,0.355213463306427,0.3502078056335449,0.004921901971101761,0.8374181389808655,0.05139999836683273
32,2,0.22645063698291779,0.22438517212867737,0.0020459946244955063,0.19472761452198029,0.049460574984550476
32,3,0.019583899527788162,0.019465623423457146,8.51490767672658e-05,0.3312664031982422,0.002912182593718171
32,4,1.127844214439392,1.1026537418365479,0.024619068950414658,5.713405609130859,0.14746999740600586
32,5,0.3772045969963074,0.3743099570274353,0.002879221923649311,0.15419182181358337,0.023259330540895462
32,6,0.4487968385219574,0.4432167410850525,0.0055381422862410545,0.41951462626457214,0.05367022007703781
32,7,0.011478452011942863,0.01139792799949646,6.670715811196715e-05,0.1381756067276001,0.05056975036859512
32,8,0.8410966396331787,0.8127812743186951,0.027559354901313782,7.560466289520264,0.3698655962944031
32,9,0.4417215883731842,0.4369371235370636,0.004701980389654636,0.8249762654304504,0.031994473189115524
32,10,0.34048399329185486,0.3373050093650818,0.0031541860662400723,0.2480631023645401,0.018652066588401794
32,11,0.12011511623859406,0.11924239993095398,0.0008677492733113468,0.04972877725958824,0.0432233065366745
32,12,0.9026662707328796,0.8763335943222046,0.025771064683794975,5.616118907928467,0.44219863414764404
32,13,0.8156452178955078,0.7976797819137573,0.017629064619541168,3.3633294105529785,0.649600088596344
32,14,0.014126773923635483,0.014032910577952862,6.50103174848482e-05,0.28852951526641846,0.002467566169798374
32,15,0.02639753371477127,0.026254326105117798,0.00011471743346191943,0.2849120497703552,0.008003772236406803
32,16,0.01656406931579113,0.016456246376037598,7.917817129055038e-05,0.286461740732193,0.0025336649268865585
32,17,0.34639161825180054,0.3416024446487427,0.004691404290497303,0.9779597520828247,0.04042226821184158
32,18,1.1473445892333984,1.1243804693222046,0.02240471914410591,5.594714164733887,0.11922209709882736
32,19,0.8262278437614441,0.8195720911026001,0.006600700318813324,0.5505727529525757,0.09205697476863861
32,20,0.8232467770576477,0.8074203729629517,0.015507454052567482,3.1893744468688965,0.47458916902542114
32,21,0.02150825597345829,0.021390238776803017,8.740455086808652e-05,0.3061247169971466,0.003072994062677026
32,22,1.0693870782852173,1.0485084056854248,0.020409515127539635,4.692345142364502,0.15465474128723145
32,23,0.9375129342079163,0.9270200133323669,0.010397538542747498,0.9535300135612488,0.11116455495357513
32,24,0.9341270923614502,0.9129613637924194,0.020460225641727448,7.05504035949707,0.12582296133041382
32,25,0.32658979296684265,0.3232804238796234,0.0032722963951528072,0.37062129378318787,0.04798058047890663
32,26,0.848721444606781,0.8272852301597595,0.021015137434005737,4.211282253265381,0.31490063667297363
32,27,0.024849116802215576,0.0247398279607296,0.00010568241850705817,0.036066487431526184,0.008423550054430962
32,28,0.015904366970062256,0.015807894989848137,6.501191819552332e-05,0.31460535526275635,0.0024786246940493584
32,29,0.016596859320998192,0.016501814126968384,6.355139339575544e-05,0.314944326877594,0.0027349465526640415
32,30,0.12354103475809097,0.12158156931400299,0.0019444985082373023,0.14964741468429565,0.10387760400772095
32,31,0.39622801542282104,0.39294150471687317,0.003257568459957838,0.2893409729003906,0.03367019072175026
32,32,0.7330672144889832,0.7113139033317566,0.021130692213773727,6.226156711578369,0.27471375465393066
32,33,0.6862417459487915,0.6787885427474976,0.007396434899419546,0.5674179196357727,0.0736314207315445
32,34,0.8524898886680603,0.8233345150947571,0.02838912606239319,7.662057876586914,0.34887000918388367
32,35,0.9086064696311951,0.8804720640182495,0.02701501175761223,11.193862915039062,0.10188782215118408
32,36,0.857377290725708,0.8500168323516846,0.007315047085285187,0.45446690917015076,0.07885266095399857
32,37,0.8027302622795105,0.7962735295295715,0.006417131517082453,0.39586007595062256,0.06497030705213547
32,38,0.6667219996452332,0.6537701487541199,0.012670492753386497,2.813324451446533,0.2119787186384201
32,39,1.0853781700134277,1.065455675125122,0.01954745501279831,3.7502264976501465,0.15124920010566711
32,40,0.047024812549352646,0.04672510176897049,0.0002701173070818186,0.295947402715683,0.01618574559688568
32,41,0.031370580196380615,0.03120531514286995,0.0001369703677482903,0.28293532133102417,0.006605183240026236
32,42,0.32364919781684875,0.32041341066360474,0.0031956408638507128,0.40140050649642944,0.04310530424118042
32,43,0.019624045118689537,0.01950422301888466,8.897769293980673e-05,0.3084288537502289,0.003147277282550931
32,44,0.9175444841384888,0.8914895057678223,0.025484532117843628,5.704298496246338,0.7795580625534058
32,45,0.18697884678840637,0.1856214851140976,0.0013429124373942614,0.14454029500484467,0.011726015247404575
32,46,0.464508980512619,0.45832082629203796,0.00613247649744153,0.5566436648368835,0.0698983371257782
32,47,0.023514267057180405,0.023375004529953003,0.00010762752208393067,0.31635940074920654,0.0034150814171880484
32,48,0.2288856953382492,0.2268534004688263,0.002012438839301467,0.19861789047718048,0.046281587332487106
32,49,0.19485501945018768,0.19310566782951355,0.0017270130338147283,0.2233656793832779,0.009410308673977852
32,50,0.8544119596481323,0.8340531587600708,0.01981985755264759,5.389618873596191,0.4716116189956665
32,51,0.8473815321922302,0.8406085968017578,0.006717553362250328,0.5538938045501709,0.09222230315208435
32,52,0.11970805376768112,0.11829620599746704,0.0014009212609380484,0.10928073525428772,0.07698462903499603
32,53,0.7103249430656433,0.7040156126022339,0.00626110564917326,0.4820099174976349,0.07303649187088013
32,54,0.0201928298920393,0.020077019929885864,8.533865911886096e-05,0.3047146797180176,0.0037625401746481657
32,55,0.8250664472579956,0.8185394406318665,0.006493607070297003,0.3340475559234619,0.08126747608184814
32,56,0.5645005106925964,0.5561854839324951,0.008197934366762638,1.17037832736969,0.2432461529970169
32,57,0.963003933429718,0.9419927597045898,0.020361170172691345,6.499872207641602,0.17271177470684052
32,58,0.3949394226074219,0.3914809226989746,0.0034333416260778904,0.25145816802978516,0.04006315395236015
32,59,0.6000959277153015,0.5910901427268982,0.008847861550748348,1.5793242454528809,0.22805534303188324
32,60,0.3255341947078705,0.3214985132217407,0.0039813583716750145,0.5433316230773926,0.05420234054327011
32,61,0.12831109762191772,0.1264289915561676,0.0018670642748475075,0.15039975941181183,0.10895924270153046
32,62,0.33012738823890686,0.32586362957954407,0.004199503920972347,0.6426224708557129,0.04888470470905304
32,63,0.838380753993988,0.8316121697425842,0.006736361887305975,0.3222770094871521,0.07221885025501251
32,64,0.8403520584106445,0.832677960395813,0.0076107243075966835,0.6334704160690308,0.10034216940402985
32,65,0.48351308703422546,0.4725978970527649,0.010635009035468102,2.801741600036621,0.037262361496686935
32,66,0.013000587932765484,0.012906262651085854,7.982476381585002e-05,0.1450025886297226,0.054587043821811676
32,67,0.9297919273376465,0.9199357032775879,0.009738804772496223,1.174312710762024,0.11910690367221832
32,68,0.42486298084259033,0.41921472549438477,0.005542072467505932,1.0617138147354126,0.048387475311756134
32,69,0.027316469699144363,0.027160247787833214,0.00012530347157735378,0.3091873228549957,0.007825253531336784
32,70,0.02058153785765171,0.020452823489904404,9.702799434307963e-05,0.3168470561504364,0.003738350234925747
32,71,0.3260006308555603,0.32262736558914185,0.003346388228237629,0.26866957545280457,0.016083113849163055
32,72,1.0070583820343018,0.9804112315177917,0.025818821042776108,8.283488273620605,0.20837223529815674
32,73,0.4296967685222626,0.42397797107696533,0.005668475292623043,0.5033124685287476,0.0653987005352974
32,74,1.1133373975753784,1.0913903713226318,0.021478284150362015,4.686910629272461,0.16746112704277039
32,75,0.07538919895887375,0.07487178593873978,0.0005091542843729258,0.08253414928913116,0.012952165678143501
32,76,0.40585777163505554,0.39990511536598206,0.00581003911793232,1.4259849786758423,0.056536152958869934
32,77,0.12830190360546112,0.1260095238685608,0.00227450137026608,0.1787583976984024,0.0973409116268158
32,78,0.42113715410232544,0.41319262981414795,0.007747655734419823,1.9685935974121094,0.05653941258788109
32,79,0.18497925996780396,0.18365535140037537,0.0013053780421614647,0.185404434800148,0.008639411069452763
32,80,0.8262778520584106,0.8192825317382812,0.006940620951354504,0.5473344326019287,0.08902180194854736
32,81,0.4124683141708374,0.40627914667129517,0.006049690768122673,1.3948832750320435,0.04241997003555298
32,82,0.4248395562171936,0.4210972487926483,0.003713828744366765,0.2849169373512268,0.030769042670726776
32,83,0.29678580164909363,0.2938522398471832,0.002891188720241189,0.42382559180259705,0.031677648425102234
32,84,0.8921233415603638,0.8847929239273071,0.0072866156697273254,0.43795642256736755,0.07538949698209763
32,85,0.345660001039505,0.34256845712661743,0.0030647078529000282,0.2681410312652588,0.013543996959924698
32,86,0.30491602420806885,0.30177977681159973,0.003091256134212017,0.45015957951545715,0.047744471579790115
32,87,0.8292070627212524,0.8219848871231079,0.007165960036218166,0.5618507862091064,0.11555453389883041
32,88,0.02699914202094078,0.02685866877436638,0.00010632989869918674,0.3414355516433716,0.002822437323629856
32,89,0.9119090437889099,0.8856152892112732,0.025329962372779846,9.638176918029785,0.12949690222740173
32,90,0.4342397451400757,0.4276713728904724,0.00643565971404314,1.327208399772644,0.04555666074156761
32,91,0.3981465995311737,0.39226531982421875,0.005741157568991184,1.4013031721115112,0.0499001182615757
32,92,0.9385367035865784,0.9174451231956482,0.020502816885709763,5.88751220703125,0.14404639601707458
32,93,0.7903892397880554,0.7722326517105103,0.017799921333789825,3.566804885864258,0.2943093776702881
32,94,0.01342222560197115,0.0133578572422266,3.670839942060411e-05,0.276600182056427,0.0024200831539928913
32,95,0.01207653433084488,0.011981609277427197,8.078980317804962e-05,0.14135852456092834,0.06355734169483185
32,96,0.015226359479129314,0.015133918263018131,6.324243440758437e-05,0.29198476672172546,0.0023492537438869476
32,97,0.4374331831932068,0.4321655035018921,0.005226645618677139,0.4104667901992798,0.060277219861745834
32,98,0.9282515048980713,0.905867338180542,0.021656980738043785,7.271487712860107,0.1464242935180664
32,99,0.42513132095336914,0.4211122989654541,0.0039773182943463326,0.4168044328689575,0.04231184720993042
32,100,0.8578234910964966,0.8485482931137085,0.009198104962706566,0.7706129550933838,0.14084485173225403
33,1,0.8555836081504822,0.8312973976135254,0.023722577840089798,5.636113166809082,0.3880930542945862
33,2,0.42124542593955994,0.4146474003791809,0.0064450828358531,1.5294057130813599,0.05198575556278229
33,3,1.1301722526550293,1.1052331924438477,0.0243648961186409,5.7417097091674805,0.16902711987495422
33,4,0.4145980775356293,0.41126513481140137,0.0033043776638805866,0.2854458689689636,0.029886871576309204
33,5,0.7048197984695435,0.6888340711593628,0.015644509345293045,3.4124834537506104,0.0927451029419899
33,6,0.9421858787536621,0.9190562963485718,0.022614091634750366,5.15446138381958,0.5663063526153564
33,7,0.042820192873477936,0.04246057569980621,0.0003251629532314837,0.3445518910884857,0.018056116998195648
33,8,0.8780328631401062,0.867817759513855,0.010114920325577259,1.002111554145813,0.16398589313030243
33,9,0.42218154668807983,0.41686075925827026,0.0052756513468921185,0.4514254927635193,0.0525578036904335
33,10,0.9044559001922607,0.8783513903617859,0.025014910846948624,10.895819664001465,0.12859249114990234
33,11,0.3079368770122528,0.3052358031272888,0.0026875168550759554,0.13569198548793793,0.011150805279612541
33,12,0.05295895040035248,0.05259449779987335,0.00032831623684614897,0.3613604009151459,0.021864766255021095
33,13,0.8523421287536621,0.8309445381164551,0.020823471248149872,5.740952491760254,0.5454093217849731
33,14,0.45143574476242065,0.44461339712142944,0.00667295278981328,1.4940965175628662,0.03751743957400322
33,15,0.3162163496017456,0.31333160400390625,0.00284580048173666,0.3893716335296631,0.03873513638973236
33,16,1.193076252937317,1.1689722537994385,0.02360290102660656,5.011601448059082,0.1308869868516922
33,17,0.19845320284366608,0.1971164345741272,0.0013226327719166875,0.1413450986146927,0.009249494411051273
33,18,0.419731467962265,0.4131559729576111,0.0064236195757985115,1.5186840295791626,0.05035313218832016
33,19,0.35955703258514404,0.35681453347206116,0.002733070868998766,0.09431108087301254,0.022512152791023254
33,20,0.025619100779294968,0.02545546367764473,0.0001297186827287078,0.33917927742004395,0.006932927295565605
33,21,0.02003764919936657,0.019905436784029007,9.769749158294871e-05,0.3451487421989441,0.0032471688464283943
33,22,0.044498834758996964,0.04409363865852356,0.0003678843495436013,0.3731169104576111,0.021757319569587708
33,23,0.6827689409255981,0.6741814613342285,0.008524538949131966,0.6293588280677795,0.0994226485490799
33,24,1.123342514038086,1.0965943336486816,0.026171457022428513,5.767077922821045,0.2026788890361786
33,25,0.12688511610031128,0.12457185983657837,0.0022956544999033213,0.1759406328201294,0.09225476533174515
33,26,0.04642075300216675,0.046007659286260605,0.00037669268203899264,0.3639954924583435,0.01965944468975067
33,27,0.11670737713575363,0.11532460153102875,0.001372294849716127,0.1047997996211052,0.029536262154579163
33,28,0.042378030717372894,0.04207640886306763,0.00026629859348759055,0.35321658849716187,0.01644107699394226
33,29,0.4351646900177002,0.42919057607650757,0.005799250677227974,1.748542308807373,0.04400983452796936
33,30,0.20301222801208496,0.20122967660427094,0.0017609541537240148,0.2158958464860916,0.010604430921375751
33,31,0.0460209995508194,0.045678574591875076,0.00030611944384872913,0.3630734086036682,0.0187591090798378
33,32,0.959632396697998,0.9400689601898193,0.01883615180850029,7.273202896118164,0.07136356830596924
33,33,0.835832417011261,0.8307915925979614,0.005012224428355694,0.2858777344226837,0.0740012675523758
33,34,0.02837309241294861,0.028287623077630997,6.96440038154833e-05,0.15824155509471893,0.045501578599214554
33,35,0.6014161109924316,0.5914292335510254,0.009777851402759552,2.0903353691101074,0.23458892107009888
33,36,1.1173267364501953,1.0891029834747314,0.027341384440660477,8.823502540588379,0.17995679378509521
33,37,0.6810091137886047,0.6734798550605774,0.007473514415323734,0.5570375919342041,0.09847314655780792
33,38,0.3818652927875519,0.37802809476852417,0.0038207764737308025,0.1641971319913864,0.03890594094991684
33,39,0.4341255724430084,0.42843255400657654,0.0056369248777627945,0.5607447624206543,0.05807129293680191
33,40,0.33928748965263367,0.3349597156047821,0.00429018959403038,0.3757011294364929,0.02495810016989708
33,41,0.3986046612262726,0.39408841729164124,0.004486327990889549,0.2993355691432953,0.049140289425849915
33,42,0.05165522173047066,0.05123557150363922,0.0003779994440265,0.4165171980857849,0.02226734161376953
33,43,0.875278651714325,0.8380624651908875,0.036326825618743896,8.89372730255127,0.47775793075561523
33,44,0.1256333291530609,0.12341788411140442,0.002192537300288677,0.2290525585412979,0.10503656417131424
33,45,0.7154576778411865,0.7066267132759094,0.008751129731535912,0.7983300685882568,0.07891948521137238
33,46,0.8295714259147644,0.808557391166687,0.020579498261213303,4.344899654388428,0.37663355469703674
33,47,0.23211407661437988,0.2304428219795227,0.0016583639662712812,0.1289180964231491,0.021854586899280548
33,48,0.6686724424362183,0.6511567234992981,0.017122745513916016,3.9295248985290527,0.17642974853515625
33,49,0.42855972051620483,0.42221885919570923,0.006293585989624262,0.47254157066345215,0.03753030300140381
33,50,0.8548628687858582,0.8388495445251465,0.015590045601129532,4.232602596282959,0.10654440522193909
33,51,0.8841046094894409,0.8740982413291931,0.009905261918902397,1.0108790397644043,0.1155727207660675
33,52,0.3521372675895691,0.34807929396629333,0.004025301896035671,0.32675498723983765,0.017805570736527443
33,53,0.8113458156585693,0.7963422536849976,0.014707564376294613,2.9599668979644775,0.5531965494155884
33,54,1.115838885307312,1.0948445796966553,0.020500540733337402,4.937333583831787,0.168501615524292
33,55,1.0218040943145752,0.9966572523117065,0.02446950599551201,6.773427486419678,0.21798086166381836
33,56,0.013576517812907696,0.01350569911301136,5.7869270676746964e-05,0.12949492037296295,0.04392227530479431
33,57,0.40693143010139465,0.40235596895217896,0.0044950321316719055,0.8044571876525879,0.044116292148828506
33,58,0.012301206588745117,0.012239417061209679,4.8805202823132277e-05,0.12984472513198853,0.04441835358738899
33,59,0.232524111866951,0.23085536062717438,0.001654737163335085,0.1401359587907791,0.0399421751499176
33,60,0.32774943113327026,0.3244856595993042,0.003217110875993967,0.46675607562065125,0.04235226660966873
33,61,1.061495065689087,1.0279476642608643,0.03231301158666611,12.344103813171387,0.23030023276805878
33,62,0.401420533657074,0.39702552556991577,0.004338935483247042,0.5606212019920349,0.0361788347363472
33,63,0.01936952956020832,0.019268536940217018,7.255036325659603e-05,0.2844313979148865,0.0034138192422688007
33,64,1.0562714338302612,1.024031162261963,0.031083133071660995,11.571295738220215,0.23270006477832794
33,65,0.6838418245315552,0.6765806674957275,0.007193686440587044,0.6745181679725647,0.11087934672832489
33,66,0.028677085414528847,0.02852826938033104,0.00011866226850543171,0.3015406131744385,0.007050089538097382
33,67,0.4113738238811493,0.40735965967178345,0.003964805975556374,0.4936310052871704,0.03180284798145294
33,68,0.12654803693294525,0.1256323903799057,0.0009098548907786608,0.05799752101302147,0.0410863533616066
33,69,0.5947481989860535,0.5838446021080017,0.010702713392674923,2.008666515350342,0.2248425930738449
33,70,0.13230803608894348,0.1305534541606903,0.0017379162600263953,0.16652067005634308,0.08414358645677567
33,71,0.6652289032936096,0.6513125896453857,0.013600826263427734,3.154778480529785,0.21156466007232666
33,72,0.8816207647323608,0.872272253036499,0.009268112480640411,0.804345428943634,0.10894149541854858
33,73,0.4116596579551697,0.4053426682949066,0.006161870434880257,1.551182508468628,0.042918190360069275
33,74,0.8131495118141174,0.7918367385864258,0.020778492093086243,5.342747211456299,0.431844025850296
33,75,0.43972307443618774,0.43054327368736267,0.008906207978725433,2.7359507083892822,0.05791343003511429
33,76,0.01719728298485279,0.017160791903734207,6.137869604572188e-06,0.3035355508327484,0.0012958680745214224
33,77,0.009055296890437603,0.009018372744321823,5.09367418999318e-06,0.31830668449401855,0.0012669978896155953
33,78,0.3397273123264313,0.3348783552646637,0.004804030526429415,0.448973149061203,0.02221064269542694
33,79,0.9567555785179138,0.9224821329116821,0.032814837992191315,14.585891723632812,0.1424175202846527
33,80,0.4077757000923157,0.4023616909980774,0.005312698893249035,1.0129187107086182,0.04880344122648239
33,81,0.4083447754383087,0.4040168225765228,0.004279538989067078,0.4842807650566101,0.04350390285253525
33,82,0.17915156483650208,0.17787152528762817,0.0012675117468461394,0.1252446323633194,0.012543381191790104
33,83,0.4189642071723938,0.4137650728225708,0.00515848770737648,0.4064178466796875,0.04938305541872978
33,84,0.042225465178489685,0.04175965115427971,0.0004279185086488724,0.37894487380981445,0.026017270982265472
33,85,0.859422504901886,0.8520476818084717,0.007329532876610756,0.4528581500053406,0.07139109075069427
33,86,0.026668710634112358,0.02650400623679161,0.00013332493836060166,0.3137964904308319,0.008717065677046776
33,87,0.23571552336215973,0.23423388600349426,0.0014583475422114134,0.23289743065834045,0.01042418833822012
33,88,0.6922174096107483,0.6852416396141052,0.006910131778568029,0.656002938747406,0.07380374521017075
33,89,0.379691481590271,0.37705758213996887,0.0026225149631500244,0.11397968232631683,0.02374868467450142
33,90,0.7135140895843506,0.7066487669944763,0.006809241138398647,0.5611263513565063,0.07970353960990906
33,91,0.35505375266075134,0.35039252042770386,0.0045640175230801105,0.9722937941551208,0.05293721705675125
33,92,1.0845156908035278,1.0670527219772339,0.017087940126657486,3.749833583831787,0.11523525416851044
33,93,0.8970670104026794,0.8855090141296387,0.011408842168748379,1.4913723468780518,0.10093693435192108
33,94,0.4516826868057251,0.4442592263221741,0.0073601542972028255,0.6330845355987549,0.07365752756595612
33,95,0.3293952941894531,0.3255336880683899,0.003830907167866826,0.30685126781463623,0.01850712299346924
33,96,1.1523271799087524,1.1283352375030518,0.023464718833565712,5.272504806518555,0.16660255193710327
33,97,0.45827603340148926,0.45085203647613525,0.0073641324415802956,0.5988508462905884,0.07817219197750092
33,98,0.8259273767471313,0.8026044368743896,0.022787420079112053,5.355700492858887,0.45523905754089355
33,99,0.12992243468761444,0.12885181605815887,0.0010654123034328222,0.05205943062901497,0.06029368191957474
33,100,0.8683013916015625,0.8509836196899414,0.016908971592783928,4.088521480560303,0.10087640583515167
34,1,0.4079586863517761,0.4015139937400818,0.006306993775069714,1.3768774271011353,0.048123881220817566
34,2,0.261606365442276,0.25900182127952576,0.002576136961579323,0.2840374708175659,0.04926717281341553
34,3,0.4211559295654297,0.41432318091392517,0.006652567535638809,1.8017935752868652,0.040510840713977814
34,4,0.18920652568340302,0.18811962008476257,0.0010747911874204874,0.12117128819227219,0.00649548415094614
34,5,0.27521219849586487,0.2702193260192871,0.004853721242398024,1.3914402723312378,0.02261117845773697
34,6,0.40745091438293457,0.4020521938800812,0.005262494552880526,1.3621286153793335,0.031324438750743866
34,7,0.40064918994903564,0.3975946307182312,0.0030233843717724085,0.3116823434829712,0.0226898193359375
34,8,0.028509560972452164,0.0284037496894598,0.0001020609270199202,0.03749092295765877,0.009239975363016129
34,9,0.42773205041885376,0.4213874340057373,0.006198020651936531,1.4658591747283936,0.03483111411333084
34,10,0.6975740194320679,0.6915447115898132,0.005980821326375008,0.4847448170185089,0.07443910837173462
34,11,0.43144690990448,0.42772629857063293,0.0036878162063658237,0.32777634263038635,0.043590255081653595
34,12,0.02318793162703514,0.023074127733707428,9.617813338991255e-05,0.17626605927944183,0.1112506091594696
34,13,0.43280425667762756,0.42866194248199463,0.004107432905584574,0.3487645387649536,0.04073978215456009
34,14,0.13364146649837494,0.1317511945962906,0.001873192610219121,0.1707635521888733,0.12621468305587769
34,15,0.8399396538734436,0.8254728317260742,0.014045004732906818,4.218139171600342,0.4320809245109558
34,16,0.4708019196987152,0.46365243196487427,0.007017359137535095,1.3211580514907837,0.05501614511013031
34,17,0.9259173274040222,0.9057869911193848,0.019471341744065285,6.5897626876831055,0.11941937357187271
34,18,0.12433072179555893,0.1232665553689003,0.0010588739532977343,0.05292586609721184,0.0501866340637207
34,19,0.019398801028728485,0.019198037683963776,0.0002005176938837394,0.0024656823370605707,0.005564440041780472
34,20,0.41780760884284973,0.4134172797203064,0.00433189794421196,0.5843538045883179,0.04290962964296341
34,21,0.9135991930961609,0.901978075504303,0.011457160115242004,1.639452576637268,0.13228583335876465
34,22,0.011226646602153778,0.011158283799886703,5.471678014146164e-05,0.13645461201667786,0.05214314162731171
34,23,0.183136448264122,0.1818222999572754,0.0013025749940425158,0.11571501195430756,0.010910656303167343
34,24,0.04385945945978165,0.043490272015333176,0.00033908389741554856,0.3010229170322418,0.018577374517917633
34,25,0.3460264801979065,0.34222275018692017,0.0037713719066232443,0.3235204815864563,0.0192408487200737
34,26,0.3403152525424957,0.336581289768219,0.003704211674630642,0.29749372601509094,0.019232168793678284
34,27,0.026035020127892494,0.02594420127570629,6.534841668326408e-05,0.2547060549259186,0.0034379959106445312
34,28,0.7365038394927979,0.7273854613304138,0.00905167032033205,0.6670365333557129,0.08446866273880005
34,29,1.1622984409332275,1.1404136419296265,0.021412964910268784,4.718899726867676,0.14694014191627502
34,30,0.9548605680465698,0.9263078570365906,0.027420084923505783,11.325784683227539,0.14393407106399536
34,31,0.5924403667449951,0.5792456865310669,0.01297965832054615,2.150188446044922,0.194391131401062
34,32,1.0366357564926147,1.001624584197998,0.033666856586933136,13.442818641662598,0.1352418065071106
34,33,0.042928021401166916,0.042624980211257935,0.0002738281909842044,0.29213598370552063,0.01801471784710884
34,34,0.7600902318954468,0.7505573630332947,0.009429994970560074,1.0289442539215088,0.10362356156110764
34,35,0.019476164132356644,0.019373949617147446,7.377732254099101e-05,0.28437212109565735,0.0031039142049849033
34,36,0.4199051856994629,0.41249558329582214,0.007198772393167019,2.108070135116577,0.055742472410202026
34,37,0.4238845407962799,0.4165518879890442,0.007096773013472557,2.3589565753936768,0.06023992598056793
34,38,1.1254453659057617,1.1035547256469727,0.02142661064863205,4.640907287597656,0.16228407621383667
34,39,0.3444323241710663,0.3409937918186188,0.0034146583639085293,0.23870868980884552,0.02108849212527275
34,40,0.8529419898986816,0.8441585898399353,0.00873243436217308,0.5093710422515869,0.09960334748029709
34,41,0.016018467023968697,0.015926526859402657,6.503159238491207e-05,0.26906973123550415,0.002896979684010148
34,42,0.8594605326652527,0.8397248983383179,0.01929740235209465,4.382017135620117,0.584470272064209
34,43,0.9811720252037048,0.9606567621231079,0.01996580883860588,5.494623184204102,0.14527678489685059
34,44,0.3388197124004364,0.33569642901420593,0.0030944827012717724,0.28793269395828247,0.01686195097863674
34,45,0.23594874143600464,0.23421013355255127,0.00172754330560565,0.11065860092639923,0.04679817333817482
34,46,0.4156915247440338,0.41027992963790894,0.0052747102454304695,1.3689367771148682,0.045600466430187225
34,47,0.23314432799816132,0.2315262109041214,0.0016058564651757479,0.12268152832984924,0.0467539057135582
34,48,0.8436412811279297,0.8217283487319946,0.021355152130126953,5.577513694763184,0.29986751079559326
34,49,0.02233998291194439,0.022272583097219467,5.251221591606736e-05,0.1488809734582901,0.07963806390762329
34,50,0.9881152510643005,0.9656845331192017,0.021870847791433334,5.598785400390625,0.1695958822965622
34,51,0.4494952857494354,0.4434676766395569,0.005957353860139847,0.702519953250885,0.06877037137746811
34,52,0.04635145887732506,0.04587939381599426,0.0004357344005256891,0.36327189207077026,0.02542581781744957
34,53,0.41232219338417053,0.4063584804534912,0.005790541879832745,1.7319283485412598,0.057436756789684296
34,54,0.8890063166618347,0.8590524196624756,0.029075292870402336,8.786272048950195,0.6957834959030151
34,55,0.689853847026825,0.6818879842758179,0.007889648899435997,0.7622565627098083,0.087381511926651
34,56,0.5905025005340576,0.5796322822570801,0.010697005316615105,1.7319010496139526,0.2005423605442047
34,57,0.4254888594150543,0.4207756519317627,0.004613922908902168,0.9926556944847107,0.032093822956085205
34,58,0.4333447515964508,0.42619428038597107,0.006966845132410526,1.8360567092895508,0.027937915176153183
34,59,0.029034461826086044,0.028885742649435997,0.00011839139915537089,0.30327972769737244,0.006307472474873066
34,60,0.02300461009144783,0.02289547026157379,7.817372534191236e-05,0.3096621334552765,0.0030366526916623116
34,61,0.9786130785942078,0.9622776508331299,0.015886712819337845,4.4872002601623535,0.09088484942913055
34,62,1.150370717048645,1.132773518562317,0.01713414490222931,4.630369663238525,0.08632926642894745
34,63,0.345097154378891,0.3424108624458313,0.0026724233757704496,0.13853749632835388,0.024952346459031105
34,64,0.4192342460155487,0.4142536520957947,0.004920087289065123,0.6049593091011047,0.04084237664937973
34,65,0.5099761486053467,0.4972805380821228,0.012380235828459263,3.153722047805786,0.06992709636688232
34,66,0.35435786843299866,0.34892261028289795,0.005381851457059383,0.533997118473053,0.03309625759720802
34,67,0.9530930519104004,0.9379597306251526,0.015029845759272575,1.0348867177963257,0.1903315782546997
34,68,0.625095784664154,0.6095443964004517,0.01528434082865715,2.6705029010772705,0.330416738986969
34,69,0.20298202335834503,0.2008584439754486,0.0021001948043704033,0.23380021750926971,0.018195953220129013
34,70,0.8824440240859985,0.8718428015708923,0.01048852875828743,1.1269807815551758,0.13686665892601013
34,71,0.38533514738082886,0.3829163610935211,0.0024082656018435955,0.10534943640232086,0.023644931614398956
34,72,0.45218729972839355,0.44717472791671753,0.004964911378920078,0.47656503319740295,0.030489865690469742
34,73,0.7189961671829224,0.7141947746276855,0.00476173497736454,0.3964686095714569,0.04371229559183121
34,74,0.22002607583999634,0.21873384714126587,0.0012834895169362426,0.08728687465190887,0.028635703027248383
34,75,0.4318242073059082,0.4286002814769745,0.003150421194732189,0.7350447773933411,0.019686654210090637
34,76,0.23970820009708405,0.23834693431854248,0.0013506195973604918,0.10637442767620087,0.030516665428876877
34,77,0.13905929028987885,0.1379496157169342,0.0011010540183633566,0.08633361756801605,0.04755253344774246
34,78,0.3553258180618286,0.35324549674987793,0.002060003811493516,0.20337948203086853,0.009910732507705688
34,79,0.01190916821360588,0.011834385804831982,6.137158925412223e-05,0.13410960137844086,0.05068809166550636
34,80,0.8416897654533386,0.8353310227394104,0.006304081063717604,0.5465602278709412,0.09075336158275604
34,81,0.3285362422466278,0.3252980709075928,0.003198156598955393,0.40038204193115234,0.06509564816951752
34,82,0.9155200719833374,0.8983447551727295,0.016693364828824997,4.819552421569824,0.4051200747489929
34,83,0.42229098081588745,0.4181017279624939,0.004149758256971836,0.39487335085868835,0.060667503625154495
34,84,0.3881516754627228,0.384500652551651,0.003624326316639781,0.2668924331665039,0.05780430883169174
34,85,0.5154389142990112,0.5078431963920593,0.007480514235794544,1.1520936489105225,0.10960158705711365
34,86,0.37687331438064575,0.37357521057128906,0.0032761411275714636,0.21971139311790466,0.039266690611839294
34,87,1.1136999130249023,1.0887200832366943,0.024445366114377975,5.344415664672852,0.17482787370681763
34,88,0.02184227481484413,0.021748153492808342,6.312852201517671e-05,0.30992773175239563,0.0026375106535851955
34,89,0.8241671919822693,0.8177189826965332,0.006396854296326637,0.5139110684394836,0.10013465583324432
34,90,0.947303831577301,0.9244238138198853,0.022092077881097794,7.879223346710205,0.12257593125104904
34,91,0.012702703475952148,0.01262962631881237,5.9592122852336615e-05,0.1348424106836319,0.056942328810691833
34,92,0.8654232621192932,0.8596165180206299,0.005770920310169458,0.35802894830703735,0.058056071400642395
34,93,0.8933419585227966,0.886482834815979,0.006800821982324123,0.5827523469924927,0.0915626585483551
34,94,0.12866607308387756,0.12782374024391174,0.0008380538201890886,0.042740143835544586,0.038660455495119095
34,95,0.012412196956574917,0.012348873540759087,5.077041350887157e-05,0.12553031742572784,0.04554278403520584
34,96,0.860438883304596,0.8434557914733887,0.01664339378476143,3.3965725898742676,0.3941391706466675
34,97,0.6202673316001892,0.6064669489860535,0.013527218252420425,2.731844425201416,0.2116583287715912
34,98,0.6389552354812622,0.624783992767334,0.013905175030231476,2.6606087684631348,0.25759297609329224
34,99,0.32995203137397766,0.3266628086566925,0.0032358653843402863,0.5335175395011902,0.05017343908548355
34,100,0.8482793569564819,0.837281346321106,0.01090525183826685,0.9276111125946045,0.16831333935260773
35,1,0.013894236646592617,0.01382523961365223,5.4971322242636234e-05,0.14025373756885529,0.0797538310289383
35,2,0.3865186274051666,0.3838629126548767,0.0026387395337224007,0.1697637289762497,0.039168331772089005
35,3,0.9433400630950928,0.9153815507888794,0.02718367613852024,7.748807430267334,0.20963874459266663
35,4,0.6335909962654114,0.6166257262229919,0.016603983938694,3.6124203205108643,0.2831631898880005
35,5,0.021757617592811584,0.021656975150108337,7.376231951639056e-05,0.26879608631134033,0.003195755183696747
35,6,0.4256190061569214,0.4213314652442932,0.004208708181977272,0.788303792476654,0.05066106468439102
35,7,0.4439442753791809,0.4374491274356842,0.0063453600741922855,1.4978841543197632,0.04677492380142212
35,8,0.12263889610767365,0.12142568826675415,0.0012039977591484785,0.09210027009248734,0.06314472109079361
35,9,0.01517194788902998,0.015092210844159126,6.71867310302332e-05,0.12550120055675507,0.034939251840114594
35,10,0.46672698855400085,0.4620095193386078,0.004676172975450754,0.41291138529777527,0.048627905547618866
35,11,0.3580852448940277,0.35526755452156067,0.0027913646772503853,0.2632978558540344,0.017951782792806625
35,12,0.9287667870521545,0.9099381566047668,0.018203694373369217,6.2498393058776855,0.10580316185951233
35,13,0.02190198190510273,0.021833941340446472,4.31827393185813e-05,0.2485623061656952,0.0028476868756115437
35,14,0.8550811409950256,0.8379420638084412,0.01680127903819084,3.3779566287994385,0.2979246973991394
35,15,0.34107542037963867,0.33760011196136475,0.003450001822784543,0.2528826594352722,0.021339938044548035
35,16,0.37855401635169983,0.37561485171318054,0.0029243966564536095,0.1479162871837616,0.033114150166511536
35,17,0.9108139872550964,0.8884111046791077,0.02171207219362259,6.908456802368164,0.17307448387145996
35,18,0.8783579468727112,0.8587026596069336,0.019227856770157814,4.27417516708374,0.8355579376220703
35,19,0.33075612783432007,0.32710206508636475,0.003628998529165983,0.25070878863334656,0.02145357057452202
35,20,1.117821216583252,1.0944855213165283,0.02278156578540802,5.540600776672363,0.18368090689182281
35,21,1.141493797302246,1.114949107170105,0.02593676745891571,6.080010890960693,0.16379743814468384
35,22,0.017448434606194496,0.01736878976225853,6.335614307317883e-05,0.16288842260837555,0.09063293039798737
35,23,0.9369697570800781,0.9264938235282898,0.010359043255448341,1.1687897443771362,0.1313612461090088
35,24,0.12790068984031677,0.12621858716011047,0.0016691356431692839,0.1296960860490799,0.09403381496667862
35,25,0.8088572025299072,0.794424295425415,0.014153491705656052,2.794006586074829,0.36262333393096924
35,26,0.123043954372406,0.12141185998916626,0.0016191478352993727,0.1294558197259903,0.08357419073581696
35,27,1.1571310758590698,1.1316782236099243,0.024892941117286682,5.598808765411377,0.10578413307666779
35,28,0.1285417377948761,0.12762251496315002,0.0009145889198407531,0.046416833996772766,0.04277299344539642
35,29,0.930054783821106,0.9204878807067871,0.009474561549723148,0.9231072068214417,0.07622063159942627
35,30,0.4156147837638855,0.410395085811615,0.005115095525979996,1.0461103916168213,0.035130344331264496
35,31,0.05311854928731918,0.05278073996305466,0.00030227407114580274,0.3553636074066162,0.021717321127653122
35,32,0.9115259051322937,0.9006087183952332,0.010785923339426517,1.3123304843902588,0.12691432237625122
35,33,0.11262575536966324,0.11197920143604279,0.0006448699277825654,0.016835888847708702,0.018249597400426865
35,34,0.2540293037891388,0.24927620589733124,0.004653238691389561,0.9986041188240051,0.022910062223672867
35,35,0.8943091034889221,0.8743182420730591,0.019460827112197876,5.300407886505127,0.11862592399120331
35,36,0.4633048176765442,0.4551578760147095,0.008067741990089417,0.7920016646385193,0.07621027529239655
35,37,0.5693899393081665,0.5517867207527161,0.017050325870513916,5.528756141662598,0.11256889253854752
35,38,0.9358524680137634,0.9259037971496582,0.009853392839431763,0.9533566236495972,0.10710839927196503
35,39,0.7215880155563354,0.7151266932487488,0.006405110936611891,0.5622112154960632,0.08512505888938904
35,40,0.4020760953426361,0.39802634716033936,0.003994653932750225,0.5511041879653931,0.03435423597693443
35,41,0.028226980939507484,0.028079956769943237,0.00011238046863581985,0.34644073247909546,0.00305787636898458
35,42,0.9804961681365967,0.9568477869033813,0.02299095131456852,6.574250221252441,0.1354580819606781
35,43,0.23058679699897766,0.22849950194358826,0.0020672259852290154,0.20064856112003326,0.04647820442914963
35,44,0.9512229561805725,0.9425045251846313,0.008646398782730103,0.7205114364624023,0.07694563269615173
35,45,0.8695633411407471,0.8625092506408691,0.006994152441620827,0.5996894836425781,0.0872071161866188
35,46,0.7386507391929626,0.7242545485496521,0.014075095765292645,3.210876703262329,0.22030755877494812
35,47,0.845264196395874,0.8244434595108032,0.02031637728214264,5.043820858001709,0.30593058466911316
35,48,0.011105702258646488,0.011035525240004063,5.5456432164646685e-05,0.14720642566680908,0.05870392918586731
35,49,0.2273099422454834,0.22542648017406464,0.001865964848548174,0.17498162388801575,0.052635036408901215
35,50,0.9872141480445862,0.9562104940414429,0.029861517250537872,11.421455383300781,0.15368258953094482
35,51,0.8475377559661865,0.8386311531066895,0.008826276287436485,0.8034573793411255,0.15406303107738495
35,52,0.04614407196640968,0.0457465723156929,0.0003606659884098917,0.36833420395851135,0.022415366023778915
35,53,0.028305524960160255,0.02811315283179283,0.00015913792594801635,0.33232560753822327,0.006645002402365208
35,54,0.3790206015110016,0.37627965211868286,0.0027267923578619957,0.14148761332035065,0.026056189090013504
35,55,0.8277153372764587,0.818981945514679,0.008661027997732162,0.7235656976699829,0.12382101267576218
35,56,0.8324251770973206,0.8250802755355835,0.007303103804588318,0.4180547297000885,0.11153525114059448
35,57,0.044008586555719376,0.043699800968170166,0.000277240586001426,0.3154623806476593,0.017844777554273605
35,58,0.37746381759643555,0.37520915269851685,0.0022441595792770386,0.10485847294330597,0.017095375806093216
35,59,0.791480302810669,0.7636286616325378,0.02723923698067665,6.123944282531738,0.3681875765323639
35,60,0.0300427433103323,0.029895223677158356,0.00011897824879270047,0.2854076027870178,0.007598361931741238
35,61,0.1875569075345993,0.1865883469581604,0.000958005606662482,0.1055462434887886,0.007433330174535513
35,62,0.7043820023536682,0.6976587772369385,0.006668221205472946,0.5500706434249878,0.07534441351890564
35,63,0.9930580854415894,0.9566497802734375,0.035192616283893585,12.157126426696777,0.18232601881027222
35,64,0.4143885672092438,0.4089401364326477,0.005282927304506302,1.6547948122024536,0.044107068330049515
35,65,0.23183611035346985,0.22992008924484253,0.0018999064341187477,0.1610245406627655,0.044296540319919586
35,66,0.42567458748817444,0.4189576506614685,0.0064984578639268875,2.184814691543579,0.04904982075095177
35,67,0.3686878979206085,0.3660968840122223,0.0025694528594613075,0.21539810299873352,0.029163818806409836
35,68,0.11756506562232971,0.11668946593999863,0.0008713390561752021,0.0426347479224205,0.04471350088715553
35,69,0.07939881086349487,0.0788220465183258,0.0005728989490307868,0.03863706439733505,0.035588882863521576
35,70,0.0028719252441078424,0.002836597617715597,5.414244242274435e-06,0.2991349399089813,0.0011539144907146692
35,71,0.027393463999032974,0.027164533734321594,0.00019236758816987276,0.36561113595962524,0.00950782373547554
35,72,0.897163450717926,0.8871698379516602,0.009845546446740627,1.4803647994995117,0.10232801735401154
35,73,0.4170680046081543,0.41081055998802185,0.006131112575531006,1.2631980180740356,0.046508803963661194
35,74,0.018795805051922798,0.018668053671717644,9.2257687356323e-05,0.35494673252105713,0.0033443295396864414
35,75,1.032063364982605,1.0009132623672485,0.029912251979112625,12.378968238830566,0.15331706404685974
35,76,0.02780475653707981,0.02760150283575058,0.00016740152204874903,0.35851895809173584,0.00846068374812603
35,77,0.20659948885440826,0.2042909562587738,0.002272090408951044,0.3644702732563019,0.013764559291303158
35,78,0.12959301471710205,0.12854857742786407,0.0010364274494349957,0.08011045306921005,0.0496387705206871
35,79,0.3428468704223633,0.33969366550445557,0.0030973926186561584,0.5581990480422974,0.03934778645634651
35,80,0.010955662466585636,0.010889232158660889,5.058468377683312e-05,0.1584535539150238,0.052860014140605927
35,81,0.6356334686279297,0.6221205592155457,0.013253720477223396,2.591421604156494,0.249372661113739
35,82,1.1630841493606567,1.1401746273040771,0.02240164205431938,5.077881813049316,0.14873704314231873
35,83,0.8718320727348328,0.8630986213684082,0.0086456798017025,0.878070056438446,0.08193960785865784
35,84,0.026627948507666588,0.026473769918084145,0.0001225291343871504,0.31650781631469727,0.007856789045035839
35,85,0.9009016752243042,0.8766272068023682,0.023623935878276825,6.5051188468933105,0.642508864402771
35,86,0.9218223690986633,0.9095765352249146,0.012048767879605293,1.9705874919891357,0.1443445384502411
35,87,0.04805512726306915,0.04786182940006256,0.00019287026952952147,0.004268911201506853,0.00673476979136467
35,88,0.3997747600078583,0.39649516344070435,0.0032525041606277227,0.2708885073661804,0.03342769294977188
35,89,0.015299047343432903,0.015212303027510643,7.091916631907225e-05,0.15825219452381134,0.06583823263645172
35,90,0.4456024169921875,0.4362605810165405,0.009064585901796818,2.772582769393921,0.06399127840995789
35,91,0.3215160071849823,0.3171892464160919,0.004246335476636887,0.8045068383216858,0.0504496693611145
35,92,0.895829975605011,0.8703621625900269,0.02498854696750641,4.7926249504089355,0.36461636424064636
35,93,0.1951572746038437,0.1934509575366974,0.0016844625351950526,0.2186107337474823,0.011958478018641472
35,94,0.44731515645980835,0.4418482482433319,0.0054193707183003426,0.47536057233810425,0.05528847128152847
35,95,0.4136611223220825,0.4083806872367859,0.005159132182598114,1.2130444049835205,0.046579279005527496
35,96,0.41241133213043213,0.4088246822357178,0.0035538608208298683,0.3276788294315338,0.031484611332416534
35,97,0.3181912899017334,0.3149610459804535,0.003185092704370618,0.451599657535553,0.04313825070858002
35,98,0.34657052159309387,0.3435305058956146,0.003013631561771035,0.26388806104660034,0.01653362065553665
35,99,0.22260844707489014,0.22062639892101288,0.0019659483805298805,0.16093070805072784,0.05081988871097565
35,100,0.8646277189254761,0.8559293746948242,0.008611980825662613,0.8635657429695129,0.13542789220809937
36,1,0.4199039936065674,0.41505739092826843,0.004809124395251274,0.374807745218277,0.05498059093952179
36,2,0.4318176805973053,0.4275187849998474,0.004253067076206207,0.4584178328514099,0.03840750455856323
36,3,0.01957748644053936,0.01944907382130623,9.628621046431363e-05,0.32127076387405396,0.0035886436235159636
36,4,0.04368365556001663,0.04332490265369415,0.0003251386515330523,0.33614274859428406,0.02087637595832348
36,5,0.2239997237920761,0.22209182381629944,0.001892031286843121,0.15869762003421783,0.040732041001319885
36,6,0.012825865298509598,0.012744881212711334,6.701629172312096e-05,0.13967932760715485,0.044710226356983185
36,7,0.7108914852142334,0.7043807506561279,0.006456534843891859,0.5418354868888855,0.07043162733316422
36,8,0.0133746936917305,0.0132942795753479,6.66710693622008e-05,0.1374266892671585,0.041754335165023804
36,9,0.9389106631278992,0.9116529226303101,0.026164904236793518,10.928744316101074,0.10948093235492706
36,10,0.24379414319992065,0.24188725650310516,0.0018922793678939342,0.1460024118423462,0.03960603475570679
36,11,0.65022873878479,0.6366287469863892,0.013292105868458748,3.078559398651123,0.24126559495925903
36,12,0.02487153373658657,0.024722494184970856,0.00012010370119241998,0.28935787081718445,0.007071416825056076
36,13,0.23314304649829865,0.23138190805912018,0.0017463387921452522,0.14793312549591064,0.04057055711746216
36,14,0.4019906520843506,0.3995206654071808,0.0024507571943104267,0.1923215091228485,0.027857134118676186
36,15,0.378420889377594,0.37593328952789307,0.0024676555767655373,0.19949260354042053,0.02084014192223549
36,16,0.9097192883491516,0.9007878303527832,0.008839895948767662,0.9153070449829102,0.12457045912742615
36,17,0.38210809230804443,0.3795691728591919,0.0025163779500871897,0.22527402639389038,0.025983907282352448
36,18,0.9309718012809753,0.9105480909347534,0.01990826427936554,5.1544694900512695,0.1546633541584015
36,19,0.799841582775116,0.7761639356613159,0.023141514509916306,5.361298561096191,0.3852396607398987
36,20,0.030690960586071014,0.030518826097249985,0.00014150695642456412,0.3062818646430969,0.007319075521081686
36,21,0.43598586320877075,0.43089672923088074,0.0049685221165418625,1.2060617208480835,0.05518001317977905
36,22,0.021328402683138847,0.021195869892835617,0.0001010223786579445,0.3150974214076996,0.0036612069234251976
36,23,0.9361869692802429,0.9115793704986572,0.02371291071176529,8.94676399230957,0.14575490355491638
36,24,0.17743872106075287,0.17639361321926117,0.0010344469919800758,0.10661438852548599,0.009072162210941315
36,25,0.017417408525943756,0.017337296158075333,6.369117909343913e-05,0.16420891880989075,0.08200083673000336
36,26,0.6651692986488342,0.6525401473045349,0.012347877956926823,2.812533140182495,0.2789251208305359
36,27,0.4117858111858368,0.4060373306274414,0.005609627813100815,1.3885204792022705,0.05015946179628372
36,28,0.8451668620109558,0.8249788880348206,0.019750816747546196,4.371460437774658,0.3796984553337097
36,29,0.8126307725906372,0.795282244682312,0.016994934529066086,3.5355641841888428,0.5546153783798218
36,30,0.3785529136657715,0.37574779987335205,0.0027902245055884123,0.1490197330713272,0.021309858188033104
36,31,0.4049740433692932,0.39989423751831055,0.0050040255300700665,0.7579284906387329,0.028311189264059067
36,32,0.7576483488082886,0.7353031039237976,0.02192499488592148,4.202637672424316,0.33672937750816345
36,33,0.20718854665756226,0.204675555229187,0.002470379928126931,0.42613765597343445,0.011909975670278072
36,34,0.42643997073173523,0.41814494132995605,0.008013568818569183,2.814629077911377,0.04962468147277832
36,35,0.12351180613040924,0.12151816487312317,0.001977972686290741,0.15671995282173157,0.09917448461055756
36,36,0.4339340925216675,0.4281412959098816,0.0057410867884755135,0.5170643329620361,0.05622135102748871
36,37,0.8981018662452698,0.8774073123931885,0.02001059800386429,6.839632987976074,0.1071874126791954
36,38,0.677752673625946,0.6716828346252441,0.006010226905345917,0.5959000587463379,0.07697713375091553
36,39,0.02511846087872982,0.024975767359137535,0.00010825754725374281,0.34436336159706116,0.004219507798552513
36,40,0.06310909241437912,0.06266018748283386,0.00044361138134263456,0.052869126200675964,0.013920307159423828
36,41,0.9212930202484131,0.9004337787628174,0.020160773769021034,6.984699249267578,0.12341538816690445
36,42,0.1249556913971901,0.12397461384534836,0.0009756996296346188,0.05378047004342079,0.046165354549884796
36,43,0.8911609649658203,0.8836228847503662,0.007493243552744389,0.44839122891426086,0.09266975522041321
36,44,0.961991012096405,0.9387519955635071,0.022433968260884285,8.05049991607666,0.16287599503993988
36,45,0.8793685436248779,0.8720824122428894,0.007220619358122349,0.6550318002700806,0.13059629499912262
36,46,0.34399497509002686,0.3412037193775177,0.002772316802293062,0.18938063085079193,0.015370083972811699
36,47,0.4232465922832489,0.41815385222435,0.004999482072889805,0.932478666305542,0.06528621166944504
36,48,0.12701357901096344,0.12603335082530975,0.0009752722689881921,0.04965364187955856,0.044726818799972534
36,49,0.9048689603805542,0.8854581117630005,0.018881600350141525,5.292074680328369,0.5869341492652893
36,50,0.4377054274082184,0.4326050877571106,0.005012216046452522,0.8813521265983582,0.04078841209411621
36,51,0.3383817672729492,0.3351978659629822,0.0031565651297569275,0.27326706051826477,0.01434707548469305
36,52,0.9422760009765625,0.922942042350769,0.018899671733379364,4.3428802490234375,0.5446393489837646
36,53,1.073682188987732,1.0426799058914185,0.030047595500946045,9.547093391418457,0.18691346049308777
36,54,0.701659083366394,0.6944393515586853,0.007160204462707043,0.5953777432441711,0.08811681717634201
36,55,0.8720420598983765,0.852124810218811,0.01948133483529091,4.3586530685424805,0.5624745488166809
36,56,1.0983461141586304,1.0714428424835205,0.02633664384484291,5.666603088378906,0.17487402260303497
36,57,0.34278637170791626,0.33941778540611267,0.003330074716359377,0.3849756717681885,0.016902156174182892
36,58,0.34291791915893555,0.33801692724227905,0.00481572188436985,0.852582573890686,0.048056505620479584
36,59,0.3774164915084839,0.3743914067745209,0.003011183813214302,0.13885100185871124,0.02529532089829445
36,60,0.9842467904090881,0.9603954553604126,0.02320001646876335,6.5131683349609375,0.1385313868522644
36,61,0.019741637632250786,0.019589494913816452,0.00011594590614549816,0.3619738519191742,0.004012276418507099
36,62,0.1999516487121582,0.19825568795204163,0.0016722527798265219,0.237027108669281,0.011166664771735668
36,63,0.824763298034668,0.8180614113807678,0.006666244938969612,0.35623204708099365,0.06604889035224915
36,64,0.3200617730617523,0.316520631313324,0.003492184914648533,0.48963838815689087,0.03973300755023956
36,65,0.1285524219274521,0.12761491537094116,0.0009324186248704791,0.050772104412317276,0.040642425417900085
36,66,0.5752118825912476,0.5690501928329468,0.006102730520069599,0.5895189046859741,0.07782173156738281
36,67,0.12189172208309174,0.12031938880681992,0.0015597597230225801,0.12574514746665955,0.09268280863761902
36,68,0.1176537498831749,0.11659844219684601,0.0010501634096726775,0.05142701417207718,0.04174066707491875
36,69,0.8546138405799866,0.8457650542259216,0.008760213851928711,0.8859062790870667,0.09837763756513596
36,70,0.3379872441291809,0.3344752788543701,0.0034831841476261616,0.2880064845085144,0.019572768360376358
36,71,0.01395290158689022,0.013853423297405243,8.143851300701499e-05,0.1804009974002838,0.07269363105297089
36,72,0.046470023691654205,0.045989785343408585,0.0004382131446618587,0.4202609360218048,0.025271840393543243
36,73,0.7014633417129517,0.6934773921966553,0.007928469218313694,0.5747700929641724,0.09657266736030579
36,74,0.044693730771541595,0.04429927468299866,0.0003546854422893375,0.3976992070674896,0.025200622156262398
36,75,0.33964183926582336,0.33594536781311035,0.0036656823940575123,0.30788180232048035,0.023340076208114624
36,76,0.020419415086507797,0.02028520219027996,9.891928493743762e-05,0.3529396653175354,0.003978252410888672
36,77,1.1169228553771973,1.0972566604614258,0.01925039291381836,4.157531261444092,0.13432225584983826
36,78,0.39578670263290405,0.39262551069259644,0.0031318238470703363,0.2935884892940521,0.02953183278441429
36,79,0.01895466074347496,0.018828406929969788,9.274104377254844e-05,0.3351286053657532,0.0037380955182015896
36,80,0.3209954798221588,0.3174103796482086,0.0035305318888276815,0.5457245111465454,0.04376130551099777
36,81,0.8378068804740906,0.8136225938796997,0.023565683513879776,6.185559272766113,0.39421385526657104
36,82,0.936150074005127,0.9104758501052856,0.025074828416109085,5.993882179260254,0.5767925977706909
36,83,0.4284411370754242,0.42260435223579407,0.005783816799521446,0.5296869874000549,0.06428302824497223
36,84,0.9322599172592163,0.905472993850708,0.025847524404525757,9.393670082092285,0.11914478242397308
36,85,0.4148343503475189,0.4090140759944916,0.005672731436789036,1.4754173755645752,0.050863973796367645
36,86,0.3834725320339203,0.3807569146156311,0.0026955087669193745,0.20119225978851318,0.02755124866962433
36,87,0.00966598466038704,0.009632639586925507,3.330580148031004e-05,0.0003896489506587386,0.0008939985418692231
36,88,0.3396156132221222,0.33472344279289246,0.004779371432960033,1.1278728246688843,0.0356111153960228
36,89,0.4259807765483856,0.4200728237628937,0.005711860954761505,1.9609531164169312,0.03673180937767029
36,90,0.9262438416481018,0.9070364236831665,0.018488962203264236,7.184447288513184,0.07854892313480377
36,91,0.4332374632358551,0.4290130138397217,0.0041341157630085945,0.903378427028656,0.0263525303453207
36,92,0.6086365580558777,0.5992475152015686,0.009211068972945213,1.7796156406402588,0.19440698623657227
36,93,0.018700595945119858,0.018618784844875336,5.498532482306473e-05,0.26826581358909607,0.003086404176428914
36,94,1.1920915842056274,1.1671297550201416,0.02443111687898636,5.307216644287109,0.16418202221393585
36,95,0.014496579766273499,0.014411665499210358,5.5753582273609936e-05,0.2916059195995331,0.0026319478638470173
36,96,0.9508634209632874,0.9217329621315002,0.02816331386566162,9.671231269836426,0.21294404566287994
36,97,0.029356464743614197,0.029184654355049133,0.00013998498616274446,0.31825271248817444,0.006676384247839451
36,98,0.0419534407556057,0.04160701110959053,0.00031291201594285667,0.3351548910140991,0.019650490954518318
36,99,0.24367420375347137,0.24152019619941711,0.002139199059456587,0.1481548249721527,0.021306799724698067
36,100,0.03365021571516991,0.03357015177607536,7.996206113602966e-05,0.0010213300120085478,0.0021787057630717754
37,1,0.015831787139177322,0.015746276825666428,7.012808055151254e-05,0.15381786227226257,0.07009731233119965
37,2,0.8694707155227661,0.8588719367980957,0.010492397472262383,1.0636603832244873,0.17623424530029297
37,3,0.4318763315677643,0.42343375086784363,0.008230364881455898,2.122241497039795,0.07721853256225586
37,4,0.44710487127304077,0.4378374516963959,0.008993927389383316,2.7348294258117676,0.06908819824457169
37,5,0.8757227659225464,0.8658943176269531,0.009732110425829887,0.9630531668663025,0.09352361410856247
37,6,0.18368923664093018,0.18249785900115967,0.0011776922037824988,0.13675768673419952,0.008819753304123878
37,7,0.35975900292396545,0.35726600885391235,0.002481627743691206,0.11346618831157684,0.017340369522571564
37,8,0.837284505367279,0.8173971176147461,0.019375843927264214,5.115166187286377,0.4219117760658264
37,9,0.8780355453491211,0.8603349328041077,0.01731274090707302,3.8787317276000977,0.41104942560195923
37,10,0.3820514678955078,0.3786481022834778,0.003330252133309841,0.7310289740562439,0.025581521913409233
37,11,0.3753717541694641,0.3731228709220886,0.00223403493873775,0.1483118087053299,0.015045316889882088
37,12,0.05033721402287483,0.049982137978076935,0.0003248301800340414,0.30243802070617676,0.022656653076410294
37,13,0.42565029859542847,0.42138445377349854,0.0041751740500330925,0.9066441655158997,0.02990318462252617
37,14,0.39338886737823486,0.3908732235431671,0.002497840439900756,0.17803741991519928,0.020272305235266685
37,15,0.3126797378063202,0.3101294934749603,0.0025162212550640106,0.34029459953308105,0.042685773223638535
37,16,0.2268490493297577,0.22490915656089783,0.0019242040580138564,0.1569390892982483,0.052430182695388794
37,17,0.3383505344390869,0.33619004487991333,0.002144054276868701,0.1640692800283432,0.011638350784778595
37,18,1.1234333515167236,1.1057486534118652,0.017279669642448425,4.050746917724609,0.12256193161010742
37,19,0.7323707342147827,0.7265044450759888,0.005821397993713617,0.44895139336586,0.08437607437372208
37,20,0.8748233318328857,0.8663027882575989,0.00843431893736124,0.8626793026924133,0.13711315393447876
37,21,1.0057380199432373,0.9782265424728394,0.026385951787233353,11.256331443786621,0.17084631323814392
37,22,0.03804285079240799,0.03790147230029106,0.00010551629384281114,0.3586268723011017,0.004440397955477238
37,23,0.6781768202781677,0.6620834469795227,0.015734592452645302,3.5876834392547607,0.379314661026001
37,24,0.6822247505187988,0.6755580902099609,0.006601717323064804,0.6496115922927856,0.09192080795764923
37,25,0.8838992118835449,0.8640318512916565,0.0191485695540905,7.187466621398926,0.10234081000089645
37,26,0.8275559544563293,0.8201525807380676,0.007337789982557297,0.6556382775306702,0.09750266373157501
37,27,0.4752328395843506,0.4660837650299072,0.00897436123341322,1.7471429109573364,0.05491311103105545
37,28,0.02266939915716648,0.02254195138812065,9.498735016677529e-05,0.32460662722587585,0.004717097617685795
37,29,0.4205523431301117,0.4146171510219574,0.005819215904921293,1.1597859859466553,0.028759749606251717
37,30,0.34215840697288513,0.33980560302734375,0.0023324666544795036,0.20327463746070862,0.013288007117807865
37,31,1.16691255569458,1.1361980438232422,0.03000573441386223,7.088338851928711,0.13668206334114075
37,32,0.8668022155761719,0.8522580862045288,0.014184319414198399,3.598404884338379,0.0666128471493721
37,33,0.021157529205083847,0.0210413858294487,8.442231046501547e-05,0.3172091543674469,0.004187089391052723
37,34,0.3424185514450073,0.337780624628067,0.004563003778457642,0.7493684887886047,0.03877639025449753
37,35,0.4341168701648712,0.42989009618759155,0.0041784802451729774,0.48289600014686584,0.03853640332818031
37,36,0.458359956741333,0.4515646994113922,0.006740558426827192,0.546952486038208,0.07911696285009384
37,37,0.15738257765769958,0.15582877397537231,0.0015479584690183401,0.05840225890278816,0.04779699444770813
37,38,0.02623501792550087,0.026125062257051468,9.131486876867712e-05,0.18640969693660736,0.08776263147592545
37,39,0.8592485189437866,0.8379308581352234,0.020959531888365746,3.580777645111084,0.8977859020233154
37,40,0.022984839975833893,0.022906389087438583,6.096816650824621e-05,0.17482300102710724,0.06976963579654694
37,41,0.8589138984680176,0.8502922058105469,0.008522205986082554,0.9948371648788452,0.09587045013904572
37,42,0.1952427625656128,0.1932879239320755,0.0019276735838502645,0.2716071605682373,0.009025117382407188
37,43,0.029224678874015808,0.029072310775518417,0.00012175399751868099,0.3061502277851105,0.006554623134434223
37,44,0.43281322717666626,0.4268656075000763,0.00580835435539484,1.392676591873169,0.026044804602861404
37,45,0.3502053916454315,0.34788423776626587,0.002308330964297056,0.1282578408718109,0.016967689618468285
37,46,0.04988845810294151,0.04954075440764427,0.00031451377435587347,0.3318749666213989,0.016063252463936806
37,47,0.8819700479507446,0.875482439994812,0.006447293795645237,0.4030698835849762,0.04746391624212265
37,48,0.041044436395168304,0.04072154685854912,0.00028927059611305594,0.33621200919151306,0.015074040740728378
37,49,0.012705926783382893,0.012638341635465622,5.303492798702791e-05,0.14549601078033447,0.04364772513508797
37,50,0.5992981195449829,0.5897713899612427,0.009336586110293865,1.9013527631759644,0.20216558873653412
37,51,0.3371972143650055,0.33346980810165405,0.0036881407722830772,0.3929246664047241,0.05808928608894348
37,52,0.7345025539398193,0.727862536907196,0.0065769776701927185,0.6307315826416016,0.09645777940750122
37,53,0.3971436619758606,0.3930831551551819,0.004025847651064396,0.34663644433021545,0.04389412701129913
37,54,0.015804633498191833,0.01573457196354866,5.558788689086214e-05,0.14472045004367828,0.06387929618358612
37,55,0.8511782288551331,0.8358166217803955,0.015007928013801575,3.53702974319458,0.41523289680480957
37,56,0.022479286417365074,0.022406237199902534,5.906247679376975e-05,0.13987435400485992,0.05651938170194626
37,57,0.047994814813137054,0.047654107213020325,0.00030751898884773254,0.3318753242492676,0.015980882570147514
37,58,1.067328691482544,1.0430853366851807,0.02355004847049713,6.9328083992004395,0.1594851016998291
37,59,0.8451322913169861,0.8258540034294128,0.018832899630069733,4.453582763671875,0.2874220013618469
37,60,0.4577098786830902,0.4518730044364929,0.005782531574368477,0.5433634519577026,0.059017762541770935
37,61,0.6893911957740784,0.6815230846405029,0.007807848509401083,0.6026731729507446,0.09475346654653549
37,62,0.030093280598521233,0.02995467372238636,0.00010815235873451456,0.3045406937599182,0.005125150550156832
37,63,0.7209909558296204,0.7122489213943481,0.008675994351506233,0.6601327657699585,0.11034055054187775
37,64,0.5825702548027039,0.5700464248657227,0.012300990521907806,2.228576183319092,0.24710017442703247
37,65,0.011939208954572678,0.011877933517098427,4.7915575123624876e-05,0.1335977017879486,0.04917289689183235
37,66,0.02102026902139187,0.020920446142554283,7.29702296666801e-05,0.2685256004333496,0.0032320558093488216
37,67,0.8263486623764038,0.8174071311950684,0.008894374594092369,0.4716777205467224,0.07984493672847748
37,68,1.0390411615371704,0.9913822412490845,0.04584689810872078,18.11936378479004,0.1536204218864441
37,69,0.25850099325180054,0.25619176030158997,0.0022728336043655872,0.3637601435184479,0.013368368148803711
37,70,0.04418659955263138,0.04394712299108505,0.00021186430240049958,0.2761281132698059,0.013933646492660046
37,71,0.19422996044158936,0.1930922418832779,0.0011242047185078263,0.13512608408927917,0.007244603242725134
37,72,0.350983589887619,0.34832853078842163,0.0026249317452311516,0.3014462888240814,0.010587604716420174
37,73,0.1870746612548828,0.18605473637580872,0.0010090901050716639,0.10832475125789642,0.008269274607300758
37,74,0.02267269790172577,0.02259327657520771,6.492516695288941e-05,0.14497005939483643,0.05537107586860657
37,75,0.766308069229126,0.7601705193519592,0.006085423287004232,0.521476686000824,0.07046396285295486
37,76,0.12863761186599731,0.1278114914894104,0.0008210934465751052,0.05018091946840286,0.04179466888308525
37,77,0.042705148458480835,0.042298223823308945,0.00037213065661489964,0.347948282957077,0.02109801396727562
37,78,0.040725383907556534,0.04038304463028908,0.00030811098986305296,0.3422648012638092,0.019082654267549515
37,79,0.42269909381866455,0.41924721002578735,0.003410779871046543,0.4109122157096863,0.03207750990986824
37,80,0.8468246459960938,0.8395614624023438,0.007188476622104645,0.7471336126327515,0.10397420078516006
37,81,0.42540645599365234,0.4206247925758362,0.00469613540917635,0.8554258346557617,0.04170892387628555
37,82,0.34242433309555054,0.33938732743263245,0.003012904431670904,0.2411397248506546,0.020087284967303276
37,83,0.9792899489402771,0.9567707777023315,0.021682415157556534,8.367098808288574,0.13655340671539307
37,84,0.42480069398880005,0.4178158640861511,0.006827951408922672,1.5687965154647827,0.08252937346696854
37,85,0.03783155232667923,0.03769323229789734,9.88556639640592e-05,0.3946479558944702,0.0029993532225489616
37,86,0.432510107755661,0.4279722571372986,0.004492068197578192,0.45775148272514343,0.05106569081544876
37,87,0.12607495486736298,0.125081866979599,0.0009878916898742318,0.05207660794258118,0.04875141382217407
37,88,0.19202522933483124,0.190425843000412,0.0015762269031256437,0.2315809279680252,0.009578200057148933
37,89,0.026524802669882774,0.026386816054582596,0.00010767419007606804,0.30312493443489075,0.00675064604729414
37,90,0.20330925285816193,0.20200414955615997,0.0012855518143624067,0.195517897605896,0.008244344964623451
37,91,0.016357585787773132,0.01627963036298752,6.383847357938066e-05,0.14117473363876343,0.031936101615428925
37,92,0.29850003123283386,0.2960817217826843,0.0023816837929189205,0.36623841524124146,0.027000777423381805
37,93,0.1235324889421463,0.12265311926603317,0.0008751520072109997,0.04216901957988739,0.030792761594057083
37,94,0.8925632834434509,0.8828154802322388,0.00965091958642006,0.9687512516975403,0.12442765384912491
37,95,0.26343053579330444,0.25821220874786377,0.005079557653516531,1.3877174854278564,0.03143734484910965
37,96,0.8869667053222656,0.8777163624763489,0.009170418605208397,0.7993393540382385,0.14249560236930847
37,97,0.8351871371269226,0.8101159334182739,0.02460573986172676,4.654317378997803,0.3630353808403015
37,98,0.8222548365592957,0.7991616725921631,0.02258901298046112,5.041215896606445,0.3834170699119568
37,99,0.9444200992584229,0.9194653034210205,0.02441558800637722,5.391629695892334,0.6382139921188354
37,100,0.02656334452331066,0.026386301964521408,0.00014532473869621754,0.3171800374984741,0.007110126782208681
38,1,0.02645339071750641,0.02630949392914772,0.00011193579121027142,0.31961190700531006,0.006762206554412842
38,2,0.013578012585639954,0.013504281640052795,5.8990466641262174e-05,0.14740429818630219,0.05068477988243103
38,3,0.020282790064811707,0.020150791853666306,9.982063784264028e-05,0.32177862524986267,0.003831306006759405
38,4,0.9496206641197205,0.9287660121917725,0.020162828266620636,6.918589115142822,0.12497203797101974
38,5,0.46328186988830566,0.4573742151260376,0.005838279612362385,0.6938804984092712,0.06542990356683731
38,6,0.4451029598712921,0.4397215247154236,0.005335626658052206,0.4579426348209381,0.05788394808769226
38,7,0.9380113482475281,0.9150385856628418,0.0221454706043005,8.273134231567383,0.1410348117351532
38,8,0.39345231652259827,0.3903983235359192,0.003039711154997349,0.14277991652488708,0.028634969145059586
38,9,0.049843139946460724,0.04966321587562561,0.0001464423257857561,0.3348143696784973,0.007485131733119488
38,10,0.43972381949424744,0.43318095803260803,0.006376400589942932,1.6644341945648193,0.04140008985996246
38,11,0.9299145936965942,0.9140691757202148,0.015345812775194645,4.996296405792236,0.07790383696556091
38,12,0.9281245470046997,0.9059282541275024,0.02162930741906166,5.669711112976074,0.1867506504058838
38,13,0.36653420329093933,0.3637434244155884,0.0027751722373068333,0.15626569092273712,0.020153358578681946
38,14,0.03132655471563339,0.03124324232339859,6.785098958062008e-05,0.1546110212802887,0.04277898371219635
38,15,0.35949984192848206,0.35472291707992554,0.004732899367809296,0.4402104914188385,0.02594035118818283
38,16,0.054834332317113876,0.05448497086763382,0.00031329711782746017,0.360642671585083,0.018960006535053253
38,17,0.4379676878452301,0.42949378490448,0.008408768102526665,0.6515322923660278,0.09052595496177673
38,18,0.02070435881614685,0.020610788837075233,6.101123653934337e-05,0.32558292150497437,0.002926962450146675
38,19,1.0029841661453247,0.9542640447616577,0.04683496803045273,18.85235023498535,0.22210124135017395
38,20,0.04992980882525444,0.0494832843542099,0.000409228028729558,0.372963547706604,0.019584016874432564
38,21,0.4779517650604248,0.469671368598938,0.008201075717806816,0.7932049632072449,0.06447439640760422
38,22,0.023717382922768593,0.023611702024936676,7.54639768274501e-05,0.3021860718727112,0.003257345873862505
38,23,0.3695053458213806,0.3660311698913574,0.003439274150878191,0.3489268720149994,0.011811939999461174
38,24,0.042879607528448105,0.04261060431599617,0.00023905537091195583,0.29946860671043396,0.015858253464102745
38,25,0.026457834988832474,0.026360442861914635,6.982607010286301e-05,0.2756592035293579,0.004156048875302076
38,26,0.918107807636261,0.9071729183197021,0.010797707363963127,1.3723703622817993,0.10293516516685486
38,27,0.4078085422515869,0.4051838517189026,0.002598890569061041,0.2581064701080322,0.022546831518411636
38,28,0.32856982946395874,0.32639139890670776,0.002160255331546068,0.18189124763011932,0.008307200856506824
38,29,0.8815946578979492,0.8742461800575256,0.007303367368876934,0.4513998031616211,0.08065979182720184
38,30,0.022350264713168144,0.022227054461836815,9.28475710679777e-05,0.30363380908966064,0.0036038083489984274
38,31,0.8558679819107056,0.8351095914840698,0.020283952355384827,4.744335651397705,0.6330351829528809
38,32,0.2154204398393631,0.21366235613822937,0.0017282365588471293,0.298475444316864,0.014175773598253727
38,33,0.3733895719051361,0.3705703616142273,0.0027978173457086086,0.21385180950164795,0.028950363397598267
38,34,0.41973569989204407,0.41393595933914185,0.0056542204692959785,1.455231785774231,0.0478803776204586
38,35,0.4321456253528595,0.428034245967865,0.004068815149366856,0.4254951775074005,0.04782010242342949
38,36,0.4332701563835144,0.4252241849899292,0.007836882025003433,2.0910208225250244,0.047197744250297546
38,37,0.024920020252466202,0.024776101112365723,0.00011002028622897342,0.33897584676742554,0.0033528401982039213
38,38,0.38423025608062744,0.3798947334289551,0.0042445422150194645,0.9099024534225464,0.051221057772636414
38,39,0.014684000052511692,0.014579789713025093,7.4643139669206e-05,0.2956741154193878,0.00288600567728281
38,40,0.21322277188301086,0.2108244001865387,0.0023661316372454166,0.32244494557380676,0.025642408058047295
38,41,0.015398622490465641,0.015297887846827507,7.153340266086161e-05,0.29201367497444153,0.0032217346597462893
38,42,0.02464132010936737,0.024471990764141083,0.00013739848509430885,0.31931906938552856,0.007592113222926855
38,43,0.19362086057662964,0.1918482482433319,0.001743524568155408,0.2908647358417511,0.009756190702319145
38,44,0.39539089798927307,0.39245665073394775,0.0029136589728295803,0.2058197259902954,0.030090872198343277
38,45,0.3842887878417969,0.38132062554359436,0.0029423502273857594,0.25810757279396057,0.031070610508322716
38,46,0.1890684813261032,0.18747316300868988,0.001576004084199667,0.1930633932352066,0.010700086131691933
38,47,0.38224729895591736,0.37748444080352783,0.00465631578117609,1.065405249595642,0.04748448729515076
38,48,0.4159151613712311,0.4125732183456421,0.0033048405312001705,0.37100622057914734,0.0347873717546463
38,49,1.2429111003875732,1.2199029922485352,0.022438183426856995,5.699610710144043,0.12290225923061371
38,50,1.1632102727890015,1.1397466659545898,0.022796306759119034,6.673504829406738,0.14655333757400513
38,51,0.6906467080116272,0.6837375164031982,0.006856279913336039,0.529179573059082,0.08923529088497162
38,52,1.1111050844192505,1.0731501579284668,0.03670530021190643,12.496302604675293,0.2350829839706421
38,53,0.1872546523809433,0.1859041452407837,0.0013291912619024515,0.21314990520477295,0.011443372815847397
38,54,0.4384059011936188,0.4319402277469635,0.006409117020666599,0.5657935738563538,0.06696248054504395
38,55,0.2449961006641388,0.24233071506023407,0.002637319266796112,0.2806813716888428,0.05732140317559242
38,56,0.8790099024772644,0.8537983298301697,0.024226414039731026,9.851719856262207,0.1692201793193817
38,57,0.6996726989746094,0.692158043384552,0.007460865192115307,0.5376077890396118,0.09238675236701965
38,58,0.4559286832809448,0.44774624705314636,0.008070227690041065,1.1220238208770752,0.054594431072473526
38,59,0.4404502213001251,0.4319092929363251,0.008298153057694435,2.4277257919311523,0.04827854409813881
38,60,0.25506705045700073,0.25026488304138184,0.004693659022450447,1.0852024555206299,0.018735112622380257
38,61,0.018980449065566063,0.01889759674668312,6.69425935484469e-05,0.15909376740455627,0.056469038128852844
38,62,0.6834972500801086,0.6784863471984863,0.004970905836671591,0.4000946581363678,0.054592110216617584
38,63,0.04416854679584503,0.04382576048374176,0.000308479240629822,0.34307363629341125,0.019020605832338333
38,64,0.022199926897883415,0.02207844704389572,8.975631499197334e-05,0.3172178864479065,0.0035879777278751135
38,65,0.38692426681518555,0.38472557067871094,0.0021840885747224092,0.14600008726119995,0.019154176115989685
38,66,0.7228905558586121,0.7165366411209106,0.006281215697526932,0.726910412311554,0.061444491147994995
38,67,0.6021621227264404,0.5935843586921692,0.008424672298133373,1.530460000038147,0.21263515949249268
38,68,0.18704740703105927,0.18582859635353088,0.0012055798433721066,0.13233205676078796,0.011319894343614578
38,69,0.042785678058862686,0.042483966797590256,0.00026279420126229525,0.3891966640949249,0.018956944346427917
38,70,0.9403364062309265,0.9172531366348267,0.02229880541563034,7.844664096832275,0.14836671948432922
38,71,0.9902361035346985,0.9676184058189392,0.022066205739974976,5.515375137329102,0.18684083223342896
38,72,0.950208306312561,0.9208641052246094,0.02860117144882679,7.430598258972168,0.6777166724205017
38,73,0.594606876373291,0.5838079452514648,0.010601278394460678,1.976444959640503,0.2812066674232483
38,74,0.4425271153450012,0.43763405084609985,0.004851739853620529,0.413421630859375,0.051240622997283936
38,75,0.018036479130387306,0.017907239496707916,9.304844570579007e-05,0.36190780997276306,0.0032674302347004414
38,76,0.5997317433357239,0.5898668766021729,0.00968162901699543,1.832152009010315,0.19013988971710205
38,77,0.12842054665088654,0.12738727033138275,0.0010278151603415608,0.05456783249974251,0.04914534091949463
38,78,0.31815510988235474,0.31476709246635437,0.0033653422724455595,0.22671164572238922,0.05979885905981064
38,79,0.9678260684013367,0.9441676139831543,0.022883499041199684,7.749761581420898,0.14112594723701477
38,80,0.46155399084091187,0.45361635088920593,0.007759749423712492,1.7789132595062256,0.047669582068920135
38,81,0.6959708333015442,0.6787729263305664,0.016826238483190536,3.7167270183563232,0.09444645792245865
38,82,0.0522180013358593,0.05168047919869423,0.0004953104071319103,0.42212897539138794,0.021952632814645767
38,83,0.7659281492233276,0.7560262680053711,0.009783953428268433,1.1790986061096191,0.09762889891862869
38,84,0.03120287135243416,0.03097938746213913,0.00018413012730889022,0.39354223012924194,0.007757348939776421
38,85,0.41359928250312805,0.4064026176929474,0.007035228423774242,1.6144921779632568,0.06366321444511414
38,86,0.39647549390792847,0.39067623019218445,0.005673294421285391,1.2598035335540771,0.05750429630279541
38,87,1.1092108488082886,1.0850121974945068,0.023683037608861923,5.156260013580322,0.16104891896247864
38,88,0.4432620406150818,0.4381248652935028,0.005084926262497902,0.522496223449707,0.05375385284423828
38,89,0.3661584258079529,0.3633989989757538,0.0027465836610645056,0.12855440378189087,0.021576495841145515
38,90,0.023961147293448448,0.023879148066043854,5.029807653045282e-05,0.3170086145401001,0.0037143011577427387
38,91,0.380268394947052,0.37762078642845154,0.002628882182762027,0.1871693879365921,0.028393281623721123
38,92,1.038939118385315,1.0125808715820312,0.025309856981039047,10.48390007019043,0.11746308207511902
38,93,1.1777327060699463,1.157851219177246,0.019455913454294205,4.255586624145508,0.1486731618642807
38,94,0.014823639765381813,0.014719543978571892,7.04329286236316e-05,0.3366270065307617,0.0031262882985174656
38,95,0.027196548879146576,0.02701006829738617,0.00015087318024598062,0.35609081387519836,0.0076487306505441666
38,96,0.014050010591745377,0.01394437626004219,7.209381146822125e-05,0.3354076147079468,0.002837211824953556
38,97,0.010234130546450615,0.010167475789785385,5.061182309873402e-05,0.16043305397033691,0.05745777487754822
38,98,0.014396505430340767,0.01430070772767067,6.295071943895891e-05,0.32846784591674805,0.002795667853206396
38,99,1.1258704662322998,1.0839715003967285,0.04024619609117508,16.527565002441406,0.21382369101047516
38,100,1.0402837991714478,1.0051201581954956,0.03410707414150238,10.565698623657227,0.25036653876304626
39,1,0.4587344825267792,0.4479045569896698,0.010692460462450981,1.3746905326843262,0.08022484183311462
39,2,0.35395336151123047,0.35042399168014526,0.003498364705592394,0.3100297152996063,0.018388787284493446
39,3,0.2399204969406128,0.2378433793783188,0.0020548005122691393,0.22324107587337494,0.03785926103591919
39,4,0.4563840925693512,0.4512532353401184,0.005085780285298824,0.4509355127811432,0.03275386989116669
39,5,0.6857544779777527,0.6807111501693726,0.004991633351892233,0.5169028639793396,0.04451681673526764
39,6,0.8511714935302734,0.8449904918670654,0.006147349253296852,0.33672699332237244,0.044473934918642044
39,7,0.18980330228805542,0.1887667328119278,0.001025297911837697,0.11261329054832458,0.006473975256085396
39,8,0.9405146837234497,0.9192794561386108,0.020531006157398224,7.0421013832092285,0.06418722867965698
39,9,0.4164198338985443,0.41353803873062134,0.0028565353713929653,0.2528066337108612,0.021475989371538162
39,10,0.017926091328263283,0.017853450030088425,5.709737888537347e-05,0.15543806552886963,0.028114814311265945
39,11,0.030365802347660065,0.030193235725164413,0.0001392059784848243,0.33360758423805237,0.008426733314990997
39,12,0.21913820505142212,0.21719342470169067,0.001932418905198574,0.12364175170660019,0.05206570774316788
39,13,0.00440566660836339,0.004374668002128601,3.096561704296619e-05,0.00033284875098615885,0.0008781275246292353
39,14,0.8934908509254456,0.8847490549087524,0.008693898096680641,0.4790714979171753,0.12308737635612488
39,15,0.028180433437228203,0.028025027364492416,0.00011563819862203673,0.39767003059387207,0.0029595340602099895
39,16,0.45002737641334534,0.44179338216781616,0.00801742635667324,2.1657676696777344,0.09940701723098755
39,17,0.3510490953922272,0.34491223096847534,0.0060166846960783005,1.2017954587936401,0.07452896237373352
39,18,0.12672334909439087,0.1254701316356659,0.001247282838448882,0.05932729318737984,0.0631151795387268
39,19,0.8738967180252075,0.8565174341201782,0.016990534961223602,3.887120008468628,0.5333008766174316
39,20,0.32463598251342773,0.3210991621017456,0.0035020681098103523,0.34740975499153137,0.023334763944149017
39,21,0.4000297784805298,0.39538848400115967,0.004547424148768187,0.9387136101722717,0.04679994285106659
39,22,0.931984007358551,0.9210736751556396,0.010807630605995655,1.0270850658416748,0.10462284833192825
39,23,0.905826210975647,0.8780044317245483,0.026750730350613594,10.71039867401123,0.11180518567562103
39,24,0.258143812417984,0.2564380168914795,0.0016794654075056314,0.26303502917289734,0.015732336789369583
39,25,0.8670682311058044,0.8588454723358154,0.008137012831866741,0.857637882232666,0.11519144475460052
39,26,0.3828350007534027,0.37945449352264404,0.003342465264722705,0.38017359375953674,0.028659213334321976
39,27,0.9565413594245911,0.9466391801834106,0.009827760979533195,0.7447147965431213,0.11071200668811798
39,28,0.3706890642642975,0.36769890785217285,0.002972931368276477,0.17216409742832184,0.022624656558036804
39,29,0.42450347542762756,0.4178157448768616,0.006556233391165733,1.3148728609085083,0.03783063217997551
39,30,0.6019403338432312,0.5880176424980164,0.013633424416184425,2.8926503658294678,0.21812938153743744
39,31,0.23520348966121674,0.2330314815044403,0.0021568310912698507,0.1518498808145523,0.04549954831600189
39,32,0.8387525677680969,0.8293653726577759,0.009309841319918633,0.7739371657371521,0.11563495546579361
39,33,0.024333100765943527,0.024224180728197098,7.720676512690261e-05,0.3171323239803314,0.0041503156535327435
39,34,0.3666384518146515,0.363809734582901,0.002817818894982338,0.10922107100486755,0.021025218069553375
39,35,0.3320135772228241,0.3286769390106201,0.0033140021841973066,0.2265651822090149,0.019935548305511475
39,36,0.6053718328475952,0.591606855392456,0.013456378132104874,3.0857324600219727,0.21002770960330963
39,37,0.870307207107544,0.8496689796447754,0.019811585545539856,8.26662540435791,0.12423349916934967
39,38,0.33722200989723206,0.3341202139854431,0.0030771256424486637,0.24662232398986816,0.01804010197520256
39,39,0.43417251110076904,0.4285944104194641,0.005451735109090805,1.2634801864624023,0.039691612124443054
39,40,0.9308711290359497,0.9217772483825684,0.009030706249177456,0.6319191455841064,0.10650019347667694
39,41,0.6261842846870422,0.614222526550293,0.011658494360744953,3.0329504013061523,0.25500568747520447
39,42,0.8473444581031799,0.8389744758605957,0.008283155038952827,0.8681783676147461,0.12511229515075684
39,43,0.4290315508842468,0.42450594902038574,0.004481727723032236,0.43880495429039,0.04779907315969467
39,44,0.022706633433699608,0.022546738386154175,0.00012463616440072656,0.35258617997169495,0.0036345086991786957
39,45,0.01876032166182995,0.018633492290973663,9.249684808310121e-05,0.343313604593277,0.0035309172235429287
39,46,0.7359644174575806,0.7191655039787292,0.016416475176811218,3.824317216873169,0.25237923860549927
39,47,0.04409777745604515,0.043670784682035446,0.00039233564166352153,0.3465454876422882,0.02189047262072563
39,48,0.13377925753593445,0.1326613426208496,0.001111396704800427,0.06513828039169312,0.04485668987035751
39,49,0.37774360179901123,0.375105082988739,0.0026268239598721266,0.11695419251918793,0.021810054779052734
39,50,0.02456710673868656,0.024412592872977257,0.00012205229722894728,0.32461676001548767,0.007768218405544758
39,51,0.733722448348999,0.7259818911552429,0.007653059437870979,0.8747158050537109,0.08591365814208984
39,52,0.3751370310783386,0.37226590514183044,0.002852653618901968,0.18488314747810364,0.024380715563893318
39,53,0.3448810279369354,0.34234189987182617,0.0025259586982429028,0.13160808384418488,0.025402158498764038
39,54,0.5622893571853638,0.5526539087295532,0.009489590302109718,1.4587610960006714,0.22950147092342377
39,55,0.8961185216903687,0.8717629909515381,0.0236809104681015,6.7459917068481445,0.5477312207221985
39,56,0.4196600317955017,0.41409239172935486,0.005426357500255108,1.4128930568695068,0.03743559122085571
39,57,0.1357945054769516,0.13462437689304352,0.001163035398349166,0.07089398801326752,0.049643624573946
39,58,0.33156153559684753,0.32829052209854126,0.0032489043660461903,0.22124572098255157,0.015741568058729172
39,59,0.3555574119091034,0.3513623774051666,0.004124761559069157,0.7028436660766602,0.04414947330951691
39,60,0.026927053928375244,0.02677037939429283,0.0001262500009033829,0.3042503893375397,0.007667669095098972
39,61,0.6361010670661926,0.621247410774231,0.0145392045378685,3.144486665725708,0.22901612520217896
39,62,1.0081411600112915,0.9789061546325684,0.028210891410708427,10.241825103759766,0.13697847723960876
39,63,0.3299383223056793,0.3257516920566559,0.004102486185729504,0.8413864970207214,0.04210449382662773
39,64,0.7738185524940491,0.7545568943023682,0.01886206492781639,3.995842695236206,0.3079659044742584
39,65,0.12102917581796646,0.11934468150138855,0.0016712965443730354,0.13195185363292694,0.09481880068778992
39,66,0.010831659659743309,0.010754691436886787,4.631411866284907e-05,0.3065488040447235,0.003042875789105892
39,67,0.016556233167648315,0.016481172293424606,6.012184530845843e-05,0.14939072728157043,0.08380822837352753
39,68,0.014734653756022453,0.014652344398200512,6.74934999551624e-05,0.14815708994865417,0.07948443293571472
39,69,0.015293192118406296,0.01519953366369009,6.347909948090091e-05,0.301796019077301,0.0026593003422021866
39,70,0.9283913969993591,0.9093831777572632,0.01854672096669674,4.615009784698486,0.14941272139549255
39,71,0.8676115274429321,0.8601299524307251,0.007437829859554768,0.4376738965511322,0.09850770235061646
39,72,0.43710577487945557,0.4318435788154602,0.005151546560227871,1.1065493822097778,0.033434607088565826
39,73,0.02041259966790676,0.020328760147094727,5.553629307541996e-05,0.28302690386772156,0.00290667824447155
39,74,1.1470186710357666,1.1224861145019531,0.023953985422849655,5.785229206085205,0.14282090961933136
39,75,1.080681562423706,1.055873155593872,0.024184774607419968,6.235767841339111,0.14510110020637512
39,76,0.33650052547454834,0.33334481716156006,0.0031301602721214294,0.2555018365383148,0.0195934921503067
39,77,0.984322726726532,0.9525667428970337,0.030566301196813583,11.897058486938477,0.1428486555814743
39,78,0.1287667602300644,0.1267695426940918,0.001980989007279277,0.16233554482460022,0.09382960945367813
39,79,0.8659695386886597,0.856737494468689,0.00917703378945589,0.5498552322387695,0.11060593277215958
39,80,0.015373799949884415,0.01528162695467472,6.100644895923324e-05,0.3116695284843445,0.0026335441507399082
39,81,0.025976408272981644,0.025825418531894684,0.0001180109684355557,0.3297727704048157,0.006324149668216705
39,82,0.014013555832207203,0.013927726075053215,5.429452721728012e-05,0.31535497307777405,0.002402098150923848
39,83,0.7088890671730042,0.7012025117874146,0.007611053064465523,0.7551509737968445,0.08452083170413971
39,84,0.9446884989738464,0.9154276847839355,0.028278551995754242,9.822750091552734,0.1602984070777893
39,85,0.4225866198539734,0.4177180230617523,0.004744311328977346,1.242679476737976,0.0323488712310791
39,86,0.01943425089120865,0.0193171463906765,8.388438436668366e-05,0.3322077691555023,0.0032944921404123306
39,87,0.026089893653988838,0.025928329676389694,0.00012875163520220667,0.3281237483024597,0.006547598168253899
39,88,0.13362766802310944,0.13192647695541382,0.0016872347332537174,0.13958396017551422,0.0722600668668747
39,89,0.41791871190071106,0.4131249785423279,0.004699534736573696,0.9421173930168152,0.029426859691739082
39,90,0.8665675520896912,0.8577296733856201,0.008736854419112206,1.010311484336853,0.10770255327224731
39,91,1.0732252597808838,1.0479038953781128,0.02474267967045307,5.785931587219238,0.15730705857276917
39,92,0.012818905524909496,0.012746971100568771,5.6316064728889614e-05,0.15618197619915009,0.05631433054804802
39,93,0.24122710525989532,0.23882660269737244,0.002377591095864773,0.22913607954978943,0.053355518728494644
39,94,0.01666906662285328,0.01655634492635727,7.788784569129348e-05,0.34832796454429626,0.002720166929066181
39,95,0.6253904104232788,0.6138811111450195,0.011268005706369877,2.4128577709198,0.2317439615726471
39,96,0.7176998257637024,0.7118487358093262,0.005797542631626129,0.5349684953689575,0.07450529932975769
39,97,0.10166480392217636,0.10093170404434204,0.0007290852954611182,0.04013517498970032,0.02921127900481224
39,98,0.3828243911266327,0.37851864099502563,0.004226772114634514,0.7898975014686584,0.04566212743520737
39,99,0.2356475442647934,0.23320701718330383,0.002414807677268982,0.25719690322875977,0.0500817745923996
39,100,0.12438381463289261,0.12274304777383804,0.001627271412871778,0.1349336951971054,0.08348926901817322
40,1,0.34659433364868164,0.34375762939453125,0.0028117999900132418,0.24906988441944122,0.014580810442566872
40,2,0.9656231999397278,0.9345458745956421,0.029817193746566772,12.601215362548828,0.10752801597118378
40,3,0.19516806304454803,0.1929551362991333,0.002179008675739169,0.3390819728374481,0.009840858168900013
40,4,0.01647956669330597,0.016382303088903427,6.533348641823977e-05,0.31929025053977966,0.0031576810870319605
40,5,0.5716023445129395,0.5535619258880615,0.017448320984840393,5.921133041381836,0.09868835657835007
40,6,0.020342295989394188,0.02020273171365261,0.00010326362098567188,0.36300238966941833,0.003891201224178076
40,7,0.1361861675977707,0.13325870037078857,0.0029038405045866966,0.2363276332616806,0.11946062743663788
40,8,0.9832765460014343,0.9475381374359131,0.034372344613075256,13.660799026489258,0.14654427766799927
40,9,0.9707302451133728,0.9526329040527344,0.017796749249100685,3.005985736846924,0.17973485589027405
40,10,0.7857765555381775,0.7590124011039734,0.026189129799604416,5.750029563903809,0.39826637506484985
40,11,0.43211695551872253,0.42441079020500183,0.00747725460678339,2.2891528606414795,0.05722792446613312
40,12,0.12387224286794662,0.12290410697460175,0.0009628850966691971,0.05253946781158447,0.04065099358558655
40,13,0.42036741971969604,0.41358521580696106,0.006593433208763599,1.887588381767273,0.047185830771923065
40,14,0.3400525450706482,0.3371729850769043,0.0028546773828566074,0.24891240894794464,0.013491585850715637
40,15,0.9024193286895752,0.8938236832618713,0.008462727069854736,1.3290300369262695,0.06437580287456512
40,16,0.22803936898708344,0.22605198621749878,0.0019717395771294832,0.15642333030700684,0.03954784944653511
40,17,0.8301595449447632,0.8123560547828674,0.017290355637669563,5.131481647491455,0.40553808212280273
40,18,0.4246845841407776,0.42119741439819336,0.003457456361502409,0.29698851704597473,0.035047419369220734
40,19,0.7927247285842896,0.7755067348480225,0.0168753694742918,3.426060676574707,0.28509271144866943
40,20,1.1970105171203613,1.171311378479004,0.024965420365333557,7.337408542633057,0.14364047348499298
40,21,0.718212366104126,0.7115915417671204,0.006573920138180256,0.469067245721817,0.1048121228814125
40,22,0.4414653480052948,0.4362088441848755,0.005216424353420734,0.40077126026153564,0.08326824009418488
40,23,0.01671319454908371,0.016628166660666466,6.821774877607822e-05,0.16810710728168488,0.08951859176158905
40,24,0.9662648439407349,0.9529656767845154,0.01320250891149044,0.9664908647537231,0.18451917171478271
40,25,0.428824245929718,0.42104098200798035,0.007538909558206797,2.443598508834839,0.06946077197790146
40,26,0.41994115710258484,0.4131211042404175,0.0066611021757125854,1.5893827676773071,0.06166137754917145
40,27,0.42379030585289,0.41654205322265625,0.007076175417751074,1.7208161354064941,0.039874255657196045
40,28,0.012258659116923809,0.012178766541182995,6.485007907031104e-05,0.15042300522327423,0.05393145978450775
40,29,0.1300380975008011,0.12907207012176514,0.0009601752972230315,0.058534279465675354,0.036662038415670395
40,30,0.929394543170929,0.9197424650192261,0.009559646248817444,0.9243555665016174,0.129560649394989
40,31,0.45512768626213074,0.4492979049682617,0.0057746004313230515,0.5517967343330383,0.04956419765949249
40,32,0.22508376836776733,0.22343304753303528,0.0016367756761610508,0.1394205391407013,0.03391608968377113
40,33,0.36585837602615356,0.3638654947280884,0.0019835964776575565,0.09308300912380219,0.015373608097434044
40,34,0.021727493032813072,0.02161702699959278,8.134693052852526e-05,0.29118508100509644,0.003970649093389511
40,35,0.015318254940211773,0.015224232338368893,6.593303987756371e-05,0.2808972895145416,0.0031852314714342356
40,36,0.20683377981185913,0.2051536589860916,0.0016525126993656158,0.276123970746994,0.0101783387362957
40,37,0.12368946522474289,0.1223483681678772,0.0013304229360073805,0.10674308985471725,0.08203595876693726
40,38,0.015370341949164867,0.015267613343894482,7.15602800482884e-05,0.31168511509895325,0.003029200015589595
40,39,0.6271747946739197,0.613860547542572,0.013029573485255241,2.846463918685913,0.2643256187438965
40,40,0.12648746371269226,0.12489405274391174,0.0015808341559022665,0.12575046718120575,0.08451198041439056
40,41,0.9467918872833252,0.9204714298248291,0.025353776291012764,9.666797637939453,0.11160950362682343
40,42,0.5707601308822632,0.5599563121795654,0.010571818798780441,2.3198201656341553,0.24570362269878387
40,43,0.2036522775888443,0.20205549895763397,0.0015721733216196299,0.24596041440963745,0.012532539665699005
40,44,0.022617490962147713,0.022492285817861557,9.148530079983175e-05,0.33720192313194275,0.003897876013070345
40,45,0.8986316323280334,0.8737807869911194,0.023744897916913033,11.05990219116211,0.09461989998817444
40,46,0.4139995872974396,0.4100182354450226,0.003907722420990467,0.7363136410713196,0.04921503737568855
40,47,0.32114577293395996,0.31797724962234497,0.003116884035989642,0.5164907574653625,0.044038157910108566
40,48,0.44599002599716187,0.43858644366264343,0.0072420258074998856,1.615562915802002,0.03760058805346489
40,49,0.016463197767734528,0.016338523477315903,8.988964691525325e-05,0.34785032272338867,0.003255915828049183
40,50,0.9288520216941833,0.9180058240890503,0.010667948052287102,1.783022403717041,0.1261352300643921
40,51,0.22024331986904144,0.21791639924049377,0.0023092676419764757,0.1765141636133194,0.05127258598804474
40,52,0.44584131240844727,0.44068384170532227,0.005097365006804466,0.6012390851974487,0.05668170750141144
40,53,0.12615956366062164,0.12518973648548126,0.0009651632281020284,0.04657379165291786,0.039165813475847244
40,54,0.23338377475738525,0.23070818185806274,0.0026487314607948065,0.26873645186424255,0.046511467546224594
40,55,0.0210894588381052,0.020948434248566628,0.00010592376929707825,0.3510090112686157,0.0050407880917191505
40,56,1.1672545671463013,1.1323654651641846,0.03406365215778351,8.254349708557129,0.2011599987745285
40,57,0.9290624856948853,0.9036955833435059,0.024860691279172897,5.062109470367432,0.5975052118301392
40,58,0.867655336856842,0.8606564998626709,0.00693561602383852,0.6325613856315613,0.08925068378448486
40,59,0.04371841996908188,0.04331689327955246,0.00036347436252981424,0.3805553913116455,0.0236519668251276
40,60,0.9148586392402649,0.9029247760772705,0.011651727370917797,2.8212473392486572,0.3801876902580261
40,61,1.1721086502075195,1.1575167179107666,0.014210307970643044,3.815821409225464,0.09449343383312225
40,62,1.120193600654602,1.105393648147583,0.014525226317346096,2.748178005218506,0.12731927633285522
40,63,0.018145252019166946,0.018041346222162247,8.63500899868086e-05,0.17556312680244446,0.060342177748680115
40,64,0.33779001235961914,0.3327495753765106,0.0049561867490410805,0.8424526453018188,0.06889240443706512
40,65,0.6488258838653564,0.6368229389190674,0.011808780953288078,1.942122459411621,0.3735385537147522
40,66,0.9526326060295105,0.9401338696479797,0.012408006936311722,0.9069113731384277,0.1787450611591339
40,67,0.326187402009964,0.3220858871936798,0.004060746636241674,0.4077768325805664,0.029257822781801224
40,68,0.032429374754428864,0.03224605694413185,0.00014868573634885252,0.3462928235530853,0.008378786966204643
40,69,0.4490576684474945,0.4437798261642456,0.005159079097211361,1.1874793767929077,0.03704693913459778
40,70,0.8751304745674133,0.8458879590034485,0.02859862893819809,6.438971996307373,0.3097308278083801
40,71,0.8756731152534485,0.8670458793640137,0.008528770878911018,0.9846348762512207,0.09477805346250534
40,72,0.4047384262084961,0.4025663733482361,0.0021529695950448513,0.19064399600028992,0.020685672760009766
40,73,0.9874205589294434,0.9625217318534851,0.024183832108974457,7.150156021118164,0.16327300667762756
40,74,0.015234115533530712,0.015169930644333363,5.141739529790357e-05,0.12767831981182098,0.03560667484998703
40,75,0.6838347911834717,0.6769854426383972,0.006763631943613291,0.8572320342063904,0.05785922706127167
40,76,0.933211624622345,0.905402421951294,0.026938453316688538,8.707582473754883,0.11875692009925842
40,77,0.03524370118975639,0.0351196825504303,9.612653229851276e-05,0.27889811992645264,0.0066715143620967865
40,78,0.12515802681446075,0.12453547865152359,0.0006192241562530398,0.033187318593263626,0.026628056541085243
40,79,0.24181511998176575,0.24019412696361542,0.0016077762702479959,0.1321696639060974,0.0420585498213768
40,80,0.9377763271331787,0.9136773943901062,0.023295708000659943,8.032048225402832,0.15339422225952148
40,81,0.019879596307873726,0.019766565412282944,8.092374628176913e-05,0.32106509804725647,0.002896890975534916
40,82,0.3349441587924957,0.3325219452381134,0.0024098623543977737,0.12338343262672424,0.00809198897331953
40,83,0.4157888889312744,0.4112456738948822,0.004446266684681177,0.9693439602851868,0.03516826778650284
40,84,0.9692302942276001,0.9454588890075684,0.022943027317523956,8.28376579284668,0.15305499732494354
40,85,0.6831493973731995,0.677843451499939,0.005265993997454643,0.3993794322013855,0.07586447894573212
40,86,0.43043872714042664,0.42575424909591675,0.004552296828478575,1.3218257427215576,0.0511956512928009
40,87,0.013451396487653255,0.013375334441661835,6.032224700902589e-05,0.15739263594150543,0.07830631732940674
40,88,0.7145597338676453,0.7089303731918335,0.005580201745033264,0.49173974990844727,0.0683792233467102
40,89,0.017288660630583763,0.017180752009153366,7.486963295377791e-05,0.3303987681865692,0.0030914507806301117
40,90,0.13499870896339417,0.1322563886642456,0.002711296547204256,0.31020161509513855,0.09333910048007965
40,91,0.8079902529716492,0.7849940061569214,0.02248724177479744,5.090124130249023,0.5725511312484741
40,92,0.8473414778709412,0.8409993052482605,0.006300168577581644,0.4204758405685425,0.0868765264749527
40,93,0.8792586922645569,0.8549799919128418,0.023677868768572807,6.008124351501465,0.3299311399459839
40,94,0.8313766717910767,0.8248680830001831,0.006454068701714277,0.5453963875770569,0.07931986451148987
40,95,0.05043300986289978,0.04985072836279869,0.0005397951463237405,0.4248741567134857,0.026018816977739334
40,96,0.04659614339470863,0.046154409646987915,0.0004000367771368474,0.4169890880584717,0.02116597630083561
40,97,0.13111968338489532,0.12865786254405975,0.0024362136609852314,0.25600871443748474,0.10531982779502869
40,98,1.139407992362976,1.1191315650939941,0.019810721278190613,4.657655239105225,0.1562519073486328
40,99,0.8545458912849426,0.8408747911453247,0.013323711231350899,3.4740192890167236,0.12533330917358398
40,100,0.12797224521636963,0.1268344223499298,0.0011316320160403848,0.061900001019239426,0.04208918660879135
41,1,1.0325186252593994,1.0051984786987305,0.026507766917347908,8.123885154724121,0.18370237946510315
41,2,0.2417619377374649,0.2390144169330597,0.002717220224440098,0.30295780301094055,0.05267047882080078
41,3,0.1315368413925171,0.1303238570690155,0.0012065115151926875,0.06469275802373886,0.048216745257377625
41,4,0.8057003617286682,0.778493344783783,0.026534773409366608,6.722076892852783,0.43984055519104004
41,5,0.7884802222251892,0.7639150023460388,0.024021603167057037,5.435756206512451,0.41888391971588135
41,6,0.12219062447547913,0.12039826810359955,0.001777793513610959,0.145695760846138,0.08595448732376099
41,7,0.41162627935409546,0.4060667157173157,0.0054106805473566055,1.4890278577804565,0.03346841782331467
41,8,0.029328912496566772,0.028996247798204422,0.00029754507704637945,0.35119378566741943,0.009172964841127396
41,9,0.22418974339962006,0.22195754945278168,0.002213473431766033,0.1871432065963745,0.03851751238107681
41,10,0.3955061137676239,0.39224156737327576,0.003234164323657751,0.3038206994533539,0.047156818211078644
41,11,0.35645341873168945,0.35365474224090576,0.002771240659058094,0.2743583619594574,0.014347770251333714
41,12,0.32156693935394287,0.3179229199886322,0.003589710220694542,0.5430249571800232,0.03349348530173302
41,13,0.01251577865332365,0.012448129244148731,5.134083403390832e-05,0.1630859673023224,0.05151594430208206
41,14,0.18588092923164368,0.1843993365764618,0.0014647557400166988,0.16842913627624512,0.010377851314842701
41,15,0.32317009568214417,0.31988781690597534,0.003231799229979515,0.5049143433570862,0.04120746999979019
41,16,0.3914033770561218,0.3884899914264679,0.002895828103646636,0.17549802362918854,0.02530263178050518
41,17,1.1452091932296753,1.120375394821167,0.02402966096997261,8.041444778442383,0.13675709068775177
41,18,0.021405810490250587,0.021244656294584274,0.00012298004003241658,0.3817487359046936,0.0028759348206222057
41,19,0.12323680520057678,0.12206463515758514,0.001165240304544568,0.06931621581315994,0.053051941096782684
41,20,1.0745823383331299,1.0482921600341797,0.025740744546055794,5.494405746459961,0.18177664279937744
41,21,0.34179064631462097,0.33793824911117554,0.003822043538093567,0.30370932817459106,0.023442402482032776
41,22,0.4511021673679352,0.444779634475708,0.006266610696911812,0.5590950846672058,0.07828445732593536
41,23,0.8711398839950562,0.8619593381881714,0.009124988690018654,0.5553280711174011,0.09865225851535797
41,24,0.7403278350830078,0.7317999601364136,0.008430270478129387,0.9760607481002808,0.09440425038337708
41,25,0.8854907751083374,0.8755093812942505,0.009879095479846,1.0225242376327515,0.12797346711158752
41,26,0.01968732476234436,0.019544316455721855,0.00010662047861842439,0.3638938069343567,0.003035090398043394
41,27,0.41949737071990967,0.41217032074928284,0.007108660414814949,2.184034585952759,0.046721201390028
41,28,0.8775612115859985,0.8694926500320435,0.007988839410245419,0.7973081469535828,0.07240477204322815
41,29,0.7173935770988464,0.7114829421043396,0.005865027196705341,0.45577675104141235,0.06736999750137329
41,30,0.41673097014427185,0.41081055998802185,0.005770366173237562,1.5004427433013916,0.04225059971213341
41,31,0.123385950922966,0.1218981221318245,0.0014756823657080531,0.12147781252861023,0.07369554787874222
41,32,0.020631840452551842,0.02050025388598442,9.73943097051233e-05,0.34192368388175964,0.003604765050113201
41,33,0.025353509932756424,0.025164833292365074,0.00015390972839668393,0.3476620018482208,0.006780271418392658
41,34,0.32484403252601624,0.3208346366882324,0.003943135030567646,0.6625343561172485,0.04463675618171692
41,35,1.0331895351409912,0.9874151945114136,0.044025979936122894,17.483440399169922,0.13634681701660156
41,36,1.1227079629898071,1.080809235572815,0.040344588458538055,15.541523933410645,0.1666620969772339
41,37,0.8904469013214111,0.871403694152832,0.018503785133361816,5.393958568572998,0.11754582822322845
41,38,0.23848628997802734,0.23601511120796204,0.0024493399541825056,0.21850048005580902,0.06756454706192017
41,39,0.23438534140586853,0.23190578818321228,0.0024609628599137068,0.1859765201807022,0.06330645084381104
41,40,0.2239505797624588,0.22167229652404785,0.002258678199723363,0.19605836272239685,0.054569147527217865
41,41,0.013056681491434574,0.012981054373085499,6.062612374080345e-05,0.15001004934310913,0.06592170894145966
41,42,0.9516355395317078,0.9145610928535461,0.035556718707084656,15.177350997924805,0.11048104614019394
41,43,0.12595076858997345,0.12458346039056778,0.0013549876166507602,0.12325369566679001,0.06936387717723846
41,44,0.9344412088394165,0.9245957136154175,0.00974275916814804,1.0272979736328125,0.09580129384994507
41,45,0.8940199017524719,0.885252058506012,0.008661596104502678,1.062498927116394,0.08053086698055267
41,46,0.8423050045967102,0.8181673288345337,0.023621629923582077,5.160322666168213,0.45356279611587524
41,47,0.2545669972896576,0.2530432343482971,0.0015095144044607878,0.14259208738803864,0.0292812567204237
41,48,0.12760519981384277,0.126488596200943,0.00110707338899374,0.09535630792379379,0.06086456775665283
41,49,0.41545000672340393,0.4112289547920227,0.004106380511075258,1.1469054222106934,0.038823556154966354
41,50,0.8815985918045044,0.854829728603363,0.026047108694911003,7.2176923751831055,0.6011664867401123
41,51,0.33442583680152893,0.331997275352478,0.0024117466527968645,0.1681290864944458,0.012206033803522587
41,52,0.8834354877471924,0.8764349818229675,0.006927590351551771,0.7288044691085815,0.15060356259346008
41,53,1.152402639389038,1.1212010383605957,0.03049612045288086,7.054285049438477,0.22921670973300934
41,54,0.7154579162597656,0.7099789977073669,0.005434825085103512,0.440890908241272,0.09135328233242035
41,55,0.5778751373291016,0.5740605592727661,0.0037966077215969563,0.17962302267551422,0.09938675165176392
41,56,0.8266791105270386,0.8093888163566589,0.016892269253730774,3.980642080307007,0.371853768825531
41,57,0.9144870042800903,0.9071434736251831,0.007290355861186981,0.5319408774375916,0.10420577973127365
41,58,0.41341063380241394,0.4099133014678955,0.003469721879810095,0.2760516405105591,0.05601954832673073
41,59,0.4714335501194,0.46445411443710327,0.006830940023064613,1.4850711822509766,0.04722946882247925
41,60,0.3809480369091034,0.3781760334968567,0.002758209127932787,0.138098806142807,0.026836983859539032
41,61,0.8625308871269226,0.8437870740890503,0.018293611705303192,4.501702308654785,0.3951505422592163
41,62,0.4119475781917572,0.4071863889694214,0.004658917430788279,1.0227097272872925,0.060261718928813934
41,63,0.9250275492668152,0.9040180444717407,0.020491711795330048,5.177733898162842,0.6007214188575745
41,64,0.419784277677536,0.41306424140930176,0.006560947746038437,1.5909667015075684,0.05996473878622055
41,65,1.103257417678833,1.0674870014190674,0.03462263569235802,11.4771146774292,0.2041059136390686
41,66,0.12503917515277863,0.12390746921300888,0.0011249115923419595,0.06798740476369858,0.05048718303442001
41,67,0.9218831062316895,0.9001317024230957,0.02099936455488205,7.5206098556518555,0.120323546230793
41,68,0.037410710006952286,0.0371403843164444,0.00023903849069029093,0.31289079785346985,0.016485348343849182
41,69,0.438588410615921,0.43365657329559326,0.004880160558968782,0.5166338086128235,0.047490544617176056
41,70,0.9036151170730591,0.877785325050354,0.024748021736741066,10.817469596862793,0.08882495760917664
41,71,0.7216874957084656,0.7145952582359314,0.00703946128487587,0.5273569822311401,0.0779884085059166
41,72,0.7102164626121521,0.7029770612716675,0.007164353039115667,0.750353217124939,0.07371944189071655
41,73,0.3616047501564026,0.35867416858673096,0.0029112924821674824,0.19294153153896332,0.019649196416139603
41,74,0.7590281963348389,0.7505320310592651,0.008401306346058846,0.9481629729270935,0.08480416238307953
41,75,0.599291980266571,0.5862085819244385,0.012804998084902763,2.784316062927246,0.22585442662239075
41,76,0.9440188407897949,0.9123935699462891,0.03053690306842327,10.883636474609375,0.15116944909095764
41,77,0.015891190618276596,0.015792271122336388,7.117314817151055e-05,0.2774616777896881,0.002828264841809869
41,78,0.9674805998802185,0.9406125545501709,0.02596738561987877,9.007019996643066,0.16157525777816772
41,79,0.26921871304512024,0.2637353539466858,0.005356175359338522,1.272093415260315,0.020416956394910812
41,80,0.12030637264251709,0.11855495721101761,0.001738891238346696,0.12522195279598236,0.09851402789354324
41,81,0.8468173146247864,0.8395946025848389,0.007165761664509773,0.5693241953849792,0.11974290758371353
41,82,0.8697701096534729,0.8624762296676636,0.007223358377814293,0.704981803894043,0.12869960069656372
41,83,0.4130500257015228,0.4090280830860138,0.00396629236638546,0.556555449962616,0.03950243815779686
41,84,0.6863237023353577,0.6800687313079834,0.006209912244230509,0.45033738017082214,0.09152361750602722
41,85,0.028870202600955963,0.028673334047198296,0.00016375728591810912,0.33110472559928894,0.0072066206485033035
41,86,0.9142246842384338,0.9066448211669922,0.007511592004448175,0.6825778484344482,0.096720390021801
41,87,0.13391898572444916,0.13152694702148438,0.0023648636415600777,0.27181440591812134,0.11999683827161789
41,88,0.959639847278595,0.9420825242996216,0.017000891268253326,5.564382553100586,0.10608978569507599
41,89,0.5897142291069031,0.5812108516693115,0.008358163759112358,1.451898455619812,0.22919636964797974
41,90,0.985174298286438,0.9627704620361328,0.021566780284047127,8.370025634765625,0.10048002749681473
41,91,0.4059857130050659,0.4021063446998596,0.0038308848161250353,0.4848686456680298,0.029875092208385468
41,92,0.424360066652298,0.41717302799224854,0.007023189216852188,1.6385833024978638,0.037269413471221924
41,93,0.9014777541160583,0.8731922507286072,0.02765899896621704,6.265120983123779,0.5502124428749084
41,94,0.805831253528595,0.7805078625679016,0.024781040847301483,5.423506736755371,0.35285431146621704
41,95,0.3301875591278076,0.32725614309310913,0.002906334586441517,0.2508554458618164,0.018192589282989502
41,96,0.7863738536834717,0.7657789587974548,0.020130392163991928,4.645140171051025,0.49444782733917236
41,97,0.6018857955932617,0.5896784067153931,0.01196154486387968,2.4584357738494873,0.2107509821653366
41,98,0.8116259574890137,0.7881960868835449,0.02296132594347,4.685733795166016,0.34338515996932983
41,99,0.8233094811439514,0.8027282953262329,0.020014533773064613,5.666531085968018,0.4997538924217224
41,100,0.7153390645980835,0.7090893387794495,0.006194732151925564,0.5498926639556885,0.07874248176813126
42,1,0.8293231129646301,0.8146066069602966,0.01447775587439537,2.387739896774292,0.5101438164710999
42,2,0.12242153286933899,0.12097581475973129,0.0014338039327412844,0.1191280409693718,0.08722609281539917
42,3,0.5865965485572815,0.5777857899665833,0.008658661507070065,1.5209264755249023,0.2260478436946869
42,4,0.12352337688207626,0.12204292416572571,0.0014666703063994646,0.1378020942211151,0.0916912630200386
42,5,0.3150724172592163,0.3119572401046753,0.003071302780881524,0.43865689635276794,0.04344778507947922
42,6,0.17782393097877502,0.17681458592414856,0.0009986207587644458,0.10730823874473572,0.008328722789883614
42,7,0.9344484806060791,0.9249287843704224,0.009383157826960087,1.365780234336853,0.1350536346435547
42,8,0.32535168528556824,0.3218272924423218,0.003470303490757942,0.5410474538803101,0.044402286410331726
42,9,0.011900468729436398,0.011815776117146015,6.899556319694966e-05,0.15697579085826874,0.06128539890050888
42,10,0.3819185197353363,0.37880465388298035,0.0030860230326652527,0.2783375382423401,0.0309416763484478
42,11,0.7076908349990845,0.7006807327270508,0.006945264060050249,0.6482916474342346,0.09036633372306824
42,12,0.8984836935997009,0.8901227116584778,0.00828598067164421,0.7500145435333252,0.09449198842048645
42,13,0.33850470185279846,0.33530890941619873,0.0031681666150689125,0.27615469694137573,0.017995087429881096
42,14,0.3162892460823059,0.3135767877101898,0.0026960750110447407,0.16390804946422577,0.05656974017620087
42,15,0.4512167274951935,0.444802463054657,0.006332107819616795,0.821677565574646,0.0669446587562561
42,16,0.84413081407547,0.8361147046089172,0.007952854037284851,0.6322938799858093,0.14351454377174377
42,17,0.8660647869110107,0.8576962947845459,0.008286668919026852,0.8184842467308044,0.1454586684703827
42,18,0.3826516270637512,0.3789367973804474,0.003689656499773264,0.25190672278404236,0.03418033570051193
42,19,0.12297885119915009,0.12100106477737427,0.0019614417105913162,0.16345883905887604,0.10885468125343323
42,20,0.2625280022621155,0.259250670671463,0.0032413776498287916,0.35930004715919495,0.06887480616569519
42,21,0.44052547216415405,0.4362179934978485,0.004273846745491028,0.3361368477344513,0.03818024694919586
42,22,0.03259984403848648,0.03248833119869232,0.00010715048119891435,0.04362017288804054,0.005572456866502762
42,23,0.42527493834495544,0.41950297355651855,0.0056580835953354836,1.138655185699463,0.050919435918331146
42,24,0.9348101019859314,0.912900447845459,0.021126117557287216,7.835396766662598,0.09220778942108154
42,25,0.4690265953540802,0.46310755610466003,0.005857680458575487,0.6135707497596741,0.05048329383134842
42,26,0.3726520538330078,0.3695598244667053,0.003078542649745941,0.1367337703704834,0.02436613291501999
42,27,0.3809705674648285,0.3778519630432129,0.003093889681622386,0.2470720261335373,0.0289924256503582
42,28,0.41535723209381104,0.4084169864654541,0.006768641993403435,1.7160592079162598,0.05187420919537544
42,29,0.9312692880630493,0.9211812615394592,0.009962095879018307,1.259454369544983,0.12768612802028656
42,30,0.6935768723487854,0.6863298416137695,0.007194912992417812,0.5211266875267029,0.07739891111850739
42,31,0.12650367617607117,0.12466230243444443,0.0018252729205414653,0.16105732321739197,0.09525871276855469
42,32,0.9676221013069153,0.9367291927337646,0.029578447341918945,13.144676208496094,0.11668441444635391
42,33,0.8239271640777588,0.8022434711456299,0.021088026463985443,5.957173824310303,0.5116750001907349
42,34,0.3541198968887329,0.35152187943458557,0.002587455091997981,0.10548260807991028,0.03456626832485199
42,35,0.9393622279167175,0.912860095500946,0.025833232328295708,6.688817977905273,0.5372140407562256
42,36,0.4355994462966919,0.4286590814590454,0.006770691834390163,1.6965512037277222,0.05619365721940994
42,37,0.19130659103393555,0.1899368166923523,0.0013489825651049614,0.20793509483337402,0.010711606591939926
42,38,0.8907239437103271,0.880391001701355,0.010255487635731697,0.7745049595832825,0.10136129707098007
42,39,0.04362430423498154,0.04319231957197189,0.0003932218824047595,0.38762158155441284,0.019187090918421745
42,40,0.026969267055392265,0.026772117242217064,0.00016217291704379022,0.34976112842559814,0.006722771562635899
42,41,0.2409372180700302,0.23866182565689087,0.0022528497502207756,0.2253880351781845,0.046795498579740524
42,42,0.9285650253295898,0.9156135320663452,0.012809586711227894,1.419093132019043,0.13795903325080872
42,43,0.06796517968177795,0.06745587289333344,0.0005010706372559071,0.08234577625989914,0.011321835219860077
42,44,0.36926865577697754,0.36658498644828796,0.002666713437065482,0.1695239245891571,0.019807247444987297
42,45,0.02600758522748947,0.02583220787346363,0.00014173780800774693,0.3364008963108063,0.006354128941893578
42,46,0.015789587050676346,0.015681445598602295,7.635029760422185e-05,0.3179108798503876,0.002676000352948904
42,47,0.021203290671110153,0.021079208701848984,9.224514360539615e-05,0.31835678219795227,0.004787219688296318
42,48,0.013114693574607372,0.013029681518673897,6.903367466293275e-05,0.15979143977165222,0.054990701377391815
42,49,0.3932538628578186,0.38855698704719543,0.004653685726225376,0.4319678246974945,0.06322663277387619
42,50,1.0842382907867432,1.0628308057785034,0.021007318049669266,4.001808166503906,0.15871569514274597
42,51,1.1448969841003418,1.1161575317382812,0.028138285502791405,6.011250019073486,0.1676941215991974
42,52,0.8489707112312317,0.8224201202392578,0.025942010805010796,6.085716724395752,0.34599965810775757
42,53,0.1291755586862564,0.12737587094306946,0.0017858499195426702,0.13846445083618164,0.0806247666478157
42,54,0.03194287046790123,0.03186236694455147,8.029255695873871e-05,0.002105634892359376,0.005280888639390469
42,55,0.7616415023803711,0.753106415271759,0.008461353369057178,0.7374984622001648,0.10504757612943649
42,56,0.32115063071250916,0.3177703619003296,0.0033294917084276676,0.5078737735748291,0.05118390545248985
42,57,0.34651467204093933,0.34301018714904785,0.0034739631228148937,0.3051099479198456,0.021426580846309662
42,58,0.43224331736564636,0.4244624376296997,0.007533641532063484,2.472273826599121,0.0638611763715744
42,59,0.017747072502970695,0.017647860571742058,8.154115494107828e-05,0.17671063542366028,0.07280072569847107
42,60,0.034892454743385315,0.034599535167217255,0.0002551143988966942,0.37805959582328796,0.008057530969381332
42,61,0.8279237747192383,0.8065136671066284,0.020986128598451614,4.239908695220947,0.3987058401107788
42,62,0.45043349266052246,0.4428059160709381,0.007453025318682194,1.745539903640747,0.035300977528095245
42,63,0.9361518621444702,0.9268636107444763,0.009186383336782455,1.0185317993164062,0.1218869686126709
42,64,0.43502283096313477,0.42825329303741455,0.006581638474017382,1.879062294960022,0.04440094530582428
42,65,0.37993717193603516,0.3772464990615845,0.002675915602594614,0.14744441211223602,0.01795864664018154
42,66,0.9095286726951599,0.9019661545753479,0.007508572656661272,0.5391310453414917,0.08093754202127457
42,67,0.4337831735610962,0.42756387591362,0.006067998707294464,1.513015627861023,0.031270500272512436
42,68,0.11760076880455017,0.11673015356063843,0.0008661990286782384,0.04414621368050575,0.031500425189733505
42,69,0.12149583548307419,0.12064418941736221,0.0008472250774502754,0.0442081019282341,0.03089982643723488
42,70,0.8430944681167603,0.8240677714347839,0.018611818552017212,4.148593902587891,0.40294864773750305
42,71,0.8973352313041687,0.8807716369628906,0.016027064993977547,5.364743232727051,0.11548352241516113
42,72,1.113567590713501,1.0922106504440308,0.020931139588356018,4.258575439453125,0.18752551078796387
42,73,0.32513371109962463,0.32090282440185547,0.004172952380031347,0.5792944431304932,0.018190082162618637
42,74,0.0420817993581295,0.041695497930049896,0.00034902250627055764,0.37278273701667786,0.017770491540431976
42,75,0.8625406622886658,0.8434767723083496,0.01869053766131401,3.7334301471710205,0.616555392742157
42,76,1.0208436250686646,0.9880570769309998,0.031682949513196945,11.035971641540527,0.19561421871185303
42,77,0.7118691802024841,0.7041867971420288,0.007611860055476427,0.7050489187240601,0.08058346807956696
42,78,0.9008987545967102,0.879440188407898,0.020865321159362793,5.932732582092285,0.46335336565971375
42,79,0.4326772093772888,0.4249567985534668,0.007511502131819725,2.0890614986419678,0.03576790541410446
42,80,0.6814009547233582,0.6749757528305054,0.006371199619024992,0.5402543544769287,0.05877896398305893
42,81,0.8253416419029236,0.8187152743339539,0.006590918637812138,0.35486888885498047,0.0623740553855896
42,82,0.8748809695243835,0.8574446439743042,0.017045941203832626,3.903965711593628,0.4098041355609894
42,83,0.012591456063091755,0.01255284808576107,7.77840796217788e-06,0.308291494846344,0.0012563422787934542
42,84,0.861901581287384,0.8408128023147583,0.02063174545764923,4.570537567138672,0.5033674836158752
42,85,0.6227049827575684,0.605239987373352,0.0171122457832098,3.5274720191955566,0.273495078086853
42,86,0.9050010442733765,0.8947964310646057,0.010140114463865757,0.6447860598564148,0.10916191339492798
42,87,0.7863155007362366,0.7627111673355103,0.022749802097678185,8.54566478729248,0.18817035853862762
42,88,0.024185465648770332,0.02403257042169571,0.00011371196887921542,0.3918258249759674,0.0028719245456159115
42,89,0.3379443287849426,0.33429086208343506,0.0036210184916853905,0.3246408998966217,0.016208447515964508
42,90,0.42007899284362793,0.412784218788147,0.007123042829334736,1.7171978950500488,0.059958189725875854
42,91,0.6327200531959534,0.6180673837661743,0.014341359958052635,3.1134371757507324,0.2691347599029541
42,92,0.37978288531303406,0.3755727708339691,0.004122647922486067,0.8746856451034546,0.040312573313713074
42,93,0.3216196596622467,0.318448007106781,0.003129781223833561,0.41862234473228455,0.03722817450761795
42,94,0.8910637497901917,0.8834401369094849,0.007576481439173222,0.4713853895664215,0.07515798509120941
42,95,0.023287583142518997,0.02315688692033291,9.97741226456128e-05,0.30922675132751465,0.005763091146945953
42,96,0.13369910418987274,0.13198959827423096,0.0016951652942225337,0.1433786004781723,0.0787172019481659
42,97,0.32157576084136963,0.3190429210662842,0.0025185192935168743,0.14327090978622437,0.012754164636135101
42,98,0.9005454778671265,0.8931962847709656,0.007296133320778608,0.530494213104248,0.08616940677165985
42,99,0.39621666073799133,0.3923060894012451,0.003860031720250845,0.5054015517234802,0.029760602861642838
42,100,0.3361035883426666,0.3332701623439789,0.0028096314053982496,0.2377566546201706,0.01802941970527172
43,1,0.847931444644928,0.8293893337249756,0.018100319430232048,4.417757987976074,0.6469938158988953
43,2,0.020493369549512863,0.020347079262137413,0.0001120972228818573,0.3419216573238373,0.004432646557688713
43,3,0.381771445274353,0.37665802240371704,0.005013439804315567,0.9997197985649109,0.046403925865888596
43,4,0.4325768053531647,0.4265378415584564,0.005900207906961441,1.3875160217285156,0.04115844890475273
43,5,0.5870393514633179,0.577387273311615,0.009481623768806458,1.7049157619476318,0.24485984444618225
43,6,0.015040724538266659,0.014934675768017769,7.447824464179575e-05,0.31571051478385925,0.003397841239348054
43,7,0.4038398563861847,0.39973771572113037,0.004055395256727934,0.46756988763809204,0.032987162470817566
43,8,0.8736540079116821,0.8654254674911499,0.008180330507457256,0.4824773073196411,0.09502633661031723
43,9,0.33891066908836365,0.3356972932815552,0.003186530899256468,0.268530011177063,0.02046193554997444
43,10,0.7592892646789551,0.7510578632354736,0.008146483451128006,0.8493902087211609,0.10090851783752441
43,11,0.6466904878616333,0.6304513812065125,0.01585748791694641,3.8160653114318848,0.24418604373931885
43,12,0.36118000745773315,0.35796862840652466,0.0031928413081914186,0.18530027568340302,0.022809822112321854
43,13,0.8240430951118469,0.8003638982772827,0.02317783236503601,5.0134358406066895,0.32221007347106934
43,14,0.8761988878250122,0.849129319190979,0.02624003402888775,8.295339584350586,0.5336703062057495
43,15,0.1963934600353241,0.19462275505065918,0.001739349216222763,0.313497930765152,0.011154811829328537
43,16,0.36371147632598877,0.36075812578201294,0.002938944846391678,0.1438373625278473,0.02158973552286625
43,17,0.8131396174430847,0.7880125045776367,0.02465090900659561,4.761569499969482,0.34843865036964417
43,18,0.42614132165908813,0.4208064675331116,0.00528933247551322,0.4549512267112732,0.05521390959620476
43,19,0.9011309742927551,0.8758291006088257,0.024627115577459335,6.74798583984375,0.5512003898620605
43,20,0.9299496412277222,0.9091703295707703,0.020057659596204758,7.216588973999023,0.10436289012432098
43,21,0.02650797739624977,0.02635420486330986,0.00012344380957074463,0.3032868802547455,0.0068833837285637856
43,22,0.40539616346359253,0.4007819592952728,0.00450317095965147,1.110296368598938,0.04073067009449005
43,23,0.704582154750824,0.6983838081359863,0.0061524105258286,0.45962291955947876,0.06780962646007538
43,24,0.0148966945707798,0.014803728088736534,6.397938705049455e-05,0.28987419605255127,0.0026842462830245495
43,25,0.024646226316690445,0.024486687034368515,0.0001287771010538563,0.30762192606925964,0.006550178863108158
43,26,1.1744273900985718,1.1406601667404175,0.03239496052265167,13.722400665283203,0.13160130381584167
43,27,0.958544909954071,0.9235990047454834,0.0335082933306694,14.37626838684082,0.12527459859848022
43,28,0.619398832321167,0.6061012744903564,0.013022206723690033,2.753685235977173,0.27184319496154785
43,29,0.5712778568267822,0.563174307346344,0.00802518054842949,0.7840436697006226,0.1001913920044899
43,30,0.04482452943921089,0.0444934256374836,0.0002904818393290043,0.40618839859962463,0.019051309674978256
43,31,0.13028137385845184,0.12895599007606506,0.0013174068881198764,0.07979357242584229,0.05424032360315323
43,32,0.5944616794586182,0.5669294595718384,0.026630043983459473,9.021944999694824,0.13924510776996613
43,33,0.02087843418121338,0.02074481174349785,9.677923662820831e-05,0.3684392273426056,0.00279505318030715
43,34,0.41806983947753906,0.41022562980651855,0.007641821168363094,2.0237879753112793,0.056037962436676025
43,35,0.020848577842116356,0.020740915089845657,7.558662036899477e-05,0.32077234983444214,0.002969518303871155
43,36,0.018169354647397995,0.018084289506077766,5.6851011322578415e-05,0.2821279764175415,0.0026630107313394547
43,37,0.43221017718315125,0.42419588565826416,0.0078086573630571365,2.056340217590332,0.030788147822022438
43,38,1.2051827907562256,1.1504297256469727,0.053619951009750366,11.330833435058594,0.22089436650276184
43,39,0.4333503842353821,0.42818382382392883,0.0051240697503089905,0.4248483180999756,0.04652465507388115
43,40,0.14019277691841125,0.13941329717636108,0.0007723723538219929,0.07102151215076447,0.05930660665035248
43,41,0.022979263216257095,0.0228995643556118,5.827996210427955e-05,0.21418091654777527,0.002583845518529415
43,42,1.0137200355529785,1.001503825187683,0.011928622610867023,2.8747544288635254,0.22674965858459473
43,43,0.38765573501586914,0.3860224485397339,0.0016231525223702192,0.1013018786907196,0.023316407576203346
43,44,0.12612983584403992,0.12539531290531158,0.0007306952029466629,0.0382772721350193,0.048411086201667786
43,45,0.4120539426803589,0.4095572829246521,0.0024750549346208572,0.21608024835586548,0.04167532920837402
43,46,0.40225949883461,0.40003859996795654,0.002208397723734379,0.12472449988126755,0.05211967974901199
43,47,0.38130903244018555,0.3784269690513611,0.002872415352612734,0.0964963361620903,0.05021551251411438
43,48,0.19056662917137146,0.189266175031662,0.0012914987746626139,0.08961614966392517,0.024226181209087372
43,49,0.9200536608695984,0.9126491546630859,0.007355837617069483,0.4867286682128906,0.30465298891067505
43,50,0.44473057985305786,0.44075003266334534,0.003927723970264196,0.5280369520187378,0.08247304707765579
43,51,1.0600981712341309,1.044689416885376,0.014976794831454754,4.319584846496582,0.23525452613830566
43,52,0.3980342745780945,0.39545387029647827,0.0025673569180071354,0.13067448139190674,0.046461764723062515
43,53,0.42269206047058105,0.4198644757270813,0.002788306912407279,0.39270076155662537,0.04384990409016609
43,54,0.12606114149093628,0.12521472573280334,0.0008422310347668827,0.04191773384809494,0.04913836717605591
43,55,0.012464730069041252,0.012384186498820782,6.761311669833958e-05,0.12930022180080414,0.055195312947034836
43,56,0.39281097054481506,0.3908647298812866,0.0019346746848896146,0.11576111614704132,0.02179483324289322
43,57,0.4432632327079773,0.43957874178886414,0.0036614038981497288,0.23082414269447327,0.05784230679273605
43,58,0.8970975875854492,0.879826009273529,0.016869425773620605,4.021754264831543,0.3363620936870575
43,59,0.027161382138729095,0.027092304080724716,4.72781975986436e-05,0.21800771355628967,0.0026882945094257593
43,60,0.13112886250019073,0.13035225868225098,0.0007718458073213696,0.04746618866920471,0.03193003684282303
43,61,0.42948704957962036,0.42469650506973267,0.004682647064328194,1.0788631439208984,0.02609989047050476
43,62,0.2603999972343445,0.25842514634132385,0.0019543003290891647,0.20578105747699738,0.040880218148231506
43,63,0.3183403015136719,0.31469011306762695,0.0036226706579327583,0.27514201402664185,0.02430069074034691
43,64,0.3941167891025543,0.39061635732650757,0.0034677975345402956,0.326343834400177,0.02940380945801735
43,65,0.03162490949034691,0.03141602873802185,0.00017166670295409858,0.3721473515033722,0.0067959679290652275
43,66,0.9221093058586121,0.8823904991149902,0.038698840886354446,10.199578285217285,0.7473471760749817
43,67,0.41957029700279236,0.4128139615058899,0.006565986201167107,1.9034953117370605,0.037915609776973724
43,68,0.4351923167705536,0.42985695600509644,0.005291405133903027,0.4395700693130493,0.047504425048828125
43,69,0.0324244387447834,0.03234776854515076,5.0792186812032014e-05,0.25878995656967163,0.003515540389344096
43,70,0.1424921452999115,0.1409580111503601,0.0015221881913021207,0.11957725137472153,0.04287300258874893
43,71,0.055243611335754395,0.054882410913705826,0.000330889830365777,0.30308833718299866,0.017411544919013977
43,72,0.7679527401924133,0.7622833251953125,0.005604464560747147,0.6495850086212158,0.036782532930374146
43,73,1.0081881284713745,0.9897295832633972,0.017786908894777298,6.716282367706299,0.047380875796079636
43,74,0.4860818088054657,0.4819166660308838,0.004128769040107727,0.36393019556999207,0.029797885566949844
43,75,0.13014434278011322,0.12905821204185486,0.0010805027559399605,0.05638007074594498,0.040330588817596436
43,76,0.0464492104947567,0.04602367430925369,0.00038895063335075974,0.36586400866508484,0.020655032247304916
43,77,0.04533207416534424,0.044952597469091415,0.00034174948814325035,0.3772507607936859,0.019484471529722214
43,78,0.8538719415664673,0.8413374423980713,0.01232699491083622,2.074871301651001,0.260244756937027
43,79,0.7044934034347534,0.6949070692062378,0.009513339027762413,0.7302059531211853,0.11212943494319916
43,80,0.13684017956256866,0.13499601185321808,0.0018358344677835703,0.08330637961626053,0.08304771780967712
43,81,0.018435169011354446,0.018334679305553436,6.179785850690678e-05,0.3869256377220154,0.0038821662310510874
43,82,0.026992611587047577,0.02686113491654396,0.00011280492617515847,0.18671710789203644,0.1249764934182167
43,83,0.44907039403915405,0.43899741768836975,0.009881526231765747,1.9145534038543701,0.0722639188170433
43,84,0.9570286870002747,0.9409949779510498,0.015875155106186867,1.5853726863861084,0.1592673510313034
43,85,0.9051160216331482,0.8919060230255127,0.013135716319084167,0.7425990700721741,0.136858731508255
43,86,0.9097129702568054,0.883299708366394,0.025431744754314423,9.814867973327637,0.10767664015293121
43,87,0.8807680606842041,0.8646004796028137,0.015848856419324875,3.1870715618133545,0.18381692469120026
43,88,0.0989614874124527,0.09861339628696442,0.0003159808984491974,0.3211556077003479,0.02175942063331604
43,89,0.8846818208694458,0.8701964616775513,0.014160243794322014,3.2512288093566895,0.28815847635269165
43,90,0.39059215784072876,0.38681551814079285,0.0037542697973549366,0.2238447219133377,0.03116925060749054
43,91,0.5931325554847717,0.5811933875083923,0.011735361069440842,2.038172483444214,0.23827871680259705
43,92,1.2159065008163452,1.193054437637329,0.022392118349671364,4.598782539367676,0.15546917915344238
43,93,1.1640498638153076,1.1343168020248413,0.028817741200327873,9.152872085571289,0.18363097310066223
43,94,0.24604251980781555,0.24381089210510254,0.002214429434388876,0.17197713255882263,0.05556883290410042
43,95,0.9165490865707397,0.8916017413139343,0.024405552074313164,5.417764186859131,0.6346874237060547
43,96,0.16432112455368042,0.16145086288452148,0.0028355184476822615,0.34744641184806824,0.157790407538414
43,97,0.4698222279548645,0.4596782922744751,0.010075775906443596,0.6814472675323486,0.12472598254680634
43,98,0.3790918290615082,0.3757627606391907,0.0032896941993385553,0.3938204050064087,0.03818640112876892
43,99,0.886326253414154,0.8760517239570618,0.01016965787857771,1.048407793045044,0.1596491038799286
43,100,0.43296754360198975,0.4297952950000763,0.003110828110948205,0.6140905618667603,0.03191816806793213
44,1,0.023130813613533974,0.023038914427161217,6.700001540593803e-05,0.24899694323539734,0.0024847739841789007
44,2,0.9035592675209045,0.8978339433670044,0.005677253473550081,0.48049870133399963,0.08900120109319687
44,3,0.01899157091975212,0.018910711631178856,5.804896500194445e-05,0.2280934602022171,0.0022988514974713326
44,4,0.688880980014801,0.680474042892456,0.008214008063077927,1.929624319076538,0.1450381726026535
44,5,0.9483891725540161,0.9425730109214783,0.005762958433479071,0.532285749912262,0.08107954263687134
44,6,0.03291766718029976,0.03285527974367142,4.032893411931582e-05,0.22056563198566437,0.002369939349591732
44,7,0.05429380014538765,0.05405750498175621,0.00020931457402184606,0.2698153257369995,0.016821958124637604
44,8,0.8244336843490601,0.8087722063064575,0.015233287587761879,4.282055854797363,0.3433065414428711
44,9,0.7236235737800598,0.7179030776023865,0.005672120489180088,0.4839806854724884,0.07765387743711472
44,10,0.145443856716156,0.14404624700546265,0.001385448151268065,0.12166590988636017,0.11094930768013
44,11,0.053605083376169205,0.05323733389377594,0.00033283772063441575,0.34911882877349854,0.02402522601187229
44,12,0.12782296538352966,0.1269829124212265,0.0008350018179044127,0.05051054805517197,0.06112458556890488
44,13,1.0055614709854126,0.9791196584701538,0.02560177445411682,8.400866508483887,0.19973087310791016
44,14,1.1576918363571167,1.131640911102295,0.025427130982279778,6.237887859344482,0.16343653202056885
44,15,0.3710907995700836,0.36835920810699463,0.0027160178869962692,0.15580177307128906,0.027710385620594025
44,16,0.321413516998291,0.3187412917613983,0.002635431941598654,0.36811238527297974,0.04816967993974686
44,17,0.382719486951828,0.37819546461105347,0.004438205622136593,0.8582669496536255,0.04467745125293732
44,18,0.39292559027671814,0.38878312706947327,0.004093468654900789,0.48990750312805176,0.0319208949804306
44,19,0.028914788737893105,0.02876819670200348,0.0001192365525639616,0.273552268743515,0.007040040101855993
44,20,1.0263234376907349,0.987017035484314,0.03773007169365883,15.763381004333496,0.16804388165473938
44,21,0.3654926121234894,0.35920795798301697,0.006240241229534149,0.4441477656364441,0.03955889120697975
44,22,0.12592513859272003,0.12381543964147568,0.0020845727995038033,0.251264750957489,0.0974336713552475
44,23,0.3392198979854584,0.33441683650016785,0.00476674921810627,0.3628503680229187,0.025860726833343506
44,24,0.4654674530029297,0.4560360312461853,0.00932576134800911,1.0565638542175293,0.07382486760616302
44,25,0.33278489112854004,0.3305778503417969,0.0021703792735934258,0.3664577901363373,0.02412276901304722
44,26,0.6339055299758911,0.6213846206665039,0.012261560186743736,2.5935938358306885,0.20331847667694092
44,27,0.03449307009577751,0.034436874091625214,4.5117998524801806e-05,0.110800601541996,0.04113524407148361
44,28,0.32029667496681213,0.31880369782447815,0.0014714326243847609,0.21561293303966522,0.019142471253871918
44,29,0.4409962594509125,0.4360921084880829,0.004864989314228296,0.39147379994392395,0.041236571967601776
44,30,0.04614034295082092,0.04592258483171463,0.00019468167738523334,0.23077274858951569,0.01234960276633501
44,31,0.030060093849897385,0.0299856998026371,5.321687422110699e-05,0.21176254749298096,0.0029366612434387207
44,32,0.244500070810318,0.2435714304447174,0.0009195126476697624,0.09130442887544632,0.024008944630622864
44,33,0.9772831201553345,0.9575713276863098,0.019080311059951782,6.314324378967285,0.13802647590637207
44,34,1.1766703128814697,1.153996467590332,0.02196216583251953,7.116691589355469,0.13815400004386902
44,35,0.39108672738075256,0.38899046182632446,0.002081707352772355,0.14548426866531372,0.026333045214414597
44,36,0.12678316235542297,0.12589207291603088,0.0008865117561072111,0.04577917605638504,0.04840485006570816
44,37,0.9003423452377319,0.886687159538269,0.01352072786539793,1.3444888591766357,0.24207818508148193
44,38,1.2346810102462769,1.20357084274292,0.030473630875349045,6.36570930480957,0.24164080619812012
44,39,0.13035689294338226,0.1282336413860321,0.0020986758172512054,0.24574123322963715,0.1627522110939026
44,40,0.4470537602901459,0.43804001808166504,0.008811656385660172,2.020761728286743,0.054765161126852036
44,41,1.1092852354049683,1.0801187753677368,0.028614938259124756,5.515768051147461,0.1872483789920807
44,42,0.025457927957177162,0.025315430015325546,0.00010817179281730205,0.34326064586639404,0.0031537245959043503
44,43,0.3306249976158142,0.3258436620235443,0.004734713118523359,0.46601882576942444,0.020054899156093597
44,44,0.43312451243400574,0.42715680599212646,0.00584006542339921,1.2764774560928345,0.03927460312843323
44,45,0.020445292815566063,0.020341694355010986,7.325349724851549e-05,0.3034345209598541,0.0030211126431822777
44,46,0.3459567129611969,0.3418320417404175,0.004037462640553713,0.8719465732574463,0.03644350916147232
44,47,0.029296981170773506,0.029155118390917778,0.00011322552018100396,0.28637561202049255,0.007214168552309275
44,48,0.8666704297065735,0.8566202521324158,0.009956770576536655,0.9340088963508606,0.10954904556274414
44,49,0.8621103763580322,0.8419606685638428,0.01965785212814808,4.918320178985596,0.325252890586853
44,50,0.44173577427864075,0.43907734751701355,0.0026377858594059944,0.20642784237861633,0.026167653501033783
44,51,1.2088464498519897,1.1829543113708496,0.025313200429081917,5.789181232452393,0.10801785439252853
44,52,0.5558246374130249,0.5472406148910522,0.0084422267973423,1.4176983833312988,0.2024056315422058
44,53,0.020665554329752922,0.020561113953590393,7.480214117094874e-05,0.29637646675109863,0.0033532343804836273
44,54,0.9604414105415344,0.931959867477417,0.027657877653837204,8.236797332763672,0.19828948378562927
44,55,0.9321051836013794,0.9036717414855957,0.027559874579310417,8.73582935333252,0.13871479034423828
44,56,0.35319507122039795,0.3494507670402527,0.003714443650096655,0.29859137535095215,0.019877441227436066
44,57,0.8491142392158508,0.8410434722900391,0.008022721856832504,0.4802643358707428,0.11555787920951843
44,58,0.8892367482185364,0.8765993118286133,0.012355303391814232,2.8209619522094727,0.12432359158992767
44,59,0.3247453272342682,0.3221777677536011,0.002530957804992795,0.3660520613193512,0.04519597440958023
44,60,0.0436379574239254,0.043357983231544495,0.000246723007876426,0.33251652121543884,0.01949591562151909
44,61,0.5973162055015564,0.5894030332565308,0.007773956283926964,1.3926185369491577,0.24278244376182556
44,62,0.9463943839073181,0.9373293519020081,0.008994698524475098,0.7031233906745911,0.10933500528335571
44,63,0.19107413291931152,0.1901150643825531,0.0009502106113359332,0.0884985476732254,0.00859682634472847
44,64,0.38437801599502563,0.3812577426433563,0.0030709626153111458,0.4930960237979889,0.04310090094804764
44,65,0.02824466861784458,0.028100043535232544,0.00011369887215550989,0.3092597723007202,0.007976919412612915
44,66,0.021296538412570953,0.021191570907831192,7.383899355772883e-05,0.31127601861953735,0.0037911278195679188
44,67,0.3989921510219574,0.39641356468200684,0.0025555631145834923,0.2302590310573578,0.028889000415802002
44,68,0.01349782943725586,0.013432466425001621,4.998254371457733e-05,0.15380683541297913,0.05712754279375076
44,69,0.4346354603767395,0.430777370929718,0.003828103421255946,0.2998564839363098,0.048645276576280594
44,70,0.026128634810447693,0.025991935282945633,0.00010490611748537049,0.3179296851158142,0.008729388006031513
44,71,0.42674925923347473,0.42133933305740356,0.005248865112662315,1.610416293144226,0.04998701810836792
44,72,0.9488039016723633,0.9269859790802002,0.021083300933241844,7.3464531898498535,0.11298917233943939
44,73,0.42758244276046753,0.4235747158527374,0.003972608130425215,0.3510330021381378,0.053921639919281006
44,74,0.01923326589167118,0.019123919308185577,7.389255188172683e-05,0.3545324206352234,0.003958973567932844
44,75,0.23096951842308044,0.22905761003494263,0.0018943039467558265,0.17604447901248932,0.05095362663269043
44,76,0.01136003341525793,0.011293960735201836,4.862930654780939e-05,0.17443619668483734,0.0560513436794281
44,77,0.025369709357619286,0.025198914110660553,0.00013435790606308728,0.3643668591976166,0.007944436743855476
44,78,0.4235572814941406,0.4195823669433594,0.003929930739104748,0.4498259127140045,0.03712814673781395
44,79,0.22496624290943146,0.22290962934494019,0.002039112616330385,0.17495134472846985,0.04669451713562012
44,80,0.18786388635635376,0.18659387528896332,0.0012562819756567478,0.13720273971557617,0.010750304907560349
44,81,0.2039691060781479,0.20154766738414764,0.0023894645273685455,0.31972405314445496,0.02902284637093544
44,82,0.4186932444572449,0.41327643394470215,0.0052796900272369385,1.3712726831436157,0.03686758875846863
44,83,0.9037274718284607,0.8931589126586914,0.010444937273859978,1.2364170551300049,0.14363360404968262
44,84,0.8077072501182556,0.7829198241233826,0.024155836552381516,6.315857887268066,0.3067101836204529
44,85,0.04512210190296173,0.04465118423104286,0.00042752057197503746,0.43394333124160767,0.0248359814286232
44,86,1.1074273586273193,1.084060549736023,0.02286480739712715,5.019812107086182,0.159895658493042
44,87,0.8675094246864319,0.8571317195892334,0.010272125713527203,1.0553795099258423,0.14942187070846558
44,88,0.22819624841213226,0.2255459427833557,0.0026280239690095186,0.22278034687042236,0.05487770214676857
44,89,0.383976012468338,0.38065841794013977,0.0033007911406457424,0.1680404394865036,0.02589651197195053
44,90,0.19168931245803833,0.18967565894126892,0.0019834311679005623,0.30224481225013733,0.011242207139730453
44,91,0.02774127759039402,0.027554282918572426,0.00014945107977837324,0.3754291236400604,0.010282051749527454
44,92,0.8893085718154907,0.864107608795166,0.024625081568956375,5.759085178375244,0.5460907220840454
44,93,0.3265129327774048,0.3224494159221649,0.004009844735264778,0.5368327498435974,0.04456634819507599
44,94,0.0430850014090538,0.04272785782814026,0.00031732197385281324,0.39824917912483215,0.024930112063884735
44,95,0.8931062817573547,0.8836441040039062,0.009379285387694836,0.8289554119110107,0.13397064805030823
44,96,0.7886576056480408,0.7657748460769653,0.022360796108841896,5.219727993011475,0.3186480402946472
44,97,0.19578763842582703,0.1943272054195404,0.0014450259041041136,0.1541375070810318,0.011721407994627953
44,98,0.015045386739075184,0.014949423260986805,6.377178942784667e-05,0.3219185173511505,0.0029128682799637318
44,99,0.01570296101272106,0.015597756020724773,7.334488327614963e-05,0.3186035752296448,0.003568488173186779
44,100,0.3322613537311554,0.3293854296207428,0.0028350683860480785,0.40861186385154724,0.03984161466360092
45,1,0.9207853078842163,0.9007076621055603,0.019404418766498566,6.732637405395508,0.10810939967632294
45,2,0.02716452069580555,0.026987988501787186,0.00014318717876449227,0.3334459066390991,0.00832031387835741
45,3,0.07290767133235931,0.07252626121044159,0.0003748023300431669,0.0660746619105339,0.01421247236430645
45,4,0.04138853773474693,0.04102180898189545,0.0003292573383077979,0.3747384548187256,0.024484507739543915
45,5,0.42511293292045593,0.4185320734977722,0.006447518244385719,1.3334426879882812,0.03822601959109306
45,6,0.8460094928741455,0.8285913467407227,0.016894739121198654,5.233687877655029,0.5596671104431152
45,7,0.34752848744392395,0.34415754675865173,0.003344306955114007,0.26634275913238525,0.017990928143262863
45,8,0.023798221722245216,0.023646429181098938,0.00011548760812729597,0.3630407154560089,0.003456848207861185
45,9,0.3736523985862732,0.3696812391281128,0.003918627742677927,0.5254622101783752,0.04618586599826813
45,10,0.19398444890975952,0.19250625371932983,0.0014616212574765086,0.16568304598331451,0.01265612430870533
45,11,0.23090484738349915,0.22858406603336334,0.0022963774390518665,0.24409033358097076,0.057219576090574265
45,12,1.1079750061035156,1.0870054960250854,0.02054356038570404,4.259642124176025,0.16703689098358154
45,13,0.6179314255714417,0.6056020259857178,0.012103918939828873,2.254990816116333,0.28690338134765625
45,14,0.13392053544521332,0.13111013174057007,0.0027785422280430794,0.3185136616230011,0.11622735112905502
45,15,0.7152554392814636,0.7073466777801514,0.007841462269425392,0.672974705696106,0.09563720971345901
45,16,0.45081353187561035,0.44502386450767517,0.005739075131714344,0.5061720609664917,0.06048566475510597
45,17,0.8226178288459778,0.8147391080856323,0.007811179384589195,0.6750562191009521,0.11419633030891418
45,18,0.1323099434375763,0.13128170371055603,0.0010198404779657722,0.08404209464788437,0.042591873556375504
45,19,0.32343488931655884,0.32093626260757446,0.002473127329722047,0.2551394999027252,0.02889377623796463
45,20,0.4074132740497589,0.4015248119831085,0.005763725843280554,1.2472621202468872,0.02312605082988739
45,21,0.029722724109888077,0.029571212828159332,0.00012243477976880968,0.2907545268535614,0.006594490725547075
45,22,0.018166091293096542,0.01808076538145542,5.817040437250398e-05,0.2715610861778259,0.002356182551011443
45,23,1.0807253122329712,1.0510485172271729,0.02873656153678894,9.402379035949707,0.14040854573249817
45,24,0.6507329344749451,0.6372450590133667,0.013180731795728207,3.0716400146484375,0.21544507145881653
45,25,0.33006373047828674,0.3272431492805481,0.002778764348477125,0.41808778047561646,0.037478312849998474
45,26,0.12010295689105988,0.11859916150569916,0.0014924220740795135,0.11369827389717102,0.08594462275505066
45,27,0.41808730363845825,0.4122249484062195,0.0057119810953736305,1.5038974285125732,0.03740290179848671
45,28,0.4063284993171692,0.40068918466567993,0.0055201174691319466,1.1922187805175781,0.057377301156520844
45,29,1.1063913106918335,1.0810654163360596,0.024783970788121223,5.4194746017456055,0.1873289942741394
45,30,0.05001494660973549,0.04956897348165512,0.0004037792969029397,0.42192232608795166,0.026102330535650253
45,31,0.914678692817688,0.9032763838768005,0.011317749507725239,0.8455159068107605,0.12787111103534698
45,32,0.045683689415454865,0.045285664498806,0.0003571907873265445,0.4083302319049835,0.023426204919815063
45,33,0.12109663337469101,0.12017698585987091,0.000914395903237164,0.05252968147397041,0.044768884778022766
45,34,0.4161645770072937,0.4123542308807373,0.003766808658838272,0.43549948930740356,0.035138268023729324
45,35,1.1805037260055542,1.154577612876892,0.025395311415195465,5.30831241607666,0.14555516839027405
45,36,0.8529371619224548,0.8445160388946533,0.008343871682882309,0.7724355459213257,0.12329915165901184
45,37,1.1453982591629028,1.114871621131897,0.029671408236026764,8.552108764648438,0.1654348373413086
45,38,0.9329155683517456,0.9060826301574707,0.025997918099164963,8.350150108337402,0.11150049418210983
45,39,0.018233204260468483,0.01814187690615654,6.337687955237925e-05,0.2795024514198303,0.0026065614074468613
45,40,0.19961576163768768,0.1982434093952179,0.0013533567544072866,0.1899225413799286,0.008882975205779076
45,41,0.8116199374198914,0.7892780900001526,0.02189498022198677,4.468421459197998,0.3310263752937317
45,42,0.5986426472663879,0.5857203006744385,0.012644586153328419,2.777578115463257,0.21665629744529724
45,43,0.378009557723999,0.37541234493255615,0.002581553300842643,0.15633296966552734,0.020454293116927147
45,44,0.028760353103280067,0.028584763407707214,0.00014531551278196275,0.3027448356151581,0.006309149786829948
45,45,0.04228825867176056,0.041972070932388306,0.0002827486605383456,0.33438217639923096,0.019262243062257767
45,46,0.8742278814315796,0.848410427570343,0.025273805484175682,5.436729907989502,0.3607373833656311
45,47,0.41989898681640625,0.4150369167327881,0.004739218857139349,1.2285079956054688,0.03442228585481644
45,48,0.12779411673545837,0.12609250843524933,0.0016871545230969787,0.1446092575788498,0.09914874285459518
45,49,0.02234583906829357,0.022225257009267807,8.894191705621779e-05,0.3163991868495941,0.0032099103555083275
45,50,0.9137986898422241,0.9042496681213379,0.009484607726335526,0.6445954442024231,0.12071607261896133
45,51,0.9932640194892883,0.9683027267456055,0.0243205726146698,6.406810283660889,0.19636531174182892
45,52,0.9387093782424927,0.9182282090187073,0.019764799624681473,7.164026737213135,0.12065979838371277
45,53,0.12681882083415985,0.12596774101257324,0.0008464136626571417,0.04660532996058464,0.0422019362449646
45,54,0.4279567003250122,0.4241069555282593,0.0038161324337124825,0.33627209067344666,0.04792937636375427
45,55,0.8774658441543579,0.8708795309066772,0.006547723896801472,0.385394811630249,0.07729969173669815
45,56,0.8860166072845459,0.8694655895233154,0.016217775642871857,3.3322842121124268,0.5531027913093567
45,57,0.024313846603035927,0.02414088509976864,0.00014166880282573402,0.3129260838031769,0.007375333458185196
45,58,0.04013489931821823,0.03983624279499054,0.00026463204994797707,0.340225487947464,0.02150668576359749
45,59,0.4446040689945221,0.4398235082626343,0.004731217864900827,0.4935968518257141,0.04681740328669548
45,60,0.36228567361831665,0.359890341758728,0.002380301244556904,0.15006649494171143,0.0182039812207222
45,61,0.04269079118967056,0.042331889271736145,0.0003236816555727273,0.3521868884563446,0.02216414362192154
45,62,0.36472252011299133,0.3624016344547272,0.0023079500533640385,0.12941135466098785,0.018749892711639404
45,63,0.018102601170539856,0.017975345253944397,9.587909153196961e-05,0.313757061958313,0.0029749367386102676
45,64,0.12559238076210022,0.12388618290424347,0.0016923752846196294,0.13821347057819366,0.0886702686548233
45,65,0.015263047069311142,0.015157998539507389,7.495162572013214e-05,0.3009639084339142,0.0025602453388273716
45,66,0.4239882230758667,0.417400598526001,0.006376886740326881,2.1072115898132324,0.048577647656202316
45,67,0.015622296370565891,0.015505795367062092,8.594756218371913e-05,0.3055344521999359,0.002672514645382762
45,68,0.12401845306158066,0.12304569780826569,0.0009676655172370374,0.050875622779130936,0.041676655411720276
45,69,0.01850195601582527,0.018356237560510635,0.00011299403558950871,0.3272515833377838,0.0032856380566954613
45,70,0.19077853858470917,0.18939481675624847,0.0013668483588844538,0.1686226725578308,0.01070118322968483
45,71,1.0546995401382446,1.0226764678955078,0.03100513480603695,10.179390907287598,0.1941850483417511
45,72,0.6504576206207275,0.6328891515731812,0.017128001898527145,4.404817581176758,0.26691144704818726
45,73,0.041208647191524506,0.04083267226815224,0.00033935613464564085,0.3662033677101135,0.01972181349992752
45,74,0.4214106798171997,0.4167554974555969,0.004621398635208607,0.338075190782547,0.05089933052659035
45,75,0.37872135639190674,0.3761387765407562,0.0025701764971017838,0.12402031570672989,0.019756484776735306
45,76,0.12511490285396576,0.1242390125989914,0.0008708743844181299,0.05027705803513527,0.03793739527463913
45,77,0.6651259064674377,0.6534339189529419,0.011435098946094513,2.569047212600708,0.22055602073669434
45,78,0.12479960918426514,0.12399215251207352,0.0008017147774808109,0.05747620761394501,0.0360773429274559
45,79,0.8122925162315369,0.7912597060203552,0.020573187619447708,4.596262454986572,0.3121056854724884
45,80,0.01267098356038332,0.012586964294314384,6.459642463596538e-05,0.1942271739244461,0.05004708468914032
45,81,0.3832288980484009,0.3804903030395508,0.002723259385675192,0.1535719931125641,0.023166324943304062
45,82,0.3369285762310028,0.33334988355636597,0.0035240664146840572,0.5462737679481506,0.04523662477731705
45,83,0.7136169075965881,0.706457257270813,0.007093796506524086,0.6589226722717285,0.08928042650222778
45,84,0.9052109718322754,0.8765580654144287,0.027603447437286377,10.49431324005127,0.12036681175231934
45,85,1.0220556259155273,0.9856290817260742,0.03501458838582039,14.118575096130371,0.16826558113098145
45,86,0.7771610617637634,0.7672041654586792,0.00985957682132721,0.973276674747467,0.11668039858341217
45,87,0.8949630260467529,0.883515477180481,0.011350931599736214,0.9661087393760681,0.10874903202056885
45,88,1.1699254512786865,1.1423492431640625,0.027035564184188843,5.406120777130127,0.1954084038734436
45,89,0.02738638035953045,0.02702871337532997,0.0003168644034303725,0.40802934765815735,0.014780545607209206
45,90,0.01611623726785183,0.015997033566236496,8.212350076064467e-05,0.37079480290412903,0.0027044806629419327
45,91,0.3252393901348114,0.32163771986961365,0.0035536205396056175,0.4805194139480591,0.015912692993879318
45,92,0.4473057687282562,0.4419068396091461,0.005353355314582586,0.4555424153804779,0.05515771359205246
45,93,0.8627831935882568,0.8314946889877319,0.03055424802005291,7.342771053314209,0.3617956340312958
45,94,0.4657043516635895,0.4602840542793274,0.005373775027692318,0.4650837481021881,0.05548352003097534
45,95,0.5967954993247986,0.5861877799034119,0.01040942408144474,1.9829233884811401,0.19683164358139038
45,96,0.9458279013633728,0.9133572578430176,0.031158145517110825,13.1248779296875,0.09631933271884918
45,97,0.7173690795898438,0.7099448442459106,0.007347965147346258,0.7631284594535828,0.07614675164222717
45,98,0.8436545729637146,0.8363097310066223,0.0073066940531134605,0.3812003433704376,0.07950267195701599
45,99,0.2040921300649643,0.20236994326114655,0.0017011318122968078,0.21058876812458038,0.011404289864003658
45,100,0.8269338011741638,0.7987380027770996,0.027640875428915024,5.548944473266602,0.39304009079933167
46,1,0.39753884077072144,0.39271080493927,0.00476599857211113,0.6205248832702637,0.02851618267595768
46,2,0.12945300340652466,0.12840217351913452,0.0010445474181324244,0.06286250054836273,0.04439164698123932
46,3,0.889205276966095,0.8797215819358826,0.009392248466610909,0.9143861532211304,0.1254369616508484
46,4,0.8458787202835083,0.8388345837593079,0.006998278200626373,0.4584346115589142,0.11272777616977692
46,5,0.12414762377738953,0.12239658832550049,0.0017380272038280964,0.1301242858171463,0.09001918882131577
46,6,0.7065927982330322,0.6991573572158813,0.007362615782767534,0.7282684445381165,0.07799375057220459
46,7,0.19854287803173065,0.19725216925144196,0.001274551497772336,0.16146738827228546,0.008899834007024765
46,8,0.01610700599849224,0.01600424386560917,7.583809201605618e-05,0.26924392580986023,0.0027803608682006598
46,9,0.9200690388679504,0.8980957865715027,0.021228577941656113,7.4470624923706055,0.129864901304245
46,10,0.24582883715629578,0.24382489919662476,0.0019876500591635704,0.1628185361623764,0.0504404678940773
46,11,0.3219134211540222,0.3188217282295227,0.0030392061453312635,0.5246989130973816,0.04144171625375748
46,12,0.02352818287909031,0.02337496727705002,0.0001241576683241874,0.29056763648986816,0.002624332904815674
46,13,0.02687263861298561,0.02666618302464485,0.00017701616161502898,0.2943950891494751,0.00669778510928154
46,14,0.9312417507171631,0.9114001989364624,0.01916022039949894,6.813589572906494,0.11875098943710327
46,15,0.4049948453903198,0.3987710475921631,0.006082684267312288,1.4112695455551147,0.04164460301399231
46,16,0.41002771258354187,0.4055477976799011,0.004381443373858929,0.9845679402351379,0.044030092656612396
46,17,1.0489784479141235,1.0306639671325684,0.017941121011972427,3.7332301139831543,0.15180033445358276
46,18,0.8766605854034424,0.851254403591156,0.024785185232758522,6.210259437561035,0.39513760805130005
46,19,0.016404835507273674,0.0163321103900671,5.619900912279263e-05,0.16525855660438538,0.05284234136343002
46,20,0.12494753301143646,0.1239839494228363,0.0009587676613591611,0.04809547960758209,0.038043659180402756
46,21,1.059680700302124,1.032164454460144,0.026680462062358856,8.357390403747559,0.21379932761192322
46,22,0.04539767652750015,0.045046523213386536,0.0003180254134349525,0.33130618929862976,0.019431382417678833
46,23,0.6512041687965393,0.6323025226593018,0.01845628395676613,4.453577041625977,0.2854003310203552
46,24,0.018516935408115387,0.018401794135570526,8.645486377645284e-05,0.28686413168907166,0.002723993267863989
46,25,0.0159973856061697,0.015895619988441467,7.471180288121104e-05,0.27053937315940857,0.002523956121876836
46,26,0.1334494650363922,0.1325124055147171,0.0009318661759607494,0.052041031420230865,0.04446107894182205
46,27,0.19949375092983246,0.198157399892807,0.0013169408775866032,0.19422903656959534,0.00834188237786293
46,28,0.02486908994615078,0.024791311472654343,6.071320967748761e-05,0.17065420746803284,0.06468953937292099
46,29,0.601509690284729,0.5901246070861816,0.011142189614474773,2.429142475128174,0.24647513031959534
46,30,0.3207274079322815,0.3177052140235901,0.002978702075779438,0.4348628520965576,0.03423997759819031
46,31,1.1652181148529053,1.1429970264434814,0.021726692095398903,4.943988800048828,0.14932343363761902
46,32,0.2254377156496048,0.22391128540039062,0.0015122753102332354,0.14149892330169678,0.03013845533132553
46,33,0.39928704500198364,0.3944399952888489,0.00473465071991086,1.1238269805908203,0.03939861059188843
46,34,0.029215052723884583,0.02905464544892311,0.00012864440213888884,0.31764402985572815,0.007525565568357706
46,35,0.01778547838330269,0.017698805779218674,5.663152114721015e-05,0.30041173100471497,0.003972693812102079
46,36,0.019082942977547646,0.018960190936923027,8.971865463536233e-05,0.3303438723087311,0.00301568116992712
46,37,0.014223693870007992,0.014150287955999374,5.3599484090227634e-05,0.19806039333343506,0.071942538022995
46,38,0.021901272237300873,0.02177346497774124,9.33681585593149e-05,0.34437859058380127,0.0028922664932906628
46,39,0.7076315879821777,0.6979880928993225,0.009562463499605656,0.8098296523094177,0.12284000962972641
46,40,0.9671592712402344,0.9283051490783691,0.03734303265810013,15.110860824584961,0.14349830150604248
46,41,0.6604805588722229,0.65284264087677,0.007573737297207117,0.6421944499015808,0.08711203932762146
46,42,0.43433958292007446,0.4288251996040344,0.005463292356580496,0.5107607841491699,0.061743877828121185
46,43,0.7987872958183289,0.7703809142112732,0.027674708515405655,7.316629409790039,0.3523956537246704
46,44,0.7397302985191345,0.7329021692276001,0.006765052676200867,0.6306017637252808,0.0794229730963707
46,45,0.36240527033805847,0.36013099551200867,0.0022648442536592484,0.09428279101848602,0.03156282380223274
46,46,0.8181323409080505,0.7965383529663086,0.021090354770421982,5.036841869354248,0.24028059840202332
46,47,0.8614416718482971,0.8468277454376221,0.014242671430110931,3.7124807834625244,0.11972735822200775
46,48,0.8248412609100342,0.8079255819320679,0.016614815220236778,3.0089991092681885,0.5248386263847351
46,49,0.3693009614944458,0.3665042817592621,0.0027787862345576286,0.1786983609199524,0.02247150056064129
46,50,0.002496716333553195,0.0024750735610723495,2.622087095005554e-06,0.1902056187391281,0.07832452654838562
46,51,0.04324911907315254,0.04273600876331329,0.0004717957926914096,0.4131438732147217,0.02568848431110382
46,52,1.1820361614227295,1.1522325277328491,0.02898591011762619,8.178238868713379,0.17055191099643707
46,53,0.01702689938247204,0.016903039067983627,8.877821528585628e-05,0.3508363962173462,0.0026476550847291946
46,54,0.23253649473190308,0.2300904244184494,0.002418758813291788,0.27317264676094055,0.06830525398254395
46,55,0.1232496052980423,0.12185890972614288,0.0013841136824339628,0.06577080488204956,0.057421278208494186
46,56,0.41579127311706543,0.40936750173568726,0.0062899235635995865,1.3385196924209595,0.06600594520568848
46,57,0.8817213773727417,0.8720743656158447,0.009581031277775764,0.6597408056259155,0.11200404167175293
46,58,0.716310441493988,0.7084147930145264,0.007825767621397972,0.6986176371574402,0.10325141251087189
46,59,0.35701054334640503,0.3541957139968872,0.0028021419420838356,0.12694193422794342,0.022731948643922806
46,60,0.029839184135198593,0.029594335705041885,0.00021247744734864682,0.32370245456695557,0.008108633570373058
46,61,0.38464364409446716,0.3815957307815552,0.0030188446398824453,0.29071304202079773,0.027659768238663673
46,62,0.33775922656059265,0.3352528214454651,0.0024852717760950327,0.2114252746105194,0.016049183905124664
46,63,0.8247914910316467,0.7952522039413452,0.02873951941728592,7.997974872589111,0.3827309012413025
46,64,0.22572578489780426,0.22423574328422546,0.0014761924976482987,0.13847562670707703,0.03419162705540657
46,65,0.8339255452156067,0.8121737837791443,0.021184271201491356,5.674910068511963,0.5427249670028687
46,66,0.25640615820884705,0.25449252128601074,0.0018913017120212317,0.22320376336574554,0.03526580333709717
46,67,0.04793712496757507,0.04757276922464371,0.0003336408990435302,0.3071478307247162,0.01926334574818611
46,68,0.2031823694705963,0.20190006494522095,0.0012609559344127774,0.2134656459093094,0.007466274779289961
46,69,1.0862927436828613,1.0665283203125,0.01928320899605751,4.812072277069092,0.12611156702041626
46,70,0.36171016097068787,0.3594043552875519,0.0022967206314206123,0.09088955074548721,0.018033981323242188
46,71,0.11503706872463226,0.11355775594711304,0.0014665223425254226,0.12792626023292542,0.08449675142765045
46,72,0.3967912495136261,0.39243513345718384,0.004290678072720766,0.6543225646018982,0.030159056186676025
46,73,0.40007254481315613,0.3946504592895508,0.005301072262227535,1.2102608680725098,0.0510660856962204
46,74,0.7273362278938293,0.7190259695053101,0.00823453813791275,0.7568513751029968,0.09975728392601013
46,75,0.02640174701809883,0.026201745495200157,0.00017019538790918887,0.2980569303035736,0.007253256626427174
46,76,0.04302935302257538,0.04254012182354927,0.00045377033529803157,0.3546083867549896,0.02410726062953472
46,77,0.22737914323806763,0.22540809214115143,0.0019506398821249604,0.204075887799263,0.05551549047231674
46,78,0.7852277755737305,0.7764570116996765,0.008693117648363113,0.7767407894134521,0.11103792488574982
46,79,0.3275344669818878,0.3237089514732361,0.0037589636631309986,0.6655566692352295,0.04665495455265045
46,80,0.4569235146045685,0.45185425877571106,0.005027988459914923,0.41270166635513306,0.05916319042444229
46,81,0.7639638185501099,0.7426819801330566,0.020892463624477386,3.893799066543579,0.39646732807159424
46,82,0.5774457454681396,0.572628378868103,0.004794550593942404,0.22851797938346863,0.10048628598451614
46,83,0.14532221853733063,0.14442065358161926,0.0008952769567258656,0.06286047399044037,0.03982732445001602
46,84,0.030589459463953972,0.030465461313724518,9.623511868994683e-05,0.2776181697845459,0.002166332211345434
46,85,0.03161727637052536,0.03142862394452095,0.0001605472934897989,0.2810341715812683,0.005572040099650621
46,86,0.8724497556686401,0.8578553199768066,0.014302615076303482,2.918307304382324,0.4345768690109253
46,87,0.4067445993423462,0.40206021070480347,0.004590913187712431,0.9348582625389099,0.02457997389137745
46,88,0.04740903154015541,0.04711351543664932,0.0002638354490045458,0.31679707765579224,0.016279447823762894
46,89,0.19237564504146576,0.19162417948246002,0.0007489519193768501,0.02522927336394787,0.027133658528327942
46,90,0.2327960878610611,0.2309388518333435,0.0018422161228954792,0.15019644796848297,0.04770882427692413
46,91,0.13054490089416504,0.12958218157291412,0.0009573673596605659,0.05349119007587433,0.04631301015615463
46,92,0.12911854684352875,0.12739257514476776,0.0017123401630669832,0.1362987458705902,0.10426104068756104
46,93,0.028758175671100616,0.02856600657105446,0.00015706595149822533,0.3510361909866333,0.007135420572012663
46,94,0.7097728848457336,0.7030184268951416,0.00670162308961153,0.5283691883087158,0.10589424520730972
46,95,0.0205741748213768,0.02045033499598503,8.955020166467875e-05,0.3429003655910492,0.0030934526585042477
46,96,0.027205606922507286,0.02701013721525669,0.00016105420945677906,0.34416067600250244,0.007035733200609684
46,97,0.13039587438106537,0.12915179133415222,0.0012372930068522692,0.06797652691602707,0.05111052468419075
46,98,0.12632335722446442,0.12516918778419495,0.0011476115323603153,0.06559379398822784,0.04731389507651329
46,99,0.3946882486343384,0.39135074615478516,0.0033212252892553806,0.16272875666618347,0.02722809463739395
46,100,0.41909700632095337,0.4111001491546631,0.007828799076378345,1.6805837154388428,0.042216651141643524
47,1,0.8523959517478943,0.8337889909744263,0.018281403928995132,3.255352735519409,0.4782034754753113
47,2,0.30510780215263367,0.30213627219200134,0.002925567328929901,0.4597005844116211,0.034456074237823486
47,3,0.37341079115867615,0.3707507848739624,0.002638084813952446,0.21920859813690186,0.016973081976175308
47,4,0.3938910961151123,0.3909882605075836,0.0028820631559938192,0.2077547311782837,0.021019823849201202
47,5,0.3933148980140686,0.39080286026000977,0.002493949607014656,0.18082135915756226,0.01882212795317173
47,6,0.06329890340566635,0.06313930451869965,0.0001282666198676452,0.31328284740448,0.009242277592420578
47,7,0.948303759098053,0.9402239322662354,0.007956095971167088,1.2374763488769531,0.09324821829795837
47,8,0.02539007179439068,0.025265660136938095,9.139851317740977e-05,0.3301396369934082,0.004932835698127747
47,9,0.36590003967285156,0.3636744022369385,0.0022072591818869114,0.18386845290660858,0.013187065720558167
47,10,0.3346002399921417,0.3310498893260956,0.0035278352443128824,0.22495509684085846,0.09896507114171982
47,11,0.5673702359199524,0.559326171875,0.00790729746222496,1.367846965789795,0.2511911690235138
47,12,0.9719561338424683,0.953393280506134,0.018106715753674507,4.5614824295043945,0.5183663368225098
47,13,0.03793751448392868,0.037735652178525925,0.00016414780111517757,0.37713173031806946,0.008751125074923038
47,14,0.043942905962467194,0.0437556654214859,0.00015025062020868063,0.3698749244213104,0.008626572787761688
47,15,1.0009263753890991,0.9804151058197021,0.02002870664000511,4.825640678405762,0.1863522082567215
47,16,0.3706988990306854,0.36734679341316223,0.00333682494238019,0.15289415419101715,0.026451531797647476
47,17,1.1092188358306885,1.08146333694458,0.027134351432323456,6.2124433517456055,0.14837169647216797
47,18,0.9901455044746399,0.9584413766860962,0.03066878393292427,10.353403091430664,0.16467520594596863
47,19,0.01511447224766016,0.015015853568911552,6.997189484536648e-05,0.28646525740623474,0.0028616799972951412
47,20,0.9366788268089294,0.9242157936096191,0.012341853231191635,1.211863398551941,0.12229974567890167
47,21,1.1185225248336792,1.086467981338501,0.031069809570908546,9.848285675048828,0.17404307425022125
47,22,0.42886096239089966,0.42298245429992676,0.005833047907799482,0.45439955592155457,0.055926114320755005
47,23,0.19440920650959015,0.19316914677619934,0.0012242060620337725,0.15849421918392181,0.007297921925783157
47,24,0.4104555547237396,0.4068294167518616,0.003593885339796543,0.3225315511226654,0.02895861491560936
47,25,0.41788777709007263,0.41196420788764954,0.005876751616597176,0.46820077300071716,0.04717189818620682
47,26,0.3578917682170868,0.35512465238571167,0.0027486858889460564,0.18429948389530182,0.015465745702385902
47,27,0.043685056269168854,0.043389692902565,0.0002669865498319268,0.283768892288208,0.017191920429468155
47,28,0.8404780626296997,0.8112747669219971,0.028609003871679306,5.942900657653809,0.48278433084487915
47,29,0.9581502676010132,0.921101450920105,0.036029234528541565,10.196242332458496,0.49689823389053345
47,30,0.2541128695011139,0.25270289182662964,0.0013954731402918696,0.14512668550014496,0.02413969486951828
47,31,0.04113834723830223,0.04094109684228897,0.00017251333338208497,0.2473701685667038,0.013688643462955952
47,32,0.7204971313476562,0.7153599262237549,0.005098078865557909,0.39084896445274353,0.05909368395805359
47,33,0.2333812564611435,0.231810063123703,0.0015556246507912874,0.15574027597904205,0.03185654059052467
47,34,0.3513520359992981,0.3485315144062042,0.0027989991940557957,0.2152782529592514,0.014416782185435295
47,35,0.02426743507385254,0.024157803505659103,8.496712689520791e-05,0.2466435730457306,0.0023728504311293364
47,36,0.999301552772522,0.9814984798431396,0.017299145460128784,5.038737773895264,0.6274728178977966
47,37,0.5692126154899597,0.5644031167030334,0.004765904508531094,0.4354182183742523,0.09689005464315414
47,38,0.22862090170383453,0.22672104835510254,0.001887166639789939,0.12675870954990387,0.05498143285512924
47,39,0.3527257442474365,0.34990760684013367,0.0028076241724193096,0.10520382970571518,0.0529436320066452
47,40,0.02428995445370674,0.024218663573265076,5.3977979405317456e-05,0.17313621938228607,0.11733101308345795
47,41,0.3462379574775696,0.3407233953475952,0.005397280678153038,1.1727545261383057,0.06386583298444748
47,42,0.23139716684818268,0.22917383909225464,0.0022002996411174536,0.23025721311569214,0.058323927223682404
47,43,0.1348114013671875,0.1330684870481491,0.001726868562400341,0.1604136824607849,0.1391952931880951
47,44,0.04517998546361923,0.04472719132900238,0.00042008297168649733,0.3271124064922333,0.020942356437444687
47,45,0.6376345753669739,0.6272717714309692,0.01017741858959198,1.8536708354949951,0.33779019117355347
47,46,0.8228627443313599,0.8133506774902344,0.009391175583004951,1.20894455909729,0.12519308924674988
47,47,0.010966534726321697,0.010928332805633545,2.5034689315361902e-05,0.13167116045951843,0.05778946727514267
47,48,0.3228253126144409,0.320339560508728,0.002449700376018882,0.36069679260253906,0.028178919106721878
47,49,0.7861713171005249,0.7676771879196167,0.018132194876670837,3.6192681789398193,0.2936352491378784
47,50,0.3276826739311218,0.32457900047302246,0.0030788532458245754,0.24825257062911987,0.01770171895623207
47,51,0.4168764352798462,0.41421079635620117,0.002639470621943474,0.2615806460380554,0.019048310816287994
47,52,0.13769595324993134,0.13695476949214935,0.0007369992672465742,0.04190119355916977,0.0270451158285141
47,53,0.3667578399181366,0.36476990580558777,0.001976001774892211,0.11935713142156601,0.011465657502412796
47,54,0.13085943460464478,0.12926141917705536,0.001579229487106204,0.1879557967185974,0.05577261745929718
47,55,0.8708845376968384,0.8482949733734131,0.02207617089152336,5.133519172668457,0.2941925525665283
47,56,0.12593969702720642,0.12521272897720337,0.0007223436259664595,0.046155549585819244,0.029225988313555717
47,57,0.4303388297557831,0.4272582530975342,0.003055533394217491,0.25028225779533386,0.024632833898067474
47,58,0.12621691823005676,0.1252640187740326,0.0009477436542510986,0.05153067037463188,0.0379173681139946
47,59,0.45583176612854004,0.4491676688194275,0.006609355565160513,0.5475739240646362,0.07170756906270981
47,60,1.1511330604553223,1.11464524269104,0.035640183836221695,8.475676536560059,0.23697128891944885
47,61,0.014468874782323837,0.014401182532310486,4.2363190004834905e-05,0.25329357385635376,0.0019970310386270285
47,62,0.4392224848270416,0.43309539556503296,0.00607532262802124,0.5175886154174805,0.07025374472141266
47,63,0.9266480207443237,0.9000186920166016,0.025809062644839287,8.202674865722656,0.1371772140264511
47,64,0.6072970032691956,0.5952567458152771,0.011798068881034851,2.4218051433563232,0.2829968333244324
47,65,1.1628227233886719,1.128921627998352,0.032810986042022705,10.900612831115723,0.20948109030723572
47,66,0.9865905046463013,0.9620569944381714,0.02387707307934761,6.564483642578125,0.1730252206325531
47,67,1.1184728145599365,1.092015266418457,0.025782261043787003,6.753756046295166,0.1576729714870453
47,68,0.04222141578793526,0.041902631521224976,0.00028602773090824485,0.3275516629219055,0.01664363034069538
47,69,0.5971859097480774,0.5867094397544861,0.01027636043727398,2.0010485649108887,0.2617321014404297
47,70,1.108355164527893,1.079085350036621,0.0286373533308506,6.32405948638916,0.1696450263261795
47,71,0.12424910068511963,0.12343225628137589,0.0008123044390231371,0.045340653508901596,0.04092095047235489
47,72,0.12621738016605377,0.12536689639091492,0.0008452946785837412,0.05189106985926628,0.041602618992328644
47,73,0.36089783906936646,0.3578311502933502,0.0030380357056856155,0.28635039925575256,0.012933088466525078
47,74,0.365693598985672,0.3634726107120514,0.002210585866123438,0.10389906167984009,0.017282936722040176
47,75,0.26068735122680664,0.2587204575538635,0.0019461412448436022,0.2074345350265503,0.04025730490684509
47,76,0.8497959971427917,0.842464804649353,0.007254857569932938,0.7634630799293518,0.09936948120594025
47,77,0.9801070690155029,0.9587004780769348,0.020878998562693596,5.276222229003906,0.14448681473731995
47,78,1.1142444610595703,1.0914740562438965,0.022293247282505035,4.772288799285889,0.14801675081253052
47,79,0.3721442222595215,0.3695555627346039,0.002572534140199423,0.16116569936275482,0.020907489582896233
47,80,0.9160879254341125,0.9057486057281494,0.010267150588333607,0.7215409278869629,0.10740019381046295
47,81,0.8560618162155151,0.8223981857299805,0.0328124575316906,8.51159954071045,0.39827126264572144
47,82,0.40915265679359436,0.40336844325065613,0.0056183175183832645,1.6591401100158691,0.04495075345039368
47,83,0.014186841435730457,0.014119305647909641,5.133368176757358e-05,0.1620267927646637,0.06492246687412262
47,84,0.8322030305862427,0.8112141489982605,0.0205106008797884,4.782648086547852,0.6354334354400635
47,85,0.02200283855199814,0.0218936949968338,8.452367183053866e-05,0.24621212482452393,0.002179050352424383
47,86,0.848635733127594,0.8242036700248718,0.023781556636095047,6.505326747894287,0.35409843921661377
47,87,0.8424468040466309,0.8352270126342773,0.007159355096518993,0.6043210029602051,0.09910069406032562
47,88,0.4204675853252411,0.41577839851379395,0.004612639546394348,0.7654894590377808,0.02783408761024475
47,89,0.2940552830696106,0.2908204197883606,0.0032078451476991177,0.27021610736846924,0.09965412318706512
47,90,0.42061084508895874,0.41471248865127563,0.005719243083149195,1.7910476922988892,0.0409032478928566
47,91,0.4237499237060547,0.41906872391700745,0.004591148812323809,0.9005520939826965,0.048789724707603455
47,92,0.7247316837310791,0.7190049886703491,0.005684575531631708,0.42131859064102173,0.08010295033454895
47,93,0.01591471955180168,0.015847748145461082,4.901875217910856e-05,0.17952217161655426,0.07286959886550903
47,94,0.01531895063817501,0.01523821335285902,5.380423681344837e-05,0.26933303475379944,0.0017906377324834466
47,95,0.9106520414352417,0.8917231559753418,0.01850879192352295,4.201068878173828,0.5154001712799072
47,96,0.4228774309158325,0.4161497950553894,0.006572187878191471,1.5546165704727173,0.05792339891195297
47,97,0.22696121037006378,0.22508740425109863,0.001857514725998044,0.1628938615322113,0.04471729323267937
47,98,0.9472094178199768,0.938095211982727,0.00904197245836258,0.7221377491950989,0.10485450178384781
47,99,0.01663738489151001,0.016549978405237198,5.768360642832704e-05,0.29723018407821655,0.001997001701965928
47,100,0.045187998563051224,0.04472818225622177,0.0004199986287858337,0.3981441557407379,0.019817356020212173
48,1,0.8797972202301025,0.8713203072547913,0.008399935439229012,0.769460916519165,0.15443108975887299
48,2,1.0931482315063477,1.0756460428237915,0.017159372568130493,3.4280343055725098,0.1364842802286148
48,3,0.8465417623519897,0.8383913040161133,0.008108417503535748,0.4203032851219177,0.10009366273880005
48,4,0.4389036297798157,0.4337572455406189,0.005105320364236832,0.41079187393188477,0.0706738531589508
48,5,0.8569631576538086,0.8491844534873962,0.0077309864573180676,0.47765931487083435,0.09785695374011993
48,6,0.2495812177658081,0.24717044830322266,0.002390312496572733,0.20466704666614532,0.05382563918828964
48,7,0.9282717108726501,0.9184695482254028,0.009709023870527744,0.93169105052948,0.09202821552753448
48,8,0.11325603723526001,0.11149929463863373,0.0017437515780329704,0.12997020781040192,0.03879653662443161
48,9,0.20715245604515076,0.20444582402706146,0.002658648183569312,0.4798193573951721,0.011674521490931511
48,10,0.015678972005844116,0.015600689686834812,5.8936413552146405e-05,0.19345548748970032,0.056597158312797546
48,11,0.3756183981895447,0.37235456705093384,0.0032324492931365967,0.3137136995792389,0.02213861048221588
48,12,0.8992580771446228,0.873992919921875,0.0241696797311306,10.954597473144531,0.0817374736070633
48,13,0.45855462551116943,0.4532882869243622,0.005203891079872847,0.6242194175720215,0.04418587684631348
48,14,0.911631166934967,0.9033669233322144,0.008198658004403114,0.6555903553962708,0.07096613943576813
48,15,0.010905488394200802,0.010836328379809856,5.115794556331821e-05,0.18002431094646454,0.05318257212638855
48,16,0.22529514133930206,0.22371071577072144,0.001570891821756959,0.13525493443012238,0.036267660558223724
48,17,0.4327317178249359,0.4278508424758911,0.004842670634388924,0.3820140063762665,0.04575066268444061
48,18,0.04115811362862587,0.040816135704517365,0.00030752483871765435,0.3445308208465576,0.01620008423924446
48,19,0.195572167634964,0.19396056234836578,0.0015848434995859861,0.2676084339618683,0.010086648166179657
48,20,0.6295478940010071,0.6149959564208984,0.014244016259908676,3.0793347358703613,0.24590662121772766
48,21,0.903930127620697,0.875196099281311,0.027575494721531868,11.585314750671387,0.10810859501361847
48,22,0.42265480756759644,0.4166184067726135,0.005900000687688589,1.3640146255493164,0.04328057914972305
48,23,0.012330407276749611,0.012269334867596626,4.3440915760584176e-05,0.1763215959072113,0.07354724407196045
48,24,0.02549624629318714,0.025339309126138687,0.00012665455869864672,0.30283382534980774,0.005442920606583357
48,25,0.12138691544532776,0.11969649791717529,0.0016764996107667685,0.13916681706905365,0.09909708797931671
48,26,0.6760740876197815,0.6700208783149719,0.005991696380078793,0.6151264905929565,0.07978255301713943
48,27,0.9398784637451172,0.911054253578186,0.027572480961680412,12.517582893371582,0.1021355539560318
48,28,0.3782349228858948,0.37544751167297363,0.0027747454587370157,0.12676146626472473,0.02494870498776436
48,29,0.5881609320640564,0.5776242613792419,0.01036824006587267,1.6842544078826904,0.2137497514486313
48,30,0.7996442914009094,0.7751963138580322,0.023876797407865524,5.711977481842041,0.3314604163169861
48,31,0.431132435798645,0.4278479814529419,0.0032536457292735577,0.30823245644569397,0.032056309282779694
48,32,0.1296873837709427,0.12863671779632568,0.001044655917212367,0.060081712901592255,0.04484577476978302
48,33,0.8304243087768555,0.8243052959442139,0.006083940155804157,0.3507671058177948,0.10608422756195068
48,34,0.3306298553943634,0.3271332383155823,0.003447457915171981,0.4917471706867218,0.04306810349225998
48,35,0.823188304901123,0.8042547106742859,0.018552789464592934,3.8084123134613037,0.541509747505188
48,36,0.024714216589927673,0.0245819129049778,0.00010514041059650481,0.27163180708885193,0.00509196612983942
48,37,0.42996087670326233,0.42442619800567627,0.005423877388238907,1.108152985572815,0.0465642586350441
48,38,0.1938677579164505,0.19261734187602997,0.0012355975341051817,0.1480714976787567,0.009829364717006683
48,39,0.018635567277669907,0.018544364720582962,6.506088539026678e-05,0.2614186406135559,0.0021963564213365316
48,40,0.44176918268203735,0.4370856285095215,0.0046446602791547775,0.38901442289352417,0.06102044880390167
48,41,0.12049707025289536,0.11952872574329376,0.0009632891742512584,0.05055505409836769,0.0428849533200264
48,42,0.12887732684612274,0.12721647322177887,0.001647385535761714,0.134696364402771,0.09507861733436584
48,43,0.454483300447464,0.44935277104377747,0.005085179582238197,0.4534989893436432,0.06160721182823181
48,44,0.4068893492221832,0.4012060761451721,0.005574011243879795,1.092496633529663,0.05121065676212311
48,45,0.29953253269195557,0.29697340726852417,0.002520704409107566,0.38422730565071106,0.04278439283370972
48,46,0.12215238809585571,0.12122379243373871,0.0009233112214133143,0.05284682288765907,0.040608786046504974
48,47,0.8717316389083862,0.8630197048187256,0.008622641675174236,0.8926013708114624,0.12673285603523254
48,48,0.9239402413368225,0.9049717783927917,0.01838698983192444,5.814364910125732,0.10910855233669281
48,49,0.37229210138320923,0.3695578873157501,0.002722341101616621,0.11870639771223068,0.024170510470867157
48,50,0.04240256920456886,0.042069267481565475,0.00030261054052971303,0.3069325387477875,0.01624675840139389
48,51,0.38257959485054016,0.37822407484054565,0.0042772796005010605,0.7823113203048706,0.04521284997463226
48,52,1.1570054292678833,1.134023904800415,0.022512461990118027,4.6905951499938965,0.15523463487625122
48,53,0.4441252648830414,0.43902337551116943,0.005056568421423435,0.4533408582210541,0.055148251354694366
48,54,0.3431510031223297,0.33994075655937195,0.0031875534914433956,0.22680407762527466,0.018294939771294594
48,55,0.12855972349643707,0.12680312991142273,0.0017426754347980022,0.139249786734581,0.0834503099322319
48,56,0.8168152570724487,0.809516966342926,0.007264490704983473,0.3381519913673401,0.08098068833351135
48,57,1.0012246370315552,0.9759199619293213,0.024554848670959473,7.497931480407715,0.14143690466880798
48,58,0.07862474024295807,0.07807962596416473,0.0005406158743426204,0.04502437263727188,0.026079293340444565
48,59,1.0724132061004639,1.047238826751709,0.024661805480718613,5.125566482543945,0.17581503093242645
48,60,0.026559067890048027,0.02641500160098076,0.00011557290417840704,0.28493037819862366,0.006476751063019037
48,61,0.42259570956230164,0.4163285791873932,0.0061189825646579266,1.481585144996643,0.05279899016022682
48,62,0.12248575687408447,0.1208776906132698,0.0015941753517836332,0.1388666182756424,0.08240024000406265
48,63,0.46166083216667175,0.45598065853118896,0.005612460896372795,0.6770660281181335,0.05395159870386124
48,64,0.29433631896972656,0.2927321791648865,0.0015984739875420928,0.056563857942819595,0.04850507900118828
48,65,0.9343112111091614,0.9101051092147827,0.023644153028726578,5.619822025299072,0.5798779129981995
48,66,0.8120992183685303,0.7893329858779907,0.022222761064767838,5.434933185577393,0.3677164614200592
48,67,0.8797202110290527,0.8716947436332703,0.007976911962032318,0.48579809069633484,0.0970032587647438
48,68,0.028880830854177475,0.02869938313961029,0.0001481033832533285,0.33344563841819763,0.00684833899140358
48,69,0.4233030676841736,0.41585981845855713,0.007224016357213259,2.1921393871307373,0.06199035048484802
48,70,0.04097794368863106,0.04055479168891907,0.0003850068897008896,0.3814331591129303,0.018963608890771866
48,71,0.03919477015733719,0.038866981863975525,0.0002903059357777238,0.3748432695865631,0.01811506599187851
48,72,0.8794267773628235,0.8699586391448975,0.009383762255311012,0.8437126278877258,0.1391480714082718
48,73,0.01841522753238678,0.018330655992031097,5.409555524238385e-05,0.30476969480514526,0.0026545654982328415
48,74,0.7137706279754639,0.7069261074066162,0.00678308866918087,0.6147759556770325,0.0758892148733139
48,75,0.9254354238510132,0.9016650915145874,0.02321537211537361,5.549866676330566,0.505264401435852
48,76,0.6915348172187805,0.6842405200004578,0.0072249760851264,0.6934497356414795,0.07681502401828766
48,77,0.38811182975769043,0.3841923475265503,0.0038826283998787403,0.3686715364456177,0.03401828184723854
48,78,0.3676455020904541,0.36424511671066284,0.0033693271689116955,0.3106536865234375,0.03457903116941452
48,79,0.020680826157331467,0.020558586344122887,8.78427890711464e-05,0.34397992491722107,0.003564492566511035
48,80,0.027352968230843544,0.027164055034518242,0.0001540386292617768,0.3487381041049957,0.007305099628865719
48,81,0.4612019658088684,0.45514702796936035,0.005986668169498444,0.6828755140304565,0.054668404161930084
48,82,1.0012472867965698,0.9738638401031494,0.026649419218301773,7.33977746963501,0.5283502340316772
48,83,0.015753261744976044,0.01564725674688816,7.314451795537025e-05,0.32860061526298523,0.0031912110280245543
48,84,0.3318043053150177,0.3268109858036041,0.004889996722340584,1.0332883596420288,0.048603300005197525
48,85,1.1244295835494995,1.0860718488693237,0.03700343519449234,13.543055534362793,0.17145702242851257
48,86,0.20123237371444702,0.1991444081068039,0.0020622173324227333,0.2574380338191986,0.014450029470026493
48,87,0.7079534530639648,0.6991078853607178,0.008772563189268112,0.7303745150566101,0.09740851819515228
48,88,1.1410481929779053,1.1018621921539307,0.03832511603832245,8.60960578918457,0.204087495803833
48,89,0.18540756404399872,0.18402904272079468,0.0013643535785377026,0.14170444011688232,0.012201603502035141
48,90,0.6013004183769226,0.5898880362510681,0.011202983558177948,2.094089984893799,0.29421645402908325
48,91,0.025141628459095955,0.024949755519628525,0.00015639979392290115,0.35473254323005676,0.00832186359912157
48,92,0.44342148303985596,0.4385327696800232,0.004846673458814621,0.4206199645996094,0.04952341318130493
48,93,0.604436457157135,0.594369113445282,0.009871423244476318,1.9591429233551025,0.23470979928970337
48,94,0.8272027373313904,0.8210426568984985,0.006106317974627018,0.5374019742012024,0.08798660337924957
48,95,0.40518900752067566,0.4001910090446472,0.00487594585865736,1.2203102111816406,0.044084496796131134
48,96,0.8746806383132935,0.8679018020629883,0.00672347005456686,0.5536859631538391,0.10047698020935059
48,97,0.34177881479263306,0.339010089635849,0.002747389953583479,0.21325302124023438,0.018389888107776642
48,98,0.44215378165245056,0.4377845227718353,0.004338227678090334,0.3103410005569458,0.04897696524858475
48,99,0.22865086793899536,0.22681200504302979,0.0018218352925032377,0.17028570175170898,0.045357462018728256
48,100,0.013183738104999065,0.013106272555887699,5.9315138059901074e-05,0.1815013736486435,0.051497720181941986
49,1,0.04273582622408867,0.04230771213769913,0.00039053609361872077,0.37578365206718445,0.02269088476896286
49,2,0.3710537552833557,0.36803463101387024,0.0030013234354555607,0.17802315950393677,0.02562844380736351
49,3,0.2284805178642273,0.22650127112865448,0.00196439353749156,0.1485743373632431,0.051305901259183884
49,4,0.6826589107513428,0.6749505996704102,0.007616346701979637,0.9199393391609192,0.09061802923679352
49,5,0.8627787828445435,0.8407323360443115,0.021477440372109413,5.6898040771484375,0.6868982315063477
49,6,0.878426730632782,0.8694031238555908,0.008920017629861832,1.0360124111175537,0.13698944449424744
49,7,0.025380734354257584,0.02521572634577751,0.00013364045298658311,0.31367790699005127,0.007084312848746777
49,8,1.1295077800750732,1.1094682216644287,0.019581299275159836,4.582205772399902,0.1219845563173294
49,9,0.1944003701210022,0.19305419921875,0.0013305156026035547,0.15662071108818054,0.00879594311118126
49,10,0.774116039276123,0.7660948634147644,0.007941272109746933,0.7995200157165527,0.08665589988231659
49,11,0.045164816081523895,0.04470716416835785,0.0004200687981210649,0.3758569359779358,0.021850518882274628
49,12,1.1024408340454102,1.070239543914795,0.031197834759950638,10.035308837890625,0.17792385816574097
49,13,0.35834720730781555,0.35520613193511963,0.0031212889589369297,0.19800570607185364,0.02089715749025345
49,14,0.9121147394180298,0.8998066186904907,0.012162560597062111,1.455596685409546,0.14652960002422333
49,15,0.43017715215682983,0.4255290925502777,0.004599632695317268,0.48425590991973877,0.03383024036884308
49,16,0.4459260106086731,0.43582218885421753,0.009873555041849613,2.302550792694092,0.040342606604099274
49,17,0.014180871658027172,0.014093699865043163,5.6177315855165944e-05,0.3099426031112671,0.0021490855142474174
49,18,0.1917734444141388,0.1902233511209488,0.0015302577521651983,0.1983635127544403,0.010957526974380016
49,19,0.353389710187912,0.34874236583709717,0.004603041335940361,0.4432080090045929,0.031394101679325104
49,20,0.6524384021759033,0.6321682929992676,0.01978514902293682,4.849613189697266,0.259610652923584
49,21,0.02252434566617012,0.02246928960084915,5.4962489230092615e-05,0.0009301899699494243,0.0022062906064093113
49,22,0.04472725838422775,0.04437902197241783,0.0003112251579295844,0.3701079785823822,0.019225899130105972
49,23,0.12934334576129913,0.12835131585597992,0.0009863278828561306,0.057061079889535904,0.0448744110763073
49,24,0.9260712265968323,0.9017802476882935,0.023698441684246063,5.925445556640625,0.48345229029655457
49,25,0.9136673808097839,0.9039734601974487,0.009624512866139412,0.6935336589813232,0.09366683661937714
49,26,0.405307799577713,0.40077927708625793,0.004442350007593632,0.8617254495620728,0.044103607535362244
49,27,0.025655006989836693,0.025458145886659622,0.0001630234473850578,0.3383747339248657,0.007250750903040171
49,28,0.8748278021812439,0.8663057088851929,0.008459818549454212,0.6227088570594788,0.08360292762517929
49,29,0.12361922115087509,0.12233208864927292,0.0012757962103933096,0.11340684443712234,0.083992600440979
49,30,0.501396894454956,0.4977598190307617,0.0036059836857020855,0.3112623989582062,0.079106405377388
49,31,0.8385850191116333,0.8303543925285339,0.008153666742146015,0.7694833874702454,0.11807055026292801
49,32,0.020389826968312263,0.02025177702307701,0.00010296581604052335,0.3508559465408325,0.0028304518200457096
49,33,0.41819876432418823,0.4133654832839966,0.00479565653949976,0.37601011991500854,0.05648248642683029
49,34,0.8299517631530762,0.8231735229492188,0.006738490425050259,0.3976086378097534,0.1190139502286911
49,35,0.043648649007081985,0.04333882033824921,0.00027158198645338416,0.3824847340583801,0.018377359956502914
49,36,0.012730622664093971,0.01263416837900877,7.809952512616292e-05,0.18354269862174988,0.06235487759113312
49,37,0.19568976759910583,0.1941700279712677,0.0014969322364777327,0.22819732129573822,0.012042776681482792
49,38,0.4634222090244293,0.45800483226776123,0.0053698536939918995,0.4752905070781708,0.06133615970611572
49,39,0.4303501546382904,0.4255259335041046,0.004786715377122164,0.3750266432762146,0.045863520354032516
49,40,0.35672998428344727,0.3536565899848938,0.003043447621166706,0.29955485463142395,0.01948845200240612
49,41,0.35996463894844055,0.3577876091003418,0.002168909879401326,0.08093312382698059,0.016697173938155174
49,42,0.45594194531440735,0.4497475326061249,0.006054590456187725,1.3983608484268188,0.028439167886972427
49,43,0.7070316076278687,0.7000451683998108,0.006917287595570087,0.691523015499115,0.06832531094551086
49,44,0.12523122131824493,0.12435813993215561,0.0008681153412908316,0.049560513347387314,0.03366492688655853
49,45,0.24407750368118286,0.24241510033607483,0.0016505630919709802,0.11847717314958572,0.015354803763329983
49,46,0.37004414200782776,0.3672301173210144,0.0028004171326756477,0.13633513450622559,0.02047557942569256
49,47,0.4051817059516907,0.4011792540550232,0.003955407999455929,0.4705278277397156,0.032250888645648956
49,48,0.9006398916244507,0.8905813097953796,0.009983256459236145,0.7531132102012634,0.16125056147575378
49,49,0.0395100973546505,0.03916040062904358,0.0003118271706625819,0.3787238597869873,0.017832551151514053
49,50,0.01190925296396017,0.011837098747491837,5.405027695815079e-05,0.1810389906167984,0.050914593040943146
49,51,1.0306813716888428,0.9877737760543823,0.04131672531366348,15.908377647399902,0.1854555904865265
49,52,0.988883912563324,0.9564765095710754,0.031063057482242584,13.443217277526855,0.16422969102859497
49,53,0.34007349610328674,0.33619070053100586,0.0038494900800287724,0.33315619826316833,0.024750571697950363
49,54,0.11887739598751068,0.11791430413722992,0.000958071555942297,0.050235018134117126,0.0395800843834877
49,55,0.43314337730407715,0.4286748766899109,0.0044134208001196384,0.5507951974868774,0.038124725222587585
49,56,0.22135379910469055,0.21954745054244995,0.001794955926015973,0.11399240046739578,0.047045446932315826
49,57,0.8937781453132629,0.8844082951545715,0.009286142885684967,0.8368732929229736,0.0783587098121643
49,58,0.41386353969573975,0.4093613028526306,0.0044168210588395596,0.8542593121528625,0.04827307164669037
49,59,0.9152721762657166,0.9033921360969543,0.011634135618805885,2.4593186378479004,0.08623203635215759
49,60,0.8285112380981445,0.8138447999954224,0.014417938888072968,2.4847965240478516,0.44178998470306396
49,61,1.1011618375778198,1.080420970916748,0.02018369734287262,5.571907997131348,0.12020295113325119
49,62,0.3781748116016388,0.37500521540641785,0.0031548833940178156,0.14725840091705322,0.02661357820034027
49,63,0.3155849575996399,0.3123038709163666,0.0032337214797735214,0.4734218418598175,0.04643762856721878
49,64,0.38485604524612427,0.3812803030014038,0.0035531013272702694,0.22659984230995178,0.027869345620274544
49,65,0.02056342177093029,0.020434610545635223,9.354711801279336e-05,0.35263076424598694,0.0038726748898625374
49,66,0.36663195490837097,0.36329057812690735,0.0033222627826035023,0.19102798402309418,0.027320563793182373
49,67,0.418504923582077,0.41074103116989136,0.007597731426358223,1.6614512205123901,0.04655689746141434
49,68,0.12119210511445999,0.11914201080799103,0.002033849246799946,0.16245228052139282,0.10869108140468597
49,69,0.22451017796993256,0.22260074317455292,0.001894687069579959,0.147488534450531,0.052054598927497864
49,70,0.9092408418655396,0.8970479965209961,0.012057626619935036,1.3526599407196045,0.12315326929092407
49,71,0.4772355854511261,0.466692179441452,0.01031254418194294,2.308353900909424,0.07006813585758209
49,72,0.12123650312423706,0.11955631524324417,0.0016657441155984998,0.1444855034351349,0.08336794376373291
49,73,0.9380342960357666,0.9134300351142883,0.023968849331140518,6.3541460037231445,0.174488365650177
49,74,0.36194804310798645,0.35873326659202576,0.003183425636962056,0.3134712874889374,0.017403818666934967
49,75,0.42612624168395996,0.42057478427886963,0.00541880214586854,1.326611876487732,0.04329077899456024
49,76,1.136176347732544,1.0996038913726807,0.03525237739086151,13.200831413269043,0.14481014013290405
49,77,0.7234218716621399,0.7174569368362427,0.0059096841141581535,0.5522948503494263,0.0700698047876358
49,78,0.041203830391168594,0.040870219469070435,0.0003008714993484318,0.3273681700229645,0.01840638741850853
49,79,0.04238402843475342,0.042034707963466644,0.0003154774021822959,0.33845818042755127,0.019933266565203667
49,80,0.13024304807186127,0.12929055094718933,0.0009473203681409359,0.05171310156583786,0.04210083931684494
49,81,0.44297221302986145,0.43959784507751465,0.0033481004647910595,0.2625123858451843,0.033458635210990906
49,82,0.4089507460594177,0.404845654964447,0.004052235744893551,0.5287120342254639,0.032030537724494934
49,83,0.5706913471221924,0.5508077144622803,0.01921878382563591,6.648573875427246,0.11409595608711243
49,84,0.6802871823310852,0.6722275018692017,0.00799507461488247,0.6462084650993347,0.08899517357349396
49,85,0.020117375999689102,0.020012257620692253,7.259996345965192e-05,0.3251889646053314,0.0024279430508613586
49,86,0.22675387561321259,0.22482116520404816,0.0019142969977110624,0.18411856889724731,0.05898533761501312
49,87,0.6911716461181641,0.6815581321716309,0.009516969323158264,0.9658475518226624,0.11209382116794586
49,88,0.19196709990501404,0.1904531568288803,0.001492257695645094,0.21677428483963013,0.011193853802978992
49,89,0.20145545899868011,0.20012632012367249,0.0013109372230246663,0.1819477677345276,0.010218796320259571
49,90,0.44702836871147156,0.4403347969055176,0.0065370285883545876,1.56562340259552,0.03938009589910507
49,91,0.12116153538227081,0.11977216601371765,0.0013754579704254866,0.13911576569080353,0.08487296104431152
49,92,0.8664816617965698,0.8288699388504028,0.0368194654583931,7.922762393951416,0.4959222376346588
49,93,0.043280165642499924,0.04296993464231491,0.00027746192063204944,0.3276594281196594,0.01700826734304428
49,94,0.9651097655296326,0.9375940561294556,0.026568083092570305,9.476272583007812,0.15603667497634888
49,95,1.0738751888275146,1.0520671606063843,0.021322689950466156,4.853396415710449,0.12620602548122406
49,96,0.8122094869613647,0.7909101843833923,0.020841049030423164,4.5824875831604,0.28219079971313477
49,97,0.1265673041343689,0.12569954991340637,0.0008594938553869724,0.08252621442079544,0.064351886510849
49,98,0.9044439196586609,0.8893954157829285,0.014560306444764137,4.882149696350098,0.09092574566602707
49,99,0.6539072394371033,0.6445856094360352,0.00911290105432272,2.087385416030884,0.245468407869339
49,100,0.19444872438907623,0.19325047731399536,0.0011828159913420677,0.15434366464614868,0.008054262027144432
50,1,0.020054876804351807,0.0199611634016037,6.937424768693745e-05,0.2433953434228897,0.0019258175743743777
50,2,0.6006788611412048,0.5925613641738892,0.007973700761795044,1.43839693069458,0.24315083026885986
50,3,0.18105870485305786,0.18002203106880188,0.0010282312287017703,0.08448082953691483,0.009815971367061138
50,4,0.45682990550994873,0.4506238102912903,0.006145443767309189,0.6066185235977173,0.10764236003160477
50,5,0.2336146980524063,0.23162904381752014,0.001966546755284071,0.19109921157360077,0.05001268535852432
50,6,0.3487940728664398,0.34446483850479126,0.004293280653655529,0.3594745099544525,0.02990300953388214
50,7,0.01473936066031456,0.014664825052022934,5.0188064051326364e-05,0.2434750199317932,0.0021109702065587044
50,8,0.23309221863746643,0.231317937374115,0.0017578760161995888,0.16406291723251343,0.0438503660261631
50,9,0.2336948961019516,0.23212701082229614,0.0015572053380310535,0.1067744791507721,0.04496406018733978
50,10,0.8223692178726196,0.815056324005127,0.007254134863615036,0.5878456234931946,0.1247384324669838
50,11,0.35565829277038574,0.353271484375,0.0023739910684525967,0.12802717089653015,0.019716085866093636
50,12,0.31892701983451843,0.316509872674942,0.0023830565623939037,0.3408205807209015,0.03617267683148384
50,13,0.12688994407653809,0.12567631900310516,0.0012020418653264642,0.11584053933620453,0.08450453728437424
50,14,0.8933961987495422,0.8830987215042114,0.010208094492554665,0.8943458795547485,0.09654686599969864
50,15,1.1004942655563354,1.078526496887207,0.02148813009262085,4.796132564544678,0.15721926093101501
50,16,0.1310736984014511,0.1294253170490265,0.001626982819288969,0.2139744609594345,0.0876343846321106
50,17,0.311928391456604,0.3096104562282562,0.0022915545850992203,0.26379668712615967,0.03518408536911011
50,18,0.22041602432727814,0.21892374753952026,0.0014818304916843772,0.10445565730333328,0.041099511086940765
50,19,0.12297382950782776,0.1221444308757782,0.000824781833216548,0.046164173632860184,0.0387837179005146
50,20,0.4325430989265442,0.42547959089279175,0.00686010904610157,2.034052610397339,0.0502329021692276
50,21,1.0582367181777954,1.0309476852416992,0.026493269950151443,7.957000255584717,0.17427736520767212
50,22,0.010810182429850101,0.010747432708740234,4.708486085291952e-05,0.156646728515625,0.06290674209594727
50,23,0.8638244271278381,0.8424220681190491,0.020905856043100357,4.964822292327881,0.5359914302825928
50,24,0.3900645673274994,0.3869953453540802,0.0030470388010144234,0.22169983386993408,0.028807394206523895
50,25,0.8687993288040161,0.8571199178695679,0.011471344158053398,2.0808568000793457,0.09395072609186172
50,26,0.42343056201934814,0.4192582964897156,0.004122776910662651,0.4951448142528534,0.03529999405145645
50,27,0.12129224091768265,0.11975876986980438,0.0015198218170553446,0.13652175664901733,0.08425360918045044
50,28,0.898613452911377,0.8710859417915344,0.02634548395872116,11.820438385009766,0.10180065780878067
50,29,0.22263140976428986,0.22073662281036377,0.0018774847267195582,0.17305876314640045,0.0441758930683136
50,30,0.026768997311592102,0.026615237817168236,0.00012257893104106188,0.31179988384246826,0.006414152216166258
50,31,0.012087604962289333,0.012004969641566277,6.585390656255186e-05,0.16781185567378998,0.062314584851264954
50,32,1.091402292251587,1.0694994926452637,0.021481063216924667,4.2178473472595215,0.15493005514144897
50,33,0.015344024635851383,0.015253731049597263,6.145339284557849e-05,0.28840601444244385,0.0025876550935208797
50,34,1.074636697769165,1.0474848747253418,0.0264677032828331,6.84117317199707,0.14325115084648132
50,35,0.013599405065178871,0.013515274971723557,6.722516991430894e-05,0.16905800998210907,0.056337323039770126
50,36,0.9025726318359375,0.8803356885910034,0.02150677889585495,7.301809310913086,0.11142732203006744
50,37,1.0108158588409424,0.9848966598510742,0.025080472230911255,8.38808536529541,0.16067036986351013
50,38,0.341298371553421,0.338534951210022,0.0027531743980944157,0.10248097032308578,0.019840218126773834
50,39,0.9038301110267639,0.8942151069641113,0.009553798474371433,0.612154483795166,0.09960156679153442
50,40,0.4541718065738678,0.44875431060791016,0.005367353092879057,0.5015819072723389,0.05202260613441467
50,41,0.4333155155181885,0.4268845021724701,0.006292082369327545,1.389507532119751,0.04099772125482559
50,42,0.8743124008178711,0.8662554621696472,0.007999003864824772,0.5793163180351257,0.08570344001054764
50,43,0.8389725685119629,0.8208494186401367,0.017691265791654587,4.318666934967041,0.3310626149177551
50,44,0.22597888112068176,0.22409206628799438,0.00187333591748029,0.13485340774059296,0.05043664202094078
50,45,0.1258758157491684,0.12492850422859192,0.0009412919753231108,0.06020396202802658,0.04640451446175575
50,46,0.8625434637069702,0.8436906337738037,0.01841757819056511,4.3525824546813965,0.3812238872051239
50,47,0.6103127002716064,0.5979442596435547,0.012132080271840096,2.363145351409912,0.260292649269104
50,48,0.4062538743019104,0.3998410105705261,0.006281500216573477,1.3136812448501587,0.05362534895539284
50,49,0.021319042891263962,0.021195286884903908,9.312749898526818e-05,0.3062906265258789,0.003445154055953026
50,50,0.026533307507634163,0.026373792439699173,0.00012843470904044807,0.3107959032058716,0.007742970250546932
50,51,0.0116496616974473,0.01158022042363882,5.256094300420955e-05,0.16880545020103455,0.06010071188211441
50,52,0.12182336300611496,0.11982976645231247,0.001977069303393364,0.16525842249393463,0.1002928763628006
50,53,0.43898525834083557,0.43502187728881836,0.003931111190468073,0.32279741764068604,0.036596059799194336
50,54,0.9067655205726624,0.8728057146072388,0.03266278654336929,12.96996021270752,0.11671850085258484
50,55,0.6947594285011292,0.6868796348571777,0.007800671271979809,0.791024923324585,0.07623427361249924
50,56,0.016760829836130142,0.01666095480322838,7.25558857084252e-05,0.2731925845146179,0.0027074997778981924
50,57,0.7758040428161621,0.7663701176643372,0.00933593325316906,0.9799745082855225,0.08711506426334381
50,58,0.03742080554366112,0.037170860916376114,0.00021877919789403677,0.31165653467178345,0.0164463110268116
50,59,0.8680476546287537,0.8600823879241943,0.007912078872323036,0.5315931439399719,0.07704788446426392
50,60,1.0064430236816406,0.9776982069015503,0.027826128527522087,9.18734073638916,0.172676682472229
50,61,0.579818844795227,0.5753762722015381,0.004421127960085869,0.21459193527698517,0.09077724814414978
50,62,0.8684573173522949,0.8594035506248474,0.008929110132157803,1.246442198753357,0.10638945549726486
50,63,0.22711460292339325,0.2252335399389267,0.0018659804482012987,0.15084974467754364,0.05045388638973236
50,64,0.9084134101867676,0.892907977104187,0.015036026015877724,4.694117069244385,0.10066214203834534
50,65,0.3261782228946686,0.32313740253448486,0.002996783470734954,0.44051244854927063,0.05497488006949425
50,66,0.8341541886329651,0.8266655802726746,0.007431287318468094,0.5734724998474121,0.08438079059123993
50,67,0.8311073780059814,0.8250800371170044,0.005992643069475889,0.346744567155838,0.13315188884735107
50,68,0.4296984076499939,0.42292651534080505,0.006560124456882477,2.1176810264587402,0.06995909661054611
50,69,1.045749545097351,1.011232614517212,0.033268339931964874,12.485764503479004,0.21662643551826477
50,70,0.24921679496765137,0.247145414352417,0.0020550861954689026,0.1630346179008484,0.07710009068250656
50,71,0.02403124049305916,0.023908261209726334,9.003549348562956e-05,0.3294425308704376,0.005674862302839756
50,72,0.930925190448761,0.9075354337692261,0.022430621087551117,9.591341972351074,0.13963744044303894
50,73,0.19819366931915283,0.19669613242149353,0.0014783060178160667,0.19234256446361542,0.010904697701334953
50,74,1.069027066230774,1.0361850261688232,0.03174100071191788,11.010601997375488,0.17285068333148956
50,75,0.12229785323143005,0.12132112681865692,0.0009714306797832251,0.05297020822763443,0.04282369464635849
50,76,0.41941532492637634,0.4124014377593994,0.006802168674767017,2.117034435272217,0.04954386502504349
50,77,0.18392258882522583,0.18266218900680542,0.0012449966743588448,0.1541004627943039,0.00837382860481739
50,78,0.017135290428996086,0.01703054830431938,7.386041397694498e-05,0.30881690979003906,0.002684909850358963
50,79,0.4608447849750519,0.4536498486995697,0.007110824808478355,0.8409850001335144,0.05345553904771805
50,80,0.04270804673433304,0.042341671884059906,0.000327288027619943,0.39085450768470764,0.017609920352697372
50,81,0.9942438006401062,0.9640639424324036,0.02919156104326248,9.883201599121094,0.1377061903476715
50,82,1.2055230140686035,1.170130968093872,0.03465024381875992,7.418450355529785,0.19313547015190125
50,83,0.3188345432281494,0.31588640809059143,0.0029151251073926687,0.33016064763069153,0.037424854934215546
50,84,0.4131453037261963,0.40775442123413086,0.0052712177857756615,1.1965241432189941,0.045527052134275436
50,85,0.01308330986648798,0.01300468947738409,6.010278229950927e-05,0.1851719170808792,0.04849984496831894
50,86,0.3139122426509857,0.31168070435523987,0.0022187228314578533,0.12815189361572266,0.01359107717871666
50,87,0.01204677578061819,0.011964570730924606,6.45874097244814e-05,0.17617613077163696,0.05324302613735199
50,88,0.04116800054907799,0.04076720029115677,0.0003663904208224267,0.3441030979156494,0.018794897943735123
50,89,0.13171160221099854,0.12997271120548248,0.001723996363580227,0.1490745097398758,0.10799043625593185
50,90,0.22282984852790833,0.2212802618741989,0.0015375255607068539,0.12061168253421783,0.048456646502017975
50,91,0.20146583020687103,0.19995024800300598,0.0014922254486009479,0.2334800511598587,0.011869958601891994
50,92,0.4056629538536072,0.40148577094078064,0.004091584589332342,0.8559725880622864,0.05043613165616989
50,93,0.12044836580753326,0.1193384975194931,0.0010990789160132408,0.10785306990146637,0.0886942446231842
50,94,0.8163689374923706,0.806694507598877,0.009493873454630375,1.8051836490631104,0.5074672698974609
50,95,0.025354573503136635,0.025201572105288506,0.00012709401198662817,0.2590683102607727,0.006551207974553108
50,96,0.4149884879589081,0.4106006622314453,0.004292791243642569,0.9502497911453247,0.03204760327935219
50,97,0.8410563468933105,0.8317679166793823,0.009104207158088684,1.842581868171692,0.5393671989440918
50,98,0.9714815616607666,0.95799320936203,0.013069717213511467,4.186914920806885,0.09149576723575592
50,99,0.4324532747268677,0.42852485179901123,0.003881273791193962,0.4715064764022827,0.038266539573669434
50,100,0.04302080348134041,0.042704906314611435,0.00028293541981838644,0.3296205997467041,0.01904442347586155
51,1,0.02608327940106392,0.025930341333150864,0.00012348040763754398,0.2945760190486908,0.007772740442305803
51,2,0.01897358149290085,0.018858131021261215,8.413661271333694e-05,0.31315407156944275,0.0030436450615525246
51,3,0.11892564594745636,0.11784057319164276,0.0010787604842334986,0.0630813017487526,0.04815713316202164
51,4,0.8415845036506653,0.8322340250015259,0.00927009992301464,0.8040409088134766,0.13910698890686035
51,5,0.042213719338178635,0.04180536046624184,0.00037012965185567737,0.38229990005493164,0.018762346357107162
51,6,0.012078301049768925,0.011998331174254417,6.075835699448362e-05,0.19211113452911377,0.05097208917140961
51,7,0.19902360439300537,0.1970737874507904,0.0019121888326480985,0.376255601644516,0.009744027629494667
51,8,0.8751670122146606,0.8640984296798706,0.010957479476928711,1.1111217737197876,0.11191265285015106
51,9,0.013099183328449726,0.013002719730138779,7.640381227247417e-05,0.20060135424137115,0.05070818215608597
51,10,0.4156917929649353,0.4080215096473694,0.00742135988548398,2.4890947341918945,0.048190489411354065
51,11,0.1938997507095337,0.19221428036689758,0.001659176778048277,0.2629863917827606,0.00967447180300951
51,12,0.43070828914642334,0.42508208751678467,0.005559013225138187,0.6716505289077759,0.03715123236179352
51,13,0.12137620151042938,0.12023530900478363,0.0011346428655087948,0.0625087097287178,0.039834339171648026
51,14,0.020199712365865707,0.020078886300325394,8.839421207085252e-05,0.32431620359420776,0.0032326732762157917
51,15,0.1257789433002472,0.12339326739311218,0.00236614141613245,0.19542238116264343,0.08838305622339249
51,16,0.019414758309721947,0.0193033404648304,7.908362022135407e-05,0.32333987951278687,0.003328141523525119
51,17,0.37435832619667053,0.37148457765579224,0.002858750056475401,0.14994306862354279,0.02084985002875328
51,18,0.2146870493888855,0.212849423289299,0.0018040232826024294,0.3360607326030731,0.011771652847528458
51,19,0.623439371585846,0.6097149848937988,0.013425450772047043,2.989259958267212,0.24950364232063293
51,20,0.877623438835144,0.8489080667495728,0.027826424688100815,8.889575958251953,0.5595375299453735
51,21,0.22115662693977356,0.21946462988853455,0.001680821180343628,0.11182434856891632,0.04624263197183609
51,22,0.7148069739341736,0.7083477973937988,0.0063991243951022625,0.6009956002235413,0.06945759057998657
51,23,1.1141022443771362,1.0838725566864014,0.029243338853120804,9.863618850708008,0.15399332344532013
51,24,0.04343649744987488,0.04296042025089264,0.00043743004789575934,0.3864637017250061,0.022896789014339447
51,25,0.23088018596172333,0.22891633212566376,0.0019457136513665318,0.18130642175674438,0.05022796243429184
51,26,0.40576687455177307,0.3996029794216156,0.006008529104292393,1.5534932613372803,0.05388221889734268
51,27,0.8076797127723694,0.7828540802001953,0.024267666041851044,5.5797810554504395,0.39498502016067505
51,28,0.12243271619081497,0.12149780988693237,0.0009296952048316598,0.05207425728440285,0.04488934576511383
51,29,0.026601001620292664,0.02639208734035492,0.0001751369854900986,0.3377647399902344,0.006981599144637585
51,30,0.8473926186561584,0.83692866563797,0.010324506089091301,1.3945472240447998,0.09323880076408386
51,31,1.0837609767913818,1.060107707977295,0.02319650538265705,4.568500518798828,0.16238883137702942
51,32,0.42148903012275696,0.41604211926460266,0.005405887961387634,0.4102919399738312,0.04921233281493187
51,33,0.21212537586688995,0.21013036370277405,0.0019816572312265635,0.13352008163928986,0.17898151278495789
51,34,0.35146215558052063,0.34816974401474,0.003264503786340356,0.278866708278656,0.015084094367921352
51,35,0.8795636296272278,0.8554819226264954,0.023422347381711006,6.593674659729004,0.49885624647140503
51,36,0.37453827261924744,0.37116655707359314,0.0033282223157584667,0.43469810485839844,0.03636186569929123
51,37,0.34876710176467896,0.34576359391212463,0.0029750182293355465,0.285014271736145,0.01794741488993168
51,38,0.043808914721012115,0.043405286967754364,0.00036776321940124035,0.3586266338825226,0.020132027566432953
51,39,0.03890528529882431,0.03861534222960472,0.0002570634533185512,0.32879725098609924,0.016386251896619797
51,40,0.12546896934509277,0.12442590296268463,0.0010374132543802261,0.05641524866223335,0.044223345816135406
51,41,0.8825822472572327,0.8595767021179199,0.022436607629060745,5.689493179321289,0.30239373445510864
51,42,0.24057048559188843,0.23873744904994965,0.0018198328325524926,0.1320587545633316,0.020163629204034805
51,43,0.004047952592372894,0.004015228245407343,4.454471309145447e-06,0.2826988399028778,0.0009673046879470348
51,44,0.3993507921695709,0.3942607641220093,0.004979062359780073,1.1095728874206543,0.06381648778915405
51,45,0.7164817452430725,0.7092297077178955,0.00719852652400732,0.5349652171134949,0.10822513699531555
51,46,0.33880695700645447,0.3344082236289978,0.004331693984568119,0.6701479554176331,0.07174097001552582
51,47,0.7848760485649109,0.7632014751434326,0.020872849971055984,8.017199516296387,0.2030446082353592
51,48,0.04988055303692818,0.04932709038257599,0.0005068586906418204,0.4660263657569885,0.02771277353167534
51,49,0.6098716259002686,0.5965391397476196,0.013053853064775467,2.786574125289917,0.32515043020248413
51,50,0.41317057609558105,0.40769097208976746,0.0053624352440238,1.1718982458114624,0.053717851638793945
51,51,0.12530173361301422,0.12430831789970398,0.000987870735116303,0.05543117970228195,0.0417252853512764
51,52,0.8472386002540588,0.8252604603767395,0.02151225134730339,4.658565044403076,0.5529240369796753
51,53,0.13131356239318848,0.13031819462776184,0.000988796935416758,0.06573902070522308,0.03420111536979675
51,54,0.13075608015060425,0.12998732924461365,0.0007643329445272684,0.04412589594721794,0.03157958388328552
51,55,0.03104444220662117,0.03087664395570755,0.00013892649440094829,0.28871458768844604,0.0065825581550598145
51,56,0.024347616359591484,0.024237051606178284,8.224603516282514e-05,0.28317418694496155,0.0034626589622348547
51,57,0.3273671865463257,0.32556819915771484,0.0017833171878010035,0.1568453162908554,0.00871574878692627
51,58,0.4365904927253723,0.4318568706512451,0.004584914539009333,1.487256407737732,0.034903936088085175
51,59,0.016870081424713135,0.01677802950143814,6.375536759151146e-05,0.2829727530479431,0.002433332148939371
51,60,0.35919299721717834,0.3567476272583008,0.00242149131372571,0.23864389955997467,0.011002101004123688
51,61,1.001579761505127,0.9812794923782349,0.019663652405142784,6.365434646606445,0.11096861958503723
51,62,0.7041642665863037,0.6989508271217346,0.005173063836991787,0.4033673405647278,0.05790448933839798
51,63,1.0762708187103271,1.0502548217773438,0.025337543338537216,6.784595012664795,0.13145655393600464
51,64,0.03588391840457916,0.03569835051894188,0.0001465425011701882,0.3902493417263031,0.007036144845187664
51,65,0.6683754324913025,0.6619759798049927,0.006346766836941242,0.5270231366157532,0.0798255056142807
51,66,0.13338251411914825,0.1320197582244873,0.001356159569695592,0.06605443358421326,0.06253992766141891
51,67,0.47490763664245605,0.4683537483215332,0.006499836221337318,0.5406547784805298,0.10342667996883392
51,68,0.882590115070343,0.8701615929603577,0.012315571308135986,1.1295051574707031,0.20022553205490112
51,69,0.40992072224617004,0.4028494358062744,0.00692819245159626,1.4309449195861816,0.06639279425144196
51,70,0.37690478563308716,0.37371623516082764,0.003172763157635927,0.15805475413799286,0.026253191754221916
51,71,0.13770072162151337,0.13659417629241943,0.0011007747380062938,0.05760147422552109,0.05186835676431656
51,72,0.8455840349197388,0.8185636401176453,0.026357658207416534,6.627626419067383,0.37511032819747925
51,73,0.29551324248313904,0.29341891407966614,0.0020618003327399492,0.32520657777786255,0.028304502367973328
51,74,0.3246399164199829,0.3221015930175781,0.002502456773072481,0.35837364196777344,0.028584180399775505
51,75,0.8824212551116943,0.8748893737792969,0.007483897730708122,0.4795997738838196,0.06314637511968613
51,76,0.42868879437446594,0.4245052933692932,0.004150001797825098,0.3348768651485443,0.03675299882888794
51,77,0.12615817785263062,0.1253742277622223,0.0007794146658852696,0.04523719474673271,0.030770108103752136
51,78,0.3529616892337799,0.34877821803092957,0.004080256912857294,1.0320688486099243,0.030679278075695038
51,79,0.36168786883354187,0.35952454805374146,0.0021538627333939075,0.0943303257226944,0.01648210734128952
51,80,0.8979215621948242,0.8710574507713318,0.02570110559463501,11.630126953125,0.08995170891284943
51,81,0.931903600692749,0.9226280450820923,0.009186245501041412,0.8928623795509338,0.13160204887390137
51,82,0.32758715748786926,0.32447803020477295,0.0030610675457865,0.48056989908218384,0.040005333721637726
51,83,0.44619429111480713,0.4399943947792053,0.006146823987364769,0.5307319760322571,0.06743147224187851
51,84,0.38405168056488037,0.3810119032859802,0.0030221797060221434,0.17581290006637573,0.025322070345282555
51,85,0.03242097049951553,0.03222689405083656,0.00019370099471416324,0.003759751794859767,0.007246771827340126
51,86,0.438480019569397,0.43210628628730774,0.006306467577815056,0.6725623607635498,0.06774291396141052
51,87,0.9408092498779297,0.9140654802322388,0.026012133806943893,7.316241264343262,0.16779138147830963
51,88,0.11972984671592712,0.11820029467344284,0.0015162292402237654,0.13319644331932068,0.08847381174564362
51,89,0.12110968679189682,0.11954095214605331,0.0015563264023512602,0.12406442314386368,0.08557981252670288
51,90,0.38219723105430603,0.37957340478897095,0.0026047909632325172,0.19037073850631714,0.025568269193172455
51,91,0.8458364605903625,0.8390872478485107,0.0066808369010686874,0.683896005153656,0.09666233509778976
51,92,0.3286242187023163,0.3262137770652771,0.002392865251749754,0.17589342594146729,0.014363490045070648
51,93,0.018001973628997803,0.01790532097220421,7.098364585544914e-05,0.25668901205062866,0.0018876619869843125
51,94,0.3628409504890442,0.3605160117149353,0.002311900956556201,0.1301017850637436,0.01701117306947708
51,95,0.4413798451423645,0.4381919205188751,0.0031562265940010548,0.3172086775302887,0.04002545028924942
51,96,1.1904230117797852,1.1717389822006226,0.01829664036631584,3.874160051345825,0.12593066692352295
51,97,0.37806209921836853,0.3754158318042755,0.002634630538523197,0.11626654863357544,0.02436702884733677
51,98,0.043050263077020645,0.04268728196620941,0.0003305212885607034,0.32457154989242554,0.019363146275281906
51,99,0.1290382593870163,0.12804415822029114,0.0009879174176603556,0.06187914311885834,0.04910952225327492
51,100,0.015982506796717644,0.01590155065059662,5.4093412472866476e-05,0.26862794160842896,0.0018905042670667171
52,1,0.3709939420223236,0.3682160973548889,0.002765204291790724,0.12646645307540894,0.024778984487056732
52,2,0.4367785155773163,0.43171390891075134,0.004974457435309887,0.9014803767204285,0.0394660085439682
52,3,0.01567002944648266,0.01559394970536232,4.987401916878298e-05,0.2620481252670288,0.003508279798552394
52,4,0.019421325996518135,0.019319836050271988,7.24071724107489e-05,0.29083096981048584,0.0023052385076880455
52,5,0.042929355055093765,0.0425451397895813,0.0003506478969939053,0.3356819450855255,0.018192961812019348
52,6,0.6390210390090942,0.626628041267395,0.012162705883383751,2.302917242050171,0.29077184200286865
52,7,0.23044857382774353,0.22836536169052124,0.00206173793412745,0.21468237042427063,0.04420652240514755
52,8,0.9497827291488647,0.9372032880783081,0.012476975098252296,1.0245071649551392,0.13742917776107788
52,9,0.34244492650032043,0.33844882249832153,0.003926155157387257,0.6993682384490967,0.037583984434604645
52,10,0.014239796437323093,0.014183529652655125,4.122529935557395e-05,0.15041647851467133,0.04138109087944031
52,11,0.40680062770843506,0.40413492918014526,0.0026443148963153362,0.21401895582675934,0.025564681738615036
52,12,0.34582582116127014,0.3428918123245239,0.0029105099383741617,0.23473067581653595,0.017705535516142845
52,13,0.12568645179271698,0.12483171373605728,0.0008501808624714613,0.04564320296049118,0.0327819362282753
52,14,0.1272708624601364,0.12639565765857697,0.0008702351478859782,0.04973997548222542,0.03179338201880455
52,15,0.9309039115905762,0.9087554216384888,0.021245311945676804,9.031696319580078,0.11086142063140869
52,16,0.8847182989120483,0.8777741193771362,0.006883842870593071,0.6033457517623901,0.09267307072877884
52,17,0.03007374331355095,0.02992923930287361,0.00011318723409203812,0.31317251920700073,0.0066803982481360435
52,18,0.024091515690088272,0.023981641978025436,7.779091538395733e-05,0.32081326842308044,0.002977177733555436
52,19,0.9073306322097778,0.8983903527259827,0.008875159546732903,0.6513987183570862,0.09253398329019547
52,20,0.39093321561813354,0.38788479566574097,0.0030295574106276035,0.18864750862121582,0.027048449963331223
52,21,0.4000999331474304,0.3968110680580139,0.0032615421805530787,0.27313828468322754,0.03660183399915695
52,22,0.714246392250061,0.7072104215621948,0.0069692665711045265,0.6670877933502197,0.09058181941509247
52,23,1.1575729846954346,1.1272661685943604,0.02969154715538025,6.152649402618408,0.2313079535961151
52,24,0.020115330815315247,0.020031258463859558,6.284035043790936e-05,0.2123260200023651,0.09956368803977966
52,25,0.41983315348625183,0.4126257002353668,0.007038608659058809,1.6884040832519531,0.06446002423763275
52,26,0.38377249240875244,0.37997958064079285,0.003764542518183589,0.2836480140686035,0.03699049353599548
52,27,0.350939005613327,0.34824028611183167,0.0026878558564931154,0.10871834307909012,0.046416036784648895
52,28,0.12683534622192383,0.1251133382320404,0.0017044780543074012,0.1752808839082718,0.1062265932559967
52,29,1.0858815908432007,1.0644724369049072,0.02090415358543396,5.0496134757995605,0.12300708889961243
52,30,0.25885045528411865,0.25626733899116516,0.002555680926889181,0.27457594871520996,0.057873208075761795
52,31,0.41138193011283875,0.4079655408859253,0.0033835358917713165,0.3285559117794037,0.02944508194923401
52,32,0.42246612906455994,0.41594433784484863,0.006307126954197884,2.1465651988983154,0.045749735087156296
52,33,0.11811835318803787,0.11658786237239838,0.0015109824016690254,0.19507724046707153,0.09844207763671875
52,34,0.23954400420188904,0.23667320609092712,0.002822882030159235,0.4791964590549469,0.021657142788171768
52,35,0.012800305150449276,0.01272068452090025,6.20242499280721e-05,0.17596319317817688,0.05816250666975975
52,36,0.1137140542268753,0.11273229867219925,0.0009661988005973399,0.15554307401180267,0.006369521841406822
52,37,0.31556910276412964,0.31216853857040405,0.00333440862596035,0.6616660356521606,0.03931548446416855
52,38,0.3515408933162689,0.34814950823783875,0.003361513838171959,0.2985939383506775,0.018457965925335884
52,39,0.935175895690918,0.9140053987503052,0.020351985469460487,8.184701919555664,0.09644226729869843
52,40,0.014906750060617924,0.014832992106676102,4.7930901928339154e-05,0.25827741622924805,0.00187384570017457
52,41,0.3805224597454071,0.37764331698417664,0.002849867334589362,0.2927490770816803,0.024384163320064545
52,42,0.012494401074945927,0.01241873949766159,5.9688441979233176e-05,0.1597268432378769,0.05207734555006027
52,43,1.1179563999176025,1.0937126874923706,0.023701444268226624,5.422287464141846,0.13856826722621918
52,44,0.8275995254516602,0.8113498687744141,0.01598007045686245,2.695664644241333,0.49357858300209045
52,45,0.3505803346633911,0.34675395488739014,0.0037937755696475506,0.3260679244995117,0.018952740356326103
52,46,0.04158703610301018,0.04140142351388931,0.00018523464677855372,0.00377524527721107,0.0073402561247348785
52,47,0.01238772552460432,0.012321056798100471,5.010352469980717e-05,0.16565030813217163,0.062370963394641876
52,48,0.42383360862731934,0.41713452339172363,0.006521990522742271,1.7707338333129883,0.05614667385816574
52,49,0.8526089787483215,0.8434239029884338,0.00910144578665495,0.8364146947860718,0.13058561086654663
52,50,0.7145412564277649,0.7073001861572266,0.007173021323978901,0.6807175874710083,0.08778966218233109
52,51,0.855787456035614,0.835637092590332,0.01970536634325981,4.450071811676025,0.5814363956451416
52,52,0.011155243963003159,0.011085102334618568,5.209489609114826e-05,0.18047183752059937,0.06445786356925964
52,53,1.0683338642120361,1.0450063943862915,0.02283838950097561,4.891208171844482,0.15822391211986542
52,54,0.19882558286190033,0.1969582736492157,0.0018445125315338373,0.22797805070877075,0.014231007546186447
52,55,0.8784968256950378,0.8627768158912659,0.015391414985060692,3.286283016204834,0.45504486560821533
52,56,1.1242197751998901,1.0992307662963867,0.024418719112873077,5.702546119689941,0.1280084252357483
52,57,0.02574947662651539,0.02558271959424019,0.00013375974958762527,0.3299677073955536,0.0067455340176820755
52,58,0.8449771404266357,0.8271645307540894,0.017382880672812462,4.297721862792969,0.44054171442985535
52,59,0.60204017162323,0.5931375622749329,0.008730344474315643,1.7224253416061401,0.1933775544166565
52,60,0.01379549503326416,0.013708905316889286,6.881051376694813e-05,0.17779004573822021,0.05732553452253342
52,61,0.4070507287979126,0.4026492238044739,0.004363995511084795,0.37527868151664734,0.047854602336883545
52,62,0.8204677700996399,0.7996838092803955,0.020290127024054527,4.938109397888184,0.35377588868141174
52,63,0.9063268303871155,0.8963714838027954,0.00984515342861414,1.1022396087646484,0.0992327332496643
52,64,0.7070736289024353,0.6994506120681763,0.007558878511190414,0.6413429975509644,0.0884561836719513
52,65,0.8123478293418884,0.7884344458580017,0.023446936160326004,4.664940357208252,0.42153823375701904
52,66,0.43388620018959045,0.4283055365085602,0.005536065902560949,0.4458531141281128,0.06618046015501022
52,67,0.842909038066864,0.8339068293571472,0.008925228379666805,0.7701852321624756,0.13341905176639557
52,68,0.9846965670585632,0.9573617577552795,0.026604771614074707,7.300357818603516,0.17884454131126404
52,69,0.3299403488636017,0.3267086148262024,0.0032014609314501286,0.3027452826499939,0.018932122737169266
52,70,0.7486029863357544,0.7414200305938721,0.007118932902812958,0.6402294635772705,0.08037109673023224
52,71,0.042774904519319534,0.0423380546271801,0.0004003301146440208,0.3651946187019348,0.02180221676826477
52,72,0.19375361502170563,0.1922924518585205,0.0014439148362725973,0.17248910665512085,0.011030260473489761
52,73,0.1924389898777008,0.1910441666841507,0.0013729458441957831,0.21878376603126526,0.010411834344267845
52,74,0.8190414309501648,0.8032317161560059,0.01548211369663477,3.276017189025879,0.45910561084747314
52,75,0.81404048204422,0.7977074384689331,0.01572505012154579,6.079387187957764,0.10479077696800232
52,76,0.9008281826972961,0.8729573488235474,0.026783449575304985,10.873465538024902,0.11166253685951233
52,77,0.41403889656066895,0.4084914028644562,0.005425083916634321,1.223931074142456,0.04973728209733963
52,78,0.43130144476890564,0.4235979914665222,0.007460344582796097,2.430847644805908,0.05994731932878494
52,79,0.021907953545451164,0.021790513768792152,8.301484922412783e-05,0.3442462086677551,0.0023878312204033136
52,80,0.9978755712509155,0.9725380539894104,0.024686552584171295,6.509654998779297,0.2115485966205597
52,81,0.02001805789768696,0.019891656935214996,9.055215195985511e-05,0.35848164558410645,0.0028167562559247017
52,82,0.282476544380188,0.2803559899330139,0.002112621907144785,0.07939700782299042,0.06393019109964371
52,83,0.3250805735588074,0.3205239772796631,0.004476668778806925,0.7994362711906433,0.04580705985426903
52,84,0.9130638241767883,0.9027894735336304,0.01019994355738163,0.7437459826469421,0.10130125284194946
52,85,0.9289525151252747,0.9200373888015747,0.008828084915876389,0.8703757524490356,0.13878604769706726
52,86,0.7485049366950989,0.7290159463882446,0.019098110496997833,3.9089086055755615,0.33964335918426514
52,87,0.04070672765374184,0.04039338231086731,0.0002752307918854058,0.38114210963249207,0.015390601009130478
52,88,0.3071749806404114,0.3046228289604187,0.0025371776428073645,0.14967575669288635,0.013315390795469284
52,89,0.3970305025577545,0.39172106981277466,0.005174381658434868,1.3506990671157837,0.04884254187345505
52,90,0.3566851317882538,0.3535969853401184,0.0030576339922845364,0.30508267879486084,0.01999484747648239
52,91,0.909697413444519,0.9015465378761292,0.008086621761322021,0.6424779295921326,0.08695454895496368
52,92,0.3123534023761749,0.3093179762363434,0.0029994240030646324,0.3600185811519623,0.03884214907884598
52,93,0.8393126130104065,0.8321857452392578,0.007059819996356964,0.6706377267837524,0.1069663017988205
52,94,0.44249045848846436,0.43480271100997925,0.0074830385856330395,2.04706072807312,0.05771026760339737
52,95,0.42100194096565247,0.4169618487358093,0.004010265693068504,0.2982364892959595,0.050368279218673706
52,96,0.013523807749152184,0.013445567339658737,6.0563295846804976e-05,0.17677177488803864,0.041239552199840546
52,97,0.8483427166938782,0.8273727893829346,0.020464003086090088,5.059248447418213,0.34887856245040894
52,98,0.25523629784584045,0.25281214714050293,0.002395526273176074,0.28621378540992737,0.06035441905260086
52,99,0.6095961928367615,0.599357008934021,0.010029091499745846,2.101313352584839,0.27183884382247925
52,100,0.8653503060340881,0.8567533493041992,0.008501391857862473,0.9556282162666321,0.13459166884422302
53,1,0.31947118043899536,0.3157272934913635,0.0036891326308250427,0.5475752949714661,0.047660768032073975
53,2,0.12176569551229477,0.1201690286397934,0.0015832397621124983,0.13425055146217346,0.09866517782211304
53,3,0.7181455492973328,0.7112507820129395,0.0068304529413580894,0.6431225538253784,0.08814926445484161
53,4,0.011966385878622532,0.011888842098414898,5.977840191917494e-05,0.17765358090400696,0.054289210587739944
53,5,0.3323100209236145,0.32852375507354736,0.003725367598235607,0.608991801738739,0.04346528276801109
53,6,0.43730220198631287,0.43213048577308655,0.005127272102981806,0.4444453716278076,0.0614718496799469
53,7,0.04208843410015106,0.04173482581973076,0.0003171783755533397,0.3642994463443756,0.020343832671642303
53,8,0.014542997814714909,0.014445878565311432,6.697543722111732e-05,0.30143800377845764,0.0026228176429867744
53,9,1.1075377464294434,1.067363977432251,0.03850682079792023,16.669612884521484,0.17475037276744843
53,10,0.36215126514434814,0.3594592809677124,0.002681134734302759,0.10848262906074524,0.020349428057670593
53,11,0.8740885257720947,0.8487939834594727,0.024699363857507706,5.951364994049072,0.6993508338928223
53,12,0.7492770552635193,0.7405960559844971,0.008600813336670399,0.8016360402107239,0.08470691740512848
53,13,0.23101767897605896,0.22905033826828003,0.0019469121471047401,0.2043382227420807,0.04275256022810936
53,14,1.1823948621749878,1.148676872253418,0.03296350687742233,7.545229434967041,0.16251562535762787
53,15,0.3343425691127777,0.33107852935791016,0.0032116821967065334,0.5235138535499573,0.03229104354977608
53,16,0.754365861415863,0.7322880029678345,0.021610554307699203,4.673125743865967,0.28913649916648865
53,17,0.22601591050624847,0.22421452403068542,0.0017876457422971725,0.13736099004745483,0.04219472408294678
53,18,0.9239193201065063,0.9164485335350037,0.007414816878736019,0.5594521164894104,0.0787258967757225
53,19,0.31930041313171387,0.3162093162536621,0.0030519135762006044,0.39187920093536377,0.041976720094680786
53,20,0.2924463152885437,0.2893769145011902,0.003041858784854412,0.27531278133392334,0.11310924589633942
53,21,0.010358492843806744,0.01028725877404213,5.191419768380001e-05,0.1931997835636139,0.06864718347787857
53,22,0.1258561909198761,0.12448783963918686,0.0013523901579901576,0.15962165594100952,0.10856872797012329
53,23,1.2293201684951782,1.2072269916534424,0.021595876663923264,4.97320556640625,0.1788037121295929
53,24,0.12050502002239227,0.11938737332820892,0.0011116678360849619,0.059720106422901154,0.04875936359167099
53,25,0.8525505661964417,0.8439985513687134,0.008478161878883839,0.7384336590766907,0.14686156809329987
53,26,0.32846546173095703,0.323948472738266,0.004455878399312496,0.611369788646698,0.06134483218193054
53,27,0.011398185044527054,0.011328785680234432,5.049143874202855e-05,0.18908008933067322,0.05588643252849579
53,28,0.024965103715658188,0.024787412956357002,0.000143729877891019,0.3396205008029938,0.005469515919685364
53,29,0.8778627514839172,0.8594431281089783,0.01799873635172844,4.208766460418701,0.6264868974685669
53,30,0.1213018000125885,0.1197228655219078,0.0015635641757398844,0.15372566878795624,0.08659510314464569
53,31,0.6586717963218689,0.6452670693397522,0.013096693903207779,3.080625057220459,0.23792985081672668
53,32,0.42296069860458374,0.41572538018226624,0.006977532058954239,2.577838182449341,0.0454309806227684
53,33,0.019212303683161736,0.0191232580691576,6.079983359086327e-05,0.2824508845806122,0.001983668189495802
53,34,0.3431677222251892,0.3396852910518646,0.003425935283303261,0.5651655197143555,0.03799580782651901
53,35,0.022472426295280457,0.0223567895591259,8.534810331184417e-05,0.3028772175312042,0.0024966541677713394
53,36,0.1288038194179535,0.12798649072647095,0.0008117409888654947,0.05581165477633476,0.03510002791881561
53,37,0.23776189982891083,0.23588557541370392,0.0018589498940855265,0.1736801564693451,0.046390101313591
53,38,0.026145441457629204,0.025951821357011795,0.00016036187298595905,0.3325709402561188,0.006659157108515501
53,39,0.04066917300224304,0.04031375050544739,0.00031945592490956187,0.3596852719783783,0.01680298149585724
53,40,0.42830514907836914,0.42353078722953796,0.004681313876062632,0.9303343892097473,0.028878148645162582
53,41,0.3492785692214966,0.3467960059642792,0.0024600650649517775,0.22512470185756683,0.011593869887292385
53,42,0.9718791842460632,0.9647431969642639,0.00707520917057991,0.6082648634910583,0.06705251336097717
53,43,0.38576540350914,0.38255518674850464,0.003180745057761669,0.2947791516780853,0.03293774276971817
53,44,0.014642472378909588,0.014566492289304733,5.7166027545463294e-05,0.18813790380954742,0.06977912783622742
53,45,0.8950410485267639,0.8861086368560791,0.008792045526206493,1.4035135507583618,0.07673895359039307
53,46,0.8803734183311462,0.8718024492263794,0.008492136374115944,0.7883021235466003,0.1366443634033203
53,47,0.831453800201416,0.8099072575569153,0.021053191274404526,4.933194160461426,0.3775709271430969
53,48,0.01908464916050434,0.019006988033652306,5.64335314265918e-05,0.21225814521312714,0.07571706175804138
53,49,0.03767230361700058,0.03744463995099068,0.00018314921180717647,0.4451233744621277,0.007881799712777138
53,50,1.1130478382110596,1.0870585441589355,0.025493739172816277,4.955491542816162,0.20290210843086243
53,51,0.9805781841278076,0.9393042325973511,0.039666712284088135,16.072521209716797,0.13850413262844086
53,52,0.6058576107025146,0.5934445261955261,0.012147044762969017,2.6600024700164795,0.29268187284469604
53,53,0.6867338418960571,0.6789342164993286,0.007729445584118366,0.7017059922218323,0.09507031738758087
53,54,0.25231310725212097,0.24953415989875793,0.0027507946360856295,0.28178054094314575,0.06538040935993195
53,55,0.031267594546079636,0.031168418005108833,7.292359077837318e-05,0.26252514123916626,0.0027859790716320276
53,56,0.39660152792930603,0.39355993270874023,0.0030119919683784246,0.29590678215026855,0.026056330651044846
53,57,0.05200160667300224,0.051681771874427795,0.0002924700384028256,0.2736528813838959,0.014859285205602646
53,58,1.331661343574524,1.3190535306930542,0.01227832492440939,3.2944304943084717,0.06545016169548035
53,59,0.37575143575668335,0.3721446990966797,0.0035304692573845387,0.7625167369842529,0.028005149215459824
53,60,0.43586209416389465,0.43051236867904663,0.005196474492549896,1.5325274467468262,0.030674327164888382
53,61,0.47211650013923645,0.468046098947525,0.004030252806842327,0.40132319927215576,0.049669601023197174
53,62,0.020095404237508774,0.02002490870654583,5.814886389998719e-05,0.12347296625375748,0.02651672065258026
53,63,0.9528678059577942,0.932159423828125,0.020186353474855423,5.219915866851807,0.41860806941986084
53,64,0.42874714732170105,0.4208090305328369,0.007752474397420883,1.8564172983169556,0.042726945132017136
53,65,0.3393494188785553,0.33387935161590576,0.005430605728179216,0.39467060565948486,0.03477875143289566
53,66,0.8881238102912903,0.8745402097702026,0.013442520052194595,1.410766363143921,0.21774974465370178
53,67,0.3922573924064636,0.38764339685440063,0.004571802914142609,0.42201730608940125,0.049754709005355835
53,68,0.42887794971466064,0.4205050468444824,0.008143716491758823,2.2918009757995605,0.0808737650513649
53,69,0.9744430780410767,0.9388068914413452,0.03472043201327324,9.157483100891113,0.8199574947357178
53,70,0.8786578178405762,0.8662485480308533,0.0123295271769166,0.7976686358451843,0.14397922158241272
53,71,0.6170176863670349,0.6052473783493042,0.011533528566360474,2.3679468631744385,0.2508332431316376
53,72,0.8639553785324097,0.8551671504974365,0.008710959926247597,0.772308349609375,0.11616820842027664
53,73,0.8010674118995667,0.7932348847389221,0.0077545177191495895,0.7800366878509521,0.0781036913394928
53,74,0.012745283544063568,0.012676490470767021,5.80216983507853e-05,0.10771755129098892,0.04630241170525551
53,75,0.2336704283952713,0.232700914144516,0.0009624785743653774,0.0703335776925087,0.0294165201485157
53,76,0.6206923127174377,0.6117351055145264,0.008760238066315651,1.9702125787734985,0.1320207118988037
53,77,0.8875741362571716,0.8669468760490417,0.020077398046851158,5.498791694641113,0.32378727197647095
53,78,1.1177875995635986,1.0900245904922485,0.02708960883319378,6.73368501663208,0.10633513331413269
53,79,0.8972566723823547,0.876160740852356,0.02038373425602913,7.122405529022217,0.09878978133201599
53,80,0.13287605345249176,0.1320955455303192,0.0007757814601063728,0.047244247049093246,0.04673756659030914
53,81,0.7792502641677856,0.7573844790458679,0.021429724991321564,4.360637187957764,0.3764680027961731
53,82,0.9366079568862915,0.9206300973892212,0.015737051144242287,2.4078545570373535,0.19603261351585388
53,83,0.929506242275238,0.900265634059906,0.02828764170408249,9.529303550720215,0.1652773916721344
53,84,0.8248147368431091,0.8156052827835083,0.009133744053542614,0.7571929693222046,0.14794029295444489
53,85,0.9394133687019348,0.9141250252723694,0.024736423045396805,5.519137382507324,0.6747575402259827
53,86,0.38142129778862,0.3788328170776367,0.0025772908702492714,0.11163213104009628,0.027632277458906174
53,87,0.7079901099205017,0.7012989521026611,0.006636708974838257,0.5442630648612976,0.0822918564081192
53,88,0.44380050897598267,0.43779364228248596,0.005870581604540348,1.3629471063613892,0.05346248298883438
53,89,0.13145938515663147,0.13023582100868225,0.0012120504397898912,0.11523747444152832,0.08378100395202637
53,90,0.3436807096004486,0.3410256505012512,0.0026339171454310417,0.21141913533210754,0.01227363757789135
53,91,0.1305793672800064,0.129797101020813,0.0007777778664603829,0.044882889837026596,0.03924158588051796
53,92,0.3399391770362854,0.33735889196395874,0.0025433427654206753,0.36940017342567444,0.03633354604244232
53,93,0.8378279805183411,0.8180803060531616,0.01927243545651436,4.752561569213867,0.2809908986091614
53,94,1.154738187789917,1.128485918045044,0.025554345920681953,6.979843616485596,0.1628367155790329
53,95,0.3826196491718292,0.3787086606025696,0.0038383561186492443,0.7264103889465332,0.04673644155263901
53,96,0.9329504370689392,0.9080256223678589,0.024301063269376755,6.2378435134887695,0.36393219232559204
53,97,0.024686060845851898,0.024594660848379135,6.3287079683505e-05,0.28113803267478943,0.004458264913409948
53,98,0.23173590004444122,0.2297498732805252,0.001966628944501281,0.19402949512004852,0.053837552666664124
53,99,1.098503828048706,1.0633127689361572,0.034094132483005524,10.9694185256958,0.23759149014949799
53,100,0.9819590449333191,0.9464465379714966,0.03433435037732124,11.78161907196045,0.21272875368595123
54,1,0.9231285452842712,0.9012283086776733,0.021229634061455727,6.706182956695557,0.11794543266296387
54,2,0.34678274393081665,0.3436529338359833,0.003101646900177002,0.281696617603302,0.018640905618667603
54,3,0.817829430103302,0.8030656576156616,0.014456534758210182,3.0726547241210938,0.5261359810829163
54,4,0.8889267444610596,0.8828607201576233,0.006014813669025898,0.512186586856842,0.09597145020961761
54,5,1.2461940050125122,1.2257384061813354,0.020000331103801727,4.552830219268799,0.14321325719356537
54,6,1.20256507396698,1.181218147277832,0.020822104066610336,5.248379230499268,0.13814149796962738
54,7,0.9554595351219177,0.9477564096450806,0.007644066121429205,0.5908451080322266,0.08733987808227539
54,8,0.7248750925064087,0.7192530035972595,0.005571706220507622,0.5036221146583557,0.07132375240325928
54,9,0.8595628142356873,0.8308964371681213,0.027997825294733047,6.684991359710693,0.38837721943855286
54,10,0.9172031283378601,0.8922379016876221,0.02430839091539383,6.5681891441345215,0.6669143438339233
54,11,0.9859943985939026,0.9524631500244141,0.03242596983909607,11.0526704788208,0.17957890033721924
54,12,0.8575341105461121,0.8500868082046509,0.007400258909910917,0.4703596234321594,0.0906083807349205
54,13,0.31211772561073303,0.3097921311855316,0.0022917441092431545,0.338676393032074,0.04079563915729523
54,14,0.023158835247159004,0.02305520698428154,7.497983460780233e-05,0.2864910364151001,0.002226264448836446
54,15,0.4295116662979126,0.42343032360076904,0.0059452299028635025,1.361092209815979,0.033015813678503036
54,16,0.4226323664188385,0.4184734523296356,0.004091464914381504,0.6743966341018677,0.02899562567472458
54,17,0.4181280732154846,0.4130058288574219,0.005016961134970188,1.0528744459152222,0.02641412615776062
54,18,0.8406047224998474,0.8346296548843384,0.005946498364210129,0.285648375749588,0.05969297140836716
54,19,0.12030814588069916,0.11943762749433517,0.000865751295350492,0.04769311100244522,0.03680684417486191
54,20,0.032905250787734985,0.03275202959775925,0.00012065691407769918,0.32562288641929626,0.0059960102662444115
54,21,0.3509237766265869,0.3474142551422119,0.003474573837593198,0.34961560368537903,0.02342354506254196
54,22,0.8526025414466858,0.8436145186424255,0.008892714977264404,0.9528166055679321,0.08336595445871353
54,23,1.0597953796386719,1.0327997207641602,0.026448145508766174,5.475823879241943,0.13844144344329834
54,24,0.8285365700721741,0.805083692073822,0.022958289831876755,4.946066856384277,0.3143934905529022
54,25,0.39949196577072144,0.3952277600765228,0.0041975658386945724,0.6664600968360901,0.04562493413686752
54,26,0.83391273021698,0.8128160238265991,0.0204921867698431,6.044811725616455,0.5399490594863892
54,27,0.2764259874820709,0.27389997243881226,0.0025019387248903513,0.24087266623973846,0.057882919907569885
54,28,0.0480709969997406,0.047664280980825424,0.00036508688936010003,0.41628792881965637,0.019488628953695297
54,29,1.062042474746704,1.0361566543579102,0.025100264698266983,7.855809688568115,0.222426176071167
54,30,0.8359743356704712,0.8144696950912476,0.02097313106060028,5.314863204956055,0.4513930678367615
54,31,0.849880039691925,0.832451343536377,0.017030149698257446,3.985917329788208,0.6937040686607361
54,32,0.2459765076637268,0.2433965504169464,0.0025600031949579716,0.19950814545154572,0.06910350918769836
54,33,0.5824277400970459,0.5716599822044373,0.010572841390967369,1.9491063356399536,0.29567569494247437
54,34,0.1375853717327118,0.13517868518829346,0.0023849185090512037,0.21766941249370575,0.12956804037094116
54,35,0.9486218094825745,0.9251273274421692,0.022566165775060654,9.283461570739746,0.12440833449363708
54,36,1.069933533668518,1.0506651401519775,0.018884697929024696,3.83701491355896,0.10383251309394836
54,37,0.22870393097400665,0.22705458104610443,0.0016304370947182178,0.1891641914844513,0.026341255754232407
54,38,0.39736098051071167,0.3943852186203003,0.0029427025001496077,0.3305604159832001,0.019575653597712517
54,39,0.9964695572853088,0.9722900986671448,0.023578695952892303,6.007698059082031,0.19038636982440948
54,40,1.1771167516708374,1.1506810188293457,0.025709526613354683,7.261743068695068,0.13156044483184814
54,41,0.7886807918548584,0.7641644477844238,0.024022407829761505,4.9396843910217285,0.23834548890590668
54,42,0.42239323258399963,0.41583502292633057,0.006506972946226597,0.512332022190094,0.06283669918775558
54,43,1.142714023590088,1.0881128311157227,0.05272034555673599,18.808807373046875,0.20111054182052612
54,44,0.6303274631500244,0.6124907732009888,0.017402056604623795,4.346210956573486,0.278617262840271
54,45,1.011863350868225,0.9755479097366333,0.035364989191293716,9.504579544067383,0.22943949699401855
54,46,0.3463132083415985,0.34203463792800903,0.004240710753947496,0.3785540759563446,0.018141038715839386
54,47,0.025735804811120033,0.025664227083325386,5.06033466081135e-05,0.20974963903427124,0.0033785346895456314
54,48,0.1340201050043106,0.13239571452140808,0.0016064869705587626,0.17889074981212616,0.08256125450134277
54,49,0.43128201365470886,0.42671775817871094,0.004528480116277933,0.35759037733078003,0.04210897162556648
54,50,0.11906653642654419,0.11842913925647736,0.0006336807855404913,0.03720400854945183,0.031233299523591995
54,51,0.44193190336227417,0.43789416551589966,0.0039410460740327835,0.9668592214584351,0.02942652627825737
54,52,0.5891951322555542,0.5810869932174683,0.007974626496434212,1.335157871246338,0.19732676446437836
54,53,0.1323632150888443,0.1316261887550354,0.000732457498088479,0.04578988626599312,0.04008808732032776
54,54,0.41436657309532166,0.41043621301651,0.0038392243441194296,0.9114786982536316,0.04561861604452133
54,55,0.12159203737974167,0.12092867493629456,0.0006594074657186866,0.03959053382277489,0.03560503572225571
54,56,0.9864442348480225,0.9677886962890625,0.017942098900675774,7.134773254394531,0.116536445915699
54,57,0.4172884523868561,0.412740021944046,0.004454519599676132,0.9389313459396362,0.034576013684272766
54,58,0.016164200380444527,0.01608428917825222,6.694163312204182e-05,0.12969689071178436,0.06810523569583893
54,59,0.9668285846710205,0.9441875219345093,0.02188786119222641,7.532235145568848,0.17981965839862823
54,60,1.0758702754974365,1.0428791046142578,0.031889572739601135,11.015908241271973,0.19959396123886108
54,61,0.852366030216217,0.8440866470336914,0.008229393512010574,0.5001210570335388,0.10903386771678925
54,62,0.376609742641449,0.37350115180015564,0.003092388855293393,0.1621173471212387,0.025912495329976082
54,63,0.43183329701423645,0.424694299697876,0.006984282284975052,1.5469282865524292,0.05327685549855232
54,64,0.4070546627044678,0.4017857313156128,0.005194342695176601,0.7460785508155823,0.03420286625623703
54,65,0.12435731291770935,0.12240073084831238,0.0019405728671699762,0.1601380705833435,0.09299436211585999
54,66,0.3155359625816345,0.31258177757263184,0.002914964687079191,0.392264187335968,0.03841829672455788
54,67,0.9595609307289124,0.9230637550354004,0.03496071696281433,15.364083290100098,0.16570571064949036
54,68,0.2003600299358368,0.19883453845977783,0.0015015611425042152,0.23932181298732758,0.008823016658425331
54,69,0.4252355098724365,0.4192909598350525,0.005801343359053135,1.4320305585861206,0.037091102451086044
54,70,0.946406364440918,0.9340992569923401,0.012145904824137688,1.6124396324157715,0.09571120142936707
54,71,0.3380877375602722,0.3349459767341614,0.0031130160205066204,0.2876986563205719,0.017407909035682678
54,72,0.37714383006095886,0.37372010946273804,0.0033748457208275795,0.4887269139289856,0.0310707688331604
54,73,0.32041800022125244,0.3176043927669525,0.0027673474978655577,0.46242210268974304,0.03436984121799469
54,74,0.12070377916097641,0.1199064776301384,0.0007930340943858027,0.04270188882946968,0.030790474265813828
54,75,1.0122343301773071,0.9867297410964966,0.024668626487255096,8.359968185424805,0.15106207132339478
54,76,0.9647698402404785,0.9434040784835815,0.020571742206811905,7.9397406578063965,0.09953354299068451
54,77,0.12677837908267975,0.12599793076515198,0.0007757339044474065,0.047120798379182816,0.04087643325328827
54,78,1.1404565572738647,1.102130651473999,0.0370204783976078,13.054024696350098,0.17551837861537933
54,79,0.32976529002189636,0.32719334959983826,0.0025500613264739513,0.21877998113632202,0.016938451677560806
54,80,0.21884460747241974,0.21724897623062134,0.0015829310286790133,0.12689051032066345,0.04207959771156311
54,81,0.3824519217014313,0.3798515796661377,0.002581612905487418,0.18714381754398346,0.031055191531777382
54,82,0.3720253109931946,0.3694024384021759,0.0026106880977749825,0.12183283269405365,0.02613658644258976
54,83,0.3950992226600647,0.3921810984611511,0.0028969652485102415,0.2115487903356552,0.03331604227423668
54,84,0.8464975357055664,0.8384919762611389,0.007934494875371456,0.7107638716697693,0.14204230904579163
54,85,0.4392679035663605,0.4324341118335724,0.006680556572973728,1.5324746370315552,0.043780311942100525
54,86,1.0039533376693726,0.9672726988792419,0.035712189972400665,9.684891700744629,0.7583765387535095
54,87,0.06459761410951614,0.06444533169269562,0.00015196653839666396,0.0031056548468768597,0.006580628454685211
54,88,0.3325250446796417,0.32933565974235535,0.003139556385576725,0.4982370138168335,0.05104082077741623
54,89,0.3137842118740082,0.3111540675163269,0.002600122010335326,0.30010050535202026,0.04986061155796051
54,90,0.2417086660861969,0.23975318670272827,0.0019356703851372004,0.19801445305347443,0.05893751233816147
54,91,0.9317038655281067,0.9223669171333313,0.009233326651155949,1.0357838869094849,0.14565975964069366
54,92,0.04478946328163147,0.04440895467996597,0.0003517093718983233,0.2879916727542877,0.014554851688444614
54,93,0.23397822678089142,0.23204398155212402,0.001918023219332099,0.1622917205095291,0.053269162774086
54,94,0.43451836705207825,0.42857035994529724,0.005817869212478399,1.3015660047531128,0.0376785546541214
54,95,0.24883532524108887,0.24667063355445862,0.0021440095733851194,0.20679882168769836,0.04778110608458519
54,96,0.14024770259857178,0.13874679803848267,0.001484716427512467,0.16184034943580627,0.08418156951665878
54,97,0.043275490403175354,0.04291325807571411,0.0003344241704326123,0.2780972123146057,0.014770511537790298
54,98,0.012579531408846378,0.012516243383288383,5.056187728769146e-05,0.12726539373397827,0.04400234669446945
54,99,0.042900729924440384,0.04257546365261078,0.0002977631229441613,0.27501970529556274,0.0147760771214962
54,100,1.1063899993896484,1.0877158641815186,0.018314458429813385,3.5960865020751953,0.14497001469135284
55,1,1.1073697805404663,1.0879168510437012,0.019023852422833443,4.290349006652832,0.1484382301568985
55,2,0.4197945296764374,0.41233229637145996,0.007309152744710445,1.5309702157974243,0.04140849411487579
55,3,0.43624845147132874,0.4315204918384552,0.004686679225414991,0.41261518001556396,0.053337447345256805
55,4,0.03301353380084038,0.03284197300672531,0.00014455811469815671,0.26999449729919434,0.004700105171650648
55,5,0.23910963535308838,0.23660391569137573,0.0024795059580355883,0.2621597349643707,0.055497098714113235
55,6,0.4190395772457123,0.4122557044029236,0.00656689889729023,2.169595956802368,0.04377259314060211
55,7,0.36072883009910583,0.3582480251789093,0.002467661164700985,0.13133756816387177,0.018732305616140366
55,8,1.0193710327148438,0.9925768375396729,0.026058631017804146,7.354955673217773,0.17135317623615265
55,9,0.9847872853279114,0.9629547595977783,0.021294455975294113,5.38040828704834,0.15696558356285095
55,10,0.013341817073523998,0.013289043679833412,3.978922177338973e-05,0.12984780967235565,0.04092603921890259
55,11,1.0375839471817017,1.0120035409927368,0.024796562269330025,7.838242053985596,0.18016968667507172
55,12,1.0417900085449219,1.0052108764648438,0.03521821275353432,13.608865737915039,0.12986528873443604
55,13,0.8275202512741089,0.8196720480918884,0.007778710685670376,0.6949065327644348,0.09762535989284515
55,14,0.9005685448646545,0.8743314743041992,0.02517976611852646,10.573095321655273,0.09389807283878326
55,15,0.37487277388572693,0.37225914001464844,0.0025940409395843744,0.19591276347637177,0.01688605174422264
55,16,0.1247355118393898,0.12390374392271042,0.0008268022211268544,0.04962988197803497,0.030063986778259277
55,17,0.34255465865135193,0.34022021293640137,0.0023200479336082935,0.14397573471069336,0.018197838217020035
55,18,0.38171064853668213,0.37895676493644714,0.0027364566922187805,0.17433451116085052,0.0200616717338562
55,19,0.24417202174663544,0.24217602610588074,0.0019740737043321133,0.21923524141311646,0.03302233666181564
55,20,0.8654841184616089,0.8544653654098511,0.010946456342935562,0.7229689955711365,0.12329655140638351
55,21,0.8917763829231262,0.8794626593589783,0.012200534343719482,1.1319010257720947,0.16943113505840302
55,22,0.11934266239404678,0.1175689697265625,0.0017579777631908655,0.1571575254201889,0.07503609359264374
55,23,0.3307075500488281,0.3258199691772461,0.004802474286407232,0.8511227965354919,0.03220169246196747
55,24,0.3427373766899109,0.3384372889995575,0.0042630527168512344,0.370524138212204,0.02005181461572647
55,25,0.3768199682235718,0.3737999200820923,0.0030047812033444643,0.15250013768672943,0.02307886630296707
55,26,1.2163331508636475,1.1736066341400146,0.04180939495563507,9.170697212219238,0.25046825408935547
55,27,0.4187597632408142,0.4133273661136627,0.005314498208463192,1.1788614988327026,0.03009907715022564
55,28,0.028945347294211388,0.02879640832543373,0.0001237253163708374,0.2521252930164337,0.0056295571848750114
55,29,0.41176638007164,0.406879723072052,0.004761719144880772,1.2494051456451416,0.02821989730000496
55,30,0.8454614877700806,0.8395349979400635,0.005893496796488762,0.3301912248134613,0.07752315700054169
55,31,0.12781022489070892,0.12686488032341003,0.000939783058129251,0.05560685694217682,0.04197613149881363
55,32,0.9982296228408813,0.9816457033157349,0.016128752380609512,4.5516438484191895,0.12633931636810303
55,33,0.9119523167610168,0.9062738418579102,0.005637488793581724,0.4098895192146301,0.07805967330932617
55,34,0.38807836174964905,0.38528192043304443,0.002782435156404972,0.1400361806154251,0.02455500140786171
55,35,0.4231569468975067,0.4200733006000519,0.003056873334571719,0.2675095200538635,0.04398706927895546
55,36,0.37853381037712097,0.37531715631484985,0.003188319271430373,0.283372163772583,0.027830123901367188
55,37,0.6086459755897522,0.6010337471961975,0.007466793525964022,1.4540956020355225,0.2493331879377365
55,38,0.7388638257980347,0.7248086929321289,0.013642851263284683,4.1228346824646,0.2878986597061157
55,39,0.31279903650283813,0.31021541357040405,0.0025653610937297344,0.18274787068367004,0.05788233503699303
55,40,0.42167356610298157,0.41378846764564514,0.007679936476051807,2.051706552505493,0.07042227685451508
55,41,0.4174874722957611,0.41276031732559204,0.004670088179409504,0.570821225643158,0.0447162464261055
55,42,0.1334996372461319,0.1322614848613739,0.0012307593133300543,0.07388629019260406,0.0626087635755539
55,43,0.23369470238685608,0.23109914362430573,0.002569010015577078,0.2655675411224365,0.06382142752408981
55,44,0.22209985554218292,0.21999795734882355,0.0020828591659665108,0.19048906862735748,0.05710265785455704
55,45,0.3525615334510803,0.34985554218292236,0.0026947050355374813,0.11303930729627609,0.04169932380318642
55,46,0.022540608420968056,0.022414445877075195,9.447756747249514e-05,0.3168637752532959,0.0035346252843737602
55,47,0.0415283739566803,0.04103081673383713,0.0004589925520122051,0.385623574256897,0.01842954196035862
55,48,0.597276508808136,0.5860549211502075,0.011003079824149609,2.1849257946014404,0.23320500552654266
55,49,0.9089926481246948,0.8985283970832825,0.010333070531487465,1.311696171760559,0.13386645913124084
55,50,1.1174911260604858,1.0986768007278442,0.01840091496706009,4.133753299713135,0.14723816514015198
55,51,0.13096226751804352,0.12890419363975525,0.0020372949074953794,0.20765119791030884,0.09443017840385437
55,52,0.23123975098133087,0.22867289185523987,0.00253483047708869,0.32015398144721985,0.045171622186899185
55,53,0.12434329837560654,0.12321597337722778,0.0011197342537343502,0.07594353705644608,0.04229599982500076
55,54,0.33008021116256714,0.324361115694046,0.005585007835179567,1.3409010171890259,0.039468951523303986
55,55,0.127289280295372,0.12518742680549622,0.0020855553448200226,0.16299773752689362,0.0890650749206543
55,56,0.18962827324867249,0.18781228363513947,0.0017818027408793569,0.34190264344215393,0.009842563420534134
55,57,0.221193328499794,0.21954339742660522,0.0016386235365644097,0.11310095340013504,0.0434579998254776
55,58,0.12690462172031403,0.12586334347724915,0.001035486115142703,0.05789335444569588,0.04449649900197983
55,59,0.4085632860660553,0.40269917249679565,0.005677786655724049,1.8633517026901245,0.04195626825094223
55,60,0.9659992456436157,0.9403488636016846,0.024733684957027435,9.167420387268066,0.12823131680488586
55,61,0.012872218154370785,0.012789599597454071,6.572860002052039e-05,0.16889803111553192,0.06851428747177124
55,62,0.013484685681760311,0.013398446142673492,6.972552364459261e-05,0.16514573991298676,0.06664495915174484
55,63,0.2138819694519043,0.21227656304836273,0.0015774285420775414,0.27990344166755676,0.011508375406265259
55,64,0.9753817319869995,0.9541826248168945,0.020664136856794357,5.349349498748779,0.15557286143302917
55,65,0.22792479395866394,0.22646810114383698,0.0014437288045883179,0.12957914173603058,0.04342947155237198
55,66,0.22313524782657623,0.22161316871643066,0.001510318019427359,0.11750946193933487,0.04218963533639908
55,67,0.23453815281391144,0.23312008380889893,0.0014052146580070257,0.12861816585063934,0.045492254197597504
55,68,0.4619895815849304,0.45561593770980835,0.00629793293774128,0.7569306492805481,0.05234823375940323
55,69,0.019628062844276428,0.019457269459962845,0.0001703714078757912,0.004221892915666103,0.0031135519966483116
55,70,0.4220317006111145,0.41757363080978394,0.004419524222612381,0.38521334528923035,0.05079243704676628
55,71,0.4651980400085449,0.4591677188873291,0.0058894106186926365,1.4090180397033691,0.03551569581031799
55,72,0.33121955394744873,0.32854264974594116,0.002639321144670248,0.3759039044380188,0.045798372477293015
55,73,0.18497797846794128,0.18369761109352112,0.0012645648093894124,0.15795262157917023,0.012442722916603088
55,74,0.014249400235712528,0.014158248901367188,6.291969475569203e-05,0.28231555223464966,0.0022563296370208263
55,75,0.8888916373252869,0.8815395832061768,0.007310046814382076,0.42016372084617615,0.09496574103832245
55,76,0.6565876603126526,0.6426700353622437,0.013604296371340752,3.133579730987549,0.26472458243370056
55,77,0.3120291531085968,0.30953335762023926,0.002467237412929535,0.2854699194431305,0.04361511021852493
55,78,0.37528297305107117,0.37274545431137085,0.0025253063067793846,0.12223827838897705,0.021991543471813202
55,79,0.025076422840356827,0.02492525428533554,0.00012151742703281343,0.2965174615383148,0.008663671091198921
55,80,0.18432018160820007,0.18291261792182922,0.00139072525780648,0.16842199862003326,0.01129076536744833
55,81,0.42382317781448364,0.41859132051467896,0.00512770377099514,1.0415385961532593,0.03714381903409958
55,82,0.011666941456496716,0.011592433787882328,5.799206701340154e-05,0.16515299677848816,0.06055177003145218
55,83,0.8231741189956665,0.8027834892272949,0.01981814205646515,5.725093841552734,0.5255244970321655
55,84,0.1185508742928505,0.11774511635303497,0.0008004844421520829,0.05277638137340546,0.04353316128253937
55,85,0.015862759202718735,0.015771061182022095,6.335276702884585e-05,0.28346243500709534,0.002493120264261961
55,86,0.9779093265533447,0.9488957524299622,0.027994846925139427,10.187307357788086,0.1476949006319046
55,87,0.4149593710899353,0.4082285761833191,0.006589311640709639,1.414776086807251,0.03195764124393463
55,88,0.015061022713780403,0.014968834817409515,6.330089672701433e-05,0.28886404633522034,0.0026030924636870623
55,89,0.45634129643440247,0.45031875371932983,0.005964451469480991,0.5807601809501648,0.06873366236686707
55,90,0.2763974368572235,0.27421075105667114,0.002178118098527193,0.08545707911252975,0.0652460902929306
55,91,1.1267839670181274,1.100110650062561,0.026081951335072517,5.914468288421631,0.16604521870613098
55,92,0.4388963282108307,0.43278488516807556,0.006057693623006344,0.5376167893409729,0.07071146368980408
55,93,1.2000470161437988,1.1739959716796875,0.02542724832892418,6.238563537597656,0.18112704157829285
55,94,0.9151728749275208,0.9043323397636414,0.010761948302388191,0.7854474782943726,0.11180446296930313
55,95,0.37964868545532227,0.37626349925994873,0.003364143893122673,0.21050728857517242,0.029076088219881058
55,96,0.3287373185157776,0.3234938979148865,0.005155293736606836,0.8812686204910278,0.05998893827199936
55,97,0.42991870641708374,0.42200592160224915,0.007693775929510593,2.1900248527526855,0.048049669712781906
55,98,1.0018824338912964,0.9756113886833191,0.025513935834169388,7.571177959442139,0.15171164274215698
55,99,0.38199934363365173,0.37921273708343506,0.0027655363082885742,0.21072626113891602,0.02878347411751747
55,100,0.3473586142063141,0.3445826470851898,0.0027434006333351135,0.3258731961250305,0.013838039711117744
56,1,0.5713976621627808,0.5622096061706543,0.008984179235994816,2.0382397174835205,0.2020389437675476
56,2,0.12182194739580154,0.12064111232757568,0.001168327871710062,0.12512724101543427,0.07540887594223022
56,3,0.8881896138191223,0.8806813955307007,0.0074292877689003944,0.7893228530883789,0.09704403579235077
56,4,0.9464306831359863,0.9387387037277222,0.007631708402186632,0.602784276008606,0.08003462851047516
56,5,0.021186912432312965,0.021061744540929794,9.362169657833874e-05,0.31546419858932495,0.0027470476925373077
56,6,0.21189796924591064,0.21010911464691162,0.0017768164398148656,0.12037580460309982,0.18558388948440552
56,7,0.7058477401733398,0.6988632678985596,0.006915196310728788,0.6923975348472595,0.07748077809810638
56,8,0.35798048973083496,0.35521751642227173,0.0027462264988571405,0.16741101443767548,0.021702606230974197
56,9,0.3432430028915405,0.3387634754180908,0.004401487298309803,0.7805158495903015,0.04894794151186943
56,10,0.3410939872264862,0.3368305265903473,0.004195886664092541,0.6757287383079529,0.05133888125419617
56,11,1.1944881677627563,1.1658477783203125,0.02800137549638748,6.389957904815674,0.20597735047340393
56,12,0.7082768082618713,0.7002192735671997,0.00799214094877243,0.65386563539505,0.10053935647010803
56,13,0.4366625249385834,0.4306122958660126,0.005938245914876461,1.1201114654541016,0.041485026478767395
56,14,0.904017984867096,0.8778027892112732,0.025193221867084503,10.219874382019043,0.12184524536132812
56,15,0.8486207723617554,0.8380078077316284,0.010479778982698917,1.3316190242767334,0.11595754325389862
56,16,0.13023221492767334,0.12799100577831268,0.002217702567577362,0.23514485359191895,0.10800179839134216
56,17,0.4355492889881134,0.43025100231170654,0.005254135001450777,0.44123125076293945,0.062201566994190216
56,18,0.8097901344299316,0.7882428765296936,0.021045878529548645,5.014143943786621,0.28811800479888916
56,19,0.22823132574558258,0.22624732553958893,0.0019670724868774414,0.1692495197057724,0.041841886937618256
56,20,0.3804914951324463,0.3776651620864868,0.0027973318938165903,0.29003146290779114,0.02393806166946888
56,21,0.01854744739830494,0.018443875014781952,7.432189886458218e-05,0.2925051748752594,0.002637486904859543
56,22,0.845360279083252,0.8246653079986572,0.020192950963974,5.0201029777526855,0.48587602376937866
56,23,0.41889557242393494,0.4138776361942291,0.004887527786195278,1.3041115999221802,0.028862696141004562
56,24,0.03951999917626381,0.0391797237098217,0.000304647081065923,0.35628774762153625,0.018392687663435936
56,25,0.01092765387147665,0.010859746485948563,5.069156031822786e-05,0.17215405404567719,0.06002895534038544
56,26,1.072226881980896,1.0417826175689697,0.029429908841848373,10.143106460571289,0.15580430626869202
56,27,0.43466898798942566,0.42825639247894287,0.006281907670199871,1.3067773580551147,0.0399470254778862
56,28,0.01615026220679283,0.016019655391573906,9.760343527887017e-05,0.3300386071205139,0.005944298580288887
56,29,0.12982748448848724,0.12876546382904053,0.0010560977971181273,0.05913065746426582,0.050322405993938446
56,30,0.12033361941576004,0.11943590641021729,0.000892192532774061,0.055222611874341965,0.043068163096904755
56,31,0.21556749939918518,0.21268996596336365,0.002829271601513028,0.4826868772506714,0.027740459889173508
56,32,0.4205355644226074,0.4129583239555359,0.00734750647097826,2.2973835468292236,0.056763507425785065
56,33,0.18882779777050018,0.18700647354125977,0.0017875635530799627,0.3376722037792206,0.012916512787342072
56,34,1.1268019676208496,1.0914753675460815,0.034516312181949615,8.102760314941406,0.17262089252471924
56,35,0.45872271060943604,0.4516756534576416,0.00696196872740984,0.850847601890564,0.058582812547683716
56,36,0.39709028601646423,0.3942030072212219,0.0028592762537300587,0.2800028622150421,0.028462257236242294
56,37,0.1910250037908554,0.18918432295322418,0.0018129710806533694,0.27723264694213867,0.009978340938687325
56,38,0.39700549840927124,0.39247366786003113,0.004427080508321524,1.0474681854248047,0.040629059076309204
56,39,0.011401670053601265,0.011316650547087193,6.748847954440862e-05,0.17531484365463257,0.057380277663469315
56,40,0.3722034990787506,0.3696918189525604,0.0024978555738925934,0.13827385008335114,0.018853966146707535
56,41,0.437134325504303,0.4321393370628357,0.0049477750435471535,0.4720654785633087,0.04079326242208481
56,42,0.043877385556697845,0.04341382160782814,0.00042643133201636374,0.3713379502296448,0.026505382731556892
56,43,0.019413292407989502,0.0192720890045166,0.0001088931894628331,0.3230905532836914,0.004261643160134554
56,44,0.5978792905807495,0.58948814868927,0.008232362568378448,1.5877712965011597,0.22396989166736603
56,45,1.108391284942627,1.088672399520874,0.019333790987730026,3.850505828857422,0.146786630153656
56,46,0.7946328520774841,0.7722288370132446,0.021856630221009254,5.474197864532471,0.3651990294456482
56,47,0.3675408363342285,0.364883154630661,0.002644013613462448,0.13692739605903625,0.020235437899827957
56,48,0.026672910898923874,0.026470009237527847,0.0001682605652604252,0.3464120030403137,0.008593845181167126
56,49,0.9055634140968323,0.8963676691055298,0.009127669036388397,0.680652916431427,0.11804329603910446
56,50,0.8991805911064148,0.8875409364700317,0.011488012969493866,1.5165804624557495,0.11088728159666061
56,51,0.4290883541107178,0.42540889978408813,0.003643485950306058,0.3597967028617859,0.037220802158117294
56,52,0.4135725796222687,0.40731093287467957,0.006117808632552624,1.4383258819580078,0.038809970021247864
56,53,0.3213599920272827,0.3180088698863983,0.0032915696501731873,0.5955805778503418,0.044530969113111496
56,54,0.4250696003437042,0.4197530150413513,0.0052094366401433945,1.0714424848556519,0.038507960736751556
56,55,0.6275375485420227,0.6143120527267456,0.012941848486661911,2.8368122577667236,0.2475641965866089
56,56,0.8457901477813721,0.8148441314697266,0.03020274080336094,7.432531833648682,0.36679530143737793
56,57,1.056883454322815,1.0362896919250488,0.020120743662118912,4.730147838592529,0.14374199509620667
56,58,0.9437371492385864,0.9163022041320801,0.02631162852048874,11.232914924621582,0.1299085021018982
56,59,0.436421275138855,0.42745932936668396,0.008690336719155312,2.7160911560058594,0.03600391373038292
56,60,0.41117537021636963,0.4063130021095276,0.004714309703558683,1.480531930923462,0.03625094145536423
56,61,0.021481670439243317,0.021370571106672287,8.179779979400337e-05,0.2930062413215637,0.0056575387716293335
56,62,0.9204066395759583,0.9002299308776855,0.01953936740756035,6.373249530792236,0.10490059852600098
56,63,0.8894152641296387,0.8656426072120667,0.023050697520375252,7.2195634841918945,0.5446491241455078
56,64,0.2300824075937271,0.22831520438194275,0.001754317432641983,0.12888604402542114,0.04800115525722504
56,65,0.022610915824770927,0.02246236428618431,0.00011692149564623833,0.3162994980812073,0.0030510409269481897
56,66,0.8903276920318604,0.8825315833091736,0.007750223390758038,0.45889657735824585,0.08941024541854858
56,67,0.13227316737174988,0.13011695444583893,0.0021375627256929874,0.18659675121307373,0.10067474842071533
56,68,0.8229761123657227,0.8154789209365845,0.007433432154357433,0.6374874114990234,0.10597485303878784
56,69,0.40775957703590393,0.40305471420288086,0.004591977223753929,1.1287715435028076,0.04503140598535538
56,70,0.9773668646812439,0.9534091949462891,0.023035718128085136,9.21948528289795,0.12110688537359238
56,71,0.3822667896747589,0.37860679626464844,0.003606688231229782,0.5332173705101013,0.02789207547903061
56,72,0.26482802629470825,0.25998884439468384,0.0047058104537427425,1.333725094795227,0.03697560355067253
56,73,0.013348119333386421,0.013254828751087189,6.3083934946917e-05,0.3020607829093933,0.0023413067683577538
56,74,0.04529358446598053,0.04483937844634056,0.00041518264333717525,0.3902377188205719,0.023926816880702972
56,75,0.4184630811214447,0.41382455825805664,0.004601228982210159,0.3728487193584442,0.05420266464352608
56,76,0.12769198417663574,0.1261032521724701,0.0015727600548416376,0.15969449281692505,0.10318221151828766
56,77,0.36861392855644226,0.36576759815216064,0.0028339801356196404,0.12340397387742996,0.02668844163417816
56,78,0.014391590841114521,0.014289524406194687,7.005140651017427e-05,0.3201555013656616,0.0022224318236112595
56,79,1.1257964372634888,1.088991641998291,0.035283688455820084,15.211512565612793,0.14522680640220642
56,80,0.015038511715829372,0.014932351186871529,7.315717084566131e-05,0.3300306499004364,0.002518939785659313
56,81,0.04244773089885712,0.04194307327270508,0.0004623934510163963,0.4226382076740265,0.022460127249360085
56,82,0.025316672399640083,0.025131702423095703,0.00014702018233947456,0.37948787212371826,0.007383400574326515
56,83,0.6932274103164673,0.6851744651794434,0.007978733628988266,0.7418604493141174,0.0800408273935318
56,84,0.39892062544822693,0.39437317848205566,0.004495727363973856,0.5171473026275635,0.032853756099939346
56,85,0.4164222478866577,0.4113859534263611,0.0049494048580527306,0.8690279722213745,0.03600055351853371
56,86,0.41830793023109436,0.40908676385879517,0.008946320042014122,2.748429775238037,0.051201604306697845
56,87,0.5948176383972168,0.577499508857727,0.017012475058436394,3.056623697280884,0.2437083125114441
56,88,0.6581032276153564,0.634732723236084,0.02284158021211624,5.289427757263184,0.2653731405735016
56,89,0.9904782772064209,0.9489266872406006,0.039892613887786865,16.589784622192383,0.10656745731830597
56,90,0.020746445283293724,0.020610861480236053,0.00010455301526235417,0.3103106617927551,0.0031640897504985332
56,91,0.18398286402225494,0.1829189658164978,0.0010534324683248997,0.10454945266246796,0.008414327166974545
56,92,0.8800129294395447,0.8635037541389465,0.016096223145723343,4.129436492919922,0.3891315460205078
56,93,1.103950023651123,1.0815460681915283,0.02179412916302681,6.098653793334961,0.09471326321363449
56,94,0.7936789393424988,0.7683739066123962,0.02475924976170063,5.457945346832275,0.3396628797054291
56,95,0.02363179251551628,0.02355192042887211,5.610124208033085e-05,0.23771879076957703,0.0021504866890609264
56,96,0.4028629958629608,0.4007587730884552,0.0020891076419502497,0.15114012360572815,0.02866850420832634
56,97,0.01480798702687025,0.014752195216715336,4.199452087050304e-05,0.13797803223133087,0.06565602868795395
56,98,0.42232272028923035,0.41826266050338745,0.0039711641147732735,0.8891258239746094,0.06391268968582153
56,99,0.6495055556297302,0.6381497979164124,0.011160371825098991,1.9539905786514282,0.4134105145931244
56,100,0.874017059803009,0.8642188310623169,0.009748402051627636,0.4984627962112427,0.16831284761428833
57,1,0.34917816519737244,0.3463096022605896,0.0028123524971306324,0.5621039271354675,0.055766478180885315
57,2,0.8765947818756104,0.867527961730957,0.009004337713122368,0.6245426535606384,0.11886712163686752
57,3,0.0633518323302269,0.06308949738740921,0.0002363838575547561,0.25952044129371643,0.015756625682115555
57,4,0.969092071056366,0.9437722563743591,0.02442607842385769,8.936857223510742,0.12827718257904053
57,5,0.33721834421157837,0.3354221284389496,0.0017643646569922566,0.3187066316604614,0.02615305408835411
57,6,0.36777040362358093,0.36592015624046326,0.0018155891448259354,0.34673136472702026,0.023611990734934807
57,7,0.03197402134537697,0.03189548850059509,5.7386998378206044e-05,0.21143388748168945,0.003151661716401577
57,8,0.8953740000724792,0.8886648416519165,0.0066672093234956264,0.41988494992256165,0.0541965551674366
57,9,0.34148821234703064,0.3398440480232239,0.0016191031318157911,0.25053003430366516,0.023757386952638626
57,10,0.014579160138964653,0.014516938477754593,4.91714890813455e-05,0.13050420582294464,0.034972406923770905
57,11,0.9685335159301758,0.9383294582366943,0.02933814935386181,8.659392356872559,0.17224326729774475
57,12,0.2052246779203415,0.2037845253944397,0.0014184433966875076,0.21712122857570648,0.010294279083609581
57,13,0.9027477502822876,0.8961086273193359,0.006591535173356533,0.4757537245750427,0.09854556620121002
57,14,0.8380014896392822,0.8097535371780396,0.027591591700911522,6.563871383666992,0.4220958948135376
57,15,0.8607912063598633,0.8308669328689575,0.029246890917420387,6.7738847732543945,0.4335406422615051
57,16,0.9279091954231262,0.9101134538650513,0.01737302541732788,4.227206707000732,0.15482041239738464
57,17,0.3195061683654785,0.31680789589881897,0.002674280432984233,0.24003656208515167,0.06425579637289047
57,18,0.34647443890571594,0.3436107933521271,0.002820551861077547,0.4309728443622589,0.0655842274427414
57,19,0.6986396312713623,0.6943753361701965,0.004236280918121338,0.27998292446136475,0.07126785814762115
57,20,0.13532166182994843,0.13373176753520966,0.0015718828653916717,0.18018093705177307,0.10484784841537476
57,21,0.043553426861763,0.04324460029602051,0.0002690367982722819,0.39789658784866333,0.01939784362912178
57,22,0.031536735594272614,0.03136187046766281,0.00013800986926071346,0.36855074763298035,0.007413395680487156
57,23,0.7197862863540649,0.7151787281036377,0.004566880874335766,0.4063873291015625,0.05790932476520538
57,24,0.02154604345560074,0.02144269272685051,6.986215157667175e-05,0.33488398790359497,0.003089398145675659
57,25,0.020185107365250587,0.02007683925330639,7.59989270591177e-05,0.32268017530441284,0.002851469675078988
57,26,0.042278952896595,0.041883401572704315,0.000359456695150584,0.3609318435192108,0.019520394504070282
57,27,0.8745115399360657,0.8577113151550293,0.016378253698349,4.21927547454834,0.2554347813129425
57,28,0.12892009317874908,0.12724795937538147,0.0016570137813687325,0.15125277638435364,0.0841619148850441
57,29,0.7179365754127502,0.7123019695281982,0.005585045553743839,0.49540722370147705,0.07405540347099304
57,30,0.8776494264602661,0.868625283241272,0.008943351916968822,0.8075023889541626,0.1495380997657776
57,31,0.32592523097991943,0.3214483857154846,0.0044103823602199554,0.6646961569786072,0.0517362505197525
57,32,0.4230595827102661,0.41634222865104675,0.006609828677028418,1.0751454830169678,0.046566009521484375
57,33,0.714341938495636,0.7062727212905884,0.007999441586434841,0.6980754733085632,0.10790494084358215
57,34,0.8189790844917297,0.7934567928314209,0.02500580996274948,5.164661884307861,0.42553389072418213
57,35,0.015854446217417717,0.015773210674524307,4.9913716793525964e-05,0.31322991847991943,0.002389504574239254
57,36,0.23356987535953522,0.23140116035938263,0.0021484149619936943,0.20295388996601105,0.038720205426216125
57,37,0.014453302137553692,0.014363737776875496,7.020019984338433e-05,0.19363746047019958,0.056099891662597656
57,38,0.8779097199440002,0.8520941734313965,0.02516971528530121,6.457963466644287,0.3227183222770691
57,39,1.0845952033996582,1.0611129999160767,0.022943098098039627,5.390265941619873,0.14920535683631897
57,40,0.680535078048706,0.6750835180282593,0.005406257696449757,0.45297497510910034,0.0572839081287384
57,41,0.886198878288269,0.8782175183296204,0.007903842255473137,0.775239884853363,0.10571590065956116
57,42,0.019313190132379532,0.019222095608711243,6.119968020357192e-05,0.2989635765552521,0.002339874394237995
57,43,0.8218231797218323,0.8011274933815002,0.020229367539286613,4.663687705993652,0.2940584421157837
57,44,0.3741231858730316,0.3710869550704956,0.0030196423176676035,0.16612854599952698,0.02050473913550377
57,45,0.8163949251174927,0.8092849254608154,0.00707534933462739,0.34650319814682007,0.08130140602588654
57,46,0.02589104138314724,0.025724496692419052,0.00013089334242977202,0.3565148115158081,0.006336546503007412
57,47,0.3914693295955658,0.3877061605453491,0.0037346258759498596,0.28548839688301086,0.03272934630513191
57,48,0.32557085156440735,0.32200783491134644,0.003513739909976721,0.4925660789012909,0.04687488079071045
57,49,0.8370267748832703,0.8107287883758545,0.02570200338959694,5.959804534912109,0.4795621633529663
57,50,0.9390865564346313,0.92677903175354,0.0121783297508955,1.2924507856369019,0.14753222465515137
57,51,0.13212136924266815,0.13081279397010803,0.0013016264420002699,0.0693667083978653,0.04916134476661682
57,52,0.21771107614040375,0.21571975946426392,0.001969829434528947,0.21486614644527435,0.04010395705699921
57,53,0.18902862071990967,0.18770985305309296,0.0012985775247216225,0.20190447568893433,0.008417557924985886
57,54,0.13226844370365143,0.13000507652759552,0.0022427677176892757,0.20597127079963684,0.09625852108001709
57,55,0.37052488327026367,0.3677855134010315,0.002724949736148119,0.14428123831748962,0.01844736933708191
57,56,0.02486518770456314,0.024729697033762932,0.00010610042954795063,0.29391226172447205,0.005088708363473415
57,57,0.026229312643408775,0.02606532722711563,0.00013451636186800897,0.2946910858154297,0.005504176951944828
57,58,0.40095099806785583,0.39716285467147827,0.0037328959442675114,0.552397608757019,0.02192603424191475
57,59,0.404193639755249,0.4000495672225952,0.004056389909237623,0.8767309784889221,0.02587100863456726
57,60,0.025769028812646866,0.025623077526688576,0.00011650061060208827,0.2944941818714142,0.005564522463828325
57,61,0.01560027152299881,0.015516065992414951,5.638063157675788e-05,0.2782530188560486,0.0020454786717891693
57,62,1.137587547302246,1.1015565395355225,0.03470420464873314,13.268265724182129,0.15112458169460297
57,63,0.3570018410682678,0.35408058762550354,0.002906487789005041,0.1476512849330902,0.01981183886528015
57,64,0.6147508025169373,0.6019372940063477,0.01255080383270979,2.6269595623016357,0.22251617908477783
57,65,0.030586877837777138,0.030420534312725067,0.00013234322250355035,0.34000998735427856,0.005889865569770336
57,66,0.40954476594924927,0.4033394753932953,0.006056489422917366,1.4880567789077759,0.05349902808666229
57,67,0.86264568567276,0.8528023958206177,0.009730994701385498,1.1227785348892212,0.1314857006072998
57,68,0.49140119552612305,0.4802549481391907,0.010860205627977848,2.860318422317505,0.04675636440515518
57,69,0.8569926023483276,0.8200372457504272,0.03597380220890045,9.815474510192871,0.39033636450767517
57,70,0.012518987990915775,0.012441644445061684,5.735434388043359e-05,0.19988805055618286,0.0725286602973938
57,71,0.19885912537574768,0.19703853130340576,0.0017877166392281651,0.3287789821624756,0.012344613671302795
57,72,0.12991681694984436,0.12883976101875305,0.0010706495959311724,0.06414884328842163,0.047927696257829666
57,73,0.2306252121925354,0.22856293618679047,0.0020401773508638144,0.2209174633026123,0.04616962745785713
57,74,0.24705657362937927,0.24464930593967438,0.00237569329328835,0.3157477080821991,0.04782389476895332
57,75,0.3607267439365387,0.3577101230621338,0.002994932234287262,0.21687482297420502,0.02093401923775673
57,76,0.18447929620742798,0.1831435263156891,0.0013182498514652252,0.17524465918540955,0.010291963815689087
57,77,0.025097250938415527,0.025017812848091125,7.929972343845293e-05,0.0013821573229506612,0.004089595749974251
57,78,0.8612061738967896,0.8308753967285156,0.02950664423406124,8.241556167602539,0.30475956201553345
57,79,0.021550804376602173,0.021427104249596596,9.389075421495363e-05,0.2980916202068329,0.0025319200940430164
57,80,0.3295743763446808,0.3263323903083801,0.0032176829408854246,0.24302424490451813,0.018034018576145172
57,81,0.024754133075475693,0.02460264042019844,0.00012021476868540049,0.3127792775630951,0.005767101421952248
57,82,0.3325642943382263,0.3291160464286804,0.003416497725993395,0.31749942898750305,0.020583219826221466
57,83,0.9193859696388245,0.9081034660339355,0.01110618282109499,1.7628941535949707,0.15830066800117493
57,84,1.133717656135559,1.1044633388519287,0.028620876371860504,6.334441184997559,0.21759383380413055
57,85,0.19102920591831207,0.1895465850830078,0.0014599435962736607,0.2268119603395462,0.012293173000216484
57,86,0.416849285364151,0.4118909239768982,0.004855050705373287,1.0333032608032227,0.03301626443862915
57,87,0.3936292231082916,0.39044010639190674,0.0031581511721014977,0.3095930814743042,0.05659330636262894
57,88,0.834771454334259,0.828334629535675,0.006385703571140766,0.5112794041633606,0.06679652631282806
57,89,0.7391113638877869,0.7335565090179443,0.0055130342952907085,0.41826266050338745,0.06812158226966858
57,90,0.04310128092765808,0.042756106704473495,0.000309146213112399,0.36026111245155334,0.01787981390953064
57,91,0.12804380059242249,0.12716755270957947,0.0008703012717887759,0.059458695352077484,0.040000904351472855
57,92,1.0308462381362915,0.9940049052238464,0.0353136882185936,15.276253700256348,0.13656096160411835
57,93,0.9343558549880981,0.9263367652893066,0.00793263129889965,0.8648514151573181,0.11695343255996704
57,94,0.8356927037239075,0.8292503356933594,0.006389732472598553,0.5260111093521118,0.10498771071434021
57,95,0.9427790641784668,0.9346035122871399,0.00811144057661295,0.6411972045898438,0.10442531108856201
57,96,0.6964048147201538,0.6900256872177124,0.006317620165646076,0.6153779625892639,0.084275022149086
57,97,1.0324290990829468,0.9895234704017639,0.041207123547792435,16.98550033569336,0.1805984228849411
57,98,0.9404402375221252,0.913262128829956,0.026174448430538177,10.036979675292969,0.12033716589212418
57,99,0.043245118111371994,0.042774491012096405,0.00042574474355205894,0.44881537556648254,0.020975720137357712
57,100,0.5726991891860962,0.5669510364532471,0.00571954483166337,0.2863277196884155,0.10799102485179901
58,1,0.01152588240802288,0.011453370563685894,5.036179209128022e-05,0.22149449586868286,0.05840747803449631
58,2,0.02671465463936329,0.026521500200033188,0.00015411071944981813,0.39042696356773376,0.0072610871866345406
58,3,1.1576403379440308,1.1271135807037354,0.029773235321044922,7.535481929779053,0.1826666295528412
58,4,0.7350929379463196,0.7281004190444946,0.006932410877197981,0.6009845733642578,0.09177562594413757
58,5,0.7162636518478394,0.709560751914978,0.006650183349847794,0.5271364450454712,0.09124629199504852
58,6,0.714298665523529,0.707457423210144,0.006776333320885897,0.6491209268569946,0.08678527921438217
58,7,1.099132776260376,1.065180778503418,0.03283250704407692,11.194687843322754,0.20349062979221344
58,8,0.1908067911863327,0.18855632841587067,0.002209270838648081,0.41182154417037964,0.013418307527899742
58,9,0.8153051733970642,0.7999261617660522,0.01500881090760231,3.702131748199463,0.47196996212005615
58,10,0.8166084885597229,0.7959380149841309,0.020121898502111435,5.486093521118164,0.2992511987686157
58,11,0.8232104778289795,0.8052525520324707,0.017439255490899086,5.18704080581665,0.48305845260620117
58,12,0.7614028453826904,0.7542874217033386,0.007051120512187481,0.6434105038642883,0.09413762390613556
58,13,1.0780599117279053,1.054585337638855,0.022851426154375076,6.231167316436768,0.14241547882556915
58,14,1.0528321266174316,1.0254045724868774,0.02658495306968689,8.426218032836914,0.18616950511932373
58,15,0.014226452447474003,0.014120550826191902,7.171806646510959e-05,0.3418318033218384,0.0034380233846604824
58,16,0.591313898563385,0.5806394815444946,0.010463278740644455,2.111060380935669,0.2728160619735718
58,17,0.609833836555481,0.5982154607772827,0.011398675851523876,2.1972179412841797,0.2803857922554016
58,18,0.018611205741763115,0.018469635397195816,0.00010346294584451243,0.38108158111572266,0.0041330233216285706
58,19,0.3024759590625763,0.29819047451019287,0.004253692459315062,0.3178795278072357,0.08180197328329086
58,20,0.01226111687719822,0.012170500122010708,6.777169619454071e-05,0.22845102846622467,0.05028589442372322
58,21,0.9176223278045654,0.8932087421417236,0.023581095039844513,8.325139999389648,0.12280592322349548
58,22,0.25573837757110596,0.24832859635353088,0.007237795274704695,1.7199974060058594,0.02442554198205471
58,23,0.4214881658554077,0.41638776659965515,0.005054710432887077,0.45672371983528137,0.055082064121961594
58,24,0.8560013771057129,0.8488555550575256,0.007099110633134842,0.4671567380428314,0.0754011943936348
58,25,0.0432170107960701,0.04278067499399185,0.0003979716566391289,0.38363584876060486,0.020610302686691284
58,26,0.3783218562602997,0.3743830919265747,0.003879197407513857,0.5958768725395203,0.02642711251974106
58,27,0.21351411938667297,0.21157385408878326,0.0019053531577810645,0.3491554260253906,0.012144887819886208
58,28,0.43428727984428406,0.42971211671829224,0.004530610516667366,0.4456135332584381,0.04507923498749733
58,29,0.011693586595356464,0.011619879864156246,5.693699495168403e-05,0.16769097745418549,0.05209512636065483
58,30,0.01144768949598074,0.011376509442925453,5.475648868014105e-05,0.16423958539962769,0.054538894444704056
58,31,0.016822202131152153,0.01672414503991604,7.039550837362185e-05,0.27662643790245056,0.0030014750082045794
58,32,0.6086524724960327,0.5983623266220093,0.010092854499816895,1.9729293584823608,0.22001785039901733
58,33,0.5979071855545044,0.5878018140792847,0.0098954439163208,2.0994462966918945,0.24119560420513153
58,34,0.9017018675804138,0.8915820121765137,0.01001768745481968,1.0214875936508179,0.13794681429862976
58,35,0.39652180671691895,0.39335769414901733,0.003135718172416091,0.2839294970035553,0.03596266359090805
58,36,1.2078598737716675,1.172480821609497,0.034530121833086014,8.488897323608398,0.22524107992649078
58,37,0.04544184356927872,0.04497922584414482,0.00042424642015248537,0.3837183117866516,0.025697115808725357
58,38,0.12349183857440948,0.12202495336532593,0.0014517230447381735,0.15160100162029266,0.1106705516576767
58,39,0.41103595495224,0.4050988554954529,0.005803106352686882,1.3399438858032227,0.0595216378569603
58,40,1.1287038326263428,1.1024210453033447,0.025665059685707092,6.176910877227783,0.16157789528369904
58,41,0.022469032555818558,0.022296953946352005,0.0001717086706776172,0.0037008405197411776,0.0031899861060082912
58,42,0.40789559483528137,0.4027344584465027,0.005014155991375446,1.4699369668960571,0.04808807745575905
58,43,0.1287221908569336,0.1269957721233368,0.001707861665636301,0.18550896644592285,0.09582526981830597
58,44,0.04080933332443237,0.04048123583197594,0.0003011209482792765,0.2697518765926361,0.01723412424325943
58,45,0.8725478649139404,0.8658252954483032,0.006678423844277859,0.441548615694046,0.0797920748591423
58,46,0.35766443610191345,0.3544704020023346,0.0031643041875213385,0.2973620593547821,0.02390415593981743
58,47,1.1415401697158813,1.1211652755737305,0.019883938133716583,4.9095377922058105,0.12988539040088654
58,48,0.7963120937347412,0.7822761535644531,0.013783233240246773,2.5270228385925293,0.49931198358535767
58,49,0.4211186468601227,0.41531795263290405,0.005656193010509014,1.4451484680175781,0.039467617869377136
58,50,0.5938689708709717,0.5826226472854614,0.011023781262338161,2.2256977558135986,0.2243826687335968
58,51,0.013822624459862709,0.013760430738329887,4.8836976930033416e-05,0.13357070088386536,0.05274680256843567
58,52,0.8792528510093689,0.8701894283294678,0.00898456759750843,0.7885514497756958,0.14157620072364807
58,53,0.5900638103485107,0.5782036781311035,0.0116463927552104,2.1374576091766357,0.2271803617477417
58,54,0.3804238736629486,0.3779125511646271,0.002490498125553131,0.2084193229675293,0.02224811725318432
58,55,0.9296039938926697,0.9004088640213013,0.028313055634498596,8.82109546661377,0.12271739542484283
58,56,0.32691434025764465,0.32426217198371887,0.002616156591102481,0.35991689562797546,0.03088892437517643
58,57,0.23423853516578674,0.23274126648902893,0.001484034350141883,0.13230372965335846,0.03310256823897362
58,58,1.1481742858886719,1.1128301620483398,0.03441580384969711,9.282964706420898,0.19333577156066895
58,59,0.12457206100225449,0.12277720868587494,0.0017791793216019869,0.15679307281970978,0.07717292010784149
58,60,0.33160415291786194,0.32807457447052,0.0035022718366235495,0.2731226086616516,0.016918210312724113
58,61,0.020962847396731377,0.02086837962269783,7.132665632525459e-05,0.2314145863056183,0.002377612516283989
58,62,0.012612302787601948,0.012542418204247952,5.504620639840141e-05,0.14838522672653198,0.06692147254943848
58,63,0.9912115335464478,0.9648018479347229,0.025661511346697807,7.481608867645264,0.17414258420467377
58,64,0.12524046003818512,0.12352536618709564,0.001699984073638916,0.15112218260765076,0.08334995806217194
58,65,0.1233137995004654,0.12192487716674805,0.0013745229225605726,0.14405503869056702,0.08579784631729126
58,66,1.0894427299499512,1.0720036029815674,0.01709059625864029,3.4862241744995117,0.12695330381393433
58,67,0.438481867313385,0.43339699506759644,0.004970359615981579,1.1449905633926392,0.037932489067316055
58,68,0.01796160824596882,0.0178809966892004,5.576332478085533e-05,0.24847055971622467,0.0021300604566931725
58,69,0.025410912930965424,0.025263069197535515,0.00011962118151132017,0.2822246551513672,0.006160201039165258
58,70,0.12779921293258667,0.12603993713855743,0.0017445283010601997,0.14751847088336945,0.10414612293243408
58,71,0.12910409271717072,0.12793278694152832,0.0011645860504359007,0.06723644584417343,0.0540640726685524
58,72,0.8062417507171631,0.7886055707931519,0.017306754365563393,3.294114351272583,0.6131949424743652
58,73,0.41849270462989807,0.4130595326423645,0.00529548991471529,1.3768517971038818,0.03984105587005615
58,74,0.8735795021057129,0.8482334613800049,0.024779459461569786,5.666289329528809,0.36357709765434265
58,75,0.410356730222702,0.40553051233291626,0.004782168194651604,0.4405776560306549,0.05377437174320221
58,76,0.039186034351587296,0.03884066641330719,0.00031131290597841144,0.34058135747909546,0.017039619386196136
58,77,0.12062561511993408,0.11942712962627411,0.0011923182755708694,0.06169373542070389,0.04228314757347107
58,78,1.1456373929977417,1.1132689714431763,0.031293489038944244,10.749099731445312,0.16423557698726654
58,79,0.12395763397216797,0.12298445403575897,0.0009666041005402803,0.06577529013156891,0.044586509466171265
58,80,0.6216378211975098,0.6080901622772217,0.013260973617434502,2.8672399520874023,0.22761031985282898
58,81,1.105405569076538,1.0793681144714355,0.025387190282344818,6.502603530883789,0.16056326031684875
58,82,0.8895435333251953,0.8802635669708252,0.009220199659466743,0.597915530204773,0.09080815315246582
58,83,0.04395072162151337,0.043458953499794006,0.0004517757333815098,0.39990490674972534,0.02115907333791256
58,84,1.1016592979431152,1.0754292011260986,0.025643043220043182,5.871120452880859,0.1705910563468933
58,85,1.0947835445404053,1.0698928833007812,0.024229977279901505,6.606465816497803,0.1542951762676239
58,86,0.025168422609567642,0.025013120844960213,0.00012293925101403147,0.32361170649528503,0.006144674029201269
58,87,0.42918872833251953,0.4251652956008911,0.003982190508395433,0.4125361740589142,0.033444978296756744
58,88,0.13038751482963562,0.12826374173164368,0.002096300944685936,0.2747069299221039,0.09439785778522491
58,89,0.7092570066452026,0.7024502158164978,0.0067357951775193214,0.7096696496009827,0.07344657182693481
58,90,1.0659583806991577,1.030599594116211,0.033974774181842804,13.839652061462402,0.16645365953445435
58,91,0.34867313504219055,0.345232754945755,0.003407874843105674,0.3251579999923706,0.022475190460681915
58,92,0.8668947815895081,0.8572693467140198,0.009494984522461891,1.304632306098938,0.12225127220153809
58,93,0.43952563405036926,0.43040645122528076,0.008915051817893982,2.0411291122436523,0.04499398171901703
58,94,0.013493379577994347,0.013407600112259388,5.5481676099589095e-05,0.30297616124153137,0.0018258669879287481
58,95,0.6259747743606567,0.6119287014007568,0.013747742399573326,2.983059883117676,0.2608121335506439
58,96,0.6234556436538696,0.6094433069229126,0.013754989951848984,2.573610305786133,0.2563138008117676
58,97,0.20124123990535736,0.19922909140586853,0.001977683277800679,0.3447128236293793,0.013585798442363739
58,98,0.38237783312797546,0.3765590786933899,0.00567416287958622,1.445953130722046,0.047116849571466446
58,99,0.43446555733680725,0.42688295245170593,0.00742695014923811,1.5566744804382324,0.044045764952898026
58,100,0.02501130849123001,0.024850282818078995,0.00012951885582879186,0.3150722086429596,0.005950226914137602
59,1,0.8677322268486023,0.8576231598854065,0.009965954348444939,1.4309767484664917,0.10727301239967346
59,2,0.21378487348556519,0.2117481529712677,0.0020225609187036753,0.14155399799346924,0.16710689663887024
59,3,0.12016509473323822,0.11935305595397949,0.000807037518825382,0.04996978119015694,0.03575225919485092
59,4,0.4396683871746063,0.4328066110610962,0.006651918403804302,2.098740577697754,0.049619775265455246
59,5,0.895506739616394,0.8786112666130066,0.016337402164936066,5.580865859985352,0.09019626677036285
59,6,0.12370259314775467,0.12275504320859909,0.0009418579284101725,0.05695748329162598,0.04002527892589569
59,7,0.4124789237976074,0.40679430961608887,0.005519119091331959,1.6547889709472656,0.04479343444108963
59,8,0.24567310512065887,0.24325883388519287,0.0023757079616189003,0.3856852352619171,0.018801171332597733
59,9,0.842820405960083,0.8349964618682861,0.007779357023537159,0.4457044005393982,0.0821506530046463
59,10,0.8508988618850708,0.842894971370697,0.007953193970024586,0.5073214173316956,0.0857798159122467
59,11,0.12703068554401398,0.12555161118507385,0.0014629308134317398,0.16134223341941833,0.09437955170869827
59,12,0.19919352233409882,0.1975001096725464,0.0016693401848897338,0.24061568081378937,0.01230449229478836
59,13,0.014804065227508545,0.014720126986503601,5.354044697014615e-05,0.30397769808769226,0.0019435267895460129
59,14,0.6775795221328735,0.6706349849700928,0.00688703078776598,0.5752092599868774,0.08197444677352905
59,15,0.012199985794723034,0.012114254757761955,6.449087231885642e-05,0.21239621937274933,0.07259451597929001
59,16,0.04288054257631302,0.04239799082279205,0.0004422981874085963,0.402531236410141,0.021529678255319595
59,17,0.2306825816631317,0.22874507308006287,0.0019224632997065783,0.15052476525306702,0.04788216948509216
59,18,0.48087278008461,0.4682733416557312,0.012272135354578495,3.2729408740997314,0.042003750801086426
59,19,0.360566645860672,0.3577693700790405,0.0027818253729492426,0.15435285866260529,0.022305116057395935
59,20,0.010069550946354866,0.00999868381768465,5.061523916083388e-05,0.20251919329166412,0.05969953164458275
59,21,0.40420210361480713,0.3969618082046509,0.0070565808564424515,1.8368854522705078,0.04771290719509125
59,22,0.843146800994873,0.8102276921272278,0.03209918737411499,8.19904899597168,0.4021601974964142
59,23,0.3389241099357605,0.3349851369857788,0.003874858608469367,0.6409056782722473,0.045793548226356506
59,24,0.9484174847602844,0.9205209612846375,0.027133235707879066,7.63284158706665,0.6034653186798096
59,25,0.12811820209026337,0.12695689499378204,0.0011492706835269928,0.12041010707616806,0.08497266471385956
59,26,0.014343100599944592,0.01426984928548336,5.7868768635671586e-05,0.1538311392068863,0.05066143348813057
59,27,0.12000144273042679,0.11896379292011261,0.0010278973495587707,0.09753069281578064,0.07560575008392334
59,28,0.33289414644241333,0.3302527666091919,0.0026016635820269585,0.3971182405948639,0.04059531167149544
59,29,1.039893627166748,1.0216138362884521,0.01778361015021801,4.961228370666504,0.47594672441482544
59,30,0.9450573921203613,0.9279611110687256,0.016587762162089348,5.085197925567627,0.08806753903627396
59,31,0.323870986700058,0.3209080100059509,0.0029244308825582266,0.38524970412254333,0.046070702373981476
59,32,0.021622182801365852,0.02152033895254135,7.511091098422185e-05,0.26733267307281494,0.0027894913218915462
59,33,0.40664583444595337,0.4032883644104004,0.003332216525450349,0.252551406621933,0.04284782335162163
59,34,1.0863333940505981,1.0647315979003906,0.02118305116891861,4.188127517700195,0.2060229778289795
59,35,0.12519772350788116,0.12405604869127274,0.0011349859414622188,0.06694025546312332,0.0582876093685627
59,36,0.46618548035621643,0.4586501121520996,0.007441794499754906,0.9357918500900269,0.08707746863365173
59,37,0.31503918766975403,0.3117227554321289,0.003266972256824374,0.494668573141098,0.05499657988548279
59,38,0.04436111822724342,0.04396999999880791,0.0003545740619301796,0.365466833114624,0.021530792117118835
59,39,0.18175211548805237,0.1803920865058899,0.001348278485238552,0.11756914108991623,0.010713422670960426
59,40,0.04664713889360428,0.04649340361356735,0.00015338401135522872,0.003510195529088378,0.005526350811123848
59,41,0.192668154835701,0.19110561907291412,0.0015423072036355734,0.20242221653461456,0.00947717297822237
59,42,0.3941934406757355,0.39112693071365356,0.0030486935283988714,0.17807859182357788,0.02119564078748226
59,43,0.6627575755119324,0.6462260484695435,0.016142215579748154,3.8932018280029297,0.20894722640514374
59,44,0.8358882665634155,0.8064279556274414,0.028809748589992523,6.505737781524658,0.3222026824951172
59,45,0.89951491355896,0.8903759717941284,0.009066794998943806,0.7211724519729614,0.08347447216510773
59,46,0.127100870013237,0.12522943317890167,0.0018545564962550998,0.16880156099796295,0.07873493432998657
59,47,0.9228640198707581,0.8977113962173462,0.024285968393087387,8.666288375854492,0.11857138574123383
59,48,0.9505022764205933,0.9216651320457458,0.028183728456497192,6.534090518951416,0.6985368728637695
59,49,0.4377038776874542,0.42998790740966797,0.007473081815987825,2.428985595703125,0.054314035922288895
59,50,0.018861420452594757,0.01873914897441864,9.055814007297158e-05,0.31712499260902405,0.0036315983161330223
59,51,0.012731187045574188,0.012632738798856735,8.088268805295229e-05,0.1756591647863388,0.06599840521812439
59,52,0.8806650638580322,0.8708068132400513,0.009700963273644447,1.5729377269744873,0.0876537561416626
59,53,0.025722846388816833,0.025546463206410408,0.00014485532301478088,0.3152645528316498,0.008216478861868382
59,54,0.4130883812904358,0.408105731010437,0.004880573600530624,1.0206537246704102,0.03531487286090851
59,55,0.47165584564208984,0.463574081659317,0.007852647453546524,2.291290521621704,0.04754121974110603
59,56,0.011614086106419563,0.011526969261467457,7.02122924849391e-05,0.16904640197753906,0.059876494109630585
59,57,0.01951325312256813,0.019383173435926437,9.956382564269006e-05,0.3051651418209076,0.004057185724377632
59,58,0.7003272175788879,0.6947098970413208,0.005574560258537531,0.4273560345172882,0.07361586391925812
59,59,0.02063542604446411,0.02049931138753891,0.0001048018311848864,0.3131211996078491,0.00429813377559185
59,60,0.7644310593605042,0.7585510015487671,0.005828831344842911,0.5119971632957458,0.08811414986848831
59,61,0.015250504948198795,0.015153888612985611,6.625545211136341e-05,0.30361512303352356,0.0032933694310486317
59,62,0.9327115416526794,0.9253351092338562,0.007297688163816929,0.7873297333717346,0.13140365481376648
59,63,0.019661229103803635,0.019520126283168793,0.0001065336400642991,0.34568172693252563,0.004022683948278427
59,64,0.32881298661231995,0.3235461711883545,0.005194167606532574,0.726503849029541,0.060045063495635986
59,65,0.12409346550703049,0.12269328534603119,0.001393103739246726,0.07079114764928818,0.05560189485549927
59,66,0.25257188081741333,0.24865177273750305,0.003880759933963418,0.3935336470603943,0.07193715870380402
59,67,0.018457157537341118,0.018315866589546204,0.00010696602839743719,0.3432489037513733,0.003807293251156807
59,68,0.32783979177474976,0.3222721219062805,0.005467968061566353,0.9967595934867859,0.052750520408153534
59,69,0.01865110732614994,0.018528293818235397,9.139366011368111e-05,0.31418517231941223,0.003662279574200511
59,70,0.35127320885658264,0.34725624322891235,0.003980003297328949,0.3696846067905426,0.030438922345638275
59,71,0.3576953709125519,0.35389864444732666,0.0037607403937727213,0.35983631014823914,0.030053704977035522
59,72,0.378653883934021,0.37439632415771484,0.004193003289401531,0.6456247568130493,0.02826155722141266
59,73,0.801199734210968,0.787889838218689,0.01301201619207859,2.979292631149292,0.28262874484062195
59,74,0.3385954201221466,0.3337094783782959,0.004788877442479134,0.9706740379333496,0.03796188533306122
59,75,0.23684433102607727,0.23469287157058716,0.0021310446318238974,0.20417684316635132,0.046342648565769196
59,76,0.7968921661376953,0.7781028151512146,0.018394839018583298,3.945476531982422,0.3287864327430725
59,77,0.8741457462310791,0.8537521362304688,0.019877661019563675,5.159422397613525,0.3783198595046997
59,78,0.013461113907396793,0.013377366587519646,8.362799417227507e-05,0.00119108147919178,0.0021760244853794575
59,79,0.9379464387893677,0.9105992317199707,0.026361733675003052,9.855308532714844,0.15070530772209167
59,80,0.8783726692199707,0.867289125919342,0.011010012589395046,0.7355779409408569,0.12666699290275574
59,81,0.8707312345504761,0.8589263558387756,0.011680221185088158,1.2460459470748901,0.16035811603069305
59,82,0.8224681615829468,0.8013080358505249,0.02074580267071724,4.143339157104492,0.6256567239761353
59,83,0.12451943755149841,0.12371380627155304,0.0008006788557395339,0.04954923689365387,0.03001241758465767
59,84,0.35593196749687195,0.3526803255081177,0.0032210161443799734,0.3062301278114319,0.01032999623566866
59,85,0.46984097361564636,0.46427416801452637,0.0055100563913583755,0.5673152804374695,0.03547985851764679
59,86,0.3734186589717865,0.37119996547698975,0.00220119534060359,0.1750645935535431,0.013060222379863262
59,87,0.44944465160369873,0.4422815442085266,0.006960218772292137,2.0288496017456055,0.021042190492153168
59,88,0.9444348216056824,0.9254553318023682,0.018240373581647873,7.391154766082764,0.06114605814218521
59,89,0.9399917125701904,0.9324908256530762,0.00742542278021574,0.7543299794197083,0.08963596820831299
59,90,0.8183313012123108,0.7921009659767151,0.025531142950057983,6.992258071899414,0.293304443359375
59,91,0.43363386392593384,0.4261511266231537,0.007223324850201607,2.593926191329956,0.04784954711794853
59,92,0.014454551041126251,0.014348955824971199,7.165659917518497e-05,0.3393862545490265,0.002756130415946245
59,93,0.04227682948112488,0.04186128079891205,0.0003719832166098058,0.43568071722984314,0.025313884019851685
59,94,0.6791200637817383,0.6622284650802612,0.016519075259566307,3.7251124382019043,0.3687944710254669
59,95,0.01391742192208767,0.013801459223031998,9.059294097824022e-05,0.25369900465011597,0.08242937177419662
59,96,0.33380943536758423,0.32918113470077515,0.004555167630314827,0.7312180995941162,0.06266029924154282
59,97,1.1018449068069458,1.0803005695343018,0.021135447546839714,4.088616847991943,0.19202110171318054
59,98,0.2348623275756836,0.23304760456085205,0.0017989890184253454,0.15737125277519226,0.06050556153059006
59,99,0.25844475626945496,0.2539966404438019,0.004317553713917732,1.3055853843688965,0.04024326801300049
59,100,0.25292426347732544,0.24891117215156555,0.003922087140381336,0.9102102518081665,0.022720064967870712
60,1,0.026462966576218605,0.026265045627951622,0.00016901525668799877,0.28906622529029846,0.006662261672317982
60,2,0.3598199486732483,0.35644304752349854,0.0033445267472416162,0.3236318826675415,0.03160838037729263
60,3,0.4219585359096527,0.41742122173309326,0.004435465671122074,1.0183812379837036,0.03755157068371773
60,4,0.9278342723846436,0.920021116733551,0.007718839216977358,0.9427359700202942,0.13282912969589233
60,5,0.450455904006958,0.4449796676635742,0.005406950134783983,0.6929320693016052,0.06349146366119385
60,6,0.38459864258766174,0.381890207529068,0.002685501240193844,0.2294028103351593,0.03013208508491516
60,7,0.0430343858897686,0.0426822192966938,0.00031985307577997446,0.32313889265060425,0.017803046852350235
60,8,0.8237281441688538,0.8179916739463806,0.005705684423446655,0.30843979120254517,0.07639583200216293
60,9,0.03966772183775902,0.039338767528533936,0.00029637079569511116,0.3258662521839142,0.018073344603180885
60,10,0.9109094142913818,0.901671290397644,0.009105533361434937,1.325560212135315,0.1302146017551422
60,11,0.8266410231590271,0.8082728981971741,0.017975475639104843,3.926675319671631,0.3673846125602722
60,12,0.01666468381881714,0.016572603955864906,6.34769385214895e-05,0.2860231399536133,0.0022454489953815937
60,13,0.13279211521148682,0.13081134855747223,0.001958847511559725,0.2192392498254776,0.11101116985082626
60,14,0.47646796703338623,0.4668591618537903,0.009399435482919216,2.093684196472168,0.07955232262611389
60,15,0.07737530022859573,0.07703867554664612,0.0003327378653921187,0.03886489197611809,0.01728251948952675
60,16,1.1219091415405273,1.0937004089355469,0.027572069317102432,6.367525577545166,0.1950032114982605
60,17,0.33015766739845276,0.3257681727409363,0.00431562727317214,0.73874831199646,0.0650290846824646
60,18,0.9201481342315674,0.8954590559005737,0.023820459842681885,8.686269760131836,0.14937445521354675
60,19,0.20515716075897217,0.2028624415397644,0.00226398091763258,0.3073703646659851,0.016061151400208473
60,20,0.6481509804725647,0.6289731860160828,0.018676891922950745,5.0094404220581055,0.32371047139167786
60,21,0.40243983268737793,0.3983321785926819,0.004055578261613846,0.5207111239433289,0.03097158670425415
60,22,0.014157697558403015,0.014068784192204475,5.917179805692285e-05,0.2974222004413605,0.00204812316223979
60,23,0.9276346564292908,0.9053314924240112,0.021487442776560783,8.15761947631836,0.09056150913238525
60,24,0.012294425629079342,0.012227136641740799,4.90622223878745e-05,0.1822664588689804,0.046706970781087875
60,25,0.8319737315177917,0.8264977931976318,0.005441965535283089,0.33945709466934204,0.07857358455657959
60,26,0.12939730286598206,0.12862908840179443,0.000762948882766068,0.05263083800673485,0.031126778572797775
60,27,0.866919755935669,0.8502926826477051,0.016007304191589355,6.197410583496094,0.06187570095062256
60,28,0.8027372360229492,0.796923041343689,0.005774371791630983,0.3979659080505371,0.05311642959713936
60,29,0.19955533742904663,0.19877707958221436,0.0007685789605602622,0.09686490893363953,0.00523169431835413
60,30,0.45818325877189636,0.45187047123908997,0.006250501144677401,0.6229888200759888,0.04905811697244644
60,31,0.8252260088920593,0.8002987504005432,0.024304518476128578,6.227603912353516,0.3336119055747986
60,32,0.5991525650024414,0.5849469304084778,0.013890904374420643,3.14688777923584,0.21066731214523315
60,33,0.41285085678100586,0.4087598919868469,0.004035997204482555,0.5496626496315002,0.0286778062582016
60,34,0.8254283666610718,0.816013753414154,0.00932929664850235,0.8531521558761597,0.13852907717227936
60,35,0.4164178967475891,0.40959274768829346,0.006658761762082577,1.6640095710754395,0.04945138469338417
60,36,0.3291628658771515,0.324401319026947,0.004682549275457859,0.7901812195777893,0.040052637457847595
60,37,0.9725168943405151,0.9462882876396179,0.02543231099843979,7.963074684143066,0.1521255075931549
60,38,0.9586573839187622,0.9246343374252319,0.03269913047552109,13.23919677734375,0.1319025754928589
60,39,0.123966284096241,0.121914342045784,0.0020343749783933163,0.1756967008113861,0.10562236607074738
60,40,0.028384782373905182,0.028226738795638084,0.00012981114559806883,0.28231269121170044,0.006038075312972069
60,41,0.8754984140396118,0.8632794618606567,0.012020686641335487,1.9821553230285645,0.10001017153263092
60,42,0.427203893661499,0.4224352538585663,0.004724076949059963,0.44560274481773376,0.05395990610122681
60,43,0.42181724309921265,0.41630086302757263,0.005372711457312107,1.4367153644561768,0.042869456112384796
60,44,0.7649199962615967,0.758073091506958,0.0067736245691776276,0.7323771119117737,0.07795420289039612
60,45,0.8912439942359924,0.8842313885688782,0.006958941929042339,0.5366088151931763,0.06957067549228668
60,46,0.20429526269435883,0.2032429277896881,0.0010363090550526977,0.16018927097320557,0.005532082170248032
60,47,0.5575565695762634,0.5506476759910583,0.0067934440448880196,1.1545586585998535,0.17329050600528717
60,48,0.3364211618900299,0.33279335498809814,0.003595170797780156,0.32619455456733704,0.01964564621448517
60,49,0.37215766310691833,0.369364857673645,0.002777340356260538,0.1545725166797638,0.01954750157892704
60,50,1.1208891868591309,1.0992317199707031,0.021105468273162842,5.51901912689209,0.132820725440979
60,51,0.34274932742118835,0.3382371664047241,0.004463671240955591,0.48477673530578613,0.024953901767730713
60,52,0.39568018913269043,0.39222490787506104,0.00342020345851779,0.3506874442100525,0.030095938593149185
60,53,0.4426001310348511,0.43472087383270264,0.007673498243093491,2.057537794113159,0.06856565177440643
60,54,1.0373680591583252,0.9953551292419434,0.04041750729084015,15.953218460083008,0.16018348932266235
60,55,0.17679153382778168,0.17567773163318634,0.001100379740819335,0.13423272967338562,0.008889595046639442
60,56,0.6984410285949707,0.6770175695419312,0.020920222625136375,5.032660961151123,0.11655356734991074
60,57,0.832361102104187,0.8051865100860596,0.02661348134279251,5.611341953277588,0.4579737186431885
60,58,0.804977536201477,0.7796547412872314,0.024763241410255432,5.595533847808838,0.4160391688346863
60,59,0.3223971128463745,0.3189176917076111,0.0034273976925760508,0.5202723145484924,0.04340503364801407
60,60,0.8828782439231873,0.8730674982070923,0.009719210676848888,0.9156057834625244,0.13742798566818237
60,61,0.043409086763858795,0.04311143606901169,0.0002614232653286308,0.36228758096694946,0.01666760817170143
60,62,0.8461905717849731,0.8287277221679688,0.0170318353921175,4.310189723968506,0.451175719499588
60,63,0.026414014399051666,0.026241326704621315,0.0001404379727318883,0.3225001096725464,0.006494442466646433
60,64,0.340495228767395,0.3375330865383148,0.002938661491498351,0.23497913777828217,0.01930178329348564
60,65,0.21036817133426666,0.20916736125946045,0.0011825361289083958,0.18272291123867035,0.007693449035286903
60,66,0.7243692874908447,0.7184388637542725,0.005874370224773884,0.5600559711456299,0.071804940700531
60,67,0.9847272634506226,0.9645472764968872,0.019551526755094528,6.284501075744629,0.13144400715827942
60,68,0.01298705767840147,0.012919939123094082,4.8840767703950405e-05,0.18277965486049652,0.06650927662849426
60,69,0.86849045753479,0.8576838970184326,0.010617634281516075,1.8896170854568481,0.09582741558551788
60,70,0.002173444489017129,0.002141187898814678,2.4071039206319256e-06,0.29849568009376526,0.000734093482606113
60,71,0.20274768769741058,0.20128381252288818,0.0014343105722218752,0.2956840395927429,0.011316428892314434
60,72,0.19849194586277008,0.19708150625228882,0.0013900159392505884,0.2042980045080185,0.011566175147891045
60,73,0.8442251086235046,0.8343333601951599,0.009785152971744537,1.0658552646636963,0.14733794331550598
60,74,0.915582537651062,0.9045724272727966,0.01090170070528984,1.0844924449920654,0.12158621847629547
60,75,0.4488385319709778,0.4426442086696625,0.006120265461504459,0.7405011653900146,0.07465197890996933
60,76,0.40981772541999817,0.40428686141967773,0.005396134220063686,1.3473973274230957,0.04891359061002731
60,77,0.038386501371860504,0.038142114877700806,0.00021075012045912445,0.3363659679889679,0.014620020985603333
60,78,0.9116195440292358,0.8924328684806824,0.018786057829856873,4.005849838256836,0.5063729286193848
60,79,0.023184197023510933,0.023079048842191696,7.335819827858359e-05,0.31790444254875183,0.0035149999894201756
60,80,0.34618332982063293,0.34181714057922363,0.004262731410562992,1.034345030784607,0.039386481046676636
60,81,0.3447738587856293,0.34044572710990906,0.0042360140942037106,0.9211553335189819,0.03813505172729492
60,82,0.44224047660827637,0.43500664830207825,0.007008029613643885,2.2581799030303955,0.051915064454078674
60,83,0.8594669103622437,0.8512130975723267,0.008199488744139671,0.5431123375892639,0.08977964520454407
60,84,0.4252828061580658,0.4181295335292816,0.0070012472569942474,1.5201903581619263,0.03852786123752594
60,85,0.01623019017279148,0.01615036278963089,6.076582576497458e-05,0.19063012301921844,0.0755370557308197
60,86,0.01341948751360178,0.013333938084542751,5.124579183757305e-05,0.3430345058441162,0.002401030855253339
60,87,0.1997024118900299,0.19812624156475067,0.001552315428853035,0.2385959029197693,0.010023262351751328
60,88,0.4031220078468323,0.39914196729660034,0.003940990660339594,0.390328973531723,0.03492175042629242
60,89,0.016240129247307777,0.016131924465298653,7.285831816261634e-05,0.35345959663391113,0.0028800785075873137
60,90,0.3961237967014313,0.392544150352478,0.003544409992173314,0.3523971438407898,0.03333818539977074
60,91,0.35035255551338196,0.3475407660007477,0.0027999207377433777,0.11863601207733154,0.04143649339675903
60,92,0.45896559953689575,0.4522300660610199,0.006666606292128563,0.6894684433937073,0.06656341999769211
60,93,0.8652554750442505,0.8428130149841309,0.02192479744553566,5.176716327667236,0.5947475433349609
60,94,0.787300705909729,0.7657496333122253,0.02072756178677082,8.234957695007324,0.13358932733535767
60,95,0.8636148571968079,0.8534426093101501,0.010072828270494938,0.993948757648468,0.12854020297527313
60,96,0.05455119162797928,0.05401243269443512,0.00049580232007429,0.42957359552383423,0.022560089826583862
60,97,0.04963991791009903,0.04926346242427826,0.0003357858513481915,0.40668216347694397,0.0195623766630888
60,98,1.0734254121780396,1.0298666954040527,0.04171314835548401,18.455934524536133,0.1609799861907959
60,99,0.01944921910762787,0.019311659038066864,0.00010111509618582204,0.36445188522338867,0.0034229033626616
60,100,0.0431920625269413,0.04272414743900299,0.00042649483657442033,0.414216548204422,0.019127214327454567
61,1,0.018779177218675613,0.01869075745344162,5.378245987230912e-05,0.34636935591697693,0.00260808109305799
61,2,0.015278237871825695,0.015180757269263268,7.612266927026212e-05,0.2135813981294632,0.05243571102619171
61,3,0.4385239779949188,0.4293845295906067,0.008949987590312958,1.8944534063339233,0.05094142258167267
61,4,0.42623868584632874,0.4160252809524536,0.009961302392184734,2.5208935737609863,0.04252026975154877
61,5,0.18335263431072235,0.18198587000370026,0.0013446933589875698,0.22061248123645782,0.010807251557707787
61,6,0.9389345049858093,0.9086654186248779,0.029116269201040268,11.527878761291504,0.11559469252824783
61,7,0.9271825551986694,0.9050360918045044,0.021560844033956528,5.856353759765625,0.16028979420661926
61,8,0.014070822857320309,0.013988335616886616,5.621977470582351e-05,0.26266562938690186,0.0031350376084446907
61,9,0.04536787047982216,0.04498446732759476,0.0003522236074786633,0.3118054270744324,0.019908878952264786
61,10,0.32097893953323364,0.3181951642036438,0.0027461820282042027,0.3757396638393402,0.0393843799829483
61,11,0.043009478598833084,0.04264579713344574,0.00033546803751960397,0.2821223735809326,0.018453247845172882
61,12,0.9452095627784729,0.9370170831680298,0.008123486302793026,0.6900637745857239,0.08976531773805618
61,13,0.01322445273399353,0.013152623549103737,5.8260200603399426e-05,0.1356894075870514,0.05131077766418457
61,14,0.5895446538925171,0.5772233009338379,0.011918516829609871,4.028378963470459,0.08297711610794067
61,15,0.34234657883644104,0.33934396505355835,0.0029565743170678616,0.46057039499282837,0.04151376336812973
61,16,0.38930076360702515,0.3866071105003357,0.002675950527191162,0.1771569401025772,0.03113752044737339
61,17,0.462018221616745,0.45601141452789307,0.005877619609236717,1.292062759399414,0.046734392642974854
61,18,0.32816046476364136,0.32486045360565186,0.0032579470425844193,0.42038729786872864,0.05123073607683182
61,19,0.448221892118454,0.4410668611526489,0.006961527280509472,1.9350529909133911,0.04940180107951164
61,20,0.19359108805656433,0.19164472818374634,0.001918866648338735,0.2749693691730499,0.012829971499741077
61,21,0.7285778522491455,0.7210755348205566,0.007429696619510651,0.7257962226867676,0.11503197252750397
61,22,0.8809294700622559,0.863246500492096,0.017035840079188347,6.471359729766846,0.10863273590803146
61,23,0.01230617891997099,0.012286298908293247,1.4863258911645971e-05,0.05016986280679703,0.004240165464580059
61,24,0.04129675403237343,0.040922846645116806,0.00033520659781061113,0.38701725006103516,0.01890610344707966
61,25,0.8987926840782166,0.8752670884132385,0.022987719625234604,5.378507614135742,0.6003715991973877
61,26,0.02457743138074875,0.02440154366195202,0.00014055828796699643,0.35328009724617004,0.006373663432896137
61,27,0.2339022308588028,0.23161964118480682,0.0022571864537894726,0.25408005714416504,0.04543700069189072
61,28,0.3396937847137451,0.3343338966369629,0.005253381561487913,1.065081238746643,0.0412752665579319
61,29,0.3431456685066223,0.34011319279670715,0.003013513283804059,0.18952910602092743,0.023685259744524956
61,30,0.02107088826596737,0.0209328792989254,0.00010457728058099747,0.3343171179294586,0.002526193857192993
61,31,0.3230172395706177,0.3184080719947815,0.004522675648331642,0.8649002909660339,0.03924597427248955
61,32,1.1827940940856934,1.156409502029419,0.025792254135012627,5.923914909362793,0.15589118003845215
61,33,0.8434451222419739,0.8350914120674133,0.008275781758129597,0.7787494659423828,0.1152489185333252
61,34,0.5917431712150574,0.5801254510879517,0.011388644576072693,2.2906928062438965,0.2345435470342636
61,35,0.026274299249053,0.02607361599802971,0.00016918191977310926,0.31501200795173645,0.0054487865418195724
61,36,0.29992833733558655,0.29682931303977966,0.003043489996343851,0.555120587348938,0.0389825701713562
61,37,0.44464224576950073,0.43973857164382935,0.004863668233156204,0.3999086022377014,0.03699707239866257
61,38,0.9493736624717712,0.9131598472595215,0.03471128270030022,15.024991035461426,0.10810314118862152
61,39,0.8754667043685913,0.8503278493881226,0.024483826011419296,6.550793170928955,0.6030123829841614
61,40,0.032284993678331375,0.03211040794849396,0.00014667546201962978,0.2791164517402649,0.005190097726881504
61,41,0.020681232213974,0.020593056455254555,6.249877333175391e-05,0.25676634907722473,0.0015967728104442358
61,42,0.8611325025558472,0.8452081680297852,0.01554938592016697,3.7498550415039062,0.48458439111709595
61,43,0.3390730321407318,0.3360443711280823,0.0030031774658709764,0.2548816204071045,0.014427132904529572
61,44,0.9310427904129028,0.907672107219696,0.0224614217877388,9.092496871948242,0.1238040030002594
61,45,0.12199605256319046,0.12062254548072815,0.0013611487811431289,0.12361504882574081,0.07123111188411713
61,46,0.045266374945640564,0.044917166233062744,0.0003160881460644305,0.3312240242958069,0.0177952591329813
61,47,0.5865347981452942,0.5774960517883301,0.00887579470872879,1.6297123432159424,0.20823223888874054
61,48,0.11967656016349792,0.11888764798641205,0.000784048461355269,0.048661358654499054,0.03484831377863884
61,49,0.011759107932448387,0.011680983938276768,5.910181062063202e-05,0.19022400677204132,0.05828887224197388
61,50,0.042190346866846085,0.041791271418333054,0.00036268209805712104,0.3639083802700043,0.01891622133553028
61,51,0.4328470528125763,0.42754003405570984,0.005256106145679951,0.5089634656906128,0.05717017501592636
61,52,0.7250428199768066,0.7051206231117249,0.019474953413009644,4.472557544708252,0.31158560514450073
61,53,0.3667137026786804,0.3635427951812744,0.0031400988809764385,0.308104008436203,0.03254532814025879
61,54,0.42074283957481384,0.41544049978256226,0.005259792320430279,0.42570123076438904,0.05561994016170502
61,55,0.3358168601989746,0.3306160569190979,0.00507111381739378,1.296871542930603,0.04846753925085068
61,56,0.8630220293998718,0.8528190851211548,0.010107424110174179,0.9552930593490601,0.1354336440563202
61,57,1.1957981586456299,1.1596007347106934,0.035357389599084854,8.400199890136719,0.1943829208612442
61,58,0.32718029618263245,0.32371240854263306,0.003445875598117709,0.22029274702072144,0.017319578677415848
61,59,0.889236569404602,0.8676280975341797,0.021026866510510445,5.816456317901611,0.5852732062339783
61,60,0.2270253449678421,0.22532105445861816,0.0016892601270228624,0.15040375292301178,0.04318028688430786
61,61,0.11795008927583694,0.11656897515058517,0.0013690972700715065,0.12017002701759338,0.08248508721590042
61,62,0.3364785313606262,0.33302533626556396,0.0034236873034387827,0.2951602041721344,0.017808664590120316
61,63,0.04038146138191223,0.04003380239009857,0.0003131492412649095,0.34512951970100403,0.017965994775295258
61,64,0.3843314051628113,0.38126111030578613,0.0030497887637466192,0.2051205188035965,0.023134764283895493
61,65,0.2100725919008255,0.2080920934677124,0.0019673756323754787,0.13129587471485138,0.19818809628486633
61,66,0.39325764775276184,0.39023327827453613,0.0029999148100614548,0.2445875108242035,0.02909010648727417
61,67,0.677705705165863,0.6716340780258179,0.006023910827934742,0.4772506058216095,0.07339063286781311
61,68,0.4255962371826172,0.42160743474960327,0.003953568171709776,0.3523491322994232,0.046620216220617294
61,69,0.014172212220728397,0.01407292578369379,6.859554559923708e-05,0.3069086968898773,0.0026156818494200706
61,70,0.9164213538169861,0.9002199172973633,0.015874627977609634,3.2678611278533936,0.5094574689865112
61,71,0.019534628838300705,0.019407548010349274,9.383802535012364e-05,0.3324274718761444,0.0033164562191814184
61,72,0.13098564743995667,0.1299971342086792,0.0009826656896620989,0.0583617240190506,0.051135674118995667
61,73,0.9136249423027039,0.9047632217407227,0.0087755611166358,0.8621323704719543,0.09370166063308716
61,74,0.8670370578765869,0.8598252534866333,0.0071661751717329025,0.45671290159225464,0.08653870224952698
61,75,0.4599091708660126,0.45345741510391235,0.006379780359566212,0.7196928858757019,0.060189321637153625
61,76,0.3504498600959778,0.34661465883255005,0.003802996827289462,0.322285920381546,0.021521972492337227
61,77,0.8473107218742371,0.8234689235687256,0.02324620634317398,5.955915451049805,0.40214288234710693
61,78,0.015279821120202541,0.015175762586295605,6.916628626640886e-05,0.34892356395721436,0.0027610219549387693
61,79,0.13109928369522095,0.12850648164749146,0.002562806475907564,0.30000242590904236,0.0997813418507576
61,80,0.01493619941174984,0.014830678701400757,6.981974001973867e-05,0.3570162355899811,0.0029023478273302317
61,81,0.8257883191108704,0.7999485731124878,0.025210943073034286,6.2882232666015625,0.39256638288497925
61,82,0.41683873534202576,0.41038385033607483,0.006297062151134014,1.5782127380371094,0.04854464530944824
61,83,0.43029168248176575,0.4233270287513733,0.0067914449609816074,1.7319960594177246,0.03406579792499542
61,84,0.6950883269309998,0.6871997117996216,0.007820751518011093,0.6791039705276489,0.08693638443946838
61,85,0.8703166842460632,0.8480571508407593,0.021770035848021507,4.894730567932129,0.5956711769104004
61,86,0.1221989244222641,0.12122088670730591,0.0009718044893816113,0.062348272651433945,0.04410267621278763
61,87,0.3780101239681244,0.37519311904907227,0.0027998131699860096,0.17195038497447968,0.022391626611351967
61,88,0.40248456597328186,0.3983950912952423,0.004003031179308891,0.8645426034927368,0.028747469186782837
61,89,0.06570428609848022,0.0653795450925827,0.0003186271933373064,0.06118478998541832,0.01070728711783886
61,90,0.22255568206310272,0.22094455361366272,0.0015966857317835093,0.14446118474006653,0.04484087973833084
61,91,0.4129176139831543,0.40899842977523804,0.0038600910920649767,0.5910677909851074,0.03144935518503189
61,92,0.3531905710697174,0.35026001930236816,0.0029041024390608072,0.26427161693573,0.016393955796957016
61,93,0.8932726979255676,0.8847460746765137,0.00844263844192028,0.839572548866272,0.12171801924705505
61,94,0.1971665620803833,0.19551654160022736,0.0016247861785814166,0.25228360295295715,0.015784364193677902
61,95,0.014854960143566132,0.01476677693426609,6.360778934322298e-05,0.2457531839609146,0.08361838757991791
61,96,0.6928043365478516,0.6859720945358276,0.006782568991184235,0.4963352382183075,0.08612686395645142
61,97,0.07752794772386551,0.07690653204917908,0.0006155612645670772,0.058596719056367874,0.04618635028600693
61,98,0.017633570358157158,0.017505401745438576,9.076665446627885e-05,0.3740116059780121,0.002584615722298622
61,99,0.42042097449302673,0.4145970940589905,0.005727746523916721,0.9615170359611511,0.04086240381002426
61,100,0.015350914560258389,0.015230140648782253,8.56461629155092e-05,0.3512808680534363,0.0026618826668709517
62,1,0.7011265158653259,0.6943656206130981,0.006696712225675583,0.6418622732162476,0.07920116931200027
62,2,0.3472617268562317,0.343669593334198,0.003550213761627674,0.4191955029964447,0.025534244254231453
62,3,0.3323558568954468,0.3290520906448364,0.0032780468463897705,0.25724947452545166,0.022579001262784004
62,4,0.9621044397354126,0.9399960041046143,0.02132032811641693,7.88096809387207,0.10745669901371002
62,5,0.06846342980861664,0.06808163970708847,0.0003473229589872062,0.3446674942970276,0.017448877915740013
62,6,1.1153560876846313,1.0909137725830078,0.02383020520210266,6.121561527252197,0.12052085250616074
62,7,0.13724881410598755,0.1363828182220459,0.0008607008494436741,0.052845507860183716,0.033887241035699844
62,8,0.4054947793483734,0.40114009380340576,0.004299572203308344,0.5509651899337769,0.027267776429653168
62,9,0.4051361382007599,0.4006306827068329,0.004439931362867355,0.6552189588546753,0.02593955397605896
62,10,0.7193877696990967,0.7094026803970337,0.009863905608654022,1.211686134338379,0.07752726972103119
62,11,0.4004319906234741,0.39706021547317505,0.0033341890666633844,0.3758312463760376,0.023335300385951996
62,12,1.0150551795959473,0.987358033657074,0.02683737874031067,8.597471237182617,0.14322763681411743
62,13,0.8832363486289978,0.8731276988983154,0.010017171502113342,0.914716362953186,0.13415728509426117
62,14,0.1294664889574051,0.12919288873672485,0.00027218280592933297,0.01408377941697836,0.013839641585946083
62,15,1.0982718467712402,1.073409080505371,0.024212639778852463,6.501980304718018,0.17195725440979004
62,16,0.7161924242973328,0.7096869945526123,0.00644796434789896,0.5746296644210815,0.07703322917222977
62,17,0.2535457909107208,0.2516041398048401,0.0019229290774092078,0.18718364834785461,0.04427799582481384
62,18,0.047600679099559784,0.047327540814876556,0.00023770323605276644,0.354331910610199,0.013630544766783714
62,19,0.132574662566185,0.13114729523658752,0.001413055812008679,0.14301574230194092,0.07570871710777283
62,20,0.9756457209587097,0.953892171382904,0.0209089033305645,8.44653034210205,0.11762835830450058
62,21,0.82517409324646,0.8080253601074219,0.016713114455342293,4.355959892272949,0.4737677574157715
62,22,0.8152426481246948,0.8089524507522583,0.006259370595216751,0.30827590823173523,0.07229726016521454
62,23,0.19380423426628113,0.19234506785869598,0.0014451459283009171,0.14028722047805786,0.013208864256739616
62,24,0.7632789015769958,0.7556972503662109,0.00751422019675374,0.67425137758255,0.09587003290653229
62,25,0.4355853497982025,0.4264329671859741,0.008923671208322048,2.2869136333465576,0.0420091450214386
62,26,0.03377396613359451,0.03367895632982254,5.511382914846763e-05,0.3989441990852356,0.0034073852002620697
62,27,0.3683443069458008,0.36465099453926086,0.0036613575648516417,0.31942927837371826,0.0448639914393425
62,28,0.13228602707386017,0.13109993934631348,0.001178415841422975,0.07679961621761322,0.05805383622646332
62,29,0.026406697928905487,0.026265058666467667,9.990340913645923e-05,0.4173654317855835,0.003645246382802725
62,30,0.42079639434814453,0.41511446237564087,0.005611062981188297,0.7086067795753479,0.04787684604525566
62,31,1.1220438480377197,1.0940747261047363,0.027322527021169662,6.465528964996338,0.1777438372373581
62,32,0.4298836886882782,0.42303091287612915,0.00669889897108078,1.538780927658081,0.045852646231651306
62,33,0.3374235928058624,0.33403080701828003,0.003362370887771249,0.30438387393951416,0.01711021177470684
62,34,0.3762604296207428,0.3735758662223816,0.0026710801757872105,0.1345972716808319,0.019278166815638542
62,35,0.051582321524620056,0.05144086480140686,0.00010819562885444611,0.33258017897605896,0.006479283794760704
62,36,0.3642575144767761,0.3619791269302368,0.002267710864543915,0.1068291962146759,0.015846438705921173
62,37,0.0280574019998312,0.027978653088212013,5.9665475419024006e-05,0.1908228099346161,0.022585738450288773
62,38,0.3777061104774475,0.37512755393981934,0.00256585655733943,0.12709134817123413,0.019505079835653305
62,39,0.42028024792671204,0.4157549738883972,0.0044891200959682465,0.36154964566230774,0.04645128548145294
62,40,0.8499566316604614,0.842229962348938,0.007678048685193062,0.4865974485874176,0.08680877089500427
62,41,0.015325836837291718,0.015245486050844193,6.34093739790842e-05,0.16941335797309875,0.06376203894615173
62,42,0.5809657573699951,0.5698530673980713,0.010926038026809692,1.8667984008789062,0.2373802661895752
62,43,0.8461652994155884,0.8205984234809875,0.02493870258331299,6.281722545623779,0.4012790620326996
62,44,0.90399569272995,0.8932458162307739,0.010638438165187836,1.114395260810852,0.15083621442317963
62,45,0.03797334432601929,0.03779970854520798,0.00014459835074376315,0.29039937257766724,0.006032656412571669
62,46,0.40970560908317566,0.4053001403808594,0.0043034241534769535,1.0205504894256592,0.049742698669433594
62,47,0.6143621206283569,0.6030340790748596,0.011095848865807056,2.322460412979126,0.2669389843940735
62,48,0.9815224409103394,0.9498000144958496,0.030662501230835915,10.599274635314941,0.18126651644706726
62,49,1.1217728853225708,1.0939075946807861,0.02724529430270195,6.200467109680176,0.15739527344703674
62,50,0.026675118133425713,0.026530984789133072,0.0001194896613014862,0.24641919136047363,0.006092158146202564
62,51,0.19042745232582092,0.1895006000995636,0.0009157599415630102,0.11085857450962067,0.0072414204478263855
62,52,0.47220784425735474,0.4671885371208191,0.00495641864836216,0.6287580132484436,0.03800451010465622
62,53,0.4376577138900757,0.43416428565979004,0.003460418898612261,0.3302517831325531,0.032854072749614716
62,54,0.014394731260836124,0.014327552169561386,4.272146907169372e-05,0.24457097053527832,0.0016100640641525388
62,55,0.4218462109565735,0.4170268177986145,0.004696650896221399,1.2274824380874634,0.04031449556350708
62,56,1.0003137588500977,0.9824554920196533,0.017325125634670258,5.3314595222473145,0.12563607096672058
62,57,0.9214954376220703,0.9034324884414673,0.01740454137325287,6.584211349487305,0.09131951630115509
62,58,0.013019406236708164,0.01295312587171793,4.935821198159829e-05,0.16922174394130707,0.07653950154781342
62,59,0.35544875264167786,0.3509574830532074,0.00444828113541007,0.4296850264072418,0.028699368238449097
62,60,0.06943443417549133,0.06874627619981766,0.0006765986327081919,0.11559484153985977,0.016463156789541245
62,61,0.015508441254496574,0.015438506379723549,4.9574722652323544e-05,0.2036048322916031,0.08216682821512222
62,62,0.3318026065826416,0.32560962438583374,0.006089408881962299,1.0356168746948242,0.05526748299598694
62,63,0.9394571781158447,0.915858268737793,0.02307778038084507,5.211085319519043,0.6174709796905518
62,64,0.030380265787243843,0.030299551784992218,8.058959792833775e-05,0.0012426094617694616,0.004807003308087587
62,65,0.131938636302948,0.12903866171836853,0.0028644525445997715,0.35520294308662415,0.12732937932014465
62,66,0.19589461386203766,0.19368544220924377,0.0021759772207587957,0.33194980025291443,0.010706723667681217
62,67,1.0938526391983032,1.0677459239959717,0.02553487755358219,5.718790054321289,0.18684178590774536
62,68,0.04132774472236633,0.04101910442113876,0.0002778954221867025,0.30745071172714233,0.013261184096336365
62,69,0.012143072672188282,0.012083128094673157,4.468950646696612e-05,0.15255194902420044,0.04474586993455887
62,70,0.7961481809616089,0.7797082662582397,0.016139207407832146,3.006834030151367,0.3869946300983429
62,71,0.4474571943283081,0.44165241718292236,0.005735989660024643,0.6877601146697998,0.06654511392116547
62,72,0.4915718138217926,0.48254039883613586,0.008792495355010033,2.389238119125366,0.024352598935365677
62,73,0.9438597559928894,0.9333783984184265,0.010387479327619076,0.9386579990386963,0.09678085148334503
62,74,0.42535874247550964,0.4210798144340515,0.004160783253610134,1.1814656257629395,0.022044217213988304
62,75,0.0663607269525528,0.06628444790840149,7.609064050484449e-05,0.0018789881141856313,0.0009814202785491943
62,76,0.983582615852356,0.9698120355606079,0.013541015796363354,2.2954883575439453,0.1458740532398224
62,77,0.03507540747523308,0.03501026704907417,5.055489600636065e-05,0.14585094153881073,0.07170743495225906
62,78,0.06733311712741852,0.06693173944950104,0.00039512410876341164,0.06252370029687881,0.010307105258107185
62,79,0.9614771008491516,0.9258698225021362,0.03417730703949928,14.29982852935791,0.1420665979385376
62,80,0.019882522523403168,0.019813235849142075,4.443957004696131e-05,0.24847081303596497,0.0016580873634666204
62,81,0.8084388375282288,0.7885470986366272,0.01945994794368744,4.3179168701171875,0.3552377223968506
62,82,0.014911370351910591,0.014837334863841534,5.5101812904467806e-05,0.1893361508846283,0.0852295458316803
62,83,0.37083733081817627,0.36470988392829895,0.006067792885005474,0.5967556238174438,0.041850145906209946
62,84,1.153909683227539,1.1292561292648315,0.024143625050783157,5.099989891052246,0.17908716201782227
62,85,0.26858484745025635,0.2622722089290619,0.0061476221308112144,1.650113582611084,0.04573998600244522
62,86,0.03076142445206642,0.030385594815015793,0.00033877039095386863,0.3705875277519226,0.010302580893039703
62,87,0.04038112610578537,0.03996853902935982,0.000372211477952078,0.4037553071975708,0.020048439502716064
62,88,0.7225694060325623,0.7114803791046143,0.010980168357491493,1.088478684425354,0.11956299841403961
62,89,0.04478900879621506,0.04430361092090607,0.00044472989975474775,0.40670397877693176,0.01867150515317917
62,90,0.8314670324325562,0.8223962783813477,0.009014980867505074,0.557655930519104,0.13094604015350342
62,91,0.023856334388256073,0.023757489398121834,6.73535541864112e-05,0.3149262070655823,0.0021237574983388186
62,92,0.6388854384422302,0.6233067512512207,0.015172918327152729,4.057743072509766,0.2190544158220291
62,93,0.015527104958891869,0.01546420156955719,3.577737516025081e-05,0.2712549865245819,0.0015963774640113115
62,94,0.9339912533760071,0.9228001832962036,0.011058011092245579,1.3302805423736572,0.09392065554857254
62,95,0.4642987847328186,0.4586125612258911,0.005634990055114031,0.5124462246894836,0.054912060499191284
62,96,0.19246360659599304,0.1911170333623886,0.001332595245912671,0.1397428661584854,0.011123957112431526
62,97,0.8396398425102234,0.816574215888977,0.022583860903978348,4.817967414855957,0.248725026845932
62,98,0.7110720872879028,0.7039190530776978,0.00708539504557848,0.6765096187591553,0.07209863513708115
62,99,0.025533581152558327,0.025426236912608147,7.562825339846313e-05,0.31714972853660583,0.0038921567611396313
62,100,0.02592337876558304,0.025806870311498642,8.43969319248572e-05,0.3211209774017334,0.003786311950534582
63,1,0.7177801132202148,0.7098088264465332,0.007897312752902508,0.7394922971725464,0.09759671986103058
63,2,0.7545232772827148,0.7330031991004944,0.021085120737552643,4.349325180053711,0.3904029428958893
63,3,0.3205461800098419,0.3168790340423584,0.003611046588048339,0.5607414245605469,0.0553990863263607
63,4,0.045092493295669556,0.044708315283060074,0.0003480147279333323,0.36165639758110046,0.024424824863672256
63,5,0.3449404537677765,0.3415425419807434,0.0033647059462964535,0.3319493532180786,0.018988855183124542
63,6,0.1948699802160263,0.1934661567211151,0.0013884010259062052,0.15423595905303955,0.012919537723064423
63,7,0.027431316673755646,0.02727801352739334,0.0001232783979503438,0.30023810267448425,0.007407804951071739
63,8,0.9632608294487,0.938673734664917,0.02374304085969925,8.440773010253906,0.17737752199172974
63,9,0.8630450963973999,0.8443636894226074,0.018271712586283684,4.096996307373047,0.5214489698410034
63,10,0.6859851479530334,0.6798102855682373,0.006117966026067734,0.5691304206848145,0.07157889008522034
63,11,0.4545937776565552,0.44922733306884766,0.005317174829542637,0.4925678074359894,0.06024657189846039
63,12,0.013228635303676128,0.013168629258871078,4.528601493802853e-05,0.14720699191093445,0.04329546168446541
63,13,0.9381793141365051,0.9072457551956177,0.02953742817044258,13.960933685302734,0.09546951949596405
63,14,0.39942988753318787,0.3972197473049164,0.002189483493566513,0.20646695792675018,0.0214462298899889
63,15,0.7164886593818665,0.7103933095932007,0.006046957336366177,0.48383092880249023,0.07048909366130829
63,16,0.3821486234664917,0.37934964895248413,0.0027651465497910976,0.33822542428970337,0.02107885107398033
63,17,0.4833664000034332,0.4751057028770447,0.008076653815805912,1.8402992486953735,0.05496574938297272
63,18,0.04402017593383789,0.04374048858880997,0.0002482765703462064,0.3141038119792938,0.01926959678530693
63,19,0.3778194189071655,0.37498921155929565,0.002814630512148142,0.15595659613609314,0.021816711872816086
63,20,0.1320265680551529,0.13007478415966034,0.0019269539043307304,0.24820120632648468,0.10192449390888214
63,21,0.8590163588523865,0.8501675128936768,0.008792838081717491,0.5600702166557312,0.10683788359165192
63,22,0.8264092803001404,0.8036810159683228,0.02225351519882679,4.74735689163208,0.41360247135162354
63,23,0.6142852306365967,0.6004154682159424,0.0135720893740654,2.976621150970459,0.279777467250824
63,24,0.009539281018078327,0.009484445676207542,3.4266959119122475e-05,0.2056860774755478,0.07608857750892639
63,25,0.1300698220729828,0.12902328372001648,0.001040622591972351,0.05913003534078598,0.04893197864294052
63,26,0.042851630598306656,0.04248128831386566,0.00033040964626707137,0.3993159234523773,0.020126948133111
63,27,0.6456973552703857,0.6276051998138428,0.01761852577328682,4.736119747161865,0.2581247091293335
63,28,0.8646872043609619,0.8549601435661316,0.00961347110569477,1.1360594034194946,0.1186615377664566
63,29,0.03910285234451294,0.0387842059135437,0.0002801793743856251,0.38465914130210876,0.017938073724508286
63,30,0.12084116786718369,0.11929348856210709,0.0015339619712904096,0.13715094327926636,0.08389069139957428
63,31,0.025244001299142838,0.025081705302000046,0.00012736891221720725,0.3492707908153534,0.0076842475682497025
63,32,0.34540069103240967,0.3426230847835541,0.0027566030621528625,0.21000298857688904,0.01580233871936798
63,33,0.19410930573940277,0.19253088533878326,0.0015496733831241727,0.2874959707260132,0.010188133455812931
63,34,0.29021328687667847,0.28633344173431396,0.0038607208989560604,0.19138066470623016,0.032123055309057236
63,35,0.0027244030497968197,0.00268885912373662,3.6540177461574785e-06,0.3188997209072113,0.0006697362987324595
63,36,0.3232925832271576,0.32077449560165405,0.0024905898608267307,0.2749437391757965,0.03163157030940056
63,37,0.4342908561229706,0.4215525686740875,0.012347577139735222,3.9070253372192383,0.05820745602250099
63,38,0.852101743221283,0.8376690149307251,0.014042120426893234,3.9060332775115967,0.11903022229671478
63,39,0.3660337030887604,0.3624374270439148,0.0035817839670926332,0.14487241208553314,0.03025580570101738
63,40,0.026363054290413857,0.02619701810181141,0.00012281544331926852,0.4322153627872467,0.0032691769301891327
63,41,0.01234558504074812,0.012239180505275726,8.231407264247537e-05,0.2409084588289261,0.06352381408214569
63,42,0.01652366667985916,0.01641467958688736,7.234286022139713e-05,0.3664465844631195,0.004115639720112085
63,43,0.0274017546325922,0.02721259370446205,0.00015040801372379065,0.3875325918197632,0.008067291229963303
63,44,0.04668480157852173,0.04621719941496849,0.00042599139851517975,0.4161292612552643,0.023642975836992264
63,45,0.8786260485649109,0.8719764947891235,0.006607258692383766,0.4234720468521118,0.05930165946483612
63,46,0.4445013105869293,0.44011983275413513,0.004342019557952881,0.39465710520744324,0.0517788864672184
63,47,0.12904947996139526,0.12813380360603333,0.0009102351032197475,0.0543268620967865,0.04552394896745682
63,48,0.12331484258174896,0.12181201577186584,0.0014908985467627645,0.119252048432827,0.0839376449584961
63,49,0.4917718172073364,0.48148447275161743,0.010028168559074402,2.591543436050415,0.04372646287083626
63,50,0.793560802936554,0.7763675451278687,0.01682630181312561,3.669787883758545,0.26495254039764404
63,51,0.25293606519699097,0.25018706917762756,0.0027218267787247896,0.27192413806915283,0.051816537976264954
63,52,0.0235882755368948,0.02347739413380623,8.247377991210669e-05,0.2840665280818939,0.0026033709291368723
63,53,0.32267674803733826,0.3197631239891052,0.0028822619933634996,0.3134087324142456,0.01944109983742237
63,54,0.2310808002948761,0.22877448797225952,0.00228469492867589,0.21619632840156555,0.04782767593860626
63,55,0.8374366164207458,0.8282909393310547,0.009065108373761177,0.8055919408798218,0.12784349918365479
63,56,0.4011034667491913,0.39704859256744385,0.004009933676570654,0.44929879903793335,0.03220447897911072
63,57,0.3513311445713043,0.34600359201431274,0.005232146009802818,0.9538478255271912,0.050407297909259796
63,58,0.32814764976501465,0.3238968849182129,0.004177719354629517,0.7305287718772888,0.04821737855672836
63,59,0.43970462679862976,0.4332800805568695,0.006375669501721859,0.4887390434741974,0.07938630878925323
63,60,0.021254612132906914,0.02115197852253914,7.552757597295567e-05,0.2710508704185486,0.002228426281362772
63,61,0.9777135252952576,0.9464465975761414,0.030085552483797073,11.813689231872559,0.1396690011024475
63,62,0.33052581548690796,0.32594358921051025,0.004506900906562805,0.7534886002540588,0.0430624857544899
63,63,1.1519153118133545,1.1193547248840332,0.031512368470430374,10.481705665588379,0.18688353896141052
63,64,0.39083361625671387,0.3880068063735962,0.002806337783113122,0.20474979281425476,0.02801659144461155
63,65,0.22316572070121765,0.2214907705783844,0.0016599168302491307,0.1503659039735794,0.04020112752914429
63,66,0.5851280689239502,0.5741599202156067,0.010778356343507767,1.8977891206741333,0.2280796468257904
63,67,0.4240134060382843,0.4176841676235199,0.00611537741497159,2.138631820678711,0.04247342795133591
63,68,0.9408761262893677,0.9088318347930908,0.031296610832214355,7.476658821105957,0.547572910785675
63,69,0.9553565382957458,0.9294857382774353,0.024993587285280228,8.77173137664795,0.10744068771600723
63,70,0.37608104944229126,0.3735954165458679,0.0024636213202029467,0.22028739750385284,0.018429193645715714
63,71,0.42524996399879456,0.4220775067806244,0.0031367861665785313,0.35681673884391785,0.027407435700297356
63,72,0.6191977262496948,0.6096646189689636,0.009341144002974033,1.9196120500564575,0.20714235305786133
63,73,0.02020813524723053,0.020111652091145515,7.142472168197855e-05,0.25057318806648254,0.002595950849354267
63,74,0.33806490898132324,0.3354550004005432,0.0025657578371465206,0.4413790702819824,0.03720017895102501
63,75,0.4703967571258545,0.46561044454574585,0.004727071151137352,0.5925199389457703,0.03697784245014191
63,76,0.12346231192350388,0.1228046864271164,0.0006533488631248474,0.04279292747378349,0.03515011817216873
63,77,0.11128135025501251,0.11027274280786514,0.0009986807126551867,0.09922277927398682,0.035144176334142685
63,78,0.12138833105564117,0.11996151506900787,0.0014144110027700663,0.12408579140901566,0.09437789022922516
63,79,0.36098042130470276,0.357974648475647,0.0029918064828962088,0.13964390754699707,0.026970600709319115
63,80,0.01992351934313774,0.019816838204860687,7.183546404121444e-05,0.34845593571662903,0.0024906322360038757
63,81,1.108502984046936,1.0780452489852905,0.02947317250072956,9.845419883728027,0.1908475160598755
63,82,0.4497065544128418,0.4439809322357178,0.005675762891769409,0.49858999252319336,0.07710929960012436
63,83,0.021640166640281677,0.021521540358662605,8.162666927091777e-05,0.36998823285102844,0.0034530814737081528
63,84,0.2440371960401535,0.24135470390319824,0.002659474965184927,0.23015493154525757,0.061739709228277206
63,85,0.8440401554107666,0.8137907385826111,0.029486561194062233,7.628996849060059,0.43390119075775146
63,86,0.18776129186153412,0.1858554184436798,0.0018816911615431309,0.24190862476825714,0.012546992860734463
63,87,0.1243780329823494,0.12251827865839005,0.0018429881893098354,0.16764064133167267,0.10000140964984894
63,88,0.812423050403595,0.7862688302993774,0.02547161653637886,6.825892925262451,0.3674794137477875
63,89,0.015008938498795033,0.014928286895155907,6.118444434832782e-05,0.19467255473136902,0.043020643293857574
63,90,0.018120041117072105,0.01803482137620449,5.458680243464187e-05,0.3063275218009949,0.002604622393846512
63,91,0.2990395128726959,0.2959614098072052,0.003024142002686858,0.5396871566772461,0.04191218316555023
63,92,0.12455935776233673,0.12367701530456543,0.0008753291331231594,0.07008486241102219,0.04188638553023338
63,93,0.01512835267931223,0.01504177413880825,5.6956523621920496e-05,0.2962160110473633,0.002356132259592414
63,94,0.7933367490768433,0.769787609577179,0.022962823510169983,5.8632659912109375,0.3637722432613373
63,95,0.12934303283691406,0.12744379043579102,0.0018777186051011086,0.21516025066375732,0.10543489456176758
63,96,0.012072145007550716,0.01199302077293396,6.144715734990314e-05,0.17677763104438782,0.06796672940254211
63,97,0.7724468111991882,0.7636587023735046,0.008699082769453526,0.8902987837791443,0.09882678091526031
63,98,0.6215150952339172,0.6095008850097656,0.011710027232766151,3.0415291786193848,0.2847937345504761
63,99,0.014216501265764236,0.01411697082221508,6.964609201531857e-05,0.29884210228919983,0.0021799199748784304
63,100,1.0046582221984863,0.9729663133621216,0.03039369359612465,12.98244857788086,0.1594463586807251
64,1,0.19561520218849182,0.1938757598400116,0.0017177988775074482,0.21634583175182343,0.013582725077867508
64,2,0.1972234845161438,0.19561104476451874,0.0015888644848018885,0.23567287623882294,0.014057742431759834
64,3,0.4212707579135895,0.41675692796707153,0.0044718110002577305,0.4203009605407715,0.039545465260744095
64,4,0.017884511500597,0.017773106694221497,8.109489135676995e-05,0.30310091376304626,0.0025010439567267895
64,5,0.3725900650024414,0.36965155601501465,0.0029219717252999544,0.16534550487995148,0.02197308838367462
64,6,0.011554653756320477,0.011488720774650574,4.949353024130687e-05,0.1643977165222168,0.06242461875081062
64,7,0.12776735424995422,0.12694832682609558,0.0008138822158798575,0.05137981101870537,0.04152651131153107
64,8,0.843709409236908,0.8369188904762268,0.006743085570633411,0.47415849566459656,0.10440869629383087
64,9,0.13229653239250183,0.13130055367946625,0.0009886333718895912,0.0735011026263237,0.04152403771877289
64,10,0.39707303047180176,0.39422306418418884,0.0028215234633535147,0.2843990623950958,0.02574431709945202
64,11,0.011024580337107182,0.010964680463075638,4.385837746667676e-05,0.1604132205247879,0.05266086012125015
64,12,0.8343149423599243,0.8152751326560974,0.018650587648153305,3.8919477462768555,0.47416239976882935
64,13,0.12344920635223389,0.12256462872028351,0.000879333121702075,0.05248580127954483,0.037607111036777496
64,14,1.1128818988800049,1.0915710926055908,0.020855577662587166,4.552626609802246,0.15837740898132324
64,15,0.8780189156532288,0.8685973882675171,0.009329312480986118,0.9223127961158752,0.13821223378181458
64,16,1.078087568283081,1.0569586753845215,0.02072034403681755,4.0853705406188965,0.17002615332603455
64,17,0.36582717299461365,0.3631035089492798,0.0027100318111479282,0.1360573172569275,0.021185677498579025
64,18,0.3173472285270691,0.3145502507686615,0.002778196008875966,0.1878020018339157,0.05112632364034653
64,19,0.3237074911594391,0.32035934925079346,0.0033190036192536354,0.29150480031967163,0.018307536840438843
64,20,0.9499863386154175,0.9223242402076721,0.02668711729347706,9.749353408813477,0.13227547705173492
64,21,0.13404478132724762,0.13211700320243835,0.0019112988375127316,0.1648433804512024,0.11214177310466766
64,22,0.3528987467288971,0.3488602638244629,0.003957314416766167,0.8119422793388367,0.05318162590265274
64,23,0.5853936672210693,0.5755634903907776,0.009655253030359745,1.7496495246887207,0.26310715079307556
64,24,0.32487091422080994,0.32146698236465454,0.003350948914885521,0.5298075079917908,0.04580819979310036
64,25,0.012716297060251236,0.012655576691031456,4.413667193148285e-05,0.16583870351314545,0.05535254627466202
64,26,0.36976128816604614,0.3670729994773865,0.002671036636456847,0.17249847948551178,0.019783612340688705
64,27,0.3281084895133972,0.3256887197494507,0.0023985039442777634,0.21288111805915833,0.013431952334940434
64,28,0.12836919724941254,0.12757307291030884,0.0007912987493909895,0.048303812742233276,0.03334856778383255
64,29,0.4521634876728058,0.4483211934566498,0.003806361462920904,0.35930103063583374,0.037379249930381775
64,30,0.04543623328208923,0.045131616294384,0.000273574871243909,0.3104384243488312,0.017141804099082947
64,31,0.9848318099975586,0.9658963680267334,0.01839342713356018,5.420258045196533,0.10612063854932785
64,32,0.8157986998558044,0.7955979108810425,0.01966652274131775,5.3423333168029785,0.2707953453063965
64,33,0.8034086227416992,0.7831826210021973,0.019786730408668518,4.392832279205322,0.3127497136592865
64,34,0.35004401206970215,0.3466758728027344,0.0033370964229106903,0.31039437651634216,0.01843898557126522
64,35,0.3143000304698944,0.3105943202972412,0.003656010841950774,0.4970797896385193,0.05138666182756424
64,36,0.01714538037776947,0.01702745258808136,9.57809534156695e-05,0.22146445512771606,0.08366227149963379
64,37,0.8718132972717285,0.8546608090400696,0.016921868547797203,2.3061649799346924,0.17307084798812866
64,38,0.00814327783882618,0.008121570572257042,1.535727824375499e-05,0.06349563598632812,0.0037411581724882126
64,39,0.3690582513809204,0.3652159571647644,0.0038213569205254316,0.2095804214477539,0.027371473610401154
64,40,0.1841859668493271,0.1825106143951416,0.0016462178900837898,0.2913588583469391,0.012751681730151176
64,41,0.3288223147392273,0.324895977973938,0.0038998166564852,0.2651190161705017,0.017581842839717865
64,42,1.0242664813995361,0.9809694886207581,0.04231307655572891,9.839262008666992,0.9152607321739197
64,43,0.3979766368865967,0.3918757140636444,0.005918836686760187,1.8208857774734497,0.04275232553482056
64,44,0.19969742000102997,0.19816994667053223,0.00150215660687536,0.2532227039337158,0.01084931194782257
64,45,0.641496479511261,0.630565881729126,0.010636623948812485,2.9395194053649902,0.19649358093738556
64,46,0.8360356688499451,0.8312652111053467,0.004731431603431702,0.3902166783809662,0.06973287463188171
64,47,0.23921898007392883,0.23778092861175537,0.0014256953727453947,0.12355523556470871,0.03586689382791519
64,48,0.42739802598953247,0.42345303297042847,0.003838143777102232,1.0683284997940063,0.03708777576684952
64,49,0.7397071123123169,0.7354576587677002,0.0042115552350878716,0.3788355588912964,0.054495394229888916
64,50,0.8723084926605225,0.8655771613121033,0.006566829979419708,1.645099401473999,0.2949509918689728
64,51,0.40655818581581116,0.403342068195343,0.0031837942078709602,0.32346999645233154,0.030818460509181023
64,52,0.0198553167283535,0.019734496250748634,9.463659807806835e-05,0.2618265450000763,0.00350624299608171
64,53,0.2364320009946823,0.23419371247291565,0.0022190590389072895,0.19219110906124115,0.07184876501560211
64,54,0.8821073174476624,0.87605881690979,0.006013971753418446,0.3450769782066345,0.08988241106271744
64,55,0.35156580805778503,0.3489617705345154,0.0025842073373496532,0.19824832677841187,0.022857528179883957
64,56,0.0126300984993577,0.012562133371829987,5.1536233513616025e-05,0.16428200900554657,0.04812571033835411
64,57,0.020427240058779716,0.02032192051410675,8.27050898806192e-05,0.22614046931266785,0.0029884662944823503
64,58,0.3315008282661438,0.32701945304870605,0.004408043343573809,0.7335480451583862,0.0619480162858963
64,59,0.8178382515907288,0.8072123527526855,0.01038246788084507,2.4340813159942627,0.34546566009521484
64,60,0.44890880584716797,0.4405999481678009,0.008123090490698814,1.857619047164917,0.0523400753736496
64,61,0.861562967300415,0.8471692800521851,0.01400897465646267,3.846721649169922,0.3113720118999481
64,62,0.8456835150718689,0.8354606032371521,0.010135236196219921,0.876835286617279,0.17957744002342224
64,63,0.042175211012363434,0.04185318574309349,0.0002902352134697139,0.3179004192352295,0.014182588085532188
64,64,0.8735588788986206,0.8635433316230774,0.009954582899808884,0.6099828481674194,0.12629541754722595
64,65,0.4287351369857788,0.4179680049419403,0.01038448978215456,3.8264384269714355,0.04365064203739166
64,66,0.04552073031663895,0.045118559151887894,0.00036523854942061007,0.3693264126777649,0.015680480748414993
64,67,0.878993034362793,0.8537752628326416,0.024433396756649017,7.844031810760498,0.42628833651542664
64,68,0.4346238672733307,0.4292156398296356,0.005326889455318451,0.8133528232574463,0.028703244403004646
64,69,0.02769435942173004,0.0275580957531929,0.00010380949242971838,0.32453930377960205,0.007643865887075663
64,70,0.1179542988538742,0.11727443337440491,0.0006753032794222236,0.04558662697672844,0.0263526514172554
64,71,0.693281352519989,0.6820293068885803,0.01113509014248848,1.1694831848144531,0.09017835557460785
64,72,0.33850643038749695,0.3329203128814697,0.005437512882053852,1.4860491752624512,0.039369113743305206
64,73,0.46502381563186646,0.45516911149024963,0.009758861735463142,0.9584057331085205,0.06336343288421631
64,74,0.3366113305091858,0.33281975984573364,0.00372200645506382,0.6955258250236511,0.03882001340389252
64,75,0.9931823015213013,0.9600127339363098,0.03224312141537666,9.264152526855469,0.1865440160036087
64,76,0.43977558612823486,0.4326801896095276,0.006933401804417372,1.6199982166290283,0.034923773258924484
64,77,0.04466590657830238,0.0442376583814621,0.0003867654304485768,0.41481393575668335,0.023583106696605682
64,78,0.438955694437027,0.4346241354942322,0.004252682439982891,0.788792073726654,0.03372560814023018
64,79,1.0390416383743286,1.0000263452529907,0.03751368820667267,15.015698432922363,0.1405034363269806
64,80,0.02232886478304863,0.022186126559972763,0.00010497999028302729,0.3775676190853119,0.00330727850086987
64,81,0.01597675122320652,0.01586231216788292,9.357793169328943e-05,0.20861543715000153,0.0867704302072525
64,82,0.19371332228183746,0.19241246581077576,0.0012864347081631422,0.14419859647750854,0.00999466609209776
64,83,0.01271624956279993,0.012631116434931755,6.409477646229789e-05,0.21038119494915009,0.0724535882472992
64,84,1.0066567659378052,0.9732497930526733,0.03218742087483406,12.195013046264648,0.16503818333148956
64,85,1.0666552782058716,1.0312684774398804,0.034168899059295654,12.179532051086426,0.1626558005809784
64,86,0.9105665683746338,0.9023988842964172,0.008099088445305824,0.6858898997306824,0.07954271882772446
64,87,0.020345332100987434,0.020304139703512192,4.111097223358229e-05,0.0008174291579052806,0.0015032986411824822
64,88,0.40956732630729675,0.4041757583618164,0.005232901778072119,1.5865941047668457,0.04709474742412567
64,89,0.9480789303779602,0.914361834526062,0.032801177352666855,9.159391403198242,0.6149404644966125
64,90,0.02965591847896576,0.02947518602013588,0.00013515379396267235,0.455797404050827,0.008252955973148346
64,91,0.22899609804153442,0.22709989547729492,0.0018762208055704832,0.1997785121202469,0.04253683239221573
64,92,0.4601265490055084,0.4546017050743103,0.005469426512718201,0.5540469288825989,0.06228823959827423
64,93,0.564424455165863,0.5555999279022217,0.008663815446197987,1.6066631078720093,0.24193614721298218
64,94,1.150450348854065,1.1255946159362793,0.024319279938936234,5.364199161529541,0.1734042763710022
64,95,0.41295552253723145,0.40870922803878784,0.004167078994214535,0.7922894954681396,0.05167160928249359
64,96,0.9576321840286255,0.9355628490447998,0.021342778578400612,7.2660393714904785,0.14972451329231262
64,97,0.017124520614743233,0.01702580787241459,6.0237602156121284e-05,0.3847395181655884,0.0031808214262127876
64,98,0.6296175718307495,0.6198776960372925,0.009551886469125748,1.88004469871521,0.2572404146194458
64,99,0.8775998950004578,0.8625873923301697,0.014694686979055405,3.1778600215911865,0.5267759561538696
64,100,0.11788937449455261,0.11673092842102051,0.0011477917432785034,0.10650710016489029,0.0821780413389206
65,1,0.4259131848812103,0.4221280813217163,0.0037504732608795166,0.3463791012763977,0.05352826789021492
65,2,0.6934058666229248,0.6870914697647095,0.006256632506847382,0.5775361061096191,0.0877508819103241
65,3,0.2021447867155075,0.20030300319194794,0.0018138708546757698,0.27911749482154846,0.01607602834701538
65,4,0.12545283138751984,0.12386781722307205,0.001570952939800918,0.1406291425228119,0.09602350741624832
65,5,0.5624949336051941,0.5542199015617371,0.008151106536388397,1.2390568256378174,0.2474345862865448
65,6,0.9834628105163574,0.9559344053268433,0.026392944157123566,11.354768753051758,0.14052169024944305
65,7,0.00939100794494152,0.009371253661811352,1.4662600733572617e-05,0.05091866850852966,0.004088589921593666
65,8,0.3410133719444275,0.33797937631607056,0.0030011599883437157,0.32840675115585327,0.01864369586110115
65,9,0.11711519956588745,0.11622922867536545,0.0008810491999611259,0.04924685135483742,0.03792507201433182
65,10,0.1917102038860321,0.19003838300704956,0.0016466095112264156,0.25216880440711975,0.012507697567343712
65,11,0.042312897741794586,0.041902028024196625,0.00036858231760561466,0.4228675067424774,0.022136468440294266
65,12,0.8424100875854492,0.8353626132011414,0.0070081427693367004,0.3932802677154541,0.06867599487304688
65,13,0.3907671570777893,0.38772714138031006,0.003022780641913414,0.17230474948883057,0.024075206369161606
65,14,0.045779041945934296,0.045235153287649155,0.0005003211554139853,0.4356563985347748,0.023835722357034683
65,15,0.8306287527084351,0.8016135096549988,0.028394024819135666,6.212212085723877,0.36809444427490234
65,16,0.9391130805015564,0.9079031348228455,0.030108457431197166,11.015037536621094,0.14960268139839172
65,17,0.8778470754623413,0.8703196048736572,0.007465186063200235,0.6225978136062622,0.0720980316400528
65,18,0.011993948370218277,0.011922960169613361,5.2642535592895e-05,0.18346458673477173,0.04909776523709297
65,19,1.1258445978164673,1.104892373085022,0.020505478605628014,4.467798709869385,0.1469419002532959
65,20,0.04239301756024361,0.042053043842315674,0.00030407897429540753,0.3589390814304352,0.02048281580209732
65,21,0.01677214726805687,0.01666394993662834,7.688206096645445e-05,0.31315651535987854,0.002186314668506384
65,22,0.8712031245231628,0.8628915548324585,0.008226122707128525,0.8545392751693726,0.12597587704658508
65,23,0.9112066030502319,0.9027734994888306,0.008367219939827919,0.6583676338195801,0.0984046459197998
65,24,0.1860431581735611,0.18484097719192505,0.0011887922883033752,0.1339612901210785,0.011204246431589127
65,25,0.9497617483139038,0.9275934100151062,0.02157536707818508,5.929250240325928,0.6258116960525513
65,26,0.9222277402877808,0.9138187170028687,0.00834791362285614,0.6109350323677063,0.11070296913385391
65,27,0.8337963819503784,0.8257761001586914,0.007957380264997482,0.6289398670196533,0.08627709746360779
65,28,0.4343378245830536,0.42913952469825745,0.005153185687959194,0.45135387778282166,0.06449339538812637
65,29,0.9276248216629028,0.9034048318862915,0.02353733219206333,6.826673984527588,0.16672925651073456
65,30,0.624375581741333,0.6087540984153748,0.015286515466868877,3.3497419357299805,0.2452385574579239
65,31,0.8532200455665588,0.8452802300453186,0.007854966446757317,0.848966121673584,0.08759139478206635
65,32,1.1424275636672974,1.1138266324996948,0.02777605690062046,8.249337196350098,0.16910552978515625
65,33,0.035140179097652435,0.034975968301296234,0.0001325186458416283,0.316913366317749,0.005321306176483631
65,34,0.21323074400424957,0.21160811185836792,0.0015924156177788973,0.3021722137928009,0.011354397982358932
65,35,0.8312272429466248,0.8160380125045776,0.014920023269951344,2.692440986633301,0.47784775495529175
65,36,0.9397178888320923,0.9146755933761597,0.02439897134900093,6.432969093322754,0.32770830392837524
65,37,0.789821982383728,0.7677034139633179,0.02163153514266014,4.87052583694458,0.3258771300315857
65,38,0.025493701919913292,0.02530735358595848,0.00015154300490394235,0.3480604887008667,0.006942766718566418
65,39,0.31448525190353394,0.31198835372924805,0.002465470228344202,0.31434541940689087,0.03657800704240799
65,40,0.4273521304130554,0.4233698844909668,0.003944622818380594,0.375957727432251,0.04356643185019493
65,41,0.13085369765758514,0.12932705879211426,0.001511660753749311,0.14977818727493286,0.09128638356924057
65,42,0.4104613959789276,0.40608957409858704,0.004274031147360802,0.9779478907585144,0.05067768692970276
65,43,0.580868661403656,0.5718570351600647,0.008844383992254734,1.672784686088562,0.26336172223091125
65,44,0.045151397585868835,0.04467565938830376,0.000428053957875818,0.47683480381965637,0.023011023178696632
65,45,0.4062570631504059,0.4005841612815857,0.005565119441598654,1.0780861377716064,0.05323132127523422
65,46,0.8606154918670654,0.8402326107025146,0.019887831062078476,4.950676441192627,0.6147744655609131
65,47,0.3925441801548004,0.38947194814682007,0.003055690787732601,0.1653599739074707,0.02466806024312973
65,48,0.721572756767273,0.7146036624908447,0.006914390251040459,0.5469008088111877,0.08871911466121674
65,49,0.1325644850730896,0.131539985537529,0.0010185025166720152,0.059882909059524536,0.045665472745895386
65,50,0.6084363460540771,0.5974092483520508,0.0108096394687891,2.174405813217163,0.25387054681777954
65,51,1.1586639881134033,1.1330573558807373,0.025070494040846825,5.360539436340332,0.19809046387672424
65,52,0.5873990654945374,0.5762603878974915,0.01094844564795494,1.902800440788269,0.2378009706735611
65,53,0.3984021246433258,0.39499589800834656,0.003370319027453661,0.35921961069107056,0.025670139119029045
65,54,0.9002361297607422,0.8893140554428101,0.010809318162500858,1.1279064416885376,0.14582589268684387
65,55,1.190329670906067,1.1609516143798828,0.02853618562221527,8.418062210083008,0.17786966264247894
65,56,0.019742220640182495,0.019638273864984512,7.332463428610936e-05,0.3062194585800171,0.0032722586765885353
65,57,0.3929896652698517,0.3883918523788452,0.004541306756436825,0.5651175379753113,0.025046367198228836
65,58,0.33009931445121765,0.3258112967014313,0.004221698269248009,0.663075864315033,0.039205968379974365
65,59,1.1619129180908203,1.1344680786132812,0.026708446443080902,7.363481044769287,0.20865817368030548
65,60,0.19352133572101593,0.19185805320739746,0.0016389016527682543,0.24371738731861115,0.009542656131088734
65,61,0.046988595277071,0.046600062400102615,0.00035667340853251517,0.3185777962207794,0.01565220206975937
65,62,0.12926450371742249,0.12759718298912048,0.0016520577482879162,0.1525493860244751,0.09377019852399826
65,63,0.3564901649951935,0.3528251051902771,0.003631868399679661,0.33194613456726074,0.029944781213998795
65,64,0.4176199436187744,0.41303765773773193,0.0045401668176054955,0.4211934506893158,0.06063569709658623
65,65,0.8215528726577759,0.799187183380127,0.021904008463025093,4.61705207824707,0.400316059589386
65,66,0.014409885741770267,0.014354057610034943,4.084542888449505e-05,0.14982827007770538,0.04875468835234642
65,67,0.12334419786930084,0.12262310087680817,0.0007163453847169876,0.04756937175989151,0.029468800872564316
65,68,0.7130257487297058,0.7069399356842041,0.006032575853168964,0.5324566960334778,0.07099599391222
65,69,0.8462841510772705,0.8253010511398315,0.02043440006673336,5.487332820892334,0.49416863918304443
65,70,0.9260610342025757,0.9044292569160461,0.02111901342868805,5.127604007720947,0.49991244077682495
65,71,0.8623130917549133,0.8543661832809448,0.007876673713326454,0.7023764252662659,0.11072297394275665
65,72,0.2291421741247177,0.2277863621711731,0.0013461618218570948,0.09649791568517685,0.03560490906238556
65,73,0.8809669017791748,0.8499748706817627,0.03038076125085354,6.112236976623535,0.41630202531814575
65,74,0.3761539161205292,0.372986763715744,0.0031378688290715218,0.29296350479125977,0.02355540171265602
65,75,0.023635264486074448,0.02350323647260666,9.874989336822182e-05,0.33277925848960876,0.003399439388886094
65,76,0.3994683623313904,0.3961865305900574,0.003253493458032608,0.2833018898963928,0.03460661321878433
65,77,0.13317956030368805,0.13221243023872375,0.0009606576059013605,0.06469830870628357,0.0474858321249485
65,78,0.22396695613861084,0.2219448983669281,0.0020057158544659615,0.1634424924850464,0.050744492560625076
65,79,0.6649988889694214,0.6573629379272461,0.0075680967420339584,0.6781964898109436,0.08588586747646332
65,80,0.9530293941497803,0.9209414720535278,0.030985496938228607,11.024372100830078,0.14805033802986145
65,81,0.3196548521518707,0.3162287473678589,0.003375998232513666,0.5008943676948547,0.03963552415370941
65,82,0.014564620330929756,0.01447298564016819,5.960682756267488e-05,0.3202823996543884,0.0026341769844293594
65,83,0.011031804606318474,0.010969871655106544,4.435508162714541e-05,0.17577585577964783,0.05692537873983383
65,84,0.2278839498758316,0.2263087034225464,0.0015608692774549127,0.14379848539829254,0.04006507992744446
65,85,0.02652132324874401,0.026361100375652313,0.00012758933007717133,0.32634395360946655,0.007245637476444244
65,86,0.6287979483604431,0.617418646812439,0.011159418150782585,2.19866943359375,0.23441755771636963
65,87,0.2065989375114441,0.20479553937911987,0.0017741734627634287,0.29217270016670227,0.010464616119861603
65,88,0.9258919358253479,0.9161056280136108,0.00963452085852623,1.5182275772094727,0.11938712745904922
65,89,0.8011932373046875,0.7952141165733337,0.005938821937888861,0.4026890993118286,0.06396900862455368
65,90,1.1976996660232544,1.171486496925354,0.02567623183131218,5.369341850280762,0.16167137026786804
65,91,0.800410807132721,0.7848992347717285,0.015219677239656448,2.918869972229004,0.575753927230835
65,92,0.04169674962759018,0.04129558801651001,0.0003591148415580392,0.4204656183719635,0.020420026034116745
65,93,0.1258472055196762,0.12415251135826111,0.0016772738890722394,0.17424707114696503,0.09206785261631012
65,94,0.8423727750778198,0.8335508704185486,0.008746238425374031,0.7565307021141052,0.1292916238307953
65,95,0.023462289944291115,0.02328389696776867,0.00013909405970480293,0.39297986030578613,0.006704234518110752
65,96,0.332911878824234,0.33001309633255005,0.0028718779794871807,0.2690140902996063,0.01634424366056919
65,97,0.01878451555967331,0.01864290051162243,0.00010310488869436085,0.385094553232193,0.002994364593178034
65,98,0.12381042540073395,0.12291863560676575,0.000886306632310152,0.05486711114645004,0.03642705827951431
65,99,0.37349066138267517,0.37058785557746887,0.002886158647015691,0.1666584014892578,0.02072620391845703
65,100,0.894294023513794,0.8850558996200562,0.00913370493799448,1.0441478490829468,0.08816070854663849
66,1,0.2003619372844696,0.1989016830921173,0.0014376756735146046,0.22576500475406647,0.009745758026838303
66,2,0.4195013642311096,0.4151856303215027,0.004280995111912489,0.3475686013698578,0.04473532736301422
66,3,0.8430024981498718,0.8358711004257202,0.007091575302183628,0.39821431040763855,0.07431314885616302
66,4,0.0420805998146534,0.04174766689538956,0.00029687469941563904,0.36057060956954956,0.01814502477645874
66,5,0.8738701343536377,0.8649678230285645,0.008806385099887848,0.9590933918952942,0.10938924551010132
66,6,0.11814753711223602,0.11745354533195496,0.0006897907587699592,0.04203619435429573,0.028090476989746094
66,7,0.12388589233160019,0.12312261760234833,0.0007582502439618111,0.05020624026656151,0.03255382180213928
66,8,0.5957318544387817,0.5857627391815186,0.009788351133465767,1.8076591491699219,0.2225506603717804
66,9,0.24439799785614014,0.24183854460716248,0.0025181472301483154,0.4130381643772125,0.020329151302576065
66,10,1.034767508506775,0.9946005344390869,0.03868334740400314,14.836697578430176,0.16267737746238708
66,11,0.01922575756907463,0.019087180495262146,0.00010071508586406708,0.3786155581474304,0.003153502941131592
66,12,0.44496601819992065,0.43616974353790283,0.008607562631368637,1.8869969844818115,0.04084402322769165
66,13,0.6198974847793579,0.6069523096084595,0.012657040730118752,2.8812832832336426,0.28936874866485596
66,14,0.9299290776252747,0.9063600301742554,0.022976869717240334,5.921818733215332,0.17659255862236023
66,15,0.027009015902876854,0.026771180331707,0.00019782601157203317,0.4001041650772095,0.007811148650944233
66,16,0.12913097441196442,0.12822449207305908,0.0009005177998915315,0.059539079666137695,0.042569227516651154
66,17,0.44462788105010986,0.4377670884132385,0.006668765097856522,1.9200935363769531,0.036875080317258835
66,18,0.3807515501976013,0.3782280683517456,0.002503766678273678,0.19723360240459442,0.025204641744494438
66,19,0.42257073521614075,0.41841089725494385,0.004119924269616604,0.39903873205184937,0.03606686741113663
66,20,0.015859438106417656,0.015739038586616516,8.604485628893599e-05,0.3435521423816681,0.0027505941689014435
66,21,0.22688372433185577,0.22494342923164368,0.0019243003334850073,0.1599636822938919,0.04868978261947632
66,22,0.8310055136680603,0.8072445392608643,0.023252930492162704,5.080983638763428,0.32371068000793457
66,23,0.8477495312690735,0.8395099639892578,0.00812910869717598,1.1044687032699585,0.08154910802841187
66,24,1.0216107368469238,0.9858651161193848,0.03432647883892059,14.19205379486084,0.13169339299201965
66,25,0.42267942428588867,0.4167555570602417,0.0057879602536559105,1.3591258525848389,0.045834340155124664
66,26,0.9923083782196045,0.9760702252388,0.015950316563248634,2.878392219543457,0.1744174361228943
66,27,0.7264553904533386,0.7185336351394653,0.007839727215468884,0.8200927376747131,0.1020856648683548
66,28,0.12346087396144867,0.12175512313842773,0.0016887398669496179,0.1700802445411682,0.10460914671421051
66,29,0.3364607095718384,0.3328282833099365,0.003600799012929201,0.3162020146846771,0.020659305155277252
66,30,0.9316443800926208,0.9184950590133667,0.012947028502821922,2.022881031036377,0.16957679390907288
66,31,0.8929556012153625,0.8819112777709961,0.010939848609268665,1.0451182126998901,0.10392525792121887
66,32,0.025534668937325478,0.025325939059257507,0.00016938024782575667,0.3935072124004364,0.006196626462042332
66,33,0.019535815343260765,0.019394394010305405,0.00010334143007639796,0.380805641412735,0.0027105591725558043
66,34,0.014421438798308372,0.01431294810026884,7.350851956289262e-05,0.34982651472091675,0.0020116963423788548
66,35,0.025368088856339455,0.02515474148094654,0.00017792762082535774,0.3542080819606781,0.0063025858253240585
66,36,0.871673047542572,0.863862156867981,0.007750116288661957,0.6080977916717529,0.07408083975315094
66,37,0.22742833197116852,0.22542314231395721,0.0019849129021167755,0.20275430381298065,0.046604059636592865
66,38,0.19411705434322357,0.19246524572372437,0.0016294363886117935,0.22365519404411316,0.01141447015106678
66,39,0.2226349264383316,0.22081118822097778,0.0018068887293338776,0.1685631424188614,0.042442046105861664
66,40,0.3594672381877899,0.3569129705429077,0.002535876352339983,0.1837712526321411,0.01778005063533783
66,41,0.4505176544189453,0.44296395778656006,0.007378004025667906,1.7569801807403564,0.031078878790140152
66,42,0.026006566360592842,0.02583271637558937,0.00014326800010167062,0.30583521723747253,0.007098743692040443
66,43,0.8564256429672241,0.8497520685195923,0.006629458162933588,0.44137221574783325,0.07278501987457275
66,44,0.35128387808799744,0.34813570976257324,0.0031190840527415276,0.2909560799598694,0.017846066504716873
66,45,0.12072983384132385,0.11931492388248444,0.001401238958351314,0.13674283027648926,0.07760447263717651
66,46,0.46751025319099426,0.46013715863227844,0.007235531695187092,1.3758015632629395,0.06574741750955582
66,47,0.4119313955307007,0.405826598405838,0.005974947940558195,1.2984765768051147,0.038510024547576904
66,48,0.4232765734195709,0.41880983114242554,0.004415334668010473,0.5139886140823364,0.041380319744348526
66,49,0.19458498060703278,0.19230186939239502,0.0022491554263979197,0.339622437953949,0.01586201786994934
66,50,0.37036970257759094,0.3672957122325897,0.003053721971809864,0.2026955634355545,0.025669092312455177
66,51,0.8948447704315186,0.8748043775558472,0.01935666799545288,6.837080955505371,0.10381186753511429
66,52,0.4370321035385132,0.43173080682754517,0.005199115257710218,1.021947979927063,0.0366707369685173
66,53,0.893542468547821,0.878009557723999,0.014992732554674149,5.4022393226623535,0.0943325012922287
66,54,0.006862097419798374,0.006828783079981804,3.3280335628660396e-05,0.00033903279108926654,0.0012478731805458665
66,55,0.36504799127578735,0.36262667179107666,0.002408596221357584,0.12720005214214325,0.020554307848215103
66,56,0.8563875555992126,0.8260809779167175,0.029548436403274536,7.580844402313232,0.368924081325531
66,57,0.9381542801856995,0.9099878072738647,0.026957619935274124,12.088276863098145,0.1305125504732132
66,58,0.31729641556739807,0.3149784803390503,0.002290319185703993,0.2761876881122589,0.032909639179706573
66,59,0.12794296443462372,0.12716549634933472,0.0007728349883109331,0.04641607403755188,0.03807557374238968
66,60,0.3554014563560486,0.3531544804573059,0.0022332891821861267,0.1367824375629425,0.018346499651670456
66,61,0.19913451373577118,0.19795700907707214,0.0011560417478904128,0.21454010903835297,0.009526645764708519
66,62,0.06360503286123276,0.06330841779708862,0.0002905753208324313,0.060460396111011505,0.009164856746792793
66,63,0.893673837184906,0.8765465617179871,0.01663193851709366,4.953073024749756,0.11309926211833954
66,64,0.904467761516571,0.8749688863754272,0.028828710317611694,6.701562404632568,0.461977481842041
66,65,0.04573636129498482,0.04542561247944832,0.0002831041638273746,0.27644139528274536,0.018797822296619415
66,66,0.01460962276905775,0.014535613358020782,5.1485811127349734e-05,0.22524411976337433,0.0018499615835025907
66,67,0.9203628301620483,0.8924802541732788,0.02716672234237194,7.158598899841309,0.45225000381469727
66,68,0.011203457601368427,0.01114213652908802,4.736911068903282e-05,0.13952289521694183,0.061259232461452484
66,69,0.4147520959377289,0.41095948219299316,0.0037476718425750732,0.44950371980667114,0.03434640169143677
66,70,0.6026715636253357,0.5926228761672974,0.009860793128609657,1.878749966621399,0.19838549196720123
66,71,0.021045422181487083,0.020943881943821907,7.725224713794887e-05,0.24289599061012268,0.0020722984336316586
66,72,0.32007908821105957,0.3171400725841522,0.002889153780415654,0.4986007809638977,0.03944341093301773
66,73,0.33487528562545776,0.3317093253135681,0.003115022322162986,0.5092839598655701,0.04004301875829697
66,74,0.3765227794647217,0.37360477447509766,0.0028920175973325968,0.2597832679748535,0.02169124223291874
66,75,0.2485026866197586,0.24637076258659363,0.0021043457090854645,0.27587246894836426,0.045216914266347885
66,76,0.2403302639722824,0.2384638488292694,0.0018516629934310913,0.14749541878700256,0.016442984342575073
66,77,0.011876656673848629,0.011807943694293499,5.139621862326749e-05,0.1731707751750946,0.049256935715675354
66,78,0.025099681690335274,0.02494879998266697,0.00011963122233282775,0.31249427795410156,0.005819724407047033
66,79,0.39706695079803467,0.3917369246482849,0.005194051656872034,1.3597913980484009,0.046652793884277344
66,80,0.6508989334106445,0.6336885094642639,0.016764730215072632,4.457467079162598,0.2428724765777588
66,81,0.8425628542900085,0.8355438709259033,0.006968885660171509,0.5012883543968201,0.11259278655052185
66,82,0.013462317176163197,0.01334449090063572,9.632470028009266e-05,0.2150152176618576,0.06304389238357544
66,83,0.8881327509880066,0.8659456968307495,0.021694576367735863,4.9243693351745605,0.5368215441703796
66,84,0.9327464699745178,0.9230620265007019,0.009572658687829971,1.1177173852920532,0.09508787095546722
66,85,0.8106945753097534,0.7951561212539673,0.01520222146064043,3.362152576446533,0.5325971841812134
66,86,0.3813436031341553,0.3758237063884735,0.00540868891403079,1.1121149063110352,0.05179952085018158
66,87,0.6948896646499634,0.687653660774231,0.007163327187299728,0.7265968322753906,0.07928076386451721
66,88,0.01659046672284603,0.016476720571517944,7.566201384179294e-05,0.38084354996681213,0.002328688744455576
66,89,1.1167908906936646,1.0907580852508545,0.02535523846745491,6.776057243347168,0.14890822768211365
66,90,0.8638237714767456,0.8451641798019409,0.017969336360692978,6.902781009674072,0.08734631538391113
66,91,0.12451019138097763,0.1225842535495758,0.0019077261677011847,0.18209345638751984,0.1045624166727066
66,92,0.11790543049573898,0.11679725348949432,0.001101799658499658,0.06378951668739319,0.055353984236717224
66,93,0.9603837728500366,0.9352953433990479,0.024281425401568413,8.069647789001465,0.1612088978290558
66,94,0.3683651387691498,0.3649645447731018,0.003366428893059492,0.34143495559692383,0.03565431758761406
66,95,0.025931458920240402,0.025733623653650284,0.00015921014710329473,0.38625261187553406,0.009304674342274666
66,96,0.42967283725738525,0.42251354455947876,0.006980293430387974,1.7900091409683228,0.0368846133351326
66,97,0.6005105972290039,0.5888208150863647,0.011447413824498653,2.4238014221191406,0.22701410949230194
66,98,0.9501399397850037,0.9246947765350342,0.024746321141719818,6.988451957702637,0.537176251411438
66,99,0.019931476563215256,0.019818073138594627,8.092189091257751e-05,0.3248058557510376,0.0030594468116760254
66,100,0.6275771260261536,0.6141123175621033,0.013222371228039265,2.423962116241455,0.2400064766407013
67,1,0.6814923286437988,0.6732845902442932,0.008101402781903744,1.0633364915847778,0.0772879421710968
67,2,0.012110291980206966,0.012035103514790535,5.632665124721825e-05,0.18861719965934753,0.05204903334379196
67,3,0.8332512378692627,0.8252055644989014,0.007994548417627811,0.5113459229469299,0.09084565937519073
67,4,0.34044891595840454,0.33509862422943115,0.0052224211394786835,1.278780460357666,0.04355067387223244
67,5,0.41151416301727295,0.405637264251709,0.005714846774935722,1.6207846403121948,0.048449352383613586
67,6,0.42934638261795044,0.42319607734680176,0.006005714647471905,1.4460945129394531,0.03400430828332901
67,7,0.12363486737012863,0.12264858186244965,0.0009803548455238342,0.05928651988506317,0.04282368719577789
67,8,0.6353763937950134,0.6208135485649109,0.014243882149457932,3.1893019676208496,0.2636396288871765
67,9,0.011456020176410675,0.011389654129743576,4.818781962967478e-05,0.1817891150712967,0.05445435643196106
67,10,0.8312556147575378,0.8055663704872131,0.025043155997991562,6.461252689361572,0.3899801969528198
67,11,0.4089009165763855,0.402835488319397,0.00592163298279047,1.4378650188446045,0.04471113532781601
67,12,0.7929564714431763,0.7695906162261963,0.0227835513651371,5.822910308837891,0.3560082018375397
67,13,0.3996667265892029,0.3955487608909607,0.004030731040984392,0.8724548816680908,0.03183954954147339
67,14,0.3508567810058594,0.3487081527709961,0.002139454707503319,0.09174183011054993,0.036905355751514435
67,15,0.4644388258457184,0.4582024812698364,0.006091085262596607,1.4525010585784912,0.03458335995674133
67,16,0.1286860853433609,0.12780316174030304,0.0008762771030887961,0.0663861557841301,0.04269810765981674
67,17,0.3219422399997711,0.31876039505004883,0.0031357656698673964,0.4606555998325348,0.04143986850976944
67,18,1.0355846881866455,1.0102381706237793,0.024537790566682816,8.087732315063477,0.17613570392131805
67,19,0.4157222807407379,0.40996938943862915,0.005618087016046047,1.3480864763259888,0.04920732229948044
67,20,0.37612268328666687,0.3732530474662781,0.002850406104698777,0.19228564202785492,0.023686259984970093
67,21,0.11974430829286575,0.11815023422241211,0.0015803066780790687,0.137700155377388,0.0893719345331192
67,22,0.025335749611258507,0.02516535297036171,0.00013265223242342472,0.3774544596672058,0.00688545498996973
67,23,0.22119779884815216,0.21914517879486084,0.002035904908552766,0.1671987622976303,0.053629837930202484
67,24,0.6290953159332275,0.6137695908546448,0.015003817155957222,3.219119071960449,0.26215606927871704
67,25,0.22985883057117462,0.22741463780403137,0.0024147476069629192,0.29441431164741516,0.05600706487894058
67,26,0.130094513297081,0.129009410738945,0.0010774489492177963,0.07665695250034332,0.05136715620756149
67,27,0.8894881010055542,0.8669529557228088,0.021918609738349915,6.165263652801514,0.6183011531829834
67,28,0.11343858391046524,0.11183564364910126,0.0015873500378802419,0.15583127737045288,0.07871644198894501
67,29,0.29544925689697266,0.29074418544769287,0.004682157654315233,0.22915315628051758,0.03215921297669411
67,30,0.8441682457923889,0.8243445158004761,0.01940992660820484,4.137815475463867,0.5663917064666748
67,31,0.8078444600105286,0.7892625331878662,0.018134137615561485,4.478220462799072,0.5541905164718628
67,32,0.4191914498806,0.4103624224662781,0.008635735139250755,1.9329150915145874,0.039516836404800415
67,33,0.04617980122566223,0.045638617128133774,0.0004964626859873533,0.4472177028656006,0.020193561911582947
67,34,0.9215113520622253,0.9131886959075928,0.008260224014520645,0.6241784691810608,0.09012958407402039
67,35,0.040662579238414764,0.04026082530617714,0.00035886833211407065,0.4288586676120758,0.01831476390361786
67,36,0.37220409512519836,0.368586927652359,0.0035875868052244186,0.2960759401321411,0.02597477287054062
67,37,0.8229382038116455,0.8042358160018921,0.018233053386211395,4.693554401397705,0.3034001886844635
67,38,0.6614680886268616,0.6473687887191772,0.01378742977976799,3.1184945106506348,0.22804725170135498
67,39,0.851643979549408,0.8379123210906982,0.013366550207138062,3.6505019664764404,0.11659127473831177
67,40,0.7324606776237488,0.7256188988685608,0.006775509566068649,0.6625580787658691,0.0829123929142952
67,41,0.9620661735534668,0.9303169250488281,0.03039078414440155,13.5842924118042,0.1192302256822586
67,42,0.8693170547485352,0.8608462810516357,0.008393463678658009,0.7729742527008057,0.12801265716552734
67,43,0.3778742849826813,0.3745530843734741,0.003302955999970436,0.18239346146583557,0.02855522185564041
67,44,0.8849088549613953,0.875503420829773,0.00932019017636776,0.8526320457458496,0.1454731971025467
67,45,0.26109087467193604,0.2577354907989502,0.0033156946301460266,0.39701738953590393,0.07313389331102371
67,46,0.32741236686706543,0.32382944226264954,0.0035480805672705173,0.3484712243080139,0.022182518616318703
67,47,0.015553687699139118,0.015443447045981884,8.799490024102852e-05,0.22245997190475464,0.056931719183921814
67,48,0.612406849861145,0.5988816022872925,0.013240352272987366,2.848832607269287,0.26650872826576233
67,49,0.8368759155273438,0.8134831786155701,0.02290356159210205,4.891823768615723,0.5741432905197144
67,50,0.6438890099525452,0.6248886585235596,0.0185469351708889,4.53407096862793,0.22961309552192688
67,51,0.3398442566394806,0.33649998903274536,0.0032827486284077168,0.6152219772338867,0.04038640111684799
67,52,0.4186874330043793,0.41229933500289917,0.006253951229155064,1.3413482904434204,0.03037986159324646
67,53,0.11715882271528244,0.11643324047327042,0.0007211825577542186,0.04404820501804352,0.03591316565871239
67,54,0.9981285333633423,0.9654972553253174,0.03149677440524101,11.34485912322998,0.13660213351249695
67,55,0.027287926524877548,0.027129869908094406,0.00012741945101879537,0.30636727809906006,0.005975636187940836
67,56,0.027610620483756065,0.027408534660935402,0.00017120293341577053,0.3088269531726837,0.006448312662541866
67,57,0.40583932399749756,0.40205299854278564,0.0037383518647402525,0.4799444079399109,0.029310308396816254
67,58,0.019208624958992004,0.019088920205831528,8.991693903226405e-05,0.29787856340408325,0.0022053448483347893
67,59,0.01477228943258524,0.014674441888928413,6.863598537165672e-05,0.2921145558357239,0.0018680000212043524
67,60,0.6231451034545898,0.6083305478096008,0.014489667490124702,3.249236583709717,0.23477479815483093
67,61,0.42455169558525085,0.41724514961242676,0.007143532857298851,1.6303157806396484,0.041037239134311676
67,62,0.020027387887239456,0.019899535924196243,9.42641418077983e-05,0.3358656167984009,0.002467487473040819
67,63,1.091294288635254,1.0662097930908203,0.024542834609746933,5.416646957397461,0.1875263750553131
67,64,0.9314889311790466,0.9094253778457642,0.0214782003313303,5.853971481323242,0.18142449855804443
67,65,0.3324504792690277,0.328437864780426,0.003947047516703606,0.6556562185287476,0.05482923984527588
67,66,0.6204245686531067,0.6085816025733948,0.011540856212377548,3.021329879760742,0.2772747278213501
67,67,0.017876463010907173,0.017760304734110832,8.074154902715236e-05,0.35416993498802185,0.0024017076939344406
67,68,0.12957091629505157,0.1285359114408493,0.001028301427140832,0.06699439138174057,0.04571806266903877
67,69,0.014512802474200726,0.014416075311601162,6.343041604850441e-05,0.3329710364341736,0.002177922520786524
67,70,0.04113427922129631,0.040783584117889404,0.0003104549250565469,0.40240079164505005,0.018273547291755676
67,71,0.37536245584487915,0.37219148874282837,0.0031395386904478073,0.3145557641983032,0.022447947412729263
67,72,0.4536479115486145,0.4487166106700897,0.004884587600827217,0.46695610880851746,0.05211533606052399
67,73,0.7788389325141907,0.7591589689254761,0.019252225756645203,4.277418613433838,0.31421396136283875
67,74,0.8560996651649475,0.8492788076400757,0.006775174755603075,0.4564043879508972,0.08037303388118744
67,75,0.32090121507644653,0.31679898500442505,0.00403356971219182,0.6865389943122864,0.042443398386240005
67,76,0.8446546196937561,0.8264036178588867,0.017801031470298767,4.499635219573975,0.5184948444366455
67,77,0.9697317481040955,0.9428017139434814,0.02614583447575569,7.842293739318848,0.17093998193740845
67,78,0.12822501361370087,0.12724794447422028,0.0009709465084597468,0.061247680336236954,0.04174622893333435
67,79,0.12301565706729889,0.12119024991989136,0.001809607376344502,0.15799418091773987,0.08756838738918304
67,80,0.5681994557380676,0.5576030015945435,0.010362708941102028,2.337761402130127,0.24058407545089722
67,81,0.40472814440727234,0.3999830484390259,0.004680633544921875,0.6445915699005127,0.032404765486717224
67,82,1.0036225318908691,0.9717028141021729,0.030626030638813972,12.936216354370117,0.17373126745224
67,83,0.8832848072052002,0.8710243701934814,0.01196097582578659,2.994304656982422,0.10005855560302734
67,84,0.3969775438308716,0.3926101326942444,0.004254333209246397,1.1306318044662476,0.046317022293806076
67,85,0.892849326133728,0.8650798797607422,0.0266486257314682,11.208091735839844,0.12005565315485
67,86,0.023647675290703773,0.023498659953475,0.00011189504584763199,0.3712041676044464,0.006144258193671703
67,87,0.42088985443115234,0.4151814579963684,0.00554488692432642,1.6349380016326904,0.04865032434463501
67,88,0.016062075272202492,0.01595757156610489,6.866554758744314e-05,0.35837361216545105,0.0026689833030104637
67,89,0.3419947326183319,0.33664587140083313,0.005217568017542362,1.3126790523529053,0.046316638588905334
67,90,0.03806036710739136,0.03777492046356201,0.0002445569552946836,0.40887120366096497,0.01749550923705101
67,91,0.5724449157714844,0.5673247575759888,0.005094941705465317,0.2522141635417938,0.10141028463840485
67,92,0.9730321764945984,0.9474301934242249,0.024577677249908447,10.243300437927246,0.10965617746114731
67,93,0.1968095898628235,0.1947837769985199,0.0020004305988550186,0.25371313095092773,0.01686081290245056
67,94,0.8387420177459717,0.8309327363967896,0.007739400025457144,0.6982972025871277,0.12371224164962769
67,95,1.1305503845214844,1.1048240661621094,0.02513105794787407,5.9524149894714355,0.15744519233703613
67,96,0.5645869970321655,0.5452743172645569,0.018658224493265152,6.544528484344482,0.13036996126174927
67,97,0.3498222231864929,0.34665969014167786,0.003134438768029213,0.28094422817230225,0.022396329790353775
67,98,0.0227489173412323,0.022588754072785378,0.00012052911188220605,0.3963344395160675,0.0029666940681636333
67,99,0.4171065390110016,0.4104193449020386,0.006498128175735474,1.8906923532485962,0.06348323076963425
67,100,0.4049900770187378,0.3991183638572693,0.005720103159546852,1.515950083732605,0.060988038778305054
68,1,0.8385148048400879,0.8181138634681702,0.0199880488216877,4.128812313079834,0.6529771089553833
68,2,0.8673611283302307,0.8593364357948303,0.007969953119754791,0.5474101305007935,0.09088891744613647
68,3,1.008028507232666,0.9703463912010193,0.036094509065151215,15.876721382141113,0.13685181736946106
68,4,0.8628435730934143,0.8425688743591309,0.0197984017431736,4.763023376464844,0.5152918100357056
68,5,0.045602232217788696,0.045249901711940765,0.0003221365041099489,0.30192437767982483,0.015439081005752087
68,6,0.4085712432861328,0.4054790735244751,0.003051922656595707,0.4024520814418793,0.021854814141988754
68,7,0.9733520150184631,0.9516644477844238,0.02076563611626625,9.219270706176758,0.09555882960557938
68,8,0.42335981130599976,0.420674204826355,0.0026633846573531628,0.2222682684659958,0.022307101637125015
68,9,0.04433992877602577,0.04401150345802307,0.00029924046248197556,0.29184070229530334,0.016414344310760498
68,10,0.8454299569129944,0.8382948040962219,0.007073886692523956,0.6129103899002075,0.09041944146156311
68,11,1.1849068403244019,1.1546459197998047,0.029409566894173622,8.514165878295898,0.1491083949804306
68,12,0.23779070377349854,0.23636335134506226,0.0014144210144877434,0.12935231626033783,0.03840336203575134
68,13,0.4220190942287445,0.4170230031013489,0.004860617220401764,1.3548345565795898,0.03273536637425423
68,14,0.9035263061523438,0.8907562494277954,0.012602629140019417,1.674543023109436,0.11447513848543167
68,15,0.8047285676002502,0.7865950465202332,0.01780504733324051,3.2846875190734863,0.6121914386749268
68,16,0.3793713450431824,0.3764646053314209,0.0028925598599016666,0.14183881878852844,0.0277872271835804
68,17,0.046364445239305496,0.045971572399139404,0.0003533387207426131,0.3953186273574829,0.01885146275162697
68,18,0.8688346743583679,0.8597972393035889,0.008953598327934742,0.8385518193244934,0.13327020406723022
68,19,0.020865628495812416,0.020748654380440712,8.123889710986987e-05,0.3573567271232605,0.0024471241049468517
68,20,0.3993189334869385,0.39502257108688354,0.004199861548841,0.9649744033813477,0.04577178508043289
68,21,0.40564242005348206,0.4002956748008728,0.005243455991148949,1.0330065488815308,0.04690997302532196
68,22,0.014103568159043789,0.014046712778508663,3.975050276494585e-05,0.17104613780975342,0.04823749512434006
68,23,0.69123774766922,0.6847681999206543,0.006405425723642111,0.6413129568099976,0.06539814174175262
68,24,0.02713252604007721,0.027017079293727875,7.793586701154709e-05,0.3750912547111511,0.003039662493392825
68,25,0.013417004607617855,0.013379798270761967,3.763107997656334e-06,0.33442825078964233,0.0006534357089549303
68,26,0.011883447878062725,0.011816391721367836,4.8793532187119126e-05,0.18262167274951935,0.05511503666639328
68,27,0.041122034192085266,0.04074093699455261,0.000336925673764199,0.4417066276073456,0.019544152542948723
68,28,0.12832722067832947,0.12733402848243713,0.0009870447684079409,0.06159941852092743,0.04571692273020744
68,29,0.8728135228157043,0.864762008190155,0.007959786802530289,0.917572021484375,0.11085481941699982
68,30,0.8978621363639832,0.8724087476730347,0.024440163746476173,10.132107734680176,0.09419216215610504
68,31,0.23591849207878113,0.23315852880477905,0.0027337551582604647,0.26213929057121277,0.06611505150794983
68,32,1.123429536819458,1.1021299362182617,0.020844709128141403,4.549500465393066,0.14885935187339783
68,33,0.014602534472942352,0.014492422342300415,7.213276694528759e-05,0.37979498505592346,0.0019929283298552036
68,34,0.7353124618530273,0.7254946231842041,0.009719226509332657,0.9856423139572144,0.09568867087364197
68,35,0.455766886472702,0.4457574784755707,0.009772544726729393,2.3687474727630615,0.0631663054227829
68,36,0.12999464571475983,0.12800073623657227,0.001973044592887163,0.20855623483657837,0.10587413609027863
68,37,0.4142792522907257,0.407659649848938,0.00646071694791317,1.5887082815170288,0.05609670281410217
68,38,0.7947679758071899,0.7673455476760864,0.026695962995290756,7.264672756195068,0.34933486580848694
68,39,0.8124251961708069,0.792495608329773,0.01947510614991188,4.544675827026367,0.48624908924102783
68,40,1.0581738948822021,1.0329499244689941,0.024728359654545784,4.95527458190918,0.16414695978164673
68,41,0.3474307656288147,0.34396591782569885,0.0034320566337555647,0.3276929557323456,0.016454411670565605
68,42,0.8345390558242798,0.8123910427093506,0.02152300626039505,6.249910354614258,0.403269499540329
68,43,0.8789971470832825,0.8705255389213562,0.008416017517447472,0.5562065243721008,0.09864858537912369
68,44,0.13887470960617065,0.13757234811782837,0.001289531122893095,0.12833131849765778,0.07351259142160416
68,45,0.037785135209560394,0.037675581872463226,9.058358409674838e-05,0.18969778716564178,0.004151415079832077
68,46,0.4638909697532654,0.4588906764984131,0.0049425652250647545,0.577316164970398,0.06670811772346497
68,47,0.832589864730835,0.8131982684135437,0.018948793411254883,4.427903652191162,0.35555148124694824
68,48,0.8562818169593811,0.8492999076843262,0.006942398846149445,0.3953109383583069,0.08049637079238892
68,49,0.4039437174797058,0.40093785524368286,0.002963877748697996,0.4199625253677368,0.02247198298573494
68,50,0.8809991478919983,0.8726906776428223,0.008233467116951942,0.7497099041938782,0.12863484025001526
68,51,0.04281555116176605,0.042573437094688416,0.00022011638793628663,0.2199961245059967,0.01236774679273367
68,52,0.01597260870039463,0.015909487381577492,4.411904592416249e-05,0.19001860916614532,0.0013477883767336607
68,53,0.008033406920731068,0.007997734472155571,2.445001882733777e-05,0.11222022026777267,0.06738841533660889
68,54,0.4512086510658264,0.4467610716819763,0.004408610053360462,0.38972100615501404,0.05030563473701477
68,55,0.012465405277907848,0.012410452589392662,4.251542850397527e-05,0.12437012046575546,0.06848572939634323
68,56,0.04507420212030411,0.04476366192102432,0.0002815420739352703,0.28997305035591125,0.017368502914905548
68,57,0.8783798217773438,0.8532962799072266,0.024411553516983986,6.719692707061768,0.4144630432128906
68,58,0.9475261569023132,0.921089768409729,0.025732502341270447,7.038717269897461,0.6456953287124634
68,59,0.34538689255714417,0.3424277603626251,0.002913864329457283,0.45256564021110535,0.040970079600811005
68,60,0.8720805644989014,0.862857460975647,0.00914386473596096,0.7922746539115906,0.15426751971244812
68,61,0.8994412422180176,0.8875247240066528,0.011794937774538994,1.215790033340454,0.11944025009870529
68,62,0.7467990517616272,0.7381442189216614,0.008574649691581726,0.8014858961105347,0.10409362614154816
68,63,0.04975812882184982,0.0494433268904686,0.00027807752485387027,0.367236465215683,0.017934851348400116
68,64,0.4573252201080322,0.4502999186515808,0.006953639443963766,0.7167957425117493,0.0710819661617279
68,65,0.12222842127084732,0.12093868851661682,0.0012777489610016346,0.11979641765356064,0.0716383308172226
68,66,0.8976293802261353,0.8618344664573669,0.03429097682237625,15.039323806762695,0.14073431491851807
68,67,0.748306393623352,0.7408579587936401,0.007360000163316727,0.8844181895256042,0.07670710980892181
68,68,0.8359450697898865,0.8298846483230591,0.006021399516612291,0.3901609182357788,0.06582477688789368
68,69,0.02458927594125271,0.02445105090737343,0.00010419869795441628,0.34026768803596497,0.005547273904085159
68,70,0.9703243970870972,0.943333625793457,0.025889139622449875,11.016308784484863,0.10202201455831528
68,71,0.9076061248779297,0.9001079797744751,0.007441719528287649,0.5642721056938171,0.07650132477283478
68,72,0.024513661861419678,0.024367844685912132,0.0001113007019739598,0.3451601564884186,0.005951324477791786
68,73,0.8723645806312561,0.8646438717842102,0.007639130111783743,0.8158772587776184,0.1065465658903122
68,74,0.6257282495498657,0.6143436431884766,0.011150372214615345,2.342550039291382,0.2302495837211609
68,75,0.9240489602088928,0.8994489908218384,0.024039939045906067,5.600437641143799,0.5675949454307556
68,76,0.2586841285228729,0.25652042031288147,0.002141351578757167,0.22365283966064453,0.06022782623767853
68,77,0.36525383591651917,0.3626292049884796,0.002611093455925584,0.13526596128940582,0.024044761434197426
68,78,0.4642450511455536,0.45931798219680786,0.0048816814087331295,0.45396938920021057,0.06945987045764923
68,79,0.9100450873374939,0.8995051383972168,0.010416101664304733,1.2384576797485352,0.14709791541099548
68,80,0.013026460073888302,0.01294120866805315,6.404176383512095e-05,0.21209931373596191,0.07229959964752197
68,81,0.22798138856887817,0.22619447112083435,0.001773686846718192,0.13230934739112854,0.053911663591861725
68,82,1.002723217010498,0.9761520624160767,0.02573557198047638,8.355913162231445,0.16562947630882263
68,83,0.42815908789634705,0.4224441945552826,0.005561591126024723,1.5329461097717285,0.03993653506040573
68,84,0.20003940165042877,0.19791409373283386,0.002085487823933363,0.3982146084308624,0.011354818008840084
68,85,0.11317577958106995,0.11192207783460617,0.001241171732544899,0.1253519356250763,0.07582752406597137
68,86,0.018702078610658646,0.018559306859970093,0.00010090545401908457,0.41866910457611084,0.004532718099653721
68,87,0.8457651138305664,0.8265877962112427,0.018732324242591858,4.449995994567871,0.45534342527389526
68,88,0.009723128750920296,0.009633444249629974,5.16018844791688e-05,0.38082700967788696,0.00262322835624218
68,89,0.39276832342147827,0.3888356387615204,0.0038920363876968622,0.4065891206264496,0.030957944691181183
68,90,0.39106670022010803,0.3873911201953888,0.003634254913777113,0.41322454810142517,0.030802428722381592
68,91,0.3384486734867096,0.3355638086795807,0.0028587551787495613,0.26107674837112427,0.019607655704021454
68,92,0.018489032983779907,0.018351929262280464,9.654331370256841e-05,0.4056150019168854,0.004249777644872665
68,93,0.42721065878868103,0.42235296964645386,0.004805789329111576,0.5188542604446411,0.05496542900800705
68,94,0.9625073075294495,0.9322828054428101,0.029220009222626686,10.045002937316895,0.18308502435684204
68,95,0.4230380356311798,0.41588982939720154,0.006968660745769739,1.7956699132919312,0.03953398019075394
68,96,0.868419885635376,0.8606070280075073,0.007761374115943909,0.515008807182312,0.08313113451004028
68,97,0.3065817952156067,0.3042706847190857,0.002296915277838707,0.14181490242481232,0.012878329493105412
68,98,0.0440799742937088,0.04352644458413124,0.0005094747757539153,0.440537691116333,0.02645791694521904
68,99,0.846179187297821,0.8380900025367737,0.007980560883879662,1.0860110521316528,0.08442781865596771
68,100,0.23062001168727875,0.22870127856731415,0.0018989495001733303,0.1979411542415619,0.04732431471347809
69,1,0.3917204737663269,0.38869708776474,0.002997292671352625,0.26117756962776184,0.022415515035390854
69,2,0.4295162260532379,0.423139750957489,0.006205177400261164,1.7130159139633179,0.05053110420703888
69,3,0.3221934139728546,0.3199354410171509,0.002238223794847727,0.19747133553028107,0.012260542251169682
69,4,0.9854333400726318,0.9665700197219849,0.018365874886512756,4.974483013153076,0.1508275270462036
69,5,0.036786727607250214,0.03652304783463478,0.0002271336707053706,0.3654446303844452,0.01733192801475525
69,6,0.7659897804260254,0.7443281412124634,0.021199997514486313,4.616148471832275,0.3426404893398285
69,7,0.7645620107650757,0.7565205097198486,0.00796195212751627,0.7955417037010193,0.09548280388116837
69,8,0.019589314237236977,0.019463390111923218,9.142718045040965e-05,0.344967782497406,0.00317041901871562
69,9,1.0897020101547241,1.0659434795379639,0.02324024587869644,5.183012962341309,0.1751014143228531
69,10,0.9498291015625,0.9250884056091309,0.02401694282889366,7.237833499908447,0.18652692437171936
69,11,0.30655521154403687,0.30411970615386963,0.002420633565634489,0.14862549304962158,0.012894751504063606
69,12,0.8352188467979431,0.8278229236602783,0.007358667440712452,0.37255480885505676,0.08780089020729065
69,13,0.39283743500709534,0.38955754041671753,0.003250676905736327,0.29205775260925293,0.03200116753578186
69,14,0.9931319952011108,0.9670326709747314,0.025175239890813828,9.241366386413574,0.14800097048282623
69,15,0.8632615208625793,0.855339527130127,0.007850510999560356,0.7146479487419128,0.1288759559392929
69,16,0.40955671668052673,0.4044339060783386,0.004980411380529404,1.424026370048523,0.038271304219961166
69,17,0.631246030330658,0.6173326969146729,0.013643665239214897,2.696385383605957,0.2763802409172058
69,18,1.1179536581039429,1.0811246633529663,0.03529088571667671,15.381264686584473,0.15345634520053864
69,19,0.011056742630898952,0.010981961153447628,5.533769217436202e-05,0.19444608688354492,0.061627089977264404
69,20,1.0878572463989258,1.060500144958496,0.026682084426283836,6.749602317810059,0.14621859788894653
69,21,0.7137356996536255,0.7052360773086548,0.008410573936998844,0.8906195759773254,0.08562089502811432
69,22,0.13010165095329285,0.12754157185554504,0.0025290013290941715,0.31089332699775696,0.09937962889671326
69,23,0.8937423825263977,0.8820898532867432,0.011533430777490139,1.1908228397369385,0.13771197199821472
69,24,0.8820868134498596,0.8703542947769165,0.011593999341130257,1.3853795528411865,0.13096991181373596
69,25,0.12512756884098053,0.12326909601688385,0.0018371915211901069,0.21280966699123383,0.08660587668418884
69,26,0.8372973203659058,0.8276593685150146,0.009536025114357471,1.0190023183822632,0.1099901795387268
69,27,0.026600521057844162,0.02641954831779003,0.00014396682672668248,0.3700520694255829,0.007934486493468285
69,28,0.18721745908260345,0.18583858013153076,0.0013570146402344108,0.2186071127653122,0.009885549545288086
69,29,0.12068925052881241,0.11926035583019257,0.0014137852704152465,0.15106500685214996,0.07715759426355362
69,30,0.011844387277960777,0.011762207373976707,6.224621029105037e-05,0.1993408203125,0.05631794035434723
69,31,0.9279382824897766,0.9177749752998352,0.010047963820397854,1.1531994342803955,0.08280853927135468
69,32,0.03863165155053139,0.03834671527147293,0.00024806056171655655,0.36876437067985535,0.017200812697410583
69,33,0.4183349311351776,0.4142804443836212,0.0040185581892728806,0.35928598046302795,0.03891000151634216
69,34,0.4455927908420563,0.4409850835800171,0.004548603668808937,0.5909475684165955,0.048499274998903275
69,35,0.9013345241546631,0.8906314373016357,0.0105816088616848,1.2149606943130493,0.13241708278656006
69,36,0.4418288767337799,0.4333938658237457,0.008219750598073006,2.152482271194458,0.04184085875749588
69,37,0.6261225342750549,0.6074710488319397,0.018210433423519135,4.410543918609619,0.2726970911026001
69,38,1.060304880142212,1.0352500677108765,0.024388089776039124,6.667893886566162,0.1535700559616089
69,39,0.42351219058036804,0.41996440291404724,0.00350765697658062,0.40153685212135315,0.03781961277127266
69,40,1.187376856803894,1.1593568325042725,0.027344077825546265,6.759698867797852,0.17105528712272644
69,41,0.23390468955039978,0.2323630005121231,0.0015304365660995245,0.11246953159570694,0.05274129658937454
69,42,0.37260955572128296,0.3702535927295685,0.002345315646380186,0.10640549659729004,0.025660870596766472
69,43,0.5568364262580872,0.5509476065635681,0.005784808658063412,1.040183186531067,0.24469135701656342
69,44,0.01944480836391449,0.01934405416250229,7.706959149800241e-05,0.2368534505367279,0.0019945837557315826
69,45,0.40602216124534607,0.4030969440937042,0.0028913267888128757,0.3388700783252716,0.03168622404336929
69,46,0.8108631372451782,0.800430417060852,0.010236229747533798,1.9649068117141724,0.5166953802108765
69,47,0.8413801193237305,0.835680365562439,0.0056526195257902145,0.47170335054397583,0.12381720542907715
69,48,0.972686231136322,0.9459753036499023,0.02553849294781685,11.723942756652832,0.11886649578809738
69,49,0.1942489743232727,0.19311311841011047,0.0011189550859853625,0.16899023950099945,0.010071104392409325
69,50,0.6992705464363098,0.6936542391777039,0.005562232807278633,0.5409029722213745,0.07991170883178711
69,51,1.1028536558151245,1.0797593593597412,0.022476069629192352,6.181602478027344,0.15997597575187683
69,52,0.04289731755852699,0.042596764862537384,0.0002700494951568544,0.30500856041908264,0.014597473666071892
69,53,0.8089936375617981,0.7811368703842163,0.02721322327852249,6.435703754425049,0.34858012199401855
69,54,0.3807786703109741,0.37819644808769226,0.0025586800184100866,0.2353585660457611,0.019405145198106766
69,55,0.8697479963302612,0.8613289594650269,0.008360137231647968,0.5891469120979309,0.08639591932296753
69,56,0.024383505806326866,0.024275869131088257,7.800100138410926e-05,0.29635870456695557,0.003586175851523876
69,57,0.8466363549232483,0.8104157447814941,0.035269223153591156,9.514375686645508,0.3211628198623657
69,58,1.0059621334075928,0.9770835041999817,0.027864545583724976,10.141359329223633,0.15022990107536316
69,59,0.04121939092874527,0.040831562131643295,0.0003535493742674589,0.342802494764328,0.019124925136566162
69,60,1.1814075708389282,1.159902811050415,0.021012788638472557,4.9196457862854,0.15479829907417297
69,61,0.23412328958511353,0.23255494236946106,0.00155210355296731,0.1624133139848709,0.049190208315849304
69,62,0.79564368724823,0.7794640064239502,0.015836214646697044,3.434330463409424,0.3794727325439453
69,63,1.138206958770752,1.0834147930145264,0.05277085304260254,20.213245391845703,0.2306843101978302
69,64,0.8194657564163208,0.8065462112426758,0.01268773339688778,2.3177874088287354,0.6399625539779663
69,65,0.3761870265007019,0.37333714962005615,0.0028310013003647327,0.18850231170654297,0.025291001424193382
69,66,0.6081950068473816,0.5982990860939026,0.009705335833132267,1.9054700136184692,0.25453293323516846
69,67,0.8436444401741028,0.8157957196235657,0.027079714462161064,7.690291881561279,0.3840438723564148
69,68,0.8234919905662537,0.8002124428749084,0.02267577312886715,6.037816047668457,0.3576788008213043
69,69,0.019967325031757355,0.019839778542518616,9.177060564979911e-05,0.35775917768478394,0.0027739359065890312
69,70,0.04164296016097069,0.0412772074341774,0.0003255900810472667,0.4016249477863312,0.019851885735988617
69,71,0.22613587975502014,0.2244427651166916,0.001673645805567503,0.1946929544210434,0.04652322456240654
69,72,0.12885084748268127,0.12799757719039917,0.0008469594176858664,0.0631631389260292,0.03907719999551773
69,73,0.46524378657341003,0.45733726024627686,0.007822403684258461,0.8411915302276611,0.06781275570392609
69,74,0.7907885313034058,0.7657460570335388,0.024077948182821274,9.645108222961426,0.11815181374549866
69,75,0.8281589150428772,0.8193141222000122,0.008762266486883163,0.8254694938659668,0.09494438022375107
69,76,0.025480123236775398,0.02530491352081299,0.00013482876238413155,0.4037945866584778,0.0070925187319517136
69,77,0.3451097309589386,0.3414998948574066,0.003571487497538328,0.3836376965045929,0.020257774740457535
69,78,0.42926985025405884,0.42505961656570435,0.00416458398103714,0.4566780924797058,0.03343849629163742
69,79,0.01436733826994896,0.014255698770284653,7.316087430808693e-05,0.3847821056842804,0.002030300907790661
69,80,0.23608484864234924,0.2339879870414734,0.0020753464195877314,0.21518462896347046,0.057284653186798096
69,81,0.3271528482437134,0.32382625341415405,0.0032942919060587883,0.3229510188102722,0.020362084731459618
69,82,0.3365858197212219,0.33299538493156433,0.003523958846926689,0.6647518873214722,0.04979661852121353
69,83,0.04415813833475113,0.043707381933927536,0.00040883422479964793,0.41919445991516113,0.021529976278543472
69,84,0.596899688243866,0.5848640203475952,0.011785227805376053,2.504857063293457,0.2477806806564331
69,85,0.377032995223999,0.3742658495903015,0.002752871485427022,0.14269287884235382,0.024894563481211662
69,86,0.023640882223844528,0.023501597344875336,0.00010547517740633339,0.33809223771095276,0.0054346853867173195
69,87,0.018939046189188957,0.018830176442861557,7.62016061344184e-05,0.32669174671173096,0.002387004205957055
69,88,0.33579200506210327,0.3333612084388733,0.0024088991340249777,0.21892613172531128,0.015162121504545212
69,89,0.9734535813331604,0.9428142309188843,0.029380597174167633,12.587374687194824,0.10411852598190308
69,90,0.9132559895515442,0.9042909145355225,0.008864033967256546,1.0103453397750854,0.10921663045883179
69,91,0.397123783826828,0.3947933614253998,0.0023078108206391335,0.2260608673095703,0.024290695786476135
69,92,1.1025584936141968,1.0787266492843628,0.023370079696178436,4.618282318115234,0.14489038288593292
69,93,0.23034638166427612,0.22877949476242065,0.0015491589438170195,0.17725005745887756,0.040130872279405594
69,94,0.1954537183046341,0.1942560374736786,0.001174616045318544,0.2306404709815979,0.01005929708480835
69,95,0.040518973022699356,0.04021834582090378,0.00026847681147046387,0.32148903608322144,0.017452873289585114
69,96,1.1311004161834717,1.10481595993042,0.025663889944553375,6.206509113311768,0.15863576531410217
69,97,0.9470791816711426,0.9140405654907227,0.03158705681562424,14.515450477600098,0.13372427225112915
69,98,0.025923943147063255,0.02577587217092514,0.00011632366658886895,0.3174687325954437,0.0063621886074543
69,99,0.7016139030456543,0.6951806545257568,0.0063829123973846436,0.502822756767273,0.08824111521244049
69,100,0.025181254372000694,0.025038499385118484,0.00010928029951173812,0.3347560167312622,0.006204100325703621
70,1,0.4424898326396942,0.4379202723503113,0.004530197009444237,0.3936632573604584,0.06897109746932983
70,2,0.39594340324401855,0.3919984698295593,0.0038510437589138746,0.9389199614524841,0.04935977980494499
70,3,0.8643092513084412,0.8567767143249512,0.007454897742718458,0.7765772938728333,0.1256127953529358
70,4,0.013423724099993706,0.013355344533920288,5.1309907576069236e-05,0.17069560289382935,0.04922153800725937
70,5,0.12806379795074463,0.12724736332893372,0.0008115591481328011,0.048723798245191574,0.041260622441768646
70,6,0.9280548095703125,0.9004310965538025,0.02647531032562256,11.48413372039795,0.1051192581653595
70,7,0.12099558115005493,0.12028919160366058,0.0007020095363259315,0.04383482411503792,0.034701794385910034
70,8,0.8621739149093628,0.8413950204849243,0.020287329331040382,4.915781021118164,0.49022018909454346
70,9,0.040511537343263626,0.04021263122558594,0.0002600073057692498,0.3889915943145752,0.017713820561766624
70,10,0.8223114013671875,0.8000620603561401,0.02175305411219597,4.962713718414307,0.3471536636352539
70,11,0.011564143933355808,0.011498937383294106,4.7583649575244635e-05,0.1762222945690155,0.05471502244472504
70,12,1.0999191999435425,1.0606273412704468,0.03800145536661148,12.903985023498535,0.19312183558940887
70,13,0.42298585176467896,0.41650229692459106,0.006318028084933758,1.6551718711853027,0.036391809582710266
70,14,0.015358594246208668,0.015254962258040905,6.919240695424378e-05,0.3443945050239563,0.003378188004717231
70,15,0.3811543583869934,0.3759508728981018,0.005095913074910641,1.0759294033050537,0.04443091154098511
70,16,1.0975701808929443,1.0700030326843262,0.02697022072970867,5.968807220458984,0.2144637107849121
70,17,0.014817921444773674,0.01471804641187191,6.630148709518835e-05,0.3357350826263428,0.0033937436528503895
70,18,0.5971522927284241,0.5886905193328857,0.008302679285407066,1.5910131931304932,0.27707725763320923
70,19,0.1338203102350235,0.13224318623542786,0.001561456243507564,0.15653806924819946,0.09863359481096268
70,20,0.834019660949707,0.8181368112564087,0.015548216179013252,3.346364974975586,0.5665299892425537
70,21,0.0391283743083477,0.03879912942647934,0.0002924975415226072,0.3674617111682892,0.021634478121995926
70,22,0.010595979169011116,0.010534614324569702,4.3871401430806145e-05,0.17493055760860443,0.05842012166976929
70,23,0.37717872858047485,0.37372785806655884,0.0034003290347754955,0.5054047703742981,0.026920296251773834
70,24,0.6385461091995239,0.628049373626709,0.010259878821671009,2.3686108589172363,0.22248314321041107
70,25,0.3394743800163269,0.3352264165878296,0.004173653665930033,0.7429874539375305,0.04124872758984566
70,26,0.19514790177345276,0.19342437386512756,0.0016985302790999413,0.25010648369789124,0.010712582617998123
70,27,0.40952637791633606,0.4057217240333557,0.003774801269173622,0.2986035943031311,0.047682635486125946
70,28,0.5880070924758911,0.5776808857917786,0.0101296566426754,1.965928316116333,0.22611042857170105
70,29,0.9834234714508057,0.9601624011993408,0.022556433454155922,7.046271324157715,0.14812517166137695
70,30,1.0945994853973389,1.0774130821228027,0.016827499493956566,3.588965654373169,0.12059272825717926
70,31,0.4565623700618744,0.45096755027770996,0.005536971613764763,0.5785283446311951,0.0724324956536293
70,32,0.09507014602422714,0.09451474249362946,0.0005513098440133035,0.040872830897569656,0.020591024309396744
70,33,1.1839772462844849,1.1507047414779663,0.03231803700327873,9.545615196228027,0.17795932292938232
70,34,0.8358928561210632,0.815993070602417,0.019416023045778275,4.837716102600098,0.18513256311416626
70,35,0.33856895565986633,0.3315449357032776,0.006945774890482426,0.7823449373245239,0.07083579897880554
70,36,0.42681705951690674,0.4171815812587738,0.009431041777133942,2.044355869293213,0.04600691795349121
70,37,0.9098142385482788,0.9003458023071289,0.00938909500837326,0.7934144735336304,0.1008799821138382
70,38,0.379896342754364,0.37700170278549194,0.0028796945698559284,0.1492796540260315,0.024319712072610855
70,39,0.84168940782547,0.8357387781143188,0.005915326997637749,0.35299623012542725,0.06727473437786102
70,40,0.611268937587738,0.601833701133728,0.009256897494196892,1.7832343578338623,0.19777129590511322
70,41,1.0314438343048096,1.0054047107696533,0.02522394433617592,8.152081489562988,0.1325143724679947
70,42,0.23716355860233307,0.23572301864624023,0.0014273718697950244,0.13177600502967834,0.040502022951841354
70,43,0.12225064635276794,0.12151937186717987,0.0007261158898472786,0.051543764770030975,0.03638475760817528
70,44,0.23404304683208466,0.23269307613372803,0.0013400588650256395,0.0991329550743103,0.0425758883357048
70,45,0.4326402544975281,0.42976993322372437,0.0028431005775928497,0.2721797525882721,0.02726093865931034
70,46,0.9315022230148315,0.9035493731498718,0.02663416415452957,13.186744689941406,0.10367283225059509
70,47,0.22252483665943146,0.22109925746917725,0.0014134657103568316,0.12112732231616974,0.04594596102833748
70,48,0.7889308333396912,0.7679399251937866,0.02053425833582878,4.566248416900635,0.39600440859794617
70,49,0.12893874943256378,0.1281505525112152,0.000782438088208437,0.05746898800134659,0.045353591442108154
70,50,0.024590695276856422,0.024412447586655617,0.00013662857236340642,0.41619235277175903,0.008069848641753197
70,51,0.22874809801578522,0.22724758088588715,0.001489673275500536,0.10851026326417923,0.05074774846434593
70,52,0.04319240525364876,0.042811594903469086,0.0003363086434546858,0.44502514600753784,0.023630741983652115
70,53,0.8521679639816284,0.842769980430603,0.00933755375444889,0.6042945981025696,0.1087007001042366
70,54,0.36064285039901733,0.3582839369773865,0.002348045352846384,0.10879917442798615,0.022771311923861504
70,55,0.8810203671455383,0.8506311774253845,0.029617173597216606,7.720205783843994,0.6689502000808716
70,56,0.012296520173549652,0.012212326750159264,6.453618698287755e-05,0.196573868393898,0.05745936930179596
70,57,0.9280552864074707,0.9045788049697876,0.022598890587687492,8.776481628417969,0.11520729213953018
70,58,0.43303805589675903,0.4275439381599426,0.005328860133886337,1.6525213718414307,0.042551472783088684
70,59,0.011698669753968716,0.011628612875938416,5.271122790873051e-05,0.17346331477165222,0.04720307141542435
70,60,0.026169585064053535,0.026006009429693222,0.0001305591140408069,0.33017247915267944,0.008126463741064072
70,61,0.663749635219574,0.6593067646026611,0.004403671249747276,0.39242348074913025,0.047667309641838074
70,62,1.0621224641799927,1.0383810997009277,0.02303803712129593,7.033143997192383,0.14240750670433044
70,63,0.011824656277894974,0.011747022159397602,6.0330381529638544e-05,0.1730438768863678,0.052966900169849396
70,64,0.012306254357099533,0.01222928799688816,5.923616481595673e-05,0.17730148136615753,0.05637896806001663
70,65,0.12499456852674484,0.12414399534463882,0.0008452464244328439,0.05329693853855133,0.04589017108082771
70,66,0.3242574632167816,0.32190531492233276,0.002330038696527481,0.22117456793785095,0.01372222974896431
70,67,0.44770383834838867,0.44021326303482056,0.007320590317249298,1.69986891746521,0.04136478155851364
70,68,0.9704613089561462,0.9304448366165161,0.03830188512802124,17.145885467529297,0.15400825440883636
70,69,0.9810823798179626,0.9487117528915405,0.03095012530684471,14.204974174499512,0.16124403476715088
70,70,0.4080749452114105,0.4028558135032654,0.005112981423735619,1.061468243598938,0.061340127140283585
70,71,0.23945963382720947,0.2375393807888031,0.00190156907774508,0.18692362308502197,0.06662377715110779
70,72,0.12319032102823257,0.12161785364151001,0.0015566730871796608,0.1579788327217102,0.09560118615627289
70,73,0.6011741757392883,0.5907557010650635,0.01020953617990017,2.0890846252441406,0.2332921028137207
70,74,0.3399820327758789,0.3367921710014343,0.0031629945151507854,0.2688256800174713,0.0162632018327713
70,75,1.1196550130844116,1.098354697227478,0.02082524634897709,4.749959945678711,0.12708540260791779
70,76,0.3294544517993927,0.32641834020614624,0.002974469680339098,0.6162128448486328,0.03689153492450714
70,77,0.8450000882148743,0.8374089598655701,0.00754823163151741,0.4293362498283386,0.07800813019275665
70,78,0.2364627867937088,0.23466919362545013,0.0017740456387400627,0.1955593228340149,0.043687425553798676
70,79,1.113316535949707,1.089296579360962,0.02342352271080017,5.964137554168701,0.1529320478439331
70,80,1.007370948791504,0.9894113540649414,0.01762370951473713,3.359828233718872,0.1392952799797058
70,81,0.026151807978749275,0.025994911789894104,0.00012597361637745053,0.3092101514339447,0.005585082806646824
70,82,0.432553768157959,0.42556747794151306,0.006813425105065107,1.7285487651824951,0.06018777936697006
70,83,0.01653805933892727,0.016438934952020645,7.108721911208704e-05,0.2803645133972168,0.0014919345267117023
70,84,0.02610531635582447,0.0259526539593935,0.0001221564452862367,0.30506494641304016,0.0050382125191390514
70,85,0.2377537339925766,0.23569943010807037,0.0020380252972245216,0.16279344260692596,0.020668301731348038
70,86,0.3258001208305359,0.32167473435401917,0.0040644011460244656,0.6096477508544922,0.019717659801244736
70,87,0.0023523608688265085,0.00232263607904315,3.3226885989279253e-06,0.2640214264392853,0.000465128367068246
70,88,0.12192045897245407,0.1202920600771904,0.0016118758358061314,0.16527099907398224,0.10658787935972214
70,89,0.026385869830846786,0.026222139596939087,0.00012998517195228487,0.33746063709259033,0.006083101965487003
70,90,0.46349355578422546,0.45685938000679016,0.006573548074811697,0.6062474250793457,0.07574562728404999
70,91,0.7565447092056274,0.7465147972106934,0.00991867110133171,1.1123024225234985,0.10677279531955719
70,92,0.1221778616309166,0.1213863268494606,0.0007866751402616501,0.04854191094636917,0.041578348726034164
70,93,0.8613914251327515,0.8460454940795898,0.014967123977839947,3.787700891494751,0.08494988083839417
70,94,0.8757192492485046,0.8497655987739563,0.025281332433223724,6.723667621612549,0.3422237038612366
70,95,0.13128474354743958,0.12990564107894897,0.0013661010889336467,0.13005536794662476,0.07433488965034485
70,96,0.21876297891139984,0.2171904444694519,0.0015571920666843653,0.15345296263694763,0.047378987073898315
70,97,0.42251649498939514,0.41798946261405945,0.004417230375111103,1.0979628562927246,0.034341201186180115
70,98,0.39861270785331726,0.3954954147338867,0.0030844875145703554,0.3282598853111267,0.02856544405221939
70,99,0.2254025936126709,0.22382399439811707,0.0015612841816619039,0.17312052845954895,0.04769916087388992
70,100,0.01129588671028614,0.011229559779167175,4.953907773597166e-05,0.16787578165531158,0.055519819259643555
71,1,0.3906056582927704,0.3876150846481323,0.002967793494462967,0.2277631014585495,0.03010636195540428
71,2,0.8930267095565796,0.8841663002967834,0.008786816149950027,0.73635333776474,0.12072380632162094
71,3,0.018973669037222862,0.018846698105335236,8.886009163688868e-05,0.3811219334602356,0.00395234813913703
71,4,0.392951101064682,0.3890852928161621,0.003825914580374956,0.3990207016468048,0.052868470549583435
71,5,0.010354128666222095,0.010263945907354355,5.392472303356044e-05,0.36257821321487427,0.0025890697725117207
71,6,0.8704686164855957,0.8398430347442627,0.029920928180217743,7.0464372634887695,0.44017478823661804
71,7,0.41798773407936096,0.41172823309898376,0.006086219102144241,1.7328284978866577,0.04650048911571503
71,8,0.014756842516362667,0.014643028378486633,7.651695341337472e-05,0.3729778528213501,0.0029246085323393345
71,9,0.024841053411364555,0.024648386985063553,0.00015403352153953165,0.38634049892425537,0.008359167724847794
71,10,0.17722828686237335,0.17583543062210083,0.0013757235137745738,0.1712978184223175,0.012301076203584671
71,11,0.19315968453884125,0.19145210087299347,0.0016854084096848965,0.22169016301631927,0.013256529346108437
71,12,0.6011122465133667,0.590139627456665,0.01075235940515995,2.202648878097534,0.22981983423233032
71,13,0.3761519491672516,0.37335914373397827,0.0027785655111074448,0.142387256026268,0.02370915561914444
71,14,0.8689762353897095,0.8475046157836914,0.020910322666168213,5.613173007965088,0.4656304121017456
71,15,0.7934077382087708,0.772117555141449,0.02074650302529335,5.43666410446167,0.32056868076324463
71,16,0.8317925930023193,0.8135943412780762,0.017814934253692627,3.8333654403686523,0.48711490631103516
71,17,0.12708230316638947,0.12613695859909058,0.0009397466201335192,0.05607767403125763,0.04424408823251724
71,18,0.8356191515922546,0.8276970982551575,0.007882066071033478,0.3999272584915161,0.08521179109811783
71,19,0.02019069343805313,0.02007027342915535,8.848735160427168e-05,0.3193388283252716,0.0030233259312808514
71,20,0.4078477919101715,0.4029480516910553,0.004779769107699394,1.19998037815094,0.05128634721040726
71,21,0.4052852988243103,0.4007704257965088,0.004456032998859882,0.5883421301841736,0.0346573069691658
71,22,0.9090023040771484,0.8983281850814819,0.010594673454761505,0.7945513725280762,0.12329654395580292
71,23,0.43071576952934265,0.42328882217407227,0.007197270635515451,2.2969446182250977,0.059557825326919556
71,24,0.19455674290657043,0.19289585947990417,0.0016367046628147364,0.2419103980064392,0.011910608969628811
71,25,0.22265908122062683,0.22079046070575714,0.001852344605140388,0.16269275546073914,0.05065798759460449
71,26,0.9379989504814148,0.9016054272651672,0.03480788320302963,15.856836318969727,0.129158154129982
71,27,1.1284931898117065,1.1008402109146118,0.027015717700123787,6.372452259063721,0.19109803438186646
71,28,0.44585976004600525,0.44156864285469055,0.0042546214535832405,0.3651826083660126,0.05335434153676033
71,29,0.8133103251457214,0.7947870492935181,0.018083762377500534,4.395236492156982,0.66098952293396
71,30,0.42600250244140625,0.42260026931762695,0.0033690875861793756,0.3312743902206421,0.04501078277826309
71,31,0.12430132180452347,0.12351012974977493,0.0007862114580348134,0.0497337281703949,0.041903868317604065
71,32,0.9076753854751587,0.8938080072402954,0.013404829427599907,4.625266075134277,0.08536621183156967
71,33,0.3759988844394684,0.3728092908859253,0.0031453054398298264,0.4429875910282135,0.036815062165260315
71,34,0.02007746696472168,0.019954781979322433,9.055488771991804e-05,0.32129743695259094,0.0026089174207299948
71,35,0.04253443703055382,0.042137354612350464,0.00035873803426511586,0.3834490478038788,0.020308811217546463
71,36,0.11868708580732346,0.11747796088457108,0.0011969131883233786,0.12214864790439606,0.08261184394359589
71,37,0.3736758232116699,0.37105244398117065,0.002609211951494217,0.14156976342201233,0.023447364568710327
71,38,0.12168928980827332,0.1202300488948822,0.0014449144946411252,0.14324383437633514,0.08897840976715088
71,39,0.596160352230072,0.5863965749740601,0.009572600945830345,1.911523699760437,0.24876117706298828
71,40,0.025231920182704926,0.02506422996520996,0.0001307476486545056,0.3694159686565399,0.006366579793393612
71,41,0.026036817580461502,0.025855623185634613,0.0001442349748685956,0.36959242820739746,0.006583743263036013
71,42,0.8526186943054199,0.8462882041931152,0.0062895044684410095,0.4102141261100769,0.07048235088586807
71,43,0.020162874832749367,0.020013371482491493,0.00011400361836422235,0.35500800609588623,0.0029499700758606195
71,44,0.011452680453658104,0.011376675218343735,5.7321311032865196e-05,0.18684080243110657,0.05885137617588043
71,45,0.38334769010543823,0.3803243637084961,0.002998101059347391,0.25214457511901855,0.029578696936368942
71,46,0.3103330433368683,0.3074330985546112,0.002861760091036558,0.3818397521972656,0.04206294193863869
71,47,0.9028950333595276,0.8940658569335938,0.008729430846869946,0.9974184036254883,0.11901667714118958
71,48,0.9134370684623718,0.8963582515716553,0.01672659069299698,3.5219571590423584,0.4788818359375
71,49,1.082123041152954,1.0612668991088867,0.02035822905600071,4.979163646697998,0.1301569640636444
71,50,0.02466016635298729,0.02450007200241089,0.00012480780424084514,0.3528560400009155,0.007542540319263935
71,51,0.8370095491409302,0.8125485181808472,0.023839665576815605,6.213866710662842,0.43606114387512207
71,52,0.8323194980621338,0.8158568739891052,0.016057442873716354,4.052130699157715,0.176832377910614
71,53,0.4239392876625061,0.4188583195209503,0.0050193737260997295,0.6159461140632629,0.04467214643955231
71,54,0.4229200482368469,0.4150593876838684,0.007643247954547405,2.174055337905884,0.04487166553735733
71,55,0.011629467830061913,0.011559154838323593,5.260830221232027e-05,0.1770462840795517,0.06921271979808807
71,56,0.2228275090456009,0.22089597582817078,0.0019120329525321722,0.1951054036617279,0.048411596566438675
71,57,0.27683261036872864,0.27517348527908325,0.0016528447158634663,0.06281930208206177,0.0546901598572731
71,58,0.6950432658195496,0.6867575645446777,0.00820952095091343,0.761626660823822,0.09603101015090942
71,59,0.43640831112861633,0.4305267930030823,0.005763360299170017,1.181564211845398,0.038682982325553894
71,60,0.12520726025104523,0.12372129410505295,0.0014697875594720244,0.16183722019195557,0.10195150971412659
71,61,0.22128023207187653,0.2194513976573944,0.0018123405752703547,0.16495592892169952,0.05263574421405792
71,62,0.8295381665229797,0.8014160394668579,0.02728092111647129,8.412233352661133,0.40080755949020386
71,63,0.01896079257130623,0.01882142946124077,0.00010162465332541615,0.37739670276641846,0.003745775204151869
71,64,0.12842004001140594,0.12747667729854584,0.0009365158621221781,0.06840755045413971,0.046756792813539505
71,65,0.014279983937740326,0.014187313616275787,5.700361361959949e-05,0.35666531324386597,0.002384793944656849
71,66,0.04244820028543472,0.04202697426080704,0.00037890076055191457,0.4232572913169861,0.02220449596643448
71,67,0.11863178014755249,0.11721903085708618,0.0013998758513480425,0.128752663731575,0.08427205681800842
71,68,0.9696081280708313,0.9453091621398926,0.023252146318554878,10.46823501586914,0.11977505683898926
71,69,0.011339289136230946,0.011256377212703228,6.44471583655104e-05,0.1846429407596588,0.05708815157413483
71,70,0.8955940008163452,0.8707298040390015,0.024298861622810364,5.653761386871338,0.5521934032440186
71,71,0.5926003456115723,0.5816971063613892,0.010655418038368225,2.4782779216766357,0.24528518319129944
71,72,0.36577799916267395,0.3632378578186035,0.002526402473449707,0.1373087465763092,0.021701574325561523
71,73,0.011344688013195992,0.011269619688391685,5.761353168054484e-05,0.1745471954345703,0.05541383475065231
71,74,0.9132750034332275,0.8921809792518616,0.020304890349507332,7.890931606292725,0.11591781675815582
71,75,0.37701958417892456,0.3743070363998413,0.0026916975621134043,0.20863285660743713,0.024040278047323227
71,76,0.019107136875391006,0.018971364945173264,0.00010302448936272413,0.32747799158096313,0.0020520430989563465
71,77,0.012527689337730408,0.012448756024241447,6.277057400438935e-05,0.16163432598114014,0.05026242136955261
71,78,0.8769355416297913,0.867830753326416,0.008992059156298637,1.1273523569107056,0.11137991398572922
71,79,0.8653923869132996,0.8585474491119385,0.006800887640565634,0.4402012228965759,0.07935727387666702
71,80,0.014100094325840473,0.013997616246342659,7.263185398187488e-05,0.2984601855278015,0.001381895737722516
71,81,0.014262324199080467,0.014162527397274971,6.943944026716053e-05,0.30357101559638977,0.001664455747231841
71,82,0.040510013699531555,0.04014130309224129,0.00033316496410407126,0.35547783970832825,0.01999150961637497
71,83,0.12284563481807709,0.12139485031366348,0.0014365492388606071,0.142408087849617,0.09202593564987183
71,84,0.3799821436405182,0.3757309317588806,0.00414902763441205,1.0220595598220825,0.042468853294849396
71,85,0.04373256117105484,0.043261073529720306,0.00043349285260774195,0.3799525201320648,0.02146073989570141
71,86,0.12770633399486542,0.12610629200935364,0.0015855287201702595,0.1451960802078247,0.0996411144733429
71,87,0.12725210189819336,0.12553375959396362,0.0017014072509482503,0.16929540038108826,0.09911131858825684
71,88,0.1998876929283142,0.19823908805847168,0.0016128957504406571,0.35700273513793945,0.013312486000359058
71,89,0.4210866391658783,0.4148556590080261,0.006029832176864147,2.011256217956543,0.04680037498474121
71,90,0.8889846205711365,0.879692018032074,0.00922001525759697,0.7258332371711731,0.09891811013221741
71,91,0.23000840842723846,0.22819480299949646,0.001794391660951078,0.1920941323041916,0.04956810176372528
71,92,0.11977595835924149,0.11839531362056732,0.0013679272960871458,0.12715354561805725,0.08509831130504608
71,93,0.8952580690383911,0.8724895119667053,0.022175366058945656,5.931885242462158,0.5302011966705322
71,94,0.9197887778282166,0.8969194889068604,0.02183512970805168,10.341301918029785,0.1302829086780548
71,95,0.02482496201992035,0.024630798026919365,0.00015752737817820162,0.3663645088672638,0.007147735916078091
71,96,0.12836194038391113,0.12753379344940186,0.0008231094107031822,0.05040030553936958,0.03827660530805588
71,97,0.6781759858131409,0.6715680360794067,0.006550971884280443,0.5696309208869934,0.06399370729923248
71,98,0.023555144667625427,0.023450138047337532,9.861339640337974e-05,0.06391920894384384,0.005249905399978161
71,99,0.4094431400299072,0.4043998122215271,0.0049969470128417015,0.46385809779167175,0.05287539213895798
71,100,0.013531314209103584,0.013411803171038628,7.827146328054368e-05,0.41239553689956665,0.0021690241992473602
72,1,0.8400404453277588,0.8321243524551392,0.007872091606259346,0.4400253891944885,0.0794430822134018
72,2,0.3777301013469696,0.37487566471099854,0.0028316890820860863,0.2273719161748886,0.023904331028461456
72,3,0.34567791223526,0.34235718846321106,0.0032879728823900223,0.32763245701789856,0.017312806099653244
72,4,0.5910347700119019,0.5787076950073242,0.01204819418489933,2.788756847381592,0.24970266222953796
72,5,0.8716034293174744,0.8614710569381714,0.01001704391092062,1.1532329320907593,0.1223587840795517
72,6,0.8669295907020569,0.8562620878219604,0.010514430701732635,1.5304725170135498,0.11971250176429749
72,7,0.813789427280426,0.791309118270874,0.021907055750489235,5.7325520515441895,0.38533395528793335
72,8,0.3564085364341736,0.3537047207355499,0.0026899781078100204,0.13832524418830872,0.020952394232153893
72,9,0.8436813354492188,0.8362514972686768,0.007388136349618435,0.417187362909317,0.08346380293369293
72,10,0.33709654211997986,0.33419790863990784,0.00287227681837976,0.2635478675365448,0.016729120165109634
72,11,1.131458044052124,1.1061246395111084,0.024709831923246384,6.23622465133667,0.16993045806884766
72,12,0.22516457736492157,0.22339917719364166,0.0017458554357290268,0.19550275802612305,0.05559056997299194
72,13,0.19984345138072968,0.19820347428321838,0.001605564379133284,0.34406834840774536,0.01346409972757101
72,14,0.7204281687736511,0.714476466178894,0.005893210880458355,0.5849063992500305,0.07988424599170685
72,15,0.7060205936431885,0.6994192600250244,0.006544727832078934,0.5661525130271912,0.07673728466033936
72,16,0.41570746898651123,0.4103601574897766,0.005221229046583176,1.2608479261398315,0.044888898730278015
72,17,0.8420647382736206,0.8235186338424683,0.01810242049396038,4.436773300170898,0.5445848107337952
72,18,0.3390809893608093,0.33517947793006897,0.0038353579584509134,0.6615237593650818,0.04352929815649986
72,19,0.9598817229270935,0.9462331533432007,0.013419153168797493,2.2940640449523926,0.15276914834976196
72,20,0.3419509828090668,0.33880072832107544,0.00311083672568202,0.3941749334335327,0.016564566642045975
72,21,0.46833211183547974,0.45819318294525146,0.00991695374250412,2.219557046890259,0.07502392679452896
72,22,0.37093427777290344,0.3681824803352356,0.0027374373748898506,0.14368772506713867,0.02198922261595726
72,23,0.9353532195091248,0.903304934501648,0.030642041936516762,14.062408447265625,0.11151860654354095
72,24,0.3277665972709656,0.3225276470184326,0.005149856675416231,0.8909006118774414,0.04740137234330177
72,25,0.8983553647994995,0.8893647193908691,0.008919630199670792,0.7098891735076904,0.10995466262102127
72,26,0.1904819756746292,0.18873900175094604,0.0017161660362035036,0.26810982823371887,0.012638779357075691
72,27,1.0666807889938354,1.0425019264221191,0.02361438237130642,5.644622325897217,0.16533036530017853
72,28,0.0430082306265831,0.042525578290224075,0.0004407243977766484,0.41929885745048523,0.023173073306679726
72,29,0.40931904315948486,0.4051433801651001,0.004143254831433296,0.32383039593696594,0.050750792026519775
72,30,0.019705016165971756,0.019547689706087112,0.00012186096864752471,0.35464510321617126,0.0036561659071594477
72,31,0.11798180639743805,0.11649930477142334,0.0014619522262364626,0.20545004308223724,0.09944050014019012
72,32,0.8497351408004761,0.8326336741447449,0.01668800786137581,4.135012149810791,0.4595377743244171
72,33,0.04065319523215294,0.04026290029287338,0.0003528697998262942,0.3742385804653168,0.01915406621992588
72,34,0.01426098681986332,0.014140719547867775,8.772611909080297e-05,0.32540881633758545,0.002407759428024292
72,35,0.4254245460033417,0.4193321466445923,0.005894739180803299,1.976385235786438,0.04477735236287117
72,36,0.8427335023880005,0.8219860792160034,0.020193658769130707,5.537835597991943,0.4994927942752838
72,37,0.014373214915394783,0.014237351715564728,0.00010191081673838198,0.33952271938323975,0.0023463801480829716
72,38,0.4141557514667511,0.407697856426239,0.0063145579770207405,1.4335895776748657,0.03096151351928711
72,39,0.931282103061676,0.9107590317726135,0.019712483510375023,8.105887413024902,0.09632441401481628
72,40,0.18466190993785858,0.183264821767807,0.001377879292704165,0.19213341176509857,0.011361194774508476
72,41,0.18705768883228302,0.18558639287948608,0.0014496722724288702,0.2161896973848343,0.01201343722641468
72,42,0.39111775159835815,0.3878020644187927,0.0032957803923636675,0.1991071254014969,0.025886617600917816
72,43,0.9067251086235046,0.8862882852554321,0.020005391910672188,4.313933372497559,0.6532973051071167
72,44,0.38250482082366943,0.37906962633132935,0.0034065749496221542,0.2862434685230255,0.0293973870575428
72,45,0.3437621295452118,0.3403393626213074,0.003387147793546319,0.3561643660068512,0.019754847511649132
72,46,0.40533971786499023,0.40203696489334106,0.003274246584624052,0.28521060943603516,0.03325611352920532
72,47,0.014545357786118984,0.014424117282032967,8.750810229685158e-05,0.3373238146305084,0.0026266886852681637
72,48,0.1991363763809204,0.19684921205043793,0.002240996342152357,0.4616379141807556,0.010377997532486916
72,49,0.11935269832611084,0.11779053509235382,0.0015455257380381227,0.16637733578681946,0.08843769133090973
72,50,0.018222976475954056,0.01809118501842022,9.73631686065346e-05,0.34428858757019043,0.003189773065969348
72,51,0.020253198221325874,0.020096678286790848,0.00012265570694580674,0.338653028011322,0.0033178869634866714
72,52,0.6219749450683594,0.6080501079559326,0.013613690622150898,3.111316204071045,0.2538332939147949
72,53,0.2424144595861435,0.24039223790168762,0.0020034429617226124,0.1877720057964325,0.04598682001233101
72,54,0.31806930899620056,0.31522104144096375,0.0028138067573308945,0.3445865213871002,0.03792355954647064
72,55,0.41129812598228455,0.40566399693489075,0.005505934823304415,1.2818316221237183,0.031262706965208054
72,56,0.8132408857345581,0.794906497001648,0.0179425161331892,3.9191808700561523,0.5151461362838745
72,57,0.8426620960235596,0.8340116143226624,0.00855121947824955,0.9926026463508606,0.11479215323925018
72,58,0.3780594766139984,0.3750740587711334,0.002965260064229369,0.2014363706111908,0.0240032821893692
72,59,0.38201263546943665,0.3791162073612213,0.002877394435927272,0.19050005078315735,0.02389272302389145
72,60,0.408886581659317,0.4035392999649048,0.005221503786742687,1.257603406906128,0.05162770301103592
72,61,0.7142779231071472,0.7078552842140198,0.006369892507791519,0.527571439743042,0.07892437279224396
72,62,0.040925491601228714,0.04053931683301926,0.00034487596713006496,0.4129926860332489,0.01920611411333084
72,63,0.957779586315155,0.9307896494865417,0.02608324959874153,9.067039489746094,0.14660006761550903
72,64,0.010303502902388573,0.010245410725474358,3.90330096706748e-05,0.19059832394123077,0.059072345495224
72,65,0.8461614847183228,0.820771336555481,0.024731947109103203,6.582079887390137,0.35112202167510986
72,66,0.3519492447376251,0.34678512811660767,0.005048909690231085,1.1522494554519653,0.04881523549556732
72,67,0.9286006093025208,0.8990415334701538,0.0281404759734869,14.186182022094727,0.10721570253372192
72,68,0.8822388052940369,0.8689360022544861,0.012962613254785538,3.4018518924713135,0.10572753846645355
72,69,0.877429723739624,0.8684554100036621,0.008871040306985378,1.0326992273330688,0.14943352341651917
72,70,0.020739663392305374,0.02060678042471409,9.294680785387754e-05,0.39937642216682434,0.0021737460047006607
72,71,0.025128807872533798,0.02495710179209709,0.00013209132885094732,0.3961423933506012,0.006253705359995365
72,72,0.6235131621360779,0.6088130474090576,0.014383779838681221,3.1632819175720215,0.2598612904548645
72,73,0.19003048539161682,0.188801109790802,0.0012124069035053253,0.16971461474895477,0.009517136961221695
72,74,0.3217688202857971,0.3183435797691345,0.0033708596602082253,0.5438125133514404,0.03830338642001152
72,75,0.12021122127771378,0.11932413280010223,0.0008822784293442965,0.0480940155684948,0.03309053182601929
72,76,0.018631305545568466,0.018525445833802223,7.407760131172836e-05,0.3178313970565796,0.0025514550507068634
72,77,0.01526013296097517,0.01517727505415678,5.199545921641402e-05,0.30862563848495483,0.002005122136324644
72,78,0.12496109306812286,0.12415318191051483,0.0008028505835682154,0.0505639985203743,0.036335453391075134
72,79,0.1269313097000122,0.12615486979484558,0.0007715025567449629,0.04934211075305939,0.041935913264751434
72,80,0.43196365237236023,0.42750197649002075,0.004400820471346378,0.6084560751914978,0.03755338862538338
72,81,0.39803600311279297,0.3933810591697693,0.004544996656477451,1.0993444919586182,0.04561901465058327
72,82,0.975702166557312,0.9395012259483337,0.03506743162870407,11.334830284118652,0.5307652354240417
72,83,0.8887114524841309,0.8814415335655212,0.00722492765635252,0.4498167335987091,0.08528292179107666
72,84,0.1211758404970169,0.12039032578468323,0.0007807787624187768,0.047360192984342575,0.04322436451911926
72,85,0.020220739766955376,0.020088370889425278,9.676361514721066e-05,0.35603585839271545,0.003890041261911392
72,86,0.019659211859107018,0.01952381432056427,9.887121268548071e-05,0.36527130007743835,0.004656440112739801
72,87,0.015419230796396732,0.0153019605204463,8.263146446552128e-05,0.34638503193855286,0.0034409291110932827
72,88,0.8668396472930908,0.8592462539672852,0.007539869286119938,0.5352233052253723,0.08003559708595276
72,89,0.2350109964609146,0.23322650790214539,0.001765483757480979,0.18996353447437286,0.04978945851325989
72,90,0.42810189723968506,0.4219489097595215,0.005971129983663559,1.8185926675796509,0.037829309701919556
72,91,0.024991028010845184,0.02482801303267479,0.00012691122537944466,0.36104246973991394,0.008372015319764614
72,92,0.6995016932487488,0.6925942301750183,0.006842992268502712,0.6446974873542786,0.07354748994112015
72,93,0.0115097900852561,0.01144478376954794,4.706902109319344e-05,0.17937476933002472,0.049552880227565765
72,94,0.12311910092830658,0.1216578483581543,0.001446890295483172,0.14361572265625,0.08205156773328781
72,95,0.8423593640327454,0.8342695236206055,0.008008846081793308,0.809814989566803,0.10892996191978455
72,96,0.4384033977985382,0.43209517002105713,0.006148373708128929,1.5985227823257446,0.04403609782457352
72,97,0.3362579941749573,0.33322131633758545,0.0030075046233832836,0.29180583357810974,0.01668175682425499
72,98,0.48895013332366943,0.47839048504829407,0.010283921845257282,2.7572174072265625,0.04904039949178696
72,99,0.35991182923316956,0.35701999068260193,0.002869660034775734,0.22181199491024017,0.023052740842103958
72,100,0.43744632601737976,0.4313797354698181,0.005999554879963398,0.6701374650001526,0.06398268043994904
73,1,0.13166847825050354,0.12993061542510986,0.0017211833037436008,0.16671787202358246,0.09954016655683517
73,2,0.8941065669059753,0.8663774728775024,0.02641870826482773,13.103789329528809,0.10567256063222885
73,3,0.3924880623817444,0.3893420696258545,0.003112700767815113,0.33291110396385193,0.03076186403632164
73,4,0.025295181199908257,0.025125358253717422,0.00013431812112685293,0.35506394505500793,0.007228710688650608
73,5,0.3190993368625641,0.3161013126373291,0.0029533435590565205,0.44680851697921753,0.04329267144203186
73,6,0.025454826653003693,0.025293990969657898,0.0001265775936190039,0.34257909655570984,0.007561307866126299
73,7,0.3154532015323639,0.3128349781036377,0.002575970720499754,0.4226549565792084,0.0407264344394207
73,8,0.1276218593120575,0.12691810727119446,0.0006991942645981908,0.04558431729674339,0.04140423983335495
73,9,0.8042346239089966,0.7820174694061279,0.021687839180231094,5.292729377746582,0.39733487367630005
73,10,0.04315473511815071,0.04285386949777603,0.00026600027922540903,0.34864699840545654,0.019860927015542984
73,11,0.8768864274024963,0.8706722259521484,0.006145349238067865,0.6881362795829773,0.10984724760055542
73,12,0.39071527123451233,0.3883283734321594,0.0023710771929472685,0.15820854902267456,0.023680347949266434
73,13,0.3530220687389374,0.34897229075431824,0.003960840869694948,0.8893522620201111,0.04485926777124405
73,14,0.9399755597114563,0.9155083894729614,0.02333194948732853,11.352038383483887,0.11465360224246979
73,15,1.1797457933425903,1.1479732990264893,0.03086276352405548,9.097249984741211,0.19487819075584412
73,16,0.5886889696121216,0.5780318379402161,0.010454747825860977,2.0234363079071045,0.26883476972579956
73,17,0.021282818168401718,0.021160755306482315,8.594023529440165e-05,0.36122092604637146,0.0026755500584840775
73,18,0.8512169718742371,0.8430335521697998,0.00809408351778984,0.8935770392417908,0.09640815854072571
73,19,0.8700595498085022,0.8481738567352295,0.02137201838195324,5.136446475982666,0.6191585063934326
73,20,0.418613076210022,0.41300052404403687,0.005485631991177797,1.2693710327148438,0.0347895473241806
73,21,0.22824224829673767,0.226433664560318,0.0017932942137122154,0.152814120054245,0.03992414474487305
73,22,0.12768615782260895,0.12607628107070923,0.0015959646552801132,0.1391473114490509,0.07675407826900482
73,23,0.6380019187927246,0.6257312297821045,0.011954456567764282,3.1628589630126953,0.2063603401184082
73,24,0.1252787560224533,0.12395183742046356,0.0013121368829160929,0.14775718748569489,0.07327986508607864
73,25,0.36635488271713257,0.3636537194252014,0.0026845750398933887,0.1659194529056549,0.017611507326364517
73,26,0.340685099363327,0.3383101224899292,0.00236454326659441,0.10429729521274567,0.016374900937080383
73,27,0.011930195614695549,0.011860422790050507,5.157756095286459e-05,0.18195225298404694,0.05240483954548836
73,28,0.42196792364120483,0.4179019033908844,0.004028152208775282,0.37890517711639404,0.04189807176589966
73,29,0.442154198884964,0.43764591217041016,0.0044735935516655445,0.346842497587204,0.04631859064102173
73,30,0.7963337898254395,0.775424063205719,0.020401038229465485,5.086570739746094,0.36287224292755127
73,31,0.7989991903305054,0.7749143838882446,0.023475024849176407,6.097560405731201,0.3615446090698242
73,32,0.40338948369026184,0.39841872453689575,0.004905129782855511,0.6562367081642151,0.04122035950422287
73,33,0.7759013175964355,0.75501948595047,0.020383354276418686,4.984677314758301,0.4152904748916626
73,34,0.8999293446540833,0.891010046005249,0.008847971446812153,0.7134466171264648,0.11809664964675903
73,35,1.0655882358551025,1.0384072065353394,0.026315201073884964,8.657870292663574,0.19133329391479492
73,36,0.019597595557570457,0.019477352499961853,8.732864807825536e-05,0.3291456997394562,0.003182674292474985
73,37,0.41029787063598633,0.40593013167381287,0.00433330936357379,0.34426337480545044,0.05618918687105179
73,38,0.4236399531364441,0.4156552255153656,0.007722276262938976,2.624448537826538,0.05534885823726654
73,39,0.8557037711143494,0.8398101329803467,0.015553195029497147,3.40435528755188,0.44923079013824463
73,40,0.24703502655029297,0.24462614953517914,0.00238249683752656,0.2637935280799866,0.05249564349651337
73,41,0.01233611162751913,0.012254538014531136,6.577890599146485e-05,0.15794675052165985,0.058458730578422546
73,42,0.8150545358657837,0.7927500009536743,0.021753840148448944,5.506719589233398,0.3025972545146942
73,43,0.9098332524299622,0.8786401748657227,0.029609087854623795,15.839927673339844,0.09606241434812546
73,44,0.0260002538561821,0.025860175490379333,0.0001096483101719059,0.3043062090873718,0.007441992871463299
73,45,0.012191514484584332,0.012108804658055305,6.618132465519011e-05,0.1652863621711731,0.0660572275519371
73,46,0.676668643951416,0.6693511009216309,0.007251498755067587,0.6601737141609192,0.08193540573120117
73,47,0.8709784746170044,0.8614909648895264,0.009400423616170883,0.8709964156150818,0.14535123109817505
73,48,1.0488862991333008,1.0203444957733154,0.02796242944896221,5.793556213378906,0.16055558621883392
73,49,0.8744902610778809,0.8559757471084595,0.017749501392245293,7.650285720825195,0.09733954817056656
73,50,0.8831691145896912,0.8739349842071533,0.009138356894254684,0.9576183557510376,0.13618458807468414
73,51,0.011872902512550354,0.011808525770902634,4.822103073820472e-05,0.16156072914600372,0.061815813183784485
73,52,1.0850750207901,1.0653681755065918,0.019233770668506622,4.730770111083984,0.12043416500091553
73,53,0.20048104226589203,0.19911476969718933,0.0013443923089653254,0.21868941187858582,0.01124077383428812
73,54,0.39391228556632996,0.39125576615333557,0.002633624244481325,0.22890245914459229,0.029893457889556885
73,55,0.9318091869354248,0.9100278615951538,0.021170467138290405,6.108282089233398,0.15187296271324158
73,56,0.42918944358825684,0.424005389213562,0.005062039941549301,1.2200262546539307,0.036579281091690063
73,57,0.014415418729186058,0.01434006355702877,5.87576323596295e-05,0.16597387194633484,0.06138391047716141
73,58,0.3258395791053772,0.32320380210876465,0.0025976067408919334,0.3818560838699341,0.04746963083744049
73,59,0.44358962774276733,0.4392232894897461,0.004327290691435337,0.3903651535511017,0.06374228000640869
73,60,0.7453082799911499,0.727920413017273,0.017009427770972252,3.7841591835021973,0.398904025554657
73,61,0.8658191561698914,0.8429537415504456,0.022261809557676315,6.036220550537109,0.5894815921783447
73,62,0.9606284499168396,0.9428346157073975,0.017073214054107666,7.206459999084473,0.09639308601617813
73,63,0.8842002749443054,0.8763482570648193,0.0077767400071024895,0.7527967691421509,0.10974304378032684
73,64,0.4322938323020935,0.4283774793148041,0.0038623556029051542,0.5398980975151062,0.030912652611732483
73,65,1.0507135391235352,1.0208985805511475,0.02893015742301941,8.848258018493652,0.16067488491535187
73,66,0.8115590810775757,0.7898082733154297,0.02123066410422325,5.201601982116699,0.5025513172149658
73,67,0.7126350402832031,0.7052301168441772,0.0073273442685604095,0.7758151292800903,0.07799995690584183
73,68,0.8535425662994385,0.8304979801177979,0.02243291586637497,6.116612911224365,0.3742581009864807
73,69,0.9757634401321411,0.9489219188690186,0.026090390980243683,7.5115275382995605,0.158280611038208
73,70,0.011478688567876816,0.011404110118746758,5.387664714362472e-05,0.2070167511701584,0.0511183962225914
73,71,0.1036813035607338,0.1031157374382019,0.0005639716400764883,0.015938758850097656,0.01796603947877884
73,72,0.04125886783003807,0.04092229902744293,0.00029182591242715716,0.4474276006221771,0.01974647305905819
73,73,0.12280859053134918,0.1210048496723175,0.0017862123204395175,0.17530539631843567,0.10650233179330826
73,74,1.0984138250350952,1.0768885612487793,0.020960871130228043,5.643431186676025,0.15628880262374878
73,75,0.042209796607494354,0.041802387684583664,0.00036049215123057365,0.46915557980537415,0.021866977214813232
73,76,0.3768925666809082,0.3735188841819763,0.0033494140952825546,0.2425955981016159,0.027740707620978355
73,77,0.9134112000465393,0.8919458389282227,0.020632348954677582,8.33021068572998,0.12137199193239212
73,78,0.2308361530303955,0.22819742560386658,0.002607626374810934,0.31102457642555237,0.05413097143173218
73,79,0.34385931491851807,0.3405577838420868,0.0032747776713222265,0.26754847168922424,0.021413128823041916
73,80,0.5809291005134583,0.5690672993659973,0.011653369292616844,2.0844478607177734,0.23502284288406372
73,81,0.18426747620105743,0.1826905906200409,0.0015532311517745256,0.23652440309524536,0.011203858070075512
73,82,0.3594306409358978,0.35665324330329895,0.0027555045671761036,0.21911883354187012,0.020073965191841125
73,83,0.4237034022808075,0.41715699434280396,0.006326119881123304,2.20289945602417,0.04356658458709717
73,84,0.038354888558387756,0.038106318563222885,0.0002144951868103817,0.3407491147518158,0.014294784516096115
73,85,0.4279992878437042,0.4207719564437866,0.0070127155631780624,2.1460518836975098,0.029506798833608627
73,86,0.5949603319168091,0.5844072699546814,0.010322016663849354,2.3100526332855225,0.20586666464805603
73,87,0.014893888495862484,0.014813389629125595,4.784654447576031e-05,0.32651716470718384,0.002278560772538185
73,88,0.01927439495921135,0.019152428954839706,8.618589345132932e-05,0.35779428482055664,0.0033575035631656647
73,89,0.3386620581150055,0.3342302739620209,0.004353201948106289,0.7857720255851746,0.04955904930830002
73,90,0.4333924651145935,0.4271049201488495,0.006130231078714132,1.573214054107666,0.06263503432273865
73,91,1.0853344202041626,1.0423774719238281,0.04129910469055176,16.578550338745117,0.20658482611179352
73,92,0.04357537254691124,0.04309036582708359,0.00043890957022085786,0.46098294854164124,0.023601479828357697
73,93,0.34398895502090454,0.34014278650283813,0.00380448205396533,0.4168769419193268,0.017856836318969727
73,94,0.04151688143610954,0.04110509157180786,0.00036494238884188235,0.4685015380382538,0.020178910344839096
73,95,0.8771244883537292,0.8666842579841614,0.010329293087124825,1.1090067625045776,0.10131461918354034
73,96,0.356661319732666,0.35371774435043335,0.0029221228323876858,0.21454299986362457,0.022797737270593643
73,97,0.40802255272865295,0.40275144577026367,0.005193452350795269,0.7767751812934875,0.03334207832813263
73,98,1.194088101387024,1.1586107015609741,0.034662678837776184,8.147196769714355,0.1790359914302826
73,99,0.3817473351955414,0.37866654992103577,0.0030531571246683598,0.27613648772239685,0.026989828795194626
73,100,0.40479788184165955,0.3998946249485016,0.004786535631865263,1.1673418283462524,0.042823974043130875
74,1,0.19377274811267853,0.19202236831188202,0.0017232111422345042,0.27170097827911377,0.011481257155537605
74,2,0.4028804302215576,0.39942237734794617,0.0034108494874089956,0.4721989929676056,0.025338169187307358
74,3,0.021237552165985107,0.021132074296474457,8.111177885439247e-05,0.24365854263305664,0.0023617951665073633
74,4,0.7171868085861206,0.7119705080986023,0.005165033042430878,0.5124697685241699,0.06498163938522339
74,5,0.026239832863211632,0.026093941181898117,0.00012191105633974075,0.23980987071990967,0.006669092923402786
74,6,0.471407949924469,0.4644189774990082,0.006830331403762102,1.5864697694778442,0.03652595728635788
74,7,0.9035346508026123,0.8969932794570923,0.006497014779597521,0.4433823823928833,0.08524566888809204
74,8,0.19206804037094116,0.19056493043899536,0.0014789487468078732,0.24148085713386536,0.013584895059466362
74,9,0.9005962610244751,0.878926157951355,0.02077697589993477,8.9310302734375,0.10154949873685837
74,10,0.9786946773529053,0.9630553722381592,0.015250231139361858,3.8911263942718506,0.17415639758110046
74,11,0.33115580677986145,0.32747340202331543,0.003635901026427746,0.4649486243724823,0.06299267709255219
74,12,1.0576245784759521,1.0200669765472412,0.03608156740665436,14.76061725616455,0.2056136131286621
74,13,0.12640821933746338,0.1246260479092598,0.001765866531059146,0.16303087770938873,0.1141677051782608
74,14,0.3857836425304413,0.37987393140792847,0.005756361410021782,1.533733606338501,0.054005540907382965
74,15,0.12085437774658203,0.11982318758964539,0.001025521894916892,0.05670032277703285,0.03947954624891281
74,16,0.03664994239807129,0.036378249526023865,0.00022968032862991095,0.4201253354549408,0.019113078713417053
74,17,0.856269121170044,0.8246629238128662,0.03067292645573616,9.3331298828125,0.5494778156280518
74,18,0.02224951796233654,0.022141294553875923,7.100849325070158e-05,0.3721584379673004,0.0035005335230380297
74,19,1.1986541748046875,1.1661708354949951,0.03177662193775177,7.067118167877197,0.14316895604133606
74,20,0.38840946555137634,0.38475075364112854,0.003604317083954811,0.5439224243164062,0.024200666695833206
74,21,0.32437336444854736,0.3210437297821045,0.0032718051224946976,0.5782575607299805,0.011152399703860283
74,22,0.013407318852841854,0.01331495400518179,6.234989268705249e-05,0.3001495897769928,0.0029848392587155104
74,23,0.34284743666648865,0.33988291025161743,0.0029337871819734573,0.3074048161506653,0.011093664914369583
74,24,0.12081755697727203,0.12010149657726288,0.000711400993168354,0.04653233662247658,0.03858635947108269
74,25,0.8230258822441101,0.813291072845459,0.009530444629490376,2.0441372394561768,0.4672788083553314
74,26,0.04308318719267845,0.04269271343946457,0.0003577196621336043,0.32750946283340454,0.025587718933820724
74,27,0.026731835678219795,0.026524577289819717,0.00017711517284624279,0.30142834782600403,0.009150836616754532
74,28,0.7325046062469482,0.7178972959518433,0.014284718781709671,3.2258245944976807,0.3043098449707031
74,29,0.8447089195251465,0.8288188576698303,0.01548740640282631,4.0263190269470215,0.37968796491622925
74,30,0.12826862931251526,0.12731346487998962,0.000948627304751426,0.06537584960460663,0.05271206796169281
74,31,0.9429590106010437,0.9266626834869385,0.01593087613582611,3.6544439792633057,0.5707437992095947
74,32,0.38812172412872314,0.38128527998924255,0.006720417179167271,1.1603506803512573,0.034918490797281265
74,33,0.228974387049675,0.22699204087257385,0.0019565566908568144,0.2579191029071808,0.05297200381755829
74,34,1.1451573371887207,1.1141263246536255,0.030270472168922424,7.605819225311279,0.19526466727256775
74,35,0.02968812733888626,0.029501494020223618,0.00014330551493912935,0.4332676827907562,0.0078037031926214695
74,36,0.3291756808757782,0.3235126733779907,0.0055274213664233685,1.3560820817947388,0.04126729443669319
74,37,0.41118374466896057,0.40500330924987793,0.005988770164549351,1.9166843891143799,0.03459222987294197
74,38,0.20846246182918549,0.2066810131072998,0.0017452148022130132,0.3624633550643921,0.009756116196513176
74,39,0.12732605636119843,0.12555015087127686,0.0017590145580470562,0.1690298169851303,0.07721124589443207
74,40,0.013557208701968193,0.013474153354763985,6.278185173869133e-05,0.20273275673389435,0.04680847376585007
74,41,0.11771401762962341,0.11703642457723618,0.0006734259659424424,0.04166782274842262,0.03352409601211548
74,42,0.7961246371269226,0.7849308848381042,0.011068843305110931,1.2495638132095337,0.10113750398159027
74,43,0.3393348753452301,0.3365350365638733,0.002747262828052044,0.5257869958877563,0.04073638096451759
74,44,0.8111020922660828,0.7807737588882446,0.029629921540617943,6.983804702758789,0.38104307651519775
74,45,0.26723477244377136,0.2635195851325989,0.003609249833971262,1.0595073699951172,0.03797847777605057
74,46,0.015875525772571564,0.015773914754390717,6.719002703903243e-05,0.34421274065971375,0.0019105824176222086
74,47,0.11874179542064667,0.1175622045993805,0.001168147660791874,0.11442655324935913,0.09691233932971954
74,48,0.013544068671762943,0.013460259884595871,6.553519779117778e-05,0.1827310174703598,0.0784088522195816
74,49,0.3449626564979553,0.3419988751411438,0.0029346877709031105,0.29078415036201477,0.024689987301826477
74,50,0.2424323558807373,0.24045062065124512,0.001966575626283884,0.15149879455566406,0.07153137028217316
74,51,0.8388786911964417,0.8313573598861694,0.007448654156178236,0.7267084121704102,0.13685190677642822
74,52,0.02004268206655979,0.019936494529247284,7.660358096472919e-05,0.2958388328552246,0.001489730435423553
74,53,0.594177782535553,0.5859355926513672,0.008085344918072224,1.5683987140655518,0.1960287094116211
74,54,0.04400914907455444,0.04365820437669754,0.00032113323686644435,0.29808247089385986,0.0157404076308012
74,55,0.6794103384017944,0.6738399267196655,0.005524449050426483,0.45937272906303406,0.06791792809963226
74,56,0.3336055874824524,0.3310004472732544,0.0025623971596360207,0.427362322807312,0.03925435245037079
74,57,0.8776877522468567,0.8558151721954346,0.021301476284861565,5.711273193359375,0.29880112409591675
74,58,0.36642444133758545,0.3639223575592041,0.0024784747511148453,0.23592939972877502,0.029981251806020737
74,59,0.015358876436948776,0.015285022556781769,4.6506575017701834e-05,0.27347561717033386,0.0013908694963902235
74,60,0.40194231271743774,0.3969913721084595,0.004863599315285683,0.8734042644500732,0.052427321672439575
74,61,0.12933789193630219,0.12831085920333862,0.001020920928567648,0.06102125346660614,0.05203123390674591
74,62,0.11950759589672089,0.11774235963821411,0.0017492342740297318,0.16005823016166687,0.09731528908014297
74,63,0.3441968858242035,0.34118929505348206,0.0029879827052354813,0.19615434110164642,0.029925303533673286
74,64,0.012614182196557522,0.012554846704006195,4.088158311787993e-05,0.1845410168170929,0.05848778411746025
74,65,0.9907930493354797,0.9513453245162964,0.03806300461292267,13.847554206848145,0.23192989826202393
74,66,0.9357090592384338,0.9017215371131897,0.03257153928279877,14.159661293029785,0.12622778117656708
74,67,0.19575954973697662,0.19447386264801025,0.0012683982495218515,0.17280970513820648,0.008807975798845291
74,68,0.9124268293380737,0.9056495428085327,0.006704571191221476,0.7273723483085632,0.062416959553956985
74,69,0.36249130964279175,0.3607821464538574,0.001701706787571311,0.0744985044002533,0.014177480712532997
74,70,0.7540099620819092,0.7502362728118896,0.0037406941410154104,0.3300222158432007,0.04889296740293503
74,71,0.043006036430597305,0.04275978356599808,0.00021681920043192804,0.29432958364486694,0.015982747077941895
74,72,0.3392295241355896,0.3376978039741516,0.001519418554380536,0.12314996123313904,0.010165766812860966
74,73,0.015108296647667885,0.015046557411551476,4.797181463800371e-05,0.13767686486244202,0.04352479428052902
74,74,0.8522282838821411,0.848767101764679,0.003432157915085554,0.2905615568161011,0.06685253977775574
74,75,0.8315698504447937,0.8282027244567871,0.0033395071513950825,0.2762167155742645,0.06983355432748795
74,76,1.189249873161316,1.1803598403930664,0.00868324376642704,2.0680298805236816,0.07502308487892151
74,77,0.8813737630844116,0.8761555552482605,0.005169706419110298,0.4849095642566681,0.12516885995864868
74,78,0.9206454753875732,0.9106260538101196,0.009770749136805534,2.4864320755004883,0.11532524228096008
74,79,0.47114866971969604,0.46701422333717346,0.0041007716208696365,0.33671727776527405,0.10065998136997223
74,80,0.23074720799922943,0.22854822874069214,0.0021821672562509775,0.16807399690151215,0.07324272394180298
74,81,0.3803173303604126,0.37640729546546936,0.003890475258231163,0.195490300655365,0.04238194227218628
74,82,0.4004957973957062,0.3964703679084778,0.003987268544733524,0.38159704208374023,0.0524178184568882
74,83,0.9428564310073853,0.9186448454856873,0.023252133280038834,9.594621658325195,0.2052701711654663
74,84,0.3287881314754486,0.3245762884616852,0.004131859168410301,0.799941897392273,0.05722048133611679
74,85,0.4736213684082031,0.46557703614234924,0.007972289808094501,0.7203913331031799,0.11074433475732803
74,86,0.044311970472335815,0.04399231821298599,0.00027217931346967816,0.4747094511985779,0.01751510240137577
74,87,0.43198636174201965,0.42505207657814026,0.006749393418431282,1.8488773107528687,0.026718422770500183
74,88,0.0448053777217865,0.04448564350605011,0.00027679369668476284,0.42942219972610474,0.01456137653440237
74,89,0.04866340011358261,0.04835081100463867,0.0002718204341363162,0.4077029824256897,0.014528355561196804
74,90,0.13207216560840607,0.13144823908805847,0.0006196178728714585,0.043046984821558,0.02242134138941765
74,91,0.8286171555519104,0.804781436920166,0.023180581629276276,6.5509443283081055,0.24166369438171387
74,92,0.14102905988693237,0.1397237330675125,0.0012898952700197697,0.15432009100914001,0.05039786547422409
74,93,0.8442412614822388,0.8230178356170654,0.02070000395178795,5.2343597412109375,0.3231261372566223
74,94,0.8991881608963013,0.886247992515564,0.012783881276845932,1.5628511905670166,0.10848219692707062
74,95,0.6096009016036987,0.5919985771179199,0.017201624810695648,4.00745964050293,0.26830700039863586
74,96,0.44107383489608765,0.4355207681655884,0.005417566746473312,1.3549790382385254,0.038801562041044235
74,97,0.2233145534992218,0.22199201583862305,0.001309978892095387,0.12569111585617065,0.046670328825712204
74,98,1.1349759101867676,1.1006863117218018,0.03311441093683243,11.751106262207031,0.21625417470932007
74,99,0.3810671269893646,0.3781810998916626,0.0028651715256273746,0.20852182805538177,0.027667682617902756
74,100,0.19768519699573517,0.19636806845664978,0.0012934990227222443,0.23627904057502747,0.012705733999609947
75,1,0.3276146948337555,0.32328668236732483,0.004266454838216305,0.6156535148620605,0.01390969380736351
75,2,0.38892024755477905,0.3857370615005493,0.0031523648649454117,0.3080956041812897,0.037983488291502
75,3,1.0843967199325562,1.050768256187439,0.0327930673956871,8.353838920593262,0.2194996476173401
75,4,0.40570175647735596,0.4029582738876343,0.0027205967344343662,0.2289997935295105,0.03836233168840408
75,5,1.1016414165496826,1.0699222087860107,0.030926836654543877,7.923920631408691,0.16095784306526184
75,6,0.0035828344989567995,0.0035628308542072773,2.831220172083704e-06,0.17172344028949738,0.00043591909343376756
75,7,1.0071946382522583,0.9814252257347107,0.024938438087701797,8.310652732849121,0.17469368875026703
75,8,0.019684262573719025,0.01958666741847992,7.840646867407486e-05,0.19189783930778503,0.0028985135722905397
75,9,0.42908987402915955,0.4252423942089081,0.0038108783774077892,0.3658723533153534,0.031558431684970856
75,10,0.01479068212211132,0.014700655825436115,7.086974801495671e-05,0.19156251847743988,0.0024834549985826015
75,11,0.8320971727371216,0.8269308805465698,0.005133446305990219,0.32865792512893677,0.09349067509174347
75,12,0.24909718334674835,0.24772869050502777,0.0013533702585846186,0.15130145847797394,0.046880654990673065
75,13,0.8904132843017578,0.8828700184822083,0.0074728624895215034,0.7037081718444824,0.11616410315036774
75,14,0.027309555560350418,0.027160029858350754,0.0001242259459104389,0.2530101239681244,0.008551320061087608
75,15,0.8169246315956116,0.8028765916824341,0.013704106211662292,3.4389076232910156,0.5641202926635742
75,16,0.014429782517254353,0.014346783980727196,5.586753104580566e-05,0.2713163495063782,0.0024613644927740097
75,17,0.20040911436080933,0.19940638542175293,0.0009908273350447416,0.11903958022594452,0.009418774396181107
75,18,0.33551323413848877,0.33242690563201904,0.003032638691365719,0.5369884371757507,0.051771145313978195
75,19,0.37505021691322327,0.3722701072692871,0.002765178680419922,0.14934872090816498,0.027604814618825912
75,20,0.13173021376132965,0.12983404099941254,0.0018804199062287807,0.15755613148212433,0.1477508842945099
75,21,0.9810249209403992,0.96050626039505,0.020000584423542023,5.181034088134766,0.21266332268714905
75,22,0.021297940984368324,0.021224606782197952,5.092066203360446e-05,0.22413645684719086,0.0742473155260086
75,23,0.19277094304561615,0.19161538779735565,0.0011389784049242735,0.16566027700901031,0.010281823575496674
75,24,0.6508983373641968,0.6321864128112793,0.018218759447336197,4.931800842285156,0.3091124892234802
75,25,0.4012066423892975,0.3966086804866791,0.0044806646183133125,1.173003077507019,0.03975130617618561
75,26,0.8976441621780396,0.8716856837272644,0.024879399687051773,10.790882110595703,0.10087870061397552
75,27,0.40305131673812866,0.4007308781147003,0.0022982489317655563,0.22206783294677734,0.018937626853585243
75,28,0.9554495811462402,0.9335615038871765,0.02120799571275711,6.800817012786865,0.12189143896102905
75,29,1.1422019004821777,1.1193901300430298,0.022257506847381592,5.543356418609619,0.10022830218076706
75,30,0.030950846150517464,0.0308692567050457,5.2192983275745064e-05,0.2939537465572357,0.0028539863415062428
75,31,0.7487843036651611,0.7286068201065063,0.019746625795960426,4.3086256980896,0.2814009189605713
75,32,0.1243443712592125,0.12293845415115356,0.0013920535566285253,0.13866852223873138,0.07220171391963959
75,33,0.3370824158191681,0.33363911509513855,0.0033772033639252186,0.6608697772026062,0.034642964601516724
75,34,0.12528474628925323,0.12445520609617233,0.0008242912008427083,0.052464600652456284,0.03845718502998352
75,35,0.12678273022174835,0.12596797943115234,0.0008079051622189581,0.06843632459640503,0.043915241956710815
75,36,0.9201618432998657,0.8852371573448181,0.03346869349479675,14.559967994689941,0.16442355513572693
75,37,0.6461606025695801,0.6244485378265381,0.02124069258570671,4.7133026123046875,0.3475000262260437
75,38,0.019349953159689903,0.019247999414801598,6.512939580716193e-05,0.36825183033943176,0.002354488242417574
75,39,0.7255825400352478,0.7073088884353638,0.017865190282464027,4.0846638679504395,0.3156772255897522
75,40,0.8475955128669739,0.8395239114761353,0.007986634969711304,0.8492829203605652,0.12484218180179596
75,41,0.8833261132240295,0.8610498309135437,0.02174818143248558,5.281000137329102,0.3439326882362366
75,42,0.8689697980880737,0.8514034748077393,0.017177321016788483,3.8897857666015625,0.4926617443561554
75,43,0.2523009181022644,0.2512415647506714,0.0010494503658264875,0.09906233102083206,0.03247406333684921
75,44,0.032370515167713165,0.03225674480199814,8.383432577829808e-05,0.2993793785572052,0.005311732180416584
75,45,0.2389465570449829,0.23784255981445312,0.0010931420838460326,0.10845483094453812,0.03491221368312836
75,46,0.1282658576965332,0.1276354193687439,0.0006258264183998108,0.04612045735120773,0.03836265206336975
75,47,0.12281356751918793,0.12175232172012329,0.0010505568934604526,0.10691840201616287,0.07979000359773636
75,48,0.23154273629188538,0.23023778200149536,0.00129219691734761,0.12755049765110016,0.044637344777584076
75,49,0.027927590534090996,0.027819717302918434,7.175611972343177e-05,0.3611699044704437,0.00210579764097929
75,50,0.017366081476211548,0.017287079244852066,4.44886063633021e-05,0.34512853622436523,0.0018079520668834448
75,51,0.42653754353523254,0.42148053646087646,0.004952755756676197,1.042544960975647,0.03574862331151962
75,52,0.8466148376464844,0.8173539042472839,0.02860226482152939,6.586616516113281,0.44101712107658386
75,53,0.12918402254581451,0.12790362536907196,0.0012690280564129353,0.11365579068660736,0.08165650814771652
75,54,1.1020927429199219,1.0775611400604248,0.024020327255129814,5.1134352684021,0.15094883739948273
75,55,0.39305606484413147,0.39018771052360535,0.0028268909081816673,0.4145980775356293,0.024412041530013084
75,56,0.48932531476020813,0.482219934463501,0.006924712099134922,1.8067327737808228,0.030153464525938034
75,57,0.020428642630577087,0.02033226750791073,6.086685607442632e-05,0.35506701469421387,0.0037187407724559307
75,58,0.3688160479068756,0.36662986874580383,0.0021748319268226624,0.11363539099693298,0.01901892200112343
75,59,0.4138874113559723,0.4105246961116791,0.0033232932910323143,0.39423346519470215,0.029695775359869003
75,60,0.1298532485961914,0.1290375292301178,0.0008095462108030915,0.06170330196619034,0.040428780019283295
75,61,0.3273276388645172,0.32338547706604004,0.0038621819112449884,0.8000102639198303,0.04125167429447174
75,62,0.12099840492010117,0.11980777978897095,0.0011783079244196415,0.12317992746829987,0.07544822990894318
75,63,0.019949080422520638,0.019838284701108932,6.329107418423519e-05,0.47504618763923645,0.004634484648704529
75,64,0.9540808796882629,0.9329540729522705,0.02011747844517231,10.093427658081055,0.07007677853107452
75,65,0.9507628679275513,0.9280519485473633,0.02190222591161728,8.086912155151367,0.11722050607204437
75,66,0.9282106757164001,0.907687783241272,0.02000107802450657,5.218440055847168,0.1300240159034729
75,67,0.017727509140968323,0.017649805173277855,5.054764187661931e-05,0.2715492844581604,0.07266907393932343
75,68,0.110417440533638,0.10976497828960419,0.0006395467789843678,0.12909051775932312,0.01622558943927288
75,69,0.8592308163642883,0.8324089050292969,0.026143178343772888,6.787475109100342,0.4405853748321533
75,70,0.021097777411341667,0.020921319723129272,0.00011285275832051411,0.6360520124435425,0.00896419957280159
75,71,0.8722414970397949,0.8543344736099243,0.01765456423163414,2.5249671936035156,0.15678715705871582
75,72,0.3852815330028534,0.3781355917453766,0.007093822583556175,0.5212128162384033,0.05013550817966461
75,73,0.3534267842769623,0.3476006090641022,0.005756030790507793,0.7016614079475403,0.04230640456080437
75,74,0.8374534249305725,0.8069180250167847,0.029620107263326645,9.152796745300293,0.36022552847862244
75,75,0.8616346120834351,0.8513547778129578,0.010160435922443867,1.1938788890838623,0.12636174261569977
75,76,0.935178279876709,0.9099751114845276,0.024269521236419678,9.336386680603027,0.12607017159461975
75,77,0.44009673595428467,0.43558794260025024,0.004473387263715267,0.35393497347831726,0.04831959307193756
75,78,0.8514994382858276,0.8323534727096558,0.01862678863108158,5.19173526763916,0.26644575595855713
75,79,0.03517589718103409,0.03499947115778923,0.00014942311099730432,0.27005723118782043,0.007361971773207188
75,80,0.4218749403953552,0.41627204418182373,0.005490640178322792,1.1226544380187988,0.05609072744846344
75,81,0.23254339396953583,0.2301272600889206,0.0023953383788466454,0.20801717042922974,0.05130612105131149
75,82,0.01621105894446373,0.016125503927469254,6.3037768995855e-05,0.22516731917858124,0.0017706973012536764
75,83,0.31973740458488464,0.3169461488723755,0.002758993534371257,0.32281652092933655,0.044375184923410416
75,84,0.01453761849552393,0.014491941779851913,3.1748244509799406e-05,0.13928593695163727,0.06115884333848953
75,85,0.020904386416077614,0.020810361951589584,7.067374826874584e-05,0.23350100219249725,0.003913012333214283
75,86,0.39511358737945557,0.3919779360294342,0.003110760822892189,0.24894432723522186,0.03599522262811661
75,87,0.944925844669342,0.9353891611099243,0.009420862421393394,1.1583727598190308,0.11620941758155823
75,88,0.3930131494998932,0.3898833394050598,0.003100358648225665,0.2943609952926636,0.0678311437368393
75,89,0.6966132521629333,0.690522313117981,0.006047273986041546,0.4369063973426819,0.09542199969291687
75,90,0.44553059339523315,0.43639808893203735,0.008879130706191063,2.5336554050445557,0.043736811727285385
75,91,0.38211116194725037,0.379669725894928,0.0024296576157212257,0.11758386343717575,0.022713802754878998
75,92,0.958439826965332,0.9363403916358948,0.021337855607271194,7.615564823150635,0.153909832239151
75,93,0.3851246237754822,0.3828994035720825,0.0022109723649919033,0.1425466537475586,0.019258055835962296
75,94,0.4296681582927704,0.42683032155036926,0.0028143981471657753,0.23436567187309265,0.026124857366085052
75,95,0.45143723487854004,0.44423019886016846,0.00702883955091238,1.781907558441162,0.02939755469560623
75,96,0.7285049557685852,0.7226123809814453,0.005831061862409115,0.615239679813385,0.06843648850917816
75,97,0.12200050801038742,0.12081111967563629,0.001178148202598095,0.11241991817951202,0.07914197444915771
75,98,0.42216819524765015,0.4176996946334839,0.004432939924299717,0.3556227385997772,0.04523245990276337
75,99,0.053336482495069504,0.05290790647268295,0.0004004857619293034,0.2809046804904938,0.017229221761226654
75,100,0.059598106890916824,0.05925248563289642,0.0003382173599675298,0.07403172552585602,0.009704601019620895
76,1,1.018943428993225,0.9909533262252808,0.027116388082504272,8.736641883850098,0.17447945475578308
76,2,0.9858717322349548,0.9491227865219116,0.035257838666439056,14.91148567199707,0.15282392501831055
76,3,0.7085149884223938,0.7010601758956909,0.007386478595435619,0.6833282113075256,0.08517788350582123
76,4,0.45577356219291687,0.44931358098983765,0.006379990838468075,0.7998849153518677,0.06604360044002533
76,5,0.3804808557033539,0.37719249725341797,0.00325086060911417,0.3748137354850769,0.02960963547229767
76,6,0.8498793244361877,0.839360237121582,0.010390867479145527,1.282187581062317,0.1275639533996582
76,7,1.096315622329712,1.0596097707748413,0.03545400872826576,12.518022537231445,0.21141496300697327
76,8,0.027664169669151306,0.02748108096420765,0.0001478864869568497,0.3520241677761078,0.006794786546379328
76,9,0.3961101174354553,0.39113277196884155,0.0048979343846440315,0.7942937016487122,0.030211657285690308
76,10,0.4003715515136719,0.3922218680381775,0.007959842681884766,1.8982715606689453,0.03222201019525528
76,11,0.34267112612724304,0.33772724866867065,0.00484428508207202,0.9959846138954163,0.04429343715310097
76,12,0.8921571373939514,0.8828111886978149,0.009222537279129028,1.2341980934143066,0.08632861077785492
76,13,0.8744935989379883,0.8652807474136353,0.009105656296014786,1.0716915130615234,0.12488283216953278
76,14,0.3364485502243042,0.3336465656757355,0.0027744867838919163,0.27506229281425476,0.014677757397294044
76,15,0.12921279668807983,0.12831218540668488,0.0008947341702878475,0.05864603817462921,0.048223160207271576
76,16,0.33859774470329285,0.3332618772983551,0.005198982078582048,1.3687189817428589,0.04326016455888748
76,17,0.5954710841178894,0.5850595831871033,0.010197916999459267,2.1353726387023926,0.23798172175884247
76,18,0.5957511067390442,0.5850003361701965,0.010506970807909966,2.4377171993255615,0.2398763746023178
76,19,0.4717792570590973,0.4615273177623749,0.010010121390223503,2.418257713317871,0.0714525580406189
76,20,0.12192691117525101,0.12108619511127472,0.0008355827303603292,0.05135238543152809,0.046221524477005005
76,21,0.3552999198436737,0.35255569219589233,0.0027179569005966187,0.26247480511665344,0.021210070699453354
76,22,1.0765069723129272,1.0523160696029663,0.02354290895164013,6.480461597442627,0.14554530382156372
76,23,1.173120379447937,1.149916410446167,0.022672496736049652,5.314570903778076,0.16612274944782257
76,24,0.04288775101304054,0.04250682145357132,0.00034533499274402857,0.3559643030166626,0.01893765665590763
76,25,0.3344504237174988,0.3315644860267639,0.0028649731539189816,0.20940127968788147,0.023192230612039566
76,26,0.41160592436790466,0.4050144851207733,0.0064314273186028,1.5999934673309326,0.06801476329565048
76,27,0.1332714706659317,0.1320699155330658,0.0011927896412089467,0.08755411952733994,0.06529776751995087
76,28,0.3453426957130432,0.3421551585197449,0.003161256667226553,0.262765496969223,0.026510221883654594
76,29,0.9576393365859985,0.9447663426399231,0.012736968696117401,1.3600859642028809,0.1443985551595688
76,30,0.31892454624176025,0.31542712450027466,0.0034392718225717545,0.5815322399139404,0.04512421041727066
76,31,0.38364237546920776,0.3810941278934479,0.0025326735340058804,0.15591569244861603,0.02342318370938301
76,32,0.13249507546424866,0.13104578852653503,0.001436350867152214,0.12939758598804474,0.07449156045913696
76,33,1.1599540710449219,1.1251534223556519,0.03384847939014435,9.5206880569458,0.17251551151275635
76,34,0.04635833948850632,0.046096689999103546,0.00023618379782419652,0.2546732425689697,0.014811530709266663
76,35,0.3983304500579834,0.3962700366973877,0.0020398953929543495,0.20496594905853271,0.02062755823135376
76,36,0.5835362076759338,0.5684725046157837,0.01452988013625145,5.337932109832764,0.07076717913150787
76,37,0.4134138226509094,0.40949881076812744,0.003878149203956127,0.36871054768562317,0.03647814318537712
76,38,1.168103814125061,1.1363284587860107,0.030904093757271767,8.712970733642578,0.21599560976028442
76,39,0.3528016209602356,0.3502987027168274,0.002480659633874893,0.22255994379520416,0.013423945754766464
76,40,0.8586100935935974,0.833304762840271,0.024674275889992714,6.31015682220459,0.42435771226882935
76,41,0.36752960085868835,0.36486029624938965,0.0026561012491583824,0.13192324340343475,0.024023640900850296
76,42,0.40818139910697937,0.4042527675628662,0.003894226858392358,0.3440110981464386,0.049828462302684784
76,43,0.01569678634405136,0.015619953162968159,6.089497037464753e-05,0.15938811004161835,0.08188070356845856
76,44,0.9129437804222107,0.9034847021102905,0.009388061240315437,0.7098144292831421,0.11899367719888687
76,45,0.8570871353149414,0.8378668427467346,0.01872275210916996,4.974936485290527,0.4763363003730774
76,46,0.43022283911705017,0.4258882403373718,0.004287842195481062,0.4674820005893707,0.04540218412876129
76,47,0.8439445495605469,0.8249720335006714,0.018508300185203552,4.6419291496276855,0.5726836919784546
76,48,0.7124426364898682,0.7056663036346436,0.006708407308906317,0.679492712020874,0.07831025868654251
76,49,0.9042267203330994,0.894614577293396,0.009507743641734123,1.044274091720581,0.11565827578306198
76,50,0.3158068358898163,0.3123820722103119,0.0033556162379682064,0.6915412545204163,0.0438343845307827
76,51,0.12656578421592712,0.12527982890605927,0.0012715489137917757,0.14406250417232513,0.07279767096042633
76,52,0.02118363231420517,0.021071434020996094,7.973248284542933e-05,0.3246523141860962,0.0029832529835402966
76,53,0.22572389245033264,0.22364190220832825,0.00205977912992239,0.22211851179599762,0.04893803223967552
76,54,0.4210599660873413,0.4138946533203125,0.006958919111639261,2.063896656036377,0.05395311117172241
76,55,0.4440915286540985,0.43258947134017944,0.011218426749110222,2.8364014625549316,0.046553827822208405
76,56,0.8856195211410522,0.8729764223098755,0.012304875999689102,3.381883144378662,0.08043207228183746
76,57,0.4509825110435486,0.446354478597641,0.004584794864058495,0.4324803650379181,0.044970832765102386
76,58,1.1505351066589355,1.1273595094680786,0.0226605162024498,5.150467872619629,0.13991519808769226
76,59,0.2519620954990387,0.2494361400604248,0.002497891429811716,0.28063133358955383,0.06466761231422424
76,60,0.8149919509887695,0.8084288835525513,0.0065297759138047695,0.3334527909755707,0.07141295075416565
76,61,1.1394764184951782,1.1061711311340332,0.0321747288107872,11.306196212768555,0.16208773851394653
76,62,0.42644721269607544,0.41574814915657043,0.010373870842158794,3.2520532608032227,0.04825263470411301
76,63,1.1132251024246216,1.0839002132415771,0.028560033068060875,7.648326873779297,0.18265357613563538
76,64,0.32015568017959595,0.3169502317905426,0.003156807506456971,0.48625072836875916,0.039614927023649216
76,65,0.41178011894226074,0.406818151473999,0.004854476545006037,1.0750927925109863,0.03197944909334183
76,66,0.015802651643753052,0.015724588185548782,5.361589865060523e-05,0.24447597563266754,0.0012574081774801016
76,67,0.141354501247406,0.14051923155784607,0.0008296897867694497,0.055701497942209244,0.00823078490793705
76,68,0.1869545429944992,0.18580612540245056,0.0011341625358909369,0.1426457017660141,0.008761687204241753
76,69,0.048301491886377335,0.04796960949897766,0.00029915926279500127,0.32724326848983765,0.015622932463884354
76,70,1.003044843673706,0.9781458377838135,0.02413415163755417,7.648533344268799,0.16122975945472717
76,71,0.2235151082277298,0.22195109724998474,0.0015524827176705003,0.11537645012140274,0.04733865708112717
76,72,0.016284294426441193,0.016204386949539185,4.9877577112056315e-05,0.300299733877182,0.0011380300857126713
76,73,0.014604669064283371,0.01451689563691616,5.778800914413296e-05,0.299854040145874,0.0014115918893367052
76,74,0.8923092484474182,0.8657618761062622,0.02545146271586418,10.959118843078613,0.13116371631622314
76,75,0.012071052566170692,0.011998348869383335,5.7710582041181624e-05,0.14993396401405334,0.0524621456861496
76,76,0.8752856254577637,0.8588930368423462,0.016048423945903778,3.4416277408599854,0.4865140914916992
76,77,0.35877525806427,0.3567761480808258,0.001987868919968605,0.11247272044420242,0.018215157091617584
76,78,0.960235059261322,0.9350475072860718,0.024304179474711418,8.834280014038086,0.152460515499115
76,79,0.5615439414978027,0.5546524524688721,0.006787098944187164,1.0434025526046753,0.18486860394477844
76,80,1.1490999460220337,1.1290175914764404,0.01959621161222458,4.861514091491699,0.15923064947128296
76,81,0.018410589545965195,0.01832551881670952,5.222515028435737e-05,0.3284590542316437,0.0018594235880300403
76,82,1.069297432899475,1.0253218412399292,0.042125627398490906,18.499582290649414,0.1804751604795456
76,83,0.3968038856983185,0.39300280809402466,0.003715856932103634,0.8522518873214722,0.044209495186805725
76,84,0.8427718877792358,0.834525465965271,0.008198455907404423,0.47981029748916626,0.10000245273113251
76,85,0.021852636709809303,0.02170471101999283,0.00014753779396414757,0.0038663954474031925,0.0025095492601394653
76,86,0.44359222054481506,0.4395860433578491,0.003973953425884247,0.32206544280052185,0.04189407825469971
76,87,0.5661013126373291,0.5547846555709839,0.011096255853772163,2.2043309211730957,0.28161823749542236
76,88,0.4441642761230469,0.4377102255821228,0.006387118715792894,0.6694907546043396,0.07048378139734268
76,89,0.5754851698875427,0.563730776309967,0.01151817012578249,2.36195707321167,0.27511197328567505
76,90,0.7156384587287903,0.7082868814468384,0.007289321627467871,0.6224142909049988,0.08781503140926361
76,91,0.931705117225647,0.8956170082092285,0.03519747033715248,8.906379699707031,0.5685497522354126
76,92,0.12402929365634918,0.1232081949710846,0.0008157193660736084,0.05383022129535675,0.04117255657911301
76,93,0.7964760065078735,0.7808019518852234,0.015343524515628815,3.30478572845459,0.4452505111694336
76,94,0.9369001984596252,0.9176236391067505,0.0184943787753582,7.822049140930176,0.07427704334259033
76,95,0.11627209931612015,0.11559160053730011,0.0006760528776794672,0.04445583000779152,0.03779920935630798
76,96,0.34033265709877014,0.3385801315307617,0.001737559330649674,0.1495712697505951,0.011118914932012558
76,97,0.02467379719018936,0.02447633445262909,0.00015296971832867712,0.4449213445186615,0.007862907834351063
76,98,0.6954110860824585,0.6913975477218628,0.0039771972224116325,0.36362913250923157,0.05118677020072937
76,99,0.8741679191589355,0.8691256642341614,0.0050093038007617,0.32935625314712524,0.05365252494812012
76,100,0.8405988216400146,0.8355588912963867,0.0049998145550489426,0.4013775587081909,0.08188594877719879
77,1,0.3302236795425415,0.32730579376220703,0.0028766472823917866,0.4124705493450165,0.04859555512666702
77,2,0.8432669639587402,0.8383183479309082,0.004915939178317785,0.326759934425354,0.106954425573349
77,3,0.8804696202278137,0.8736574053764343,0.006745133548974991,0.6702961921691895,0.12776434421539307
77,4,1.0342313051223755,0.9994640350341797,0.0333779901266098,13.892927169799805,0.1497269570827484
77,5,0.8239140510559082,0.805465817451477,0.018008502200245857,4.397109508514404,0.3965778350830078
77,6,0.5592725276947021,0.5505468845367432,0.008570212870836258,1.5547277927398682,0.29002416133880615
77,7,0.16245953738689423,0.1607995480298996,0.0016374755650758743,0.22513221204280853,0.014268176630139351
77,8,0.2300819754600525,0.22807402908802032,0.001983139431104064,0.24810995161533356,0.04423657804727554
77,9,0.6664609313011169,0.6474816799163818,0.018559202551841736,4.200629234313965,0.25860536098480225
77,10,0.410066157579422,0.4049094617366791,0.0050265491008758545,1.3014167547225952,0.03612096235156059
77,11,0.9314814209938049,0.896174430847168,0.03438334912061691,9.236154556274414,0.32630130648612976
77,12,1.2129526138305664,1.1667829751968384,0.044887129217386246,12.824328422546387,0.2258269488811493
77,13,0.8114197850227356,0.7980484962463379,0.013179229572415352,1.920535922050476,0.10028937458992004
77,14,0.04937467351555824,0.049326930195093155,3.38415993610397e-05,0.13904523849487305,0.0012268978171050549
77,15,1.1048216819763184,1.0812309980392456,0.02307964488863945,5.110253810882568,0.17894916236400604
77,16,0.7000049352645874,0.694720983505249,0.005234670825302601,0.49266672134399414,0.06654620170593262
77,17,0.9335746169090271,0.924781084060669,0.008699147030711174,0.9438403248786926,0.1473606526851654
77,18,0.2815876305103302,0.28069743514060974,0.0008816212648525834,0.08587491512298584,0.020124098286032677
77,19,0.04849138483405113,0.04836760461330414,0.00011108627950306982,0.12694065272808075,0.006863661576062441
77,20,0.44869425892829895,0.44504785537719727,0.0036174720153212547,0.28929299116134644,0.06538787484169006
77,21,0.2148977667093277,0.21435876190662384,0.0005316416500136256,0.0735616683959961,0.004517786204814911
77,22,0.11543408036231995,0.11542026698589325,1.3796435268886853e-05,0.00018526519124861807,0.0006054078112356365
77,23,0.04282936081290245,0.04276017099618912,5.761900683864951e-05,0.11571536958217621,0.0028064618818461895
77,24,0.10533743351697922,0.10514368116855621,0.00017876493802759796,0.14992257952690125,0.010630873963236809
77,25,0.09612175822257996,0.0960700735449791,4.288059790269472e-05,0.08803050220012665,0.11505456268787384
77,26,0.07673569023609161,0.07656705379486084,0.0001522314705653116,0.16406936943531036,0.010647999122738838
77,27,0.20634117722511292,0.20527277886867523,0.0010574313346296549,0.1096743643283844,0.009569954127073288
77,28,0.8329316973686218,0.8210445642471313,0.011613596230745316,2.735382318496704,0.3408510088920593
77,29,0.9280624389648438,0.9166843295097351,0.011152924038469791,2.252129554748535,0.46520137786865234
77,30,0.06934729963541031,0.0693286582827568,1.8116688806912862e-06,0.16834266483783722,0.0010897306492552161
77,31,0.24151763319969177,0.23966634273529053,0.0018366908188909292,0.14595937728881836,0.04175905883312225
77,32,1.1679885387420654,1.1481190919876099,0.01932537741959095,5.440305233001709,0.17460988461971283
77,33,0.8432499170303345,0.8282748460769653,0.014621655456721783,3.5340850353240967,0.517009973526001
77,34,0.028200728818774223,0.02812914550304413,4.308590723667294e-05,0.28496718406677246,0.0015879548154771328
77,35,0.9676697254180908,0.9303311109542847,0.03581329435110092,15.253171920776367,0.17839659750461578
77,36,1.0849865674972534,1.0489015579223633,0.03492145985364914,11.636051177978516,0.2513822615146637
77,37,0.38956183195114136,0.3853908181190491,0.004135037772357464,0.3596824109554291,0.031204666942358017
77,38,0.12896502017974854,0.12796130776405334,0.0009947026846930385,0.09012527763843536,0.0441354438662529
77,39,0.38107964396476746,0.3773033022880554,0.003756891004741192,0.19459551572799683,0.027312729507684708
77,40,0.39217063784599304,0.38790029287338257,0.004217997193336487,0.5235159397125244,0.02759600803256035
77,41,0.22309273481369019,0.22051596641540527,0.0025589046999812126,0.1787332147359848,0.15658339858055115
77,42,1.1236572265625,1.0789430141448975,0.04314766079187393,15.665441513061523,0.17692553997039795
77,43,0.3925481140613556,0.38895606994628906,0.0035693892277777195,0.2265767753124237,0.02196919545531273
77,44,0.6862239241600037,0.6780107021331787,0.008129026740789413,0.8423367738723755,0.0690697431564331
77,45,0.8935651779174805,0.8825604915618896,0.010894997976720333,1.0968097448349,0.1182968020439148
77,46,0.21351255476474762,0.2123560607433319,0.0011372214648872614,0.1926129013299942,0.0047570569440722466
77,47,0.3378160297870636,0.3346181809902191,0.0031691244803369045,0.2873035967350006,0.018309466540813446
77,48,0.014310517348349094,0.014244269579648972,4.742492819787003e-05,0.18823184072971344,0.044561006128787994
77,49,0.39120009541511536,0.38848501443862915,0.002693356480449438,0.21723464131355286,0.022216523066163063
77,50,1.0052649974822998,0.9852098226547241,0.01948641985654831,5.6869425773620605,0.4218170642852783
77,51,0.039697710424661636,0.03949484974145889,0.00017411979206372052,0.2874031066894531,0.01065257377922535
77,52,0.012777299620211124,0.01269966084510088,5.843518010806292e-05,0.19203752279281616,0.0670267790555954
77,53,0.022064322605729103,0.02198588103055954,5.254249117569998e-05,0.2589866518974304,0.0019608973525464535
77,54,1.1299293041229248,1.1084704399108887,0.021002858877182007,4.559933662414551,0.20414450764656067
77,55,0.02680000476539135,0.0266907699406147,8.113578951451927e-05,0.2809929847717285,0.0044275615364313126
77,56,0.353603333234787,0.34889131784439087,0.004679997451603413,0.3202120363712311,0.03884400427341461
77,57,0.3529243767261505,0.35008764266967773,0.002825398463755846,0.1131073534488678,0.0480106845498085
77,58,1.0775679349899292,1.0523905754089355,0.024549575522542,6.277470111846924,0.19686979055404663
77,59,0.3419038951396942,0.33809128403663635,0.0037547945976257324,0.5781795978546143,0.05064256861805916
77,60,0.4615017771720886,0.4545367956161499,0.0068128970451653,1.5208208560943604,0.04853891581296921
77,61,0.9400140047073364,0.9097497463226318,0.028993193060159683,12.710845947265625,0.11654344201087952
77,62,0.3557889461517334,0.35211098194122314,0.003645249642431736,0.3273061513900757,0.019674617797136307
77,63,0.4124825596809387,0.40841639041900635,0.004001716151833534,0.6445657014846802,0.031848832964897156
77,64,0.5737150311470032,0.5640952587127686,0.009434064850211143,1.8571398258209229,0.231015145778656
77,65,0.3192022740840912,0.3158787488937378,0.0032697878777980804,0.5373222827911377,0.031566303223371506
77,66,0.12408708781003952,0.12318511307239532,0.0008961261482909322,0.05846236273646355,0.04077763482928276
77,67,0.8624353408813477,0.8539173603057861,0.00842345878481865,0.9452319145202637,0.11573715507984161
77,68,0.2417847067117691,0.24008601903915405,0.0016786549240350723,0.20023974776268005,0.031291328370571136
77,69,0.38623520731925964,0.38302069902420044,0.0031802915036678314,0.34226593375205994,0.02542325109243393
77,70,0.4524563252925873,0.4460447132587433,0.00632212869822979,0.8949447870254517,0.04751723259687424
77,71,0.4099592864513397,0.4058924913406372,0.0040352316573262215,0.3156253397464752,0.04164933040738106
77,72,0.7754437327384949,0.7547903060913086,0.020159952342510223,4.934648513793945,0.2866787910461426
77,73,0.01870538853108883,0.018605541437864304,6.34950483799912e-05,0.3635092079639435,0.0027257907204329967
77,74,0.12225659936666489,0.1212705448269844,0.0009800153784453869,0.0604390911757946,0.04758324846625328
77,75,0.8056699633598328,0.7836858034133911,0.021489854902029037,4.942796230316162,0.37557604908943176
77,76,0.2302580028772354,0.2281631976366043,0.002074403688311577,0.20403572916984558,0.04158657044172287
77,77,0.7732123732566833,0.7527421116828918,0.019976221024990082,4.940893173217773,0.38928502798080444
77,78,0.13039050996303558,0.1290004551410675,0.0013812290271744132,0.08814649283885956,0.06460651755332947
77,79,0.3460492789745331,0.34200456738471985,0.003999615088105202,0.45102459192276,0.02933388575911522
77,80,0.12856130301952362,0.12729983031749725,0.0012537826551124454,0.07683958113193512,0.06505189836025238
77,81,0.24757586419582367,0.24526578187942505,0.002279068809002638,0.3100700378417969,0.04757266491651535
77,82,0.9726212620735168,0.9537065625190735,0.0184052474796772,5.094121932983398,0.1689334660768509
77,83,0.3380841612815857,0.33471933007240295,0.0033375669736415148,0.2728066146373749,0.025067925453186035
77,84,0.4431670010089874,0.4388257563114166,0.004306425340473652,0.3480674922466278,0.04148764908313751
77,85,0.4532373547554016,0.4484094977378845,0.004780840594321489,0.4701991677284241,0.06187573820352554
77,86,0.91227787733078,0.9031585454940796,0.009049978107213974,0.6935686469078064,0.10226137936115265
77,87,0.011812771670520306,0.011733205989003181,5.8368328609503806e-05,0.2119651585817337,0.06247333437204361
77,88,0.8187572360038757,0.8015164732933044,0.016841640695929527,3.991178035736084,0.26054149866104126
77,89,0.17519544064998627,0.17439696192741394,0.0007888589752838016,0.09619531780481339,0.008491791784763336
77,90,0.6318439245223999,0.6188052892684937,0.012737326323986053,3.013277530670166,0.23976561427116394
77,91,0.8673141002655029,0.8455760478973389,0.021159909665584564,5.781494140625,0.5017423629760742
77,92,0.3853636682033539,0.38233816623687744,0.0030065032187849283,0.18995915353298187,0.027158088982105255
77,93,0.019678352400660515,0.019577454775571823,6.785154255339876e-05,0.33045968413352966,0.003599714022129774
77,94,0.7973518967628479,0.7766827344894409,0.02016400545835495,5.051258087158203,0.39855390787124634
77,95,1.0795127153396606,1.0559550523757935,0.022962916642427444,5.946918964385986,0.17199882864952087
77,96,0.012176190502941608,0.012096477672457695,5.491268530022353e-05,0.2480049431324005,0.07656446099281311
77,97,0.12063824385404587,0.11971723288297653,0.0009150088299065828,0.06007146090269089,0.0486050620675087
77,98,1.0866996049880981,1.0660239458084106,0.020242199301719666,4.334500789642334,0.1488245278596878
77,99,0.12092370539903641,0.11939891427755356,0.0015105337370187044,0.1426117718219757,0.09372074902057648
77,100,0.1211034432053566,0.1198296770453453,0.001261136494576931,0.12626595795154572,0.09098193049430847
78,1,0.8536340594291687,0.8438794612884521,0.009642215445637703,1.1234091520309448,0.10522019863128662
78,2,0.02034420520067215,0.02023543044924736,7.330648077186197e-05,0.3546757996082306,0.0042245169170200825
78,3,0.9258095622062683,0.903043806552887,0.02191033959388733,8.554108619689941,0.10679913312196732
78,4,1.1277705430984497,1.1064280271530151,0.02086225152015686,4.80296516418457,0.14007842540740967
78,5,1.0275202989578247,0.9886474609375,0.03723611310124397,16.367481231689453,0.13255012035369873
78,6,0.39553990960121155,0.39248180389404297,0.0030334172770380974,0.2467065155506134,0.028552280738949776
78,7,0.34148961305618286,0.338247150182724,0.003174977842718363,0.6747921705245972,0.03981614485383034
78,8,0.7150673866271973,0.7043118476867676,0.010621974244713783,1.3359369039535522,0.0964059829711914
78,9,0.2419804036617279,0.24014143645763397,0.0018042305018752813,0.3473667502403259,0.015229582786560059
78,10,0.411652147769928,0.40687090158462524,0.004716016352176666,0.6525042653083801,0.03980012238025665
78,11,0.23215198516845703,0.22991928458213806,0.0022058929316699505,0.26804453134536743,0.05550727993249893
78,12,0.028989717364311218,0.02878459170460701,0.00015838557737879455,0.46740004420280457,0.00986022874712944
78,13,0.015606852248311043,0.015461189672350883,0.00011707059456966817,0.28591421246528625,0.08138561248779297
78,14,0.38414591550827026,0.3798297643661499,0.00427958182990551,0.3656414747238159,0.03945259749889374
78,15,0.12370739877223969,0.12172121554613113,0.001967764925211668,0.184207484126091,0.11074762046337128
78,16,0.1841435581445694,0.18277716636657715,0.0013473554281517863,0.1904992163181305,0.00968189723789692
78,17,0.12424325942993164,0.12259386479854584,0.0016334631945937872,0.15931878983974457,0.09717965871095657
78,18,0.3478781580924988,0.3441620469093323,0.003678098786622286,0.37994930148124695,0.020380638539791107
78,19,0.026231897994875908,0.026072293519973755,0.00011713874118868262,0.42466384172439575,0.009279470890760422
78,20,0.9706246852874756,0.9368162751197815,0.03301895409822464,7.8947930335998535,0.5705934762954712
78,21,0.338888943195343,0.3360978960990906,0.0027639982290565968,0.2705089747905731,0.01378445141017437
78,22,0.10908715426921844,0.10866976529359818,0.0004161651886533946,0.01221630722284317,0.01179659552872181
78,23,0.43781647086143494,0.4318215250968933,0.005830798298120499,1.6414324045181274,0.03186726197600365
78,24,0.5992671251296997,0.5875551104545593,0.011450743302702904,2.612211227416992,0.21451584994792938
78,25,0.41078707575798035,0.4063848853111267,0.004286138340830803,1.1605727672576904,0.04179578274488449
78,26,0.013893852941691875,0.01382347010076046,5.190540832700208e-05,0.18477432429790497,0.0430474579334259
78,27,1.160578727722168,1.1370006799697876,0.022891808301210403,6.862891674041748,0.13955704867839813
78,28,0.24764439463615417,0.24602076411247253,0.0016111043514683843,0.12528374791145325,0.06016171723604202
78,29,0.6807863712310791,0.6755399107933044,0.005191973876208067,0.5448287725448608,0.0756353884935379
78,30,0.018460428342223167,0.018344024196267128,7.423533679684624e-05,0.4216780960559845,0.0035645433235913515
78,31,0.32248353958129883,0.32053661346435547,0.0019321382278576493,0.1477784812450409,0.01202182937413454
78,32,0.023103982210159302,0.02293926477432251,0.00011984153388766572,0.4487682282924652,0.004182012751698494
78,33,1.1661854982376099,1.1310988664627075,0.03378726541996002,12.994240760803223,0.1646777093410492
78,34,0.012978717684745789,0.012869794853031635,8.797725604381412e-05,0.20945602655410767,0.07185301929712296
78,35,0.9730192422866821,0.9380730390548706,0.03373948112130165,12.066839218139648,0.22489577531814575
78,36,0.9085759520530701,0.8948671221733093,0.013557301834225655,1.515174388885498,0.1905815303325653
78,37,0.39363372325897217,0.3878816068172455,0.005652058869600296,1.0003857612609863,0.03981064260005951
78,38,0.04924009367823601,0.04882551729679108,0.00037123626680113375,0.4334007501602173,0.020784851163625717
78,39,0.42467042803764343,0.4165049195289612,0.007868653163313866,2.968625545501709,0.05117301642894745
78,40,0.4276461899280548,0.4231281876564026,0.004478705581277609,0.39304497838020325,0.04440653324127197
78,41,0.04716573283076286,0.046779289841651917,0.00034611287992447615,0.40329939126968384,0.02378671243786812
78,42,0.41673338413238525,0.4131149649620056,0.003570573404431343,0.4782547950744629,0.0254967138171196
78,43,0.7137333750724792,0.7069083452224731,0.0067591555416584015,0.6587575674057007,0.06638230383396149
78,44,0.8537889719009399,0.8334656953811646,0.01983502320945263,4.88289737701416,0.4249431788921356
78,45,0.6770987510681152,0.6706861257553101,0.006356541533023119,0.560688853263855,0.06715792417526245
78,46,0.8666293621063232,0.8556243777275085,0.010840015485882759,1.6497886180877686,0.11990167945623398
78,47,0.40757662057876587,0.40222489833831787,0.005174452438950539,1.7725486755371094,0.04823397845029831
78,48,1.195554494857788,1.1584700345993042,0.03615576773881912,9.286932945251465,0.19604429602622986
78,49,1.1857013702392578,1.155306339263916,0.029732108116149902,6.629302501678467,0.19158175587654114
78,50,0.014872347004711628,0.014798125252127647,4.622411506716162e-05,0.2799762487411499,0.001788482186384499
78,51,0.38090336322784424,0.37568381428718567,0.005114796571433544,1.047656774520874,0.04936093091964722
78,52,0.12142191082239151,0.12018001079559326,0.0012302123941481113,0.11688781529664993,0.10624891519546509
78,53,0.39684557914733887,0.3936803340911865,0.003136454150080681,0.28798583149909973,0.04195091128349304
78,54,0.9747189283370972,0.9611175656318665,0.01338836271315813,2.1303160190582275,0.20973047614097595
78,55,0.18771977722644806,0.18629199266433716,0.0014102895511314273,0.17499466240406036,0.011099121533334255
78,56,0.8550065159797668,0.8384363651275635,0.016118910163640976,4.51287317276001,0.4179289937019348
78,57,0.4245653450489044,0.41866907477378845,0.005756929982453585,1.39340341091156,0.038985978811979294
78,58,0.865318775177002,0.8474026322364807,0.017244160175323486,6.719985008239746,0.10246714949607849
78,59,1.0448496341705322,1.027698040008545,0.01676526665687561,3.8633408546447754,0.14124828577041626
78,60,0.404489666223526,0.4010390043258667,0.003409694181755185,0.4097505807876587,0.02870551496744156
78,61,0.1288944035768509,0.12830516695976257,0.0005846394342370331,0.0460013821721077,0.035116299986839294
78,62,0.8595375418663025,0.8510143756866455,0.008420148864388466,1.0299205780029297,0.10813816636800766
78,63,0.012906205840408802,0.012827856466174126,6.444389873649925e-05,0.13905979692935944,0.045655056834220886
78,64,0.8620749711990356,0.8425149917602539,0.019108138978481293,4.518821716308594,0.47779199481010437
78,65,0.3380899131298065,0.33463627099990845,0.0033943718299269676,0.5926636457443237,0.03311113640666008
78,66,0.9120886325836182,0.8892392516136169,0.02237580344080925,4.735344886779785,0.5106000900268555
78,67,0.016964459791779518,0.01693537086248398,2.332813892280683e-06,0.2675766944885254,0.00040074187563732266
78,68,0.012304154224693775,0.012227794155478477,5.949268233962357e-05,0.16866913437843323,0.0642441064119339
78,69,0.12739874422550201,0.12643912434577942,0.000953728100284934,0.05892939120531082,0.05118124186992645
78,70,0.32725754380226135,0.3241947889328003,0.0030393898487091064,0.23353619873523712,0.014647668227553368
78,71,0.6339275240898132,0.61625075340271,0.017297402024269104,3.7938849925994873,0.3124242424964905
78,72,0.8272482752799988,0.8178746700286865,0.009319367818534374,0.5425630807876587,0.11311431229114532
78,73,0.6335089802742004,0.6175973415374756,0.015595485456287861,3.161600112915039,0.3115369379520416
78,74,0.586094319820404,0.5747483968734741,0.011143299750983715,2.0261404514312744,0.2632168233394623
78,75,0.2530367374420166,0.24860122799873352,0.004326719790697098,1.0877758264541626,0.019758068025112152
78,76,0.7136669158935547,0.7067211270332336,0.006876063533127308,0.6976433992385864,0.0801805779337883
78,77,0.026160521432757378,0.02602153643965721,0.00010645420843502507,0.3253040313720703,0.006341854110360146
78,78,0.33887621760368347,0.3348224461078644,0.003985956311225891,0.6780720353126526,0.04294878989458084
78,79,0.45793241262435913,0.4536783695220947,0.004208548925817013,0.4550045132637024,0.04615922272205353
78,80,0.014038712717592716,0.013958552852272987,4.848091339226812e-05,0.3167921304702759,0.0019470989936962724
78,81,0.8956089019775391,0.8804587125778198,0.01459391601383686,5.562851428985596,0.08350875973701477
78,82,0.9969633221626282,0.9692531824111938,0.026835691183805466,8.7446870803833,0.41297101974487305
78,83,0.015219866298139095,0.015125637874007225,5.7863951951730996e-05,0.3636418581008911,0.002175374887883663
78,84,0.12535522878170013,0.12367193400859833,0.001668643206357956,0.1464308500289917,0.09776782989501953
78,85,0.6342077255249023,0.6187593936920166,0.015084747225046158,3.6356313228607178,0.2849956750869751
78,86,0.18846428394317627,0.18669307231903076,0.0017473071347922087,0.23899748921394348,0.012887423858046532
78,87,0.6781346201896667,0.6696538925170898,0.008406773209571838,0.7395861148834229,0.08575766533613205
78,88,1.0150622129440308,0.9835861921310425,0.03044113516807556,10.3488130569458,0.15161368250846863
78,89,0.044364083558321,0.043927956372499466,0.0003871633089147508,0.4896373450756073,0.022105738520622253
78,90,0.12472043186426163,0.12385900318622589,0.0008561228169128299,0.05303448438644409,0.04817719757556915
78,91,0.9234524369239807,0.8941468000411987,0.028049424290657043,12.562230110168457,0.09722688794136047
78,92,0.4041197896003723,0.3996613621711731,0.004341100342571735,1.1732300519943237,0.04631471261382103
78,93,0.014214237220585346,0.014124552719295025,5.4704301874153316e-05,0.3498042821884155,0.00191731215454638
78,94,0.04870818927884102,0.04856608435511589,0.00014177322736941278,0.00330719375051558,0.004970845766365528
78,95,0.0021740009542554617,0.0021408405154943466,2.481765250195167e-06,0.30678609013557434,0.0004277823318261653
78,96,0.3055397570133209,0.30374032258987427,0.00178319972474128,0.1623447984457016,0.08903844654560089
78,97,0.981406569480896,0.9634833335876465,0.017218805849552155,7.044275760650635,0.07998428493738174
78,98,0.6624801158905029,0.6580802202224731,0.004363183863461018,0.36699408292770386,0.061176806688308716
78,99,0.4309692978858948,0.4245326519012451,0.0062796734273433685,1.5695946216583252,0.07070577889680862
78,100,0.025893421843647957,0.025731679052114487,0.00010997068602591753,0.5177140235900879,0.0029905582778155804
79,1,0.9020746350288391,0.884156346321106,0.01729707419872284,6.212181091308594,0.10844042897224426
79,2,0.8167880177497864,0.7980276942253113,0.018328256905078888,4.3206706047058105,0.625702977180481
79,3,0.8741680383682251,0.8662073612213135,0.00790596753358841,0.5469576120376587,0.08902466297149658
79,4,0.2026996910572052,0.19985294342041016,0.002786097349599004,0.6064232587814331,0.02004891261458397
79,5,0.20393379032611847,0.20082217454910278,0.0030644084326922894,0.4720361530780792,0.017709527164697647
79,6,0.970465362071991,0.9479898810386658,0.02150694653391838,9.6848783493042,0.09928183257579803
79,7,0.4216731786727905,0.41761401295661926,0.004009746015071869,0.49418583512306213,0.03175947442650795
79,8,0.8981063365936279,0.8897625207901001,0.008239522576332092,1.0429426431655884,0.06576396524906158
79,9,0.1234680563211441,0.12271593511104584,0.0007481524953618646,0.03971759229898453,0.0365368090569973
79,10,0.8258658051490784,0.8090819120407104,0.016455428674817085,3.2845587730407715,0.37541019916534424
79,11,1.004630208015442,0.9894383549690247,0.014916135929524899,2.7572920322418213,0.1278362274169922
79,12,0.12320174276828766,0.1224440336227417,0.0007531020091846585,0.0460791140794754,0.04041093587875366
79,13,0.8966301083564758,0.8683857321739197,0.026969950646162033,12.744114875793457,0.10692816972732544
79,14,0.609975278377533,0.5990722179412842,0.010690802708268166,2.1222598552703857,0.25492554903030396
79,15,0.01808343641459942,0.017992382869124413,5.8595829614205286e-05,0.32458752393722534,0.0025718784891068935
79,16,0.8849340081214905,0.8742877244949341,0.010538938455283642,1.0734448432922363,0.18271449208259583
79,17,0.013341845013201237,0.013248652219772339,7.642392301931977e-05,0.16768693923950195,0.07788112759590149
79,18,0.01380959153175354,0.013730907812714577,5.0882688810816035e-05,0.2780049443244934,0.0018397473031654954
79,19,1.0062042474746704,0.9717214107513428,0.03327348083257675,12.093220710754395,0.22529250383377075
79,20,1.1251070499420166,1.073808193206787,0.04942729324102402,18.71576499938965,0.21864935755729675
79,21,0.12990355491638184,0.12904107570648193,0.0008574880193918943,0.04984516650438309,0.0448685884475708
79,22,0.02014313079416752,0.02006000280380249,5.731491546612233e-05,0.25813084840774536,0.002246265299618244
79,23,0.8062326312065125,0.7849934697151184,0.020717617124319077,5.215249538421631,0.5304804444313049
79,24,0.20179328322410583,0.2007158249616623,0.001059745904058218,0.17721517384052277,0.007484341971576214
79,25,0.022386683151125908,0.022291705012321472,6.870084325782955e-05,0.26277777552604675,0.0027891751378774643
79,26,0.011511136777698994,0.011443907395005226,5.262147533358075e-05,0.14607356488704681,0.04883885383605957
79,27,0.010880549438297749,0.010820004157721996,4.57521018688567e-05,0.14792747795581818,0.05024521425366402
79,28,0.6054237484931946,0.5962890982627869,0.008942259475588799,1.9238131046295166,0.18767917156219482
79,29,0.2069949358701706,0.2057039439678192,0.0012691384181380272,0.21854421496391296,0.007406391203403473
79,30,0.8823230862617493,0.8535972833633423,0.027936220169067383,7.8957133293151855,0.31660109758377075
79,31,0.8421737551689148,0.834477424621582,0.0076225814409554005,0.7373566627502441,0.1228601485490799
79,32,0.8655507564544678,0.8371536135673523,0.02763102576136589,7.661169528961182,0.6286776065826416
79,33,0.8915189504623413,0.8816453814506531,0.009805535897612572,0.6801347732543945,0.12196426093578339
79,34,0.31934618949890137,0.31571274995803833,0.0035765566863119602,0.5688022971153259,0.04811351001262665
79,35,0.18627287447452545,0.18507927656173706,0.0011789617128670216,0.14632399380207062,0.009313348680734634
79,36,0.6336756348609924,0.6209110021591187,0.012462913990020752,3.01716685295105,0.30006372928619385
79,37,0.6157233715057373,0.6051799654960632,0.010314669460058212,2.287368059158325,0.28032952547073364
79,38,0.4213389754295349,0.4153444170951843,0.005829945206642151,1.6461879014968872,0.039376676082611084
79,39,0.014542707242071629,0.014458938501775265,5.0376722356304526e-05,0.33391204476356506,0.0017612648662179708
79,40,0.918578565120697,0.9079014658927917,0.010497561655938625,1.7955845594406128,0.13896402716636658
79,41,0.025676008313894272,0.02554802969098091,9.340506949229166e-05,0.34575149416923523,0.0069249654188752174
79,42,0.26446422934532166,0.26067936420440674,0.0036909757182002068,0.9388622641563416,0.01794370450079441
79,43,0.4126227796077728,0.408590704202652,0.003967558965086937,0.6452102065086365,0.03161276876926422
79,44,0.894358217716217,0.8844680786132812,0.009781607426702976,1.0856932401657104,0.08841168135404587
79,45,0.22986511886119843,0.22817286849021912,0.0016787155764177442,0.13536527752876282,0.04086409509181976
79,46,0.25012484192848206,0.24763430655002594,0.002458774484694004,0.31776976585388184,0.047764699906110764
79,47,0.2360444813966751,0.23416359722614288,0.0018653017468750477,0.1559121459722519,0.04530922323465347
79,48,0.865926206111908,0.8559163212776184,0.009923004545271397,0.8691989183425903,0.08269636332988739
79,49,1.1159391403198242,1.0886569023132324,0.026627590879797935,6.547250747680664,0.13552188873291016
79,50,0.4089292287826538,0.40505433082580566,0.003832857124507427,0.42056983709335327,0.03416263312101364
79,51,0.025536231696605682,0.02538290061056614,0.0001143964909715578,0.3893439471721649,0.005688623525202274
79,52,0.8063901662826538,0.7828589081764221,0.023010972887277603,5.203066349029541,0.3385998010635376
79,53,1.012752652168274,0.9746931791305542,0.03634262830018997,17.16874122619629,0.13199621438980103
79,54,0.4109868109226227,0.40510353446006775,0.0057118134573102,1.7146098613739014,0.05423528701066971
79,55,0.9536588191986084,0.9333807826042175,0.019590236246585846,6.877922058105469,0.1420273780822754
79,56,0.8492940664291382,0.842892050743103,0.0063601164147257805,0.4192645251750946,0.08249888569116592
79,57,0.02831076644361019,0.028165172785520554,0.0001131519820773974,0.3244161605834961,0.005244340747594833
79,58,0.9758588671684265,0.9513877630233765,0.023413212969899178,10.578810691833496,0.1104954183101654
79,59,0.8714115023612976,0.8645148277282715,0.006851889193058014,0.447842538356781,0.08564254641532898
79,60,1.1481596231460571,1.1226234436035156,0.02480139397084713,7.348543643951416,0.16915923357009888
79,61,0.23532244563102722,0.23338307440280914,0.0019168616272509098,0.2251705527305603,0.05002959817647934
79,62,0.8448940515518188,0.8237209320068359,0.020590990781784058,5.8208842277526855,0.4230770468711853
79,63,0.01762845180928707,0.017538180574774742,5.652943946188316e-05,0.33742398023605347,0.001840593060478568
79,64,0.2319716513156891,0.22973453998565674,0.002209950238466263,0.2716690003871918,0.050221651792526245
79,65,0.9376453161239624,0.9112301468849182,0.025378115475177765,10.370805740356445,0.14306640625
79,66,0.9175671935081482,0.9066531658172607,0.01082717813551426,0.8683767318725586,0.12565390765666962
79,67,0.015248114243149757,0.015158490277826786,6.93323090672493e-05,0.20291286706924438,0.06886152923107147
79,68,0.6290109753608704,0.6155358552932739,0.013227887451648712,2.472151279449463,0.24891027808189392
79,69,0.38417619466781616,0.38132792711257935,0.002833218779414892,0.1504392772912979,0.024611789733171463
79,70,0.1272725611925125,0.1265808343887329,0.0006874086684547365,0.043231114745140076,0.03508488088846207
79,71,0.3859240412712097,0.38358694314956665,0.002317449077963829,0.1965445727109909,0.02307332120835781
79,72,0.013205867260694504,0.01312314160168171,6.443132588174194e-05,0.18293604254722595,0.04715506359934807
79,73,0.9724221229553223,0.9517359733581543,0.019887151196599007,7.989757537841797,0.11004392802715302
79,74,0.33540570735931396,0.33233019709587097,0.003060478949919343,0.15028116106987,0.02033555880188942
79,75,1.0548720359802246,1.0263090133666992,0.027688106521964073,8.748262405395508,0.13510814309120178
79,76,0.364096999168396,0.3616257309913635,0.002456274814903736,0.1497821807861328,0.02011210098862648
79,77,0.014154911041259766,0.01405302993953228,7.834208372514695e-05,0.23539598286151886,0.06613168120384216
79,78,1.1397521495819092,1.1097075939178467,0.029305655509233475,7.388795375823975,0.19295990467071533
79,79,0.4153814911842346,0.40976476669311523,0.005566215142607689,0.5052072405815125,0.07688742130994797
79,80,0.13293837010860443,0.13154783844947815,0.0013825823552906513,0.07941316068172455,0.07229803502559662
79,81,0.4401853382587433,0.42942118644714355,0.010475385934114456,2.887610673904419,0.08880826830863953
79,82,0.02089950256049633,0.02078947424888611,6.607975228689611e-05,0.4394908547401428,0.0022727535106241703
79,83,0.8019483089447021,0.7952069044113159,0.00669544842094183,0.4594239890575409,0.08205263316631317
79,84,0.429924339056015,0.41958028078079224,0.010111786425113678,2.3229174613952637,0.05709734559059143
79,85,0.6068062782287598,0.5967607498168945,0.009863801300525665,1.817338228225708,0.23388314247131348
79,86,0.9275361895561218,0.9109762907028198,0.015920490026474,6.393881797790527,0.09343008697032928
79,87,0.012819771654903889,0.01273904275149107,6.433493399526924e-05,0.16393627226352692,0.047648556530475616
79,88,0.9244135618209839,0.9181934595108032,0.006171549670398235,0.4856269955635071,0.07076611369848251
79,89,0.8552749752998352,0.8492968678474426,0.005920592695474625,0.5750299692153931,0.08980974555015564
79,90,0.7199814319610596,0.7143188714981079,0.005607886705547571,0.5463892221450806,0.06521078199148178
79,91,0.12618879973888397,0.12545572221279144,0.0007284246385097504,0.04642333462834358,0.03224687650799751
79,92,0.8673929572105408,0.8576980829238892,0.009519224986433983,1.75650155544281,0.08166748285293579
79,93,0.32353731989860535,0.32117635011672974,0.002335228957235813,0.25759968161582947,0.013500074855983257
79,94,0.12857215106487274,0.1276533603668213,0.0009106334764510393,0.08156808465719223,0.04224743694067001
79,95,0.7061916589736938,0.6980329155921936,0.008077463135123253,0.8129251599311829,0.08541762828826904
79,96,0.2309400886297226,0.22892218828201294,0.0019968501292169094,0.21059052646160126,0.04175998270511627
79,97,0.4287800192832947,0.42334848642349243,0.005380690097808838,0.5085004568099976,0.06577780842781067
79,98,0.784298837184906,0.7574797868728638,0.026200607419013977,6.184467315673828,0.4084893465042114
79,99,0.40889132022857666,0.4034925699234009,0.005256425589323044,1.4233676195144653,0.04689668491482735
79,100,0.4184247851371765,0.41228440403938293,0.005947017576545477,1.933549165725708,0.04870931804180145
80,1,0.8262835144996643,0.802464485168457,0.02314949408173561,6.695127964019775,0.383758008480072
80,2,0.12175589054822922,0.1210499182343483,0.0007016941672191024,0.0427602156996727,0.03403954952955246
80,3,0.025212669745087624,0.02508622407913208,9.421425784239545e-05,0.32230886816978455,0.0052056023851037025
80,4,0.7966791987419128,0.7761504054069519,0.020028218626976013,5.005448818206787,0.34141767024993896
80,5,0.8331291079521179,0.8242529630661011,0.008802246302366257,0.7390135526657104,0.0845235288143158
80,6,0.32528817653656006,0.32182228565216064,0.003417616244405508,0.48285940289497375,0.039692386984825134
80,7,0.007453196682035923,0.007406951859593391,2.9701906896661967e-05,0.1654331535100937,0.0647754818201065
80,8,0.8000586032867432,0.7782841920852661,0.021239452064037323,5.349268913269043,0.3810880184173584
80,9,0.41649219393730164,0.4119669497013092,0.0044866944663226604,0.3855418860912323,0.0493343323469162
80,10,0.6920766830444336,0.6733058094978333,0.01830383390188217,4.6704230308532715,0.10162591189146042
80,11,0.42924055457115173,0.42075425386428833,0.008215844631195068,2.704690933227539,0.056957393884658813
80,12,0.21215783059597015,0.2095615416765213,0.0025528280530124903,0.43469664454460144,0.023802872747182846
80,13,0.013834713026881218,0.01374344527721405,7.133708277251571e-05,0.19930560886859894,0.08427897095680237
80,14,0.01615162193775177,0.01603686437010765,9.420957940164953e-05,0.20548973977565765,0.08281905204057693
80,15,0.9238000512123108,0.8960318565368652,0.026991501450538635,7.767085075378418,0.5434114933013916
80,16,0.3827640116214752,0.3779425621032715,0.004761107731610537,0.6035014986991882,0.0414821058511734
80,17,0.8451524972915649,0.8353677988052368,0.00969594344496727,0.8877454996109009,0.1498190313577652
80,18,0.3288072645664215,0.32305967807769775,0.00562029704451561,1.2729923725128174,0.05050338804721832
80,19,0.011824727058410645,0.011753450147807598,5.1631053793244064e-05,0.1964586079120636,0.04690297693014145
80,20,0.4706192910671234,0.45978695154190063,0.010493133217096329,3.391983985900879,0.04756253957748413
80,21,0.3252718448638916,0.3234354853630066,0.0018189151305705309,0.17448356747627258,0.01076456531882286
80,22,0.023471402004361153,0.023370888084173203,6.730953464284539e-05,0.3320300579071045,0.002908805850893259
80,23,0.04340372979640961,0.04308468475937843,0.0002839698572643101,0.3507179915904999,0.012372037395834923
80,24,0.23063327372074127,0.22891393303871155,0.0016994929173961282,0.19841861724853516,0.03625285625457764
80,25,0.22603215277194977,0.22457808256149292,0.0014390363357961178,0.1503342241048813,0.0374954417347908
80,26,0.04674925282597542,0.04631293937563896,0.000400104618165642,0.3620951473712921,0.018417373299598694
80,27,0.8536317944526672,0.8477193117141724,0.005856840871274471,0.5567420125007629,0.08434534072875977
80,28,0.8685584664344788,0.8528600931167603,0.01532427966594696,3.740682363510132,0.3862656354904175
80,29,0.4351544976234436,0.43133509159088135,0.00378332263790071,0.3610517680644989,0.040592946112155914
80,30,0.5951319932937622,0.5855231285095215,0.009418690577149391,1.9017671346664429,0.23422297835350037
80,31,0.8490948677062988,0.8418883681297302,0.007159625645726919,0.4683597981929779,0.08816471695899963
80,32,0.3535349667072296,0.34864258766174316,0.0047875139862298965,1.0488762855529785,0.06695561110973358
80,33,0.12652438879013062,0.12570446729660034,0.0008145985193550587,0.053211770951747894,0.054353609681129456
80,34,0.8412606716156006,0.8205639123916626,0.020199893042445183,4.968503952026367,0.6501378417015076
80,35,0.9378260374069214,0.9081836938858032,0.028519567102193832,11.22789192199707,0.1896074116230011
80,36,0.8438366055488586,0.8216092586517334,0.02159310132265091,6.342313766479492,0.42473453283309937
80,37,0.024750424548983574,0.02460872381925583,0.00010135336924577132,0.4034675359725952,0.004200427792966366
80,38,0.11878646910190582,0.11775161325931549,0.00102521781809628,0.09644283354282379,0.08802469074726105
80,39,0.8677262663841248,0.8582606911659241,0.00929249171167612,1.731066346168518,0.08590000867843628
80,40,0.4229174554347992,0.41927969455718994,0.0035405803937464952,0.9717905521392822,0.031398706138134
80,41,0.339941143989563,0.3378746211528778,0.0020487415604293346,0.17779994010925293,0.01424296572804451
80,42,0.015843963250517845,0.015746325254440308,6.342183041851968e-05,0.34216347336769104,0.0035364986397325993
80,43,0.37530046701431274,0.3731692135334015,0.0021196878515183926,0.11550240963697433,0.019177991896867752
80,44,0.07944954931735992,0.07903222739696503,0.0004128465079702437,0.04474716633558273,0.03078405186533928
80,45,0.8912776708602905,0.8672060966491699,0.023021318018436432,10.502585411071777,0.1073811948299408
80,46,0.9671340584754944,0.9466840028762817,0.019579468294978142,8.705836296081543,0.11167687177658081
80,47,0.9112899899482727,0.8977982997894287,0.013193206861615181,2.9851174354553223,0.1078215017914772
80,48,0.9131749868392944,0.9015911221504211,0.011444025672972202,1.398297905921936,0.14348334074020386
80,49,1.1392416954040527,1.1107890605926514,0.027641883119940758,8.107906341552734,0.17181679606437683
80,50,0.1281326562166214,0.12717176973819733,0.0009555199649184942,0.053705956786870956,0.04391216114163399
80,51,0.44769594073295593,0.43895378708839417,0.008490834385156631,2.5131406784057617,0.051712047308683395
80,52,0.4480244219303131,0.44232314825057983,0.005649617873132229,0.5164369940757751,0.08347348123788834
80,53,1.1759732961654663,1.1458650827407837,0.02930239588022232,8.058534622192383,0.1869729459285736
80,54,0.19355139136314392,0.1913612186908722,0.0021509898360818624,0.39191582798957825,0.013025544583797455
80,55,0.6931894421577454,0.6859889030456543,0.00713661452755332,0.6390267014503479,0.08198060095310211
80,56,0.39394161105155945,0.38955095410346985,0.0042870440520346165,1.0361534357070923,0.043816640973091125
80,57,0.1283343881368637,0.12755391001701355,0.0007750606164336205,0.05425616353750229,0.0393809899687767
80,58,0.4177229702472687,0.4122198820114136,0.005363229662179947,1.398717999458313,0.04087618738412857
80,59,0.6803958415985107,0.6738487482070923,0.006488951854407787,0.5813528895378113,0.05997122824192047
80,60,1.068608045578003,1.0324251651763916,0.03474090248346329,14.419355392456055,0.1394762396812439
80,61,0.023580700159072876,0.02343500778079033,0.00010699586709961295,0.3869640529155731,0.005652596242725849
80,62,0.44519346952438354,0.4402884840965271,0.004865686409175396,0.39302024245262146,0.046282894909381866
80,63,0.9279767274856567,0.913805365562439,0.014004416763782501,1.6694481372833252,0.13964956998825073
80,64,0.6851133108139038,0.6767060160636902,0.008319983258843422,0.8729279637336731,0.07869638502597809
80,65,0.22791025042533875,0.22578951716423035,0.0021000350825488567,0.20698440074920654,0.047969356179237366
80,66,0.3456798493862152,0.3396489918231964,0.005879371426999569,1.514971137046814,0.04948672652244568
80,67,0.8742489814758301,0.864521861076355,0.009661344811320305,0.6580554842948914,0.11288758367300034
80,68,0.014425361528992653,0.014324499294161797,6.161677447380498e-05,0.3924524188041687,0.0021396612282842398
80,69,0.12401356548070908,0.12242681533098221,0.0015685947146266699,0.18158957362174988,0.10184019804000854
80,70,0.630171000957489,0.6068508625030518,0.022786125540733337,5.339780807495117,0.2556551694869995
80,71,0.1269821673631668,0.12541653215885162,0.0015510771190747619,0.14552119374275208,0.09009142220020294
80,72,1.1301764249801636,1.1031527519226074,0.026358243077993393,6.654473781585693,0.17369794845581055
80,73,0.5591863989830017,0.5501677393913269,0.008871646597981453,1.4697957038879395,0.2070547193288803
80,74,0.12062783539295197,0.11989503353834152,0.000728297745808959,0.045044828206300735,0.03877668455243111
80,75,0.04121116176247597,0.040906183421611786,0.00027493934612721205,0.30041468143463135,0.015943383798003197
80,76,0.38315001130104065,0.3792338967323303,0.003839933779090643,0.7616336941719055,0.03836984932422638
80,77,0.4957256019115448,0.48802676796913147,0.007513275370001793,1.8555192947387695,0.039696842432022095
80,78,0.01732928864657879,0.01725427620112896,5.0174341595266014e-05,0.24838843941688538,0.0022148401476442814
80,79,0.37377557158470154,0.3714507818222046,0.002313045784831047,0.1174226924777031,0.02311920002102852
80,80,0.450074166059494,0.44633516669273376,0.0037022014148533344,0.3680851459503174,0.050309330224990845
80,81,0.7191847562789917,0.7132326364517212,0.005894265603274107,0.5787191987037659,0.08491602540016174
80,82,0.1251964271068573,0.12409821897745132,0.0010862706694751978,0.11934193968772888,0.08398935198783875
80,83,0.9582561254501343,0.9355804920196533,0.02181793376803398,8.577160835266113,0.12950950860977173
80,84,0.027100104838609695,0.027007218450307846,6.528825906571001e-05,0.275986909866333,0.0024866177700459957
80,85,0.4400339424610138,0.4353627562522888,0.004617353901267052,0.5380847454071045,0.055507056415081024
80,86,0.32852664589881897,0.3262571692466736,0.0022452431730926037,0.2423839122056961,0.027644813060760498
80,87,1.0330162048339844,1.0094740390777588,0.02275233343243599,7.898787021636963,0.18494772911071777
80,88,0.43261584639549255,0.4284484386444092,0.0041234130039811134,0.43995052576065063,0.053796738386154175
80,89,0.26835522055625916,0.26624158024787903,0.002105036284774542,0.08598123490810394,0.06694793701171875
80,90,1.1122380495071411,1.091362714767456,0.020381124690175056,4.94203519821167,0.1389670968055725
80,91,0.020246582105755806,0.020140497013926506,6.828487676102668e-05,0.3780127763748169,0.0035831560380756855
80,92,0.46159857511520386,0.4556295573711395,0.005896165035665035,0.7287862300872803,0.07203418016433716
80,93,0.40679386258125305,0.3999384343624115,0.0066668372601270676,1.8860151767730713,0.0604114904999733
80,94,0.20277324318885803,0.20036503672599792,0.0023703009355813265,0.3790304660797119,0.015825282782316208
80,95,0.5785481333732605,0.5663532018661499,0.011967968195676804,2.2696595191955566,0.2016558051109314
80,96,0.23954108357429504,0.23633399605751038,0.0031582906376570463,0.48795977234840393,0.0222371406853199
80,97,0.2216394990682602,0.2197079360485077,0.001914673950523138,0.16884824633598328,0.04572100564837456
80,98,0.11992168426513672,0.11866583675146103,0.0012432767543941736,0.1256997436285019,0.07030569761991501
80,99,0.013857761397957802,0.01377950981259346,5.9009966207668185e-05,0.1924208402633667,0.046261414885520935
80,100,0.06658107787370682,0.06613572686910629,0.00043452371028251946,0.10822857916355133,0.009440228343009949
