epoch,batch,total_loss,loss2neighbor,loss_idt,loss_reg,loss_bg
1,1,25.36583709716797,19.073118209838867,6.269671440124512,230.4759521484375,
1,2,20.13646125793457,14.5532865524292,5.5619916915893555,211.82127380371094,
1,3,31.8961181640625,18.25391387939453,13.606573104858398,356.31732177734375,
1,4,7.6368889808654785,3.7792458534240723,3.8472228050231934,104.20465850830078,
1,5,4.761964321136475,2.865781307220459,1.8907759189605713,54.070411682128906,
1,6,4.3092360496521,2.1811490058898926,2.12233304977417,57.54038619995117,
1,7,2.78061842918396,1.811837077140808,0.9660574197769165,27.23910140991211,
1,8,1.7312885522842407,1.3529776334762573,0.37628281116485596,20.28090476989746,
1,9,1.4230164289474487,1.135646939277649,0.2859346866607666,14.347845077514648,
1,10,2.6517333984375,2.4014129638671875,0.2490682303905487,12.520597457885742,
1,11,1.3701379299163818,1.1629960536956787,0.20622797310352325,9.13810920715332,
1,12,1.0228841304779053,0.8694727420806885,0.1526740938425064,7.37277364730835,
1,13,1.1347392797470093,1.049062728881836,0.08517833054065704,4.9813055992126465,
1,14,1.3338359594345093,1.1486406326293945,0.18467722833156586,5.180509567260742,
1,15,1.6919900178909302,1.487880825996399,0.20351634919643402,5.9278364181518555,
1,16,1.219156265258789,1.1641288995742798,0.05472930148243904,2.9802703857421875,
1,17,1.055321455001831,0.9526593685150146,0.10234415531158447,3.179030418395996,
1,18,1.2769355773925781,1.1216678619384766,0.15477372705936432,4.939636707305908,
1,19,0.8538108468055725,0.7929188013076782,0.060638077557086945,2.539708375930786,
1,20,0.9840266108512878,0.8653160333633423,0.11833631992340088,3.7426109313964844,
1,21,1.3747085332870483,1.2707040309906006,0.10370689630508423,2.9771761894226074,
1,22,0.7399322390556335,0.6574668884277344,0.0821506604552269,3.1469364166259766,
1,23,1.147246241569519,1.0928850173950195,0.05404891446232796,3.1230878829956055,
1,24,0.6704046726226807,0.6268129944801331,0.04335945472121239,2.322448968887329,
1,25,0.9461246728897095,0.8732483386993408,0.0726923942565918,1.8393805027008057,
1,26,0.5991013050079346,0.5405328273773193,0.058334365487098694,2.3414196968078613,
1,27,0.7218210697174072,0.6831024885177612,0.038546882569789886,1.7170311212539673,
1,28,0.7050760984420776,0.6705539226531982,0.034339308738708496,1.828877568244934,
1,29,0.8719122409820557,0.8429857492446899,0.02872108668088913,2.0540049076080322,
1,30,1.0329890251159668,0.9590852856636047,0.07368655502796173,2.172380208969116,
1,31,1.132261872291565,1.085420846939087,0.04670093581080437,1.4010486602783203,
1,32,1.0872927904129028,1.0393353700637817,0.04778888821601868,1.686118245124817,
1,33,0.8392404913902283,0.8057834506034851,0.033255673944950104,2.0135746002197266,
1,34,1.0448851585388184,0.9813336133956909,0.06331804394721985,2.335002899169922,
1,35,1.2005633115768433,1.140078067779541,0.060295578092336655,1.8971996307373047,
1,36,0.9890430569648743,0.9169283509254456,0.07189492136240005,2.1978867053985596,
1,37,0.7136809825897217,0.6888803243637085,0.024657107889652252,1.435001254081726,
1,38,0.8656289577484131,0.8399473428726196,0.025516312569379807,1.652992606163025,
1,39,1.065150499343872,1.0324195623397827,0.032529547810554504,2.012911558151245,
1,40,0.8639432191848755,0.8106896877288818,0.053077198565006256,1.7630414962768555,
1,41,0.9421620965003967,0.8761641383171082,0.06580962985754013,1.8835991621017456,
1,42,0.7419420480728149,0.6678661704063416,0.07388005405664444,1.957851529121399,
1,43,2.0936532020568848,2.0562071800231934,0.037282440811395645,1.6349281072616577,
1,44,0.46408164501190186,0.4262542724609375,0.037663280963897705,1.6409472227096558,
1,45,0.9076125621795654,0.871690034866333,0.03581300750374794,1.0951217412948608,
1,46,1.162460207939148,1.121626853942871,0.040703415870666504,1.299582839012146,
1,47,1.3386000394821167,1.2995803356170654,0.03884885087609291,1.7081122398376465,
1,48,0.8238950967788696,0.7754921317100525,0.04823773726820946,1.6519851684570312,
1,49,1.0450400114059448,1.002826452255249,0.04207449406385422,1.3914921283721924,
1,50,0.5650763511657715,0.5270723700523376,0.037853408604860306,1.5054486989974976,
1,51,0.9058777689933777,0.8581175804138184,0.04762671887874603,1.3344135284423828,
1,52,1.1077959537506104,1.0884344577789307,0.019187990576028824,1.7347075939178467,
1,53,0.9480673670768738,0.9045336246490479,0.04335510730743408,1.7865986824035645,
1,54,1.1774450540542603,1.1223440170288086,0.05491441488265991,1.865921139717102,
1,55,0.8619757890701294,0.8428313732147217,0.018996048718690872,1.4836541414260864,
1,56,1.063352346420288,1.0288091897964478,0.034433651715517044,1.0953184366226196,
1,57,0.5395759344100952,0.5186835527420044,0.020776433870196342,1.1595714092254639,
1,58,1.043443202972412,1.0048524141311646,0.03842709958553314,1.6366984844207764,
1,59,0.668097198009491,0.6495440602302551,0.018414607271552086,1.3852297067642212,
1,60,0.928349494934082,0.8999104499816895,0.028320368379354477,1.186741828918457,
1,61,0.6337329149246216,0.6089811325073242,0.02455051615834236,2.0127968788146973,
1,62,0.8276512026786804,0.7848522067070007,0.042680270969867706,1.1870685815811157,
1,63,1.1141263246536255,1.0789088010787964,0.03510160744190216,1.1581826210021973,
1,64,0.6256300806999207,0.6088789701461792,0.016655629500746727,0.9548432230949402,
1,65,0.8650984168052673,0.8280293941497803,0.03694118559360504,1.2786816358566284,
1,66,0.8320044279098511,0.7946404814720154,0.03723534196615219,1.2862111330032349,
1,67,0.8759983777999878,0.834456205368042,0.04140757396817207,1.3460849523544312,
1,68,0.8689507842063904,0.8304622769355774,0.0383727103471756,1.1582245826721191,
1,69,1.119343876838684,1.0847370624542236,0.03448872268199921,1.1818715333938599,
1,70,0.9780018329620361,0.9499045610427856,0.027829885482788086,2.67391300201416,
1,71,1.023910403251648,1.0005295276641846,0.023176833987236023,2.0409913063049316,
1,72,0.8948410153388977,0.8688186407089233,0.025852300226688385,1.7006560564041138,
1,73,0.740423321723938,0.7037928700447083,0.03651873767375946,1.1169601678848267,
1,74,0.7828292846679688,0.7461501359939575,0.036573052406311035,1.0610182285308838,
1,75,0.838354766368866,0.8124362230300903,0.02583332173526287,0.8525519371032715,
1,76,0.6543822288513184,0.6371520757675171,0.017107155174016953,1.2301992177963257,
1,77,1.2893531322479248,1.2529546022415161,0.036227963864803314,1.7063384056091309,
1,78,0.9555956721305847,0.9259135127067566,0.029590396210551262,0.9176881909370422,
1,79,0.5902851819992065,0.5717613697052002,0.01839924231171608,1.2455729246139526,
1,80,0.6281983852386475,0.6099632382392883,0.018103590235114098,1.3154979944229126,
1,81,0.8249542117118835,0.7948399186134338,0.029838360846042633,2.7593789100646973,
1,82,0.5450587868690491,0.5303634405136108,0.014620000496506691,0.753616452217102,
1,83,0.4933510720729828,0.46559005975723267,0.027624819427728653,1.3621023893356323,
1,84,0.9247667193412781,0.8963741660118103,0.028288083150982857,1.0450832843780518,
1,85,0.4245496690273285,0.39509135484695435,0.02932024374604225,1.3807337284088135,
1,86,0.8869838714599609,0.8489348888397217,0.037933945655822754,1.1501539945602417,
1,87,0.6526320576667786,0.6345176100730896,0.018002811819314957,1.1164358854293823,
1,88,0.9029933214187622,0.8726799488067627,0.030219390988349915,0.9397276043891907,
1,89,0.6979639530181885,0.6812489032745361,0.016576716676354408,1.3836177587509155,
1,90,0.8684674501419067,0.8348679542541504,0.0334935188293457,1.059889316558838,
1,91,0.5328925848007202,0.506813645362854,0.025901883840560913,1.7702537775039673,
1,92,0.9457234144210815,0.9218094944953918,0.023715784773230553,1.9810198545455933,
1,93,1.104396939277649,1.076048731803894,0.028237611055374146,1.106088638305664,
1,94,0.8087348341941833,0.785771369934082,0.022881776094436646,0.8173771500587463,
1,95,0.6745586395263672,0.6571530103683472,0.017230715602636337,1.7491319179534912,
1,96,0.8145777583122253,0.786424994468689,0.0280449315905571,1.0780551433563232,
1,97,0.8265267610549927,0.7951294183731079,0.03128833323717117,1.090277075767517,
1,98,0.7656390070915222,0.7394559383392334,0.025978002697229385,2.050644874572754,
1,99,0.42246249318122864,0.3998256325721741,0.022529058158397675,1.0779240131378174,
1,100,0.9044855833053589,0.8699169754981995,0.03444536402821541,1.232351303100586,
2,1,0.8967123031616211,0.8699158430099487,0.02657545730471611,2.2099862098693848,
2,2,0.6223031282424927,0.6009628772735596,0.021214863285422325,1.2541903257369995,
2,3,0.6480109691619873,0.6313122510910034,0.016551479697227478,1.4725099802017212,
2,4,0.4330155551433563,0.40772131085395813,0.025164347141981125,1.2991129159927368,
2,5,0.781537652015686,0.7521048784255981,0.02918364852666855,2.4914615154266357,
2,6,0.42312875390052795,0.4000731408596039,0.022944021970033646,1.1157035827636719,
2,7,0.6940004825592041,0.670685350894928,0.023091835901141167,2.2330410480499268,
2,8,0.892842173576355,0.8673502206802368,0.025399141013622284,0.9277892112731934,
2,9,0.6288419961929321,0.6041238307952881,0.024510730057954788,2.0740747451782227,
2,10,0.9023257493972778,0.8759506344795227,0.026290731504559517,0.8438038229942322,
2,11,0.7058389186859131,0.6810298562049866,0.024522818624973297,2.8622050285339355,
2,12,0.7534417510032654,0.7304071187973022,0.022968025878071785,0.6659852266311646,
2,13,0.9920517206192017,0.9616769552230835,0.03002762608230114,3.4712324142456055,
2,14,2.1796703338623047,2.1537907123565674,0.025600867345929146,2.787287712097168,
2,15,0.6160195469856262,0.5958186388015747,0.020076490938663483,1.24378502368927,
2,16,0.45052772760391235,0.4317288398742676,0.018658488988876343,1.4038681983947754,
2,17,0.9759050011634827,0.9437446594238281,0.031975798308849335,1.8453725576400757,
2,18,0.6720895767211914,0.6462949514389038,0.0255548395216465,2.3979053497314453,
2,19,0.7555480003356934,0.7297874093055725,0.025684215128421783,0.7638015151023865,
2,20,0.4894377589225769,0.4736252427101135,0.01571965403854847,0.9286736249923706,
2,21,0.8269020915031433,0.7936981916427612,0.03309953957796097,1.043769359588623,
2,22,1.1008765697479248,1.0642681121826172,0.036408402025699615,2.0005605220794678,
2,23,1.1995443105697632,1.1610207557678223,0.03833428770303726,1.8935564756393433,
2,24,0.5340979099273682,0.50777667760849,0.02610994502902031,2.1127963066101074,
2,25,0.8922178149223328,0.8594520688056946,0.03263411670923233,1.3163646459579468,
2,26,1.1832033395767212,1.1508002281188965,0.03224276006221771,1.603031039237976,
2,27,0.7124107480049133,0.6832027435302734,0.028875082731246948,3.3289825916290283,
2,28,0.6601126194000244,0.6433591246604919,0.01659126579761505,1.6225683689117432,
2,29,0.5255303382873535,0.5006580948829651,0.024658696725964546,2.135486125946045,
2,30,0.7457152605056763,0.7184323072433472,0.027181893587112427,1.0110701322555542,
2,31,0.7967772483825684,0.7678329348564148,0.02884672023355961,0.9755644798278809,
2,32,0.658193826675415,0.6388797163963318,0.019155215471982956,1.5892103910446167,
2,33,0.7604879140853882,0.7325736284255981,0.02781776525080204,0.9650546312332153,
2,34,0.5647768974304199,0.5424444675445557,0.02215401455760002,1.7839123010635376,
2,35,0.8652666807174683,0.8410962820053101,0.024057138711214066,1.1324689388275146,
2,36,0.4394327998161316,0.4197634160518646,0.019534124061465263,1.3526071310043335,
2,37,1.0818514823913574,1.0494304895401,0.032300785183906555,1.2019258737564087,
2,38,0.8863338232040405,0.8566873669624329,0.02952750399708748,1.189548373222351,
2,39,1.353272557258606,1.3355714082717896,0.017560675740242004,1.4040708541870117,
2,40,0.6018566489219666,0.5686343312263489,0.03313101455569267,0.9133434891700745,
2,41,0.5772152543067932,0.553982138633728,0.022955093532800674,2.7802350521087646,
2,42,0.8783732652664185,0.8528969287872314,0.025366060435771942,1.1026843786239624,
2,43,1.1177946329116821,1.089324712753296,0.02835385873913765,1.1605480909347534,
2,44,0.8619908094406128,0.8356974124908447,0.02617722749710083,1.161588430404663,
2,45,0.5803215503692627,0.5626428127288818,0.017524482682347298,1.5424772500991821,
2,46,0.8767743706703186,0.8483045101165771,0.028361696749925613,1.0817574262619019,
2,47,0.7341804504394531,0.7067379951477051,0.027355924248695374,0.86562579870224,
2,48,0.7298911809921265,0.7139662504196167,0.015725303441286087,1.9961791038513184,
2,49,0.975848913192749,0.9479443430900574,0.027797605842351913,1.069923758506775,
2,50,0.40913116931915283,0.3906220495700836,0.018401995301246643,1.0711711645126343,
2,51,0.595284104347229,0.5711738467216492,0.023866239935159683,2.440264940261841,
2,52,0.9923282265663147,0.9655901193618774,0.026637893170118332,1.0019574165344238,
2,53,0.9931492209434509,0.9680031538009644,0.025053391233086586,0.9265558123588562,
2,54,0.5807119607925415,0.550417423248291,0.030205436050891876,0.8912107348442078,
2,55,0.8825514316558838,0.8598926067352295,0.02255595102906227,1.0287573337554932,
2,56,1.2007553577423096,1.1695895195007324,0.03102077543735504,1.4504642486572266,
2,57,0.6045351028442383,0.5770394802093506,0.02741444669663906,0.8116061091423035,
2,58,0.43288910388946533,0.41324755549430847,0.019508901983499527,1.3264411687850952,
2,59,0.9169067740440369,0.8907114267349243,0.026092257350683212,1.0310763120651245,
2,60,0.8869929909706116,0.8652998805046082,0.021611742675304413,0.8138235807418823,
2,61,1.0033230781555176,0.9803327322006226,0.022909041494131088,0.8129715323448181,
2,62,1.0732264518737793,1.0464508533477783,0.026670245453715324,1.054402232170105,
2,63,0.5100643634796143,0.4972567856311798,0.012718001380562782,0.895825207233429,
2,64,0.593711793422699,0.5737265348434448,0.01978330872952938,2.019533634185791,
2,65,0.8961635231971741,0.874402642250061,0.02166561223566532,0.9524022340774536,
2,66,0.5179358124732971,0.4969557225704193,0.020802238956093788,1.7785816192626953,
2,67,1.0753265619277954,1.0485455989837646,0.026687655597925186,0.9330166578292847,
2,68,0.6454516649246216,0.6228299140930176,0.022356608882546425,2.651327133178711,
2,69,0.7743424773216248,0.7500975131988525,0.024009281769394875,2.35695219039917,
2,70,0.7887520790100098,0.7697737812995911,0.018902475014328957,0.758281946182251,
2,71,0.6399078369140625,0.6191966533660889,0.020519480109214783,1.9170273542404175,
2,72,0.784557580947876,0.7617947459220886,0.02268723025918007,0.7558507323265076,
2,73,0.8902989625930786,0.8694924712181091,0.020736396312713623,0.7010287642478943,
2,74,0.8500751256942749,0.8288248777389526,0.021017754450440407,2.3249013423919678,
2,75,1.1715116500854492,1.1528762578964233,0.018553419038653374,0.8197228312492371,
2,76,0.8790083527565002,0.8590933084487915,0.01982199400663376,0.9302163124084473,
2,77,0.7215034365653992,0.7008600234985352,0.02056852914392948,0.7486383318901062,
2,78,0.953128457069397,0.9299240112304688,0.02311662584543228,0.8777889013290405,
2,79,0.7109674215316772,0.6921552419662476,0.01856636069715023,2.4580307006835938,
2,80,0.619168758392334,0.6018356084823608,0.0171503946185112,1.8276153802871704,
2,81,0.9959272742271423,0.9735016226768494,0.022337812930345535,0.8784887194633484,
2,82,0.9498286247253418,0.9274896383285522,0.02225305326282978,0.8592889904975891,
2,83,0.622378408908844,0.6043267250061035,0.017815660685300827,2.360325813293457,
2,84,0.6854366660118103,0.667048454284668,0.0181697029620409,2.185333490371704,
2,85,0.5439751148223877,0.5249656438827515,0.018839886412024498,1.695639967918396,
2,86,0.6760424971580505,0.6566205024719238,0.01920447312295437,2.174997329711914,
2,87,0.7121357917785645,0.6910830736160278,0.020970262587070465,0.8240706920623779,
2,88,1.1808305978775024,1.1570374965667725,0.023617517203092575,1.7556394338607788,
2,89,0.8450127243995667,0.822681188583374,0.022251233458518982,0.802814781665802,
2,90,0.9999437928199768,0.9759489297866821,0.023852292448282242,1.4255386590957642,
2,91,0.4624420404434204,0.4471839964389801,0.015123100951313972,1.3495256900787354,
2,92,0.9826664924621582,0.9550930261611938,0.027334127575159073,2.393214464187622,
2,93,0.45907750725746155,0.43889766931533813,0.020049553364515305,1.3029190301895142,
2,94,0.7039870619773865,0.6814823150634766,0.022215552628040314,2.891977071762085,
2,95,1.1883878707885742,1.1614631414413452,0.026798568665981293,1.2611445188522339,
2,96,0.8340621590614319,0.8129523396492004,0.021016154438257217,0.9361282587051392,
2,97,0.9978904724121094,0.9669988751411438,0.030676305294036865,2.153095245361328,
2,98,0.86933434009552,0.8436094522476196,0.025467898696660995,2.570406198501587,
2,99,0.4155549108982086,0.4001957178115845,0.015231224708259106,1.2798140048980713,
2,100,1.0011261701583862,0.9784976243972778,0.02253315970301628,0.9538881182670593,
3,1,0.6342757344245911,0.6170350909233093,0.017049599438905716,1.9106225967407227,
3,2,1.1103981733322144,1.0832889080047607,0.026937207207083702,1.7200671434402466,
3,3,0.43219903111457825,0.4133261442184448,0.018733397126197815,1.3950908184051514,
3,4,0.4219035804271698,0.40605872869491577,0.015748437494039536,0.9640501141548157,
3,5,0.7859252691268921,0.7628397345542908,0.0229885745793581,0.9699307680130005,
3,6,0.41970598697662354,0.4039387106895447,0.015630042180418968,1.3722587823867798,
3,7,0.8622707724571228,0.8382309079170227,0.023946205154061317,0.9363728165626526,
3,8,0.7897433042526245,0.7669689655303955,0.02269729971885681,0.7698202729225159,
3,9,1.5836399793624878,1.533814549446106,0.049185849726200104,6.396072864532471,
3,10,0.44378459453582764,0.4249282479286194,0.018702030181884766,1.5432788133621216,
3,11,0.7438390851020813,0.7259911894798279,0.017790138721466064,0.5773454308509827,
3,12,0.5374893546104431,0.5192636251449585,0.018008485436439514,2.172559976577759,
3,13,1.0053598880767822,0.9822181463241577,0.02300361916422844,1.3820878267288208,
3,14,1.0719956159591675,1.0474164485931396,0.024481462314724922,0.9774993062019348,
3,15,0.5694571137428284,0.5503295063972473,0.018916603177785873,2.110196352005005,
3,16,0.40962690114974976,0.39540982246398926,0.01412815973162651,0.8891774415969849,
3,17,0.4993407726287842,0.4851527810096741,0.014073966071009636,1.140201449394226,
3,18,0.647328794002533,0.6284412145614624,0.018828198313713074,0.5933723449707031,
3,19,0.5120247006416321,0.4931837320327759,0.018633805215358734,2.072129011154175,
3,20,0.5809696912765503,0.5599002838134766,0.02100345492362976,0.659142255783081,
3,21,0.6200177073478699,0.605162501335144,0.014678401872515678,1.7677788734436035,
3,22,1.1652166843414307,1.1409878730773926,0.024042349308729172,1.8645890951156616,
3,23,0.563007652759552,0.5419521331787109,0.020765800029039383,2.8976380825042725,
3,24,0.3921813368797302,0.37920883297920227,0.012905338779091835,0.6716494560241699,
3,25,1.0815678834915161,1.055068850517273,0.02633221261203289,1.6674131155014038,
3,26,0.7547460794448853,0.7238593101501465,0.030516164377331734,3.7063183784484863,
3,27,0.780603289604187,0.7596080303192139,0.020906541496515274,0.8871342539787292,
3,28,0.9179438352584839,0.8954169750213623,0.022410353645682335,1.1650012731552124,
3,29,0.694201648235321,0.6721959114074707,0.02171265333890915,2.930868148803711,
3,30,0.6286294460296631,0.609860897064209,0.018709540367126465,0.5900940299034119,
3,31,0.948011577129364,0.9256713390350342,0.022240344434976578,0.9989908337593079,
3,32,0.39724504947662354,0.3829214572906494,0.014231665059924126,0.9193522930145264,
3,33,0.7614301443099976,0.7416567206382751,0.019697140902280807,0.7629859447479248,
3,34,0.5944700241088867,0.5796752572059631,0.014678135514259338,1.1663131713867188,
3,35,0.7325097918510437,0.7055779695510864,0.026629965752363205,3.0181639194488525,
3,36,0.8707276582717896,0.8509293794631958,0.019720468670129776,0.7781292796134949,
3,37,0.6291438341140747,0.6091564893722534,0.01975000649690628,2.373528003692627,
3,38,0.9365621209144592,0.9154819250106812,0.02097776159644127,1.0244535207748413,
3,39,0.8353438377380371,0.8151061534881592,0.02011299878358841,1.246794581413269,
3,40,1.0223476886749268,1.000735878944397,0.02147180400788784,1.4000579118728638,
3,41,0.5969580411911011,0.5824421048164368,0.014376160688698292,1.3979960680007935,
3,42,0.5081093311309814,0.4909392297267914,0.016998590901494026,1.7150336503982544,
3,43,0.4233621060848236,0.4088222086429596,0.014419462531805038,1.2042920589447021,
3,44,0.6749985814094543,0.6544746160507202,0.020260144025087357,2.638052225112915,
3,45,0.6319930553436279,0.6138486862182617,0.01808812841773033,0.5623853802680969,
3,46,0.6166422963142395,0.5992292761802673,0.017157895490527153,2.5507972240448,
3,47,0.5593094229698181,0.5396515130996704,0.01938333734869957,2.745992422103882,
3,48,0.5872325301170349,0.5685931444168091,0.018578719347715378,0.6066931486129761,
3,49,0.597233772277832,0.5764220952987671,0.02057049795985222,2.4116129875183105,
3,50,0.5587574243545532,0.5396164655685425,0.018927104771137238,2.1384615898132324,
3,51,1.1219596862792969,1.1003875732421875,0.02139737457036972,1.7474944591522217,
3,52,1.231121301651001,1.2064470052719116,0.024529945105314255,1.4431114196777344,
3,53,1.1537162065505981,1.1295007467269897,0.024009279906749725,2.062864065170288,
3,54,0.8956599831581116,0.8795604705810547,0.01579590141773224,3.03644061088562,
3,55,0.38499948382377625,0.37165409326553345,0.013257838785648346,0.8754700422286987,
3,56,1.0866641998291016,1.064703345298767,0.02185552567243576,1.0542008876800537,
3,57,0.7792313694953918,0.7478489279747009,0.031024202704429626,3.582426071166992,
3,58,0.6833090782165527,0.6605330109596252,0.02252991683781147,2.461930990219116,
3,59,0.7752552628517151,0.7595474720001221,0.01563621498644352,0.7161369919776917,
3,60,0.6973879337310791,0.6808406114578247,0.01647959277033806,0.676868736743927,
3,61,0.6297894716262817,0.6116805672645569,0.01789054274559021,2.184035301208496,
3,62,0.8420839309692383,0.8227136135101318,0.019239746034145355,1.3057509660720825,
3,63,0.7953866124153137,0.7780758142471313,0.01723097823560238,0.7978367209434509,
3,64,0.6156630516052246,0.5963262319564819,0.019083095714449883,2.5374200344085693,
3,65,0.5644956231117249,0.5487627983093262,0.015681099146604538,0.5173430442810059,
3,66,0.518354594707489,0.5034283995628357,0.014732221141457558,1.9393261671066284,
3,67,0.7023995518684387,0.6860626339912415,0.016267847269773483,0.6910123229026794,
3,68,0.6488290429115295,0.6327051520347595,0.016073957085609436,0.4996258616447449,
3,69,0.8712154626846313,0.8523188829421997,0.018819954246282578,0.7667704820632935,
3,70,0.6553992629051208,0.6327129602432251,0.02239726111292839,2.8904380798339844,
3,71,1.163178563117981,1.1396580934524536,0.02340153232216835,1.1895617246627808,
3,72,0.7959072589874268,0.7809129953384399,0.014944282360374928,0.5000031590461731,
3,73,0.8247225880622864,0.8012375235557556,0.02322377823293209,2.6132144927978516,
3,74,0.6507664322853088,0.6338329911231995,0.016877086833119392,0.5630262494087219,
3,75,0.4911622703075409,0.4767521023750305,0.014255670830607414,1.5449198484420776,
3,76,1.0522081851959229,1.0335876941680908,0.018543021753430367,0.7747389078140259,
3,77,0.6685102581977844,0.64999920129776,0.018274571746587753,2.365093469619751,
3,78,0.4961946904659271,0.4834156930446625,0.012673492543399334,1.054921269416809,
3,79,0.9866165518760681,0.9679668545722961,0.01856352388858795,0.8621327877044678,
3,80,1.180851697921753,1.158655047416687,0.022078674286603928,1.180131435394287,
3,81,0.8612800240516663,0.8444650769233704,0.01672402024269104,0.9089691638946533,
3,82,1.1407896280288696,1.1196098327636719,0.021085316315293312,0.9454009532928467,
3,83,0.5863548517227173,0.570583164691925,0.01571810618042946,0.5357103943824768,
3,84,0.4251187741756439,0.41233736276626587,0.01266905665397644,1.1235015392303467,
3,85,0.8625212907791138,0.8449327945709229,0.017515145242214203,0.7336226105690002,
3,86,0.6194033026695251,0.6028902530670166,0.016458336263895035,0.546964704990387,
3,87,0.9276117086410522,0.9097850918769836,0.017748389393091202,0.7820719480514526,
3,88,1.010239839553833,0.9930257797241211,0.017133589833974838,0.804252028465271,
3,89,0.39240652322769165,0.3807801902294159,0.01153871975839138,0.8763322234153748,
3,90,0.9019205570220947,0.886681079864502,0.015180861577391624,0.586078941822052,
3,91,1.1351006031036377,1.1196956634521484,0.015325415879487991,0.7951271533966064,
3,92,0.4875122308731079,0.47733044624328613,0.010098956525325775,0.8283194303512573,
3,93,0.8522629737854004,0.8304736614227295,0.021376963704824448,4.123156547546387,
3,94,0.5105292201042175,0.4954850673675537,0.014853620901703835,1.9052717685699463,
3,95,0.5920466184616089,0.5775226354598999,0.014380881562829018,1.4313287734985352,
3,96,0.4845257103443146,0.4714958667755127,0.01292672660201788,1.0311468839645386,
3,97,1.1031581163406372,1.0836076736450195,0.019454969093203545,0.9544948935508728,
3,98,0.963050127029419,0.9449771046638489,0.01800423488020897,0.6875702738761902,
3,99,0.4278785288333893,0.41524267196655273,0.012519609183073044,1.1625643968582153,
3,100,0.7569800615310669,0.7415671348571777,0.015354080125689507,0.5881826877593994,
4,1,0.8658875226974487,0.8480008840560913,0.017805278301239014,0.8134318590164185,
4,2,0.6624142527580261,0.6446999907493591,0.01750200241804123,2.1223042011260986,
4,3,0.8817405104637146,0.8665856122970581,0.015095062553882599,0.5983180999755859,
4,4,0.8714348673820496,0.8557153940200806,0.01565191149711609,0.6756144762039185,
4,5,0.7453585863113403,0.7316641807556152,0.01362940575927496,0.6501433849334717,
4,6,0.8561866879463196,0.8383030891418457,0.01776421256363392,1.1936894655227661,
4,7,0.8332749009132385,0.8100454807281494,0.022959984838962555,2.694403886795044,
4,8,0.6239628791809082,0.6080302596092224,0.01579790934920311,1.3473517894744873,
4,9,0.621283233165741,0.6019766926765442,0.0190756693482399,2.308356285095215,
4,10,0.8638765215873718,0.8469548225402832,0.016851089894771576,0.7064810395240784,
4,11,1.2768938541412354,1.2525690793991089,0.02395337074995041,3.7148406505584717,
4,12,0.684934675693512,0.6700226068496704,0.014851117506623268,0.6096670031547546,
4,13,0.5847205519676208,0.5667353868484497,0.01777154579758644,2.1359622478485107,
4,14,1.0946253538131714,1.0755608081817627,0.018968019634485245,0.9660050272941589,
4,15,0.4107264280319214,0.4023294448852539,0.008340125903487206,0.5687572956085205,
4,16,0.38094964623451233,0.37053143978118896,0.010354731231927872,0.6347473859786987,
4,17,0.6062322854995728,0.5851259231567383,0.020852912217378616,2.5341501235961914,
4,18,1.0607407093048096,1.0403435230255127,0.020301902666687965,0.9519174098968506,
4,19,0.5948516130447388,0.5750243067741394,0.0195789597928524,2.483510971069336,
4,20,0.65742027759552,0.6354932188987732,0.02165812999010086,2.689636468887329,
4,21,0.9226546287536621,0.9040064215660095,0.01856778748333454,0.804218590259552,
4,22,0.716030478477478,0.7002443075180054,0.015728412196040154,0.5774368047714233,
4,23,0.5800219774246216,0.5652989745140076,0.014672940596938133,0.5004838109016418,
4,24,0.608325719833374,0.5913863182067871,0.016718842089176178,2.2053911685943604,
4,25,1.159711241722107,1.1406835317611694,0.018911371007561684,1.1638824939727783,
4,26,0.8530644774436951,0.8373563289642334,0.015643607825040817,0.6455610394477844,
4,27,1.0857744216918945,1.0688523054122925,0.01683536171913147,0.8675717711448669,
4,28,0.7455129623413086,0.7210167646408081,0.02421443536877632,2.8178014755249023,
4,29,0.4146632254123688,0.4019678235054016,0.012587531469762325,1.0789538621902466,
4,30,0.6326103806495667,0.6144527196884155,0.017944538965821266,2.131690502166748,
4,31,0.480755478143692,0.46725404262542725,0.01335589773952961,1.4553395509719849,
4,32,0.6120222806930542,0.5968119502067566,0.015048684552311897,1.6163196563720703,
4,33,1.10405433177948,1.0830466747283936,0.020904775708913803,1.0284230709075928,
4,34,1.1668899059295654,1.1447248458862305,0.02204258367419243,1.2241228818893433,
4,35,0.4986172318458557,0.48338010907173157,0.015043403021991253,1.937048077583313,
4,36,0.510821521282196,0.49299532175064087,0.017635688185691833,1.9050357341766357,
4,37,0.8368683457374573,0.8199960589408875,0.01680656522512436,0.6574739813804626,
4,38,0.37868520617485046,0.368407279253006,0.010223029181361198,0.5490295886993408,
4,39,0.6831998825073242,0.6682224273681641,0.014914914034307003,0.6254404187202454,
4,40,0.5364810824394226,0.5206712484359741,0.015638133510947227,1.717095136642456,
4,41,0.6522472500801086,0.6297070980072021,0.022197145968675613,3.4305057525634766,
4,42,1.0892219543457031,1.0710601806640625,0.01806741952896118,0.9444263577461243,
4,43,0.5147970914840698,0.5004324913024902,0.014158811420202255,2.0583434104919434,
4,44,0.7467455863952637,0.7336311936378479,0.013055852614343166,0.5855650901794434,
4,45,0.9364601969718933,0.9210827350616455,0.015297673642635345,0.7982858419418335,
4,46,0.8969589471817017,0.8815354108810425,0.015320024453103542,1.0355100631713867,
4,47,0.6247549653053284,0.6074007749557495,0.017154226079583168,1.9996306896209717,
4,48,0.5677586197853088,0.5509253740310669,0.016573971137404442,2.592695713043213,
4,49,0.4934411942958832,0.48062434792518616,0.012642193585634232,1.7463940382003784,
4,50,1.0711294412612915,1.0530658960342407,0.01797112450003624,0.9239985942840576,
4,51,0.5857052206993103,0.5695958137512207,0.015965929254889488,1.4348185062408447,
4,52,1.1986624002456665,1.1813045740127563,0.017267880961298943,0.8995113372802734,
4,53,0.501011312007904,0.4852640926837921,0.015578401274979115,1.688037395477295,
4,54,0.41170811653137207,0.4033747911453247,0.00827991683036089,0.5341238975524902,
4,55,0.655426561832428,0.6322026252746582,0.022932030260562897,2.918793201446533,
4,56,1.1527889966964722,1.1279423236846924,0.024665189906954765,1.814714789390564,
4,57,1.071115493774414,1.0517215728759766,0.01931019499897957,0.8370832204818726,
4,58,0.9728296995162964,0.9552484154701233,0.01750444620847702,0.768272876739502,
4,59,0.6224976181983948,0.6072434186935425,0.015029419213533401,2.2474260330200195,
4,60,0.9057888388633728,0.8858288526535034,0.019815824925899506,1.441672921180725,
4,61,1.083609938621521,1.0660969018936157,0.017425382509827614,0.8758648633956909,
4,62,0.3993872404098511,0.3910602033138275,0.008274929597973824,0.5208362340927124,
4,63,0.5240182280540466,0.5087958574295044,0.015046900138258934,1.7548363208770752,
4,64,0.5962844491004944,0.5819060802459717,0.014186954125761986,1.9139952659606934,
4,65,0.41338062286376953,0.40181392431259155,0.011438108049333096,1.286001205444336,
4,66,0.6484206914901733,0.6283109188079834,0.019871219992637634,2.385606050491333,
4,67,0.8227530717849731,0.8055434823036194,0.01709713414311409,1.124630093574524,
4,68,0.8438580632209778,0.812780499458313,0.03058934211730957,4.882286548614502,
4,69,0.6437616348266602,0.622002363204956,0.02148551493883133,2.7375807762145996,
4,70,0.8037082552909851,0.7868472337722778,0.01678657904267311,0.7445840239524841,
4,71,0.41739848256111145,0.40785861015319824,0.009418108500540257,1.2176021337509155,
4,72,0.6389740705490112,0.6195070743560791,0.01922137849032879,2.4564266204833984,
4,73,0.7324448227882385,0.7055570483207703,0.026536567136645317,3.511634111404419,
4,74,0.7613592147827148,0.7452915906906128,0.01598576083779335,0.8181081414222717,
4,75,0.6426085829734802,0.6211115121841431,0.021203139796853065,2.9392733573913574,
4,76,0.7110496163368225,0.686843752861023,0.023807067424058914,3.987914562225342,
4,77,0.8219720125198364,0.797112226486206,0.024522079154849052,3.3771848678588867,
4,78,0.5500081777572632,0.5367354154586792,0.013226755894720554,0.46006059646606445,
4,79,0.8147827386856079,0.7993589639663696,0.015346186235547066,0.7760230898857117,
4,80,0.9911900758743286,0.971306324005127,0.019731048494577408,1.5271434783935547,
4,81,0.7458857893943787,0.7323445081710815,0.013493891805410385,0.4741421043872833,
4,82,0.3827212154865265,0.37140166759490967,0.011230596341192722,0.8897119164466858,
4,83,0.6117080450057983,0.5958143472671509,0.015658248215913773,2.3541808128356934,
4,84,1.1498267650604248,1.1290760040283203,0.020532917231321335,2.1778388023376465,
4,85,0.7632887363433838,0.7479050755500793,0.015324078500270844,0.5962167382240295,
4,86,0.834450900554657,0.8170281648635864,0.01729464717209339,1.28085458278656,
4,87,0.7119124531745911,0.6968995928764343,0.01495555229485035,0.5729441046714783,
4,88,0.6108639240264893,0.5918456315994263,0.018823372200131416,1.9487864971160889,
4,89,0.6329675316810608,0.6114020347595215,0.02129322662949562,2.722700595855713,
4,90,0.7897658944129944,0.7741427421569824,0.015561869367957115,0.6127325892448425,
4,91,0.8367141485214233,0.8207486867904663,0.015896350145339966,0.6911938786506653,
4,92,0.7217097878456116,0.707362174987793,0.01428893767297268,0.5862796902656555,
4,93,0.550157904624939,0.5372583270072937,0.012854001484811306,0.45598840713500977,
4,94,0.6424131989479065,0.6213003396987915,0.020846812054514885,2.660457134246826,
4,95,0.9821127653121948,0.967029333114624,0.015013988129794598,0.6941033601760864,
4,96,0.7371821403503418,0.7241936922073364,0.012932919897139072,0.5555291175842285,
4,97,0.49042806029319763,0.4793979525566101,0.01092112623155117,1.0898609161376953,
4,98,0.43108680844306946,0.42000317573547363,0.010992558673024178,0.910658061504364,
4,99,0.3990369439125061,0.38928642868995667,0.009674934670329094,0.7557697296142578,
4,100,1.0869340896606445,1.0687603950500488,0.01808493211865425,0.8883073925971985,
5,1,0.47308453917503357,0.4603353440761566,0.01260571088641882,1.4350686073303223,
5,2,0.7173766493797302,0.6919326782226562,0.02511563152074814,3.2838454246520996,
5,3,1.1891645193099976,1.1727287769317627,0.016345204785466194,0.9052965044975281,
5,4,0.6527478098869324,0.6302065849304199,0.022218957543373108,3.223051071166992,
5,5,1.1020317077636719,1.0817770957946777,0.02009793184697628,1.5663858652114868,
5,6,1.106146216392517,1.0864903926849365,0.019507110118865967,1.4861185550689697,
5,7,0.6653045415878296,0.6440516710281372,0.02098059467971325,2.722860097885132,
5,8,0.6409070491790771,0.6187745928764343,0.02179761603474617,3.3486905097961426,
5,9,1.1951942443847656,1.1756552457809448,0.01944468915462494,0.9434229731559753,
5,10,0.6688382625579834,0.6560990214347839,0.01268813293427229,0.5105332136154175,
5,11,0.8750366568565369,0.8547980785369873,0.020054899156093597,1.836756706237793,
5,12,0.5376478433609009,0.5230132341384888,0.014454133808612823,1.8048549890518188,
5,13,0.4666662812232971,0.4563543200492859,0.010222017765045166,0.8994199633598328,
5,14,0.39285919070243835,0.38320058584213257,0.009583944454789162,0.7466455101966858,
5,15,0.7467265129089355,0.7350683808326721,0.011614962480962276,0.431639164686203,
5,16,0.937107503414154,0.9050197601318359,0.031531475484371185,5.563091278076172,
5,17,0.7780343890190125,0.7639860510826111,0.01398204080760479,0.6625879406929016,
5,18,0.41199859976768494,0.4019390046596527,0.009983761236071587,0.758609414100647,
5,19,1.0578858852386475,1.0409460067749023,0.016850406304001808,0.8948734402656555,
5,20,0.833332896232605,0.8174809813499451,0.015745211392641068,1.06679368019104,
5,21,0.5742315053939819,0.5568814277648926,0.017122749239206314,2.2735748291015625,
5,22,0.6067008376121521,0.5885393023490906,0.01790498197078705,2.5653274059295654,
5,23,0.6103239059448242,0.5921905040740967,0.017918284982442856,2.151263475418091,
5,24,0.8108095526695251,0.7952185869216919,0.015473345294594765,1.1760127544403076,
5,25,0.6140068769454956,0.5940898656845093,0.01964004896581173,2.769665479660034,
5,26,0.8329833149909973,0.8167375326156616,0.016116071492433548,1.2967119216918945,
5,27,0.8444441556930542,0.8299691677093506,0.01440612692385912,0.6881560683250427,
5,28,0.7102832794189453,0.6976673603057861,0.012554650194942951,0.6127222180366516,
5,29,0.6933221220970154,0.6704996824264526,0.02247503399848938,3.4744625091552734,
5,30,0.6688524484634399,0.6569274663925171,0.011877291835844517,0.47671857476234436,
5,31,0.8207299113273621,0.8055226802825928,0.015098674222826958,1.085123062133789,
5,32,0.5783212184906006,0.5667165517807007,0.011562025174498558,0.4263136088848114,
5,33,0.556419849395752,0.5446057319641113,0.01177232339978218,0.4179126024246216,
5,34,1.1349587440490723,1.1162583827972412,0.018479332327842712,2.2103772163391113,
5,35,0.40215009450912476,0.3921296298503876,0.00992620550096035,0.9427719712257385,
5,36,0.6454887390136719,0.6342137455940247,0.011231029406189919,0.4398392140865326,
5,37,0.6275377869606018,0.6076875925064087,0.019555196166038513,2.949658155441284,
5,38,0.834342360496521,0.8203399777412415,0.013935972936451435,0.6642477512359619,
5,39,1.110744833946228,1.0922764539718628,0.018376164138317108,0.9232689738273621,
5,40,0.8696862459182739,0.8545761108398438,0.015014526434242725,0.9562751054763794,
5,41,0.5257928371429443,0.5103629231452942,0.015247080475091934,1.8277870416641235,
5,42,0.9519678950309753,0.9156697988510132,0.03569702059030533,6.010594367980957,
5,43,0.7077667713165283,0.6917344331741333,0.01575535535812378,2.7697882652282715,
5,44,1.056465983390808,1.0396382808685303,0.016740158200263977,0.8749796152114868,
5,45,0.7200840711593628,0.7068356275558472,0.013194212689995766,0.5421180725097656,
5,46,0.4332205057144165,0.42208126187324524,0.011043058708310127,0.9618484377861023,
5,47,0.509335458278656,0.49387478828430176,0.015264445915818214,1.9621795415878296,
5,48,0.6229522228240967,0.6114187240600586,0.011494716629385948,0.3879207372665405,
5,49,0.8561236262321472,0.8426779508590698,0.013367789797484875,0.7789528965950012,
5,50,0.3966065049171448,0.38680699467658997,0.009726404212415218,0.731167197227478,
5,51,0.8284406065940857,0.8203578591346741,0.00797207746654749,1.1068706512451172,
5,52,0.6286830902099609,0.6108533143997192,0.017621692270040512,2.0808069705963135,
5,53,0.6914487481117249,0.6714388728141785,0.019720887765288353,2.8896522521972656,
5,54,0.6291570067405701,0.6077073812484741,0.02115180715918541,2.9783365726470947,
5,55,0.8387868404388428,0.8229353427886963,0.015745876356959343,1.056317687034607,
5,56,0.6374979615211487,0.621009111404419,0.01622620038688183,2.626734495162964,
5,57,1.5935306549072266,1.5672005414962769,0.02598687633872032,3.432000160217285,
5,58,0.5209331512451172,0.505855143070221,0.014858858659863472,2.191657543182373,
5,59,0.5780967473983765,0.5650700926780701,0.012979986146092415,0.4664076268672943,
5,60,0.620958149433136,0.6013699769973755,0.019321810454130173,2.6635303497314453,
5,61,1.0738672018051147,1.0560688972473145,0.017702694982290268,0.9565780162811279,
5,62,0.7347425818443298,0.7138017416000366,0.020566251128911972,3.7463929653167725,
5,63,1.1009000539779663,1.0804938077926636,0.020273299887776375,1.3297358751296997,
5,64,0.6696493029594421,0.6436091065406799,0.025635838508605957,4.0437726974487305,
5,65,0.6871984004974365,0.659866213798523,0.026867471635341644,4.647526264190674,
5,66,1.0985783338546753,1.068174123764038,0.02971959300339222,6.845728874206543,
5,67,1.2292675971984863,1.2074689865112305,0.021640751510858536,1.5784852504730225,
5,68,0.47008413076400757,0.45960572361946106,0.010389760136604309,0.8862874507904053,
5,69,0.375564306974411,0.36539047956466675,0.010087350383400917,0.8648373484611511,
5,70,0.7617238759994507,0.7488079071044922,0.01286520715802908,0.5078592300415039,
5,71,0.856105387210846,0.8401771783828735,0.015829432755708694,0.9874159693717957,
5,72,0.5402117967605591,0.5279920101165771,0.012178520672023296,0.41223204135894775,
5,73,0.6072800159454346,0.5900000333786011,0.01700541004538536,2.746267080307007,
5,74,0.6310576796531677,0.6111621260643005,0.019652631133794785,2.4297471046447754,
5,75,0.7277930974960327,0.7124294638633728,0.015277799218893051,0.8583773970603943,
5,76,0.8533850312232971,0.8372071981430054,0.01610209047794342,0.7575395703315735,
5,77,0.9587337970733643,0.9381407499313354,0.020418493077158928,1.7460027933120728,
5,78,0.5452371835708618,0.524192214012146,0.020695004612207413,3.4992868900299072,
5,79,0.8277773857116699,0.7946776747703552,0.032574646174907684,5.250663757324219,
5,80,0.5020407438278198,0.48438167572021484,0.01743924990296364,2.1984047889709473,
5,81,0.5795576572418213,0.5624104738235474,0.01697855070233345,1.6861003637313843,
5,82,0.4549907445907593,0.4416019320487976,0.013259325176477432,1.2949678897857666,
5,83,0.5157958269119263,0.49732160568237305,0.018195834010839462,2.7840209007263184,
5,84,0.6074581742286682,0.59217369556427,0.015119718387722969,1.647596836090088,
5,85,0.9722532033920288,0.9554053544998169,0.016764886677265167,0.8299294710159302,
5,86,1.124098539352417,1.1049461364746094,0.01894666627049446,2.0575501918792725,
5,87,0.8317803740501404,0.8167095184326172,0.01498941145837307,0.8139147162437439,
5,88,0.6894112229347229,0.6765962243080139,0.01275513507425785,0.5981708765029907,
5,89,0.38907259702682495,0.3806414306163788,0.008368398994207382,0.6276662349700928,
5,90,0.4298916459083557,0.4184778928756714,0.011317962780594826,0.9577311277389526,
5,91,0.8650895357131958,0.8498226404190063,0.015173131600022316,0.9375091195106506,
5,92,0.9076070785522461,0.8934470415115356,0.014095716178417206,0.6434206366539001,
5,93,0.9970559477806091,0.9817232489585876,0.015250563621520996,0.8214185833930969,
5,94,1.0654945373535156,1.0487020015716553,0.016697287559509277,0.9519049525260925,
5,95,1.0618432760238647,1.043409824371338,0.018351349979639053,0.8214698433876038,
5,96,1.06601881980896,1.0483077764511108,0.017626188695430756,0.8492922782897949,
5,97,0.6147319078445435,0.5951213836669922,0.019336195662617683,2.7431187629699707,
5,98,1.142998218536377,1.1258453130722046,0.017043936997652054,1.089840054512024,
5,99,0.6583421230316162,0.6351710557937622,0.022866815328598022,3.0422792434692383,
5,100,0.4027298092842102,0.3911619782447815,0.011449974030256271,1.1786131858825684,
6,1,0.9008239507675171,0.8863649368286133,0.014385078102350235,0.7388842701911926,
6,2,0.7818227410316467,0.7611741423606873,0.02030988782644272,3.387343406677246,
6,3,0.62657630443573,0.614806056022644,0.011731306090950966,0.3894420564174652,
6,4,0.5216973423957825,0.5041385293006897,0.01730707287788391,2.5169196128845215,
6,5,0.6141666173934937,0.593744158744812,0.02011675015091896,3.0571208000183105,
6,6,1.0707838535308838,1.0456892251968384,0.024781517684459686,3.1320629119873047,
6,7,1.2120839357376099,1.190893530845642,0.02101140096783638,1.7902052402496338,
6,8,0.4864337742328644,0.4743450880050659,0.011956490576267242,1.3221296072006226,
6,9,0.9741429686546326,0.9582693576812744,0.015792405232787132,0.8116136789321899,
6,10,1.028830647468567,1.0107431411743164,0.017942287027835846,1.4516973495483398,
6,11,0.6290597915649414,0.6166030168533325,0.012415964156389236,0.4083445370197296,
6,12,1.0611909627914429,1.042456865310669,0.018643856048583984,0.9029731154441833,
6,13,0.8054026365280151,0.7845700979232788,0.02035331539809704,4.792409896850586,
6,14,0.36298224329948425,0.35302734375,0.009870374575257301,0.8452536463737488,
6,15,0.8328779935836792,0.8174221515655518,0.015387117862701416,0.6869625449180603,
6,16,0.8619846105575562,0.8461159467697144,0.015765484422445297,1.0318115949630737,
6,17,1.1356765031814575,1.113982915878296,0.02147538773715496,2.181601047515869,
6,18,1.161832571029663,1.1402877569198608,0.02140849269926548,1.3636221885681152,
6,19,0.6122382283210754,0.5900261402130127,0.02187247946858406,3.396355628967285,
6,20,0.7605706453323364,0.7475555539131165,0.01293974183499813,0.753108561038971,
6,21,1.4051352739334106,1.3306339979171753,0.0729200541973114,15.811771392822266,
6,22,1.1596651077270508,1.1405088901519775,0.01903587020933628,1.2041285037994385,
6,23,1.1754409074783325,1.1543211936950684,0.020932402461767197,1.8731155395507812,
6,24,0.7953633069992065,0.7813917398452759,0.013897763565182686,0.7376952767372131,
6,25,0.7691465020179749,0.7558481097221375,0.013220641762018204,0.777341365814209,
6,26,0.8303995728492737,0.7951956987380981,0.03453100472688675,6.728481292724609,
6,27,1.2191368341445923,1.1906555891036987,0.02803054451942444,4.507822036743164,
6,28,0.3715861439704895,0.36315110325813293,0.008381079882383347,0.539692759513855,
6,29,0.6148916482925415,0.5921225547790527,0.02242998220026493,3.390881299972534,
6,30,0.8732691407203674,0.8582274317741394,0.014972390606999397,0.6929769515991211,
6,31,0.47646793723106384,0.4619458019733429,0.014312224462628365,2.0990493297576904,
6,32,1.111504077911377,1.0899577140808105,0.021327847614884377,2.1851823329925537,
6,33,1.0161564350128174,0.9987104535102844,0.01735968142747879,0.8631778359413147,
6,34,0.434768944978714,0.42306768894195557,0.011602042242884636,0.9920480847358704,
6,35,0.5399925708770752,0.52022385597229,0.019511137157678604,2.57558536529541,
6,36,0.3737594187259674,0.36389830708503723,0.009776510298252106,0.8461716175079346,
6,37,0.954509973526001,0.9397597312927246,0.014665820635855198,0.8438796401023865,
6,38,0.48566383123397827,0.47419172525405884,0.0113559290766716,1.1615760326385498,
6,39,0.7570860385894775,0.7449262142181396,0.012114714831113815,0.45136716961860657,
6,40,0.393555223941803,0.3831372857093811,0.01033101323992014,0.8694470524787903,
6,41,0.7945439219474792,0.78046053647995,0.014009438455104828,0.7398054003715515,
6,42,0.41408243775367737,0.40471532940864563,0.009218195453286171,1.4891678094863892,
6,43,0.5375701189041138,0.517777681350708,0.019459988921880722,3.324775218963623,
6,44,0.48665040731430054,0.47436967492103577,0.012143367901444435,1.3735098838806152,
6,45,0.5877791047096252,0.5703054666519165,0.017201829701662064,2.7182393074035645,
6,46,0.8855095505714417,0.864769697189331,0.020607393234968185,1.324206829071045,
6,47,0.5064815282821655,0.48857855796813965,0.017614420503377914,2.885497570037842,
6,48,0.6208564639091492,0.596682071685791,0.02377898246049881,3.9539780616760254,
6,49,0.5996980667114258,0.5785765051841736,0.02071376144886017,4.078304290771484,
6,50,1.1460555791854858,1.1247899532318115,0.02103203721344471,2.3358609676361084,
6,51,0.9027611613273621,0.8875784873962402,0.015113712288439274,0.689906895160675,
6,52,0.7796275615692139,0.7662333846092224,0.013322579674422741,0.7156989574432373,
6,53,0.60756516456604,0.5859805941581726,0.021248839795589447,3.3572747707366943,
6,54,0.6674287915229797,0.655990481376648,0.011391682550311089,0.46626922488212585,
6,55,0.36497485637664795,0.3555248975753784,0.009367484599351883,0.824524462223053,
6,56,0.49308955669403076,0.4811335802078247,0.011821229010820389,1.3472325801849365,
6,57,0.5459932684898376,0.5315579175949097,0.014258712530136108,1.7658087015151978,
6,58,0.7642484307289124,0.7509148716926575,0.013263067230582237,0.7052451968193054,
6,59,0.6052347421646118,0.5883925557136536,0.016663428395986557,1.7877209186553955,
6,60,0.8550209999084473,0.8406713008880615,0.014280982315540314,0.6871767044067383,
6,61,1.2523671388626099,1.2282639741897583,0.023864034563302994,2.3919196128845215,
6,62,1.882078766822815,1.8350274562835693,0.04631783068180084,7.335456848144531,
6,63,0.6424121856689453,0.6196014881134033,0.02248883992433548,3.2188758850097656,
6,64,0.7348417639732361,0.7223003506660461,0.012460223399102688,0.8119634985923767,
6,65,0.6350948810577393,0.6119871139526367,0.022715702652931213,3.920788288116455,
6,66,0.7639319896697998,0.750826895236969,0.013032360933721066,0.7270881533622742,
6,67,0.8105867505073547,0.7789219617843628,0.03120301105082035,4.617489814758301,
6,68,0.7449136972427368,0.7335286140441895,0.011340158991515636,0.4494493007659912,
6,69,0.5469655394554138,0.5367659330368042,0.010163559578359127,0.3603610694408417,
6,70,1.0962570905685425,1.0776197910308838,0.01847958005964756,1.5774352550506592,
6,71,0.9926785230636597,0.9770549535751343,0.01553918793797493,0.8437657356262207,
6,72,0.4755721688270569,0.4627094566822052,0.012681139633059502,1.8159109354019165,
6,73,0.3901711702346802,0.38099804520606995,0.009089804254472256,0.833194375038147,
6,74,0.766497790813446,0.7542182207107544,0.012206695042550564,0.7287724018096924,
6,75,1.018202543258667,1.0022872686386108,0.015818053856492043,0.9729704856872559,
6,76,0.636579692363739,0.6159677505493164,0.02031031623482704,3.0159287452697754,
6,77,0.5621665120124817,0.5517498254776001,0.01037733443081379,0.39318084716796875,
6,78,0.9005566835403442,0.8858524560928345,0.014614898711442947,0.8934563994407654,
6,79,0.39365044236183167,0.3840187191963196,0.00955372117459774,0.7799004316329956,
6,80,0.5714093446731567,0.5607568025588989,0.010613280348479748,0.39265671372413635,
6,81,0.694290816783905,0.6747146844863892,0.019192129373550415,3.8404994010925293,
6,82,0.6459734439849854,0.6250735521316528,0.02063344605267048,2.6646103858947754,
6,83,0.9055797457695007,0.889617919921875,0.015842963010072708,1.1885887384414673,
6,84,0.36633458733558655,0.3587278127670288,0.007557466626167297,0.4932514727115631,
6,85,0.8308054208755493,0.7982885241508484,0.03205147013068199,4.6542558670043945,
6,86,0.45848459005355835,0.4442734122276306,0.014024424366652966,1.8673527240753174,
6,87,0.3990810215473175,0.39132577180862427,0.007688795682042837,0.6645994186401367,
6,88,0.9673619270324707,0.9518750905990601,0.015407384373247623,0.794506847858429,
6,89,0.8959119319915771,0.8819520473480225,0.013886825181543827,0.7305868268013,
6,90,1.0295437574386597,1.0136685371398926,0.015788959339261055,0.8630617260932922,
6,91,1.1599704027175903,1.1396565437316895,0.020086582750082016,2.27327299118042,
6,92,0.7884008288383484,0.7750678062438965,0.01322948094457388,1.03523588180542,
6,93,0.4755454957485199,0.46402764320373535,0.011395536363124847,1.2229604721069336,
6,94,0.5760033130645752,0.5556539297103882,0.020069293677806854,2.8008618354797363,
6,95,0.46092504262924194,0.44814547896385193,0.012610659003257751,1.6891807317733765,
6,96,0.8843323588371277,0.8694759607315063,0.014768354594707489,0.880632758140564,
6,97,0.646660566329956,0.6263132095336914,0.01995323970913887,3.940891742706299,
6,98,0.7124488353729248,0.6808937788009644,0.031135670840740204,4.193568229675293,
6,99,0.8541617393493652,0.8406312465667725,0.013440968468785286,0.8950155973434448,
6,100,0.9823364615440369,0.9664218425750732,0.015791911631822586,1.2270588874816895,
7,1,0.7694768309593201,0.7577489614486694,0.011678609065711498,0.49220550060272217,
7,2,0.6351917386054993,0.6126682758331299,0.022213716059923172,3.0979323387145996,
7,3,1.1048755645751953,1.0892515182495117,0.01552674826234579,0.9730641841888428,
7,4,0.9863279461860657,0.9729478359222412,0.01329820603132248,0.8188597559928894,
7,5,0.9008833169937134,0.8878552913665771,0.012959359213709831,0.686486005783081,
7,6,0.6144036054611206,0.6049952507019043,0.009374724701046944,0.33639124035835266,
7,7,0.4023672938346863,0.3949195146560669,0.007384548895061016,0.6324934363365173,
7,8,0.9643515944480896,0.950458288192749,0.013805973343551159,0.8730067014694214,
7,9,0.4736703932285309,0.4623318910598755,0.01121160201728344,1.268960952758789,
7,10,1.000267744064331,0.9855403304100037,0.014648061245679855,0.7938895225524902,
7,11,1.0701457262039185,1.054908275604248,0.015150615945458412,0.8680874705314636,
7,12,0.46504607796669006,0.45376864075660706,0.011156212538480759,1.212264895439148,
7,13,0.42596468329429626,0.41593316197395325,0.009943123906850815,0.8838658928871155,
7,14,0.7386210560798645,0.7145620584487915,0.0236598439514637,3.9919092655181885,
7,15,1.092695713043213,1.074735164642334,0.01781531050801277,1.4517804384231567,
7,16,0.600559413433075,0.5835644006729126,0.01672433316707611,2.706538438796997,
7,17,0.42671093344688416,0.41350364685058594,0.01306074671447277,1.4655085802078247,
7,18,1.0283544063568115,1.014337420463562,0.013945828191936016,0.7114802598953247,
7,19,0.5306981205940247,0.5128023624420166,0.017605850473046303,2.8991050720214844,
7,20,1.2244093418121338,1.206106424331665,0.018170230090618134,1.326284646987915,
7,21,1.0686060190200806,1.053392767906189,0.015131834894418716,0.8143841624259949,
7,22,0.9289356470108032,0.9137210249900818,0.015097375959157944,1.1725226640701294,
7,23,0.5864678621292114,0.5703405141830444,0.015871109440922737,2.562577962875366,
7,24,0.6141421794891357,0.5935444831848145,0.0202811136841774,3.1656253337860107,
7,25,0.815335214138031,0.7883153557777405,0.026620958000421524,3.9888453483581543,
7,26,1.136176347732544,1.11785888671875,0.01811278983950615,2.0473215579986572,
7,27,0.4740968644618988,0.4637105464935303,0.01028679870069027,0.9950628280639648,
7,28,0.39032626152038574,0.382049024105072,0.008211455307900906,0.6576367020606995,
7,29,0.8837578296661377,0.8687869310379028,0.014883951283991337,0.86976158618927,
7,30,1.1636412143707275,1.1457792520523071,0.017754457890987396,1.0756375789642334,
7,31,0.581888735294342,0.559799313545227,0.02174060046672821,3.488227367401123,
7,32,0.9774580001831055,0.961499810218811,0.015870530158281326,0.8769915699958801,
7,33,0.4117225706577301,0.40038493275642395,0.01121339201927185,1.2424516677856445,
7,34,0.8660329580307007,0.852702260017395,0.013263685628771782,0.6698212027549744,
7,35,0.7414587140083313,0.7314159274101257,0.010003195144236088,0.3959812521934509,
7,36,0.6141768097877502,0.5939895510673523,0.01984393782913685,3.4334943294525146,
7,37,0.6506587266921997,0.6316000819206238,0.018683819100260735,3.7487709522247314,
7,38,1.0002834796905518,0.9861831068992615,0.014028964564204216,0.7137598395347595,
7,39,0.8364763259887695,0.8234949111938477,0.012900399044156075,0.8100698590278625,
7,40,0.5900612473487854,0.5726588368415833,0.01718071848154068,2.21646785736084,
7,41,0.6918642520904541,0.6724275946617126,0.019051851704716682,3.847949266433716,
7,42,1.1563818454742432,1.1390361785888672,0.01721763424575329,1.2803630828857422,
7,43,0.6058396697044373,0.5837146043777466,0.02181323803961277,3.1186251640319824,
7,44,0.4134387671947479,0.4035990238189697,0.009751694276928902,0.8803000450134277,
7,45,0.46255192160606384,0.4501791000366211,0.012207522988319397,1.6532682180404663,
7,46,0.5801236033439636,0.5621374845504761,0.017801016569137573,1.8509324789047241,
7,47,0.47554251551628113,0.46383780241012573,0.011582346633076668,1.2236804962158203,
7,48,1.1267460584640503,1.1087119579315186,0.017848242074251175,1.858812928199768,
7,49,0.8416624665260315,0.8291255235671997,0.012471169233322144,0.6574307680130005,
7,50,0.5502815246582031,0.5416121482849121,0.008637729100883007,0.31654179096221924,
7,51,1.1439558267593384,1.1278297901153564,0.016027072444558144,0.9891414642333984,
7,52,0.4265972673892975,0.4176514148712158,0.008858867920935154,0.869803249835968,
7,53,0.4010965824127197,0.3936113715171814,0.007419636007398367,0.6556588411331177,
7,54,0.6183854937553406,0.5959511995315552,0.021994752809405327,4.3949875831604,
7,55,0.8750412464141846,0.8608900904655457,0.014064596965909004,0.8652006983757019,
7,56,0.9657702445983887,0.9508857727050781,0.01480976864695549,0.7470601201057434,
7,57,1.0887244939804077,1.0707519054412842,0.017822522670030594,1.5006526708602905,
7,58,0.9805015325546265,0.9648199677467346,0.015561243519186974,1.2036296129226685,
7,59,0.7483536005020142,0.7370666861534119,0.0112207205966115,0.6620519757270813,
7,60,0.6281031966209412,0.6021058559417725,0.025605246424674988,3.920771360397339,
7,61,0.8661890029907227,0.8532936573028564,0.012831705622375011,0.6364303231239319,
7,62,0.8468174934387207,0.8148361444473267,0.03150654956698418,4.748337268829346,
7,63,0.8508289456367493,0.8384919166564941,0.01227550208568573,0.6151319146156311,
7,64,0.9278106689453125,0.9135905504226685,0.01412416622042656,0.9597771167755127,
7,65,0.8435406684875488,0.8302710056304932,0.013179736211895943,0.8994090557098389,
7,66,0.871117353439331,0.8576834201812744,0.013346467167139053,0.8744250535964966,
7,67,0.7159489393234253,0.7055494785308838,0.010352938435971737,0.4652242660522461,
7,68,0.6716288924217224,0.6619630455970764,0.00962141528725624,0.444067120552063,
7,69,0.5377101302146912,0.5187331438064575,0.01864677108824253,3.3018341064453125,
7,70,0.6027860045433044,0.5861588716506958,0.0164311733096838,1.9595341682434082,
7,71,0.6585211157798767,0.6323328614234924,0.0257687047123909,4.195595741271973,
7,72,0.7494958639144897,0.7397983074188232,0.009656915441155434,0.40666463971138,
7,73,0.6546920537948608,0.6292698383331299,0.025024592876434326,3.9762277603149414,
7,74,0.8193913698196411,0.8070323467254639,0.01226620003581047,0.9283380508422852,
7,75,0.40642285346984863,0.39859095215797424,0.007748856209218502,0.8306898474693298,
7,76,0.8807039260864258,0.8689084649085999,0.011735641397535801,0.5983023643493652,
7,77,1.2462918758392334,1.2274861335754395,0.018657255917787552,1.4851537942886353,
7,78,0.5523543357849121,0.5442344546318054,0.0080892788246274,0.3060109317302704,
7,79,0.8653659224510193,0.8462803363800049,0.018756750971078873,3.2884624004364014,
7,80,0.7467543482780457,0.7113211750984192,0.03493496775627136,4.982143402099609,
7,81,0.9597477912902832,0.9458804130554199,0.013803371228277683,0.6400084495544434,
7,82,0.5869640707969666,0.5712171196937561,0.01558780763298273,1.5913528203964233,
7,83,0.8849197030067444,0.8668720126152039,0.01792791858315468,1.19735586643219,
7,84,0.47679686546325684,0.46365106105804443,0.012914515100419521,2.312941789627075,
7,85,0.5829166769981384,0.5672374963760376,0.015518881380558014,1.602508544921875,
7,86,0.3688904345035553,0.3609028458595276,0.007919356226921082,0.6823213696479797,
7,87,0.5804697275161743,0.5641704201698303,0.01605162024497986,2.476881980895996,
7,88,0.5833268761634827,0.5739865899085999,0.009304150007665157,0.36112910509109497,
7,89,1.1613389253616333,1.1441147327423096,0.017116326838731766,1.079217791557312,
7,90,1.0356539487838745,1.0214673280715942,0.014118040911853313,0.6853368878364563,
7,91,1.0809675455093384,1.063733458518982,0.0170428566634655,1.912359356880188,
7,92,0.7232796549797058,0.7131093144416809,0.010117652826011181,0.5269835591316223,
7,93,1.0221891403198242,1.0087954998016357,0.01331988163292408,0.7373307347297668,
7,94,0.7611925005912781,0.750105082988739,0.011042630299925804,0.44764453172683716,
7,95,0.9732968211174011,0.959248423576355,0.013976654969155788,0.7179054617881775,
7,96,0.657253623008728,0.6351117491722107,0.02178184688091278,3.6003079414367676,
7,97,0.5372668504714966,0.5237653255462646,0.01334537286311388,1.5616124868392944,
7,98,0.5911898016929626,0.5742300748825073,0.016738783568143845,2.2093992233276367,
7,99,0.5340644717216492,0.5171128511428833,0.016692765057086945,2.5887649059295654,
7,100,0.40603935718536377,0.39801672101020813,0.007949728518724442,0.7289467453956604,
8,1,0.7804989814758301,0.7691372632980347,0.011299901641905308,0.6181516647338867,
8,2,0.926863968372345,0.9138669967651367,0.0129256471991539,0.713762104511261,
8,3,0.6179291009902954,0.6004470586776733,0.01723221316933632,2.498046398162842,
8,4,0.6630865931510925,0.6446102857589722,0.018232636153697968,2.436877489089966,
8,5,0.45990076661109924,0.4483630061149597,0.011424532160162926,1.132218837738037,
8,6,0.8923906087875366,0.879806399345398,0.012527607381343842,0.5662456154823303,
8,7,1.0951030254364014,1.078404426574707,0.016555387526750565,1.4319932460784912,
8,8,0.7451539039611816,0.7203313112258911,0.024475576356053352,3.4701766967773438,
8,9,0.7202191352844238,0.7102473378181458,0.009933087974786758,0.38710683584213257,
8,10,0.5897396206855774,0.5727456212043762,0.016758181154727936,2.357775926589966,
8,11,0.8437132239341736,0.8312591314315796,0.01239700149744749,0.5713095664978027,
8,12,0.8296070098876953,0.8079526424407959,0.021289037540555,3.6530957221984863,
8,13,0.6266162991523743,0.6032132506370544,0.02305934578180313,3.4368021488189697,
8,14,0.7469128966331482,0.7354568839073181,0.011387932114303112,0.680921196937561,
8,15,0.8094886541366577,0.7966974973678589,0.01272004283964634,0.7110272645950317,
8,16,1.1690001487731934,1.151252269744873,0.017632488161325455,1.153525710105896,
8,17,0.5453061461448669,0.5361882448196411,0.009085575118660927,0.3230976462364197,
8,18,0.5978951454162598,0.5781775712966919,0.01941009983420372,3.0749032497406006,
8,19,0.5336036086082458,0.5148934721946716,0.018386729061603546,3.2340312004089355,
8,20,0.854211688041687,0.8417791128158569,0.012353392317891121,0.7916322946548462,
8,21,1.0658485889434814,1.051072597503662,0.014693339355289936,0.8264286518096924,
8,22,0.896941602230072,0.8850347995758057,0.011847512796521187,0.5930877923965454,
8,23,0.6276842355728149,0.6082524061203003,0.019133731722831726,2.9808754920959473,
8,24,0.7017500996589661,0.6906819343566895,0.01101936399936676,0.48839524388313293,
8,25,0.7177236676216125,0.7075997591018677,0.010076513513922691,0.4737541675567627,
8,26,0.3835074305534363,0.3751489520072937,0.008285668678581715,0.7281991243362427,
8,27,0.716152012348175,0.6876387596130371,0.02811870351433754,3.9453811645507812,
8,28,0.3877193331718445,0.3799266815185547,0.007725155912339687,0.6750352382659912,
8,29,1.2132478952407837,1.1890631914138794,0.023799356073141098,3.854560613632202,
8,30,0.9670947194099426,0.9530438184738159,0.013977723196148872,0.73219895362854,
8,31,0.8720666766166687,0.8595390319824219,0.012462642975151539,0.6502939462661743,
8,32,0.40842533111572266,0.3982304334640503,0.010088606737554073,1.0629761219024658,
8,33,0.8453835248947144,0.8331117033958435,0.012209940701723099,0.6184799075126648,
8,34,0.36447077989578247,0.3576885163784027,0.006736244075000286,0.46019116044044495,
8,35,0.8328402638435364,0.8206183910369873,0.01214148011058569,0.804236114025116,
8,36,1.1639422178268433,1.1475141048431396,0.016304966062307358,1.2317185401916504,
8,37,0.7106120586395264,0.683096170425415,0.027111530303955078,4.043783664703369,
8,38,0.625019371509552,0.6067358255386353,0.0180263202637434,2.572537422180176,
8,39,0.557370126247406,0.5420856475830078,0.015053209848701954,2.3125789165496826,
8,40,0.9408809542655945,0.928098201751709,0.012719882652163506,0.6287129521369934,
8,41,0.45985934138298035,0.44904154539108276,0.010664982721209526,1.5283201932907104,
8,42,0.5636858940124512,0.5494067072868347,0.014087732881307602,1.9147541522979736,
8,43,0.5419950485229492,0.5309613943099976,0.010911192744970322,1.2248433828353882,
8,44,0.40655410289764404,0.3988550305366516,0.00763432402163744,0.6476178169250488,
8,45,0.8907015323638916,0.8558164834976196,0.034462958574295044,4.221226215362549,
8,46,0.8276932239532471,0.8161723017692566,0.011467467993497849,0.5346757769584656,
8,47,0.6556602716445923,0.6369187235832214,0.018374595791101456,3.669015645980835,
8,48,0.8290134072303772,0.800949215888977,0.02763534151017666,4.288486003875732,
8,49,0.6096268892288208,0.5882748365402222,0.02103378251194954,3.18263840675354,
8,50,1.1672213077545166,1.1488165855407715,0.01826329156756401,1.4141016006469727,
8,51,0.8354522585868835,0.8136538863182068,0.02120862528681755,5.8974833488464355,
8,52,0.6755353808403015,0.6545560956001282,0.02055254764854908,4.267141819000244,
8,53,0.45755958557128906,0.4465726315975189,0.010856802575290203,1.3015631437301636,
8,54,0.7781166434288025,0.73810875415802,0.039415955543518066,5.919509410858154,
8,55,1.1159415245056152,1.0947916507720947,0.02096445858478546,1.8539754152297974,
8,56,0.4059472680091858,0.39634665846824646,0.009512536227703094,0.8806671500205994,
8,57,1.178596019744873,1.156057357788086,0.02236497402191162,1.7363899946212769,
8,58,0.8071730732917786,0.762531042098999,0.04402539134025574,6.1662774085998535,
8,59,0.9152910113334656,0.9003218412399292,0.014892947860062122,0.7622148394584656,
8,60,1.121476650238037,1.1008365154266357,0.020412618294358253,2.2754597663879395,
8,61,0.5898011922836304,0.5739390254020691,0.015684837475419044,1.773047685623169,
8,62,0.9328086972236633,0.9186418056488037,0.014075801707804203,0.91102135181427,
8,63,0.5395625233650208,0.5253638029098511,0.014024832285940647,1.7387597560882568,
8,64,0.4278993010520935,0.419989675283432,0.007835255935788155,0.7436517477035522,
8,65,0.9928275346755981,0.9770540595054626,0.01563052088022232,1.4293118715286255,
8,66,0.7542815804481506,0.744555652141571,0.009685424156486988,0.4051961600780487,
8,67,0.7062482237815857,0.6961959600448608,0.01000775583088398,0.44545501470565796,
8,68,0.510315477848053,0.49561238288879395,0.014490189030766487,2.129307270050049,
8,69,0.727884829044342,0.705641508102417,0.021800700575113297,4.426488876342773,
8,70,0.5367083549499512,0.5204393863677979,0.01603272370994091,2.362793207168579,
8,71,0.3640020489692688,0.35513097047805786,0.008791700936853886,0.7936028242111206,
8,72,0.787440299987793,0.7754658460617065,0.011923965066671371,0.5049852132797241,
8,73,1.127881646156311,1.1095612049102783,0.01812024787068367,2.001087188720703,
8,74,0.9101070165634155,0.873875081539154,0.03550148755311966,7.3047566413879395,
8,75,0.5437058806419373,0.5338144898414612,0.00985757727175951,0.3376607298851013,
8,76,0.9027852416038513,0.8892928957939148,0.013424170203506947,0.6821725368499756,
8,77,0.8620225787162781,0.8475891351699829,0.014332777820527554,1.0066392421722412,
8,78,0.43627434968948364,0.42490339279174805,0.01125018298625946,1.207500696182251,
8,79,0.7694553732872009,0.7575159072875977,0.011865522712469101,0.7395358681678772,
8,80,0.49519217014312744,0.4773232340812683,0.017580600455403328,2.8833565711975098,
8,81,1.2659844160079956,1.2449085712432861,0.020897824317216873,1.7798649072647095,
8,82,0.5642762184143066,0.5486195087432861,0.015467437915503979,1.8927223682403564,
8,83,0.8123700618743896,0.780044436454773,0.03179864585399628,5.269521236419678,
8,84,1.1626310348510742,1.144866704940796,0.01759502664208412,1.6924175024032593,
8,85,1.046781301498413,1.0313613414764404,0.015343721024692059,0.7633317112922668,
8,86,1.0715553760528564,1.0539226531982422,0.01751176081597805,1.2100104093551636,
8,87,1.168352723121643,1.1506004333496094,0.0176218394190073,1.3036243915557861,
8,88,0.38290128111839294,0.3746339678764343,0.008198884315788746,0.6842326521873474,
8,89,0.6839708089828491,0.6731972694396973,0.010718133300542831,0.55406653881073,
8,90,0.5995513796806335,0.5775777697563171,0.02165522612631321,3.1842734813690186,
8,91,0.7019199132919312,0.691560685634613,0.010305892676115036,0.5333195328712463,
8,92,1.1475707292556763,1.1303586959838867,0.017098797485232353,1.1321501731872559,
8,93,1.1296916007995605,1.109132170677185,0.02030930109322071,2.501347780227661,
8,94,0.7226784229278564,0.694589376449585,0.027678275480866432,4.108124732971191,
8,95,1.0892413854599,1.0723233222961426,0.016812000423669815,1.0613642930984497,
8,96,0.5416786670684814,0.5283973813056946,0.013119205832481384,1.6208382844924927,
8,97,0.42814743518829346,0.4198451638221741,0.008220633491873741,0.8164255023002625,
8,98,0.6453332901000977,0.6156389713287354,0.029050810262560844,6.435090065002441,
8,99,0.5393056869506836,0.5208832025527954,0.018104031682014465,3.1844406127929688,
8,100,0.5148491263389587,0.5005491971969604,0.014104478061199188,1.954514503479004,
9,1,0.7519619464874268,0.7425801157951355,0.00934380479156971,0.3800322413444519,
9,2,0.7553614974021912,0.7448722124099731,0.010423822328448296,0.6542597413063049,
9,3,0.8142246007919312,0.7872219681739807,0.026573114097118378,4.294914722442627,
9,4,0.5920886993408203,0.5717217922210693,0.02004842832684517,3.184570789337158,
9,5,1.0050392150878906,0.9903354048728943,0.014516592025756836,1.8711997270584106,
9,6,0.783321738243103,0.7722194790840149,0.011056346818804741,0.4586602747440338,
9,7,0.8082259297370911,0.79632967710495,0.011829443275928497,0.6683050394058228,
9,8,0.4661484658718109,0.45417559146881104,0.011795151978731155,1.7771633863449097,
9,9,0.9545930027961731,0.9393012523651123,0.015158011578023434,1.337551236152649,
9,10,1.1169428825378418,1.097865343093872,0.01885543018579483,2.2205300331115723,
9,11,0.9714568257331848,0.9560889005661011,0.015245310962200165,1.2261313199996948,
9,12,1.1558343172073364,1.138607382774353,0.017116013914346695,1.1090694665908813,
9,13,1.0651510953903198,1.0313358306884766,0.032954178750514984,8.610932350158691,
9,14,0.7075507640838623,0.675700843334198,0.03140532597899437,4.4458441734313965,
9,15,0.8696826696395874,0.8581843376159668,0.01143629290163517,0.6203575730323792,
9,16,0.7324201464653015,0.7233255505561829,0.009052034467458725,0.42545977234840393,
9,17,0.8238633275032043,0.7948412895202637,0.028568502515554428,4.535083293914795,
9,18,0.62822026014328,0.6204094886779785,0.007782787084579468,0.2793022096157074,
9,19,1.1793843507766724,1.1621108055114746,0.017125792801380157,1.476826786994934,
9,20,0.6295551061630249,0.6076419353485107,0.021519627422094345,3.935835838317871,
9,21,0.9507806301116943,0.9366275072097778,0.014065812341868877,0.8730840086936951,
9,22,0.8160300254821777,0.8035690784454346,0.01237283181399107,0.8806995749473572,
9,23,1.1034049987792969,1.0759550333023071,0.026813723146915436,6.362658500671387,
9,24,0.3692304193973541,0.3629347085952759,0.006253406871110201,0.422780841588974,
9,25,0.5758813619613647,0.553425669670105,0.02210940793156624,3.4630022048950195,
9,26,0.5772049427032471,0.5561994314193726,0.02069155126810074,3.1394219398498535,
9,27,0.555765688419342,0.5350221991539001,0.020441140979528427,3.0234673023223877,
9,28,0.8487409949302673,0.8353670835494995,0.01330106146633625,0.7280722856521606,
9,29,1.032346487045288,1.0145595073699951,0.017626354470849037,1.605408787727356,
9,30,0.6302518248558044,0.6035803556442261,0.026248283684253693,4.232084274291992,
9,31,0.6367635726928711,0.6109646558761597,0.025398794561624527,4.001194477081299,
9,32,0.42059558629989624,0.4139324426651001,0.006595066748559475,0.68076491355896,
9,33,0.8935182690620422,0.8809154033660889,0.01251955982297659,0.8334296345710754,
9,34,0.8433038592338562,0.8317485451698303,0.011500106193125248,0.5519552826881409,
9,35,0.8540281057357788,0.834518551826477,0.01931116357445717,1.9838647842407227,
9,36,0.6670116782188416,0.658631443977356,0.008340124040842056,0.40089890360832214,
9,37,0.7371911406517029,0.7260518670082092,0.01107450295239687,0.6476115584373474,
9,38,0.595765233039856,0.5787456035614014,0.016809359192848206,2.1026508808135986,
9,39,0.7301592826843262,0.7203609943389893,0.009751861914992332,0.46435871720314026,
9,40,0.8408353328704834,0.8282535076141357,0.012496765702962875,0.8508390784263611,
9,41,0.526322603225708,0.5183579325675964,0.007936976850032806,0.27711430191993713,
9,42,0.6243425607681274,0.598015546798706,0.025936748832464218,3.902989387512207,
9,43,0.5733427405357361,0.5651488304138184,0.008162520825862885,0.31418585777282715,
9,44,1.4406077861785889,1.3938369750976562,0.04589231684803963,8.784557342529297,
9,45,0.41149598360061646,0.4035668671131134,0.007810632698237896,1.1848760843276978,
9,46,0.6925245523452759,0.6822183132171631,0.010259964503347874,0.4623074233531952,
9,47,1.1747941970825195,1.1549986600875854,0.01964252069592476,1.5307934284210205,
9,48,0.40123382210731506,0.3928629755973816,0.008297421038150787,0.7342349886894226,
9,49,0.6629546880722046,0.6334555149078369,0.029017066583037376,4.821037769317627,
9,50,0.41611015796661377,0.4075778126716614,0.00845234002918005,0.8002605438232422,
9,51,0.7710741758346558,0.7596554756164551,0.011369429528713226,0.493090957403183,
9,52,0.7975025773048401,0.785449743270874,0.011990492232143879,0.6234251260757446,
9,53,0.9739295244216919,0.959567666053772,0.01428658701479435,0.7525283694267273,
9,54,0.5803691744804382,0.5628182888031006,0.017357373610138893,1.935423493385315,
9,55,0.7666746377944946,0.7565188407897949,0.010109050199389458,0.4670063853263855,
9,56,0.9021064043045044,0.8900319337844849,0.012011468410491943,0.6298145055770874,
9,57,0.7926570177078247,0.7819129228591919,0.010683642700314522,0.6043079495429993,
9,58,0.7634626626968384,0.7297775149345398,0.033190518617630005,4.946010112762451,
9,59,0.6117767691612244,0.5906627178192139,0.020712822675704956,4.01220178604126,
9,60,0.41421788930892944,0.4071574807167053,0.006990408059209585,0.7001209855079651,
9,61,0.4069533348083496,0.397022545337677,0.009805290028452873,1.2549470663070679,
9,62,0.6593077778816223,0.6344782114028931,0.024417029693722725,4.125418663024902,
9,63,0.9185110926628113,0.8977105021476746,0.020565006881952286,2.3554351329803467,
9,64,0.6644507646560669,0.655734658241272,0.008677739650011063,0.3838237226009369,
9,65,0.36468178033828735,0.35701999068260193,0.007592861540615559,0.6893224716186523,
9,66,0.5722845196723938,0.5524696111679077,0.01949417218565941,3.2075297832489014,
9,67,0.36862072348594666,0.36211079359054565,0.006467129103839397,0.42791131138801575,
9,68,0.5749287605285645,0.5604047775268555,0.014364075846970081,1.5992003679275513,
9,69,0.4571191668510437,0.4453178942203522,0.011642584577202797,1.5868480205535889,
9,70,0.6101686358451843,0.6017906665802002,0.008347675204277039,0.30291879177093506,
9,71,0.7277271747589111,0.7185901403427124,0.009100960567593575,0.3603943884372711,
9,72,0.5406370162963867,0.5276709794998169,0.012805670499801636,1.6033461093902588,
9,73,0.5581709742546082,0.5507670044898987,0.007375837303698063,0.2815632224082947,
9,74,0.8244782090187073,0.8147317171096802,0.009699953719973564,0.4653718173503876,
9,75,1.052419662475586,1.0395220518112183,0.01282447762787342,0.7305943369865417,
9,76,0.6402794718742371,0.6325684189796448,0.00767806451767683,0.32946276664733887,
9,77,0.5988919138908386,0.5804322361946106,0.018141038715839386,3.1863186359405518,
9,78,0.661491870880127,0.6537951827049255,0.007662077900022268,0.34620916843414307,
9,79,0.8372828960418701,0.8081852197647095,0.028532203286886215,5.654712200164795,
9,80,0.38959842920303345,0.3827206492424011,0.006817926652729511,0.5984201431274414,
9,81,0.4839232265949249,0.471864253282547,0.01189611479640007,1.6286048889160156,
9,82,0.6187630295753479,0.598389744758606,0.02000206522643566,3.712387800216675,
9,83,0.7541100382804871,0.7436741590499878,0.010397229343652725,0.38625988364219666,
9,84,0.7965705990791321,0.7650556564331055,0.03103836625814438,4.765727996826172,
9,85,0.5984524488449097,0.5752061009407043,0.022897353395819664,3.4898557662963867,
9,86,0.43670785427093506,0.42797863483428955,0.00865077879279852,0.7842894196510315,
9,87,0.37183526158332825,0.36382749676704407,0.007936538197100163,0.7122849822044373,
9,88,0.41925230622291565,0.4115108251571655,0.007670922204852104,0.7056176066398621,
9,89,0.8962236642837524,0.8840686678886414,0.012099015526473522,0.5599205493927002,
9,90,0.8811471462249756,0.8691852688789368,0.011880934238433838,0.8092837929725647,
9,91,0.47101834416389465,0.45763397216796875,0.013231257908046246,1.531333565711975,
9,92,0.5127994418144226,0.49461376667022705,0.017871834337711334,3.138073205947876,
9,93,0.6496235728263855,0.6415473222732544,0.008045107126235962,0.31157970428466797,
9,94,0.5781482458114624,0.5583776831626892,0.01943138800561428,3.391270875930786,
9,95,0.6106210947036743,0.5868296027183533,0.02344307117164135,3.484494924545288,
9,96,0.39266225695610046,0.3860686421394348,0.006545639596879482,0.4797293543815613,
9,97,0.7270210981369019,0.7166451215744019,0.010309223085641861,0.6673031449317932,
9,98,1.579838514328003,1.5372130870819092,0.041963204741477966,6.62257719039917,
9,99,0.6572115421295166,0.6315286159515381,0.02515968680381775,5.232142448425293,
9,100,0.9483615756034851,0.9336575269699097,0.014630742371082306,0.7328673601150513,
10,1,1.1554789543151855,1.1348752975463867,0.020467210561037064,1.3646653890609741,
10,2,1.2078988552093506,1.1838715076446533,0.023806508630514145,2.2085931301116943,
10,3,1.0148524045944214,0.9873577356338501,0.02688603475689888,6.087303161621094,
10,4,0.5557395815849304,0.53264319896698,0.02267698384821415,4.193983554840088,
10,5,0.36424171924591064,0.3552514314651489,0.008910326287150383,0.7996875047683716,
10,6,1.0798618793487549,1.0608479976654053,0.01884697750210762,1.6687670946121216,
10,7,0.8380523920059204,0.8249599933624268,0.012995898723602295,0.9652203321456909,
10,8,0.8784564733505249,0.8665103912353516,0.011883469298481941,0.6257333755493164,
10,9,0.5380470156669617,0.5227006673812866,0.015141194686293602,2.051442861557007,
10,10,0.8545138239860535,0.8429843187332153,0.011469989083707333,0.5952224731445312,
10,11,1.311128854751587,1.215233564376831,0.0934915840625763,24.037429809570312,
10,12,0.5881133675575256,0.5668908953666687,0.020901713520288467,3.207484722137451,
10,13,0.5951507687568665,0.5788699984550476,0.016081294044852257,1.9949206113815308,
10,14,0.7226084470748901,0.7134613990783691,0.009104916825890541,0.42112424969673157,
10,15,0.842520534992218,0.804852306842804,0.037051424384117126,6.167762279510498,
10,16,0.5946699380874634,0.5733187198638916,0.0209437794983387,4.074679374694824,
10,17,1.2219072580337524,1.1624901294708252,0.05833475664258003,10.824243545532227,
10,18,0.51518714427948,0.5003795623779297,0.014579660259187222,2.279555320739746,
10,19,0.5480598211288452,0.5396961569786072,0.00833461619913578,0.29047900438308716,
10,20,0.8329154253005981,0.8194774985313416,0.013373295776546001,0.6460997462272644,
10,21,0.5008236765861511,0.4858628213405609,0.014746958389878273,2.1389429569244385,
10,22,0.8047910928726196,0.7917804718017578,0.01294100284576416,0.6964541673660278,
10,23,0.4573178291320801,0.44165724515914917,0.015447943471372128,2.1264724731445312,
10,24,1.0768001079559326,1.0607211589813232,0.015990136191248894,0.8886985182762146,
10,25,0.5690193176269531,0.5448599457740784,0.023734763264656067,4.246434211730957,
10,26,1.2895947694778442,1.2658021450042725,0.02357962727546692,2.1297669410705566,
10,27,1.0944349765777588,1.0781959295272827,0.016141436994075775,0.9763368964195251,
10,28,0.586534321308136,0.5648351907730103,0.021349530667066574,3.495535135269165,
10,29,0.6085841059684753,0.5832675695419312,0.024830278009176254,4.86265230178833,
10,30,0.4874642789363861,0.4731218218803406,0.014179065823554993,1.6339625120162964,
10,31,0.5891028046607971,0.5693477392196655,0.01954011432826519,2.1491551399230957,
10,32,0.5301464200019836,0.5150309205055237,0.014915612526237965,1.9991483688354492,
10,33,1.137158751487732,1.1184043884277344,0.018629785627126694,1.2462542057037354,
10,34,0.8925153017044067,0.8786855936050415,0.013765290379524231,0.6442099809646606,
10,35,0.7333464622497559,0.7227169275283813,0.01058877818286419,0.4075034558773041,
10,36,1.0062891244888306,0.986931562423706,0.019193686544895172,1.6387797594070435,
10,37,0.7974425554275513,0.7838859558105469,0.013458344154059887,0.9824506044387817,
10,38,0.4150795042514801,0.40352290868759155,0.011433560401201248,1.2303228378295898,
10,39,0.4901721179485321,0.4762302339076996,0.013752257451415062,1.8962633609771729,
10,40,0.7922050952911377,0.7599114179611206,0.031685441732406616,6.082042217254639,
10,41,1.0864472389221191,1.0701065063476562,0.016244515776634216,0.9623126983642578,
10,42,0.9745734333992004,0.959297239780426,0.015164310112595558,1.1186656951904297,
10,43,0.6566152572631836,0.6280034780502319,0.02802920527756214,5.825749397277832,
10,44,0.5079534649848938,0.5013515949249268,0.006535419262945652,0.6644532680511475,
10,45,1.07003915309906,1.0514023303985596,0.01844891905784607,1.8788365125656128,
10,46,0.754601240158081,0.7457053661346436,0.008855649270117283,0.40204471349716187,
10,47,0.9641551375389099,0.9512181282043457,0.012856106273829937,0.8089745044708252,
10,48,1.677442193031311,1.5520663261413574,0.1220693439245224,33.0654411315918,
10,49,0.9277359843254089,0.9146475195884705,0.013019192963838577,0.6923080086708069,
10,50,0.8736053109169006,0.8572412729263306,0.01625220477581024,1.1182185411453247,
10,51,0.5019142031669617,0.4868868589401245,0.014794588088989258,2.327652931213379,
10,52,0.8306068181991577,0.7705916166305542,0.059072207659482956,9.430041313171387,
10,53,0.4211960434913635,0.4126620292663574,0.008451832458376884,0.8218185305595398,
10,54,1.087673306465149,1.0688681602478027,0.018636982887983322,1.6816456317901611,
10,55,0.4067462384700775,0.39561763405799866,0.010989715345203876,1.3888731002807617,
10,56,0.5349515080451965,0.5171501040458679,0.017553946003317833,2.4748423099517822,
10,57,0.4028242826461792,0.39632654190063477,0.0064382534474134445,0.5949253439903259,
10,58,0.869432806968689,0.8489158153533936,0.020295066758990288,2.2191474437713623,
10,59,1.02031409740448,1.0059692859649658,0.0142610352486372,0.8381513953208923,
10,60,0.8244845271110535,0.8139519691467285,0.010476780124008656,0.55793297290802,
10,61,0.5845156908035278,0.5638068914413452,0.020401928573846817,3.0687386989593506,
10,62,0.7356764674186707,0.7263203263282776,0.009305275045335293,0.508549153804779,
10,63,0.36731094121932983,0.3591245710849762,0.008101046085357666,0.8533138036727905,
10,64,0.5898543000221252,0.561608076095581,0.027773674577474594,4.725477695465088,
10,65,0.48646223545074463,0.47346755862236023,0.012816721573472023,1.7794734239578247,
10,66,0.6312806010246277,0.6006267070770264,0.03016802854835987,4.858384132385254,
10,67,0.5412843823432922,0.5335043668746948,0.0077516729943454266,0.28378939628601074,
10,68,0.48106619715690613,0.4656509757041931,0.015132853761315346,2.8238704204559326,
10,69,0.4712969660758972,0.4617064893245697,0.009490059688687325,1.0041732788085938,
10,70,0.8996891975402832,0.8870401978492737,0.012586645781993866,0.6234301924705505,
10,71,0.6866654753684998,0.6776911020278931,0.008928127586841583,0.4625716805458069,
10,72,0.7611455321311951,0.7501424551010132,0.010936308652162552,0.6673202514648438,
10,73,0.7860271334648132,0.7460547685623169,0.039376433938741684,5.959305763244629,
10,74,0.7294586300849915,0.687835693359375,0.041016835719347,6.061252593994141,
10,75,0.6084550619125366,0.584550142288208,0.023548893630504608,3.5604283809661865,
10,76,0.8812576532363892,0.8638356924057007,0.017234254628419876,1.87682044506073,
10,77,1.0112072229385376,0.9985548853874207,0.012584958225488663,0.6740934252738953,
10,78,0.7249685525894165,0.7151151895523071,0.00980028323829174,0.5313708186149597,
10,79,0.6272352337837219,0.6011636257171631,0.025574300438165665,4.972520351409912,
10,80,0.7431347966194153,0.7340038418769836,0.009094789624214172,0.3616901934146881,
10,81,1.1903901100158691,1.1724809408187866,0.017791345715522766,1.1777111291885376,
10,82,0.610615074634552,0.5927689671516418,0.017643481492996216,2.025695562362671,
10,83,0.6343823671340942,0.6262094974517822,0.00814484991133213,0.280328631401062,
10,84,0.7476027607917786,0.7376372218132019,0.00991190318018198,0.5365657806396484,
10,85,1.165887713432312,1.147127628326416,0.018612928688526154,1.4704843759536743,
10,86,0.632727861404419,0.5999998450279236,0.03215789049863815,5.701241493225098,
10,87,0.4077068865299225,0.39826181530952454,0.009343773126602173,1.0129683017730713,
10,88,1.1121561527252197,1.094630241394043,0.017385590821504593,1.4029614925384521,
10,89,0.5767951607704163,0.5594140291213989,0.017125193029642105,2.55937123298645,
10,90,0.41801881790161133,0.4087178111076355,0.00918743759393692,1.1356656551361084,
10,91,1.117339849472046,1.099310278892517,0.017821935936808586,2.0764243602752686,
10,92,1.1781362295150757,1.1606950759887695,0.01732933521270752,1.11845064163208,
10,93,1.121043086051941,1.0983067750930786,0.022498877719044685,2.375049352645874,
10,94,0.8415782451629639,0.8305132985115051,0.01101410947740078,0.5083755254745483,
10,95,0.9153814315795898,0.9030749201774597,0.012246811762452126,0.597223162651062,
10,96,0.529334545135498,0.5138231515884399,0.015293695032596588,2.176626205444336,
10,97,0.45411524176597595,0.4427056908607483,0.011250346899032593,1.5921850204467773,
10,98,0.8737387657165527,0.861264705657959,0.012409979477524757,0.6407943367958069,
10,99,0.46619874238967896,0.45353609323501587,0.012488641776144505,1.740220308303833,
10,100,0.8425763845443726,0.8318414092063904,0.010681843385100365,0.5308605432510376,
11,1,0.9352483749389648,0.9213379621505737,0.013801481574773788,1.089538335800171,
11,2,0.5626333355903625,0.5403951406478882,0.021921444684267044,3.1671743392944336,
11,3,0.5955492854118347,0.57487952709198,0.020340314134955406,3.2945964336395264,
11,4,0.5505629777908325,0.5358679294586182,0.014481712132692337,2.1333131790161133,
11,5,0.6192446947097778,0.5905946493148804,0.028211209923028946,4.387906551361084,
11,6,1.1466530561447144,1.1310960054397583,0.015454945154488087,1.022153377532959,
11,7,0.6438798904418945,0.6184059381484985,0.02508525922894478,3.8866772651672363,
11,8,0.5301061272621155,0.5114943981170654,0.018292222172021866,3.194904088973999,
11,9,1.1120115518569946,1.0935156345367432,0.018324214965105057,1.7167342901229858,
11,10,0.3873548209667206,0.37939906120300293,0.007864112965762615,0.9163823127746582,
11,11,0.875152051448822,0.8628361225128174,0.012236151844263077,0.7975534200668335,
11,12,0.7279362082481384,0.7189468741416931,0.008946431800723076,0.42939886450767517,
11,13,0.8655624985694885,0.8531061410903931,0.012370103970170021,0.8625987768173218,
11,14,0.40208378434181213,0.3918137550354004,0.01014407817274332,1.2595585584640503,
11,15,0.8197590112686157,0.8081302642822266,0.011560451239347458,0.682775616645813,
11,16,0.5664209723472595,0.5449403524398804,0.021174199879169464,3.064497709274292,
11,17,0.3832862377166748,0.37571585178375244,0.007500024512410164,0.7035664319992065,
11,18,0.6572710275650024,0.6290327906608582,0.027847327291965485,3.908921003341675,
11,19,0.761941134929657,0.7506884336471558,0.011189829558134079,0.6288266181945801,
11,20,1.014504313468933,1.0005688667297363,0.013857383280992508,0.7812805771827698,
11,21,1.2294214963912964,1.2089424133300781,0.020308345556259155,1.706681489944458,
11,22,0.686557412147522,0.678476095199585,0.008044041693210602,0.3726596534252167,
11,23,0.49902573227882385,0.48292702436447144,0.015842022374272346,2.567004680633545,
11,24,0.6962857842445374,0.662779688835144,0.03307569772005081,4.3041534423828125,
11,25,0.8240843415260315,0.8141269683837891,0.00990871898829937,0.48628324270248413,
11,26,0.9506475329399109,0.8976261615753174,0.05184011161327362,11.812151908874512,
11,27,0.850918173789978,0.7883862853050232,0.061140500009059906,13.91434097290039,
11,28,0.5867649912834167,0.5659332871437073,0.02048826962709427,3.4346179962158203,
11,29,0.40897610783576965,0.40062761306762695,0.008271889761090279,0.7658067345619202,
11,30,1.0474694967269897,1.0324907302856445,0.014892729930579662,0.8611035943031311,
11,31,0.7602065205574036,0.7490112781524658,0.011129068210721016,0.661376416683197,
11,32,0.8024105429649353,0.7594258785247803,0.04215884953737259,8.258420944213867,
11,33,0.796314001083374,0.757861852645874,0.03786082565784454,5.913536548614502,
11,34,0.6003470420837402,0.5749589204788208,0.02499668300151825,3.9140610694885254,
11,35,0.8206123113632202,0.8091259002685547,0.011413512751460075,0.7289058566093445,
11,36,0.6198855042457581,0.5902535319328308,0.029108185321092606,5.23786735534668,
11,37,0.8500589728355408,0.8388793468475342,0.011107495985925198,0.7210667133331299,
11,38,0.7024762630462646,0.6937556266784668,0.008680842816829681,0.3981752395629883,
11,39,0.40572407841682434,0.398229718208313,0.007408924400806427,0.8544318079948425,
11,40,0.5627568960189819,0.5442684292793274,0.018213346600532532,2.751195192337036,
11,41,0.8895041346549988,0.8778563737869263,0.011575881391763687,0.7190068960189819,
11,42,1.2432856559753418,1.220221996307373,0.022911585867404938,1.5210696458816528,
11,43,0.5986166000366211,0.5754376649856567,0.02283916249871254,3.3975212574005127,
11,44,0.8076830506324768,0.7721353769302368,0.03504590690135956,5.017380714416504,
11,45,0.484162837266922,0.4727473556995392,0.011283675208687782,1.318110466003418,
11,46,0.662744402885437,0.6539593935012817,0.008746329694986343,0.3870464265346527,
11,47,0.3608386218547821,0.35276487469673157,0.00799807533621788,0.7566364407539368,
11,48,1.1203256845474243,1.1009502410888672,0.019146380946040154,2.291365146636963,
11,49,0.5768342614173889,0.5607280731201172,0.01591597869992256,1.90176260471344,
11,50,0.5121310949325562,0.49468564987182617,0.017191922292113304,2.5348267555236816,
11,51,0.6000460982322693,0.5755538940429688,0.024139218032360077,3.5297539234161377,
11,52,0.7413797378540039,0.7320797443389893,0.009263982065021992,0.3599167466163635,
11,53,0.8976851105690002,0.8858694434165955,0.011735254898667336,0.8042056560516357,
11,54,0.8954257369041443,0.8841872811317444,0.011176896281540394,0.6158100962638855,
11,55,1.1672831773757935,1.1509602069854736,0.01619580388069153,1.2717766761779785,
11,56,0.41652098298072815,0.4083045423030853,0.008136617951095104,0.7979950308799744,
11,57,0.780177891254425,0.7697393894195557,0.010372741147875786,0.6576982140541077,
11,58,1.109308123588562,1.093392014503479,0.01578456535935402,1.3151885271072388,
11,59,1.0764492750167847,1.0626680850982666,0.013701044023036957,0.8010872602462769,
11,60,0.5361979603767395,0.5205974578857422,0.015376502647995949,2.2399544715881348,
11,61,0.984369695186615,0.9706785678863525,0.01361070852726698,0.8040598034858704,
11,62,0.5399373173713684,0.5323782563209534,0.0075326417572796345,0.2638970911502838,
11,63,1.0739190578460693,1.0566295385360718,0.0171438530087471,1.456602931022644,
11,64,0.6200940012931824,0.5980236530303955,0.02176268771290779,3.076570749282837,
11,65,0.47189217805862427,0.46232977509498596,0.009463043883442879,0.9936038851737976,
11,66,0.8607088327407837,0.8399298787117004,0.02050318941473961,2.7579081058502197,
11,67,0.7160675525665283,0.685555100440979,0.030002322047948837,5.101288795471191,
11,68,0.7468031048774719,0.7216900587081909,0.024752238765358925,3.607954263687134,
11,69,0.593813955783844,0.5772809982299805,0.0163375623524189,1.9540457725524902,
11,70,0.9511606693267822,0.9379222393035889,0.013168761506676674,0.6965621709823608,
11,71,0.4890631437301636,0.4716152846813202,0.017152611166238785,2.9526615142822266,
11,72,0.8427948951721191,0.830573558807373,0.012135826051235199,0.8554984927177429,
11,73,0.6344724297523499,0.6100388169288635,0.023997895419597626,4.357234001159668,
11,74,0.5875864624977112,0.5694947242736816,0.017896253615617752,1.955160140991211,
11,75,0.5768184661865234,0.5517061352729797,0.02471184730529785,4.004981994628906,
11,76,1.1095494031906128,1.0739169120788574,0.03520359471440315,4.289321422576904,
11,77,0.9764072895050049,0.9621233940124512,0.01420414075255394,0.7977811694145203,
11,78,0.4035020172595978,0.39118072390556335,0.012177027761936188,1.4428082704544067,
11,79,0.7206238508224487,0.6841172575950623,0.03599568456411362,5.109173774719238,
11,80,0.5824046730995178,0.5555357336997986,0.026334330439567566,5.346138954162598,
11,81,0.6906692981719971,0.656140923500061,0.0340215340256691,5.068334102630615,
11,82,0.6190232038497925,0.610244631767273,0.0087464964017272,0.32045677304267883,
11,83,1.1509655714035034,1.132245659828186,0.018599901348352432,1.200628638267517,
11,84,0.8377783298492432,0.8259183168411255,0.011800095438957214,0.5991327166557312,
11,85,0.954005241394043,0.9399824142456055,0.013945341110229492,0.7746318578720093,
11,86,0.8615320920944214,0.8092654347419739,0.0511830598115921,10.836036682128906,
11,87,0.5112160444259644,0.495390385389328,0.015603326261043549,2.2230396270751953,
11,88,0.779499888420105,0.7687198519706726,0.010719281621277332,0.6071993708610535,
11,89,0.8889147043228149,0.8767544031143188,0.01210233848541975,0.5792537927627563,
11,90,0.6067203283309937,0.5835486650466919,0.022763337939977646,4.083707332611084,
11,91,0.35949862003326416,0.3515660762786865,0.007854683324694633,0.7785996794700623,
11,92,1.0200947523117065,1.006140947341919,0.01387193612754345,0.8188419342041016,
11,93,0.4721575677394867,0.4579218029975891,0.014064894989132881,1.7085598707199097,
11,94,0.849791407585144,0.8378876447677612,0.011841028928756714,0.627118706703186,
11,95,0.8338876366615295,0.8098536729812622,0.023624276742339134,4.096432685852051,
11,96,0.37566709518432617,0.3662310242652893,0.009348820894956589,0.8724797964096069,
11,97,0.7118608355522156,0.6736745834350586,0.03766615688800812,5.201197147369385,
11,98,0.460640549659729,0.44693535566329956,0.013524288311600685,1.808929443359375,
11,99,0.47675108909606934,0.4610050618648529,0.015537591651082039,2.0842599868774414,
11,100,0.7164199352264404,0.6788018345832825,0.03708641976118088,5.316925525665283,
12,1,0.9903752207756042,0.9632338881492615,0.026503046974539757,6.383285999298096,
12,2,0.5785605311393738,0.5540414452552795,0.02413158118724823,3.874995708465576,
12,3,0.4928915500640869,0.47321102023124695,0.019373256713151932,3.072568893432617,
12,4,0.7159754633903503,0.7059765458106995,0.009951267391443253,0.4760136604309082,
12,5,0.6574490666389465,0.629353404045105,0.027594055980443954,5.016534328460693,
12,6,0.824954628944397,0.8129321336746216,0.011951534077525139,0.709778368473053,
12,7,1.007127046585083,0.992516279220581,0.014513700269162655,0.9702244997024536,
12,8,0.7969930768013,0.7851666212081909,0.011738061904907227,0.8841480612754822,
12,9,0.7979642152786255,0.7633584141731262,0.03406200185418129,5.437724590301514,
12,10,1.2082828283309937,1.179487705230713,0.028343766927719116,4.51328706741333,
12,11,0.829530656337738,0.8180428147315979,0.011432766914367676,0.5504592061042786,
12,12,0.6173135042190552,0.594613254070282,0.02238553576171398,3.1471266746520996,
12,13,0.6996375918388367,0.6898010969161987,0.009791573509573936,0.4491230547428131,
12,14,0.5922735929489136,0.5684301853179932,0.023517869412899017,3.2553255558013916,
12,15,0.5893633365631104,0.5642842054367065,0.024645354598760605,4.337972164154053,
12,16,0.41211947798728943,0.39869165420532227,0.013262981548905373,1.6483632326126099,
12,17,0.7280675172805786,0.718381941318512,0.009646949358284473,0.38646262884140015,
12,18,1.077022671699524,1.0611248016357422,0.01580251008272171,0.9535525441169739,
12,19,1.0685666799545288,1.0528392791748047,0.01563260145485401,0.9474421143531799,
12,20,0.41286253929138184,0.4058193862438202,0.006973721086978912,0.694398045539856,
12,21,0.5576353073120117,0.5502637624740601,0.0073417359963059425,0.2979670763015747,
12,22,0.7134400010108948,0.6771291494369507,0.03580101206898689,5.0985283851623535,
12,23,1.0406943559646606,1.0267105102539062,0.013906735926866531,0.7708005905151367,
12,24,0.8375930786132812,0.8264361619949341,0.011098098009824753,0.5885077118873596,
12,25,0.9748817682266235,0.9596017599105835,0.015142539516091347,1.3745388984680176,
12,26,0.7520588636398315,0.7430315613746643,0.008991122245788574,0.3616058826446533,
12,27,0.39205431938171387,0.38541513681411743,0.006574485916644335,0.6468760967254639,
12,28,0.9853296279907227,0.9713097810745239,0.013942389748990536,0.7750017046928406,
12,29,0.8004299402236938,0.7713589668273926,0.028274543583393097,7.964576244354248,
12,30,0.4511255621910095,0.4382449984550476,0.012744063511490822,1.364885926246643,
12,31,0.5632120966911316,0.5421579480171204,0.020762581378221512,2.9159579277038574,
12,32,0.38957616686820984,0.3824315071105957,0.007079100236296654,0.6555412411689758,
12,33,0.6131490468978882,0.5893040895462036,0.02345690131187439,3.8804209232330322,
12,34,0.6085420250892639,0.5889668464660645,0.01935366354882717,2.2146408557891846,
12,35,0.8046392798423767,0.7928433418273926,0.011728844605386257,0.671104907989502,
12,36,0.4715055525302887,0.4576261341571808,0.013714469969272614,1.6495699882507324,
12,37,0.8289934992790222,0.8176909685134888,0.011218556202948093,0.8397470712661743,
12,38,0.7736098766326904,0.763393759727478,0.010159516707062721,0.5662896037101746,
12,39,0.678131639957428,0.6378390192985535,0.03968546539545059,6.071382522583008,
12,40,0.9745609760284424,0.9613481760025024,0.01314140297472477,0.7139667272567749,
12,41,1.217150330543518,1.1985303163528442,0.018480554223060608,1.3944833278656006,
12,42,0.523353099822998,0.5086679458618164,0.01449364423751831,1.9148136377334595,
12,43,0.7662287950515747,0.7569366693496704,0.009251472540199757,0.40662136673927307,
12,44,0.45061883330345154,0.4404127895832062,0.01008584164083004,1.2019500732421875,
12,45,0.7757030725479126,0.7661230564117432,0.009526411071419716,0.5361148118972778,
12,46,0.9657791256904602,0.9530818462371826,0.012629476375877857,0.6785653829574585,
12,47,0.5676127672195435,0.5602809190750122,0.007302437908947468,0.29390600323677063,
12,48,0.7965022325515747,0.7857766151428223,0.01067797839641571,0.47650039196014404,
12,49,0.5719423294067383,0.5645161867141724,0.0073964339680969715,0.29705020785331726,
12,50,1.0483098030090332,1.03426992893219,0.01397214736789465,0.6774670481681824,
12,51,0.7593443989753723,0.7496978640556335,0.009607499465346336,0.39030733704566956,
12,52,1.1479443311691284,1.1323238611221313,0.015522920526564121,0.9746270775794983,
12,53,0.7024752497673035,0.6935971975326538,0.00884074904024601,0.3729701638221741,
12,54,0.7625122666358948,0.7349948883056641,0.02681088261306286,7.0646820068359375,
12,55,0.7869519591331482,0.7765860557556152,0.010311070829629898,0.5482311844825745,
12,56,0.5398645401000977,0.5329058766365051,0.0069340127520263195,0.24648837745189667,
12,57,0.36343851685523987,0.356005996465683,0.0073639629408717155,0.6855005025863647,
12,58,0.5035579204559326,0.4895239770412445,0.01385892741382122,1.749922752380371,
12,59,0.7904154062271118,0.7803421020507812,0.010023066774010658,0.5026910901069641,
12,60,0.47192034125328064,0.4632883667945862,0.008542622439563274,0.8935444951057434,
12,61,0.6080852150917053,0.5857884883880615,0.021842312067747116,4.544102668762207,
12,62,0.5771600604057312,0.5571302771568298,0.01973925530910492,2.904996871948242,
12,63,0.8391850590705872,0.827862560749054,0.011243991553783417,0.7851265668869019,
12,64,0.39584970474243164,0.38763415813446045,0.008121510967612267,0.94020015001297,
12,65,0.4868330955505371,0.4688326120376587,0.01770251989364624,2.979665994644165,
12,66,0.7082548141479492,0.6737693548202515,0.0340140201151371,4.714086055755615,
12,67,1.0818583965301514,1.0656682252883911,0.016087474301457405,1.0258218050003052,
12,68,0.5071064233779907,0.4914855360984802,0.015421127900481224,1.9973533153533936,
12,69,0.9359911680221558,0.9221846461296082,0.013690046966075897,1.1647353172302246,
12,70,0.7040464282035828,0.6783761382102966,0.02526257373392582,4.076730728149414,
12,71,0.3935675024986267,0.3846732974052429,0.008802725002169609,0.9150784611701965,
12,72,0.466974675655365,0.4566212594509125,0.010236268863081932,1.1715948581695557,
12,73,0.3954068422317505,0.38422882556915283,0.011037088930606842,1.4094367027282715,
12,74,0.6697070598602295,0.6609388589859009,0.008722566068172455,0.456405907869339,
12,75,0.5536563396453857,0.5465160608291626,0.0071136225014925,0.2663812041282654,
12,76,1.0639811754226685,1.050545334815979,0.013367589563131332,0.6830311417579651,
12,77,0.8006015419960022,0.7617242932319641,0.03827119991183281,6.060729503631592,
12,78,0.8719429969787598,0.8578004837036133,0.013975745067000389,1.667999505996704,
12,79,0.7205721139907837,0.6833536624908447,0.03671110421419144,5.073412895202637,
12,80,0.4834332764148712,0.4654124975204468,0.017733745276927948,2.870352029800415,
12,81,1.1278773546218872,1.108893871307373,0.01877262070775032,2.109139919281006,
12,82,0.913615345954895,0.8605368137359619,0.05203205347061157,10.464838027954102,
12,83,1.1396228075027466,1.1223617792129517,0.017146732658147812,1.1429641246795654,
12,84,0.5656090974807739,0.5581905841827393,0.0073899077251553535,0.28623929619789124,
12,85,0.8201692700386047,0.8079857230186462,0.012104990892112255,0.7856376767158508,
12,86,0.6149149537086487,0.6067619323730469,0.008123001083731651,0.3006165325641632,
12,87,0.44735604524612427,0.4350248873233795,0.012173447757959366,1.5770165920257568,
12,88,1.1522412300109863,1.1308326721191406,0.02116239070892334,2.461319923400879,
12,89,0.3868713080883026,0.37870070338249207,0.008086590096354485,0.8401893973350525,
12,90,0.6516574621200562,0.6240590214729309,0.02711855061352253,4.798746585845947,
12,91,0.6269674301147461,0.5979586839675903,0.02857595682144165,4.327910423278809,
12,92,0.8047088384628296,0.7634445428848267,0.04064054414629936,6.237663745880127,
12,93,0.6312681436538696,0.6035772562026978,0.027286091819405556,4.047999858856201,
12,94,1.1677441596984863,1.1523748636245728,0.015269840136170387,0.9941971302032471,
12,95,0.8803979158401489,0.8698625564575195,0.010472121648490429,0.6325440406799316,
12,96,0.8968931436538696,0.88688063621521,0.009965251199901104,0.47285303473472595,
12,97,0.8758668303489685,0.8651151657104492,0.010678634978830814,0.7301613688468933,
12,98,0.514789342880249,0.5018504858016968,0.012760361656546593,1.7849538326263428,
12,99,0.9535709023475647,0.9414178729057312,0.012085780501365662,0.6723968386650085,
12,100,1.1736092567443848,1.1566345691680908,0.016849754378199577,1.248860239982605,
13,1,0.37122082710266113,0.3643081486225128,0.006849230267107487,0.6346376538276672,
13,2,1.1618322134017944,1.1455930471420288,0.016135413199663162,1.0368492603302002,
13,3,0.4539856016635895,0.44195711612701416,0.011891506612300873,1.3698540925979614,
13,4,0.8878048658370972,0.8767511248588562,0.011003056541085243,0.5067645907402039,
13,5,0.7399777173995972,0.7061868906021118,0.033237796276807785,5.530059337615967,
13,6,0.36985063552856445,0.36391767859458923,0.005884951911866665,0.4801757335662842,
13,7,1.0365220308303833,1.0185966491699219,0.017766689881682396,1.587025761604309,
13,8,0.8805890083312988,0.8700419664382935,0.010483447462320328,0.6358209252357483,
13,9,1.0805773735046387,1.0669585466384888,0.01354596670717001,0.7288014888763428,
13,10,0.7355109453201294,0.7280083894729614,0.007471309043467045,0.312351256608963,
13,11,0.5078175663948059,0.4955575466156006,0.012105859816074371,1.5416682958602905,
13,12,0.8862897157669067,0.8763263821601868,0.009900042787194252,0.6332805156707764,
13,13,0.6534749269485474,0.6278393268585205,0.02517228201031685,4.633262634277344,
13,14,1.1498050689697266,1.1356457471847534,0.0140687245875597,0.9058791399002075,
13,15,0.39319702982902527,0.38677945733070374,0.006352349650114775,0.6524701118469238,
13,16,0.39581409096717834,0.3895852565765381,0.006169269327074289,0.5958701968193054,
13,17,0.5819093585014343,0.5626366138458252,0.018996138125658035,2.7663486003875732,
13,18,0.6228547096252441,0.6014993190765381,0.020994117483496666,3.6124050617218018,
13,19,0.45704102516174316,0.44477248191833496,0.012137146666646004,1.313942313194275,
13,20,0.4022643566131592,0.39227762818336487,0.009871997870504856,1.1474487781524658,
13,21,0.4812621474266052,0.4711726903915405,0.009964242577552795,1.2522748708724976,
13,22,0.5853788256645203,0.5673961639404297,0.017794296145439148,1.8836861848831177,
13,23,0.9416559338569641,0.9296937584877014,0.011899366043508053,0.6283379793167114,
13,24,1.1738059520721436,1.157071590423584,0.016595467925071716,1.3885782957077026,
13,25,0.6508452892303467,0.6434237957000732,0.007390046026557684,0.3147819936275482,
13,26,0.8917339444160461,0.8809936046600342,0.010674018412828445,0.6632745265960693,
13,27,1.0358120203018188,0.9468564987182617,0.08736266195774078,15.928534507751465,
13,28,0.3921692669391632,0.38591986894607544,0.00618966668844223,0.5971200466156006,
13,29,0.356940358877182,0.35013705492019653,0.006740639917552471,0.6266517043113708,
13,30,0.8547114729881287,0.8139328360557556,0.04000769183039665,7.709559917449951,
13,31,0.582348644733429,0.557411789894104,0.02450929582118988,4.275572299957275,
13,32,1.071235179901123,1.0586909055709839,0.012476496398448944,0.6781819462776184,
13,33,0.5629202127456665,0.5484840869903564,0.014275017194449902,1.610924243927002,
13,34,0.44293156266212463,0.43362534046173096,0.00921680685132742,0.8941712975502014,
13,35,0.40093955397605896,0.39388060569763184,0.006995266769081354,0.6369741559028625,
13,36,1.1391184329986572,1.1224100589752197,0.016590554267168045,1.177627682685852,
13,37,0.37557485699653625,0.366604745388031,0.008884308859705925,0.858107328414917,
13,38,0.7523486614227295,0.7173261046409607,0.034491073340177536,5.314949989318848,
13,39,0.6254304051399231,0.5987210273742676,0.02631804719567299,3.9130382537841797,
13,40,0.3658832907676697,0.35862043499946594,0.007209871895611286,0.5299469828605652,
13,41,0.8752201795578003,0.8630632162094116,0.012102043256163597,0.5491565465927124,
13,42,0.5665206909179688,0.5470660924911499,0.0191817507147789,2.7285115718841553,
13,43,0.5310803651809692,0.5103493332862854,0.020375825464725494,3.5518391132354736,
13,44,0.47053492069244385,0.46094298362731934,0.009489068761467934,1.0288784503936768,
13,45,0.41190841794013977,0.4038851857185364,0.007950769737362862,0.7245076894760132,
13,46,0.48751339316368103,0.4693334698677063,0.017893332988023758,2.865713596343994,
13,47,0.6041697263717651,0.5837843418121338,0.020081277936697006,3.041100263595581,
13,48,0.5707212686538696,0.5524346828460693,0.018081463873386383,2.051246404647827,
13,49,0.9632986187934875,0.9506394267082214,0.012585466727614403,0.737488329410553,
13,50,1.1762274503707886,1.1584758758544922,0.017608992755413055,1.4261860847473145,
13,51,0.8858520984649658,0.8737255930900574,0.012068754993379116,0.5778598189353943,
13,52,0.7852525115013123,0.7734255194664001,0.011748390272259712,0.7861906290054321,
13,53,0.5903724431991577,0.563687264919281,0.026190292090177536,4.949023723602295,
13,54,0.5498074293136597,0.5252712965011597,0.024130262434482574,4.058340549468994,
13,55,1.2034870386123657,1.1831965446472168,0.0201277956366539,1.6277650594711304,
13,56,0.708917498588562,0.6846379637718201,0.023956608027219772,3.2292628288269043,
13,57,0.6765391826629639,0.6447197198867798,0.03137914836406708,4.402928829193115,
13,58,0.5580751299858093,0.5504578351974487,0.007587974425405264,0.29346346855163574,
13,59,1.0155292749404907,1.0018378496170044,0.013620799407362938,0.7063046097755432,
13,60,0.820243239402771,0.8096514940261841,0.010537061840295792,0.5464448928833008,
13,61,0.9270768761634827,0.9151638746261597,0.011852238327264786,0.6074413061141968,
13,62,0.619117796421051,0.5953119993209839,0.023369232192635536,4.3653035163879395,
13,63,0.6041209697723389,0.5808254480361938,0.022896701470017433,3.9881784915924072,
13,64,0.4005878269672394,0.38974660634994507,0.010699251666665077,1.4198987483978271,
13,65,0.3738166391849518,0.36719340085983276,0.006572607439011335,0.5064698457717896,
13,66,0.5609675049781799,0.5413097143173218,0.01937735825777054,2.8042805194854736,
13,67,0.6749668717384338,0.642392635345459,0.031981777399778366,5.924419403076172,
13,68,0.5805459022521973,0.5565261840820312,0.02366243675351143,3.5728065967559814,
13,69,0.865736722946167,0.8200923204421997,0.044741883873939514,9.025415420532227,
13,70,1.0588020086288452,1.045113205909729,0.013617362827062607,0.7135394215583801,
13,71,1.8253885507583618,1.7677972316741943,0.056647494435310364,9.438369750976562,
13,72,1.003272294998169,0.9568579196929932,0.04558302089571953,8.313612937927246,
13,73,0.4547745883464813,0.44097694754600525,0.013603374361991882,1.942699670791626,
13,74,0.6022754907608032,0.5709105730056763,0.030814914032816887,5.500166416168213,
13,75,0.6249692440032959,0.6168528199195862,0.008085186593234539,0.3124672770500183,
13,76,1.049120545387268,1.0334320068359375,0.01559455506503582,0.9399019479751587,
13,77,0.6932913661003113,0.6605795621871948,0.03224596008658409,4.658610820770264,
13,78,0.7922978401184082,0.7822601795196533,0.00997994840145111,0.5768753886222839,
13,79,0.8735329508781433,0.8610479831695557,0.012397948652505875,0.870018482208252,
13,80,1.115607500076294,1.0937950611114502,0.02158115617930889,2.3121328353881836,
13,81,0.7614368200302124,0.7518516778945923,0.009525088593363762,0.6009535193443298,
13,82,0.9737535119056702,0.9580020904541016,0.015659278258681297,0.9212877750396729,
13,83,0.3710860311985016,0.3647667169570923,0.00627116858959198,0.48119041323661804,
13,84,0.397696852684021,0.3906005024909973,0.007023870944976807,0.7248170971870422,
13,85,0.37071719765663147,0.3618635833263397,0.00875905342400074,0.9457710981369019,
13,86,0.5569831132888794,0.5381374359130859,0.01864028349518776,2.054027795791626,
13,87,0.4176539182662964,0.4092825651168823,0.008292155340313911,0.791724681854248,
13,88,0.6037057042121887,0.5725013613700867,0.030616700649261475,5.876593112945557,
13,89,0.9225063920021057,0.8609038591384888,0.06025117635726929,13.5133695602417,
13,90,0.5807726383209229,0.5595473051071167,0.020972400903701782,2.529783248901367,
13,91,0.7466168999671936,0.7357873916625977,0.010784724727272987,0.4475592076778412,
13,92,0.4810985028743744,0.4598134756088257,0.02092188596725464,3.631354570388794,
13,93,0.6903242468833923,0.681448221206665,0.008832015097141266,0.44001829624176025,
13,94,0.5855621695518494,0.5636483430862427,0.02163536474108696,2.784825325012207,
13,95,0.5207816362380981,0.5138981342315674,0.006858425680547953,0.251166433095932,
13,96,0.45637619495391846,0.4432893991470337,0.012895765714347363,1.9102646112442017,
13,97,0.4101226031780243,0.4023338854312897,0.007706137374043465,0.8257765173912048,
13,98,0.570894718170166,0.5480962991714478,0.02243082970380783,3.675825834274292,
13,99,0.5572973489761353,0.5368513464927673,0.020215988159179688,2.2998712062835693,
13,100,1.097389578819275,1.0778911113739014,0.019326943904161453,1.7157750129699707,
14,1,1.1406631469726562,1.1202573776245117,0.02027767524123192,1.2816780805587769,
14,2,0.6921854019165039,0.681726336479187,0.010405435226857662,0.5365015268325806,
14,3,0.6283471584320068,0.6010174751281738,0.026971563696861267,3.5812015533447266,
14,4,0.4613458514213562,0.44588229060173035,0.015293296426534653,1.7025917768478394,
14,5,1.1466405391693115,1.1263909339904785,0.020123260095715523,1.2637134790420532,
14,6,0.7922887802124023,0.7475281357765198,0.043956056237220764,8.04601001739502,
14,7,0.5865431427955627,0.5629550218582153,0.023235175758600235,3.529134750366211,
14,8,0.7028955221176147,0.6931631565093994,0.009682889096438885,0.4949812889099121,
14,9,0.4493599236011505,0.4370376467704773,0.012141905725002289,1.8037317991256714,
14,10,0.9043658971786499,0.8914589285850525,0.012838201597332954,0.6878206729888916,
14,11,0.8527262210845947,0.8419998288154602,0.010673039592802525,0.5336304903030396,
14,12,0.7209721803665161,0.711359441280365,0.009552190080285072,0.605826199054718,
14,13,0.5864971280097961,0.559692919254303,0.0263377632945776,4.664775371551514,
14,14,0.386318564414978,0.37990206480026245,0.006367835216224194,0.4867352843284607,
14,15,0.7117978930473328,0.6804430484771729,0.030530458316206932,8.243955612182617,
14,16,0.8875868320465088,0.8759879469871521,0.011538540944457054,0.6032211780548096,
14,17,0.716921329498291,0.6784570813179016,0.03792032599449158,5.439630031585693,
14,18,0.6057507991790771,0.5826214551925659,0.022840730845928192,2.886091709136963,
14,19,0.757369875907898,0.7164888978004456,0.04026403650641441,6.16990327835083,
14,20,0.5095728039741516,0.495435893535614,0.01394573599100113,1.9114373922348022,
14,21,0.709613025188446,0.6715117692947388,0.037580832839012146,5.204036235809326,
14,22,0.5295143127441406,0.5049791932106018,0.02413298934698105,4.021663188934326,
14,23,1.165316104888916,1.1465270519256592,0.01866881176829338,1.202361822128296,
14,24,0.5349236726760864,0.5277202725410461,0.007178520783782005,0.24855497479438782,
14,25,0.6230663657188416,0.6058883666992188,0.016952132806181908,2.258380174636841,
14,26,0.4617873728275299,0.44727620482444763,0.014319146052002907,1.9201574325561523,
14,27,1.169043779373169,1.1498026847839355,0.019122106954455376,1.1893385648727417,
14,28,1.1651759147644043,1.1459438800811768,0.0190669447183609,1.6509941816329956,
14,29,0.5251197814941406,0.5182799100875854,0.006815163418650627,0.2474949061870575,
14,30,1.0628211498260498,1.0461020469665527,0.016609400510787964,1.0964007377624512,
14,31,0.697598934173584,0.6885297298431396,0.009021533653140068,0.47679048776626587,
14,32,1.1524511575698853,1.1315088272094727,0.020712226629257202,2.300539016723633,
14,33,0.895233690738678,0.88309645652771,0.012073482386767864,0.6375849843025208,
14,34,0.6032755374908447,0.5732023119926453,0.02958572469651699,4.874790668487549,
14,35,0.7929038405418396,0.7827123403549194,0.01013484038412571,0.5667561292648315,
14,36,0.5047561526298523,0.48996248841285706,0.014591383747756481,2.0230140686035156,
14,37,0.4825313687324524,0.4681309759616852,0.01424308679997921,1.5728737115859985,
14,38,0.9498549699783325,0.9350745677947998,0.014660585671663284,1.1982275247573853,
14,39,0.8910842537879944,0.8772969245910645,0.01367388479411602,1.1340360641479492,
14,40,1.1536872386932373,1.1367242336273193,0.016845859587192535,1.1723183393478394,
14,41,0.7151743173599243,0.677703857421875,0.03698115050792694,4.8932108879089355,
14,42,0.6004735231399536,0.5811627507209778,0.019111594185233116,1.9922387599945068,
14,43,0.46616455912590027,0.4523441195487976,0.013631985522806644,1.8843255043029785,
14,44,0.7441626787185669,0.7061723470687866,0.03748929128050804,5.010453701019287,
14,45,0.36307257413864136,0.3556879162788391,0.007312050089240074,0.7260545492172241,
14,46,1.5699423551559448,1.4319591522216797,0.1342485547065735,37.347084045410156,
14,47,1.185918927192688,1.1662883758544922,0.019507713615894318,1.2276580333709717,
14,48,0.9696660041809082,0.9536900520324707,0.01588822528719902,0.8775986433029175,
14,49,0.7623538374900818,0.7088725566864014,0.05240536481142044,10.759319305419922,
14,50,0.7002416849136353,0.6894965171813965,0.01068289764225483,0.622703492641449,
14,51,0.811787486076355,0.7559300065040588,0.05497066304087639,8.868002891540527,
14,52,0.46612271666526794,0.4514392018318176,0.014508477412164211,1.7502509355545044,
14,53,1.1775016784667969,1.1561297178268433,0.02121633291244507,1.5574604272842407,
14,54,0.43977922201156616,0.4263783097267151,0.01325467973947525,1.4624991416931152,
14,55,0.7925832271575928,0.7557429671287537,0.03577885404229164,10.613719940185547,
14,56,0.4725283682346344,0.4570692181587219,0.015241645276546478,2.174921989440918,
14,57,0.7147684693336487,0.7046624422073364,0.010041637346148491,0.6438904404640198,
14,58,1.0831937789916992,1.064019799232483,0.019037455320358276,1.3649401664733887,
14,59,0.9699599742889404,0.9538288116455078,0.01601131074130535,1.1987457275390625,
14,60,0.8103410005569458,0.7976722717285156,0.012570392340421677,0.9834138751029968,
14,61,1.0831429958343506,0.9551686644554138,0.12486574798822403,31.086009979248047,
14,62,0.7742845416069031,0.7637478709220886,0.010492749512195587,0.43934911489486694,
14,63,0.5729846954345703,0.5530513525009155,0.019642293453216553,2.910388469696045,
14,64,0.6131951808929443,0.5884998440742493,0.024369265884160995,3.2607743740081787,
14,65,0.5827995538711548,0.5744974613189697,0.008266845718026161,0.35255539417266846,
14,66,0.5592511892318726,0.5368663668632507,0.022133808583021164,2.5101208686828613,
14,67,0.8725215792655945,0.8545498847961426,0.017842981964349747,1.286941409111023,
14,68,0.6000063419342041,0.5926791429519653,0.007301876321434975,0.25356894731521606,
14,69,1.0040827989578247,0.9904763698577881,0.01351497694849968,0.9139631986618042,
14,70,1.194171667098999,1.176953673362732,0.01710508018732071,1.1283822059631348,
14,71,0.9629698991775513,0.9501655101776123,0.01273161917924881,0.7278206944465637,
14,72,0.5163516998291016,0.5004639625549316,0.015675902366638184,2.1182563304901123,
14,73,0.6930584907531738,0.6443034410476685,0.04791233316063881,8.427136421203613,
14,74,0.3917556405067444,0.3845481872558594,0.007139719091355801,0.67737877368927,
14,75,0.7062115669250488,0.6720682382583618,0.03349459916353226,6.487461566925049,
14,76,0.8304116725921631,0.79326331615448,0.03664945065975189,4.988736152648926,
14,77,0.5671409368515015,0.5448359847068787,0.02198425866663456,3.2065179347991943,
14,78,0.7056883573532104,0.6966220140457153,0.009016771800816059,0.4959263503551483,
14,79,1.2938742637634277,1.271958351135254,0.021767517551779747,1.4837064743041992,
14,80,0.6167958378791809,0.6093043088912964,0.007464706897735596,0.26824885606765747,
14,81,0.8463362455368042,0.8356648683547974,0.010617081075906754,0.5431998372077942,
14,82,0.6216530799865723,0.5932814478874207,0.027945000678300858,4.266551494598389,
14,83,0.8050675392150879,0.794722855091095,0.01029776781797409,0.4690360724925995,
14,84,1.063462495803833,1.0495491027832031,0.013844377361238003,0.690493643283844,
14,85,0.9581776261329651,0.9449890851974487,0.013106359168887138,0.8216565847396851,
14,86,0.49352413415908813,0.4786207675933838,0.01470176875591278,2.0157413482666016,
14,87,0.853836178779602,0.8429856896400452,0.01079484447836876,0.5569352507591248,
14,88,0.6468170285224915,0.618200421333313,0.02822199836373329,3.946051597595215,
14,89,0.5730090737342834,0.5671297311782837,0.005856599658727646,0.227885439991951,
14,90,1.1640527248382568,1.1485905647277832,0.015362324193120003,0.998292088508606,
14,91,0.374395489692688,0.36725664138793945,0.0070652225986123085,0.7361398339271545,
14,92,1.1845697164535522,1.1611158847808838,0.02332446351647377,1.293121099472046,
14,93,0.8836979269981384,0.8737410306930542,0.009894183836877346,0.6269956231117249,
14,94,0.38378238677978516,0.37740540504455566,0.006317168939858675,0.5980215668678284,
14,95,0.8834049701690674,0.8729109764099121,0.010425803251564503,0.6819868683815002,
14,96,0.7011538743972778,0.6668531894683838,0.03368808329105377,6.126142978668213,
14,97,0.46072378754615784,0.44800901412963867,0.012531634420156479,1.8313379287719727,
14,98,0.5946193337440491,0.576168954372406,0.018254751339554787,1.9564032554626465,
14,99,1.2001638412475586,1.1810895204544067,0.01891869306564331,1.55719792842865,
14,100,0.9506649971008301,0.9372274875640869,0.01332783792167902,1.0967661142349243,
15,1,1.070491075515747,1.0549726486206055,0.015401042997837067,1.1746183633804321,
15,2,1.1433144807815552,1.1259775161743164,0.017210226505994797,1.2666573524475098,
15,3,0.3767019510269165,0.36950182914733887,0.007133951410651207,0.6614968180656433,
15,4,0.36932632327079773,0.3632160425186157,0.006066997069865465,0.43269142508506775,
15,5,1.084622859954834,1.0702221393585205,0.01432209275662899,0.7870743870735168,
15,6,0.6695866584777832,0.6620123982429504,0.007539928890764713,0.3430444598197937,
15,7,0.7831314206123352,0.7733279466629028,0.00974065437912941,0.6283202767372131,
15,8,0.9348766803741455,0.9219752550125122,0.012799210846424103,1.0222840309143066,
15,9,0.6290647387504578,0.6032870411872864,0.02542174607515335,3.5593156814575195,
15,10,0.6201807856559753,0.5991162657737732,0.02075381577014923,3.107085704803467,
15,11,0.7941715121269226,0.7854262590408325,0.008694084361195564,0.5112496614456177,
15,12,0.8304675221443176,0.7926773428916931,0.037198230624198914,5.919226169586182,
15,13,0.643812894821167,0.6170300841331482,0.02626550756394863,5.173374176025391,
15,14,0.5464528799057007,0.5316097736358643,0.01465054601430893,1.9255383014678955,
15,15,0.6937465667724609,0.6861737370491028,0.007538553327322006,0.34296712279319763,
15,16,0.3924514651298523,0.38443970680236816,0.00792398490011692,0.877757728099823,
15,17,0.5622338056564331,0.5431907176971436,0.018784228712320328,2.588850736618042,
15,18,0.5023513436317444,0.4876874089241028,0.01445949636399746,2.044372320175171,
15,19,0.7657240033149719,0.7545356154441833,0.01112621184438467,0.6219608187675476,
15,20,0.725408673286438,0.7156968712806702,0.00965920090675354,0.5258108973503113,
15,21,0.409205824136734,0.40179839730262756,0.007340253330767155,0.671639621257782,
15,22,0.3724769353866577,0.3644944131374359,0.00790425855666399,0.7826584577560425,
15,23,0.46824029088020325,0.45455384254455566,0.013484286144375801,2.0214624404907227,
15,24,0.5167878866195679,0.5009692311286926,0.015600116923451424,2.185041666030884,
15,25,0.47917237877845764,0.46655815839767456,0.01243831217288971,1.7590994834899902,
15,26,0.38072866201400757,0.3730906844139099,0.007554232142865658,0.8374040722846985,
15,27,0.6952669024467468,0.6873066425323486,0.007922891527414322,0.3735889792442322,
15,28,0.58689945936203,0.5612649321556091,0.025258507579565048,3.7605233192443848,
15,29,0.7189177870750427,0.7104012966156006,0.008482512086629868,0.33945155143737793,
15,30,0.6196842789649963,0.5940859317779541,0.025158092379570007,4.402522563934326,
15,31,0.4624622166156769,0.4478960335254669,0.014362983405590057,2.0319621562957764,
15,32,0.4850405156612396,0.4715098738670349,0.013314126059412956,2.16515851020813,
15,33,0.809345006942749,0.7580543756484985,0.05048973113298416,8.009126663208008,
15,34,0.4673224985599518,0.4517483711242676,0.01523894164711237,3.351731538772583,
15,35,0.5736518502235413,0.5510650873184204,0.022227933630347252,3.58817720413208,
15,36,0.8979889154434204,0.8873149752616882,0.010616524145007133,0.5741667747497559,
15,37,1.1606471538543701,1.144692063331604,0.01584724150598049,1.0786888599395752,
15,38,0.8537631630897522,0.8417849540710449,0.011900443583726883,0.777706503868103,
15,39,0.9167154431343079,0.9050452709197998,0.011612579226493835,0.5757485032081604,
15,40,0.38171762228012085,0.3728209137916565,0.00880816113203764,0.8854419589042664,
15,41,0.4822067320346832,0.46790623664855957,0.014145579189062119,1.5491081476211548,
15,42,0.9669110178947449,0.9524787664413452,0.014325488358736038,1.067456841468811,
15,43,0.7334226369857788,0.7244512438774109,0.008931777440011501,0.396343857049942,
15,44,0.4815463423728943,0.4706607162952423,0.010763696394860744,1.2192848920822144,
15,45,1.0135748386383057,1.0007383823394775,0.012756048701703548,0.8048412799835205,
15,46,0.6051983833312988,0.5854005217552185,0.01955542340874672,2.424318552017212,
15,47,0.6620973348617554,0.6545941233634949,0.007470826152712107,0.3238455653190613,
15,48,0.6870570182800293,0.6784614324569702,0.008539189584553242,0.5638772249221802,
15,49,0.5712901949882507,0.5559362769126892,0.015189584344625473,1.643241047859192,
15,50,0.9194642901420593,0.9045578837394714,0.01475758571177721,1.4882429838180542,
15,51,1.059769868850708,1.040008783340454,0.01956433802843094,1.9672328233718872,
15,52,0.42194411158561707,0.4141044616699219,0.00775978434830904,0.7987843751907349,
15,53,0.5465457439422607,0.53934246301651,0.007170408498495817,0.3289794623851776,
15,54,0.5851519107818604,0.5615146160125732,0.023212213069200516,4.250961780548096,
15,55,0.6085371971130371,0.5866000056266785,0.021559730172157288,3.7745814323425293,
15,56,0.9125786423683167,0.8631796836853027,0.048490531742572784,9.084049224853516,
15,57,0.9368029236793518,0.9226381778717041,0.014045805670320988,1.1892237663269043,
15,58,0.7608664035797119,0.7482048869132996,0.012587511911988258,0.7402566075325012,
15,59,0.6095658540725708,0.5782912373542786,0.030674675479531288,5.999170780181885,
15,60,1.0531742572784424,1.032926321029663,0.019993877038359642,2.5399653911590576,
15,61,1.0370205640792847,1.0204887390136719,0.016438402235507965,0.9345659613609314,
15,62,0.6874097585678101,0.6491047739982605,0.037757955491542816,5.470476150512695,
15,63,0.40480393171310425,0.3912006914615631,0.013428588397800922,1.746364951133728,
15,64,0.46199750900268555,0.4444878101348877,0.01726023480296135,2.494748592376709,
15,65,0.844419002532959,0.8334271311759949,0.010935529135167599,0.5634510517120361,
15,66,0.8451423048973083,0.8327735662460327,0.01229884847998619,0.6992847919464111,
15,67,0.4399985671043396,0.41981297731399536,0.01983645185828209,3.4914605617523193,
15,68,0.6488224864006042,0.6215572357177734,0.02688838541507721,3.7689998149871826,
15,69,0.9921330213546753,0.9769604206085205,0.015047920867800713,1.2471296787261963,
15,70,0.5813573002815247,0.5559292435646057,0.025030875578522682,3.972330093383789,
15,71,0.40839245915412903,0.40090617537498474,0.007417358458042145,0.6893935799598694,
15,72,0.9327329397201538,0.9211362600326538,0.011534294113516808,0.6239010095596313,
15,73,1.2028920650482178,1.184682011604309,0.018076924607157707,1.331588625907898,
15,74,0.5594559907913208,0.5526005029678345,0.006829386577010155,0.26083654165267944,
15,75,0.9262221455574036,0.9120516777038574,0.01405610516667366,1.1439253091812134,
15,76,0.5921546220779419,0.5694382786750793,0.02241375669836998,3.0262558460235596,
15,77,0.7878300547599792,0.7447504997253418,0.04240521788597107,6.742895126342773,
15,78,0.7566908001899719,0.7474424839019775,0.009211407043039799,0.3690968155860901,
15,79,0.6242932081222534,0.5980923771858215,0.025825709104537964,3.7517499923706055,
15,80,0.8207787871360779,0.8114883899688721,0.009245853871107101,0.44536644220352173,
15,81,0.36310961842536926,0.35753339529037476,0.005534233525395393,0.4200598895549774,
15,82,0.9478651285171509,0.9355679750442505,0.012221128679811954,0.7602352499961853,
15,83,0.47807958722114563,0.4689332842826843,0.009032387286424637,1.1391196250915527,
15,84,0.6230760216712952,0.6021890044212341,0.02058827504515648,2.9871163368225098,
15,85,0.5654749274253845,0.5489855408668518,0.016306914389133453,1.824225664138794,
15,86,0.5511428713798523,0.5361773371696472,0.014779303222894669,1.861911416053772,
15,87,0.7431837320327759,0.7348523139953613,0.008296936750411987,0.3443971276283264,
15,88,0.5594766139984131,0.5309258103370667,0.02805742248892784,4.934247016906738,
15,89,0.4723242223262787,0.46278029680252075,0.009442590177059174,1.0133143663406372,
15,90,0.5206894874572754,0.5003631711006165,0.020020700991153717,3.0561161041259766,
15,91,0.4114570915699005,0.4048634469509125,0.006528044585138559,0.656006932258606,
15,92,1.0378787517547607,1.0233516693115234,0.01439749076962471,1.2960344552993774,
15,93,0.627102255821228,0.5952074527740479,0.031384214758872986,5.105771064758301,
15,94,0.4156772792339325,0.40836697816848755,0.007239434868097305,0.708845853805542,
15,95,0.5639023184776306,0.5427413582801819,0.020860135555267334,3.0079751014709473,
15,96,0.38935285806655884,0.3809775412082672,0.008286885917186737,0.8843407034873962,
15,97,0.8923119902610779,0.8799288272857666,0.012324433773756027,0.5872802734375,
15,98,0.7975713610649109,0.7870707511901855,0.010452479124069214,0.48102694749832153,
15,99,1.2363513708114624,1.2122788429260254,0.023853294551372528,2.192453622817993,
15,100,0.5308120250701904,0.5160425901412964,0.01456882432103157,2.006119966506958,
16,1,0.7964577674865723,0.7862557768821716,0.010139691643416882,0.6229091882705688,
16,2,0.41295933723449707,0.40623533725738525,0.006659575738012791,0.6442816853523254,
16,3,0.6077401041984558,0.5831255912780762,0.024278944358229637,3.355454921722412,
16,4,0.6017026901245117,0.5713177919387817,0.029827304184436798,5.576140403747559,
16,5,0.8002598285675049,0.7890475392341614,0.011150152422487736,0.6207853555679321,
16,6,0.48973068594932556,0.47322604060173035,0.01627209782600403,2.325329542160034,
16,7,1.0466361045837402,1.029991865158081,0.016547061502933502,0.9713554978370667,
16,8,0.7010661959648132,0.6911311149597168,0.009868309833109379,0.6678493022918701,
16,9,1.033617377281189,1.0155930519104004,0.017867181450128555,1.5716958045959473,
16,10,0.48137396574020386,0.46941566467285156,0.011813472956418991,1.4483591318130493,
16,11,0.5642712712287903,0.5387663245201111,0.0251286830753088,3.763005495071411,
16,12,0.8273292779922485,0.8154165744781494,0.011814725585281849,0.9801695942878723,
16,13,0.47452282905578613,0.4555797278881073,0.018642373383045197,3.007420063018799,
16,14,0.9771575331687927,0.9260877370834351,0.04959200322628021,14.777983665466309,
16,15,0.4806469976902008,0.4613354802131653,0.0189933180809021,3.1818525791168213,
16,16,1.0579029321670532,1.043797492980957,0.014032852835953236,0.7254430651664734,
16,17,0.772686779499054,0.7629842162132263,0.00964434165507555,0.582076370716095,
16,18,0.8683441281318665,0.8576816320419312,0.01060459204018116,0.5788754820823669,
16,19,0.4219399094581604,0.4146386384963989,0.007223128341138363,0.7812852263450623,
16,20,1.078989863395691,1.0614290237426758,0.017434990033507347,1.2586599588394165,
16,21,0.5995348691940308,0.5725892782211304,0.026525726541876793,4.198444366455078,
16,22,1.0720893144607544,1.0370426177978516,0.03412828594446182,9.1838960647583,
16,23,0.6233929395675659,0.5923383235931396,0.030591212213039398,4.634509563446045,
16,24,0.5348858833312988,0.5279812812805176,0.006873047910630703,0.31514614820480347,
16,25,0.56810462474823,0.5420579314231873,0.025672167539596558,3.7457010746002197,
16,26,0.5741215348243713,0.5444628000259399,0.029091957956552505,5.667922496795654,
16,27,0.7192826867103577,0.6793599128723145,0.03938903659582138,5.337587833404541,
16,28,0.8585702180862427,0.8448716402053833,0.0136053916066885,0.9318705797195435,
16,29,0.4813942611217499,0.4604920744895935,0.02058391645550728,3.182518482208252,
16,30,0.5374376177787781,0.5307268500328064,0.006685491185635328,0.25281965732574463,
16,31,0.7607013583183289,0.750347912311554,0.01031404733657837,0.3938697278499603,
16,32,1.2012691497802734,1.178384780883789,0.022681739181280136,2.025984525680542,
16,33,0.9582958817481995,0.9441627860069275,0.014050345867872238,0.8272057771682739,
16,34,0.46322306990623474,0.4534129500389099,0.009704449214041233,1.0568737983703613,
16,35,0.41235464811325073,0.4051964282989502,0.007087270729243755,0.7095812559127808,
16,36,0.6186812520027161,0.5934252738952637,0.024816371500492096,4.395624160766602,
16,37,0.9619975090026855,0.9477977752685547,0.01412220112979412,0.7756585478782654,
16,38,0.55693119764328,0.5352363586425781,0.021365229040384293,3.296154260635376,
16,39,1.1331418752670288,1.1154611110687256,0.01755351573228836,1.2714728116989136,
16,40,0.395414263010025,0.3870640993118286,0.008260384202003479,0.8979795575141907,
16,41,1.0593122243881226,1.0440152883529663,0.015204173512756824,0.9272263050079346,
16,42,0.4136478900909424,0.40670132637023926,0.006876006722450256,0.7058051824569702,
16,43,0.5841535329818726,0.554552435874939,0.02903570607304573,5.654057025909424,
16,44,0.5585350394248962,0.5384572744369507,0.019791821017861366,2.859112024307251,
16,45,0.6031181812286377,0.5798072814941406,0.02278292179107666,5.279531002044678,
16,46,0.36885836720466614,0.3626430332660675,0.00616844417527318,0.4687100052833557,
16,47,0.4707977771759033,0.46048033237457275,0.01020018570125103,1.1725813150405884,
16,48,1.4026298522949219,1.2091313600540161,0.18816766142845154,53.307464599609375,
16,49,0.6365984082221985,0.6059603691101074,0.02996124140918255,6.768335342407227,
16,50,0.39843231439590454,0.3904292583465576,0.007922771386802197,0.8028624653816223,
16,51,1.0645099878311157,1.0479905605316162,0.016413751989603043,1.0559120178222656,
16,52,0.6373586654663086,0.62947016954422,0.007858357392251492,0.30130788683891296,
16,53,0.48183223605155945,0.46588683128356934,0.015676673501729965,2.6872811317443848,
16,54,1.2245635986328125,1.1981606483459473,0.026167361065745354,2.3553879261016846,
16,55,0.8919500112533569,0.8782203793525696,0.013661256060004234,0.683722972869873,
16,56,0.9899923801422119,0.9700722694396973,0.019749388098716736,1.707151174545288,
16,57,0.7583497762680054,0.7483329176902771,0.009973566047847271,0.4330195486545563,
16,58,1.1062448024749756,1.0793414115905762,0.026640743017196655,2.6263086795806885,
16,59,0.36963722109794617,0.3631633520126343,0.006425228901207447,0.4864329695701599,
16,60,1.1340240240097046,1.1118155717849731,0.022036785259842873,1.716542363166809,
16,61,0.7860058546066284,0.7148112058639526,0.07020016759634018,9.9448823928833,
16,62,0.9214259386062622,0.9089021682739258,0.012459460645914078,0.64304119348526,
16,63,0.8961434960365295,0.8854432106018066,0.010644589550793171,0.5565537810325623,
16,64,0.8772786259651184,0.865856945514679,0.01134109403938055,0.8061051368713379,
16,65,0.5979173183441162,0.5774644613265991,0.020152632147073746,3.0021984577178955,
16,66,1.0719603300094604,1.061206340789795,0.010695409029722214,0.5851962566375732,
16,67,0.41697731614112854,0.4089319109916687,0.00796831026673317,0.7708573937416077,
16,68,1.0442860126495361,1.0343739986419678,0.009859099984169006,0.529141902923584,
16,69,0.49626219272613525,0.4854210615158081,0.010699115693569183,1.420215368270874,
16,70,0.5873625874519348,0.569645881652832,0.01747165061533451,2.4504122734069824,
16,71,0.7588170170783997,0.7498337030410767,0.008932031691074371,0.5125523805618286,
16,72,0.4050179123878479,0.39781099557876587,0.007137460634112358,0.6948383450508118,
16,73,1.6077879667282104,1.588891863822937,0.018711168318986893,1.8488438129425049,
16,74,1.1051679849624634,1.0932109355926514,0.011882638558745384,0.743426501750946,
16,75,1.0426687002182007,1.0141938924789429,0.028108535334467888,3.663445472717285,
16,76,0.8722257018089294,0.8592411875724792,0.01290249265730381,0.8200077414512634,
16,77,0.7183858156204224,0.6964141130447388,0.02170388400554657,2.678102970123291,
16,78,0.7624707221984863,0.7516820430755615,0.010749008506536484,0.39687585830688477,
16,79,0.7059696912765503,0.6942814588546753,0.011629609391093254,0.5865462422370911,
16,80,0.4213903844356537,0.4104754328727722,0.010817177593708038,0.9778825640678406,
16,81,0.6727839112281799,0.6631451845169067,0.009596540592610836,0.4219808876514435,
16,82,0.5979011654853821,0.5681123733520508,0.029247768223285675,5.410308361053467,
16,83,0.5887649059295654,0.5684134364128113,0.02013315074145794,2.1832633018493652,
16,84,0.5805020332336426,0.5635138154029846,0.01680472306907177,1.8351986408233643,
16,85,1.089099645614624,1.0733320713043213,0.015636783093214035,1.3081419467926025,
16,86,0.6575578451156616,0.6333796977996826,0.023837734013795853,3.404268264770508,
16,87,1.087577223777771,1.0711337327957153,0.016290146857500076,1.532816767692566,
16,88,0.9226812720298767,0.9047669172286987,0.01758572831749916,3.2861595153808594,
16,89,0.7995496988296509,0.7557007074356079,0.043210454285144806,6.385656356811523,
16,90,1.0664845705032349,1.0503748655319214,0.015977684408426285,1.3199244737625122,
16,91,0.7890933752059937,0.7546327710151672,0.033945612609386444,5.149816513061523,
16,92,0.8355000615119934,0.7995145320892334,0.035459965467453,5.255093097686768,
16,93,0.8543041348457336,0.8428706526756287,0.011373299174010754,0.6022400259971619,
16,94,0.9003419876098633,0.8888435363769531,0.01143659558147192,0.6188718676567078,
16,95,0.5011352896690369,0.47967031598091125,0.02114732190966606,3.1765894889831543,
16,96,0.6854727864265442,0.6616457104682922,0.023496486246585846,3.305783987045288,
16,97,0.40390127897262573,0.3970879912376404,0.006743432953953743,0.6985224485397339,
16,98,0.7850245237350464,0.7720458507537842,0.012901367619633675,0.7731417417526245,
16,99,0.8781123161315918,0.8638356924057007,0.014183977618813515,0.9262583255767822,
16,100,0.8728018999099731,0.852552056312561,0.02010372094810009,1.4612504243850708,
17,1,1.1203041076660156,1.1025108098983765,0.017695607617497444,0.9761101007461548,
17,2,0.36986565589904785,0.364399790763855,0.005423174239695072,0.42669016122817993,
17,3,0.37308594584465027,0.3679099977016449,0.005135905928909779,0.4004070460796356,
17,4,0.8714646100997925,0.8602285385131836,0.011164895258843899,0.7115948796272278,
17,5,0.7658185958862305,0.756821870803833,0.008947128430008888,0.49616363644599915,
17,6,1.1510968208312988,1.134106159210205,0.016889523714780807,1.0108633041381836,
17,7,0.5753492116928101,0.5575506687164307,0.017620563507080078,1.7799352407455444,
17,8,0.8347312808036804,0.8243012428283691,0.010353190824389458,0.7681382894515991,
17,9,0.9959187507629395,0.9841373562812805,0.011704016476869583,0.7735209465026855,
17,10,0.40272092819213867,0.39771080017089844,0.004958415403962135,0.5171326398849487,
17,11,0.6405655741691589,0.6105115413665771,0.029651666060090065,4.023728847503662,
17,12,0.6730379462242126,0.6433712244033813,0.02911047451198101,5.562192440032959,
17,13,0.8066249489784241,0.7639786005020142,0.04204385727643967,6.024998664855957,
17,14,0.7067648768424988,0.6720752120018005,0.034028902649879456,6.607639789581299,
17,15,1.1782983541488647,1.157278060913086,0.020837463438510895,1.828096628189087,
17,16,0.9758557677268982,0.9634782075881958,0.012309253215789795,0.6831823587417603,
17,17,0.5296122431755066,0.5164092779159546,0.013036275282502174,1.6669199466705322,
17,18,0.5587739944458008,0.5523795485496521,0.006356171332299709,0.38245344161987305,
17,19,0.7806063294410706,0.737746000289917,0.04222564771771431,6.346517562866211,
17,20,1.0107496976852417,0.9981732368469238,0.012486419640481472,0.9005712270736694,
17,21,0.4467357099056244,0.43597403168678284,0.01064321119338274,1.1844966411590576,
17,22,0.8171775937080383,0.8086082935333252,0.008524077013134956,0.4525376856327057,
17,23,0.48457714915275574,0.47603946924209595,0.008447244763374329,0.9044169783592224,
17,24,1.0629914999008179,1.0479830503463745,0.014920428395271301,0.8800495862960815,
17,25,0.4574260711669922,0.4446919560432434,0.012551186606287956,1.8292253017425537,
17,26,1.145652413368225,1.1274549961090088,0.018064770847558975,1.326495885848999,
17,27,0.7985625863075256,0.7871413826942444,0.011350102722644806,0.7107992172241211,
17,28,1.208945631980896,1.1871088743209839,0.02167857624590397,1.582082986831665,
17,29,0.5555040836334229,0.548953652381897,0.006524423137307167,0.25974419713020325,
17,30,0.5763872861862183,0.556941032409668,0.019191794097423553,2.5448100566864014,
17,31,1.334061622619629,1.262866735458374,0.06953616440296173,16.587322235107422,
17,32,0.573058545589447,0.5488400459289551,0.02384602651000023,3.724616050720215,
17,33,0.3783213198184967,0.37169912457466125,0.006556998006999493,0.652146577835083,
17,34,0.6792814135551453,0.6575689315795898,0.021354954689741135,3.5750303268432617,
17,35,0.5008014440536499,0.4880025386810303,0.012648642994463444,1.5026986598968506,
17,36,0.7260854244232178,0.719226598739624,0.006822642870247364,0.36156168580055237,
17,37,1.2284876108169556,1.211869478225708,0.01647934690117836,1.3880393505096436,
17,38,1.129812479019165,1.1127667427062988,0.0168861523270607,1.5957930088043213,
17,39,0.8620163798332214,0.852301836013794,0.009648031555116177,0.6651573777198792,
17,40,0.8268759250640869,0.8161981105804443,0.010598726570606232,0.7907397747039795,
17,41,0.8624401092529297,0.8514600396156311,0.010924059897661209,0.5600222945213318,
17,42,0.7482699751853943,0.7402735948562622,0.007957693189382553,0.3868061900138855,
17,43,1.0042661428451538,0.9528594017028809,0.049880556762218475,15.262747764587402,
17,44,0.9936466217041016,0.9786374568939209,0.014906607568264008,1.0256503820419312,
17,45,0.48762112855911255,0.47317230701446533,0.014290664345026016,1.5816340446472168,
17,46,1.0592927932739258,1.0461068153381348,0.013118335045874119,0.6762879490852356,
17,47,1.162649393081665,1.1424375772476196,0.020050693303346634,1.6120903491973877,
17,48,0.6415520906448364,0.6112744808197021,0.029626639559864998,6.509587287902832,
17,49,0.9010462164878845,0.8804305791854858,0.02029484137892723,3.20792555809021,
17,50,0.48073896765708923,0.4665340781211853,0.013986853882670403,2.180372953414917,
17,51,1.0783922672271729,1.0645722150802612,0.013741081580519676,0.7886464595794678,
17,52,0.7067860960960388,0.6990402936935425,0.007711163256317377,0.3461591601371765,
17,53,0.8389720916748047,0.8276705145835876,0.011221662163734436,0.79914391040802,
17,54,1.121782898902893,1.104736089706421,0.016868477687239647,1.7828118801116943,
17,55,0.5826239585876465,0.5654000043869019,0.01704207807779312,1.8184623718261719,
17,56,0.5314080715179443,0.5181797742843628,0.01302269846200943,2.0555813312530518,
17,57,0.8565926551818848,0.8471724390983582,0.009369948878884315,0.5022222399711609,
17,58,0.556789219379425,0.5506701469421387,0.0060944948345422745,0.24576573073863983,
17,59,0.94832843542099,0.9323994517326355,0.015767361968755722,1.616705060005188,
17,60,0.8478449583053589,0.8376404047012329,0.010126162320375443,0.7839248180389404,
17,61,0.5997160077095032,0.5778899192810059,0.02151479199528694,3.113048791885376,
17,62,0.8859685659408569,0.8753218650817871,0.010574334301054478,0.7238035798072815,
17,63,0.609171450138092,0.5833435654640198,0.02545950375497341,3.683626413345337,
17,64,0.5282639265060425,0.5155707001686096,0.012531956657767296,1.6126219034194946,
17,65,0.49824652075767517,0.47884154319763184,0.019096311181783676,3.086698532104492,
17,66,1.0796606540679932,1.0673350095748901,0.01226536463946104,0.6028085947036743,
17,67,1.080000400543213,1.067300796508789,0.01263161189854145,0.6794366836547852,
17,68,0.6266141533851624,0.5968782901763916,0.02926117740571499,4.746927261352539,
17,69,0.7253885269165039,0.7170029282569885,0.00835403986275196,0.31513649225234985,
17,70,0.7434366941452026,0.7352142333984375,0.008188027888536453,0.3444250822067261,
17,71,0.5434892177581787,0.526266872882843,0.016990983858704567,2.313589334487915,
17,72,0.8096690773963928,0.8005978465080261,0.009027030318975449,0.4422951340675354,
17,73,0.7872288823127747,0.7779284715652466,0.009260078892111778,0.4033934772014618,
17,74,1.0277459621429443,1.0137102603912354,0.01394730806350708,0.8846253156661987,
17,75,0.6027520895004272,0.5819038152694702,0.020624566823244095,2.2371437549591064,
17,76,0.8001940846443176,0.766381025314331,0.033300913870334625,5.1209845542907715,
17,77,0.7384522557258606,0.7297528386116028,0.008666438981890678,0.3299051821231842,
17,78,0.7910440564155579,0.7477442026138306,0.04248388111591339,8.15982723236084,
17,79,0.8203917741775513,0.7611955404281616,0.05806775018572807,11.28511905670166,
17,80,1.2200027704238892,1.1994596719741821,0.020381780341267586,1.612644076347351,
17,81,0.6998833417892456,0.6910097002983093,0.008821152150630951,0.5253379344940186,
17,82,1.0129413604736328,0.9989436864852905,0.0139174684882164,0.802288293838501,
17,83,0.44128525257110596,0.4324594736099243,0.008725007995963097,1.007536768913269,
17,84,0.9704923033714294,0.956899881362915,0.01351199857890606,0.8041924834251404,
17,85,1.0361747741699219,1.0238155126571655,0.012296875938773155,0.6240270733833313,
17,86,0.5670828819274902,0.5415017008781433,0.025073576718568802,5.076015949249268,
17,87,0.6251271963119507,0.5972868800163269,0.027415694668889046,4.246231555938721,
17,88,0.5781767964363098,0.5589296221733093,0.019033823162317276,2.1332106590270996,
17,89,0.4009072780609131,0.3922986388206482,0.008509892039000988,0.9874457120895386,
17,90,0.8178457021713257,0.7698943614959717,0.04720284789800644,7.485178470611572,
17,91,0.7955754995346069,0.7863107919692993,0.009212222881615162,0.5249070525169373,
17,92,0.9381287097930908,0.9252361059188843,0.012809565290808678,0.8301864266395569,
17,93,0.7431088089942932,0.7344755530357361,0.008596793748438358,0.3644847869873047,
17,94,0.8618288040161133,0.8499913215637207,0.01175704412162304,0.8046787977218628,
17,95,0.8576061129570007,0.8447248935699463,0.012805511243641376,0.7571563124656677,
17,96,0.6275179982185364,0.5906528830528259,0.03624826669692993,6.168412208557129,
17,97,0.7320204973220825,0.6935628652572632,0.03786865249276161,5.889286041259766,
17,98,0.752807080745697,0.7437402009963989,0.009032703936100006,0.3415497839450836,
17,99,0.5602282881736755,0.5537348389625549,0.006466913502663374,0.2650802433490753,
17,100,0.4728943109512329,0.4639992415904999,0.008798360824584961,0.967086672782898,
18,1,1.1593427658081055,1.1409488916397095,0.01824221760034561,1.516571283340454,
18,2,1.1523572206497192,1.1370481252670288,0.01521478034555912,0.9433192014694214,
18,3,0.5488876700401306,0.5291123390197754,0.01945565640926361,3.1963372230529785,
18,4,0.5479068756103516,0.5298229455947876,0.01782091334462166,2.6304004192352295,
18,5,0.5955050587654114,0.5757442712783813,0.01952577568590641,2.350219964981079,
18,6,0.6268330812454224,0.6018077731132507,0.024621253833174706,4.040477752685547,
18,7,0.6226320862770081,0.5927871465682983,0.02923973649740219,6.052422046661377,
18,8,0.6936871409416199,0.6577379107475281,0.03550434112548828,4.448650360107422,
18,9,1.1016708612442017,1.0814251899719238,0.020020434632897377,2.2513604164123535,
18,10,0.6085372567176819,0.5770436525344849,0.031006045639514923,4.875947952270508,
18,11,0.4810756742954254,0.4674581289291382,0.01343032531440258,1.8721084594726562,
18,12,0.47555193305015564,0.45600610971450806,0.01925964467227459,2.8618857860565186,
18,13,0.6222087144851685,0.5906062722206116,0.031166519969701767,4.359240531921387,
18,14,0.9708952903747559,0.9584081768989563,0.012416224926710129,0.7088534832000732,
18,15,1.3059154748916626,1.2529778480529785,0.052205123007297516,7.325084686279297,
18,16,0.9006178379058838,0.8900744318962097,0.010493118315935135,0.5029004812240601,
18,17,0.540992021560669,0.5241063833236694,0.01664469763636589,2.4090678691864014,
18,18,0.6099673509597778,0.5831582546234131,0.02644890360534191,3.6020147800445557,
18,19,0.48513996601104736,0.47476232051849365,0.01025722548365593,1.2043968439102173,
18,20,1.2324548959732056,1.206568717956543,0.025720369070768356,1.6584192514419556,
18,21,0.36566779017448425,0.35785388946533203,0.00773389870300889,0.7998961210250854,
18,22,0.894359290599823,0.8850795030593872,0.009230481460690498,0.4930574297904968,
18,23,1.0380663871765137,1.0198156833648682,0.018093831837177277,1.5686118602752686,
18,24,0.9602052569389343,0.948835015296936,0.011303731240332127,0.6649762392044067,
18,25,0.6145219802856445,0.5931611061096191,0.021010491997003555,3.5034549236297607,
18,26,1.0983879566192627,1.0851870775222778,0.013126248493790627,0.7466204166412354,
18,27,0.6591145396232605,0.6521767377853394,0.00690519530326128,0.32627996802330017,
18,28,0.7111590504646301,0.7033859491348267,0.007737377658486366,0.35711050033569336,
18,29,0.6863990426063538,0.6569279432296753,0.0291026309132576,3.684915542602539,
18,30,0.46176469326019287,0.44386014342308044,0.017535382881760597,3.6917531490325928,
18,31,1.1258476972579956,1.1102373600006104,0.015505125746130943,1.0523076057434082,
18,32,0.7735209465026855,0.7307090759277344,0.04216673597693443,6.451459884643555,
18,33,0.4930981695652008,0.4784473478794098,0.01444288156926632,2.079242706298828,
18,34,0.5356263518333435,0.5293728113174438,0.006230494938790798,0.23041589558124542,
18,35,0.7844226360321045,0.7456034421920776,0.03814239427447319,6.7678961753845215,
18,36,0.8485805988311768,0.8384313583374023,0.01009812019765377,0.5116234421730042,
18,37,0.5002262592315674,0.48741841316223145,0.01263046357780695,1.773969292640686,
18,38,0.8461592793464661,0.8283495306968689,0.017637912184000015,1.7181596755981445,
18,39,1.0583778619766235,1.045364260673523,0.012937488034367561,0.7608324289321899,
18,40,0.5626891255378723,0.546030580997467,0.016469547525048256,1.8899321556091309,
18,41,0.6940956115722656,0.6367311477661133,0.05603937804698944,13.250580787658691,
18,42,0.42200443148612976,0.4036601185798645,0.018045734614133835,2.985806703567505,
18,43,0.5265203714370728,0.5206019282341003,0.005891737062484026,0.2673052251338959,
18,44,0.9650207161903381,0.9535340070724487,0.011422988027334213,0.6372754573822021,
18,45,0.427698016166687,0.41634416580200195,0.011148178949952126,2.0567009449005127,
18,46,0.9097708463668823,0.8591558933258057,0.04981521517038345,7.997163772583008,
18,47,0.3924550414085388,0.38519492745399475,0.007188850082457066,0.7125518321990967,
18,48,0.9017276763916016,0.883949875831604,0.01753493770956993,2.4290778636932373,
18,49,0.685700535774231,0.6782928705215454,0.007371839135885239,0.35822564363479614,
18,50,0.8382787108421326,0.8276284337043762,0.010595109313726425,0.5518561601638794,
18,51,1.1084624528884888,1.0885616540908813,0.01970731094479561,1.935056209564209,
18,52,0.5925636291503906,0.5651706457138062,0.02701009437441826,3.828883171081543,
18,53,0.6784424185752869,0.6492218971252441,0.028690993785858154,5.295210361480713,
18,54,0.5810794830322266,0.5540624260902405,0.026571717113256454,4.453926086425781,
18,55,0.4604666531085968,0.44644588232040405,0.013823013752698898,1.977787971496582,
18,56,0.7423286437988281,0.7063307762145996,0.03497094660997391,10.269447326660156,
18,57,0.8149174451828003,0.8042523860931396,0.010600833222270012,0.6424511075019836,
18,58,0.6404344439506531,0.5961810946464539,0.043338946998119354,9.144224166870117,
18,59,1.182083010673523,1.1623985767364502,0.019553445279598236,1.309618353843689,
18,60,0.8231080174446106,0.8133905529975891,0.009661827236413956,0.5559154748916626,
18,61,0.4405181109905243,0.431605726480484,0.008829504251480103,0.8287494778633118,
18,62,0.8976402878761292,0.8867974281311035,0.010782105848193169,0.6072482466697693,
18,63,0.6070093512535095,0.575954794883728,0.03056131862103939,4.9320268630981445,
18,64,0.7104008197784424,0.7024496793746948,0.007904309779405594,0.4684046804904938,
18,65,0.760734498500824,0.752152681350708,0.008545887656509876,0.3595762550830841,
18,66,1.1690021753311157,1.1500405073165894,0.018803689628839493,1.5799367427825928,
18,67,1.1100804805755615,1.083796739578247,0.025815501809120178,4.6825175285339355,
18,68,0.6236288547515869,0.5980026721954346,0.02528280019760132,3.434008836746216,
18,69,1.0811835527420044,1.0602600574493408,0.02077055163681507,1.5297147035598755,
18,70,0.5887123346328735,0.5547821521759033,0.03339645266532898,5.3370490074157715,
18,71,1.163315773010254,1.142421007156372,0.020759092643857002,1.3561614751815796,
18,72,0.4932791292667389,0.4647805690765381,0.028033815324306488,4.6475043296813965,
18,73,1.1629149913787842,1.1427336931228638,0.020047888159751892,1.3339111804962158,
18,74,0.4001699984073639,0.3893086910247803,0.010755246505141258,1.0605676174163818,
18,75,0.8369570970535278,0.8251873254776001,0.011710369028151035,0.5941535830497742,
18,76,0.7643185257911682,0.7541185617446899,0.010156696662306786,0.43288710713386536,
18,77,1.178147554397583,1.1490625143051147,0.028917565941810608,1.6746656894683838,
18,78,0.584728479385376,0.5775175094604492,0.007184037007391453,0.2693752944469452,
18,79,1.1267770528793335,1.1074587106704712,0.01910511776804924,2.133185625076294,
18,80,0.7110456824302673,0.7022681832313538,0.008725807070732117,0.5166290998458862,
18,81,0.5511810779571533,0.5319067239761353,0.018992792814970016,2.815899610519409,
18,82,0.8736929893493652,0.8635669946670532,0.010060448199510574,0.6555415391921997,
18,83,1.1707818508148193,1.1565804481506348,0.01409337017685175,1.0805115699768066,
18,84,1.240079641342163,1.2195916175842285,0.02028369903564453,2.0427186489105225,
18,85,0.7442635893821716,0.7118698358535767,0.03191239759325981,4.813380241394043,
18,86,1.1445996761322021,1.13188636302948,0.012631451711058617,0.819334864616394,
18,87,0.8545297384262085,0.8443312644958496,0.010117792524397373,0.8067800402641296,
18,88,0.4149087965488434,0.4004361033439636,0.014291924424469471,1.8078514337539673,
18,89,0.5514723062515259,0.5449721813201904,0.00647467328235507,0.2542325258255005,
18,90,0.5866408348083496,0.5690231919288635,0.01743018627166748,1.8743510246276855,
18,91,0.4042432904243469,0.3906998038291931,0.01340722106397152,1.3624451160430908,
18,92,0.8800916075706482,0.8693864345550537,0.010633772239089012,0.7140379548072815,
18,93,0.5129334926605225,0.49074888229370117,0.02185802534222603,3.265902280807495,
18,94,1.063167691230774,1.0526950359344482,0.010421385988593102,0.5122985243797302,
18,95,0.9650053977966309,0.9544499516487122,0.010497117415070534,0.5833871364593506,
18,96,1.247078776359558,1.1413235664367676,0.10377563536167145,19.795549392700195,
18,97,0.3941255211830139,0.3837520480155945,0.010270174592733383,1.0328260660171509,
18,98,0.6144927740097046,0.6084439754486084,0.0060267094522714615,0.2212659865617752,
18,99,1.4114844799041748,1.2263143062591553,0.17990241944789886,52.677391052246094,
18,100,0.4227913022041321,0.412655770778656,0.010035177692770958,1.0034675598144531,
19,1,0.5723631978034973,0.5510421991348267,0.021084405481815338,2.3657796382904053,
19,2,0.7694486379623413,0.7233783006668091,0.04476520046591759,13.051624298095703,
19,3,0.6142522692680359,0.6076450347900391,0.006582950241863728,0.2427448332309723,
19,4,0.3859785497188568,0.3802547752857208,0.005679840222001076,0.4391767382621765,
19,5,0.5320256352424622,0.5260430574417114,0.0059595052152872086,0.23052342236042023,
19,6,0.8046153783798218,0.7928839921951294,0.011639160104095936,0.9219091534614563,
19,7,0.5200092792510986,0.4888068437576294,0.03070501983165741,4.97381067276001,
19,8,0.7348749041557312,0.6682508587837219,0.06567047536373138,9.535691261291504,
19,9,0.4584487974643707,0.4424726963043213,0.015798861160874367,1.7722431421279907,
19,10,0.8942546844482422,0.8832576274871826,0.010935874655842781,0.6116681098937988,
19,11,0.38701382279396057,0.3812194764614105,0.005735890008509159,0.5844788551330566,
19,12,0.3985322415828705,0.390075147151947,0.008358107879757881,0.9898625016212463,
19,13,0.6084885597229004,0.5707427859306335,0.037161700427532196,5.840468883514404,
19,14,0.9500202536582947,0.937806248664856,0.012151366099715233,0.6264064908027649,
19,15,0.8987363576889038,0.8033543825149536,0.09361837804317474,17.63610076904297,
19,16,0.5955724716186523,0.5768189430236816,0.018557777628302574,1.9574238061904907,
19,17,0.5202813148498535,0.5065564513206482,0.013583902269601822,1.4096345901489258,
19,18,0.4230143129825592,0.4169965982437134,0.0059607867151498795,0.5693692564964294,
19,19,0.9824579954147339,0.971960723400116,0.01043978612869978,0.5746351480484009,
19,20,1.124380111694336,1.1112685203552246,0.013012560084462166,0.9903888702392578,
19,21,0.6299655437469482,0.6077755689620972,0.021913768723607063,2.76190185546875,
19,22,0.6326715350151062,0.5997253656387329,0.03239956498146057,5.466341972351074,
19,23,0.7631250619888306,0.7565844058990479,0.006512545049190521,0.28152787685394287,
19,24,0.8110613822937012,0.8042572736740112,0.006772596854716539,0.3152236342430115,
19,25,0.8784608840942383,0.871158242225647,0.007265863940119743,0.36777064204216003,
19,26,1.1246423721313477,1.1122353076934814,0.012293409556150436,1.1360338926315308,
19,27,0.8365095257759094,0.804746687412262,0.03135688602924347,4.059842586517334,
19,28,0.7643683552742004,0.7575290203094482,0.006814860738813877,0.2451867312192917,
19,29,0.640863835811615,0.6178244352340698,0.02273501455783844,3.044297456741333,
19,30,0.8598473072052002,0.8519139289855957,0.007891970686614513,0.4141382873058319,
19,31,0.7175349593162537,0.7110376954078674,0.006468228064477444,0.2902117669582367,
19,32,0.7671687006950378,0.7380470037460327,0.02877681888639927,3.4485602378845215,
19,33,0.6744835376739502,0.6487640738487244,0.025316014885902405,4.03463888168335,
19,34,0.7402313351631165,0.7333890199661255,0.006816675420850515,0.2563026547431946,
19,35,0.40797677636146545,0.39826133847236633,0.00960410013794899,1.1135249137878418,
19,36,0.37763094902038574,0.3720044195652008,0.005585983395576477,0.40527787804603577,
19,37,0.6164703369140625,0.6107142567634583,0.005734838545322418,0.21205614507198334,
19,38,1.1738643646240234,1.1489108800888062,0.02481873333454132,1.3470090627670288,
19,39,1.070812702178955,1.058689832687378,0.012060998007655144,0.6191045641899109,
19,40,0.5677497982978821,0.547749400138855,0.019724532961845398,2.7584874629974365,
19,41,0.6986160278320312,0.6588538885116577,0.03928488865494728,4.772539138793945,
19,42,0.8752666115760803,0.8660325407981873,0.009172886610031128,0.6119825839996338,
19,43,0.3780852258205414,0.3697105348110199,0.008294612169265747,0.8006922602653503,
19,44,0.9596565961837769,0.9486856460571289,0.01090763509273529,0.6330154538154602,
19,45,0.9242938756942749,0.9149977564811707,0.009249120950698853,0.4697354733943939,
19,46,0.8365054726600647,0.8281649351119995,0.008295653387904167,0.4490785598754883,
19,47,0.5939633846282959,0.570941150188446,0.02269928529858589,3.2293450832366943,
19,48,0.8380923271179199,0.8296385407447815,0.008387577719986439,0.6620551943778992,
19,49,0.8655568957328796,0.8570743799209595,0.008438900113105774,0.4361044764518738,
19,50,0.5610930323600769,0.5559400320053101,0.005131815560162067,0.21136474609375,
19,51,0.4034290313720703,0.39627259969711304,0.00709077063947916,0.6566835045814514,
19,52,0.8008182048797607,0.7909796237945557,0.009661609306931496,1.7695273160934448,
19,53,0.8665867447853088,0.8564671277999878,0.010050322860479355,0.6932686567306519,
19,54,0.5575113892555237,0.5425117015838623,0.014841852709650993,1.5786230564117432,
19,55,0.662000834941864,0.6557652950286865,0.006206680089235306,0.28872597217559814,
19,56,0.5065559148788452,0.4838871359825134,0.022341419011354446,3.2735390663146973,
19,57,0.6236749887466431,0.599219560623169,0.024074718356132507,3.8070943355560303,
19,58,0.5611891746520996,0.5547757148742676,0.006388951558619738,0.24505938589572906,
19,59,0.6143699884414673,0.5839174389839172,0.029869791120290756,5.827629089355469,
19,60,0.6988252401351929,0.6650141477584839,0.03336242586374283,4.486208438873291,
19,61,0.9900477528572083,0.9770640134811401,0.012891972437500954,0.9176723957061768,
19,62,0.9658622145652771,0.9541456699371338,0.011646903119981289,0.6964492797851562,
19,63,0.556094229221344,0.5490303635597229,0.0070360684767365456,0.2776453495025635,
19,64,0.6175196170806885,0.5911991596221924,0.025861799716949463,4.586593151092529,
19,65,0.6060688495635986,0.5803383588790894,0.02542286552488804,3.0763864517211914,
19,66,0.36972367763519287,0.3596458435058594,0.009972785599529743,1.0506112575531006,
19,67,0.7920409440994263,0.7838535904884338,0.00814096350222826,0.46389052271842957,
19,68,0.6262151002883911,0.5999563932418823,0.025890782475471497,3.679492712020874,
19,69,0.5559545755386353,0.5411839485168457,0.014602377079427242,1.6826685667037964,
19,70,0.8226140737533569,0.8151556253433228,0.007420744746923447,0.377434641122818,
19,71,0.8173875212669373,0.808856725692749,0.008462169207632542,0.685839831829071,
19,72,0.8234173655509949,0.815805971622467,0.007573544047772884,0.378695547580719,
19,73,1.0973715782165527,1.0846080780029297,0.012679509818553925,0.8399046063423157,
19,74,0.8978971838951111,0.8898534774780273,0.008000068366527557,0.4360332489013672,
19,75,0.6034837365150452,0.583034873008728,0.02020341344177723,2.454343318939209,
19,76,1.2017589807510376,1.1834536790847778,0.018153006210923195,1.5239028930664062,
19,77,1.0434297323226929,1.031825065612793,0.011547690257430077,0.570233166217804,
19,78,1.067981481552124,1.056354284286499,0.011564427055418491,0.6282362937927246,
19,79,0.6797282695770264,0.6731320023536682,0.006565537769347429,0.3076515197753906,
19,80,0.5104344487190247,0.49486351013183594,0.015374613925814629,1.9632996320724487,
19,81,0.5316110253334045,0.5163026452064514,0.015108376741409302,1.9995441436767578,
19,82,1.9342360496520996,1.7519347667694092,0.17750072479248047,48.00567626953125,
19,83,0.689680814743042,0.6515226364135742,0.037711143493652344,4.470332622528076,
19,84,0.8826224207878113,0.8719865679740906,0.010559985414147377,0.7587962746620178,
19,85,0.7490534782409668,0.7410150766372681,0.008006799966096878,0.3156793713569641,
19,86,0.8283689618110657,0.8186171054840088,0.00969826988875866,0.5356373190879822,
19,87,0.5718346238136292,0.5421706438064575,0.029222862794995308,4.411581039428711,
19,88,0.5977491140365601,0.5597456693649292,0.03728967532515526,7.137906551361084,
19,89,0.622514009475708,0.5834491848945618,0.038472652435302734,5.921963214874268,
19,90,0.937972903251648,0.9246513843536377,0.013205267488956451,1.1625651121139526,
19,91,0.8793112635612488,0.8685637712478638,0.010674836114048958,0.7263640761375427,
19,92,0.7622346878051758,0.7544524669647217,0.007745725102722645,0.3650240898132324,
19,93,0.8378793597221375,0.828509509563446,0.009317649528384209,0.522340714931488,
19,94,0.8743762969970703,0.8624052405357361,0.011882752180099487,0.8835050463676453,
19,95,1.1643502712249756,1.144482135772705,0.01971292868256569,1.552125334739685,
19,96,0.6151400208473206,0.5868799686431885,0.027869686484336853,3.9035403728485107,
19,97,0.47766053676605225,0.4668234586715698,0.01068582572042942,1.5125045776367188,
19,98,0.390389621257782,0.3846272826194763,0.005705205723643303,0.5712456107139587,
19,99,0.7657938599586487,0.7553319334983826,0.010393093340098858,0.6883324384689331,
19,100,1.0012482404708862,0.9858546853065491,0.015154743567109108,2.3871710300445557,
20,1,0.6916133761405945,0.65435391664505,0.036692388355731964,5.670807361602783,
20,2,0.7954530119895935,0.7138180732727051,0.08063030242919922,10.046483039855957,
20,3,1.0626500844955444,1.0478851795196533,0.014672262594103813,0.9267339110374451,
20,4,0.6227561235427856,0.5899046659469604,0.03223029524087906,6.211307048797607,
20,5,0.6367480754852295,0.591315746307373,0.04483199864625931,6.0036301612854,
20,6,0.5716191530227661,0.5465235710144043,0.024693788960576057,4.018105983734131,
20,7,0.6486495137214661,0.6274890899658203,0.020882684737443924,2.7775509357452393,
20,8,0.4058116674423218,0.39652055501937866,0.00920525286346674,0.8586260080337524,
20,9,0.47879406809806824,0.4696328639984131,0.00906002800911665,1.0118693113327026,
20,10,0.579321026802063,0.5635716915130615,0.015535956248641014,2.1338014602661133,
20,11,0.7675995826721191,0.7483869194984436,0.0189619492739439,2.5067834854125977,
20,12,0.8598754405975342,0.8519451022148132,0.007886014878749847,0.44337350130081177,
20,13,0.5246502161026001,0.5107342600822449,0.013743773102760315,1.7219483852386475,
20,14,0.6293712258338928,0.6082974076271057,0.020767712965607643,3.061232089996338,
20,15,1.155314326286316,1.1432088613510132,0.012026956304907799,0.7851691842079163,
20,16,0.6141525506973267,0.593190610408783,0.02066691964864731,2.9505319595336914,
20,17,0.5671769976615906,0.550648033618927,0.016354981809854507,1.7400373220443726,
20,18,1.075240135192871,1.0638437271118164,0.011330259963870049,0.6612353920936584,
20,19,1.1433253288269043,1.1262223720550537,0.016917012631893158,1.859969973564148,
20,20,0.7435505986213684,0.7346490025520325,0.008868956938385963,0.32646289467811584,
20,21,0.46190235018730164,0.4438352584838867,0.01783960685133934,2.2747838497161865,
20,22,0.8608917593955994,0.8503337502479553,0.010485350154340267,0.7265788316726685,
20,23,0.3725300133228302,0.3603969216346741,0.012016360647976398,1.1674073934555054,
20,24,0.8203296661376953,0.7908704280853271,0.028997648507356644,4.615665912628174,
20,25,0.5956001877784729,0.5795384049415588,0.01589445024728775,1.6731494665145874,
20,26,0.8138086199760437,0.7882852554321289,0.025189697742462158,3.3366892337799072,
20,27,0.6414580345153809,0.6132622957229614,0.02765272930264473,5.4299492835998535,
20,28,1.0805245637893677,1.064013957977295,0.0163620263338089,1.4853322505950928,
20,29,0.5146540403366089,0.49736690521240234,0.017045242711901665,2.4189612865448,
20,30,1.1428108215332031,1.1249189376831055,0.01775924116373062,1.3266921043395996,
20,31,0.8617144227027893,0.8479973077774048,0.013618329539895058,0.9874589443206787,
20,32,0.5978260636329651,0.575029194355011,0.022555185481905937,2.416828155517578,
20,33,0.7956401109695435,0.7848650813102722,0.010717140510678291,0.5787079334259033,
20,34,0.6187862753868103,0.5885639190673828,0.029700584709644318,5.217555999755859,
20,35,0.5590295195579529,0.5528711080551147,0.006131925154477358,0.2646525204181671,
20,36,0.9263539910316467,0.9100819826126099,0.016035953536629677,2.3601725101470947,
20,37,0.48378661274909973,0.47122159600257874,0.012387527152895927,1.7749707698822021,
20,38,0.8993490934371948,0.8886747360229492,0.010617222636938095,0.5716418623924255,
20,39,0.5235334038734436,0.5017317533493042,0.021433150395751,3.6847901344299316,
20,40,0.984614372253418,0.9551423788070679,0.028711391612887383,7.606215953826904,
20,41,0.7268099784851074,0.7193917036056519,0.007376376073807478,0.4189915060997009,
20,42,0.7252654433250427,0.6819823980331421,0.042187489569187164,10.955609321594238,
20,43,1.081422209739685,1.066253900527954,0.015068963170051575,0.9929853677749634,
20,44,0.5952036380767822,0.5730869770050049,0.021804438903927803,3.1222164630889893,
20,45,0.8737488985061646,0.8647565245628357,0.008944237604737282,0.48146694898605347,
20,46,0.3921095132827759,0.3857247233390808,0.00631431769579649,0.7047457098960876,
20,47,0.8243336081504822,0.8149501085281372,0.009305688552558422,0.7778336405754089,
20,48,0.4764229655265808,0.4655722975730896,0.010701389983296394,1.4926811456680298,
20,49,0.7409099340438843,0.7331580519676208,0.007722013629972935,0.2988254129886627,
20,50,0.5542972087860107,0.5474210977554321,0.006836099550127983,0.39991211891174316,
20,51,0.7541452646255493,0.7433778047561646,0.010701731778681278,0.6573987007141113,
20,52,1.2434816360473633,1.2211436033248901,0.02217746153473854,1.606157660484314,
20,53,0.8968806862831116,0.886501669883728,0.010329453274607658,0.4958011507987976,
20,54,1.088026523590088,1.0695302486419678,0.018378395587205887,1.1794495582580566,
20,55,0.5874264240264893,0.5586330890655518,0.028317930176854134,4.754149436950684,
20,56,0.8663724064826965,0.8550615310668945,0.011234588921070099,0.7630391120910645,
20,57,0.36339545249938965,0.3567565977573395,0.006570450030267239,0.6838388442993164,
20,58,0.3722650110721588,0.36681970953941345,0.005401697941124439,0.4358663260936737,
20,59,0.6673834323883057,0.6605187654495239,0.006828141398727894,0.36529144644737244,
20,60,0.5613904595375061,0.5445979237556458,0.016585927456617355,2.0658082962036133,
20,61,1.0580861568450928,1.0444269180297852,0.013577673584222794,0.8152198195457458,
20,62,0.7681943774223328,0.7599086761474609,0.00823819451034069,0.474989116191864,
20,63,0.8212087750434875,0.8135085701942444,0.007661836221814156,0.38413771986961365,
20,64,0.5664793252944946,0.5399793386459351,0.02607983723282814,4.2015204429626465,
20,65,0.3889908194541931,0.38130366802215576,0.007601001299917698,0.8614968061447144,
20,66,1.1402587890625,1.1227834224700928,0.017367199063301086,1.0809004306793213,
20,67,0.39016321301460266,0.3837650418281555,0.006337161175906658,0.6101343035697937,
20,68,0.6027538180351257,0.5800862312316895,0.022399622946977615,2.6795742511749268,
20,69,0.5497378706932068,0.5304019451141357,0.01906820386648178,2.677544355392456,
20,70,0.3726242482662201,0.3652823567390442,0.0072701298631727695,0.7176169753074646,
20,71,0.6134876012802124,0.5816347599029541,0.03141915425658226,4.3365936279296875,
20,72,0.4501259922981262,0.43685615062713623,0.013134944252669811,1.3490015268325806,
20,73,0.5212770700454712,0.495229035615921,0.025638191029429436,4.098161220550537,
20,74,1.0677257776260376,1.05112886428833,0.01645786687731743,1.3904685974121094,
20,75,0.8341279029846191,0.8251731395721436,0.008908350020647049,0.4644334018230438,
20,76,0.7231775522232056,0.7146780490875244,0.00845317542552948,0.46339765191078186,
20,77,0.6253288388252258,0.5997910499572754,0.025175364688038826,3.624199151992798,
20,78,0.9188955426216125,0.9075452089309692,0.011288639158010483,0.6167256832122803,
20,79,0.8170210719108582,0.8079676628112793,0.009004826657474041,0.48603639006614685,
20,80,0.3737443685531616,0.3658340573310852,0.00784141942858696,0.6891289353370667,
20,81,0.8735383152961731,0.8606224656105042,0.012797683477401733,1.1820542812347412,
20,82,0.6797904372215271,0.6529041528701782,0.02656257152557373,3.2371883392333984,
20,83,0.7494135499000549,0.741278350353241,0.008103073574602604,0.3209996223449707,
20,84,0.45359930396080017,0.44003891944885254,0.013360266573727131,2.001296281814575,
20,85,0.3686133623123169,0.36027294397354126,0.008255353197455406,0.8506600856781006,
20,86,0.521091103553772,0.5029966831207275,0.01784667745232582,2.477242946624756,
20,87,0.5531326532363892,0.5312083959579468,0.02160421758890152,3.19999623298645,
20,88,1.051261305809021,1.0093849897384644,0.04072442650794983,11.519051551818848,
20,89,0.8445191383361816,0.8334749937057495,0.010981597006320953,0.6252590417861938,
20,90,1.1562004089355469,1.1360039710998535,0.02006988786160946,1.2659759521484375,
20,91,0.5846644043922424,0.5564872026443481,0.027775976806879044,4.011824131011963,
20,92,0.7084119915962219,0.6639569997787476,0.04385703429579735,5.979613780975342,
20,93,0.6763979196548462,0.6380971074104309,0.037824369966983795,4.764084815979004,
20,94,1.0058351755142212,0.9944291710853577,0.011343665421009064,0.6231573820114136,
20,95,0.5411322712898254,0.5102798342704773,0.030336877331137657,5.155694961547852,
20,96,1.1398240327835083,1.1192450523376465,0.02034129574894905,2.3776071071624756,
20,97,0.6915292739868164,0.6584312319755554,0.03268245607614517,4.155585289001465,
20,98,0.9659759998321533,0.9549458026885986,0.010964114218950272,0.6607618927955627,
20,99,0.9427726864814758,0.9319619536399841,0.010750818997621536,0.5991562604904175,
20,100,1.0451619625091553,1.032457709312439,0.012626292183995247,0.7797182202339172,
