epoch,batch,total_loss,loss2neighbor,loss_idt,loss_reg,loss_bg,loss_grad
1,1,25.037250518798828,18.744529724121094,6.269671440124512,230.4759521484375,,
1,2,19.993728637695312,14.462127685546875,5.510669708251953,209.3194122314453,,
1,3,31.58709716796875,17.974363327026367,13.577166557312012,355.6773376464844,,
1,4,7.563331604003906,3.727623462677002,3.825373888015747,103.34194946289062,,
1,5,4.66687536239624,2.7708520889282227,1.8906370401382446,53.86318588256836,,
1,6,4.278376579284668,2.1576056480407715,2.1150431632995605,57.27997589111328,,
1,7,2.734113931655884,1.7688512802124023,0.9625623226165771,27.003297805786133,,
1,8,1.7554314136505127,1.3767131567001343,0.37672996520996094,19.88347053527832,,
1,9,1.4429371356964111,1.1564611196517944,0.28507480025291443,14.012386322021484,,
1,10,2.6248207092285156,2.3806421756744385,0.2429831624031067,11.954704284667969,,
1,11,1.3638852834701538,1.155487298965454,0.20748910307884216,9.088140487670898,,
1,12,1.0217931270599365,0.8660290837287903,0.15502437949180603,7.39684534072876,,
1,13,1.0658739805221558,0.97853684425354,0.08684627711772919,4.908730506896973,,
1,14,1.320300817489624,1.135027527809143,0.1847594976425171,5.137415409088135,,
1,15,1.61311674118042,1.4109997749328613,0.20153063535690308,5.863133907318115,,
1,16,1.1524200439453125,1.094602108001709,0.05750764161348343,3.1028974056243896,,
1,17,1.0368821620941162,0.9336885213851929,0.10287749022245407,3.160855293273926,,
1,18,1.2089200019836426,1.0523024797439575,0.1561233103275299,4.942796230316162,,
1,19,0.8444161415100098,0.7806004881858826,0.06355266273021698,2.6294891834259033,,
1,20,0.9501315951347351,0.8292319774627686,0.12052400410175323,3.756547212600708,,
1,21,1.3121867179870605,1.2050422430038452,0.10684046149253845,3.039346933364868,,
1,22,0.6955059170722961,0.6099176406860352,0.08525754511356354,3.307255506515503,,
1,23,1.1041638851165771,1.0446655750274658,0.05916452407836914,3.338292121887207,,
1,24,0.6413443684577942,0.5941334366798401,0.046958599239587784,2.5231685638427734,,
1,25,0.9226140379905701,0.8467822074890137,0.07564132660627365,1.9052574634552002,,
1,26,0.5753994584083557,0.5132462978363037,0.06189648434519768,2.566688060760498,,
1,27,0.7154579758644104,0.6729923486709595,0.04228023439645767,1.8534678220748901,,
1,28,0.6864925622940063,0.6489168405532837,0.03738705441355705,1.8864306211471558,,
1,29,0.810975193977356,0.7785049676895142,0.03224200755357742,2.2823870182037354,,
1,30,1.0204720497131348,0.9425766468048096,0.07766769826412201,2.277050256729126,,
1,31,0.9266093969345093,0.8765870332717896,0.049874864518642426,1.4752627611160278,,
1,32,1.0347305536270142,0.9820090532302856,0.05253750458359718,1.8395576477050781,,
1,33,0.8958075046539307,0.8571652173995972,0.0384138822555542,2.283961057662964,,
1,34,0.9993380308151245,0.9313585758209229,0.06773260235786438,2.4685332775115967,,
1,35,1.1443424224853516,1.0786480903625488,0.06549090892076492,2.0334460735321045,,
1,36,0.9404641389846802,0.8618884086608887,0.07833730429410934,2.3842520713806152,,
1,37,0.7395182847976685,0.7109893560409546,0.028361588716506958,1.6737793684005737,,
1,38,0.9180805683135986,0.8885141015052795,0.02937554381787777,1.909022331237793,,
1,39,1.0143797397613525,0.9762145280838013,0.03793884068727493,2.263490676879883,,
1,40,0.8281355500221252,0.7690811157226562,0.05886590853333473,1.8851438760757446,,
1,41,0.9170961380004883,0.8440682888031006,0.07282014191150665,2.077174663543701,,
1,42,0.7281316518783569,0.6464213132858276,0.0814945250749588,2.1581203937530518,,
1,43,2.4389684200286865,2.3994107246398926,0.03940049931406975,1.5704938173294067,,
1,44,0.4393313229084015,0.3973647952079773,0.041779983788728714,1.8653860092163086,,
1,45,0.9019196629524231,0.8617841005325317,0.040016163140535355,1.1937788724899292,,
1,46,1.1542167663574219,1.108229398727417,0.04584376513957977,1.4368516206741333,,
1,47,1.2968244552612305,1.2523337602615356,0.0443086177110672,1.8201524019241333,,
1,48,0.8155580163002014,0.7628186941146851,0.052561257034540176,1.7805507183074951,,
1,49,1.0197763442993164,0.97169029712677,0.04793461412191391,1.5139816999435425,,
1,50,0.5902490019798279,0.5474885702133179,0.04259101301431656,1.693974494934082,,
1,51,0.8498073816299438,0.7964791059494019,0.05317964404821396,1.4867945909500122,,
1,52,1.1109038591384888,1.089411973953247,0.021307069808244705,1.8473533391952515,,
1,53,0.9145700335502625,0.8644654154777527,0.04991176724433899,1.928054690361023,,
1,54,1.126070499420166,1.0610160827636719,0.06483741104602814,2.1690421104431152,,
1,55,0.7589336037635803,0.7366142272949219,0.022151872515678406,1.6751757860183716,,
1,56,1.0224930047988892,0.9815561771392822,0.04080541431903839,1.3142690658569336,,
1,57,0.5189007520675659,0.49540141224861145,0.023368841037154198,1.3044816255569458,,
1,58,0.994339108467102,0.9479284286499023,0.04622213542461395,1.8850629329681396,,
1,59,0.6496769785881042,0.6282507181167603,0.021270722150802612,1.5552198886871338,,
1,60,1.1431045532226562,1.1103687286376953,0.032608285546302795,1.275841474533081,,
1,61,0.631094217300415,0.6020956635475159,0.02877560257911682,2.229161024093628,,
1,62,0.78444904088974,0.7330038547515869,0.05130617320537567,1.3898494243621826,,
1,63,1.0653752088546753,1.0220223665237427,0.04321759194135666,1.3525917530059814,,
1,64,0.6061108708381653,0.5861766338348389,0.01982324942946434,1.1101163625717163,,
1,65,0.8070862293243408,0.7623542547225952,0.04458124190568924,1.5075883865356445,,
1,66,0.7870253324508667,0.7405071258544922,0.046365395188331604,1.5285351276397705,,
1,67,0.8226580023765564,0.7703871726989746,0.052107423543930054,1.6340265274047852,,
1,68,0.8142339587211609,0.7657120227813721,0.0483771488070488,1.4478195905685425,,
1,69,1.064782738685608,1.020376205444336,0.0442638024687767,1.4275087118148804,,
1,70,0.9235122799873352,0.8890705108642578,0.03414013981819153,3.0166707038879395,,
1,71,1.3597462177276611,1.3341584205627441,0.025364849716424942,2.228795289993286,,
1,72,0.8594321012496948,0.8262330889701843,0.03299328312277794,2.057616710662842,,
1,73,0.7122088670730591,0.6665418744087219,0.04553276300430298,1.3422471284866333,,
1,74,0.7516984939575195,0.7062752842903137,0.045293569564819336,1.2961848974227905,,
1,75,0.8144873976707458,0.7823057770729065,0.032077327370643616,1.0429418087005615,,
1,76,0.6255976557731628,0.6042357683181763,0.02121710777282715,1.4477267265319824,,
1,77,1.230061650276184,1.1809988021850586,0.04885896295309067,2.038735866546631,,
1,78,0.9115231037139893,0.8715764284133911,0.039828360080718994,1.1829802989959717,,
1,79,0.5757912397384644,0.552700400352478,0.022946925833821297,1.4387997388839722,,
1,80,0.6165481209754944,0.5936540365219116,0.022739579901099205,1.5451531410217285,,
1,81,0.7835555076599121,0.7448357939720154,0.03841501474380493,3.0468711853027344,,
1,82,0.5168961882591248,0.498137503862381,0.018661189824342728,0.9751096367835999,,
1,83,0.4471627473831177,0.4124719798564911,0.03452591598033905,1.6487979888916016,,
1,84,0.8980177044868469,0.8598811030387878,0.038003213703632355,1.333709955215454,,
1,85,0.4012019634246826,0.3638859987258911,0.03714471682906151,1.7123920917510986,,
1,86,0.8242870569229126,0.7714799642562866,0.05265238881111145,1.5473747253417969,,
1,87,0.6268593072891235,0.6036814451217651,0.0230399239808321,1.3791512250900269,,
1,88,0.8356162309646606,0.7948418855667114,0.040651023387908936,1.2330509424209595,,
1,89,0.6778343915939331,0.656469464302063,0.021198511123657227,1.6639329195022583,,
1,90,0.8057985305786133,0.7582254409790039,0.04742665961384773,1.4646435976028442,,
1,91,0.5070327520370483,0.4741624593734741,0.032662421464920044,2.07895565032959,,
1,92,0.8991197347640991,0.865709662437439,0.03316172957420349,2.483355760574341,,
1,93,1.050782561302185,1.0089720487594604,0.041661493480205536,1.4897563457489014,,
1,94,0.7762473225593567,0.7448958158493042,0.031243976205587387,1.0750982761383057,,
1,95,0.6501491069793701,0.6269153356552124,0.02301841601729393,2.1536989212036133,,
1,96,0.7551305294036865,0.7144710421562195,0.04051464796066284,1.4486347436904907,,
1,97,0.7641308307647705,0.7194037437438965,0.04457927495241165,1.4782253503799438,,
1,98,0.7222504615783691,0.6833007335662842,0.0386810228228569,2.687160015106201,,
1,99,0.40590035915374756,0.37625598907470703,0.029506171122193336,1.3820624351501465,,
1,100,0.8470708727836609,0.7953263521194458,0.051571350544691086,1.7315212488174438,,
2,1,0.8524421453475952,0.8138402104377747,0.03831665590405464,2.852797746658325,,
2,2,0.5988411903381348,0.5691853761672974,0.029492750763893127,1.6306194067001343,,
2,3,0.6183226108551025,0.5951756238937378,0.022962896153330803,1.8409442901611328,,
2,4,0.4004509747028351,0.3664278984069824,0.03385964408516884,1.634477972984314,,
2,5,0.7296845316886902,0.6868665218353271,0.042498767375946045,3.1924819946289062,,
2,6,0.3998930752277374,0.36899012327194214,0.03076348453760147,1.3947571516036987,,
2,7,0.6739093661308289,0.6428134441375732,0.030821744352579117,2.741924285888672,,
2,8,0.8252053260803223,0.7873775362968445,0.03769722953438759,1.3054869174957275,,
2,9,0.5696470141410828,0.5355165004730225,0.03387653827667236,2.539604425430298,,
2,10,0.847801923751831,0.8076590299606323,0.04001953452825546,1.2338106632232666,,
2,11,0.6959648132324219,0.6613261699676514,0.03429558873176575,3.430955171585083,,
2,12,0.7078065872192383,0.6721697449684143,0.03553619608283043,1.0067540407180786,,
2,13,0.9280986189842224,0.8847294449806213,0.04294324293732643,4.2594075202941895,,
2,14,1.4032890796661377,1.3714839220046997,0.031481534242630005,3.237114667892456,,
2,15,0.5957951545715332,0.5661027431488037,0.029524005949497223,1.6838390827178955,,
2,16,0.42687657475471497,0.40075063705444336,0.025949977338314056,1.759501576423645,,
2,17,0.9330654740333557,0.8833149671554565,0.04951675981283188,2.3374710083007812,,
2,18,0.6291741728782654,0.5911900401115417,0.03767135739326477,3.1276135444641113,,
2,19,0.7110481262207031,0.6712983846664429,0.039635200053453445,1.1455250978469849,,
2,20,0.463434636592865,0.44084084033966064,0.022469187155365944,1.2461539506912231,,
2,21,0.7458378672599792,0.6929396986961365,0.05274119973182678,1.5693306922912598,,
2,22,1.0130867958068848,0.9551962614059448,0.05762098729610443,2.6949775218963623,,
2,23,0.960045337677002,0.9040589332580566,0.055752791464328766,2.3359265327453613,,
2,24,0.495006799697876,0.45872312784194946,0.036033980548381805,2.4969687461853027,,
2,25,0.8121399283409119,0.7570793628692627,0.05486670508980751,1.9385545253753662,,
2,26,1.0963609218597412,1.0393491983413696,0.05678146332502365,2.302868127822876,,
2,27,0.6642032265663147,0.6215082406997681,0.042293474078178406,4.014880180358887,,
2,28,0.5931068062782288,0.5674108862876892,0.025481801480054855,2.1408956050872803,,
2,29,0.48277029395103455,0.44635653495788574,0.03614722192287445,2.6652884483337402,,
2,30,0.6773404479026794,0.6313947439193726,0.04578930139541626,1.5640450716018677,,
2,31,0.7229717373847961,0.6714791059494019,0.051333293318748474,1.5932012796401978,,
2,32,0.5785296559333801,0.5494710206985474,0.028845084831118584,2.135913372039795,,
2,33,0.6783798933029175,0.6312447190284729,0.04698219895362854,1.5294852256774902,,
2,34,0.529092013835907,0.4952656924724579,0.0335942804813385,2.320594310760498,,
2,35,0.8104180097579956,0.7670514583587646,0.04319322481751442,1.7330455780029297,,
2,36,0.40634629130363464,0.37713706493377686,0.02903364785015583,1.7556606531143188,,
2,37,0.984083354473114,0.9194855093955994,0.06438533961772919,2.124770402908325,,
2,38,0.8018393516540527,0.7476119995117188,0.054039571434259415,1.8774445056915283,,
2,39,0.7615796327590942,0.7353755235671997,0.026031672954559326,1.7246016263961792,,
2,40,0.5449973344802856,0.4913109838962555,0.05354009568691254,1.4628989696502686,,
2,41,0.5384398102760315,0.502162754535675,0.03591663017868996,3.604456901550293,,
2,42,0.8146058917045593,0.7697180509567261,0.044718705117702484,1.6914409399032593,,
2,43,1.0195711851119995,0.9628492593765259,0.056524988263845444,1.9694701433181763,,
2,44,0.7837671041488647,0.7350041270256042,0.04857942461967468,1.835671067237854,,
2,45,0.5513548851013184,0.522390604019165,0.028761979192495346,2.0230913162231445,,
2,46,0.7839310765266418,0.7283532023429871,0.05539413541555405,1.8377442359924316,,
2,47,0.6756675243377686,0.6241475939750671,0.0513666570186615,1.532781958580017,,
2,48,0.6797030568122864,0.652434229850769,0.026997501030564308,2.7134766578674316,,
2,49,0.8829317092895508,0.823070228099823,0.05966508761048317,1.9642548561096191,,
2,50,0.3742160201072693,0.3444700837135315,0.029594816267490387,1.5113579034805298,,
2,51,0.5409229397773743,0.5002197623252869,0.040371790528297424,3.314255475997925,,
2,52,0.9053053259849548,0.848730206489563,0.05639035999774933,1.8474485874176025,,
2,53,0.904731810092926,0.8495563864707947,0.05499434843659401,1.810733675956726,,
2,54,0.51963210105896,0.4652332067489624,0.05424237996339798,1.5652461051940918,,
2,55,0.8179197311401367,0.7713660001754761,0.046377383172512054,1.7636982202529907,,
2,56,1.0822781324386597,1.0103310346603394,0.07167796790599823,2.692279815673828,,
2,57,0.5361314415931702,0.4847486615180969,0.05123551934957504,1.473124384880066,,
2,58,0.38140636682510376,0.34807026386260986,0.03314699977636337,1.890974521636963,,
2,59,0.8134449124336243,0.7541595697402954,0.05909169465303421,1.9365087747573853,,
2,60,0.7810217142105103,0.7341607213020325,0.04670400172472,1.5698771476745605,,
2,61,0.9141695499420166,0.8600170612335205,0.053984761238098145,1.6771470308303833,,
2,62,0.9630554914474487,0.8963397741317749,0.0664970725774765,2.1863045692443848,,
2,63,0.4812820553779602,0.45744088292121887,0.023693125694990158,1.4804604053497314,,
2,64,0.5430612564086914,0.5027297139167786,0.04001661390066147,3.149235725402832,,
2,65,0.8164225816726685,0.7672520279884338,0.048992156982421875,1.7840598821640015,,
2,66,0.463571697473526,0.426283061504364,0.03704139590263367,2.4725100994110107,,
2,67,0.96479332447052,0.8934323787689209,0.07114644348621368,2.145023822784424,,
2,68,0.5943165421485901,0.5492566823959351,0.044663961976766586,3.9587759971618652,,
2,69,0.7053092122077942,0.6473457217216492,0.05753660202026367,4.26900053024292,,
2,70,0.7354660630226135,0.692719578742981,0.04260074347257614,1.4574453830718994,,
2,71,0.5754903554916382,0.5331344604492188,0.04205106198787689,3.0479507446289062,,
2,72,0.6924024820327759,0.6369420886039734,0.055297669023275375,1.6269140243530273,,
2,73,0.8061894774436951,0.7532564401626587,0.0527760274708271,1.569796085357666,,
2,74,0.7608017921447754,0.7192156910896301,0.04123243689537048,3.537193775177002,,
2,75,1.068178653717041,1.0165586471557617,0.05144127458333969,1.7865235805511475,,
2,76,0.8030034303665161,0.7533807754516602,0.04943723604083061,1.8545089960098267,,
2,77,0.6429978609085083,0.5932208299636841,0.0496213361620903,1.5570037364959717,,
2,78,0.8425185680389404,0.7776445150375366,0.06467259675264359,2.01486873626709,,
2,79,0.6078696846961975,0.5687820911407471,0.038706496357917786,3.811208963394165,,
2,80,0.5598247051239014,0.5225277543067932,0.036994293332099915,3.0269734859466553,,
2,81,0.8963991403579712,0.8319962024688721,0.06419786065816879,2.050858974456787,,
2,82,0.8460856080055237,0.7827557325363159,0.063130684196949,1.9918758869171143,,
2,83,0.5687191486358643,0.529690146446228,0.0386577844619751,3.7120583057403564,,
2,84,0.5868014097213745,0.5498529672622681,0.03662540391087532,3.230412006378174,,
2,85,0.4876704812049866,0.44815003871917725,0.03925237059593201,2.680607557296753,,
2,86,0.5928054451942444,0.54671710729599,0.045708511024713516,3.7981832027435303,,
2,87,0.6339651942253113,0.5770968198776245,0.05668815225362778,1.8024238348007202,,
2,88,1.010809302330017,0.9404358863830566,0.0700458511710167,3.275928497314453,,
2,89,0.7371333241462708,0.6670796275138855,0.06984192132949829,2.1176812648773193,,
2,90,0.8645423650741577,0.7920432090759277,0.07219997048377991,2.9922783374786377,,
2,91,0.4061712622642517,0.3717121183872223,0.03423618525266647,2.229412078857422,,
2,92,1.2347686290740967,1.175104022026062,0.05926034227013588,4.042404651641846,,
2,93,0.4036835730075836,0.35542401671409607,0.04802758991718292,2.31955623626709,,
2,94,0.7038718461990356,0.6502170562744141,0.053139086812734604,5.157119274139404,,
2,95,1.0538257360458374,0.9541126489639282,0.09938041865825653,3.326923131942749,,
2,96,0.7236737012863159,0.6555517315864563,0.0678948312997818,2.2714734077453613,,
2,97,0.788590669631958,0.7122725248336792,0.07598376274108887,3.343893527984619,,
2,98,0.7381507158279419,0.6594793200492859,0.07810985296964645,5.615543842315674,,
2,99,0.38412782549858093,0.3496912121772766,0.034231267869472504,2.053257703781128,,
2,100,0.8893999457359314,0.8076220750808716,0.08151529729366302,2.6257121562957764,,
3,1,0.6033109426498413,0.5568246245384216,0.04611612856388092,3.7020769119262695,,
3,2,0.9639745950698853,0.8699508905410767,0.09363386034965515,3.898360013961792,,
3,3,0.4021202325820923,0.3603937029838562,0.04150360822677612,2.2291347980499268,,
3,4,0.379673033952713,0.3418402075767517,0.03766319528222084,1.696263313293457,,
3,5,0.6726654171943665,0.5973555445671082,0.07506600022315979,2.438167095184326,,
3,6,0.38721132278442383,0.3509896993637085,0.0359976626932621,2.2397220134735107,,
3,7,0.7628222703933716,0.6754993796348572,0.08706188201904297,2.6100552082061768,,
3,8,0.6773395538330078,0.5995759963989258,0.077542245388031,2.2133662700653076,,
3,9,1.1831421852111816,1.0721395015716553,0.11009353399276733,9.091290473937988,,
3,10,0.39026421308517456,0.3462751507759094,0.043740175664424896,2.4887583255767822,,
3,11,0.6455971598625183,0.5845464468002319,0.06088031828403473,1.704113483428955,,
3,12,0.4780810475349426,0.4345884621143341,0.04312798008322716,3.6460611820220947,,
3,13,0.8571918606758118,0.7704378366470337,0.08642703294754028,3.2701895236968994,,
3,14,0.9164653420448303,0.8128411769866943,0.10332204401493073,3.0215840339660645,,
3,15,0.4849540889263153,0.43434274196624756,0.05024463310837746,3.667142868041992,,
3,16,0.3589682877063751,0.31989777088165283,0.03890305384993553,1.674673080444336,,
3,17,0.4353656768798828,0.3923807144165039,0.04275444522500038,2.305124044418335,,
3,18,0.5457265377044678,0.4820011556148529,0.06355297565460205,1.7238065004348755,,
3,19,0.4468224346637726,0.3976285755634308,0.04885872080922127,3.3511757850646973,,
3,20,0.4948180019855499,0.430212140083313,0.06442568451166153,1.8017204999923706,,
3,21,0.5376313328742981,0.4893088638782501,0.0479605495929718,3.618896961212158,,
3,22,0.9765737056732178,0.8842529058456421,0.0919279158115387,3.929319143295288,,
3,23,0.48248764872550964,0.4265192747116089,0.055478330701589584,4.900270462036133,,
3,24,0.33672767877578735,0.296974241733551,0.0396011583507061,1.522858738899231,,
3,25,0.9169766306877136,0.8158044815063477,0.10078800469636917,3.8418099880218506,,
3,26,0.6382750868797302,0.5524232387542725,0.0852736085653305,5.782154083251953,,
3,27,0.6597539186477661,0.5806421041488647,0.0788721814751625,2.39591908454895,,
3,28,0.7765517830848694,0.6857595443725586,0.09049482643604279,2.9742987155914307,,
3,29,0.5587535500526428,0.493969202041626,0.06426005065441132,5.242864608764648,,
3,30,0.5379255414009094,0.47064873576164246,0.06709504127502441,1.8176038265228271,,
3,31,0.7845447063446045,0.6881612539291382,0.0960918515920639,2.9161155223846436,,
3,32,0.3403969705104828,0.2974877953529358,0.04271774739027023,1.9141547679901123,,
3,33,0.6508173942565918,0.5711091756820679,0.07947900891304016,2.292529344558716,,
3,34,0.5164816975593567,0.46317872405052185,0.053033724427223206,2.6923186779022217,,
3,35,0.6220538020133972,0.5334359407424927,0.08803145587444305,5.86379861831665,,
3,36,0.7025904655456543,0.613776683807373,0.08856038004159927,2.533998727798462,,
3,37,0.5153874158859253,0.44823896884918213,0.06669586151838303,4.525537014007568,,
3,38,0.7784383296966553,0.681708812713623,0.09643279016017914,2.966999053955078,,
3,39,0.7084553837776184,0.6203809976577759,0.08777861297130585,2.9577298164367676,,
3,40,0.8632249236106873,0.7637895941734314,0.09908148646354675,3.538788080215454,,
3,41,0.46740204095840454,0.4167836308479309,0.0503261499106884,2.92273211479187,,
3,42,0.4267086982727051,0.37405040860176086,0.052359990775585175,2.9828941822052,,
3,43,0.36744260787963867,0.326465904712677,0.04076347500085831,2.132301092147827,,
3,44,0.5503444671630859,0.4864155054092407,0.06347258388996124,4.563730716705322,,
3,45,0.5352761149406433,0.4619538187980652,0.07313263416290283,1.896691918373108,,
3,46,0.5235123038291931,0.46241533756256104,0.06062571704387665,4.71239709854126,,
3,47,0.47340816259384155,0.41288691759109497,0.06004873663187027,4.7251200675964355,,
3,48,0.4858054220676422,0.41441768407821655,0.07119596749544144,1.9177707433700562,,
3,49,0.5032657384872437,0.4298514127731323,0.07295280694961548,4.615273475646973,,
3,50,0.46860137581825256,0.41113412380218506,0.05712229013442993,3.4496421813964844,,
3,51,0.9310697913169861,0.8243470191955566,0.1063256487250328,3.9716172218322754,,
3,52,1.0215966701507568,0.8911633491516113,0.13003306090831757,4.002957344055176,,
3,53,0.908694863319397,0.79903244972229,0.10923762619495392,4.2478203773498535,,
3,54,0.7115603685379028,0.649718701839447,0.06127368286252022,5.6797099113464355,,
3,55,0.3331109583377838,0.2873038947582245,0.04561596363782883,1.9110575914382935,,
3,56,0.8938764929771423,0.7741474509239197,0.11938627064228058,3.4277422428131104,,
3,57,0.6279982328414917,0.5243821740150452,0.10301429778337479,6.017889022827148,,
3,58,0.5467856526374817,0.45726051926612854,0.08898432552814484,5.408140182495117,,
3,59,0.6945575475692749,0.614633321762085,0.0796891450881958,2.350865125656128,,
3,60,0.6001361608505249,0.515229344367981,0.08467402309179306,2.3283464908599854,,
3,61,0.5179312229156494,0.4449903964996338,0.07246983796358109,4.70986270904541,,
3,62,0.7138120532035828,0.612468421459198,0.10101213306188583,3.3152804374694824,,
3,63,0.679116427898407,0.5831496715545654,0.09569747745990753,2.6931512355804443,,
3,64,0.5159933567047119,0.43681585788726807,0.07865803688764572,5.194444179534912,,
3,65,0.4613304138183594,0.3895581364631653,0.07158717513084412,1.851087212562561,,
3,66,0.42903998494148254,0.37578511238098145,0.05289161205291748,3.632737398147583,,
3,67,0.6207637786865234,0.5349509119987488,0.08557885140180588,2.339797019958496,,
3,68,0.5256679654121399,0.4445589780807495,0.08090801537036896,2.010145425796509,,
3,69,0.6880286335945129,0.5795390605926514,0.10819923132658005,2.903280258178711,,
3,70,0.5669164657592773,0.4829121232032776,0.08343599736690521,5.683270454406738,,
3,71,0.957132875919342,0.8120076656341553,0.14472696185112,3.982060194015503,,
3,72,0.6495850086212158,0.5641562938690186,0.08521568775177002,2.130329132080078,,
3,73,0.68049556016922,0.5761822462081909,0.10372224450111389,5.9110846519470215,,
3,74,0.47702154517173767,0.39842110872268677,0.07839590311050415,2.045450210571289,,
3,75,0.3900616466999054,0.335227370262146,0.054531581699848175,3.0269529819488525,,
3,76,0.894733726978302,0.7676724195480347,0.12673518061637878,3.2610344886779785,,
3,77,0.556104302406311,0.47977834939956665,0.07582542300224304,5.005585670471191,,
3,78,0.40711846947669983,0.34938621520996094,0.057473257184028625,2.5900843143463135,,
3,79,0.8073534369468689,0.6862486600875854,0.12077853083610535,3.262237787246704,,
3,80,0.9547930955886841,0.8022603988647461,0.15211454033851624,4.181859493255615,,
3,81,0.7202690839767456,0.6170415878295898,0.10292291641235352,3.046003580093384,,
3,82,0.8851916790008545,0.7321171760559082,0.15268076956272125,3.937692880630493,,
3,83,0.46029913425445557,0.3817872107028961,0.07830944657325745,2.024787425994873,,
3,84,0.35234302282333374,0.30602359771728516,0.04610202834010124,2.174189567565918,,
3,85,0.7209665775299072,0.6010509133338928,0.11960789561271667,3.0779595375061035,,
3,86,0.49270591139793396,0.4105600118637085,0.08193722367286682,2.086899518966675,,
3,87,0.7388907074928284,0.6135567426681519,0.12501515448093414,3.1882004737854004,,
3,88,0.8129612803459167,0.6868970394134521,0.12573426961898804,3.299849271774292,,
3,89,0.40840592980384827,0.36101454496383667,0.04719770699739456,1.9367973804473877,,
3,90,0.7328726053237915,0.6210563778877258,0.11154045909643173,2.7576279640197754,,
3,91,0.919172465801239,0.79127037525177,0.12756387889385223,3.3819429874420166,,
3,92,0.3931036591529846,0.3411062955856323,0.051765505224466324,2.3187131881713867,,
3,93,0.6792354583740234,0.5920815467834473,0.08644798398017883,7.05960750579834,,
3,94,0.41873401403427124,0.35755592584609985,0.06080073118209839,3.7735822200775146,,
3,95,0.4765634834766388,0.4050024151802063,0.07122420519590378,3.368434190750122,,
3,96,0.34679681062698364,0.29323554039001465,0.053336672484874725,2.2459213733673096,,
3,97,0.8832964301109314,0.7351742386817932,0.14773914217948914,3.8308396339416504,,
3,98,0.793122410774231,0.6586387753486633,0.13415804505348206,3.2554855346679688,,
3,99,0.3591915965080261,0.3092474639415741,0.049711983650922775,2.3217077255249023,,
3,100,0.594306468963623,0.4877692461013794,0.1062735915184021,2.6361541748046875,,
4,1,0.6844038367271423,0.5546802282333374,0.12939506769180298,3.2851293087005615,,
4,2,0.5259262323379517,0.43083077669143677,0.09460106492042542,4.943602561950684,,
4,3,0.7149808406829834,0.590965986251831,0.12371288239955902,3.0193049907684326,,
4,4,0.6827479004859924,0.5640549659729004,0.11839009821414948,3.0286011695861816,,
4,5,0.605125904083252,0.5091769099235535,0.09568952769041061,2.5943288803100586,,
4,6,0.6894262433052063,0.5629798173904419,0.12607917189598083,3.672161102294922,,
4,7,0.6635608673095703,0.5300611257553101,0.1327941119670868,7.055868148803711,,
4,8,0.511778712272644,0.4218122363090515,0.08958366513252258,3.8277575969696045,,
4,9,0.47260773181915283,0.37610095739364624,0.09598112106323242,5.256561279296875,,
4,10,0.6832951903343201,0.5533363819122314,0.1296345740556717,3.24228835105896,,
4,11,0.7732948660850525,0.6664919853210449,0.10609030723571777,7.125805377960205,,
4,12,0.5587607622146606,0.45750588178634644,0.10100294649600983,2.519780397415161,,
4,13,0.45283612608909607,0.3664900064468384,0.08591039478778839,4.357381343841553,,
4,14,0.8584160208702087,0.7051178216934204,0.15290530025959015,3.9289591312408447,,
4,15,0.345799058675766,0.29518401622772217,0.050440214574337006,1.7481178045272827,,
4,16,0.30531278252601624,0.252474844455719,0.0526585727930069,1.7937736511230469,,
4,17,0.4818496108055115,0.382845938205719,0.09848333150148392,5.203510761260986,,
4,18,0.8374704718589783,0.6842476725578308,0.15283828973770142,3.8451318740844727,,
4,19,0.4679839015007019,0.3746035397052765,0.09290201961994171,4.783370018005371,,
4,20,0.5332778096199036,0.42565199732780457,0.10704885423183441,5.769464492797852,,
4,21,0.7198871374130249,0.578508198261261,0.14103670418262482,3.4225034713745117,,
4,22,0.567470371723175,0.4580926299095154,0.10911456495523453,2.6317710876464844,,
4,23,0.4568858742713928,0.3660232424736023,0.09064289927482605,2.197209119796753,,
4,24,0.49408990144729614,0.4050612449645996,0.08853713423013687,4.915242671966553,,
4,25,0.9188105463981628,0.7515746355056763,0.16680601239204407,4.299135684967041,,
4,26,0.6671671867370605,0.539431095123291,0.12743043899536133,3.0564935207366943,,
4,27,0.8348290324211121,0.6828308701515198,0.15162305533885956,3.7506625652313232,,
4,28,0.6054690480232239,0.4769194722175598,0.12794658541679382,6.030003547668457,,
4,29,0.3731728792190552,0.31414327025413513,0.058790288865566254,2.393117666244507,,
4,30,0.5181861519813538,0.42021429538726807,0.09751348197460175,4.583640098571777,,
4,31,0.4168126583099365,0.3510328531265259,0.06547194719314575,3.078500986099243,,
4,32,0.5440984964370728,0.4581756591796875,0.08552862703800201,3.9424798488616943,,
4,33,0.8563140630722046,0.689311146736145,0.16659867763519287,4.042191028594971,,
4,34,0.9109563231468201,0.73813796043396,0.1723863184452057,4.320888519287109,,
4,35,0.4000052511692047,0.33458220958709717,0.06505247950553894,3.705580949783325,,
4,36,0.4253665506839752,0.35070139169692993,0.074308842420578,3.5632026195526123,,
4,37,0.6417141556739807,0.5134323239326477,0.12797555327415466,3.0630950927734375,,
4,38,0.30002060532569885,0.24818405508995056,0.051676005125045776,1.6053352355957031,,
4,39,0.5618458390235901,0.4620261490345001,0.09957153350114822,2.481475830078125,,
4,40,0.43537184596061707,0.35824960470199585,0.07675519585609436,3.670403242111206,,
4,41,0.5187128186225891,0.40993502736091614,0.10812958329916,6.481822490692139,,
4,42,0.8494845032691956,0.6860594749450684,0.1630210131406784,4.0399346351623535,,
4,43,0.3979438245296478,0.3293258249759674,0.0682007446885109,4.172495365142822,,
4,44,0.5835006237030029,0.4749027490615845,0.10833047330379486,2.6737477779388428,,
4,45,0.659818708896637,0.526511013507843,0.13297241926193237,3.3528480529785156,,
4,46,0.6641417741775513,0.5387759208679199,0.12501342594623566,3.5243020057678223,,
4,47,0.5857090950012207,0.4926123321056366,0.09263080358505249,4.660146713256836,,
4,48,0.4471968710422516,0.3602537214756012,0.08641989529132843,5.2322468757629395,,
4,49,0.4052202105522156,0.3330588638782501,0.07177460193634033,3.867462158203125,,
4,50,0.8307114243507385,0.6616935729980469,0.16860675811767578,4.110752582550049,,
4,51,0.47416171431541443,0.37564176321029663,0.09812571108341217,3.9424314498901367,,
4,52,0.9362934231758118,0.7661008834838867,0.16977033019065857,4.222062587738037,,
4,53,0.389731228351593,0.3125487267971039,0.07682649791240692,3.560089349746704,,
4,54,0.3307313919067383,0.2756306529045105,0.05491798371076584,1.8274480104446411,,
4,55,0.5346728563308716,0.4115394353866577,0.12246785312891006,6.6552019119262695,,
4,56,0.776918888092041,0.622129499912262,0.15433858335018158,4.507758140563965,,
4,57,0.827724277973175,0.6380026340484619,0.18928344547748566,4.381868362426758,,
4,58,0.7727004885673523,0.6098129153251648,0.16250666975975037,3.8094420433044434,,
4,59,0.4964806139469147,0.4033985137939453,0.09253895282745361,5.431413173675537,,
4,60,0.6390228867530823,0.5051578283309937,0.13350912928581238,3.558980703353882,,
4,61,0.8323959708213806,0.656579315662384,0.17539295554161072,4.237370491027832,,
4,62,0.3111206889152527,0.2535061836242676,0.05742799490690231,1.8651599884033203,,
4,63,0.41519373655319214,0.33021309971809387,0.08459095656871796,3.896904706954956,,
4,64,0.4634901285171509,0.37370947003364563,0.08931326866149902,4.6739349365234375,,
4,65,0.3329921066761017,0.27342063188552856,0.05930063873529434,2.70845365524292,,
4,66,0.4971804916858673,0.38609400391578674,0.11057461053133011,5.118828773498535,,
4,67,0.636073887348175,0.5010288953781128,0.13468772172927856,3.5725350379943848,,
4,68,0.6743881106376648,0.5336020588874817,0.13994015753269196,8.458930015563965,,
4,69,0.5032947659492493,0.38511350750923157,0.1175963506102562,5.849141597747803,,
4,70,0.6185408234596252,0.4813164472579956,0.13689616322517395,3.282242774963379,,
4,71,0.33915144205093384,0.2763618230819702,0.06250456720590591,2.850593090057373,,
4,72,0.495642751455307,0.3909248411655426,0.10418689250946045,5.310146808624268,,
4,73,0.5854241251945496,0.44315531849861145,0.14157278835773468,6.959794044494629,,
4,74,0.5893996357917786,0.4633256196975708,0.12575867772102356,3.153815507888794,,
4,75,0.508992075920105,0.3986097574234009,0.10977846384048462,6.038564205169678,,
4,76,0.5309450030326843,0.4108632504940033,0.11938273906707764,6.989745616912842,,
4,77,0.6703489422798157,0.5253532528877258,0.1442788988351822,7.168181419372559,,
4,78,0.4305928945541382,0.33609503507614136,0.09428000450134277,2.178539752960205,,
4,79,0.6105067729949951,0.4824292063713074,0.12776055932044983,3.169658899307251,,
4,80,0.7623810768127441,0.6041054725646973,0.1578308343887329,4.447594165802002,,
4,81,0.5869709253311157,0.4683901071548462,0.11831658333539963,2.642366647720337,,
4,82,0.30220603942871094,0.23867109417915344,0.06330384314060211,2.3109710216522217,,
4,83,0.4703553020954132,0.37610316276550293,0.09373293817043304,5.191906452178955,,
4,84,0.8828646540641785,0.7101327776908875,0.17219184339046478,5.4000091552734375,,
4,85,0.5801786780357361,0.45155543088912964,0.12832826375961304,2.9500930309295654,,
4,86,0.6486973166465759,0.5100647211074829,0.13825178146362305,3.807874917984009,,
4,87,0.5525414347648621,0.43271270394325256,0.11955196410417557,2.767399311065674,,
4,88,0.5013143420219421,0.39413318037986755,0.10671709477901459,4.640966415405273,,
4,89,0.49635347723960876,0.377911239862442,0.11786618083715439,5.7603983879089355,,
4,90,0.5873053669929504,0.45531147718429565,0.13169287145137787,3.0103261470794678,,
4,91,0.6314300298690796,0.491860032081604,0.1392415463924408,3.284017324447632,,
4,92,0.5555788278579712,0.4367443323135376,0.11855828762054443,2.7618916034698486,,
4,93,0.4148976802825928,0.32499727606773376,0.0896918922662735,2.085092067718506,,
4,94,0.501548171043396,0.38412219285964966,0.1168707013130188,5.552923202514648,,
4,95,0.7575808167457581,0.6042518019676208,0.1529809683561325,3.480260133743286,,
4,96,0.5691252946853638,0.4538862705230713,0.11497355252504349,2.6548352241516113,,
4,97,0.37865835428237915,0.3013346195220947,0.0770348459482193,2.889129161834717,,
4,98,0.3318832814693451,0.2638133764266968,0.06784003227949142,2.298706293106079,,
4,99,0.30403223633766174,0.24472078680992126,0.05911732837557793,1.9412188529968262,,
4,100,0.8313801884651184,0.6525647640228271,0.1784110963344574,4.043034076690674,,
5,1,0.35843294858932495,0.28356537222862244,0.07455317676067352,3.1442883014678955,,
5,2,0.5494324564933777,0.4142683148384094,0.13455350697040558,6.106392860412598,,
5,3,0.9049376845359802,0.7322670221328735,0.17226195335388184,4.086899757385254,,
5,4,0.5103204250335693,0.39524775743484497,0.11450231820344925,5.703620910644531,,
5,5,0.8434334397315979,0.6728048324584961,0.17016929388046265,4.593301773071289,,
5,6,0.8450717926025391,0.6718707084655762,0.17273905873298645,4.620579242706299,,
5,7,0.5164386630058289,0.39710649847984314,0.11877020448446274,5.619622707366943,,
5,8,0.5221936702728271,0.4083501696586609,0.11319370567798615,6.498148441314697,,
5,9,0.9378694891929626,0.7529069185256958,0.18453547358512878,4.270616054534912,,
5,10,0.5190941691398621,0.40862858295440674,0.11021449416875839,2.510915994644165,,
5,11,0.6927785277366638,0.5434191226959229,0.1489095389842987,4.498396396636963,,
5,12,0.4161919355392456,0.3258119225502014,0.08997539430856705,4.046186447143555,,
5,13,0.3623303771018982,0.28622663021087646,0.0758209377527237,2.8281917572021484,,
5,14,0.29643645882606506,0.2327711582183838,0.06345638632774353,2.0891051292419434,,
5,15,0.5909924507141113,0.46594423055648804,0.12477532029151917,2.7284748554229736,,
5,16,0.7908253073692322,0.6303106546401978,0.159566730260849,9.478800773620605,,
5,17,0.5842463970184326,0.4506848156452179,0.13324889540672302,3.127012014389038,,
5,18,0.3368709087371826,0.2718404233455658,0.0648215115070343,2.0898544788360596,,
5,19,0.7935795783996582,0.6053781509399414,0.187760591506958,4.408489227294922,,
5,20,0.6333960890769958,0.4850841164588928,0.1479286551475525,3.8332443237304688,,
5,21,0.4373949468135834,0.32825469970703125,0.1086309552192688,5.093000888824463,,
5,22,0.4742301404476166,0.3540717363357544,0.11957892775535583,5.794906139373779,,
5,23,0.49749332666397095,0.37569671869277954,0.12123692035675049,5.596950531005859,,
5,24,0.6119245886802673,0.46527642011642456,0.14625245332717896,3.9571197032928467,,
5,25,0.4846099615097046,0.3627737760543823,0.1211964339017868,6.397319793701172,,
5,26,0.6427039504051208,0.4882965683937073,0.15398043394088745,4.269607067108154,,
5,27,0.602091372013092,0.45446714758872986,0.14727818965911865,3.460343360900879,,
5,28,0.5395424365997314,0.416428804397583,0.12281925976276398,2.9439642429351807,,
5,29,0.5062566995620728,0.37206965684890747,0.1334967315196991,6.903614521026611,,
5,30,0.5143908262252808,0.39864689111709595,0.115485280752182,2.5870299339294434,,
5,31,0.6278228759765625,0.4852781891822815,0.14217615127563477,3.68538761138916,,
5,32,0.4294860064983368,0.33246174454689026,0.09680542349815369,2.1885080337524414,,
5,33,0.41935333609580994,0.32543516159057617,0.09370671957731247,2.1145501136779785,,
5,34,0.842490553855896,0.6608904600143433,0.18104341626167297,5.567295074462891,,
5,35,0.30728980898857117,0.2417377531528473,0.06531006097793579,2.4200875759124756,,
5,36,0.48777225613594055,0.3829864263534546,0.10455293208360672,2.329042673110962,,
5,37,0.48522353172302246,0.36837080121040344,0.11625086516141891,6.018720626831055,,
5,38,0.6187435388565063,0.48056894540786743,0.137856587767601,3.1796724796295166,,
5,39,0.8161817193031311,0.6241734623908997,0.19157558679580688,4.326667785644531,,
5,40,0.6677260398864746,0.5247187614440918,0.14264872670173645,3.5860869884490967,,
5,41,0.4000072479248047,0.3104155361652374,0.089202880859375,3.8883056640625,,
5,42,0.6569355130195618,0.4898766577243805,0.1661548614501953,9.04023265838623,,
5,43,0.5029903054237366,0.39458441734313965,0.10777893662452698,6.269518852233887,,
5,44,0.7998217940330505,0.6210708022117615,0.17833971977233887,4.112737655639648,,
5,45,0.5412589907646179,0.4213143587112427,0.11967272311449051,2.718989610671997,,
5,46,0.33093488216400146,0.26012325286865234,0.07056492567062378,2.466928243637085,,
5,47,0.3795338273048401,0.296938419342041,0.08220958709716797,3.8582067489624023,,
5,48,0.47542092204093933,0.3724616765975952,0.10273709893226624,2.221346139907837,,
5,49,0.6497560739517212,0.5100131034851074,0.13940447568893433,3.3848533630371094,,
5,50,0.2998158037662506,0.23596468567848206,0.06363813579082489,2.129849910736084,,
5,51,0.3239304721355438,0.26019924879074097,0.06345595419406891,2.752916097640991,,
5,52,0.5088825225830078,0.39469513297080994,0.11369215697050095,4.952773571014404,,
5,53,0.525302529335022,0.4042051434516907,0.12046094983816147,6.364880561828613,,
5,54,0.48238855600357056,0.3582860231399536,0.12349137663841248,6.111528396606445,,
5,55,0.6385838985443115,0.49965953826904297,0.13857491314411163,3.4945907592773438,,
5,56,0.48737847805023193,0.3784162700176239,0.10837261378765106,5.896038055419922,,
5,57,1.2524654865264893,1.064020037651062,0.18772251904010773,7.228784561157227,,
5,58,0.4134622812271118,0.31562045216560364,0.09736710041761398,4.747167587280273,,
5,59,0.4311423897743225,0.3313409090042114,0.09957735240459442,2.241262912750244,,
5,60,0.46807998418807983,0.3474907875061035,0.12002086639404297,5.6834235191345215,,
5,61,0.7982115745544434,0.6049535274505615,0.19281059503555298,4.474510192871094,,
5,62,0.5425583124160767,0.4089326560497284,0.13278774917125702,8.378934860229492,,
5,63,0.8215005397796631,0.622498631477356,0.19849973917007446,5.021495342254639,,
5,64,0.5117855668067932,0.3741251826286316,0.1369178593158722,7.425055503845215,,
5,65,0.5367692708969116,0.3912094235420227,0.14472420513629913,8.356653213500977,,
5,66,0.759758472442627,0.5943790674209595,0.16421714425086975,11.622856140136719,,
5,67,0.9239130616188049,0.7126169204711914,0.2107587605714798,5.373928070068359,,
5,68,0.3089553415775299,0.23744449019432068,0.07128025591373444,2.305896043777466,,
5,69,0.30144575238227844,0.2378987967967987,0.0633222907781601,2.2468514442443848,,
5,70,0.5764046311378479,0.4428480267524719,0.1332661509513855,2.9046623706817627,,
5,71,0.6512212157249451,0.5020474195480347,0.14880166947841644,3.7208924293518066,,
5,72,0.40049517154693604,0.3074161112308502,0.09287449717521667,2.0455658435821533,,
5,73,0.4563637971878052,0.34126752614974976,0.1145055815577507,5.906702995300293,,
5,74,0.4864389896392822,0.36476001143455505,0.121146559715271,5.324132442474365,,
5,75,0.5359254479408264,0.411430299282074,0.12418904900550842,3.0607526302337646,,
5,76,0.6250575184822083,0.47822797298431396,0.14649708569049835,3.324620246887207,,
5,77,0.7198918461799622,0.5518661737442017,0.1675536185503006,4.720499038696289,,
5,78,0.413997083902359,0.30823463201522827,0.1051488071680069,6.13646125793457,,
5,79,0.6321543455123901,0.48231250047683716,0.1490107625722885,8.310559272766113,,
5,80,0.3793709874153137,0.28638938069343567,0.09256323426961899,4.183649063110352,,
5,81,0.4511188268661499,0.33813363313674927,0.11256608366966248,4.191232204437256,,
5,82,0.35286787152290344,0.2716284394264221,0.08092917501926422,3.1026744842529297,,
5,83,0.385190486907959,0.2875570058822632,0.09709447622299194,5.389983177185059,,
5,84,0.4587501585483551,0.3423178195953369,0.11600234359502792,4.299900531768799,,
5,85,0.7210848927497864,0.5537506937980652,0.16695362329483032,3.8058056831359863,,
5,86,0.8192545175552368,0.63310706615448,0.18561454117298126,5.329468250274658,,
5,87,0.60051429271698,0.46079063415527344,0.1393921822309494,3.3145925998687744,,
5,88,0.513333261013031,0.39812904596328735,0.1149381548166275,2.6605544090270996,,
5,89,0.29781442880630493,0.2284373641014099,0.069161556661129,2.155078887939453,,
5,90,0.31695258617401123,0.24235698580741882,0.07435388118028641,2.417172908782959,,
5,91,0.6514753699302673,0.5024724006652832,0.14864090085029602,3.620974540710449,,
5,92,0.6707300543785095,0.5147097706794739,0.15567731857299805,3.4298806190490723,,
5,93,0.7480379343032837,0.5770196914672852,0.17062881588935852,3.8945367336273193,,
5,94,0.7846775650978088,0.5983819365501404,0.1858648955821991,4.307461738586426,,
5,95,0.7815954685211182,0.589817464351654,0.1913619339466095,4.160515785217285,,
5,96,0.7798224687576294,0.5886092782020569,0.19079557061195374,4.175604820251465,,
5,97,0.4588589072227478,0.3371196985244751,0.12119729816913605,5.419140338897705,,
5,98,0.8569497466087341,0.6591084003448486,0.19737257063388824,4.6877665519714355,,
5,99,0.49369752407073975,0.35988426208496094,0.13321179151535034,6.014814376831055,,
5,100,0.31811439990997314,0.2452535331249237,0.07257883250713348,2.82041072845459,,
6,1,0.6510899066925049,0.49735915660858154,0.1533852517604828,3.454472303390503,,
6,2,0.9327558875083923,0.8039710521697998,0.12802615761756897,7.586884021759033,,
6,3,0.45912835001945496,0.35058653354644775,0.10831086337566376,2.309377908706665,,
6,4,0.3811458349227905,0.28058043122291565,0.10003483295440674,5.305798053741455,,
6,5,0.4720204770565033,0.3441794514656067,0.12717196345329285,6.690757751464844,,
6,6,0.7173671126365662,0.5634033679962158,0.15317878127098083,7.849302768707275,,
6,7,0.9080711007118225,0.688322901725769,0.21917161345481873,5.765476226806641,,
6,8,0.3835751414299011,0.28164172172546387,0.10152312368154526,4.102943420410156,,
6,9,0.7238560914993286,0.5497381091117859,0.1737181395292282,3.998169422149658,,
6,10,0.6808090806007385,0.5121861100196838,0.16816003620624542,4.6294779777526855,,
6,11,0.46843257546424866,0.35370755195617676,0.11447952687740326,2.4549272060394287,,
6,12,0.7778206467628479,0.5844033360481262,0.1929873526096344,4.299062252044678,,
6,13,0.6374797821044922,0.4887056350708008,0.1476937234401703,10.804117202758789,,
6,14,0.26945751905441284,0.19750890135765076,0.07170259952545166,2.460169792175293,,
6,15,0.6052180528640747,0.4544685482978821,0.150403693318367,3.458164691925049,,
6,16,0.6509751081466675,0.49221014976501465,0.15836095809936523,4.0399699211120605,,
6,17,0.8524457812309265,0.6440048813819885,0.20783433318138123,6.066120624542236,,
6,18,0.8585361242294312,0.6502646207809448,0.2077704668045044,5.010154724121094,,
6,19,0.45977506041526794,0.33064496517181396,0.1284981518983841,6.319460868835449,,
6,20,0.578559398651123,0.440028578042984,0.13819387555122375,3.369619131088257,,
6,21,1.6688250303268433,1.399404525756836,0.2670033574104309,24.172563552856445,,
6,22,0.8378482460975647,0.6350456476211548,0.20231401920318604,4.885853290557861,,
6,23,0.8256576657295227,0.6277401447296143,0.19735398888587952,5.635463714599609,,
6,24,0.5806904435157776,0.437804639339447,0.14254239201545715,3.4340298175811768,,
6,25,0.5863525867462158,0.44213056564331055,0.143863707780838,3.5835444927215576,,
6,26,0.6553428769111633,0.47916552424430847,0.1749383509159088,12.390088081359863,,
6,27,0.8987177014350891,0.6715282797813416,0.2261933833360672,9.960809707641602,,
6,28,0.2767598628997803,0.20442414283752441,0.07212881743907928,2.068763256072998,,
6,29,0.4484659731388092,0.313260555267334,0.13450419902801514,7.0121026039123535,,
6,30,0.6580926179885864,0.4966386556625366,0.16108328104019165,3.7065255641937256,,
6,31,0.3510735034942627,0.2564140558242798,0.09419605135917664,4.633982181549072,,
6,32,0.8012144565582275,0.6015003323554993,0.19910548627376556,6.086510181427002,,
6,33,0.7493280172348022,0.5695240497589111,0.17939099669456482,4.129517555236816,,
6,34,0.3080483675003052,0.23360085487365723,0.07420381903648376,2.436978578567505,,
6,35,0.41967788338661194,0.31066930294036865,0.10848693549633026,5.216169357299805,,
6,36,0.281543105840683,0.21399721503257751,0.06731750071048737,2.2838633060455322,,
6,37,0.6096013784408569,0.47118234634399414,0.13807672262191772,3.4233853816986084,,
6,38,0.35703325271606445,0.26654258370399475,0.09017050266265869,3.20168399810791,,
6,39,0.5677188634872437,0.43876537680625916,0.12867608666419983,2.7740285396575928,,
6,40,0.31181275844573975,0.24195647239685059,0.06962363421916962,2.326235771179199,,
6,41,0.5833325982093811,0.4509498178958893,0.1320728063583374,3.1003098487854004,,
6,42,0.31803473830223083,0.2406221330165863,0.07704880088567734,3.63796067237854,,
6,43,0.4237225353717804,0.3150504529476166,0.1080455631017685,6.265235900878906,,
6,44,0.36849328875541687,0.27745869755744934,0.09069662541151047,3.37961745262146,,
6,45,0.4340325593948364,0.3141848146915436,0.11926071345806122,5.870534896850586,,
6,46,0.66142737865448,0.5113218426704407,0.14969965815544128,4.059118270874023,,
6,47,0.3925032615661621,0.2938658595085144,0.09812362492084503,5.138067245483398,,
6,48,0.48106423020362854,0.3454691171646118,0.13483741879463196,7.5769195556640625,,
6,49,0.47738024592399597,0.34782683849334717,0.12879320979118347,7.601946830749512,,
6,50,0.8577404618263245,0.6606158018112183,0.19653615355491638,5.884763240814209,,
6,51,0.672860324382782,0.5185549855232239,0.1539624184370041,3.4289145469665527,,
6,52,0.5793586373329163,0.4513060450553894,0.1277552843093872,2.9728317260742188,,
6,53,0.47159597277641296,0.34536999464035034,0.12558497488498688,6.41031551361084,,
6,54,0.4974627196788788,0.3889889121055603,0.10823769122362137,2.3613057136535645,,
6,55,0.2899560034275055,0.2260802835226059,0.06366277486085892,2.1294267177581787,,
6,56,0.35576337575912476,0.2593817412853241,0.09603466838598251,3.469728946685791,,
6,57,0.4137873351573944,0.3054389953613281,0.10794452577829361,4.038288593292236,,
6,58,0.5565562844276428,0.4296553134918213,0.12661013007164001,2.9080703258514404,,
6,59,0.4555440843105316,0.3260819911956787,0.12901532649993896,4.467530727386475,,
6,60,0.613719642162323,0.46687597036361694,0.1465158462524414,3.278218984603882,,
6,61,0.9339851140975952,0.7036585211753845,0.22969499230384827,6.315761089324951,,
6,62,1.260805606842041,0.9619935750961304,0.2975330054759979,12.789413452148438,,
6,63,0.47077956795692444,0.33695152401924133,0.13320568203926086,6.223499774932861,,
6,64,0.5275038480758667,0.40815269947052,0.11906343698501587,2.877387523651123,,
6,65,0.4676111936569214,0.3334615230560303,0.1334630846977234,6.865922927856445,,
6,66,0.5820885896682739,0.4450061321258545,0.13676077127456665,3.216636896133423,,
6,67,0.6011366844177246,0.41485369205474854,0.1853455901145935,9.373868942260742,,
6,68,0.5505316257476807,0.42106345295906067,0.12919314205646515,2.7500977516174316,,
6,69,0.3993273973464966,0.3106116056442261,0.08852480351924896,1.9098620414733887,,
6,70,0.8038201928138733,0.6111005544662476,0.1922047883272171,5.14888858795166,,
6,71,0.7203251719474792,0.5427442789077759,0.17717678844928741,4.0411553382873535,,
6,72,0.34023430943489075,0.2506638169288635,0.08918546140193939,3.850062608718872,,
6,73,0.29163262248039246,0.22301417589187622,0.06839144974946976,2.2699005603790283,,
6,74,0.555096447467804,0.4220249056816101,0.1327594816684723,3.1205456256866455,,
6,75,0.7291256785392761,0.5424730181694031,0.18621334433555603,4.393211364746094,,
6,76,0.4642695188522339,0.3287205398082733,0.1349247246980667,6.242300510406494,,
6,77,0.40722987055778503,0.3100542724132538,0.09696350991725922,2.1210920810699463,,
6,78,0.6426631212234497,0.4800121486186981,0.1622658371925354,3.8517801761627197,,
6,79,0.2908439636230469,0.21963363885879517,0.07098448276519775,2.258347988128662,,
6,80,0.4182114005088806,0.3179503083229065,0.1000429317355156,2.1814873218536377,,
6,81,0.48034539818763733,0.33910179138183594,0.14038975536823273,8.538619995117188,,
6,82,0.4844921827316284,0.35190802812576294,0.13200457394123077,5.795836448669434,,
6,83,0.6408851146697998,0.4794204831123352,0.16105486452579498,4.097682952880859,,
6,84,0.2679693400859833,0.20158612728118896,0.0662015751004219,1.8163762092590332,,
6,85,0.5990666151046753,0.4219834804534912,0.17623408138751984,8.490812301635742,,
6,86,0.3353983163833618,0.2432681918144226,0.09173066914081573,3.9946069717407227,,
6,87,0.2955321669578552,0.22109806537628174,0.07419697940349579,2.3711516857147217,,
6,88,0.7106096744537354,0.5331311821937561,0.17708149552345276,3.9699671268463135,,
6,89,0.6483501195907593,0.48777762055397034,0.16021502017974854,3.5750460624694824,,
6,90,0.741582989692688,0.5541961789131165,0.18696442246437073,4.2238030433654785,,
6,91,0.8164882063865662,0.6118344664573669,0.20405972003936768,5.9399542808532715,,
6,92,0.5799325108528137,0.4395993947982788,0.13998062908649445,3.524726152420044,,
6,93,0.3487010598182678,0.2534725069999695,0.09489572793245316,3.3284316062927246,,
6,94,0.4234726130962372,0.30344462394714355,0.119510218501091,5.177684783935547,,
6,95,0.340894490480423,0.251325398683548,0.08920357376337051,3.655313014984131,,
6,96,0.6372306942939758,0.47741082310676575,0.15944699943065643,3.72888445854187,,
6,97,0.48689383268356323,0.3470400273799896,0.13904422521591187,8.095881462097168,,
6,98,0.5247340798377991,0.37166908383369446,0.15239520370960236,6.6980133056640625,,
6,99,0.6335583925247192,0.4777050316333771,0.1554815173149109,3.718142032623291,,
6,100,0.706683337688446,0.5318008661270142,0.1744493842124939,4.330902099609375,,
7,1,0.5602116584777832,0.4228840470314026,0.13703249394893646,2.950777769088745,,
7,2,0.4721466302871704,0.3375248908996582,0.13402420282363892,5.975278377532959,,
7,3,0.8066208362579346,0.6092283725738525,0.19692903757095337,4.6345534324646,,
7,4,0.709884524345398,0.535229504108429,0.1742531657218933,4.018614292144775,,
7,5,0.6571047902107239,0.49772006273269653,0.15903151035308838,3.532104253768921,,
7,6,0.44956690073013306,0.34311896562576294,0.10622571408748627,2.222167491912842,,
7,7,0.2964676320552826,0.2220745086669922,0.07416395843029022,2.291538715362549,,
7,8,0.6949188709259033,0.5210434198379517,0.1734696924686432,4.05802059173584,,
7,9,0.35533779859542847,0.25856366753578186,0.09642820060253143,3.459404468536377,,
7,10,0.727245032787323,0.5464650392532349,0.18037116527557373,4.088099956512451,,
7,11,0.7828055620193481,0.5877813100814819,0.19458343088626862,4.408158302307129,,
7,12,0.35087552666664124,0.2558991611003876,0.09464356303215027,3.3279542922973633,,
7,13,0.31327328085899353,0.23675045371055603,0.07627613842487335,2.4666342735290527,,
7,14,0.4984627068042755,0.3539167642593384,0.143777534365654,7.683985710144043,,
7,15,0.7970350980758667,0.6030220985412598,0.1935124695301056,5.005697727203369,,
7,16,0.44078755378723145,0.3171188533306122,0.12309345602989197,5.75245475769043,,
7,17,0.3134673833847046,0.23126903176307678,0.08187074959278107,3.275921106338501,,
7,18,0.7557826042175293,0.569800615310669,0.18557746708393097,4.045638084411621,,
7,19,0.39432358741760254,0.28639423847198486,0.10738637298345566,5.4296979904174805,,
7,20,0.877632200717926,0.660202145576477,0.2169095277786255,5.205470561981201,,
7,21,0.7796668410301208,0.5809821486473083,0.198245570063591,4.391136646270752,,
7,22,0.672371506690979,0.4998742341995239,0.17206555604934692,4.3174238204956055,,
7,23,0.4281623363494873,0.3060876131057739,0.12151643633842468,5.583015441894531,,
7,24,0.4732571542263031,0.3361223340034485,0.13648173213005066,6.531002998352051,,
7,25,0.5909126996994019,0.4197370409965515,0.17038506269454956,7.90571928024292,,
7,26,0.8164201378822327,0.6073976159095764,0.2084333747625351,5.891551494598389,,
7,27,0.3565559685230255,0.26363277435302734,0.09262531995773315,2.9786689281463623,,
7,28,0.2873080372810364,0.21250712871551514,0.0745706558227539,2.3025729656219482,,
7,29,0.6395906209945679,0.4700039327144623,0.1691914200782776,3.9528462886810303,,
7,30,0.8534113764762878,0.6332570314407349,0.21965301036834717,5.013424873352051,,
7,31,0.43471765518188477,0.30181336402893066,0.13226555287837982,6.387255668640137,,
7,32,0.7072040438652039,0.5206747055053711,0.18610316514968872,4.261486053466797,,
7,33,0.3027506470680237,0.22452479600906372,0.07793131470680237,2.9452884197235107,,
7,34,0.6197492480278015,0.4572058916091919,0.16218137741088867,3.619514226913452,,
7,35,0.5398336052894592,0.40207439661026,0.13747268915176392,2.864898204803467,,
7,36,0.44981157779693604,0.31544944643974304,0.13368991017341614,6.72231912612915,,
7,37,0.49048277735710144,0.3499786853790283,0.13970814645290375,7.959195137023926,,
7,38,0.7256581783294678,0.5427283048629761,0.18252915143966675,4.0072550773620605,,
7,39,0.5879154801368713,0.4392375946044922,0.1483304649591446,3.474292516708374,,
7,40,0.4112846851348877,0.29982703924179077,0.11099210381507874,4.655425071716309,,
7,41,0.48037734627723694,0.3446279764175415,0.13496461510658264,7.84759521484375,,
7,42,0.8271355032920837,0.6190893650054932,0.20753905177116394,5.070372581481934,,
7,43,0.4229074716567993,0.2974386215209961,0.12489508837461472,5.737419128417969,,
7,44,0.3672219514846802,0.29213857650756836,0.07483860850334167,2.4477460384368896,,
7,45,0.3302481174468994,0.2435230314731598,0.08638068288564682,3.4438860416412354,,
7,46,0.4622162878513336,0.3411503732204437,0.12063287198543549,4.330572605133057,,
7,47,0.38596296310424805,0.29296889901161194,0.09267739951610565,3.1668360233306885,,
7,48,0.7969935536384583,0.5996561050415039,0.1967998445034027,5.375479698181152,,
7,49,0.6000607013702393,0.4535321891307831,0.14619719982147217,3.3126628398895264,,
7,50,0.40667277574539185,0.31608492136001587,0.09039618074893951,1.9168121814727783,,
7,51,0.8478327393531799,0.6434812545776367,0.20388928055763245,4.622336387634277,,
7,52,0.32861804962158203,0.25831693410873413,0.07007128745317459,2.298307180404663,,
7,53,0.31845659017562866,0.254660427570343,0.06360568851232529,1.9047688245773315,,
7,54,0.47018134593963623,0.33698543906211853,0.13241693377494812,7.789802074432373,,
7,55,0.6544419527053833,0.4930950403213501,0.16096383333206177,3.831049919128418,,
7,56,0.7084326148033142,0.5286139249801636,0.17942044138908386,3.982170343399048,,
7,57,0.79250568151474,0.5946183204650879,0.1973760426044464,5.113481044769287,,
7,58,0.7092208862304688,0.5270962715148926,0.1816737949848175,4.508415222167969,,
7,59,0.5644494295120239,0.4238804876804352,0.14024408161640167,3.248443841934204,,
7,60,0.4756883680820465,0.3372812867164612,0.13765904307365417,7.480472087860107,,
7,61,0.6163152456283569,0.4535578191280365,0.16239577531814575,3.617056369781494,,
7,62,0.6375017762184143,0.4591186046600342,0.17753058671951294,8.526102066040039,,
7,63,0.6069302558898926,0.44636785984039307,0.16020581126213074,3.565509796142578,,
7,64,0.6808699369430542,0.5021921992301941,0.1782642900943756,4.133936882019043,,
7,65,0.5931215286254883,0.43624502420425415,0.15649306774139404,3.834475517272949,,
7,66,0.642981767654419,0.4712446331977844,0.1713334023952484,4.037871837615967,,
7,67,0.5221330523490906,0.38611894845962524,0.1357193887233734,2.9475338459014893,,
7,68,0.4943070113658905,0.3677046298980713,0.12632764875888824,2.7475435733795166,,
7,69,0.39371785521507263,0.27802178263664246,0.1150733232498169,6.227615833282471,,
7,70,0.4454958736896515,0.3114980459213257,0.1335066705942154,4.9118266105651855,,
7,71,0.4973011612892151,0.34867075085639954,0.14789533615112305,7.350835800170898,,
7,72,0.5501114726066589,0.4066771864891052,0.14313781261444092,2.964906930923462,,
7,73,0.47076892852783203,0.3241013288497925,0.14594979584217072,7.178252696990967,,
7,74,0.612866997718811,0.45954960584640503,0.1529415249824524,3.7584125995635986,,
7,75,0.293377548456192,0.2199595421552658,0.07316669821739197,2.5131072998046875,,
7,76,0.6442354321479797,0.4840867221355438,0.1597989946603775,3.4972591400146484,,
7,77,0.9134842157363892,0.6888487339019775,0.22409138083457947,5.4408345222473145,,
7,78,0.4006202220916748,0.3042965233325958,0.09611955285072327,2.0414021015167236,,
7,79,0.4363093376159668,0.3192915618419647,0.11638544499874115,6.323537826538086,,
7,80,0.5386386513710022,0.37995395064353943,0.15799227356910706,6.924111366271973,,
7,81,0.7023385763168335,0.5294022560119629,0.17256595194339752,3.703711748123169,,
7,82,0.4317684471607208,0.31198251247406006,0.11936801671981812,4.179263591766357,,
7,83,0.6307539939880371,0.4694368839263916,0.16089609265327454,4.2106146812438965,,
7,84,0.3362794816493988,0.25438982248306274,0.08140042424201965,4.8922014236450195,,
7,85,0.4307488799095154,0.31043997406959534,0.11988038569688797,4.285362243652344,,
7,86,0.2712661623954773,0.2035628855228424,0.0674889087677002,2.1435365676879883,,
7,87,0.43784740567207336,0.318691611289978,0.11859597265720367,5.598257541656494,,
7,88,0.4157171845436096,0.3116539418697357,0.10383885353803635,2.243814706802368,,
7,89,0.830479085445404,0.622208833694458,0.20778509974479675,4.8510518074035645,,
7,90,0.7455686330795288,0.5571650862693787,0.1879974901676178,4.060209274291992,,
7,91,0.7579922080039978,0.5651705265045166,0.19226393103599548,5.5770344734191895,,
7,92,0.5163683295249939,0.3896799087524414,0.1264042854309082,2.8414461612701416,,
7,93,0.7503289580345154,0.5659409761428833,0.18397942185401917,4.08613920211792,,
7,94,0.541684091091156,0.40351685881614685,0.1378723829984665,2.948397636413574,,
7,95,0.7023559212684631,0.5226366519927979,0.1793239563703537,3.953089714050293,,
7,96,0.5390744209289551,0.394144743680954,0.14417485892772675,7.548507213592529,,
7,97,0.4049360156059265,0.296252965927124,0.10829176753759384,3.9128236770629883,,
7,98,0.44949713349342346,0.3245909512042999,0.12439993023872375,5.062451362609863,,
7,99,0.37328413128852844,0.2662259340286255,0.10652957111597061,5.2863264083862305,,
7,100,0.28144702315330505,0.2077634632587433,0.07345609366893768,2.274824380874634,,
8,1,0.5648191571235657,0.4192517399787903,0.1452409327030182,3.2644097805023193,,
8,2,0.667373538017273,0.49259501695632935,0.1743871420621872,3.9135308265686035,,
8,3,0.4448569416999817,0.3149949312210083,0.12929771840572357,5.642916202545166,,
8,4,0.5383484363555908,0.4003317952156067,0.13743169605731964,5.849668025970459,,
8,5,0.35578644275665283,0.2600075602531433,0.09545548260211945,3.233999252319336,,
8,6,0.6645703315734863,0.49357694387435913,0.17062857747077942,3.647645950317383,,
8,7,0.7892934083938599,0.5902801752090454,0.19850489497184753,5.083256721496582,,
8,8,0.5239628553390503,0.3697202801704407,0.15357764065265656,6.649731159210205,,
8,9,0.5302075147628784,0.39444828033447266,0.13547934591770172,2.799205780029297,,
8,10,0.4269346296787262,0.3060125708580017,0.12043236196041107,4.896879196166992,,
8,11,0.6029136776924133,0.449073851108551,0.1535123586654663,3.2744944095611572,,
8,12,0.5326024889945984,0.3803161084651947,0.15152223408222198,7.641143321990967,,
8,13,0.46702608466148376,0.33443301916122437,0.1319393366575241,6.537219524383545,,
8,14,0.5552057027816772,0.4151805639266968,0.13970613479614258,3.189821481704712,,
8,15,0.5684010982513428,0.42141205072402954,0.1466524302959442,3.3664658069610596,,
8,16,0.8428210616111755,0.6273660063743591,0.21495988965034485,4.951258659362793,,
8,17,0.3864594101905823,0.2877747416496277,0.09847724437713623,2.074267625808716,,
8,18,0.43731847405433655,0.3080124258995056,0.12870389223098755,6.021411895751953,,
8,19,0.3920668959617615,0.2803279161453247,0.11115722358226776,5.817389965057373,,
8,20,0.6071287393569946,0.4471810460090637,0.15957766771316528,3.7005131244659424,,
8,21,0.7687965035438538,0.5664340257644653,0.20191222429275513,4.502790927886963,,
8,22,0.6604096293449402,0.4878491759300232,0.1721862554550171,3.742271900177002,,
8,23,0.4601905643939972,0.3288232088088989,0.13075396418571472,6.133777141571045,,
8,24,0.5109943151473999,0.3758814334869385,0.13482075929641724,2.921508312225342,,
8,25,0.5157853960990906,0.3809727430343628,0.13452082872390747,2.9182891845703125,,
8,26,0.2775622308254242,0.20188412070274353,0.0754455104470253,2.3261654376983643,,
8,27,0.5304074287414551,0.37299495935440063,0.15672039985656738,6.920719623565674,,
8,28,0.27972280979156494,0.20426002144813538,0.07524031400680542,2.2247238159179688,,
8,29,0.8974452614784241,0.6740759611129761,0.22254261374473572,8.266566276550293,,
8,30,0.7027885913848877,0.5182105302810669,0.18417178094387054,4.062873363494873,,
8,31,0.6290686130523682,0.46589741110801697,0.16281497478485107,3.561882495880127,,
8,32,0.2962910234928131,0.21741239726543427,0.0785975307226181,2.8109095096588135,,
8,33,0.5954184532165527,0.43632692098617554,0.15873590111732483,3.555913209915161,,
8,34,0.26719871163368225,0.19403770565986633,0.07296675443649292,1.9426096677780151,,
8,35,0.6153696775436401,0.4536888003349304,0.16129451990127563,3.8633716106414795,,
8,36,0.8503156304359436,0.627469539642334,0.2223128229379654,5.332674503326416,,
8,37,0.5190368890762329,0.3660770058631897,0.15226483345031738,6.9506449699401855,,
8,38,0.42281898856163025,0.29864293336868286,0.12359348684549332,5.8257904052734375,,
8,39,0.3701712191104889,0.26741158962249756,0.10226374864578247,4.958767890930176,,
8,40,0.6847058534622192,0.5079432725906372,0.1763799637556076,3.8260064125061035,,
8,41,0.3244567811489105,0.2330324649810791,0.09105546027421951,3.6885175704956055,,
8,42,0.4183955490589142,0.3033328652381897,0.11461102217435837,4.516616344451904,,
8,43,0.3570443093776703,0.2573113441467285,0.0993911623954773,3.418156147003174,,
8,44,0.28429126739501953,0.2078942358493805,0.07617601752281189,2.2101964950561523,,
8,45,0.8545449376106262,0.6553405523300171,0.19806799292564392,11.36342716217041,,
8,46,0.5876255035400391,0.4326664209365845,0.15461882948875427,3.4024083614349365,,
8,47,0.4902931749820709,0.35368406772613525,0.135806143283844,8.02961254119873,,
8,48,0.5908143520355225,0.4249071776866913,0.165069580078125,8.375584602355957,,
8,49,0.44723808765411377,0.31604644656181335,0.13051125407218933,6.803802490234375,,
8,50,0.8398767709732056,0.620643138885498,0.21868354082107544,5.50083589553833,,
8,51,0.5669581890106201,0.411501407623291,0.1542448252439499,12.119705200195312,,
8,52,0.4867189824581146,0.3422526717185974,0.14356422424316406,9.020732879638672,,
8,53,0.3042755424976349,0.21690914034843445,0.08701902627944946,3.4736921787261963,,
8,54,0.5440212488174438,0.38440197706222534,0.15884730219841003,7.719783306121826,,
8,55,0.7859517335891724,0.5789271593093872,0.2064671665430069,5.5744171142578125,,
8,56,0.3044082522392273,0.2213391363620758,0.0828077495098114,2.613677978515625,,
8,57,0.8395769000053406,0.6166719198226929,0.22235918045043945,5.458177089691162,,
8,58,0.573610782623291,0.41511639952659607,0.15777531266212463,7.190917015075684,,
8,59,0.6538557410240173,0.4766635298728943,0.17680101096630096,3.911992311477661,,
8,60,0.7856097221374512,0.5739380121231079,0.21106073260307312,6.109487533569336,,
8,61,0.42015084624290466,0.2927019000053406,0.1270107924938202,4.381520748138428,,
8,62,0.6533668041229248,0.4749491810798645,0.17799320816993713,4.243590831756592,,
8,63,0.3966495990753174,0.28029584884643555,0.11592017859220505,4.335643768310547,,
8,64,0.30349457263946533,0.221947580575943,0.0812927782535553,2.542217969894409,,
8,65,0.6938784122467041,0.5049511194229126,0.18841710686683655,5.102222919464111,,
8,66,0.5450674891471863,0.39831334352493286,0.1464487612247467,3.053816318511963,,
8,67,0.51561039686203,0.37902122735977173,0.13629376888275146,2.9542765617370605,,
8,68,0.3572256863117218,0.25862082839012146,0.0981624573469162,4.424185752868652,,
8,69,0.504547119140625,0.3528420329093933,0.1507546454668045,9.504435539245605,,
8,70,0.3756311237812042,0.27237212657928467,0.10279013216495514,4.688824653625488,,
8,71,0.2692617177963257,0.1984677016735077,0.07057115435600281,2.228499412536621,,
8,72,0.5464160442352295,0.40053874254226685,0.1455642580986023,3.130189895629883,,
8,73,0.7980412244796753,0.589614748954773,0.2078305184841156,5.959065914154053,,
8,74,0.6969749331474304,0.515664279460907,0.18005108833312988,12.595854759216309,,
8,75,0.3897412121295929,0.2905457615852356,0.09898614883422852,2.092893123626709,,
8,76,0.6584873795509338,0.4842921197414398,0.1738133579492569,3.8187453746795654,,
8,77,0.6329180598258972,0.4638978838920593,0.16861073672771454,4.094517707824707,,
8,78,0.3124340772628784,0.22939564287662506,0.08275505155324936,2.8340249061584473,,
8,79,0.5433719158172607,0.40031540393829346,0.14272844791412354,3.2803523540496826,,
8,80,0.34916260838508606,0.24407988786697388,0.10456294566392899,5.19780969619751,,
8,81,0.900151789188385,0.6619244813919067,0.2376255840063095,6.017103672027588,,
8,82,0.40712034702301025,0.28840428590774536,0.118277408182621,4.386655330657959,,
8,83,0.625937819480896,0.4493812918663025,0.17556695640087128,9.895549774169922,,
8,84,0.8504252433776855,0.6248012185096741,0.225033238530159,5.908000946044922,,
8,85,0.7601729035377502,0.5523378849029541,0.20738989114761353,4.451284885406494,,
8,86,0.7674218416213989,0.5552467703819275,0.2116694152355194,5.056884765625,,
8,87,0.8368816375732422,0.6126251220703125,0.22372621297836304,5.303298473358154,,
8,88,0.2778622508049011,0.2049902379512787,0.07265551388263702,2.164905071258545,,
8,89,0.49827665090560913,0.36879763007164,0.12919099628925323,2.8802337646484375,,
8,90,0.43744605779647827,0.3068712651729584,0.1299889087677002,5.858798503875732,,
8,91,0.5101388692855835,0.38147687911987305,0.1283772736787796,2.8473992347717285,,
8,92,0.8049429059028625,0.5932435989379883,0.21120652556419373,4.927323818206787,,
8,93,0.763328492641449,0.5605344772338867,0.20213621854782104,6.578187942504883,,
8,94,0.5293274521827698,0.3717763423919678,0.1568242907524109,7.268215179443359,,
8,95,0.7911567091941833,0.5801292061805725,0.2105255424976349,5.019321918487549,,
8,96,0.414442241191864,0.30389243364334106,0.11011263728141785,4.371581554412842,,
8,97,0.3112529218196869,0.23534007370471954,0.07567277550697327,2.400542974472046,,
8,98,0.4989042580127716,0.3446570038795471,0.15303996205329895,12.072857856750488,,
8,99,0.39724335074424744,0.2817184329032898,0.11491578817367554,6.091300964355469,,
8,100,0.37861573696136475,0.27404847741127014,0.10414272546768188,4.2453484535217285,,
9,1,0.5430164933204651,0.39896661043167114,0.14375543594360352,2.9444568157196045,,
9,2,0.5591471195220947,0.41282451152801514,0.1459847241640091,3.3788414001464844,,
9,3,0.5974599123001099,0.4203392267227173,0.1762264370918274,8.942708969116211,,
9,4,0.4326372742652893,0.2998620867729187,0.132130965590477,6.442183971405029,,
9,5,0.6893050074577332,0.5100516080856323,0.1787157952785492,5.3758673667907715,,
9,6,0.550717830657959,0.4064638614654541,0.14394868910312653,3.0526580810546875,,
9,7,0.5701546669006348,0.42188578844070435,0.14793545007705688,3.334035873413086,,
9,8,0.32793575525283813,0.23864692449569702,0.08892089128494263,3.6794443130493164,,
9,9,0.6781108379364014,0.5014089941978455,0.17625045776367188,4.513570308685303,,
9,10,0.7878599166870117,0.5836461782455444,0.20362374186515808,5.899842739105225,,
9,11,0.6775654554367065,0.498940646648407,0.17818281054496765,4.420550346374512,,
9,12,0.8203995227813721,0.6077018976211548,0.2122144252061844,4.832024097442627,,
9,13,0.6842264533042908,0.5080258846282959,0.17484068870544434,13.598830223083496,,
9,14,0.5156087279319763,0.3650844395160675,0.1498839259147644,6.403073310852051,,
9,15,0.6019180417060852,0.4363100528717041,0.1652424931526184,3.655087471008301,,
9,16,0.5293072462081909,0.3869416117668152,0.1420624852180481,3.0315394401550293,,
9,17,0.58048015832901,0.4105890393257141,0.16906625032424927,8.24869441986084,,
9,18,0.45559611916542053,0.3331087827682495,0.12223878502845764,2.4854753017425537,,
9,19,0.8411338329315186,0.6108090877532959,0.2297457456588745,5.789785385131836,,
9,20,0.4688771665096283,0.3225991725921631,0.1454443335533142,8.336709022521973,,
9,21,0.6813094615936279,0.48515504598617554,0.1956970989704132,4.572808742523193,,
9,22,0.5889058113098145,0.4240064024925232,0.16450083255767822,3.9855217933654785,,
9,23,0.7938692569732666,0.5685596466064453,0.2240590900182724,12.504820823669434,,
9,24,0.2647433876991272,0.1903075873851776,0.07424266636371613,1.9311541318893433,,
9,25,0.42208170890808105,0.2902226746082306,0.1312073916196823,6.516499042510986,,
9,26,0.40859898924827576,0.2798553705215454,0.12817992269992828,5.6369948387146,,
9,27,0.40044787526130676,0.276385098695755,0.12349453568458557,5.682271480560303,,
9,28,0.5964974164962769,0.4260755479335785,0.17004385590553284,3.780395269393921,,
9,29,0.7441766262054443,0.5416727066040039,0.2019709050655365,5.329559803009033,,
9,30,0.4565294682979584,0.31257954239845276,0.14324277639389038,7.07155704498291,,
9,31,0.4603314995765686,0.32011449337005615,0.13946528732776642,7.517299652099609,,
9,32,0.28507348895072937,0.20922249555587769,0.07560817897319794,2.4279510974884033,,
9,33,0.6315774321556091,0.4617195427417755,0.16946005821228027,3.9787566661834717,,
9,34,0.5957810878753662,0.4389609694480896,0.15648426115512848,3.3587090969085693,,
9,35,0.6257298588752747,0.45793062448501587,0.16733098030090332,4.682633399963379,,
9,36,0.48252996802330017,0.3623183071613312,0.1199539452791214,2.576958417892456,,
9,37,0.5404189229011536,0.40139925479888916,0.13870203495025635,3.176542043685913,,
9,38,0.4318101406097412,0.30477023124694824,0.1265673190355301,4.725973129272461,,
9,39,0.5270970463752747,0.39149296283721924,0.13531208038330078,2.920095682144165,,
9,40,0.6040520071983337,0.4458272457122803,0.1578454077243805,3.793623924255371,,
9,41,0.3726293444633484,0.27876901626586914,0.09366528689861298,1.9503686428070068,,
9,42,0.46565183997154236,0.32971954345703125,0.13521099090576172,7.213195323944092,,
9,43,0.4047340452671051,0.30279284715652466,0.10172612965106964,2.150871992111206,,
9,44,0.9544212818145752,0.7200672030448914,0.2325659692287445,17.881362915039062,,
9,45,0.2997533679008484,0.2207249104976654,0.07870300114154816,3.254415512084961,,
9,46,0.5043520927429199,0.37370237708091736,0.1303650438785553,2.8465027809143066,,
9,47,0.8336709141731262,0.6076675653457642,0.2254468947649002,5.564839839935303,,
9,48,0.27719372510910034,0.20201393961906433,0.07495757937431335,2.222078800201416,,
9,49,0.47892773151397705,0.33148324489593506,0.14664891362190247,7.955726146697998,,
9,50,0.2999958097934723,0.22102901339530945,0.0787157341837883,2.51068115234375,,
9,51,0.5387735962867737,0.390241414308548,0.1482117772102356,3.2040247917175293,,
9,52,0.5655362606048584,0.41156405210494995,0.1536283791065216,3.437771797180176,,
9,53,0.7070901989936829,0.5175796151161194,0.1890941560268402,4.164312362670898,,
9,54,0.4264404773712158,0.29933100938796997,0.12664523720741272,4.642253398895264,,
9,55,0.5433142781257629,0.39772918820381165,0.14527133107185364,3.1378564834594727,,
9,56,0.6562316417694092,0.4821636974811554,0.1736880987882614,3.7986066341400146,,
9,57,0.554305374622345,0.4082363247871399,0.14574003219604492,3.2901928424835205,,
9,58,0.5379013419151306,0.38504481315612793,0.1521376371383667,7.189014434814453,,
9,59,0.44381818175315857,0.3121410608291626,0.13099807500839233,6.790526866912842,,
9,60,0.30186694860458374,0.22781610488891602,0.07382407784461975,2.267800807952881,,
9,61,0.30203479528427124,0.22308167815208435,0.07865193486213684,3.011831760406494,,
9,62,0.4759845435619354,0.33256304264068604,0.14269427955150604,7.272002696990967,,
9,63,0.7020468711853027,0.5093796253204346,0.19198927283287048,6.779357433319092,,
9,64,0.48876747488975525,0.36285990476608276,0.1256422996520996,2.652787208557129,,
9,65,0.2557988464832306,0.1828126758337021,0.07276737689971924,2.187791585922241,,
9,66,0.44254356622695923,0.31109166145324707,0.13081508874893188,6.368289470672607,,
9,67,0.26399898529052734,0.1901339441537857,0.07367627322673798,1.8876259326934814,,
9,68,0.41619110107421875,0.2894706130027771,0.1262972354888916,4.2325053215026855,,
9,69,0.3254120647907257,0.22981730103492737,0.0952199250459671,3.748140811920166,,
9,70,0.4403439462184906,0.324834406375885,0.11527127772569656,2.3825626373291016,,
9,71,0.5194480419158936,0.3808070421218872,0.1383575201034546,2.8348629474639893,,
9,72,0.39902952313423157,0.2857647240161896,0.11286309361457825,4.017196178436279,,
9,73,0.3980403542518616,0.2952958345413208,0.10253031551837921,2.142085075378418,,
9,74,0.5816299319267273,0.4292255640029907,0.1520756483078003,3.2872605323791504,,
9,75,0.7487424612045288,0.5521948337554932,0.19611364603042603,4.339905738830566,,
9,76,0.46874338388442993,0.3505019247531891,0.11799474060535431,2.4671647548675537,,
9,77,0.41417571902275085,0.2920079827308655,0.12149693071842194,6.708281993865967,,
9,78,0.4774571657180786,0.35576578974723816,0.12143750488758087,2.5384645462036133,,
9,79,0.6121765375137329,0.4480319023132324,0.16312754154205322,10.17098617553711,,
9,80,0.2765459716320038,0.2003422975540161,0.07599432021379471,2.093526601791382,,
9,81,0.3458573520183563,0.25053831934928894,0.09495127201080322,3.677752733230591,,
9,82,0.4507097005844116,0.3127498924732208,0.13721993565559387,7.398627758026123,,
9,83,0.5405816435813904,0.3916229009628296,0.14865967631340027,2.990473508834839,,
9,84,0.5770889520645142,0.4058675169944763,0.17037416994571686,8.472627639770508,,
9,85,0.4414654076099396,0.30602243542671204,0.1348128616809845,6.301145076751709,,
9,86,0.29912838339805603,0.21626099944114685,0.08262138068675995,2.460085391998291,,
9,87,0.26848700642585754,0.1908663660287857,0.07739028334617615,2.3032896518707275,,
9,88,0.29993054270744324,0.21808558702468872,0.08160187304019928,2.430948495864868,,
9,89,0.633502185344696,0.4603511691093445,0.17278411984443665,3.668447256088257,,
9,90,0.6217474937438965,0.450045108795166,0.17130610346794128,3.962737560272217,,
9,91,0.3535802662372589,0.24862757325172424,0.10459952801465988,3.5315709114074707,,
9,92,0.3609668016433716,0.2512397766113281,0.1091880202293396,5.389982223510742,,
9,93,0.44684597849845886,0.3276095390319824,0.11899243295192719,2.4399147033691406,,
9,94,0.42893078923225403,0.30185407400131226,0.12647885084152222,5.978771209716797,,
9,95,0.5165503621101379,0.3717955946922302,0.1440449059009552,7.098525524139404,,
9,96,0.2762378454208374,0.20182466506958008,0.07421757280826569,1.956080436706543,,
9,97,0.5224540829658508,0.38277289271354675,0.13935871422290802,3.224832773208618,,
9,98,1.232981562614441,0.9190088510513306,0.3125284016132355,14.443095207214355,,
9,99,0.48249244689941406,0.3322121500968933,0.14934632182121277,9.339699745178223,,
9,100,0.6694121956825256,0.4829844832420349,0.18602365255355835,4.040658950805664,,
10,1,0.8174386620521545,0.5888815522193909,0.22801674902439117,5.403800010681152,,
10,2,0.8724397420883179,0.624570369720459,0.24720516800880432,6.642060279846191,,
10,3,0.7412571310997009,0.5236523151397705,0.21642135083675385,11.834636688232422,,
10,4,0.3991749882698059,0.27194929122924805,0.1264711618423462,7.545240879058838,,
10,5,0.2581039071083069,0.1834462732076645,0.07441788911819458,2.3973543643951416,,
10,6,0.7424793243408203,0.5307154655456543,0.21118703484535217,5.768256187438965,,
10,7,0.5814727544784546,0.42092758417129517,0.1601412296295166,4.03916072845459,,
10,8,0.6244089603424072,0.4575319290161133,0.16650831699371338,3.6871063709259033,,
10,9,0.377160906791687,0.27044159173965454,0.10627420991659164,4.450995445251465,,
10,10,0.5938471555709839,0.43337011337280273,0.16012509167194366,3.5195627212524414,,
10,11,1.2973815202713013,0.9531313180923462,0.3402048349380493,40.453426361083984,,
10,12,0.42085468769073486,0.2894325852394104,0.13078993558883667,6.321808815002441,,
10,13,0.4380936622619629,0.30786067247390747,0.12975072860717773,4.822699546813965,,
10,14,0.510201632976532,0.37651413679122925,0.13339757919311523,2.89941143989563,,
10,15,0.6089770793914795,0.4088638424873352,0.19892090559005737,11.923133850097656,,
10,16,0.4399173855781555,0.3017961382865906,0.1372862458229065,8.350044250488281,,
10,17,0.8267563581466675,0.555942714214325,0.26884740591049194,19.662668228149414,,
10,18,0.35516440868377686,0.2599693536758423,0.09476129710674286,4.33745813369751,,
10,19,0.3943590223789215,0.3012770414352417,0.09288759529590607,1.943934679031372,,
10,20,0.5910987257957458,0.4446460008621216,0.14612694084644318,3.2578036785125732,,
10,21,0.3356046974658966,0.2464245855808258,0.08882147073745728,3.586398124694824,,
10,22,0.5667340755462646,0.431785523891449,0.13464587926864624,3.0270044803619385,,
10,23,0.3313472867012024,0.24233786761760712,0.08865079283714294,3.58650279045105,,
10,24,0.7735682129859924,0.5953918695449829,0.17778280377388,3.9359047412872314,,
10,25,0.4201487898826599,0.3054555356502533,0.11407941579818726,6.138454914093018,,
10,26,0.92470383644104,0.7137861847877502,0.21037480235099792,5.428576946258545,,
10,27,0.7845023274421692,0.5948028564453125,0.18926934897899628,4.3013153076171875,,
10,28,0.4354884624481201,0.31428062915802,0.12067126482725143,5.365711212158203,,
10,29,0.4433046877384186,0.3142268657684326,0.1283717155456543,7.060980796813965,,
10,30,0.3645014762878418,0.2579980492591858,0.10614930093288422,3.5411107540130615,,
10,31,0.4532262086868286,0.3279331922531128,0.12483261525630951,4.603800296783447,,
10,32,0.3989894688129425,0.28558436036109924,0.11299264430999756,4.124670028686523,,
10,33,0.8191826939582825,0.6114699840545654,0.207235187292099,4.7750420570373535,,
10,34,0.6549144387245178,0.4839160442352295,0.17062950134277344,3.6890087127685547,,
10,35,0.5481567978858948,0.4059305191040039,0.14193284511566162,2.934041738510132,,
10,36,0.7208884954452515,0.5277703404426575,0.19262441992759705,4.937946796417236,,
10,37,0.5826904773712158,0.4257347583770752,0.15656936168670654,3.8632872104644775,,
10,38,0.30491524934768677,0.21430420875549316,0.09028422832489014,3.2680814266204834,,
10,39,0.35633549094200134,0.25480082631111145,0.1011299267411232,4.047456741333008,,
10,40,0.5148032307624817,0.35270580649375916,0.16110382974147797,9.936159133911133,,
10,41,0.763945460319519,0.5567853450775146,0.2066892683506012,4.7085041999816895,,
10,42,0.7022713422775269,0.5077918767929077,0.19400441646575928,4.750611305236816,,
10,43,0.49629202485084534,0.34684792160987854,0.14851169288158417,9.324230194091797,,
10,44,0.39749470353126526,0.3051702678203583,0.09202173352241516,3.0270779132843018,,
10,45,0.680387556552887,0.4827948808670044,0.19695645570755005,6.362385272979736,,
10,46,0.600208044052124,0.4490930140018463,0.15078985691070557,3.2521796226501465,,
10,47,0.7163771986961365,0.531074583530426,0.1848624348640442,4.401844024658203,,
10,48,1.6428823471069336,1.2762436866760254,0.36192840337753296,47.101707458496094,,
10,49,0.7671510577201843,0.5740799307823181,0.19263112545013428,4.399814128875732,,
10,50,0.7966098189353943,0.6063854694366455,0.18970772624015808,5.165889739990234,,
10,51,0.3922782838344574,0.281740665435791,0.10996916890144348,5.684559345245361,,
10,52,0.6567156910896301,0.4359232485294342,0.21941053867340088,13.819441795349121,,
10,53,0.47115713357925415,0.3876091241836548,0.08325479924678802,2.9319803714752197,,
10,54,0.7858647704124451,0.5589207410812378,0.2263011932373047,6.428264141082764,,
10,55,0.3163056969642639,0.2424132078886032,0.07356589287519455,3.266157627105713,,
10,56,0.4280579090118408,0.3184230923652649,0.10912644863128662,5.083532810211182,,
10,57,0.3437826633453369,0.2863747179508209,0.057234786450862885,1.7315775156021118,,
10,58,0.6196495294570923,0.45150160789489746,0.16762539744377136,5.22477388381958,,
10,59,0.7486873269081116,0.5535555481910706,0.19468063116073608,4.511589050292969,,
10,60,0.6340665221214294,0.4894030690193176,0.14433500170707703,3.2850303649902344,,
10,61,0.42517945170402527,0.30583369731903076,0.11877931654453278,5.664660453796387,,
10,62,0.523342490196228,0.40447068214416504,0.11860205233097076,2.697685480117798,,
10,63,0.3220168650150299,0.2668478786945343,0.05498185381293297,1.8712208271026611,,
10,64,0.4812082350254059,0.3346709907054901,0.14567525684833527,8.619746208190918,,
10,65,0.34832775592803955,0.2665758728981018,0.08140629529953003,3.455947160720825,,
10,66,0.4845576584339142,0.3217144310474396,0.16194483637809753,8.983896255493164,,
10,67,0.5217295289039612,0.43611443042755127,0.08543553948402405,1.7961580753326416,,
10,68,0.40925487875938416,0.3152068257331848,0.09354839473962784,4.996520519256592,,
10,69,0.335014283657074,0.25644347071647644,0.07831913232803345,2.516923189163208,,
10,70,0.7343012690544128,0.5782263278961182,0.15573421120643616,3.4076271057128906,,
10,71,0.5672175288200378,0.4594104290008545,0.10757074505090714,2.3632514476776123,,
10,72,0.5727025270462036,0.4445871412754059,0.12782230973243713,2.931021213531494,,
10,73,0.5739173293113708,0.3840855360031128,0.18883724510669708,9.945505142211914,,
10,74,0.5559120178222656,0.3850563168525696,0.17001423239707947,8.41511344909668,,
10,75,0.4936129152774811,0.36788660287857056,0.12511664628982544,6.096602916717529,,
10,76,0.649266242980957,0.49165472388267517,0.157112717628479,4.987825870513916,,
10,77,0.7290045619010925,0.5562587976455688,0.17236927151679993,3.7651405334472656,,
10,78,0.5475972890853882,0.42424917221069336,0.12307508289813995,2.730775833129883,,
10,79,0.46954426169395447,0.33127057552337646,0.13742858171463013,8.45117473602295,,
10,80,0.5318490862846375,0.40286433696746826,0.12872372567653656,2.610046625137329,,
10,81,0.8423032760620117,0.6225408911705017,0.2192520797252655,5.103534698486328,,
10,82,0.4457543194293976,0.3194732367992401,0.12583990395069122,4.411709785461426,,
10,83,0.4553567171096802,0.34677839279174805,0.10836044698953629,2.1787028312683105,,
10,84,0.5343040227890015,0.40156349539756775,0.13244950771331787,2.9097671508789062,,
10,85,0.8293179273605347,0.6106672286987305,0.21810275316238403,5.479660987854004,,
10,86,0.48096761107444763,0.3326178193092346,0.1474129855632782,9.368127822875977,,
10,87,0.2977375388145447,0.22223109006881714,0.07525891065597534,2.4752614498138428,,
10,88,0.7895818948745728,0.585651159286499,0.2034183293581009,5.12443208694458,,
10,89,0.4259800612926483,0.30421286821365356,0.12127416580915451,4.930266380310059,,
10,90,0.29798850417137146,0.2185792326927185,0.07912972569465637,2.79556941986084,,
10,91,0.7787640690803528,0.5639638304710388,0.214180588722229,6.196466445922852,,
10,92,0.8374419808387756,0.6139513850212097,0.22297805547714233,5.125229358673096,,
10,93,0.6813722252845764,0.4798908829689026,0.20082920789718628,6.521461486816406,,
10,94,0.5909791588783264,0.4267628788948059,0.16387253999710083,3.4371039867401123,,
10,95,0.6600443124771118,0.47708040475845337,0.18257178366184235,3.9214398860931396,,
10,96,0.37687763571739197,0.2623136341571808,0.1141064316034317,4.575554370880127,,
10,97,0.3191956877708435,0.21969233453273773,0.09913497418165207,3.683852434158325,,
10,98,0.6032593250274658,0.42854994535446167,0.1743309199810028,3.7846155166625977,,
10,99,0.3256152868270874,0.2222464680671692,0.10297146439552307,3.973400354385376,,
10,100,0.5935912132263184,0.4251720905303955,0.16806110739707947,3.5798115730285645,,
11,1,0.6557164192199707,0.4668077826499939,0.18844355642795563,4.650973320007324,,
11,2,0.4145781993865967,0.2817750573158264,0.13220977783203125,5.933572769165039,,
11,3,0.4350946545600891,0.2986406981945038,0.1358124315738678,6.415187835693359,,
11,4,0.3804721236228943,0.2701917588710785,0.1098112091422081,4.691351413726807,,
11,5,0.4589153230190277,0.3128320574760437,0.14526581764221191,8.174549102783203,,
11,6,0.8005946278572083,0.5892441272735596,0.21086274087429047,4.877446174621582,,
11,7,0.4552534222602844,0.3153863549232483,0.13912294805049896,7.4409003257751465,,
11,8,0.3870594799518585,0.26996949315071106,0.11648177355527878,6.082027435302734,,
11,9,0.8043246269226074,0.5921691060066223,0.21157562732696533,5.799045085906982,,
11,10,0.2841818332672119,0.20009106397628784,0.08380792289972305,2.828524351119995,,
11,11,0.6342619061470032,0.45994833111763,0.17391011118888855,4.034926891326904,,
11,12,0.5226507782936096,0.3776209354400635,0.1447248011827469,3.0507476329803467,,
11,13,0.6281231641769409,0.45410728454589844,0.17360326647758484,4.125859260559082,,
11,14,0.2980721592903137,0.2115723192691803,0.08617455512285233,3.2530102729797363,,
11,15,0.5780943632125854,0.41630247235298157,0.16142721474170685,3.6466727256774902,,
11,16,0.41362714767456055,0.2872122526168823,0.1258624941110611,5.524063587188721,,
11,17,0.2722809314727783,0.18944379687309265,0.08258795738220215,2.4916343688964844,,
11,18,0.4510525166988373,0.31079795956611633,0.13960865139961243,6.459194660186768,,
11,19,0.575722336769104,0.42335060238838196,0.15203461050987244,3.3710947036743164,,
11,20,0.7196227312088013,0.5286461114883423,0.19055476784706116,4.218534469604492,,
11,21,0.8879322409629822,0.6633783578872681,0.22398114204406738,5.727122783660889,,
11,22,0.48832911252975464,0.35785579681396484,0.13020059466362,2.727198600769043,,
11,23,0.3557548522949219,0.25132298469543457,0.10394488275051117,4.869589328765869,,
11,24,0.5472328662872314,0.3974299728870392,0.1491364985704422,6.663990020751953,,
11,25,0.5888980627059937,0.4352513551712036,0.15332190692424774,3.2475719451904297,,
11,26,0.684238612651825,0.4811517000198364,0.20139460265636444,16.922998428344727,,
11,27,0.6870083808898926,0.4792632460594177,0.20590341091156006,18.4173526763916,,
11,28,0.4425762891769409,0.31941741704940796,0.12259010970592499,5.6875901222229,,
11,29,0.2967201769351959,0.21353189647197723,0.08294439315795898,2.4386489391326904,,
11,30,0.7534635066986084,0.5518894195556641,0.2011255919933319,4.4849019050598145,,
11,31,0.5692229866981506,0.41238659620285034,0.15647992491722107,3.565138101577759,,
11,32,0.6111605167388916,0.43021389842033386,0.17970764636993408,12.389679908752441,,
11,33,0.5748245716094971,0.3939395546913147,0.1799221783876419,9.62870979309082,,
11,34,0.4436967670917511,0.3049685060977936,0.13802435994148254,7.038993835449219,,
11,35,0.5822896957397461,0.413971483707428,0.16792264580726624,3.9553093910217285,,
11,36,0.4720918834209442,0.32101672887802124,0.15009304881095886,9.821151733398438,,
11,37,0.6003885865211487,0.4281526505947113,0.1718372404575348,3.9871251583099365,,
11,38,0.5077004432678223,0.36268407106399536,0.14471054077148438,3.0584473609924316,,
11,39,0.2896728217601776,0.20041751861572266,0.0889575183391571,2.977786064147949,,
11,40,0.4047591984272003,0.2835160493850708,0.12071505188941956,5.28109884262085,,
11,41,0.6202057003974915,0.45071500539779663,0.16910596191883087,3.8473212718963623,,
11,42,0.8927946090698242,0.6556638479232788,0.2365393042564392,5.914342403411865,,
11,43,0.43847718834877014,0.3128969073295593,0.12499868124723434,5.815916538238525,,
11,44,0.5286757349967957,0.38207370042800903,0.14596040546894073,6.416675567626953,,
11,45,0.34821999073028564,0.24961420893669128,0.09827691316604614,3.2887589931488037,,
11,46,0.47536107897758484,0.3482469320297241,0.12684936821460724,2.6479604244232178,,
11,47,0.26525387167930603,0.19018742442131042,0.07484222203493118,2.2422232627868652,,
11,48,0.8087003827095032,0.597602903842926,0.21046984195709229,6.276188373565674,,
11,49,0.419808030128479,0.29871463775634766,0.12068364024162292,4.097482681274414,,
11,50,0.3840543329715729,0.2761218845844269,0.10745152831077576,4.809244155883789,,
11,51,0.5162767171859741,0.3737879991531372,0.14175529778003693,7.334096431732178,,
11,52,0.5421612858772278,0.3957475423812866,0.14611920714378357,2.944951057434082,,
11,53,0.634955108165741,0.46079498529434204,0.17375463247299194,4.055080890655518,,
11,54,0.6211821436882019,0.45082247257232666,0.16998761892318726,3.72068190574646,,
11,55,0.8300290107727051,0.6126494407653809,0.21684902906417847,5.305363655090332,,
11,56,0.2838767468929291,0.20549282431602478,0.07814507186412811,2.388585090637207,,
11,57,0.5734313726425171,0.421998530626297,0.151087686419487,3.4518723487854004,,
11,58,0.7863340377807617,0.5782507658004761,0.2075527310371399,5.305298328399658,,
11,59,0.7554901838302612,0.5519593954086304,0.2030719816684723,4.588152885437012,,
11,60,0.3691520690917969,0.2666226625442505,0.10208435356616974,4.450654029846191,,
11,61,0.7057890295982361,0.5123690366744995,0.19298629462718964,4.336976528167725,,
11,62,0.37944459915161133,0.2785712778568268,0.10066494345664978,2.0837042331695557,,
11,63,0.7661620378494263,0.5574723482131958,0.20814678072929382,5.42905330657959,,
11,64,0.45591771602630615,0.31760159134864807,0.13770845532417297,6.076696872711182,,
11,65,0.3299238383769989,0.23936904966831207,0.09026987850666046,2.849133253097534,,
11,66,0.5281776189804077,0.38344627618789673,0.1441161334514618,6.15219259262085,,
11,67,0.4847010672092438,0.32258549332618713,0.1612052321434021,9.103487968444824,,
11,68,0.48519131541252136,0.33268535137176514,0.15178705751895905,7.1893229484558105,,
11,69,0.42520514130592346,0.29654407501220703,0.128204345703125,4.567190170288086,,
11,70,0.6810190677642822,0.48838484287261963,0.19221630692481995,4.179287433624268,,
11,71,0.3494906723499298,0.24638938903808594,0.10257470607757568,5.265820503234863,,
11,72,0.6140294075012207,0.4403819441795349,0.1732388287782669,4.086466312408447,,
11,73,0.45831215381622314,0.31445783376693726,0.14311708509922028,7.372377872467041,,
11,74,0.4274957478046417,0.29900145530700684,0.12803372740745544,4.605526924133301,,
11,75,0.4262048900127411,0.2923285961151123,0.13320983946323395,6.664616107940674,,
11,76,0.6315993070602417,0.45916128158569336,0.17152772843837738,9.102560043334961,,
11,77,0.6959004998207092,0.5080549716949463,0.1874321848154068,4.133703708648682,,
11,78,0.29383936524391174,0.21545283496379852,0.0780988484621048,2.8769049644470215,,
11,79,0.5263040065765381,0.37807831168174744,0.14756304025650024,6.626873016357422,,
11,80,0.42744359374046326,0.29791027307510376,0.12879371643066406,7.396154403686523,,
11,81,0.5114964246749878,0.35825249552726746,0.1525082290172577,7.3571672439575195,,
11,82,0.44639113545417786,0.3297867178916931,0.11636798828840256,2.3643369674682617,,
11,83,0.8181679248809814,0.6041939854621887,0.2134837955236435,4.90141487121582,,
11,84,0.5926340222358704,0.4315032660961151,0.1607832908630371,3.474557638168335,,
11,85,0.6843783259391785,0.498567670583725,0.18540267646312714,4.080101490020752,,
11,86,0.6626235842704773,0.45647695660591125,0.20460264384746552,15.44018268585205,,
11,87,0.3853512406349182,0.2784580588340759,0.10647296905517578,4.202098369598389,,
11,88,0.5427577495574951,0.39224931597709656,0.15017414093017578,3.342867136001587,,
11,89,0.6400880217552185,0.46449726819992065,0.17521601915359497,3.7475085258483887,,
11,90,0.45587486028671265,0.3182506561279297,0.1369350254535675,6.891785621643066,,
11,91,0.25364628434181213,0.18208205699920654,0.07134883850812912,2.153944253921509,,
11,92,0.72984379529953,0.531036376953125,0.19836603105068207,4.413933277130127,,
11,93,0.3483445942401886,0.24849146604537964,0.09950578957796097,3.4735910892486572,,
11,94,0.587738573551178,0.42134636640548706,0.16602888703346252,3.6329293251037598,,
11,95,0.4155086576938629,0.2864580750465393,0.12833350896835327,7.170860290527344,,
11,96,0.2708772122859955,0.1933232545852661,0.07731424272060394,2.3969838619232178,,
11,97,0.5136784315109253,0.35343796014785767,0.1595100313425064,7.304436206817627,,
11,98,0.3138800263404846,0.2199012041091919,0.09362545609474182,3.5337936878204346,,
11,99,0.33325597643852234,0.23119628429412842,0.10165774077177048,4.019406318664551,,
11,100,0.5091306567192078,0.3504651188850403,0.15792390704154968,7.4166340827941895,,
12,1,0.7273430228233337,0.5143460035324097,0.21184860169887543,11.483874320983887,,
12,2,0.4268912374973297,0.2965583801269531,0.12964504957199097,6.878012657165527,,
12,3,0.35596519708633423,0.24551181495189667,0.10990538448095322,5.48007345199585,,
12,4,0.5104522705078125,0.36764198541641235,0.1424996256828308,3.1064717769622803,,
12,5,0.4689174294471741,0.31835123896598816,0.14967034757137299,8.958725929260254,,
12,6,0.5698983669281006,0.40835708379745483,0.16116750240325928,3.737685441970825,,
12,7,0.7081345915794373,0.5081647634506226,0.19950087368488312,4.689969062805176,,
12,8,0.5769363045692444,0.4180351197719574,0.1585046648979187,3.9656386375427246,,
12,9,0.5715701580047607,0.40043145418167114,0.17019394040107727,9.447379112243652,,
12,10,0.8553600311279297,0.6142551898956299,0.24006786942481995,10.370214462280273,,
12,11,0.5806447863578796,0.4172123670578003,0.16307517886161804,3.57232928276062,,
12,12,0.4552081227302551,0.32057392597198486,0.13403260707855225,6.015780925750732,,
12,13,0.49856406450271606,0.3582662045955658,0.1399974822998047,3.0038180351257324,,
12,14,0.422637939453125,0.28836894035339355,0.1336587518453598,6.102230072021484,,
12,15,0.4064294993877411,0.2780282497406006,0.12763357162475586,7.676637172698975,,
12,16,0.2990604639053345,0.20742467045783997,0.09126713126897812,3.686605930328369,,
12,17,0.5144839882850647,0.37098217010498047,0.14320793747901917,2.9389123916625977,,
12,18,0.7476769685745239,0.5424906015396118,0.20471802353858948,4.683590412139893,,
12,19,0.764478862285614,0.5567799210548401,0.2072272002696991,4.717452049255371,,
12,20,0.2972438633441925,0.21735957264900208,0.07964712381362915,2.3717920780181885,,
12,21,0.3903992772102356,0.28416842222213745,0.10601045191287994,2.2041540145874023,,
12,22,0.5164238214492798,0.36230751872062683,0.15342923998832703,6.870540618896484,,
12,23,0.7376534342765808,0.5379701256752014,0.19925019145011902,4.331322193145752,,
12,24,0.5730041861534119,0.41250449419021606,0.16015031933784485,3.4935731887817383,,
12,25,0.6777883768081665,0.4872809946537018,0.19001269340515137,4.9474663734436035,,
12,26,0.5375997424125671,0.3892500102519989,0.14805136620998383,2.983652114868164,,
12,27,0.27022087574005127,0.1956196129322052,0.07438911497592926,2.121398687362671,,
12,28,0.6951398849487305,0.4987027049064636,0.19600561261177063,4.315293788909912,,
12,29,0.5377601385116577,0.3728428781032562,0.16358542442321777,13.317878723144531,,
12,30,0.3287505805492401,0.23371343314647675,0.09473416209220886,3.029961347579956,,
12,31,0.4047160744667053,0.27551859617233276,0.12865501642227173,5.424633026123047,,
12,32,0.2702183425426483,0.19424068927764893,0.07576747238636017,2.1018617153167725,,
12,33,0.4295578896999359,0.2930612564086914,0.13584858179092407,6.480424880981445,,
12,34,0.4326246976852417,0.29748719930648804,0.13466863334178925,4.688588619232178,,
12,35,0.5566035509109497,0.39688920974731445,0.159354567527771,3.597667932510376,,
12,36,0.3416712284088135,0.24139824509620667,0.09992848336696625,3.445213556289673,,
12,37,0.58985835313797,0.42622849345207214,0.16324378550052643,3.860442638397217,,
12,38,0.5345756411552429,0.3856736421585083,0.14857450127601624,3.275461435317993,,
12,39,0.5256767868995667,0.34457069635391235,0.18012121319770813,9.848264694213867,,
12,40,0.7015132904052734,0.508315920829773,0.19277659058570862,4.208223819732666,,
12,41,0.8666186332702637,0.6330139636993408,0.23304060101509094,5.64091682434082,,
12,42,0.37218114733695984,0.26684170961380005,0.10493779182434082,4.016517162322998,,
12,43,0.5357351899147034,0.3899035155773163,0.14552751183509827,3.041618585586548,,
12,44,0.2979719340801239,0.21885128319263458,0.07883714139461517,2.8350229263305664,,
12,45,0.539030134677887,0.39484894275665283,0.14386966824531555,3.115734100341797,,
12,46,0.681623637676239,0.4941519796848297,0.18706700205802917,4.046562671661377,,
12,47,0.4009378254413605,0.29246553778648376,0.10824774205684662,2.2456729412078857,,
12,48,0.5542182922363281,0.3968013525009155,0.15708523988723755,3.3167169094085693,,
12,49,0.39956405758857727,0.2892865836620331,0.11004887521266937,2.2860398292541504,,
12,50,0.7422358393669128,0.5364647507667542,0.20533770322799683,4.333678245544434,,
12,51,0.529532790184021,0.3793371319770813,0.14988484978675842,3.107713222503662,,
12,52,0.7932308316230774,0.5754388570785522,0.21729889512062073,4.9313530921936035,,
12,53,0.5008693933486938,0.36099863052368164,0.13958466053009033,2.8610692024230957,,
12,54,0.5694738030433655,0.40254247188568115,0.16564449667930603,12.86801528930664,,
12,55,0.5524320602416992,0.393833190202713,0.15825600922107697,3.4282541275024414,,
12,56,0.3781433701515198,0.27048540115356445,0.10744116455316544,2.1680805683135986,,
12,57,0.2583681643009186,0.18334245681762695,0.07480708509683609,2.1862146854400635,,
12,58,0.36177200078964233,0.2525233328342438,0.10884034633636475,4.083340167999268,,
12,59,0.5602744221687317,0.3939441740512848,0.16597232222557068,3.5793569087982178,,
12,60,0.3284892737865448,0.23246124386787415,0.09574095904827118,2.8709170818328857,,
12,61,0.44307947158813477,0.29839712381362915,0.14382904767990112,8.533024787902832,,
12,62,0.4141649007797241,0.27933958172798157,0.1342460811138153,5.792359352111816,,
12,63,0.6089041233062744,0.4313185214996338,0.17717398703098297,4.116011619567871,,
12,64,0.286939412355423,0.20345979928970337,0.08321158587932587,2.6799838542938232,,
12,65,0.3452146649360657,0.2375202178955078,0.10718046128749847,5.139784812927246,,
12,66,0.5036538243293762,0.3434249758720398,0.15953677892684937,6.920833587646484,,
12,67,0.7785986661911011,0.5565590858459473,0.2215215414762497,5.180416107177734,,
12,68,0.36482375860214233,0.2565177083015442,0.10790310800075531,4.029322624206543,,
12,69,0.659112811088562,0.47043317556381226,0.18821454048156738,4.651066780090332,,
12,70,0.42768463492393494,0.2912682592868805,0.1357513815164566,6.649825572967529,,
12,71,0.2798403799533844,0.199034184217453,0.08055431395769119,2.5189690589904785,,
12,72,0.33458372950553894,0.23781707882881165,0.09645799547433853,3.086609125137329,,
12,73,0.28554296493530273,0.2039736658334732,0.08126598596572876,3.0333449840545654,,
12,74,0.481510728597641,0.3494350016117096,0.13179197907447815,2.837444543838501,,
12,75,0.3908091187477112,0.28285059332847595,0.1077389270067215,2.1958420276641846,,
12,76,0.7473351359367371,0.5438041687011719,0.20310039818286896,4.305654525756836,,
12,77,0.5721985697746277,0.39747828245162964,0.17381319403648376,9.071166038513184,,
12,78,0.6236006617546082,0.4464413821697235,0.1766320914030075,5.272287845611572,,
12,79,0.5572315454483032,0.4001697599887848,0.15637192130088806,6.898508548736572,,
12,80,0.34166058897972107,0.23637092113494873,0.10480138659477234,4.8827409744262695,,
12,81,0.7829647064208984,0.5592182874679565,0.2231174260377884,6.289966106414795,,
12,82,0.6767828464508057,0.46158844232559204,0.2136346399784088,15.597113609313965,,
12,83,0.8092606663703918,0.5783199071884155,0.23041358590126038,5.27211856842041,,
12,84,0.39904019236564636,0.28590309619903564,0.112903892993927,2.331934690475464,,
12,85,0.5753878355026245,0.4071582853794098,0.1678367704153061,3.9277827739715576,,
12,86,0.4379100501537323,0.3143916726112366,0.12326684594154358,2.51543927192688,,
12,87,0.2920573651790619,0.20373129844665527,0.08798346668481827,3.425931215286255,,
12,88,0.7855927348136902,0.5525245666503906,0.2323785275220871,6.896372318267822,,
12,89,0.2777099013328552,0.19668927788734436,0.08077041804790497,2.5021984577178955,,
12,90,0.46202147006988525,0.3109681010246277,0.1502685844898224,7.847846984863281,,
12,91,0.4515743553638458,0.3014245629310608,0.1494404822587967,7.093392848968506,,
12,92,0.5807368755340576,0.3946799039840698,0.18509791791439056,9.59031867980957,,
12,93,0.45505285263061523,0.3069196343421936,0.14744652807712555,6.867131233215332,,
12,94,0.825255811214447,0.600398063659668,0.22434484958648682,5.128684997558594,,
12,95,0.612146258354187,0.43984994292259216,0.1719110608100891,3.8528544902801514,,
12,96,0.6378403902053833,0.4640946686267853,0.17338280379772186,3.6292669773101807,,
12,97,0.6288779377937317,0.45673537254333496,0.17174497246742249,3.9760208129882812,,
12,98,0.36924052238464355,0.2654455900192261,0.10339970886707306,3.9524147510528564,,
12,99,0.6759577989578247,0.49114489555358887,0.18440814316272736,4.04791259765625,,
12,100,0.8275368809700012,0.6029597520828247,0.22404134273529053,5.358137130737305,,
13,1,0.25599268078804016,0.1869165599346161,0.06887057423591614,2.055413246154785,,
13,2,0.8256909847259521,0.6028900146484375,0.2222939133644104,5.070857048034668,,
13,3,0.3264122009277344,0.23389914631843567,0.09220993518829346,3.0311765670776367,,
13,4,0.6373897790908813,0.4610338807106018,0.17598718404769897,3.686877489089966,,
13,5,0.4925968647003174,0.33504441380500793,0.1566859781742096,8.664749145507812,,
13,6,0.26954028010368347,0.19719401001930237,0.07215110957622528,1.951714277267456,,
13,7,0.7233167886734009,0.5139548778533936,0.20880374312400818,5.581444263458252,,
13,8,0.6144157648086548,0.44267863035202026,0.17135019600391388,3.869368553161621,,
13,9,0.7642838954925537,0.5527786016464233,0.21104924380779266,4.560151100158691,,
13,10,0.5123122334480286,0.370985746383667,0.14103436470031738,2.9213829040527344,,
13,11,0.3614204525947571,0.2587693929672241,0.10226287692785263,3.8816072940826416,,
13,12,0.6169360876083374,0.44435617327690125,0.172185480594635,3.9443423748016357,,
13,13,0.467695415019989,0.31860095262527466,0.14822354912757874,8.709005355834961,,
13,14,0.8137109279632568,0.5912963151931763,0.22191287577152252,5.017787933349609,,
13,15,0.28210195899009705,0.20627549290657043,0.07559549808502197,2.309823513031006,,
13,16,0.2754382789134979,0.20104171335697174,0.07417970895767212,2.1685950756073,,
13,17,0.40235432982444763,0.27434900403022766,0.12746094167232513,5.443888187408447,,
13,18,0.44859689474105835,0.3086090683937073,0.13929876685142517,6.890568733215332,,
13,19,0.3333588242530823,0.23475956916809082,0.09827469289302826,3.245455265045166,,
13,20,0.28923264145851135,0.2031179666519165,0.08580493927001953,3.0974318981170654,,
13,21,0.35492825508117676,0.25099384784698486,0.10355894267559052,3.754495143890381,,
13,22,0.43315380811691284,0.3020365834236145,0.13064247369766235,4.747623920440674,,
13,23,0.677056074142456,0.48525893688201904,0.19138595461845398,4.11157751083374,,
13,24,0.8279078602790833,0.5980685949325562,0.22926360368728638,5.756779670715332,,
13,25,0.4675833582878113,0.3356669545173645,0.13164494931697845,2.714359998703003,,
13,26,0.617027223110199,0.4380560517311096,0.17857004702091217,4.011612892150879,,
13,27,0.8255054950714111,0.5243541598320007,0.29862701892852783,25.24312973022461,,
13,28,0.27546748518943787,0.19496065378189087,0.08028356730937958,2.232569694519043,,
13,29,0.2515551745891571,0.17615178227424622,0.07518813014030457,2.1526927947998047,,
13,30,0.6562150120735168,0.46157029271125793,0.19328463077545166,13.601149559020996,,
13,31,0.4262760579586029,0.2938302755355835,0.13173799216747284,7.0778398513793945,,
13,32,0.7537128329277039,0.5561147928237915,0.197169691324234,4.283867835998535,,
13,33,0.410076767206192,0.2965918183326721,0.11310966312885284,3.7530229091644287,,
13,34,0.3109944760799408,0.22757267951965332,0.0831817239522934,2.400447130203247,,
13,35,0.29967695474624634,0.21688738465309143,0.08255252242088318,2.3704841136932373,,
13,36,0.852078378200531,0.6347686052322388,0.21679510176181793,5.146993637084961,,
13,37,0.2619992196559906,0.18249034881591797,0.0792655199766159,2.433450937271118,,
13,38,0.5563242435455322,0.392757773399353,0.16270090639591217,8.65576171875,,
13,39,0.45838916301727295,0.31742265820503235,0.14027796685695648,6.885410785675049,,
13,40,0.2713806629180908,0.19164606928825378,0.0795259177684784,2.086707353591919,,
13,41,0.6410300731658936,0.46021193265914917,0.1804317831993103,3.863656997680664,,
13,42,0.40400224924087524,0.27578771114349365,0.12766863405704498,5.459288120269775,,
13,43,0.3898015022277832,0.26606523990631104,0.12306883931159973,6.674182891845703,,
13,44,0.3529367446899414,0.25427567958831787,0.0983508974313736,3.1019487380981445,,
13,45,0.2959228754043579,0.21315734088420868,0.0825306624174118,2.348653793334961,,
13,46,0.34768205881118774,0.23926806449890137,0.10790209472179413,5.118823528289795,,
13,47,0.44087544083595276,0.3118361830711365,0.1284606009721756,5.786834239959717,,
13,48,0.43407824635505676,0.310055136680603,0.12357604503631592,4.470593452453613,,
13,49,0.691360592842102,0.51029372215271,0.1806669533252716,3.999255657196045,,
13,50,0.8320703506469727,0.613268256187439,0.21826517581939697,5.3692779541015625,,
13,51,0.6404009461402893,0.4706689119338989,0.16937115788459778,3.6093318462371826,,
13,52,0.557100772857666,0.40872621536254883,0.14803354442119598,3.4102590084075928,,
13,53,0.42926591634750366,0.2971642017364502,0.13136570155620575,7.3598856925964355,,
13,54,0.38869261741638184,0.27136456966400146,0.11670273542404175,6.253010272979736,,
13,55,0.8516358733177185,0.6147633194923401,0.23628464341163635,5.878572940826416,,
13,56,0.48182931542396545,0.34122979640960693,0.13998910784721375,6.104249954223633,,
13,57,0.4889976680278778,0.3329991102218628,0.1552933156490326,7.052463531494141,,
13,58,0.39193999767303467,0.2863585650920868,0.10536152869462967,2.199150800704956,,
13,59,0.7166405916213989,0.5116347074508667,0.20456373691558838,4.421432971954346,,
13,60,0.5765969753265381,0.4118219316005707,0.16441430151462555,3.6072192192077637,,
13,61,0.657919704914093,0.472079336643219,0.1854424774646759,3.978501558303833,,
13,62,0.45326149463653564,0.3091620206832886,0.14333206415176392,7.674132823944092,,
13,63,0.43409594893455505,0.29959797859191895,0.13380275666713715,6.951915740966797,,
13,64,0.2964107096195221,0.22018827497959137,0.07592883706092834,2.935950994491577,,
13,65,0.2652533948421478,0.19607892632484436,0.06899482011795044,1.7964919805526733,,
13,66,0.399506151676178,0.27618125081062317,0.12281201034784317,5.128849506378174,,
13,67,0.46784648299217224,0.308330237865448,0.15858396887779236,9.322813034057617,,
13,68,0.43011724948883057,0.29995977878570557,0.12954410910606384,6.133479595184326,,
13,69,0.6114525198936462,0.4237810969352722,0.18635088205337524,13.205597877502441,,
13,70,0.7524280548095703,0.5429403781890869,0.20904237031936646,4.453141689300537,,
13,71,1.176295280456543,0.8501377105712891,0.3244633376598358,16.942594528198242,,
13,72,0.5860318541526794,0.3810543417930603,0.2034321427345276,15.453686714172363,,
13,73,0.3180849850177765,0.22093001008033752,0.09678488969802856,3.700810670852661,,
13,74,0.4559739828109741,0.3066812753677368,0.1483784317970276,9.142851829528809,,
13,75,0.4497484564781189,0.3245247006416321,0.12496789544820786,2.5586655139923096,,
13,76,0.736993134021759,0.5269354581832886,0.2095794975757599,4.782127380371094,,
13,77,0.49106234312057495,0.34183478355407715,0.14853830635547638,6.892758369445801,,
13,78,0.5610398054122925,0.40561604499816895,0.15508359670639038,3.4014639854431152,,
13,79,0.6296874284744263,0.4512217342853546,0.1780436933040619,4.219812393188477,,
13,80,0.6745840907096863,0.47749316692352295,0.19644828140735626,6.426620006561279,,
13,81,0.5312703847885132,0.3838965892791748,0.14704355597496033,3.301931858062744,,
13,82,0.6964142918586731,0.500095009803772,0.1958724409341812,4.468645095825195,,
13,83,0.26665812730789185,0.19352468848228455,0.07294441759586334,1.8899391889572144,,
13,84,0.27639710903167725,0.20023711025714874,0.07594045251607895,2.195611000061035,,
13,85,0.2652950584888458,0.19189831614494324,0.07315568625926971,2.4106225967407227,,
13,86,0.4068729877471924,0.2860008478164673,0.12044192850589752,4.302348613739014,,
13,87,0.2967202365398407,0.21263426542282104,0.08383345603942871,2.525047779083252,,
13,88,0.44585782289505005,0.3070475459098816,0.13795848190784454,8.5181245803833,,
13,89,0.6531904339790344,0.44847390055656433,0.20294339954853058,17.73098373413086,,
13,90,0.4160813093185425,0.2914167046546936,0.12421312183141708,4.514880657196045,,
13,91,0.536523699760437,0.3814224302768707,0.1547842025756836,3.1711981296539307,,
13,92,0.34368404746055603,0.23519331216812134,0.10791963338851929,5.710986614227295,,
13,93,0.4882866442203522,0.34886568784713745,0.13912394642829895,2.9701480865478516,,
13,94,0.44091448187828064,0.31383562088012695,0.12658917903900146,4.896849155426025,,
13,95,0.3692893385887146,0.2632208466529846,0.10585329681634903,2.1521730422973633,,
13,96,0.3150489628314972,0.21764211356639862,0.09702415019273758,3.8270280361175537,,
13,97,0.2755792438983917,0.19566622376441956,0.07967018336057663,2.4283559322357178,,
13,98,0.406277596950531,0.2848537564277649,0.12086188048124313,5.619536876678467,,
13,99,0.40214911103248596,0.2843928039073944,0.1173332929611206,4.2300124168396,,
13,100,0.7790762186050415,0.5691155195236206,0.20941542088985443,5.452388286590576,,
14,1,0.8111814260482788,0.5881587862968445,0.2225174605846405,5.052103519439697,,
14,2,0.49193376302719116,0.3525964617729187,0.13903610408306122,3.0118191242218018,,
14,3,0.4495181441307068,0.30866849422454834,0.14024683833122253,6.028083324432373,,
14,4,0.33126893639564514,0.23236925899982452,0.09856586158275604,3.338109016418457,,
14,5,0.8094149231910706,0.5833116173744202,0.22558334469795227,5.199400424957275,,
14,6,0.5814083218574524,0.40762290358543396,0.17269740998744965,10.880006790161133,,
14,7,0.4092443883419037,0.28127408027648926,0.12737788259983063,5.924351692199707,,
14,8,0.4975426197052002,0.3534013032913208,0.14383023977279663,3.110718011856079,,
14,9,0.3150976002216339,0.21589097380638123,0.0988195538520813,3.87085223197937,,
14,10,0.6117112040519714,0.4288202226161957,0.1824922114610672,3.9873762130737305,,
14,11,0.5918927788734436,0.42194223403930664,0.1695891171693802,3.614159107208252,,
14,12,0.5104851722717285,0.3646337687969208,0.1455184370279312,3.3292272090911865,,
14,13,0.4087510108947754,0.2750392556190491,0.13291949033737183,7.922688961029053,,
14,14,0.2659277021884918,0.19021284580230713,0.07551920413970947,1.9565013647079468,,
14,15,0.5354196429252625,0.37229123711586,0.1618126928806305,13.15720272064209,,
14,16,0.6317799091339111,0.4546891152858734,0.1767088621854782,3.819446563720703,,
14,17,0.4997638463973999,0.34414613246917725,0.15491175651550293,7.059664249420166,,
14,18,0.4472479224205017,0.31248414516448975,0.1342259645462036,5.378173828125,,
14,19,0.5406392216682434,0.36623525619506836,0.17349915206432343,9.04823112487793,,
14,20,0.34855175018310547,0.2487657368183136,0.09938690066337585,3.9909892082214355,,
14,21,0.5119730234146118,0.3501483201980591,0.16109471023082733,7.299644947052002,,
14,22,0.3727114498615265,0.25184863805770874,0.12015824764966965,7.045528411865234,,
14,23,0.8183580040931702,0.5823179483413696,0.23549064993858337,5.493648529052734,,
14,24,0.37262842059135437,0.26691707968711853,0.10549663007259369,2.147193193435669,,
14,25,0.4725348651409149,0.34424668550491333,0.12762682139873505,6.613540172576904,,
14,26,0.3336601257324219,0.23543575406074524,0.09784378111362457,3.805790901184082,,
14,27,0.8153573274612427,0.5802874565124512,0.2345297634601593,5.401413917541504,,
14,28,0.8249600529670715,0.5914603471755981,0.23290523886680603,5.944561004638672,,
14,29,0.3672122657299042,0.27028730511665344,0.09672728925943375,1.9769138097763062,,
14,30,0.760228157043457,0.5455225706100464,0.21420934796333313,4.962710857391357,,
14,31,0.4971628189086914,0.36584073305130005,0.1310402899980545,2.8181984424591064,,
14,32,0.7842023968696594,0.5609602928161621,0.2226085364818573,6.335207462310791,,
14,33,0.6334236264228821,0.4614216387271881,0.17163138091564178,3.706505060195923,,
14,34,0.4447835087776184,0.3022473454475403,0.1417507827281952,7.8538408279418945,,
14,35,0.5489347577095032,0.39848577976226807,0.15012016892433167,3.2886345386505127,,
14,36,0.362093985080719,0.26044946908950806,0.10125618427991867,3.883267879486084,,
14,37,0.35078054666519165,0.25227975845336914,0.09817992150783539,3.208524465560913,,
14,38,0.6712852120399475,0.4765084385871887,0.19429677724838257,4.799733638763428,,
14,39,0.572055459022522,0.40690940618515015,0.1647559106349945,3.9017577171325684,,
14,40,0.8236892819404602,0.579352855682373,0.24377888441085815,5.575293064117432,,
14,41,0.5529668927192688,0.3791271448135376,0.17307420074939728,7.655488967895508,,
14,42,0.4284007251262665,0.2944583296775818,0.13349193334579468,4.5044965744018555,,
14,43,0.33492010831832886,0.24110852181911469,0.09345026314258575,3.613368511199951,,
14,44,0.5300288200378418,0.35654157400131226,0.1726972758769989,7.900282382965088,,
14,45,0.2542054355144501,0.1859194040298462,0.06808461248874664,2.0144495964050293,,
14,46,1.4789185523986816,1.0448726415634155,0.4280640482902527,59.81928634643555,,
14,47,0.8509498834609985,0.6087766885757446,0.24162176251411438,5.514821529388428,,
14,48,0.7003939151763916,0.5006224513053894,0.19933012127876282,4.41289758682251,,
14,49,0.5731011033058167,0.3870964050292969,0.18465319275856018,13.515412330627441,,
14,50,0.4960423409938812,0.3540422022342682,0.14168232679367065,3.178114891052246,,
14,51,0.5800707936286926,0.3941080570220947,0.18486271798610687,11.000201225280762,,
14,52,0.337645024061203,0.24092325568199158,0.09638305753469467,3.3869426250457764,,
14,53,0.8276406526565552,0.6031942963600159,0.2238973081111908,5.49094295501709,,
14,54,0.3221147358417511,0.22781988978385925,0.09395681321620941,3.3804759979248047,,
14,55,0.5423558354377747,0.38075312972068787,0.16010983288288116,14.928308486938477,,
14,56,0.328550785779953,0.22896318137645721,0.09918041527271271,4.0717573165893555,,
14,57,0.5023127198219299,0.3638485372066498,0.1381441056728363,3.200986385345459,,
14,58,0.768430769443512,0.5673521757125854,0.20057332515716553,5.052938461303711,,
14,59,0.6796153783798218,0.4939117729663849,0.1852460503578186,4.575001239776611,,
14,60,0.5753909945487976,0.4196646809577942,0.15533235669136047,3.9395203590393066,,
14,61,0.9511679410934448,0.594589114189148,0.3519318997859955,46.46916961669922,,
14,62,0.5347391963005066,0.38243141770362854,0.15198716521263123,3.2061939239501953,,
14,63,0.40900176763534546,0.28632164001464844,0.12215904146432877,5.21081018447876,,
14,64,0.45466679334640503,0.31951218843460083,0.13455632328987122,5.982768535614014,,
14,65,0.4069206714630127,0.28364992141723633,0.12301099300384521,2.597515106201172,,
14,66,0.4129038453102112,0.28196200728416443,0.13044121861457825,5.006231307983398,,
14,67,0.6093993782997131,0.42064952850341797,0.1882387399673462,5.110959053039551,,
14,68,0.42866820096969604,0.29873907566070557,0.12966889142990112,2.6024842262268066,,
14,69,0.689863383769989,0.4903067350387573,0.19908984005451202,4.6684889793396,,
14,70,0.8374764323234558,0.608264684677124,0.22867165505886078,5.4009785652160645,,
14,71,0.685848593711853,0.48844411969184875,0.19696158170700073,4.428619861602783,,
14,72,0.369747132062912,0.25034481287002563,0.1189265251159668,4.758042812347412,,
14,73,0.5531370043754578,0.357098251581192,0.19461418688297272,14.245343208312988,,
14,74,0.27503544092178345,0.1848718523979187,0.08991596102714539,2.476308584213257,,
14,75,0.488850861787796,0.337283730506897,0.15055876970291138,10.083700180053711,,
14,76,0.518135666847229,0.3698429465293884,0.14759564399719238,6.970476150512695,,
14,77,0.4104633033275604,0.2872261106967926,0.12268756330013275,5.496377944946289,,
14,78,0.4940003454685211,0.35935860872268677,0.13434669375419617,2.9504263401031494,,
14,79,0.8828054666519165,0.6556000709533691,0.2266569584608078,5.4840474128723145,,
14,80,0.4415164887905121,0.3218240737915039,0.11945340782403946,2.390244722366333,,
14,81,0.5856313705444336,0.4258340299129486,0.15944962203502655,3.4775469303131104,,
14,82,0.44773396849632263,0.3139832019805908,0.13306346535682678,6.8730034828186035,,
14,83,0.5521847009658813,0.3965325951576233,0.15532247722148895,3.2959420680999756,,
14,84,0.7452329397201538,0.5430250763893127,0.20177587866783142,4.320282459259033,,
14,85,0.6945674419403076,0.5038681626319885,0.19027182459831238,4.2747802734375,,
14,86,0.35088372230529785,0.24722298979759216,0.10324238240718842,4.18376350402832,,
14,87,0.5883963108062744,0.4173089861869812,0.1707187294960022,3.6857595443725586,,
14,88,0.44988226890563965,0.3063383102416992,0.14288708567619324,6.568744659423828,,
14,89,0.3932698667049408,0.2819169759750366,0.11112836748361588,2.245306968688965,,
14,90,0.8112528920173645,0.5838371515274048,0.22689250111579895,5.232646465301514,,
14,91,0.25891342759132385,0.18252989649772644,0.0761488676071167,2.346585512161255,,
14,92,0.8623867630958557,0.6073284149169922,0.2544502913951874,6.0799880027771,,
14,93,0.616146445274353,0.4371052086353302,0.1786375641822815,4.0365309715271,,
14,94,0.26860159635543823,0.1913498044013977,0.07703213393688202,2.1963346004486084,,
14,95,0.6181986331939697,0.4382680058479309,0.17952090501785278,4.096963405609131,,
14,96,0.49329063296318054,0.3276876211166382,0.164571613073349,10.3139009475708,,
14,97,0.3169792592525482,0.21856795251369476,0.0980076938867569,4.036163330078125,,
14,98,0.429912805557251,0.29660332202911377,0.13285401463508606,4.5546369552612305,,
14,99,0.8610010147094727,0.6162716150283813,0.24410560727119446,6.238392353057861,,
14,100,0.6643365025520325,0.47168171405792236,0.1921709179878235,4.838719844818115,,
15,1,0.7565657496452332,0.5436326265335083,0.21240466833114624,5.284543514251709,,
15,2,0.8179043531417847,0.5812158584594727,0.23611347377300262,5.749819755554199,,
15,3,0.2649364173412323,0.18818649649620056,0.07653158158063889,2.1832785606384277,,
15,4,0.26469817757606506,0.18825940787792206,0.07624951004981995,1.892671823501587,,
15,5,0.7571788430213928,0.537986159324646,0.21870684623718262,4.858508586883545,,
15,6,0.47546645998954773,0.3419049382209778,0.13328677415847778,2.7473397254943848,,
15,7,0.5536217093467712,0.39493757486343384,0.15832558274269104,3.585127830505371,,
15,8,0.6589500904083252,0.46538546681404114,0.19308333098888397,4.813199520111084,,
15,9,0.4533778131008148,0.3076523244380951,0.14505094289779663,6.745596885681152,,
15,10,0.43690669536590576,0.2979106307029724,0.13835158944129944,6.444773197174072,,
15,11,0.5592774152755737,0.402488112449646,0.15644973516464233,3.395700216293335,,
15,12,0.5861993432044983,0.3996168076992035,0.1855403631925583,10.422066688537598,,
15,13,0.4690021574497223,0.3193908929824829,0.14868229627609253,9.289667129516602,,
15,14,0.4000089764595032,0.2835146188735962,0.116063192486763,4.311873912811279,,
15,15,0.4974636435508728,0.3616374135017395,0.13554944097995758,2.767902135848999,,
15,16,0.2778291702270508,0.19777221977710724,0.0798112004995346,2.457566499710083,,
15,17,0.39466264843940735,0.27040666341781616,0.12375275045633316,5.032315731048584,,
15,18,0.3498711884021759,0.24787399172782898,0.10158102214336395,4.161788463592529,,
15,19,0.5515725612640381,0.3934285640716553,0.15779992938041687,3.4401392936706543,,
15,20,0.5209196209907532,0.37173697352409363,0.14885947108268738,3.231623888015747,,
15,21,0.2722969353199005,0.1923697590827942,0.07970838248729706,2.1877708435058594,,
15,22,0.2582322657108307,0.1822453737258911,0.07576186954975128,2.250491142272949,,
15,23,0.32441574335098267,0.22235964238643646,0.10165055096149445,4.05535888671875,,
15,24,0.362621933221817,0.2526043653488159,0.10958866029977798,4.289273262023926,,
15,25,0.33958980441093445,0.24111314117908478,0.09810033440589905,3.7630503177642822,,
15,26,0.27090558409690857,0.19039270281791687,0.080270916223526,2.419736862182617,,
15,27,0.49206751585006714,0.35350993275642395,0.13826684653759003,2.9073994159698486,,
15,28,0.4200632572174072,0.2876056134700775,0.1318407952785492,6.1684417724609375,,
15,29,0.513282835483551,0.3661462366580963,0.14684191346168518,2.947096586227417,,
15,30,0.45214447379112244,0.3078303337097168,0.14358796179294586,7.261929512023926,,
15,31,0.33028271794319153,0.2305552065372467,0.09932570904493332,4.017926216125488,,
15,32,0.34623754024505615,0.24614176154136658,0.09967564791440964,4.2013421058654785,,
15,33,0.5652563571929932,0.38044947385787964,0.18377766013145447,10.292465209960938,,
15,34,0.31579238176345825,0.2211913764476776,0.09397666156291962,6.243462562561035,,
15,35,0.4053249955177307,0.27806204557418823,0.12663450837135315,6.284328460693359,,
15,36,0.629277229309082,0.4520317018032074,0.17686127126216888,3.8428313732147217,,
15,37,0.8040828108787537,0.5821461081504822,0.22141286730766296,5.238481521606445,,
15,38,0.6184574365615845,0.4399733543395996,0.17806747555732727,4.166241645812988,,
15,39,0.651362955570221,0.4675312042236328,0.1834322065114975,3.995365619659424,,
15,40,0.26986566185951233,0.1909816712141037,0.07863554358482361,2.4845588207244873,,
15,41,0.3467806577682495,0.24508912861347198,0.1013362780213356,3.5523483753204346,,
15,42,0.6772411465644836,0.48297715187072754,0.19378060102462769,4.83414363861084,,
15,43,0.5177268981933594,0.37265458703041077,0.1447681039571762,3.042379140853882,,
15,44,0.3415963053703308,0.2436075359582901,0.09766342490911484,3.2536239624023438,,
15,45,0.7150187492370605,0.5167766809463501,0.1977887749671936,4.533015251159668,,
15,46,0.44841131567955017,0.3188203275203705,0.1290716826915741,5.193195343017578,,
15,47,0.4680631458759308,0.34229785203933716,0.12550535798072815,2.59930682182312,,
15,48,0.4789145886898041,0.3489927351474762,0.12962177395820618,3.000908374786377,,
15,49,0.4150887131690979,0.2922810912132263,0.12237496674060822,4.326723575592041,,
15,50,0.6407159566879272,0.4582962095737457,0.18188107013702393,5.387001037597656,,
15,51,0.6582911014556885,0.4671992063522339,0.19049714505672455,5.947479248046875,,
15,52,0.30922865867614746,0.22567960619926453,0.08329877257347107,2.5026748180389404,,
15,53,0.38353586196899414,0.2757149040699005,0.10759435594081879,2.266026020050049,,
15,54,0.42151883244514465,0.29011550545692444,0.1306907683610916,7.125461101531982,,
15,55,0.4484044015407562,0.31465011835098267,0.13310027122497559,6.540035724639893,,
15,56,0.6653593182563782,0.45651334524154663,0.2073342502117157,15.11737060546875,,
15,57,0.6579171419143677,0.4698890447616577,0.18756040930747986,4.676475524902344,,
15,58,0.5506909489631653,0.3930422365665436,0.15729594230651855,3.5280141830444336,,
15,59,0.45894110202789307,0.3121749758720398,0.14586593210697174,9.002041816711426,,
15,60,0.7327972054481506,0.51417076587677,0.21796494722366333,6.614631652832031,,
15,61,0.7345589995384216,0.5168221592903137,0.21725726127624512,4.795557975769043,,
15,62,0.5035516619682312,0.33568453788757324,0.1670200377702713,8.470832824707031,,
15,63,0.31592220067977905,0.22932101786136627,0.08626738935709,3.337719678878784,,
15,64,0.32441744208335876,0.21860474348068237,0.10536763817071915,4.450554847717285,,
15,65,0.5881291031837463,0.4154200553894043,0.17234116792678833,3.6788504123687744,,
15,66,0.5990566611289978,0.42041170597076416,0.1782548725605011,3.900857448577881,,
15,67,0.34170404076576233,0.2291519194841385,0.11188352108001709,6.6861491203308105,,
15,68,0.44424766302108765,0.29997682571411133,0.14362217485904694,6.486850261688232,,
15,69,0.6829110980033875,0.4823662340641022,0.2000402808189392,5.0454559326171875,,
15,70,0.4182530343532562,0.2861712574958801,0.13141144812107086,6.703551292419434,,
15,71,0.2912454605102539,0.21401895582675934,0.07701019197702408,2.1630773544311523,,
15,72,0.6626916527748108,0.4817737638950348,0.1805237978696823,3.940826654434204,,
15,73,0.8542950749397278,0.6248493790626526,0.22890111804008484,5.446084976196289,,
15,74,0.399692565202713,0.29231923818588257,0.1071525514125824,2.20788836479187,,
15,75,0.6510803699493408,0.4692322015762329,0.18139563500881195,4.525428771972656,,
15,76,0.4116206765174866,0.2828304171562195,0.12822867929935455,5.615840435028076,,
15,77,0.5805758833885193,0.3956182897090912,0.18385380506515503,11.038276672363281,,
15,78,0.5415524840354919,0.38925546407699585,0.15199165046215057,3.05338454246521,,
15,79,0.44246819615364075,0.30391353368759155,0.13790881633758545,6.458347797393799,,
15,80,0.5773484110832214,0.4163331687450409,0.16067741811275482,3.3782222270965576,,
15,81,0.2842613160610199,0.20754332840442657,0.07652449607849121,1.9351677894592285,,
15,82,0.6664848923683167,0.47652798891067505,0.18951959908008575,4.373165607452393,,
15,83,0.3521437644958496,0.25256991386413574,0.09921424835920334,3.595909595489502,,
15,84,0.44411617517471313,0.30857062339782715,0.13495062291622162,5.949248313903809,,
15,85,0.4220748543739319,0.29544198513031006,0.12617328763008118,4.595691204071045,,
15,86,0.4008373022079468,0.28407907485961914,0.11632093787193298,4.3729777336120605,,
15,87,0.5298637747764587,0.38082802295684814,0.14873549342155457,3.0023350715637207,,
15,88,0.4296627938747406,0.2869075536727905,0.1418364942073822,9.187581062316895,,
15,89,0.3347371220588684,0.23937983810901642,0.09505360573530197,3.036886692047119,,
15,90,0.3683718740940094,0.25275033712387085,0.11502896249294281,5.925559043884277,,
15,91,0.29636430740356445,0.21558928489685059,0.08053819090127945,2.3683273792266846,,
15,92,0.6489861011505127,0.45925331115722656,0.1892402619123459,4.9250311851501465,,
15,93,0.4666283428668976,0.31277522444725037,0.15301328897476196,8.398431777954102,,
15,94,0.29352444410324097,0.20976626873016357,0.0835111141204834,2.4705703258514404,,
15,95,0.3981088697910309,0.26724302768707275,0.13028830289840698,5.775397777557373,,
15,96,0.27948862314224243,0.19670872390270233,0.08251474797725677,2.6515471935272217,,
15,97,0.641230583190918,0.4536930322647095,0.1871383637189865,3.991473436355591,,
15,98,0.5505877733230591,0.38537752628326416,0.1648605614900589,3.497292995452881,,
15,99,0.8864918947219849,0.636856734752655,0.24895226955413818,6.829192161560059,,
15,100,0.3845868408679962,0.2697083353996277,0.11445128917694092,4.2722625732421875,,
16,1,0.5641441345214844,0.4028169810771942,0.16097186505794525,3.5528035163879395,,
16,2,0.29226574301719666,0.2084813266992569,0.08354747295379639,2.369511842727661,,
16,3,0.44656631350517273,0.3088216185569763,0.1371549665927887,5.897172927856445,,
16,4,0.44267359375953674,0.30035078525543213,0.141479954123497,8.428277015686035,,
16,5,0.5527610778808594,0.3916182518005371,0.16079026460647583,3.52563738822937,,
16,6,0.34925663471221924,0.24304699897766113,0.10577119141817093,4.384384632110596,,
16,7,0.7360736727714539,0.5254640579223633,0.21014279127120972,4.6681013107299805,,
16,8,0.5040242075920105,0.3596135377883911,0.14407935738563538,3.3132550716400146,,
16,9,0.7325828075408936,0.5266830921173096,0.20536494255065918,5.347461223602295,,
16,10,0.34415051341056824,0.2411290854215622,0.10267865657806396,3.427607536315918,,
16,11,0.41287586092948914,0.2818823456764221,0.13040632009506226,5.87189245223999,,
16,12,0.587384819984436,0.42118263244628906,0.1658013015985489,4.008955955505371,,
16,13,0.33934485912323,0.2301899790763855,0.10863421857357025,5.206529140472412,,
16,14,0.6209027767181396,0.42920196056365967,0.18968641757965088,20.143918991088867,,
16,15,0.34000417590141296,0.23089182376861572,0.10856004059314728,5.523275375366211,,
16,16,0.7376089692115784,0.5344986319541931,0.20267975330352783,4.305766582489014,,
16,17,0.5378918051719666,0.3850516676902771,0.15250349044799805,3.366464853286743,,
16,18,0.611284613609314,0.4416577219963074,0.16926175355911255,3.6514084339141846,,
16,19,0.29761573672294617,0.2097986489534378,0.08755291998386383,2.6418113708496094,,
16,20,0.7655372619628906,0.5559240579605103,0.20910422503948212,5.089735984802246,,
16,21,0.43855658173561096,0.3069946765899658,0.13087984919548035,6.820659637451172,,
16,22,0.7549331188201904,0.5197691321372986,0.2335529625415802,16.109928131103516,,
16,23,0.45295798778533936,0.3099648058414459,0.14229854941368103,6.94621467590332,,
16,24,0.37660491466522217,0.2628442645072937,0.11352355778217316,2.3711986541748047,,
16,25,0.40005797147750854,0.27070292830467224,0.12876875698566437,5.862710952758789,,
16,26,0.4216121733188629,0.28503847122192383,0.1357542872428894,8.194104194641113,,
16,27,0.5596773624420166,0.4064006209373474,0.15259066224098206,6.860381126403809,,
16,28,0.6287646293640137,0.4419388771057129,0.18639008700847626,4.356320858001709,,
16,29,0.3608059883117676,0.2481229454278946,0.11213661730289459,5.464390277862549,,
16,30,0.3766651749610901,0.2631785273551941,0.11325739324092865,2.2925362586975098,,
16,31,0.5407655835151672,0.37914806604385376,0.16129480302333832,3.2269773483276367,,
16,32,0.8717231750488281,0.6213765740394592,0.24969173967838287,6.548521041870117,,
16,33,0.6851039528846741,0.48848313093185425,0.1961877942085266,4.329983234405518,,
16,34,0.33005717396736145,0.23240774869918823,0.09734825044870377,3.0117223262786865,,
16,35,0.29338181018829346,0.20875751972198486,0.08437842130661011,2.458810806274414,,
16,36,0.4732390344142914,0.32872989773750305,0.1437670737504959,7.4204936027526855,,
16,37,0.692561686038971,0.49590981006622314,0.1962246596813202,4.271927833557129,,
16,38,0.39524543285369873,0.2707640528678894,0.12393460422754288,5.467971324920654,,
16,39,0.8138865828514099,0.5908552408218384,0.2225113809108734,5.199271202087402,,
16,40,0.3100966215133667,0.23026448488235474,0.07959403097629547,2.381298065185547,,
16,41,0.7371255159378052,0.5337603092193604,0.2029155194759369,4.496731758117676,,
16,42,0.29388609528541565,0.21622350811958313,0.07744045555591583,2.221261978149414,,
16,43,0.4524706304073334,0.3176719546318054,0.13398577272891998,8.129058837890625,,
16,44,0.4164806306362152,0.29860442876815796,0.11739207804203033,4.841276168823242,,
16,45,0.40499845147132874,0.28048139810562134,0.12367873638868332,8.383088111877441,,
16,46,0.2659955620765686,0.19503989815711975,0.07077796757221222,1.77687406539917,,
16,47,0.35733887553215027,0.2635917365550995,0.09344714879989624,2.9999184608459473,,
16,48,1.2673702239990234,0.7574029564857483,0.501788854598999,81.78521728515625,,
16,49,0.4640624225139618,0.31652048230171204,0.1465032994747162,10.386465072631836,,
16,50,0.27810120582580566,0.2020854353904724,0.07579652965068817,2.1921143531799316,,
16,51,0.7431008219718933,0.527619481086731,0.21498550474643707,4.958298206329346,,
16,52,0.44855761528015137,0.32140490412712097,0.12689420580863953,2.5850038528442383,,
16,53,0.34034132957458496,0.23814637959003448,0.10172915458679199,4.658034801483154,,
16,54,0.8469595313072205,0.5968014001846313,0.24949178099632263,6.6633453369140625,,
16,55,0.641482949256897,0.4553220868110657,0.18575918674468994,4.016530513763428,,
16,56,0.6846319437026978,0.47825443744659424,0.20583364367485046,5.438078880310059,,
16,57,0.5250453948974609,0.3722808361053467,0.15244117379188538,3.2342827320098877,,
16,58,0.795326828956604,0.5668013095855713,0.22785301506519318,6.7253289222717285,,
16,59,0.2728312611579895,0.20041587948799133,0.07222823798656464,1.8715542554855347,,
16,60,0.7933241724967957,0.568779468536377,0.22398918867111206,5.555188179016113,,
16,61,0.5550262928009033,0.36488911509513855,0.18910247087478638,10.347235679626465,,
16,62,0.720088005065918,0.5454164147377014,0.17429225146770477,3.7932779788970947,,
16,63,0.7011871933937073,0.5338237285614014,0.1670050024986267,3.5847043991088867,,
16,64,0.6383010149002075,0.4737102687358856,0.16420435905456543,3.8635740280151367,,
16,65,0.43333208560943604,0.3175162672996521,0.1153026670217514,5.131239891052246,,
16,66,0.7955370545387268,0.6155985593795776,0.17954979836940765,3.8866937160491943,,
16,67,0.36035287380218506,0.27869051694869995,0.08143157511949539,2.308016538619995,,
16,68,0.7356411218643188,0.5575746297836304,0.17768555879592896,3.8093559741973877,,
16,69,0.36782515048980713,0.2713349163532257,0.09613959491252899,3.5064759254455566,,
16,70,0.4539754390716553,0.3343817889690399,0.11910121142864227,4.924479007720947,,
16,71,0.5722019076347351,0.41728657484054565,0.15457549691200256,3.398329973220825,,
16,72,0.28440189361572266,0.19104495644569397,0.09309710562229156,2.5982649326324463,,
16,73,0.8873193860054016,0.6563112735748291,0.2303408980369568,6.672341823577881,,
16,74,0.7962719798088074,0.5898697972297668,0.2059215009212494,4.807194232940674,,
16,75,0.5046871304512024,0.35734879970550537,0.1465466022491455,7.9173665046691895,,
16,76,0.6341326832771301,0.4471083879470825,0.1865895390510559,4.347632884979248,,
16,77,0.6181636452674866,0.4898739755153656,0.12777827680110931,5.114351272583008,,
16,78,0.5320277214050293,0.36507487297058105,0.16662073135375977,3.3213155269622803,,
16,79,0.5050710439682007,0.34683340787887573,0.1578979790210724,3.396540403366089,,
16,80,0.2831061780452728,0.17966215312480927,0.10316558927297592,2.7844598293304443,,
16,81,0.4737650454044342,0.3255718946456909,0.14789225161075592,3.0090830326080322,,
16,82,0.4237557649612427,0.2903484106063843,0.13273665308952332,6.7069220542907715,,
16,83,0.4245564639568329,0.2937089204788208,0.13040313124656677,4.444031238555908,,
16,84,0.4072912931442261,0.2827572822570801,0.12413947284221649,3.9451396465301514,,
16,85,0.7576450109481812,0.5475243330001831,0.20960688591003418,5.137632369995117,,
16,86,0.4939519166946411,0.3487478196620941,0.1446036398410797,6.0044660568237305,,
16,87,0.777069628238678,0.5608915686607361,0.21561917662620544,5.5892462730407715,,
16,88,0.6476072669029236,0.45021718740463257,0.19664502143859863,7.450329780578613,,
16,89,0.6251607537269592,0.4572858214378357,0.167017862200737,8.570271492004395,,
16,90,0.7570926547050476,0.5337501168251038,0.22277286648750305,5.696425914764404,,
16,91,0.5545322895050049,0.37008941173553467,0.18346679210662842,9.76070785522461,,
16,92,0.5778732895851135,0.3836621642112732,0.19314172863960266,10.693620681762695,,
16,93,0.6259118318557739,0.43696412444114685,0.1885300874710083,4.175924301147461,,
16,94,0.6531297564506531,0.45993149280548096,0.19277754426002502,4.207430362701416,,
16,95,0.3665922284126282,0.24739158153533936,0.11860015988349915,6.004798889160156,,
16,96,0.4157065451145172,0.27946779131889343,0.1356339454650879,6.0481367111206055,,
16,97,0.3527895510196686,0.27471137046813965,0.07785160094499588,2.265834093093872,,
16,98,0.5664942860603333,0.412265419960022,0.15388035774230957,3.4849696159362793,,
16,99,0.6528614163398743,0.48442304134368896,0.16804921627044678,3.8913979530334473,,
16,100,0.6434142589569092,0.47878724336624146,0.1641852855682373,4.4175543785095215,,
17,1,0.7753346562385559,0.5769295692443848,0.19797080755233765,4.342862606048584,,
17,2,0.2677478492259979,0.21107569336891174,0.05652608722448349,1.4607452154159546,,
17,3,0.2789610028266907,0.22235409915447235,0.05646255239844322,1.443534016609192,,
17,4,0.6614452004432678,0.5070990920066833,0.15399885177612305,3.4727089405059814,,
17,5,0.5609644651412964,0.4277399778366089,0.13293743133544922,2.8708291053771973,,
17,6,0.8059554100036621,0.5926117300987244,0.21286320686340332,4.804546356201172,,
17,7,0.443242609500885,0.3243575394153595,0.1184564009308815,4.286640644073486,,
17,8,0.6280906200408936,0.4739850163459778,0.15372636914253235,3.791964530944824,,
17,9,0.7007962465286255,0.5058300495147705,0.19452020525932312,4.459604740142822,,
17,10,0.33868756890296936,0.2772812247276306,0.06121665984392166,1.896813154220581,,
17,11,0.5007914900779724,0.3511892259120941,0.14877662062644958,8.256274223327637,,
17,12,0.6009471416473389,0.44383466243743896,0.1560496985912323,10.62735366821289,,
17,13,0.6974433660507202,0.48986300826072693,0.20639413595199585,11.86253547668457,,
17,14,0.4957289397716522,0.32677775621414185,0.16772305965423584,12.281357765197754,,
17,15,0.8724015355110168,0.614391565322876,0.25731539726257324,6.945668697357178,,
17,16,0.7751739621162415,0.5590196251869202,0.21567830443382263,4.76062536239624,,
17,17,0.4644005596637726,0.34704601764678955,0.11685524880886078,4.992652893066406,,
17,18,0.383598655462265,0.26530224084854126,0.11803728342056274,2.5914082527160645,,
17,19,0.5608561635017395,0.38562846183776855,0.17430970072746277,9.179415702819824,,
17,20,0.7812120914459229,0.5982494354248047,0.18254414200782776,4.185544967651367,,
17,21,0.3987613618373871,0.3137266933917999,0.08476811647415161,2.665539264678955,,
17,22,0.5975971817970276,0.44886285066604614,0.1484195739030838,3.147522211074829,,
17,23,0.3334689736366272,0.24645046889781952,0.0867576003074646,2.608851909637451,,
17,24,0.798048734664917,0.6171175241470337,0.18053790926933289,3.9327468872070312,,
17,25,0.3933829665184021,0.30607539415359497,0.08698706328868866,3.205057144165039,,
17,26,0.8526355028152466,0.6589144468307495,0.19327488541603088,4.462017059326172,,
17,27,0.5678321123123169,0.4207080006599426,0.14679929614067078,3.2485947608947754,,
17,28,0.8732209801673889,0.6654167175292969,0.20732304453849792,4.812155723571777,,
17,29,0.4534618556499481,0.33607417345046997,0.11714965105056763,2.380168914794922,,
17,30,0.4219825863838196,0.30613455176353455,0.11538621783256531,4.618101119995117,,
17,31,0.781446635723114,0.5769981145858765,0.20271888375282288,17.296791076660156,,
17,32,0.41727110743522644,0.2971373200416565,0.1195569708943367,5.768206596374512,,
17,33,0.3187854290008545,0.23661552369594574,0.08192197978496552,2.4794037342071533,,
17,34,0.43759605288505554,0.30743375420570374,0.12957647442817688,5.858323097229004,,
17,35,0.33792927861213684,0.2391541749238968,0.09842535853385925,3.4973254203796387,,
17,36,0.5282397866249084,0.36843401193618774,0.15946778655052185,3.380157947540283,,
17,37,0.885909914970398,0.6443572044372559,0.24095608294010162,5.966601371765137,,
17,38,0.8055276870727539,0.5723173022270203,0.23257112503051758,6.392505645751953,,
17,39,0.5730150938034058,0.3918503522872925,0.18074260652065277,4.221266746520996,,
17,40,0.6013199090957642,0.4168547987937927,0.18404260277748108,4.224499702453613,,
17,41,0.611918568611145,0.42373335361480713,0.1877780556678772,4.07160758972168,,
17,42,0.5318461656570435,0.370067834854126,0.16143842041492462,3.399515390396118,,
17,43,0.6245729923248291,0.4323275685310364,0.19022010266780853,20.252872467041016,,
17,44,0.6980320811271667,0.49379247426986694,0.20376388728618622,4.756866455078125,,
17,45,0.33916935324668884,0.245136559009552,0.09371541440486908,3.1736555099487305,,
17,46,0.7878110408782959,0.5788242816925049,0.20854346454143524,4.432587623596191,,
17,47,0.8328914642333984,0.6118025779724121,0.22053632140159607,5.525636672973633,,
17,48,0.4625924527645111,0.32447150349617004,0.13722093403339386,9.000105857849121,,
17,49,0.666893720626831,0.47513890266418457,0.1910327672958374,7.2203850746154785,,
17,50,0.37866076827049255,0.27805113792419434,0.10019053518772125,4.191104412078857,,
17,51,0.7403586506843567,0.5336010456085205,0.20629927515983582,4.583093643188477,,
17,52,0.5019945502281189,0.35525667667388916,0.14643366634845734,3.0420448780059814,,
17,53,0.6089991331100464,0.4309498071670532,0.1776270568370819,4.222404479980469,,
17,54,0.7795140147209167,0.5559830069541931,0.22290712594985962,6.238565444946289,,
17,55,0.43130186200141907,0.30370500683784485,0.1271398961544037,4.569716930389404,,
17,56,0.35084396600723267,0.24750220775604248,0.10290545225143433,4.363125801086426,,
17,57,0.5981507301330566,0.42589497566223145,0.17188987135887146,3.6585800647735596,,
17,58,0.38930544257164,0.2745232880115509,0.11454860866069794,2.3356192111968994,,
17,59,0.6525402665138245,0.46686792373657227,0.18513332307338715,5.390232086181641,,
17,60,0.5952534675598145,0.4310135245323181,0.1638549417257309,3.8495800495147705,,
17,61,0.4283299148082733,0.29933470487594604,0.12842635810375214,5.688449859619141,,
17,62,0.6141621470451355,0.4397036135196686,0.17406310141086578,3.954115629196167,,
17,63,0.4266570508480072,0.2957909405231476,0.13023996353149414,6.261466979980469,,
17,64,0.36077916622161865,0.2646546959877014,0.09577968716621399,3.447951555252075,,
17,65,0.34767141938209534,0.24386954307556152,0.10329025238752365,5.11609411239624,,
17,66,0.7456091046333313,0.5395858883857727,0.20559121668338776,4.320416450500488,,
17,67,0.7313151359558105,0.5272862911224365,0.2035890370607376,4.397943496704102,,
17,68,0.4506213366985321,0.3091014623641968,0.14067915081977844,8.407331466674805,,
17,69,0.5216601490974426,0.3702636957168579,0.1510973870754242,2.9904191493988037,,
17,70,0.5075392127037048,0.3561650514602661,0.1510622203350067,3.119133472442627,,
17,71,0.37169235944747925,0.2564411759376526,0.11477884650230408,4.7234063148498535,,
17,72,0.5568904876708984,0.3907947540283203,0.16574394702911377,3.517958879470825,,
17,73,0.529754638671875,0.37150871753692627,0.15791544318199158,3.3044137954711914,,
17,74,0.7008897066116333,0.49670225381851196,0.20372417569160461,4.632582187652588,,
17,75,0.43689119815826416,0.3034619688987732,0.13293945789337158,4.897659778594971,,
17,76,0.540798008441925,0.36810463666915894,0.1717662811279297,9.270742416381836,,
17,77,0.5298395752906799,0.37704893946647644,0.1524888575077057,3.0178613662719727,,
17,78,0.5826788544654846,0.4053245484828949,0.17611795663833618,12.363539695739746,,
17,79,0.6189894080162048,0.4212140440940857,0.19622556865215302,15.497807502746582,,
17,80,0.8507827520370483,0.6182780265808105,0.23193955421447754,5.6518754959106445,,
17,81,0.4917437732219696,0.3511120080947876,0.1403280645608902,3.037017583847046,,
17,82,0.7062015533447266,0.5035790205001831,0.20218031108379364,4.422271728515625,,
17,83,0.30452486872673035,0.2138686180114746,0.09037095308303833,2.852837324142456,,
17,84,0.6952527165412903,0.4929489195346832,0.201858788728714,4.450102806091309,,
17,85,0.7165679931640625,0.5094311833381653,0.2067040205001831,4.328159332275391,,
17,86,0.40549179911613464,0.2750169038772583,0.1297408640384674,7.340353012084961,,
17,87,0.44034022092819214,0.2935250401496887,0.1461343765258789,6.808041572570801,,
17,88,0.4258521795272827,0.29666563868522644,0.1287180781364441,4.684528827667236,,
17,89,0.31674155592918396,0.2327079176902771,0.08377601206302643,2.5765066146850586,,
17,90,0.5837624073028564,0.38855668902397156,0.19411993026733398,10.857366561889648,,
17,91,0.5516287684440613,0.38923531770706177,0.16204117238521576,3.522864580154419,,
17,92,0.5678307414054871,0.40175455808639526,0.1656997799873352,3.7642953395843506,,
17,93,0.5255029201507568,0.3691675066947937,0.1560242772102356,3.1112871170043945,,
17,94,0.585448682308197,0.4090687930583954,0.17598193883895874,3.980023145675659,,
17,95,0.5821793675422668,0.408849835395813,0.1729489266872406,3.8059678077697754,,
17,96,0.45004141330718994,0.3015148937702179,0.147754967212677,7.715548992156982,,
17,97,0.4869127869606018,0.3379475772380829,0.1481591761112213,8.060473442077637,,
17,98,0.5291207432746887,0.3819841146469116,0.14684651792049408,2.90071702003479,,
17,99,0.38442757725715637,0.2816573977470398,0.1025630384683609,2.0715386867523193,,
17,100,0.3356177508831024,0.24652983248233795,0.08881735801696777,2.7058804035186768,,
18,1,0.8217132687568665,0.6043816208839417,0.21680565178394318,5.260258674621582,,
18,2,0.80767422914505,0.5930837392807007,0.21411600708961487,4.745193958282471,,
18,3,0.3757300078868866,0.2684585452079773,0.10674787312746048,5.236058235168457,,
18,4,0.3900350034236908,0.27379167079925537,0.11574231088161469,5.010010242462158,,
18,5,0.44308212399482727,0.3138078451156616,0.12879621982574463,4.780643463134766,,
18,6,0.448310911655426,0.30410951375961304,0.14350593090057373,6.954729080200195,,
18,7,0.4607228934764862,0.31170374155044556,0.1480405032634735,9.786463737487793,,
18,8,0.49409839510917664,0.3249128460884094,0.16841743886470795,7.6808247566223145,,
18,9,0.7625521421432495,0.5294374227523804,0.23242703080177307,6.877475261688232,,
18,10,0.4342213273048401,0.28876954317092896,0.14464768767356873,8.041035652160645,,
18,11,0.3326925039291382,0.23181605339050293,0.10047842562198639,3.980531930923462,,
18,12,0.33152255415916443,0.22550365328788757,0.10551870614290237,5.002007961273193,,
18,13,0.451726496219635,0.29950055480003357,0.15149448812007904,7.314732074737549,,
18,14,0.6838083863258362,0.4864290952682495,0.19694823026657104,4.310876846313477,,
18,15,1.0217759609222412,0.7232643365859985,0.29708558320999146,14.260398864746094,,
18,16,0.6482627391815186,0.4630448818206787,0.18482831120491028,3.8955748081207275,,
18,17,0.39616304636001587,0.2768697738647461,0.11879491806030273,4.983616828918457,,
18,18,0.4327636659145355,0.291445255279541,0.14066925644874573,6.491513252258301,,
18,19,0.34171029925346375,0.23997515439987183,0.10139840841293335,3.3672804832458496,,
18,20,0.867633044719696,0.615348219871521,0.25163060426712036,6.542187690734863,,
18,21,0.2632615864276886,0.18192343413829803,0.08109135925769806,2.4680590629577637,,
18,22,0.6279128193855286,0.4470707178115845,0.18045470118522644,3.8739118576049805,,
18,23,0.7167382836341858,0.5030848383903503,0.2130686193704605,5.848257064819336,,
18,24,0.6825922727584839,0.48589611053466797,0.19625721871852875,4.3895063400268555,,
18,25,0.43963176012039185,0.30140209197998047,0.13754919171333313,6.804666996002197,,
18,26,0.7583994269371033,0.5422675609588623,0.21565629541873932,4.755785942077637,,
18,27,0.46899113059043884,0.33197322487831116,0.13673368096351624,2.8423337936401367,,
18,28,0.501284122467041,0.35451018810272217,0.14646682143211365,3.0706000328063965,,
18,29,0.49116936326026917,0.3433065712451935,0.14718663692474365,6.7616496086120605,,
18,30,0.30542993545532227,0.20631828904151917,0.09845136106014252,6.602859973907471,,
18,31,0.7926328778266907,0.574278712272644,0.21784460544586182,5.09563684463501,,
18,32,0.5734046697616577,0.3938600718975067,0.17847447097301483,10.701708793640137,,
18,33,0.3457145690917969,0.2410094439983368,0.10427053272724152,4.345836639404297,,
18,34,0.3763524293899536,0.2642555236816406,0.11187012493610382,2.268065929412842,,
18,35,0.5825053453445435,0.40730950236320496,0.17401498556137085,11.8089017868042,,
18,36,0.5849747061729431,0.4130513370037079,0.17155715823173523,3.662053108215332,,
18,37,0.34782668948173523,0.24463899433612823,0.10278628021478653,4.014119625091553,,
18,38,0.6079508066177368,0.42544788122177124,0.1820029765367508,4.999876022338867,,
18,39,0.7416380643844604,0.5251889228820801,0.2159702181816101,4.789074420928955,,
18,40,0.40769335627555847,0.27950727939605713,0.12772241234779358,4.636613845825195,,
18,41,0.5406492352485657,0.3396111726760864,0.1990794688463211,19.58610725402832,,
18,42,0.33687910437583923,0.2241019755601883,0.11209198832511902,6.851151943206787,,
18,43,0.38010451197624207,0.26628631353378296,0.11358200758695602,2.3619449138641357,,
18,44,0.6801773905754089,0.47704076766967773,0.20268915593624115,4.474245548248291,,
18,45,0.29929882287979126,0.20522308349609375,0.093597911298275,4.778308391571045,,
18,46,0.6574319005012512,0.4389530122280121,0.21679678559303284,16.82120704650879,,
18,47,0.27075183391571045,0.19034835696220398,0.08017288148403168,2.3060083389282227,,
18,48,0.6482681035995483,0.4499276280403137,0.1975536346435547,7.868322849273682,,
18,49,0.48312047123908997,0.3470764756202698,0.13575732707977295,2.866797924041748,,
18,50,0.5894618034362793,0.421745240688324,0.16735395789146423,3.6264829635620117,,
18,51,0.7590481042861938,0.5335708856582642,0.22482910752296448,6.4812493324279785,,
18,52,0.4183025062084198,0.2805415987968445,0.13709276914596558,6.681487083435059,,
18,53,0.44752517342567444,0.3022877275943756,0.14431706070899963,9.203821182250977,,
18,54,0.4145407974720001,0.2803623676300049,0.13342809677124023,7.50343132019043,,
18,55,0.31966158747673035,0.22300133109092712,0.09627640247344971,3.8384804725646973,,
18,56,0.3985568583011627,0.26332777738571167,0.1333443820476532,18.846885681152344,,
18,57,0.5520371198654175,0.3951996862888336,0.1564822494983673,3.5519306659698486,,
18,58,0.4756694436073303,0.30851757526397705,0.16564500331878662,15.068572998046875,,
18,59,0.826824963092804,0.5844686031341553,0.2417922019958496,5.641471862792969,,
18,60,0.5654353499412537,0.40297478437423706,0.16210323572158813,3.573129653930664,,
18,61,0.2884748578071594,0.2095961570739746,0.07865367829799652,2.2499589920043945,,
18,62,0.6271785497665405,0.44874927401542664,0.1780432164669037,3.8606252670288086,,
18,63,0.4363147020339966,0.2873021960258484,0.1482149362564087,7.975681304931641,,
18,64,0.49806979298591614,0.36164501309394836,0.13612651824951172,2.9826343059539795,,
18,65,0.5378974676132202,0.3884279131889343,0.14916908740997314,3.0049309730529785,,
18,66,0.802487850189209,0.5776392817497253,0.22422224283218384,6.263224124908447,,
18,67,0.41661033034324646,0.2875429093837738,0.12806758284568787,9.998491287231445,,
18,68,0.4521563649177551,0.3173868656158447,0.13416525721549988,6.0423665046691895,,
18,69,0.7632980346679688,0.5463513731956482,0.21641045808792114,5.3621110916137695,,
18,70,0.4129994511604309,0.2776797413825989,0.1346094310283661,7.102760314941406,,
18,71,0.8089752793312073,0.5764176845550537,0.2320212423801422,5.364070415496826,,
18,72,0.33862051367759705,0.22893190383911133,0.10911072790622711,5.7788286209106445,,
18,73,0.818683385848999,0.5809612274169922,0.23716813325881958,5.5401387214660645,,
18,74,0.2797302305698395,0.19152480363845825,0.08795064687728882,2.5477685928344727,,
18,75,0.5860748291015625,0.40859174728393555,0.1771010458469391,3.8208136558532715,,
18,76,0.532375156879425,0.37029561400413513,0.1617419719696045,3.375633955001831,,
18,77,0.8481648564338684,0.5877374410629272,0.25978216528892517,6.451950550079346,,
18,78,0.4182799458503723,0.29619237780570984,0.12184392660856247,2.4362661838531494,,
18,79,0.7734289169311523,0.5440875291824341,0.2286669909954071,6.74339485168457,,
18,80,0.5038310885429382,0.3595006763935089,0.14401499927043915,3.15421462059021,,
18,81,0.39635947346687317,0.27199476957321167,0.12383723258972168,5.274564743041992,,
18,82,0.609969973564148,0.43619364500045776,0.17338493466377258,3.913461923599243,,
18,83,0.8146753311157227,0.5921698808670044,0.2219758927822113,5.295380592346191,,
18,84,0.8877585530281067,0.6403501033782959,0.2466907650232315,7.176894664764404,,
18,85,0.5335659384727478,0.36297404766082764,0.16969075798988342,9.011697769165039,,
18,86,0.7855131030082703,0.5699253678321838,0.21510112285614014,4.866274356842041,,
18,87,0.5969812273979187,0.43148523569107056,0.16510123014450073,3.9476349353790283,,
18,88,0.2881358861923218,0.20423538982868195,0.08359679579734802,3.036972761154175,,
18,89,0.3864484429359436,0.27626892924308777,0.10995857417583466,2.209629535675049,,
18,90,0.41188111901283264,0.2817850708961487,0.12964189052581787,4.541722774505615,,
18,91,0.27883264422416687,0.19031545519828796,0.08825153112411499,2.6566295623779297,,
18,92,0.6225565671920776,0.4362684190273285,0.18586552143096924,4.2262282371521,,
18,93,0.35474780201911926,0.23861083388328552,0.11558230966329575,5.5464019775390625,,
18,94,0.743398129940033,0.523780107498169,0.21916359663009644,4.544408798217773,,
18,95,0.6711646914482117,0.47071194648742676,0.20002371072769165,4.290412902832031,,
18,96,0.7780680060386658,0.4650227427482605,0.3098810017108917,31.642532348632812,,
18,97,0.2709908187389374,0.18859335780143738,0.08215180784463882,2.4566667079925537,,
18,98,0.4341107904911041,0.31344276666641235,0.12042947113513947,2.385658025741577,,
18,99,1.2709110975265503,0.8055771589279175,0.45758378505706787,77.50151824951172,,
18,100,0.2797337472438812,0.19921843707561493,0.08027514815330505,2.401700973510742,,
19,1,0.4214862287044525,0.28244271874427795,0.13853195309638977,5.115627288818359,,
19,2,0.5335207581520081,0.34993237257003784,0.18174517154693604,18.432130813598633,,
19,3,0.4334222972393036,0.31570035219192505,0.11748585850000381,2.360947847366333,,
19,4,0.25549420714378357,0.18930228054523468,0.06602632254362106,1.6562362909317017,,
19,5,0.37280789017677307,0.276333212852478,0.09627890586853027,1.9576401710510254,,
19,6,0.5734982490539551,0.41563302278518677,0.15749210119247437,3.731322765350342,,
19,7,0.36112284660339355,0.24696362018585205,0.11359868943691254,5.605309963226318,,
19,8,0.50257807970047,0.32144981622695923,0.18019479513168335,9.334888458251953,,
19,9,0.328970730304718,0.23596534132957458,0.0927005261182785,3.048647880554199,,
19,10,0.6272172927856445,0.4493293762207031,0.17750321328639984,3.8471107482910156,,
19,11,0.26620763540267944,0.19514895975589752,0.0708576887845993,2.010003089904785,,
19,12,0.2715393602848053,0.19447708129882812,0.07679730653762817,2.6498565673828125,,
19,13,0.4413239657878876,0.2911195456981659,0.14939630031585693,8.081265449523926,,
19,14,0.672764241695404,0.47835972905158997,0.19398614764213562,4.1837592124938965,,
19,15,0.6127398014068604,0.38822516798973083,0.2227507382631302,17.638824462890625,,
19,16,0.405795693397522,0.28080689907073975,0.1245710551738739,4.1774725914001465,,
19,17,0.3456302285194397,0.24710547924041748,0.09820277988910675,3.2199273109436035,,
19,18,0.29110270738601685,0.2148444652557373,0.07604525238275528,2.1299474239349365,,
19,19,0.6912882924079895,0.5134968757629395,0.17740404605865479,3.8735551834106445,,
19,20,0.778488039970398,0.5856995582580566,0.19231265783309937,4.758456707000732,,
19,21,0.4356003701686859,0.31032153964042664,0.12475863099098206,5.202027797698975,,
19,22,0.47260555624961853,0.3243219256401062,0.14732830226421356,9.553210258483887,,
19,23,0.5324406623840332,0.3916783630847931,0.14047245681285858,2.898710012435913,,
19,24,0.5617104172706604,0.41418951749801636,0.14721457660198212,3.063321828842163,,
19,25,0.609036386013031,0.4444958567619324,0.16418945789337158,3.510420083999634,,
19,26,0.7636393904685974,0.5456567406654358,0.21738412976264954,5.98485803604126,,
19,27,0.5736448168754578,0.38622456789016724,0.18643499910831451,9.852618217468262,,
19,28,0.5102222561836243,0.3557834029197693,0.15413020551204681,3.086127996444702,,
19,29,0.4501894414424896,0.3016936182975769,0.14773046970367432,7.653402805328369,,
19,30,0.5757496356964111,0.3984898328781128,0.17687681317329407,3.8302323818206787,,
19,31,0.5015027523040771,0.3473813533782959,0.1538013219833374,3.200561761856079,,
19,32,0.5038911700248718,0.3347325325012207,0.168385848402977,7.727533340454102,,
19,33,0.4374573528766632,0.28945136070251465,0.14716482162475586,8.411846160888672,,
19,34,0.5235186815261841,0.36603957414627075,0.15716564655303955,3.13442063331604,,
19,35,0.28543955087661743,0.19140839576721191,0.09371422231197357,3.1691763401031494,,
19,36,0.2556328773498535,0.17089006304740906,0.08453632891178131,2.0646305084228516,,
19,37,0.4348622262477875,0.30952364206314087,0.12509216368198395,2.4642086029052734,,
19,38,0.851485013961792,0.609528124332428,0.24137991666793823,5.769677639007568,,
19,39,0.7523791790008545,0.5511380434036255,0.20081305503845215,4.280624866485596,,
19,40,0.40170660614967346,0.2798381447792053,0.12137244641780853,4.9600090980529785,,
19,41,0.497026652097702,0.34649235010147095,0.14988313615322113,6.511549472808838,,
19,42,0.6093173623085022,0.4394390285015106,0.16949743032455444,3.809138298034668,,
19,43,0.2825346291065216,0.1987425684928894,0.08354683965444565,2.4521286487579346,,
19,44,0.6924889087677002,0.5046718120574951,0.18740734457969666,4.097336292266846,,
19,45,0.6653895974159241,0.482550710439682,0.1824539750814438,3.8491625785827637,,
19,46,0.5831915140151978,0.4146128296852112,0.16821300983428955,3.65697979927063,,
19,47,0.4159175157546997,0.28096774220466614,0.13434895873069763,6.008019924163818,,
19,48,0.5920520424842834,0.4212438464164734,0.17040462791919708,4.035698890686035,,
19,49,0.6211274862289429,0.44092458486557007,0.17981941998004913,3.8349859714508057,,
19,50,0.3876720070838928,0.2724110782146454,0.11502790451049805,2.330338478088379,,
19,51,0.28201669454574585,0.19634607434272766,0.08543017506599426,2.404588222503662,,
19,52,0.2901945114135742,0.19837816059589386,0.09139851480722427,4.178415298461914,,
19,53,0.6262089014053345,0.44474688172340393,0.18104243278503418,4.196024417877197,,
19,54,0.39932847023010254,0.2810807526111603,0.11786456406116486,3.8314993381500244,,
19,55,0.47864830493927,0.3506099581718445,0.12777867913246155,2.596780776977539,,
19,56,0.3603518307209015,0.24550798535346985,0.11429715901613235,5.466947555541992,,
19,57,0.4541926085948944,0.31491637229919434,0.13863816857337952,6.380720615386963,,
19,58,0.38158750534057617,0.2772178053855896,0.10416155308485031,2.0813164710998535,,
19,59,0.4626532196998596,0.3137480318546295,0.14799048006534576,9.146872520446777,,
19,60,0.4950500428676605,0.33568936586380005,0.15866684913635254,6.938281059265137,,
19,61,0.6849809288978577,0.48702454566955566,0.19750408828258514,4.52258825302124,,
19,62,0.6766867637634277,0.48415300250053406,0.19210810959339142,4.256499290466309,,
19,63,0.38342010974884033,0.2796926498413086,0.1035190224647522,2.084338903427124,,
19,64,0.4467286765575409,0.3001459836959839,0.14581230282783508,7.704028129577637,,
19,65,0.44439172744750977,0.29769366979599,0.1460828185081482,6.152371406555176,,
19,66,0.2583619952201843,0.18550680577754974,0.07263273000717163,2.2244646549224854,,
19,67,0.5428270101547241,0.3874755799770355,0.15501302480697632,3.38439679145813,,
19,68,0.44774749875068665,0.2936365008354187,0.15339866280555725,7.123324394226074,,
19,69,0.3867816627025604,0.2720290422439575,0.11434464156627655,4.079559326171875,,
19,70,0.56999272108078,0.40494653582572937,0.16469642519950867,3.4975881576538086,,
19,71,0.580557644367218,0.41551440954208374,0.164653480052948,3.8973183631896973,,
19,72,0.5668776631355286,0.4046083986759186,0.16193006932735443,3.3918447494506836,,
19,73,0.766623318195343,0.5445044636726379,0.2216094583272934,5.0937066078186035,,
19,74,0.5845359563827515,0.41291293501853943,0.17125457525253296,3.684481620788574,,
19,75,0.4416728615760803,0.30287063121795654,0.1382613331079483,5.409060001373291,,
19,76,0.8531408309936523,0.6003687381744385,0.252118855714798,6.532546043395996,,
19,77,0.7337712645530701,0.5202004909515381,0.2131187915802002,4.519830226898193,,
19,78,0.7469574809074402,0.5320113897323608,0.21448126435279846,4.648349761962891,,
19,79,0.4786354601383209,0.34459400177001953,0.13376598060131073,2.7545082569122314,,
19,80,0.36589908599853516,0.2539684772491455,0.11150451749563217,4.260947227478027,,
19,81,0.36565959453582764,0.2550189197063446,0.1102164164185524,4.2427802085876465,,
19,82,1.1616084575653076,0.7373347878456116,0.4177669286727905,65.06731414794922,,
19,83,0.48916879296302795,0.331781804561615,0.15673021972179413,6.56759786605835,,
19,84,0.6140604615211487,0.43440690636634827,0.17924517393112183,4.0837225914001465,,
19,85,0.5330849289894104,0.37994423508644104,0.15283672511577606,3.0400240421295166,,
19,86,0.5844249725341797,0.41487061977386475,0.16919024288654327,3.641519069671631,,
19,87,0.40973153710365295,0.27789604663848877,0.13124200701713562,5.934902667999268,,
19,88,0.42440488934516907,0.2836056351661682,0.1399901658296585,8.091170310974121,,
19,89,0.44086989760398865,0.2961955666542053,0.1439179629087448,7.563618183135986,,
19,90,0.6497648358345032,0.45740586519241333,0.19188819825649261,4.707340240478516,,
19,91,0.6075032949447632,0.426631897687912,0.18046405911445618,4.0732879638671875,,
19,92,0.5335431098937988,0.37312567234039307,0.1600843220949173,3.3315985202789307,,
19,93,0.5885263681411743,0.41561806201934814,0.1725362241268158,3.720573663711548,,
19,94,0.6283087730407715,0.4379313886165619,0.1899268925189972,4.504690170288086,,
19,95,0.8222566246986389,0.5817351937294006,0.23994509875774384,5.763275146484375,,
19,96,0.44714149832725525,0.30782830715179443,0.13872025907039642,5.929164886474609,,
19,97,0.33795931935310364,0.238514706492424,0.09906864911317825,3.7594921588897705,,
19,98,0.26898902654647827,0.18918916583061218,0.0795808658003807,2.1899592876434326,,
19,99,0.5447379350662231,0.38906431198120117,0.15531709790229797,3.5657055377960205,,
19,100,0.6707562208175659,0.48373347520828247,0.18642455339431763,5.982141971588135,,
20,1,0.4216133654117584,0.289482057094574,0.13147376477718353,6.575211048126221,,
20,2,0.5190813541412354,0.3629828989505768,0.155386283993721,7.121275901794434,,
20,3,0.7529122233390808,0.5472559332847595,0.20519350469112396,4.627565383911133,,
20,4,0.45128026604652405,0.3083152174949646,0.1420607566833496,9.042884826660156,,
20,5,0.6399022340774536,0.46040207147598267,0.17834924161434174,11.509211540222168,,
20,6,0.4187428057193756,0.28173547983169556,0.13626348972320557,7.438228130340576,,
20,7,0.4351276755332947,0.2965589761734009,0.1379660964012146,6.0260419845581055,,
20,8,0.2783474922180176,0.20276445150375366,0.07535824179649353,2.248032331466675,,
20,9,0.34044602513313293,0.24935631453990936,0.09079444408416748,2.9526560306549072,,
20,10,0.40750887989997864,0.28228211402893066,0.12469025701284409,5.364927291870117,,
20,11,0.49312716722488403,0.3380475640296936,0.1543939858675003,6.856193542480469,,
20,12,0.5764533877372742,0.4196441173553467,0.15647529065608978,3.339745044708252,,
20,13,0.3627263307571411,0.2587631940841675,0.103566475212574,3.966827630996704,,
20,14,0.44525018334388733,0.3089636564254761,0.13559047877788544,6.960366725921631,,
20,15,0.8128048777580261,0.5823091864585876,0.22996264696121216,5.330650329589844,,
20,16,0.4500536322593689,0.2999587655067444,0.1493493765592575,7.45470666885376,,
20,17,0.4044002294540405,0.2799665331840515,0.12398289889097214,4.5080108642578125,,
20,18,0.7462598085403442,0.5283774137496948,0.2173948734998703,4.875135898590088,,
20,19,0.7928078174591064,0.5559309720993042,0.2361697107553482,7.07127046585083,,
20,20,0.5239908695220947,0.3710401654243469,0.1526460349559784,3.0469157695770264,,
20,21,0.31602591276168823,0.2170577347278595,0.09857712686061859,3.910773992538452,,
20,22,0.575790286064148,0.406977117061615,0.16842542588710785,3.877086639404297,,
20,23,0.27194592356681824,0.19807451963424683,0.0736539214849472,2.1745572090148926,,
20,24,0.5517349243164062,0.35403570532798767,0.19650185108184814,11.973153114318848,,
20,25,0.4223920702934265,0.2900436222553253,0.1318858563899994,4.626037120819092,,
20,26,0.5130261182785034,0.3385700583457947,0.1736476719379425,8.08387565612793,,
20,27,0.45149901509284973,0.30102452635765076,0.14952506124973297,9.494171142578125,,
20,28,0.7613358497619629,0.5337755084037781,0.22695431113243103,6.060628414154053,,
20,29,0.3673307001590729,0.2509276270866394,0.11592942476272583,4.736489295959473,,
20,30,0.8212020397186279,0.5821492075920105,0.23847591876983643,5.7691497802734375,,
20,31,0.6152248382568359,0.42882293462753296,0.18595996499061584,4.4189019203186035,,
20,32,0.42570754885673523,0.2932285666465759,0.13200736045837402,4.71623420715332,,
20,33,0.5543076395988464,0.39347848296165466,0.16047939658164978,3.4977550506591797,,
20,34,0.4345844089984894,0.29855313897132874,0.13535624742507935,6.750131607055664,,
20,35,0.4086318016052246,0.29708123207092285,0.11132180690765381,2.2877163887023926,,
20,36,0.6202360987663269,0.44125184416770935,0.17839473485946655,5.895544528961182,,
20,37,0.33968690037727356,0.2422524392604828,0.0970614105463028,3.7304646968841553,,
20,38,0.6425296068191528,0.4718076288700104,0.1703542023897171,3.6776959896087646,,
20,39,0.38591355085372925,0.27159857749938965,0.11370864510536194,6.063301086425781,,
20,40,0.7138302326202393,0.5080102682113647,0.20464825630187988,11.716912269592285,,
20,41,0.5139855742454529,0.3689615726470947,0.14471042156219482,3.135802745819092,,
20,42,0.5495061874389648,0.3841477632522583,0.16380029916763306,15.580979347229004,,
20,43,0.7618679404258728,0.5417152047157288,0.2196388989686966,5.138472080230713,,
20,44,0.426084965467453,0.2878134548664093,0.13764789700508118,6.236040115356445,,
20,45,0.6096571683883667,0.4237741231918335,0.18547844886779785,4.04617977142334,,
20,46,0.27437669038772583,0.18019376695156097,0.09388816356658936,2.9474451541900635,,
20,47,0.5875440239906311,0.40589630603790283,0.18119697272777557,4.50714635848999,,
20,48,0.3341503143310547,0.2243010401725769,0.10940420627593994,4.450581073760986,,
20,49,0.5306901335716248,0.3648643493652344,0.16549333930015564,3.3238790035247803,,
20,50,0.39194175601005554,0.2665865123271942,0.1250738501548767,2.813810348510742,,
20,51,0.5459225177764893,0.3816593885421753,0.16388043761253357,3.826591730117798,,
20,52,0.8624343276023865,0.6189954280853271,0.2428359091281891,6.030245304107666,,
20,53,0.6464067101478577,0.46574920415878296,0.18027520179748535,3.8227884769439697,,
20,54,0.7629911303520203,0.545263409614563,0.21720483899116516,5.22892427444458,,
20,55,0.4192354083061218,0.2880547344684601,0.13044901192188263,7.3163533210754395,,
20,56,0.6210209131240845,0.45020127296447754,0.17042326927185059,3.9636449813842773,,
20,57,0.25219178199768066,0.18265211582183838,0.06933757662773132,2.0208487510681152,,
20,58,0.2620578706264496,0.1921747922897339,0.06970985233783722,1.732316255569458,,
20,59,0.4753100872039795,0.3509273827075958,0.12412013113498688,2.625519037246704,,
20,60,0.4058138430118561,0.29192471504211426,0.11345795542001724,4.311733722686768,,
20,61,0.7427287101745605,0.5373131036758423,0.20496374368667603,4.518510818481445,,
20,62,0.5268762707710266,0.38054507970809937,0.1460133194923401,3.178739309310913,,
20,63,0.5663149356842041,0.4060008227825165,0.15997827053070068,3.358368158340454,,
20,64,0.4063876271247864,0.27386143803596497,0.1318311095237732,6.950862884521484,,
20,65,0.2759850025177002,0.19412460923194885,0.08161275088787079,2.476511001586914,,
20,66,0.7976897954940796,0.5608212351799011,0.2363344132900238,5.342042922973633,,
20,67,0.26901692152023315,0.1881479024887085,0.08065284788608551,2.161905288696289,,
20,68,0.44191446900367737,0.3010421395301819,0.1403319537639618,5.403819561004639,,
20,69,0.38707083463668823,0.25829899311065674,0.1282365620136261,5.352941989898682,,
20,70,0.264720618724823,0.183412566781044,0.0810827761888504,2.252769947052002,,
20,71,0.42674577236175537,0.2789521813392639,0.1470724642276764,7.211263179779053,,
20,72,0.32593652606010437,0.2263854593038559,0.09922968596220016,3.2138242721557617,,
20,73,0.3663816750049591,0.24139291048049927,0.1243075281381607,6.812625408172607,,
20,74,0.7588376402854919,0.5347532033920288,0.22351443767547607,5.699794769287109,,
20,75,0.585146963596344,0.4108358919620514,0.17394797503948212,3.6308977603912354,,
20,76,0.5080606937408447,0.3575758934020996,0.15016280114650726,3.219883680343628,,
20,77,0.4363954961299896,0.2952391803264618,0.14053945243358612,6.168652057647705,,
20,78,0.6576780676841736,0.4633655548095703,0.19389179348945618,4.207333564758301,,
20,79,0.5691380500793457,0.39860838651657104,0.17016468942165375,3.64969801902771,,
20,80,0.25613105297088623,0.17765240371227264,0.07827021181583405,2.084315299987793,,
20,81,0.5841119885444641,0.4093709886074066,0.17428189516067505,4.591207027435303,,
20,82,0.46138882637023926,0.3175240159034729,0.1432858258485794,5.789968967437744,,
20,83,0.5278335213661194,0.37476691603660583,0.15276384353637695,3.0270895957946777,,
20,84,0.30921536684036255,0.2127772569656372,0.09605789929628372,3.802197217941284,,
20,85,0.25953084230422974,0.18339654803276062,0.07590781897306442,2.264660358428955,,
20,86,0.36617743968963623,0.2574087381362915,0.1083100438117981,4.58660888671875,,
20,87,0.3917922377586365,0.26832836866378784,0.12291638553142548,5.474674701690674,,
20,88,0.7454185485839844,0.5100523233413696,0.23365607857704163,17.10162925720215,,
20,89,0.5820411443710327,0.4101676344871521,0.1714998334646225,3.7366957664489746,,
20,90,0.7977104783058167,0.5681360960006714,0.22904659807682037,5.277889251708984,,
20,91,0.40581753849983215,0.2743879556655884,0.1308249831199646,6.045979022979736,,
20,92,0.5063536763191223,0.34480053186416626,0.16076931357383728,7.83875846862793,,
20,93,0.4825708866119385,0.33005934953689575,0.15182293951511383,6.886126518249512,,
20,94,0.7129862904548645,0.5170272588729858,0.1955392211675644,4.198139667510986,,
20,95,0.4127821624279022,0.28267431259155273,0.129334956407547,7.728963851928711,,
20,96,0.7938386797904968,0.5699880123138428,0.22317248582839966,6.781794548034668,,
20,97,0.49165502190589905,0.3444909155368805,0.1465037763118744,6.60333776473999,,
20,98,0.6905648708343506,0.49868151545524597,0.19146262109279633,4.20759391784668,,
20,99,0.6750199794769287,0.48566293716430664,0.18895019590854645,4.068576335906982,,
20,100,0.7357393503189087,0.522013783454895,0.21324950456619263,4.760732173919678,,
