epoch,batch,total_loss,loss2neighbor,loss_idt,loss_reg,loss_bg
1,1,25.24176025390625,18.949039459228516,6.269671440124512,230.4759521484375,
1,2,20.149585723876953,14.552240371704102,5.57611608505249,212.2972412109375,
1,3,31.812297821044922,18.15713882446289,13.619485855102539,356.7223205566406,
1,4,7.564810752868652,3.676147937774658,3.8781614303588867,105.01190948486328,
1,5,4.639665603637695,2.7279796600341797,1.9062376022338867,54.482147216796875,
1,6,4.274777889251709,2.1290106773376465,2.1399648189544678,58.0274658203125,
1,7,2.705252170562744,1.7277227640151978,0.9747850894927979,27.44094467163086,
1,8,1.694635033607483,1.3133716583251953,0.37922415137290955,20.391429901123047,
1,9,1.4019368886947632,1.112275242805481,0.28822124004364014,14.404363632202148,
1,10,2.546949625015259,2.2954258918762207,0.25027263164520264,12.509453773498535,
1,11,1.3607120513916016,1.150892972946167,0.20889218151569366,9.267940521240234,
1,12,1.0175120830535889,0.8618623614311218,0.15490272641181946,7.469886779785156,
1,13,1.10408353805542,1.016727328300476,0.08685236424207687,5.039542198181152,
1,14,1.3004735708236694,1.1119637489318848,0.18798044323921204,5.293759346008301,
1,15,1.6737360954284668,1.4653600454330444,0.2077684998512268,6.075244426727295,
1,16,1.1507006883621216,1.0941994190216064,0.056195154786109924,3.061805248260498,
1,17,1.023093581199646,0.9170874357223511,0.10567855089902878,3.276313543319702,
1,18,1.1951627731323242,1.035211443901062,0.15943695604801178,5.143424987792969,
1,19,0.8135413527488708,0.7504636645317078,0.06281255185604095,2.6512022018432617,
1,20,0.9437907338142395,0.8211842775344849,0.12222026288509369,3.8620777130126953,
1,21,1.3188555240631104,1.2113146781921387,0.10723209381103516,3.087501049041748,
1,22,0.7266760468482971,0.6409472227096558,0.08539833128452301,3.30484676361084,
1,23,1.089308500289917,1.03246009349823,0.05652230978012085,3.261204957962036,
1,24,0.6406337022781372,0.5948259830474854,0.045563459396362305,2.4428772926330566,
1,25,0.9020390510559082,0.8261322975158691,0.075711689889431,1.9510142803192139,
1,26,0.594524621963501,0.5312074422836304,0.06306199729442596,2.5518290996551514,
1,27,0.6997063755989075,0.6588574647903442,0.04066602513194084,1.8284133672714233,
1,28,0.6954332590103149,0.6586260795593262,0.03661321476101875,1.939301609992981,
1,29,0.8171453475952148,0.786300539970398,0.030624236911535263,2.2058348655700684,
1,30,0.9853891134262085,0.9069692492485046,0.07818794250488281,2.318964719772339,
1,31,0.919045627117157,0.8683843016624451,0.050509288907051086,1.5206890106201172,
1,32,1.0416910648345947,0.9896223545074463,0.051883332431316376,1.8536957502365112,
1,33,0.8659685254096985,0.8302038908004761,0.035543292760849,2.213064432144165,
1,34,1.0019570589065552,0.9335212707519531,0.06818166375160217,2.5411972999572754,
1,35,1.1599946022033691,1.0941839218139648,0.06560128182172775,2.0948326587677,
1,36,0.9522396922111511,0.8735325336456299,0.07846462726593018,2.4253268241882324,
1,37,0.7081943154335022,0.680868923664093,0.02716558426618576,1.598179817199707,
1,38,0.8668897151947021,0.8387923836708069,0.02791137993335724,1.8594574928283691,
1,39,0.9800609350204468,0.944882869720459,0.034955233335494995,2.2280406951904297,
1,40,0.8193687200546265,0.7611747980117798,0.05800069123506546,1.9325066804885864,
1,41,0.9160977005958557,0.8432669639587402,0.0726177841424942,2.1299524307250977,
1,42,0.7010231018066406,0.6203961372375488,0.08040893077850342,2.1801230907440186,
1,43,2.2683990001678467,2.2264952659606934,0.04171286150813103,1.909091591835022,
1,44,0.44053348898887634,0.3972722291946411,0.043073177337646484,1.880802869796753,
1,45,0.8670566082000732,0.8266135454177856,0.04031815752387047,1.2490688562393188,
1,46,1.120551586151123,1.0743298530578613,0.04607149586081505,1.5021172761917114,
1,47,1.305444359779358,1.2605171203613281,0.04473082721233368,1.9650126695632935,
1,48,0.8070576190948486,0.7533668875694275,0.05350209027528763,1.8867753744125366,
1,49,1.0179282426834106,0.9695406556129456,0.04822491854429245,1.627030611038208,
1,50,0.5349181890487671,0.4924004077911377,0.0423460491001606,1.7173149585723877,
1,51,0.8515810370445251,0.796983003616333,0.05444338917732239,1.5468289852142334,
1,52,1.0388927459716797,1.0165510177612305,0.022128760814666748,2.128612518310547,
1,53,0.921031653881073,0.8696498870849609,0.051168009638786316,2.137420654296875,
1,54,1.1287758350372314,1.0619401931762695,0.06660386919975281,2.3169643878936768,
1,55,0.7562646865844727,0.7339556217193604,0.022127706557512283,1.8135902881622314,
1,56,1.0155194997787476,0.9740828275680542,0.04130066558718681,1.3603018522262573,
1,57,0.5194059014320374,0.4953051507472992,0.02396167255938053,1.3907139301300049,
1,58,1.0039551258087158,0.9574411511421204,0.046315595507621765,1.9831105470657349,
1,59,0.6402877569198608,0.6188292503356934,0.021292561665177345,1.6591694355010986,
1,60,1.0174111127853394,0.9842023849487305,0.03306064009666443,1.4804843664169312,
1,61,0.6203165054321289,0.5914532542228699,0.028622381389141083,2.4085967540740967,
1,62,0.7938939332962036,0.74283766746521,0.05091233178973198,1.4393277168273926,
1,63,1.070472240447998,1.0280413627624512,0.042290687561035156,1.4021389484405518,
1,64,0.6004593968391418,0.5812796354293823,0.01906794309616089,1.1184558868408203,
1,65,0.8256427049636841,0.7811086177825928,0.044379301369190216,1.5478858947753906,
1,66,0.8013795018196106,0.7554713487625122,0.04574935883283615,1.5877773761749268,
1,67,0.8408640623092651,0.7893660068511963,0.05133146047592163,1.6659066677093506,
1,68,0.8315092921257019,0.7835618257522583,0.04780139774084091,1.4611380100250244,
1,69,1.0766019821166992,1.032414436340332,0.044037237763404846,1.5032596588134766,
1,70,0.8902158141136169,0.8560576438903809,0.03382819890975952,3.299988031387329,
1,71,1.2291618585586548,1.2007455825805664,0.0281563438475132,2.5992848873138428,
1,72,0.8572829961776733,0.8257770538330078,0.0312904492020607,2.1546413898468018,
1,73,0.7107917070388794,0.6651116013526917,0.04553980752825737,1.4033851623535156,
1,74,0.7522249221801758,0.7069128155708313,0.045178405940532684,1.3368744850158691,
1,75,0.8074395656585693,0.7755021452903748,0.031831324100494385,1.0608351230621338,
1,76,0.6256900429725647,0.6048711538314819,0.02066749706864357,1.514068365097046,
1,77,1.2369250059127808,1.189674735069275,0.04703369736671448,2.1656715869903564,
1,78,0.9088631272315979,0.8706969022750854,0.03804741054773331,1.1881040334701538,
1,79,0.5670487284660339,0.5445288419723511,0.0223669596016407,1.5297402143478394,
1,80,0.6077242493629456,0.5857012271881104,0.02186112105846405,1.618802547454834,
1,81,0.7879564762115479,0.7498839497566223,0.03771568834781647,3.568458080291748,
1,82,0.5169059634208679,0.4991166591644287,0.017695805057883263,0.9354559183120728,
1,83,0.4620096683502197,0.4284657835960388,0.03338121622800827,1.6266103982925415,
1,84,0.8785920143127441,0.8428773880004883,0.03558366000652313,1.309711217880249,
1,85,0.40729063749313354,0.37147849798202515,0.0356408953666687,1.712530255317688,
1,86,0.8408649563789368,0.7907276749610901,0.04998265579342842,1.5460560321807861,
1,87,0.6181808114051819,0.5963232517242432,0.021720167249441147,1.3735905885696411,
1,88,0.8611543774604797,0.8220212459564209,0.039008043706417084,1.2509881258010864,
1,89,0.663983941078186,0.6431652903556824,0.020640024915337563,1.7864867448806763,
1,90,0.8291730880737305,0.7831670641899109,0.045859090983867645,1.4694634675979614,
1,91,0.5057948231697083,0.47224152088165283,0.03331692889332771,2.3637192249298096,
1,92,0.896399974822998,0.8654823303222656,0.030651910230517387,2.657067060470581,
1,93,1.062497854232788,1.023714542388916,0.03863338381052017,1.5000582933425903,
1,94,0.7736486196517944,0.7434651851654053,0.030074898153543472,1.085673213005066,
1,95,0.6382935643196106,0.6161026358604431,0.021962935104966164,2.27960205078125,
1,96,0.7769930362701416,0.7381740212440491,0.03867208585143089,1.4691559076309204,
1,97,0.7860510349273682,0.7424406409263611,0.04345981031656265,1.5058979988098145,
1,98,0.728675901889801,0.6936712861061096,0.03472646325826645,2.7817165851593018,
1,99,0.39889833331108093,0.3701122999191284,0.028649453073740005,1.3657740354537964,
1,100,0.8663779497146606,0.8175467252731323,0.04865936189889908,1.7184656858444214,
2,1,0.858649730682373,0.8237724304199219,0.034582123160362244,2.9518542289733887,
2,2,0.5876880884170532,0.5602732300758362,0.027250980958342552,1.6387592554092407,
2,3,0.6146394610404968,0.5934717655181885,0.020983070135116577,1.8457953929901123,
2,4,0.41139647364616394,0.3784240484237671,0.032809268683195114,1.6316019296646118,
2,5,0.7419159412384033,0.7027875185012817,0.038798294961452484,3.3017876148223877,
2,6,0.4021572172641754,0.37238746881484985,0.029627537354826927,1.4222232103347778,
2,7,0.6649581789970398,0.6350572109222412,0.029617197811603546,2.837692975997925,
2,8,0.852861762046814,0.8176501393318176,0.0350823700428009,1.291963815689087,
2,9,0.579750120639801,0.5467408299446106,0.03273417800664902,2.751580238342285,
2,10,0.8552061319351196,0.8177326917648315,0.03735346347093582,1.1999553442001343,
2,11,0.6809180974960327,0.6472898721694946,0.03324506804347038,3.831101894378662,
2,12,0.717732310295105,0.68426513671875,0.03337026759982109,0.9693574905395508,
2,13,0.8999441862106323,0.8592487573623657,0.040240831673145294,4.546131134033203,
2,14,1.4031440019607544,1.3681843280792236,0.03458297997713089,3.7674403190612793,
2,15,0.5908586382865906,0.5636729001998901,0.027019886299967766,1.6590560674667358,
2,16,0.4278959333896637,0.4033220410346985,0.024406060576438904,1.6781338453292847,
2,17,0.9527153372764587,0.9060686826705933,0.04638419300317764,2.6241250038146973,
2,18,0.6302716732025146,0.596710741519928,0.03325418755412102,3.067284107208252,
2,19,0.7187491655349731,0.6822648048400879,0.03637447953224182,1.099319577217102,
2,20,0.46626272797584534,0.44581830501556396,0.0203260350972414,1.183868169784546,
2,21,0.7712478637695312,0.7232291102409363,0.047867558896541595,1.512326955795288,
2,22,1.0324410200119019,0.9808887243270874,0.0512847974896431,2.6749892234802246,
2,23,0.9986109733581543,0.9437372088432312,0.05461285263299942,2.6089560985565186,
2,24,0.5039297342300415,0.46869224309921265,0.034961722791194916,2.7578933238983154,
2,25,0.844126284122467,0.7942519187927246,0.049684684723615646,1.8963507413864136,
2,26,1.1196738481521606,1.070934772491455,0.048515766859054565,2.2327513694763184,
2,27,0.6654292345046997,0.6269664764404297,0.03805240988731384,4.10343074798584,
2,28,0.6106866598129272,0.5889517664909363,0.021533582359552383,2.013124704360962,
2,29,0.49026888608932495,0.45583558082580566,0.03414851427078247,2.8478877544403076,
2,30,0.6901061534881592,0.6487274169921875,0.041231658309698105,1.471050500869751,
2,31,0.7502802610397339,0.7044960260391235,0.045634519308805466,1.4971307516098022,
2,32,0.6106058359146118,0.5851536989212036,0.025250159204006195,2.0199034214019775,
2,33,0.6929318904876709,0.6501114368438721,0.042676135897636414,1.443037748336792,
2,34,0.5311262607574463,0.5003724694252014,0.030520807951688766,2.329894781112671,
2,35,0.8192287683486938,0.7826956510543823,0.0363750085234642,1.5815258026123047,
2,36,0.40675315260887146,0.38007426261901855,0.02651311457157135,1.6577850580215454,
2,37,1.0192711353302002,0.9635289311408997,0.055544059723615646,1.9808419942855835,
2,38,0.8394949436187744,0.7920083999633789,0.04730605706572533,1.80508291721344,
2,39,0.8023560643196106,0.7770707607269287,0.02508922666311264,1.9611848592758179,
2,40,0.5685199499130249,0.5183042287826538,0.050073932856321335,1.4181711673736572,
2,41,0.5440019369125366,0.512187659740448,0.03146382421255112,3.5044972896575928,
2,42,0.8244830965995789,0.7876955270767212,0.0366368442773819,1.5071980953216553,
2,43,1.0554131269454956,1.0088660717010498,0.04637090489268303,1.7618651390075684,
2,44,0.8111110925674438,0.76933354139328,0.041607052087783813,1.7049576044082642,
2,45,0.5496965646743774,0.5250172019004822,0.02448408305644989,1.9524040222167969,
2,46,0.8195582628250122,0.7721430659294128,0.047244466841220856,1.7070651054382324,
2,47,0.6920369863510132,0.64778071641922,0.044117122888565063,1.3913577795028687,
2,48,0.6721647381782532,0.6497306227684021,0.022173160687088966,2.6095738410949707,
2,49,0.9111192226409912,0.8627465963363647,0.048197753727436066,1.7486013174057007,
2,50,0.37772443890571594,0.3504333794116974,0.02714436873793602,1.4668573141098022,
2,51,0.5593820810317993,0.5238348841667175,0.03521329537034035,3.339104413986206,
2,52,0.9291956424713135,0.8843933343887329,0.04464191198348999,1.603971242904663,
2,53,0.9268584847450256,0.8830933570861816,0.04360952973365784,1.556099772453308,
2,54,0.5404499173164368,0.4906994700431824,0.04960303008556366,1.4742180109024048,
2,55,0.8276847004890442,0.7913455367088318,0.0361887663602829,1.5035349130630493,
2,56,1.122809886932373,1.0662009716033936,0.05636737123131752,2.415297269821167,
2,57,0.5600404739379883,0.5136519074440002,0.046251796185970306,1.3677436113357544,
2,58,0.39385882019996643,0.36336255073547363,0.03031233698129654,1.8393917083740234,
2,59,0.8485352993011475,0.8007523417472839,0.047609396278858185,1.7358673810958862,
2,60,0.8254011273384094,0.7886232137680054,0.03664398193359375,1.3392271995544434,
2,61,0.9338746666908264,0.8918363451957703,0.04189658164978027,1.4175794124603271,
2,62,1.0000405311584473,0.9479637742042542,0.05188807100057602,1.8874768018722534,
2,63,0.48252537846565247,0.46329402923583984,0.019107796251773834,1.2355518341064453,
2,64,0.5540667176246643,0.5221414566040039,0.031633295118808746,2.919523000717163,
2,65,0.8328190445899963,0.7954393625259399,0.037232495844364166,1.4714182615280151,
2,66,0.4791910648345947,0.4463319182395935,0.03260432183742523,2.548201560974121,
2,67,1.0040745735168457,0.9494330286979675,0.05446261167526245,1.7889035940170288,
2,68,0.602424144744873,0.5668131709098816,0.03524266183376312,3.6830153465270996,
2,69,0.7296561598777771,0.6885744333267212,0.04071807488799095,3.636453628540039,
2,70,0.7398275136947632,0.706739068031311,0.032963827252388,1.2464882135391235,
2,71,0.593715250492096,0.5605080127716064,0.03292692080140114,2.803450345993042,
2,72,0.727349579334259,0.6839408874511719,0.043270692229270935,1.3801231384277344,
2,73,0.8260268568992615,0.7867250442504883,0.03917562961578369,1.2617781162261963,
2,74,0.7434601783752441,0.7097227573394775,0.033411573618650436,3.2584800720214844,
2,75,1.1037743091583252,1.0693209171295166,0.03431928902864456,1.341130256652832,
2,76,0.8209881782531738,0.7846496105194092,0.036190517246723175,1.4807946681976318,
2,77,0.6657698154449463,0.6261410117149353,0.03949493169784546,1.338739037513733,
2,78,0.8806915879249573,0.8323684930801392,0.048157352954149246,1.6574440002441406,
2,79,0.6244392395019531,0.5949929356575012,0.02910800278186798,3.3832666873931885,
2,80,0.5751069188117981,0.5477355718612671,0.02711891382932663,2.524259328842163,
2,81,0.9241914749145508,0.8787134885787964,0.04531678929924965,1.6115044355392456,
2,82,0.876818060874939,0.8321241140365601,0.04453635215759277,1.576045036315918,
2,83,0.5825142860412598,0.5539701581001282,0.028215676546096802,3.284151792526245,
2,84,0.6078605055809021,0.5772758722305298,0.030273228883743286,3.1142475605010986,
2,85,0.5018951296806335,0.47079092264175415,0.030861813575029373,2.424377202987671,
2,86,0.6094967126846313,0.577059268951416,0.032125234603881836,3.121807813644409,
2,87,0.6597321033477783,0.6169953346252441,0.04258375242352486,1.5302352905273438,
2,88,1.0772411823272705,1.0292861461639404,0.04767812415957451,2.769422769546509,
2,89,0.780826985836029,0.7309753894805908,0.049685634672641754,1.6593523025512695,
2,90,0.9129449129104614,0.8639204502105713,0.04878227412700653,2.4218223094940186,
2,91,0.42823007702827454,0.4007861018180847,0.027237961068749428,2.0602526664733887,
2,92,1.1079999208450317,1.059948444366455,0.04768233746290207,3.6916093826293945,
2,93,0.4241621196269989,0.38318705558776855,0.04075458645820618,2.2048652172088623,
2,94,0.7017291784286499,0.6643653512001038,0.036942675709724426,4.211944103240967,
2,95,1.0925978422164917,1.026381492614746,0.0659567192196846,2.596029758453369,
2,96,0.7600852847099304,0.7122450470924377,0.04765715450048447,1.8311336040496826,
2,97,0.8510505557060242,0.7909331321716309,0.05978050082921982,3.3693668842315674,
2,98,0.7640431523323059,0.715019941329956,0.0485956147313118,4.27618408203125,
2,99,0.38652321696281433,0.3587220311164856,0.027619287371635437,1.8187023401260376,
2,100,0.9143690466880798,0.8626494407653809,0.05152978003025055,1.8986860513687134,
3,1,0.6103001832962036,0.579704761505127,0.030310556292533875,2.848689317703247,
3,2,1.0110892057418823,0.9501737952232361,0.0606088787317276,3.0644400119781494,
3,3,0.39458727836608887,0.3587793707847595,0.035587675869464874,2.2024009227752686,
3,4,0.38950273394584656,0.3581024408340454,0.03124353103339672,1.5675687789916992,
3,5,0.7184621095657349,0.6652520298957825,0.05301371216773987,1.9635393619537354,
3,6,0.38906213641166687,0.360368549823761,0.028497330844402313,1.9624378681182861,
3,7,0.7948423027992249,0.7362364530563354,0.058406200259923935,1.9965846538543701,
3,8,0.7145928144454956,0.6616384387016296,0.05278688669204712,1.6749413013458252,
3,9,1.1887907981872559,1.104499340057373,0.08339076489210129,9.007969856262207,
3,10,0.40736261010169983,0.37070876359939575,0.03640133515000343,2.525101900100708,
3,11,0.6771942377090454,0.6360703110694885,0.040997058153152466,1.268159031867981,
3,12,0.4931710362434387,0.4616817831993103,0.031176995486021042,3.1227452754974365,
3,13,0.9160174131393433,0.8614451885223389,0.054320260882377625,2.51934552192688,
3,14,0.9757288694381714,0.9077726602554321,0.06772808730602264,2.281081438064575,
3,15,0.5057122707366943,0.470039427280426,0.03535362705588341,3.192699432373047,
3,16,0.3814871311187744,0.3508702218532562,0.03046601638197899,1.5087497234344482,
3,17,0.4593261182308197,0.4296005070209503,0.029527483507990837,1.9812986850738525,
3,18,0.5837521553039551,0.5366503000259399,0.0469619557261467,1.3986884355545044,
3,19,0.46578413248062134,0.428081214427948,0.037371926009655,3.3097951412200928,
3,20,0.5310388207435608,0.481207013130188,0.04968147352337837,1.5035043954849243,
3,21,0.5674264430999756,0.5389130711555481,0.02824675291776657,2.6658449172973633,
3,22,1.0562738180160522,0.9977511763572693,0.058205049484968185,3.1761679649353027,
3,23,0.5074111223220825,0.46679192781448364,0.040176525712013245,4.426712512969971,
3,24,0.35506656765937805,0.3260110020637512,0.0289276335388422,1.2792915105819702,
3,25,0.9774813055992126,0.91260826587677,0.06456311047077179,3.099679708480835,
3,26,0.6902139186859131,0.6307861804962158,0.0588679239153862,5.598286151885986,
3,27,0.7052705883979797,0.6517852544784546,0.05329380929470062,1.9153248071670532,
3,28,0.831419050693512,0.7720962762832642,0.059088096022605896,2.3467183113098145,
3,29,0.5848096609115601,0.5422948598861694,0.042078547179698944,4.362627029418945,
3,30,0.5728164315223694,0.5250105857849121,0.04766267165541649,1.4314526319503784,
3,31,0.8475069999694824,0.7849858403205872,0.06229701638221741,2.2411067485809326,
3,32,0.359181672334671,0.32670676708221436,0.032305870205163956,1.6904336214065552,
3,33,0.6930531859397888,0.6404383182525635,0.05243809148669243,1.7676528692245483,
3,34,0.5419434309005737,0.5112279653549194,0.0305202417075634,1.9521921873092651,
3,35,0.6545038223266602,0.5962023735046387,0.057812683284282684,4.8876566886901855,
3,36,0.7619479894638062,0.7029300928115845,0.05882391706109047,1.9394886493682861,
3,37,0.5439004302024841,0.5004516839981079,0.04305805265903473,3.906867265701294,
3,38,0.8416482210159302,0.7796875238418579,0.06173215061426163,2.2851459980010986,
3,39,0.7533906102180481,0.6952511072158813,0.05789214372634888,2.4737582206726074,
3,40,0.9248214960098267,0.8635277152061462,0.06101509556174278,2.7869958877563477,
3,41,0.49679943919181824,0.4638766348361969,0.03267880529165268,2.4399495124816895,
3,42,0.4555681347846985,0.4174997806549072,0.03777775168418884,2.9060420989990234,
3,43,0.383240282535553,0.3530954122543335,0.029957590624690056,1.8729057312011719,
3,44,0.582923412322998,0.5416591167449951,0.04088233783841133,3.81949520111084,
3,45,0.5706115961074829,0.5191489458084106,0.05131254345178604,1.501059889793396,
3,46,0.5522940158843994,0.5158662796020508,0.0360470749437809,3.806391954421997,
3,47,0.4985642433166504,0.45641934871673584,0.04171928018331528,4.256157398223877,
3,48,0.5277417898178101,0.476169615983963,0.05141671746969223,1.5542880296707153,
3,49,0.5344005823135376,0.48681485652923584,0.04718552529811859,4.00209903717041,
3,50,0.4985235333442688,0.4557868242263794,0.04238886386156082,3.478403091430664,
3,51,1.0117164850234985,0.9462036490440369,0.06519240140914917,3.2048439979553223,
3,52,1.0906121730804443,1.0082757472991943,0.08202000707387924,3.1643548011779785,
3,53,0.9768614172935486,0.9063572883605957,0.07012616842985153,3.7797369956970215,
3,54,0.7505167722702026,0.7141843438148499,0.035874538123607635,4.578958034515381,
3,55,0.35380229353904724,0.31976187229156494,0.03387242555618286,1.6800189018249512,
3,56,0.9728003144264221,0.8965291976928711,0.07601339370012283,2.577503204345703,
3,57,0.6835445165634155,0.6138951778411865,0.06909042596817017,5.588990211486816,
3,58,0.580559253692627,0.5263479948043823,0.05379340052604675,4.178001880645752,
3,59,0.7277404069900513,0.6805378198623657,0.04703402519226074,1.6854463815689087,
3,60,0.6391850709915161,0.5843636989593506,0.05464249849319458,1.788662075996399,
3,61,0.5485873818397522,0.5061984062194824,0.04203649237751961,3.524945020675659,
3,62,0.7519482970237732,0.6874244213104248,0.06425213813781738,2.7173056602478027,
3,63,0.7343286871910095,0.6730045080184937,0.061114951968193054,2.092250108718872,
3,64,0.5517353415489197,0.5013958215713501,0.04989376291632652,4.458051681518555,
3,65,0.4911184012889862,0.441011905670166,0.04995838552713394,1.4810906648635864,
3,66,0.4600296914577484,0.4253818988800049,0.03433632105588913,3.114567756652832,
3,67,0.6540602445602417,0.600294828414917,0.053590692579746246,1.7469323873519897,
3,68,0.5782967805862427,0.5237419605255127,0.05440223962068558,1.525852918624878,
3,69,0.7496985197067261,0.6804457306861877,0.06903700530529022,2.157785654067993,
3,70,0.5808132886886597,0.5275925397872925,0.052759960293769836,4.607837677001953,
3,71,1.0336464643478394,0.9364838004112244,0.09684214740991592,3.205092668533325,
3,72,0.7078444361686707,0.6557402610778809,0.05195636302232742,1.4781219959259033,
3,73,0.7195082902908325,0.6546362638473511,0.06439724564552307,4.748379707336426,
3,74,0.5320765376091003,0.475850909948349,0.056059300899505615,1.6633177995681763,
3,75,0.42226624488830566,0.3851899802684784,0.036803968250751495,2.7231574058532715,
3,76,0.948672890663147,0.8722654581069946,0.07617505639791489,2.3237297534942627,
3,77,0.5992649793624878,0.5532594919204712,0.045629583299160004,3.759197950363159,
3,78,0.43071573972702026,0.39421185851097107,0.03629319742321968,2.106706142425537,
3,79,0.8612107038497925,0.786760151386261,0.07421069592237473,2.3986852169036865,
3,80,1.0335508584976196,0.931145191192627,0.1020721048116684,3.3358123302459717,
3,81,0.7665813565254211,0.7059344053268433,0.060430027544498444,2.1690032482147217,
3,82,0.9714820981025696,0.8655309677124023,0.10563215613365173,3.189185619354248,
3,83,0.5100777745246887,0.4542681872844696,0.055644553154706955,1.6502013206481934,
3,84,0.3750213384628296,0.34202125668525696,0.0328148789703846,1.8517862558364868,
3,85,0.7870066165924072,0.7103718519210815,0.07640118896961212,2.335763692855835,
3,86,0.5547751188278198,0.496646910905838,0.057958729565143585,1.694852590560913,
3,87,0.8107663989067078,0.7295589447021484,0.08096069097518921,2.4678285121917725,
3,88,0.8756433129310608,0.7978023290634155,0.07760047912597656,2.405139446258545,
3,89,0.4196537137031555,0.3851231038570404,0.03435660898685455,1.7398066520690918,
3,90,0.7934306859970093,0.7246755957603455,0.06855767965316772,1.9742310047149658,
3,91,0.9872248768806458,0.9149876832962036,0.07200945913791656,2.2777059078216553,
3,92,0.41758665442466736,0.38693249225616455,0.030492160469293594,1.620182752609253,
3,93,0.6910949349403381,0.6337698698043823,0.056698404252529144,6.266737461090088,
3,94,0.45743289589881897,0.4177547097206116,0.03936752304434776,3.1064562797546387,
3,95,0.50795578956604,0.4648702144622803,0.04282177984714508,2.6379926204681396,
3,96,0.3713808059692383,0.33333921432495117,0.037841640412807465,1.999498963356018,
3,97,0.9558625817298889,0.8585131764411926,0.09705318510532379,2.962439775466919,
3,98,0.8494981527328491,0.7628661394119263,0.08638650178909302,2.4549615383148193,
3,99,0.3820360004901886,0.34672829508781433,0.03510798141360283,1.9974240064620972,
3,100,0.6437084674835205,0.575387716293335,0.0681212991476059,1.9944592714309692,
4,1,0.7437499761581421,0.6557598114013672,0.0877227857708931,2.6737682819366455,
4,2,0.561080813407898,0.49999940395355225,0.06066655367612839,4.148643493652344,
4,3,0.7657484412193298,0.689591646194458,0.07594077289104462,2.160175085067749,
4,4,0.7514551281929016,0.6791747808456421,0.0720592588186264,2.210597038269043,
4,5,0.6405342817306519,0.5818623304367065,0.05847993493080139,1.9202673435211182,
4,6,0.7424916625022888,0.6566846370697021,0.08549220860004425,3.148047924041748,
4,7,0.7114464640617371,0.6251668334007263,0.08572933822870255,5.502511978149414,
4,8,0.528986394405365,0.4736325144767761,0.05506598949432373,2.879044532775879,
4,9,0.5047786235809326,0.44123217463493347,0.0631006509065628,4.457666397094727,
4,10,0.7358696460723877,0.6477981805801392,0.08781681209802628,2.5462474822998047,
4,11,0.8454716205596924,0.7746737599372864,0.07019927352666855,5.986239433288574,
4,12,0.6089850664138794,0.5408885478973389,0.06789359450340271,2.0287392139434814,
4,13,0.49158400297164917,0.433167964220047,0.058024562895298004,3.914754629135132,
4,14,0.9270450472831726,0.823096752166748,0.10363829135894775,3.0999693870544434,
4,15,0.37707051634788513,0.3425326645374298,0.03439246490597725,1.4537866115570068,
4,16,0.3331996500492096,0.29422527551651,0.03881475329399109,1.59623122215271,
4,17,0.5173657536506653,0.4491570293903351,0.06775522232055664,4.535109043121338,
4,18,0.9007450342178345,0.7938610315322876,0.10657405853271484,3.099592685699463,
4,19,0.5082692503929138,0.44361263513565063,0.06422033905982971,4.362338066101074,
4,20,0.5646334886550903,0.49104979634284973,0.07310684025287628,4.768397808074951,
4,21,0.7887625694274902,0.6834016442298889,0.10506466031074524,2.9623217582702637,
4,22,0.6150103211402893,0.5369092226028442,0.07788276672363281,2.1835100650787354,
4,23,0.5055475831031799,0.4366992712020874,0.0686570554971695,1.9127832651138306,
4,24,0.5306398868560791,0.47337639331817627,0.0568813793361187,3.8210067749023438,
4,25,1.0044405460357666,0.8777240514755249,0.12633585929870605,3.8059303760528564,
4,26,0.7363794445991516,0.6417322158813477,0.09438721835613251,2.5997583866119385,
4,27,0.9124108552932739,0.8015099763870239,0.11058473587036133,3.161682367324829,
4,28,0.6561784744262695,0.5556982755661011,0.09994447231292725,5.357561111450195,
4,29,0.4435800015926361,0.398029625415802,0.04531444236636162,2.3594295978546143,
4,30,0.5382198095321655,0.46899813413619995,0.0688140019774437,4.076759338378906,
4,31,0.43489354848861694,0.38942989706993103,0.045185308903455734,2.783649206161499,
4,32,0.5829015970230103,0.5300654172897339,0.05253676325082779,2.993769884109497,
4,33,0.9546705484390259,0.8229337930679321,0.1313728392124176,3.6391961574554443,
4,34,0.9760456085205078,0.8408149480819702,0.13483932614326477,3.913395881652832,
4,35,0.4258016347885132,0.3815080523490906,0.04397667199373245,3.169161558151245,
4,36,0.46209412813186646,0.40771162509918213,0.05403600633144379,3.4648120403289795,
4,37,0.7246425747871399,0.6314250230789185,0.0929604023694992,2.571458339691162,
4,38,0.32090213894844055,0.28415316343307495,0.03661132976412773,1.3766934871673584,
4,39,0.5882326364517212,0.5176472663879395,0.07038213312625885,2.0325815677642822,
4,40,0.46627625823020935,0.41384825110435486,0.052115172147750854,3.1284961700439453,
4,41,0.5512135028839111,0.47282594442367554,0.0778237134218216,5.638426780700684,
4,42,0.9142596125602722,0.8000881671905518,0.11384611576795578,3.253133535385132,
4,43,0.4397250711917877,0.3940298855304718,0.04534917697310448,3.459994316101074,
4,44,0.6188442707061768,0.5469578504562378,0.07167956233024597,2.0685627460479736,
4,45,0.7355872392654419,0.6434080600738525,0.0919027104973793,2.7644739151000977,
4,46,0.7350032329559326,0.6486425399780273,0.08606825768947601,2.92399001121521,
4,47,0.5887587666511536,0.5262593030929565,0.0621248222887516,3.7461159229278564,
4,48,0.4703650176525116,0.4103027880191803,0.059606730937957764,4.555129051208496,
4,49,0.4440806806087494,0.3959044814109802,0.04784855991601944,3.276578664779663,
4,50,0.8928340673446655,0.7773598432540894,0.11515150964260101,3.2270162105560303,
4,51,0.49510079622268677,0.43176159262657166,0.06303545832633972,3.0375850200653076,
4,52,1.006610631942749,0.8980271220207214,0.10827862471342087,3.048856735229492,
4,53,0.4469802975654602,0.39172905683517456,0.0549219511449337,3.292856216430664,
4,54,0.3999095857143402,0.3622642159461975,0.037498682737350464,1.4667500257492065,
4,55,0.5969481468200684,0.5083439350128174,0.08805597573518753,5.482571125030518,
4,56,0.8709656596183777,0.7479891777038574,0.12254337966442108,4.331043720245361,
4,57,0.9181575775146484,0.7644315958023071,0.153329998254776,3.9602468013763428,
4,58,0.8184879422187805,0.6995024681091309,0.11866509914398193,3.203939437866211,
4,59,0.5264062285423279,0.46579229831695557,0.06019420549273491,4.197414398193359,
4,60,0.760985791683197,0.6561298370361328,0.104506716132164,3.4919447898864746,
4,61,0.9262139797210693,0.7917855978012085,0.13406650722026825,3.618433713912964,
4,62,0.3382032513618469,0.29782402515411377,0.040225882083177567,1.533449411392212,
4,63,0.4501253068447113,0.39116501808166504,0.05862383916974068,3.3643910884857178,
4,64,0.5335604548454285,0.4760306775569916,0.0571756511926651,3.540952682495117,
4,65,0.36275267601013184,0.3197219967842102,0.042797669768333435,2.3299202919006348,
4,66,0.5404348969459534,0.4590696394443512,0.08090849220752716,4.567531585693359,
4,67,0.6954551935195923,0.5929930210113525,0.10213705897331238,3.2505574226379395,
4,68,0.706532895565033,0.5912250876426697,0.11449666321277618,8.111781120300293,
4,69,0.5374273061752319,0.4490193724632263,0.0878908783197403,5.170737266540527,
4,70,0.6728352308273315,0.5695440173149109,0.10300381481647491,2.8740830421447754,
4,71,0.3667140305042267,0.32248035073280334,0.043967194855213165,2.6648311614990234,
4,72,0.5210933685302734,0.44428110122680664,0.07634320855140686,4.690886497497559,
4,73,0.6225587129592896,0.5010769367218018,0.12081406265497208,6.6769208908081055,
4,74,0.6359343528747559,0.5376609563827515,0.09798342734575272,2.8996310234069824,
4,75,0.5353676080703735,0.4536898732185364,0.08113712072372437,5.405934810638428,
4,76,0.5715775489807129,0.4783831238746643,0.0924898162484169,7.0461320877075195,
4,77,0.6819575428962708,0.5698273777961731,0.11148148030042648,6.487008094787598,
4,78,0.46605074405670166,0.3943539559841156,0.0715055838227272,1.912195086479187,
4,79,0.6691814064979553,0.5744585990905762,0.0944463387131691,2.7642948627471924,
4,80,0.8234090805053711,0.7039492726325989,0.1190606951713562,3.990835428237915,
4,81,0.6223651170730591,0.5413621664047241,0.08079874515533447,2.042050838470459,
4,82,0.3278273344039917,0.28097009658813477,0.04664699733257294,2.1021153926849365,
4,83,0.513410747051239,0.4518592357635498,0.06114736199378967,4.042039394378662,
4,84,0.9594370126724243,0.8361165523529053,0.12285901606082916,4.61443567276001,
4,85,0.6314616799354553,0.5355298519134521,0.09568163007497787,2.502363920211792,
4,86,0.6937371492385864,0.590378999710083,0.10302028059959412,3.3781535625457764,
4,87,0.5929498672485352,0.5037470459938049,0.08896554261445999,2.3731257915496826,
4,88,0.5071853399276733,0.43053844571113586,0.07626137137413025,3.8552823066711426,
4,89,0.5177696943283081,0.4308161735534668,0.0864635780453682,4.899428367614746,
4,90,0.6450510621070862,0.5446387529373169,0.10015346109867096,2.588888645172119,
4,91,0.6867557764053345,0.5789135694503784,0.10755403339862823,2.881883144378662,
4,92,0.5919813513755798,0.502314567565918,0.08942629396915436,2.404911994934082,
4,93,0.45403000712394714,0.38217732310295105,0.07166127860546112,1.9142652750015259,
4,94,0.527039110660553,0.4385860860347748,0.08797180652618408,4.811625003814697,
4,95,0.803135335445404,0.6873874664306641,0.11544723808765411,3.0065736770629883,
4,96,0.6041288375854492,0.5171678066253662,0.08672928810119629,2.3171885013580322,
4,97,0.4058453142642975,0.35172373056411743,0.05386440083384514,2.5719292163848877,
4,98,0.35669460892677307,0.30230438709259033,0.054163478314876556,2.2673065662384033,
4,99,0.3325197398662567,0.2868903577327728,0.04544704407453537,1.8232446908950806,
4,100,0.8957729339599609,0.7475619316101074,0.14783695340156555,3.7408642768859863,
5,1,0.3888513147830963,0.3346182107925415,0.05394669994711876,2.8639557361602783,
5,2,0.5865814089775085,0.47080445289611816,0.11521347612142563,5.635123252868652,
5,3,0.9704654812812805,0.8473888635635376,0.12275111675262451,3.254899501800537,
5,4,0.5356193780899048,0.4436383843421936,0.09145781397819519,5.232076644897461,
5,5,0.8955475687980652,0.7611680030822754,0.1339571326971054,4.224253177642822,
5,6,0.9027482271194458,0.765516996383667,0.13681070506572723,4.20503568649292,
5,7,0.5344452857971191,0.44233816862106323,0.09161600470542908,4.911627769470215,
5,8,0.5335918664932251,0.44687968492507935,0.08613698929548264,5.752060890197754,
5,9,0.9931685328483582,0.8616560101509094,0.13116733729839325,3.4514548778533936,
5,10,0.5465738773345947,0.4608796536922455,0.08546942472457886,2.248567819595337,
5,11,0.7260681390762329,0.6063528656959534,0.11927330493927002,4.419912815093994,
5,12,0.44613492488861084,0.37891313433647156,0.06685373187065125,3.6805036067962646,
5,13,0.39131733775138855,0.340642511844635,0.050458576530218124,2.1623852252960205,
5,14,0.3256421387195587,0.27627623081207275,0.04916922003030777,1.9668669700622559,
5,15,0.6168476939201355,0.5279467105865479,0.08868343383073807,2.1754062175750732,
5,16,0.804897665977478,0.6684624552726746,0.13551628589630127,9.189489364624023,
5,17,0.6302076578140259,0.5253312587738037,0.10459700971841812,2.793583393096924,
5,18,0.3392794132232666,0.28905022144317627,0.05003448575735092,1.9468473196029663,
5,19,0.8592917323112488,0.7078685760498047,0.15103186666965485,3.9132986068725586,
5,20,0.6742576360702515,0.5587279796600342,0.11518503725528717,3.4462122917175293,
5,21,0.46371951699256897,0.38013672828674316,0.08311405032873154,4.687176704406738,
5,22,0.49768805503845215,0.40580981969833374,0.09136161208152771,5.166161060333252,
5,23,0.5000368356704712,0.40821218490600586,0.09135347604751587,4.711851596832275,
5,24,0.660195529460907,0.5476226210594177,0.11221830546855927,3.545628786087036,
5,25,0.4929683208465576,0.39881831407546997,0.09359602630138397,5.539562225341797,
5,26,0.6873487234115601,0.563036322593689,0.1239064410328865,4.059879302978516,
5,27,0.6589730381965637,0.5391697883605957,0.11948871612548828,3.145075559616089,
5,28,0.5696881413459778,0.4756056070327759,0.0938287079334259,2.5384578704833984,
5,29,0.5429475903511047,0.4331440329551697,0.10916826128959656,6.353090763092041,
5,30,0.5460498332977295,0.4560788869857788,0.08974264562129974,2.2830638885498047,
5,31,0.669029951095581,0.5545659065246582,0.11412062495946884,3.4346957206726074,
5,32,0.4732654094696045,0.3946356773376465,0.0784294456243515,2.0026907920837402,
5,33,0.45417359471321106,0.37748655676841736,0.0764908716082573,1.9616484642028809,
5,34,0.9129302501678467,0.7662225961685181,0.14619508385658264,5.126108646392822,
5,35,0.3360089361667633,0.28698962926864624,0.04880056530237198,2.187624216079712,
5,36,0.5179210305213928,0.4352166950702667,0.08249681442975998,2.075453281402588,
5,37,0.5052847266197205,0.41256117820739746,0.09218251705169678,5.410310745239258,
5,38,0.6758870482444763,0.5633823871612549,0.11221564561128616,2.8900086879730225,
5,39,0.886329174041748,0.7131007313728333,0.17280368506908417,4.247282981872559,
5,40,0.7018835544586182,0.59294593334198,0.10863225162029266,3.053675889968872,
5,41,0.4259584844112396,0.35552290081977844,0.07007871568202972,3.568774700164795,
5,42,0.724031925201416,0.5723357200622559,0.15078842639923096,9.077966690063477,
5,43,0.5267766118049622,0.4484848976135254,0.0777805894613266,5.1113128662109375,
5,44,0.8469368815422058,0.7017362117767334,0.14483824372291565,3.6243457794189453,
5,45,0.5759381055831909,0.4777396321296692,0.09795060008764267,2.4789774417877197,
5,46,0.34884560108184814,0.29023227095603943,0.058370787650346756,2.4254586696624756,
5,47,0.40320876240730286,0.33528026938438416,0.06754954904317856,3.7894794940948486,
5,48,0.5028586387634277,0.4189426898956299,0.08371599018573761,1.9997140169143677,
5,49,0.6814011931419373,0.576777458190918,0.10434527695178986,2.7845635414123535,
5,50,0.32657235860824585,0.2764137089252472,0.04996577650308609,1.928667664527893,
5,51,0.3636091947555542,0.3138939142227173,0.04946284741163254,2.5241122245788574,
5,52,0.5216109156608582,0.43445509672164917,0.08674319833517075,4.12624979019165,
5,53,0.5700985789299011,0.48235344886779785,0.08724663406610489,4.984739303588867,
5,54,0.5029922127723694,0.4032456874847412,0.0992104783654213,5.360457897186279,
5,55,0.6869419813156128,0.5675913095474243,0.11901287734508514,3.3775100708007812,
5,56,0.5150485634803772,0.4361540675163269,0.07840730994939804,4.872002601623535,
5,57,1.267427682876587,1.119527816772461,0.1472155749797821,6.842191696166992,
5,58,0.44086891412734985,0.36151400208473206,0.07889924943447113,4.5569233894348145,
5,59,0.4660968482494354,0.3757476806640625,0.09012511372566223,2.240642547607422,
5,60,0.5029270052909851,0.40370821952819824,0.09869473427534103,5.240344524383545,
5,61,0.8636077046394348,0.7016936540603638,0.16150958836078644,4.044780731201172,
5,62,0.5682916045188904,0.470885306596756,0.09671948850154877,6.867984294891357,
5,63,0.8719193339347839,0.7030926942825317,0.16836784780025482,4.587929725646973,
5,64,0.5446102023124695,0.426919162273407,0.11700018495321274,6.908860683441162,
5,65,0.5634098649024963,0.44150644540786743,0.12114013731479645,7.632899284362793,
5,66,0.796688437461853,0.6588935256004333,0.13669618964195251,10.987566947937012,
5,67,0.9730573892593384,0.7836992740631104,0.18884219229221344,5.159244537353516,
5,68,0.34257128834724426,0.27709874510765076,0.06522107124328613,2.514754295349121,
5,69,0.29997384548187256,0.2458227574825287,0.05392002314329147,2.3104286193847656,
5,70,0.6071511507034302,0.49919331073760986,0.10770140588283539,2.5642096996307373,
5,71,0.6830065250396729,0.5620271563529968,0.12064617872238159,3.3316972255706787,
5,72,0.4391251504421234,0.35547566413879395,0.08344705402851105,2.0246195793151855,
5,73,0.4890003502368927,0.4045379161834717,0.08395704627037048,5.0538530349731445,
5,74,0.5065643191337585,0.40671026706695557,0.09935720264911652,4.968622207641602,
5,75,0.5666452050209045,0.4594149589538574,0.10693283379077911,2.974329948425293,
5,76,0.6671621203422546,0.5355393886566162,0.1312965750694275,3.2617452144622803,
5,77,0.7650243639945984,0.6193220019340515,0.1452420949935913,4.602904796600342,
5,78,0.4303106367588043,0.3407862186431885,0.08890880644321442,6.156174182891846,
5,79,0.6584123969078064,0.5200662612915039,0.13752853870391846,8.176060676574707,
5,80,0.40955284237861633,0.33214110136032104,0.07698529958724976,4.26437520980835,
5,81,0.46385636925697327,0.37369292974472046,0.0897868424654007,3.765984058380127,
5,82,0.3685998320579529,0.3100457787513733,0.05828754976391792,2.66483473777771,
5,83,0.40763530135154724,0.3316994309425354,0.0754484087228775,4.874767780303955,
5,84,0.4899362325668335,0.4038466811180115,0.08572651445865631,3.6305668354034424,
5,85,0.7642129063606262,0.6216676235198975,0.1421918421983719,3.534749984741211,
5,86,0.8805046081542969,0.7209432721138,0.1590544432401657,5.068581581115723,
5,87,0.6519151926040649,0.5320781469345093,0.11952034384012222,3.166654109954834,
5,88,0.54911208152771,0.4533277153968811,0.09553950279951096,2.4483814239501953,
5,89,0.32226377725601196,0.27454984188079834,0.04754301905632019,1.7092379331588745,
5,90,0.34062662720680237,0.27984344959259033,0.060549598187208176,2.3358347415924072,
5,91,0.6726024746894836,0.5520869493484497,0.12019143253564835,3.2405853271484375,
5,92,0.6952438354492188,0.5616434812545776,0.13328132033348083,3.1898984909057617,
5,93,0.7790942192077637,0.6303647756576538,0.14836058020591736,3.688262701034546,
5,94,0.8233280181884766,0.6594188213348389,0.16350291669368744,4.062525749206543,
5,95,0.8278577923774719,0.6454424262046814,0.18199479579925537,4.20548677444458,
5,96,0.8258426785469055,0.6448891162872314,0.1805325299501419,4.21048641204834,
5,97,0.48296764492988586,0.37637221813201904,0.10606594383716583,5.295055389404297,
5,98,0.9031313061714172,0.7434841990470886,0.15924370288848877,4.034235000610352,
5,99,0.5023723840713501,0.38257676362991333,0.11922037601470947,5.7527289390563965,
5,100,0.32689282298088074,0.27324378490448,0.053409427404403687,2.396109104156494,
6,1,0.6899763941764832,0.554397463798523,0.13524878025054932,3.301297187805176,
6,2,0.8374844193458557,0.7365018129348755,0.1003001257777214,6.824516773223877,
6,3,0.48942404985427856,0.39842522144317627,0.0907878652215004,2.109736442565918,
6,4,0.41113337874412537,0.33084636926651,0.0798032358288765,4.837868690490723,
6,5,0.489664763212204,0.3866505026817322,0.10243654251098633,5.77730655670166,
6,6,0.716579020023346,0.590758204460144,0.12514322996139526,6.776121139526367,
6,7,0.9759350419044495,0.7795038223266602,0.19589100778102875,5.401963710784912,
6,8,0.39690887928009033,0.32283467054367065,0.07374856621026993,3.256472587585449,
6,9,0.7534543871879578,0.6053037643432617,0.14778509736061096,3.655670166015625,
6,10,0.733515739440918,0.5860891342163086,0.14698445796966553,4.4214701652526855,
6,11,0.4965002238750458,0.3971419930458069,0.09912798553705215,2.302644729614258,
6,12,0.8302890062332153,0.6512345671653748,0.17863348126411438,4.2090301513671875,
6,13,0.647106945514679,0.5390536785125732,0.10712797194719315,9.253305435180664,
6,14,0.3136565089225769,0.2555108666419983,0.05791475623846054,2.308830738067627,
6,15,0.6560858488082886,0.5221168398857117,0.13364100456237793,3.2800686359405518,
6,16,0.6717497706413269,0.5443889498710632,0.12701432406902313,3.4650299549102783,
6,17,0.8949136734008789,0.7181879281997681,0.17616358399391174,5.621758460998535,
6,18,0.9095207452774048,0.7229197025299072,0.18612834811210632,4.726543426513672,
6,19,0.4888078570365906,0.3780251145362854,0.11018310487270355,5.9960832595825195,
6,20,0.5950387120246887,0.4856501817703247,0.10909919440746307,2.89311146736145,
6,21,1.5086486339569092,1.269343614578247,0.23702770471572876,22.774303436279297,
6,22,0.9146202206611633,0.7388386726379395,0.17533180117607117,4.497304916381836,
6,23,0.8741391897201538,0.7064614295959473,0.16716384887695312,5.139157295227051,
6,24,0.6239181756973267,0.49937766790390015,0.1242183968424797,3.2208964824676514,
6,25,0.6277201175689697,0.512435793876648,0.11497189104557037,3.1246113777160645,
6,26,0.6713668704032898,0.5167614221572876,0.15343979001045227,11.65679931640625,
6,27,0.958254337310791,0.7687587141990662,0.18858221173286438,9.134078979492188,
6,28,0.2910030484199524,0.2353322058916092,0.05549109727144241,1.7972854375839233,
6,29,0.48352378606796265,0.3700364828109741,0.11282335221767426,6.639468193054199,
6,30,0.7006604075431824,0.568124532699585,0.1322127729654312,3.2312848567962646,
6,31,0.37338367104530334,0.2968747019767761,0.07606308162212372,4.45873498916626,
6,32,0.8563297986984253,0.6903234720230103,0.16545793414115906,5.483496189117432,
6,33,0.7909015417098999,0.631852388381958,0.15866470336914062,3.844597816467285,
6,34,0.3945254683494568,0.3333611786365509,0.06092710420489311,2.3719377517700195,
6,35,0.4313616454601288,0.33870935440063477,0.09214267879724503,5.096116542816162,
6,36,0.298697292804718,0.24510641396045685,0.053377486765384674,2.1337196826934814,
6,37,0.6824061870574951,0.5706661343574524,0.11143790185451508,3.0212290287017822,
6,38,0.39367133378982544,0.3188190460205078,0.07454729080200195,3.050039052963257,
6,39,0.5835409760475159,0.4737652540206909,0.10952513664960861,2.5055880546569824,
6,40,0.34807533025741577,0.2884364128112793,0.05940965563058853,2.292745590209961,
6,41,0.6400898694992065,0.5181924700737,0.1215904951095581,3.0691230297088623,
6,42,0.34435343742370605,0.2829620838165283,0.06104530766606331,3.4603309631347656,
6,43,0.42649999260902405,0.32797127962112427,0.09788669645786285,6.420365810394287,
6,44,0.4168698787689209,0.33687010407447815,0.07965737581253052,3.424058198928833,
6,45,0.47348782420158386,0.3795904815196991,0.0933753028512001,5.22036075592041,
6,46,0.6787531971931458,0.5344159007072449,0.14391666650772095,4.2061896324157715,
6,47,0.40814003348350525,0.32179975509643555,0.08581169694662094,5.285723686218262,
6,48,0.5232725739479065,0.4105479121208191,0.11202558875083923,6.990783214569092,
6,49,0.48597821593284607,0.3818210959434509,0.10346519201993942,6.9193501472473145,
6,50,0.8968164324760437,0.7217141389846802,0.174547478556633,5.54798698425293,
6,51,0.7071366906166077,0.5664669871330261,0.14034315943717957,3.265946388244629,
6,52,0.6114240884780884,0.48968076705932617,0.12143977731466293,3.035475730895996,
6,53,0.4687541425228119,0.35976657271385193,0.10840131342411041,5.8622822761535645,
6,54,0.5168408155441284,0.4112187623977661,0.10537716746330261,2.448338508605957,
6,55,0.2903909683227539,0.2326742708683014,0.057493120431900024,2.2359001636505127,
6,56,0.3869473934173584,0.31202927231788635,0.07461707293987274,3.010685682296753,
6,57,0.4279187321662903,0.3350168764591217,0.09251682460308075,3.8503873348236084,
6,58,0.5915339589118958,0.46608030796051025,0.12514838576316833,3.052553176879883,
6,59,0.46826833486557007,0.36177754402160645,0.10609403997659683,3.967583417892456,
6,60,0.6655438542366028,0.5253163576126099,0.13990113139152527,3.263110399246216,
6,61,0.969062328338623,0.7501095533370972,0.218336284160614,6.1646294593811035,
6,62,1.333356261253357,1.0524494647979736,0.2796448767185211,12.619377136230469,
6,63,0.5070406794548035,0.3835170865058899,0.12292730808258057,5.963137149810791,
6,64,0.5483151078224182,0.43238365650177,0.11562778055667877,3.0365962982177734,
6,65,0.48406505584716797,0.35903453826904297,0.1243719756603241,6.585335731506348,
6,66,0.601031482219696,0.4800480008125305,0.12068548798561096,2.979766607284546,
6,67,0.6339340806007385,0.47041910886764526,0.1627117097377777,8.033173561096191,
6,68,0.5700963735580444,0.4525355100631714,0.11730079352855682,2.6008403301239014,
6,69,0.4206227958202362,0.3296355605125427,0.09077924489974976,2.0798990726470947,
6,70,0.8456099033355713,0.6689594984054565,0.17616641521453857,4.8400373458862305,
6,71,0.7568203806877136,0.5963305234909058,0.160112664103508,3.771580457687378,
6,72,0.36126551032066345,0.28335773944854736,0.0775279700756073,3.798083782196045,
6,73,0.3116191625595093,0.25118952989578247,0.06020253151655197,2.2708706855773926,
6,74,0.5859116911888123,0.4654308259487152,0.12018156051635742,2.992966651916504,
6,75,0.7770960330963135,0.616303563117981,0.16040778160095215,3.847027540206909,
6,76,0.4890989363193512,0.37451639771461487,0.1140371784567833,5.453484535217285,
6,77,0.43273988366127014,0.34355688095092773,0.08897474408149719,2.0825135707855225,
6,78,0.6776548027992249,0.5325424671173096,0.1447569876909256,3.5537517070770264,
6,79,0.3015178143978119,0.24268969893455505,0.058619655668735504,2.0847113132476807,
6,80,0.43879052996635437,0.3477133512496948,0.09086716175079346,2.1002182960510254,
6,81,0.4922039806842804,0.3853604197502136,0.10613138973712921,7.122007846832275,
6,82,0.4860803186893463,0.3722938895225525,0.11327464878559113,5.118069171905518,
6,83,0.6746154427528381,0.5289359092712402,0.1452932059764862,3.8632001876831055,
6,84,0.2812402844429016,0.22587977349758148,0.055190976709127426,1.6953647136688232,
6,85,0.6325236558914185,0.4737374186515808,0.15802359580993652,7.626594066619873,
6,86,0.36092764139175415,0.2807037830352783,0.07982975244522095,3.941094160079956,
6,87,0.310807466506958,0.25198274850845337,0.05862784385681152,1.9686447381973267,
6,88,0.7298177480697632,0.5695534944534302,0.15989208221435547,3.7214279174804688,
6,89,0.6787191033363342,0.5288156867027283,0.14955496788024902,3.4842119216918945,
6,90,0.7787773609161377,0.6068731546401978,0.17150405049324036,4.001600742340088,
6,91,0.8735446929931641,0.6868050694465637,0.18617258965969086,5.6702985763549805,
6,92,0.5981824994087219,0.4683495759963989,0.12948429584503174,3.486196994781494,
6,93,0.3610198199748993,0.2843519449234009,0.07638151943683624,2.8635756969451904,
6,94,0.44634708762168884,0.33294060826301575,0.1128857359290123,5.2073750495910645,
6,95,0.35242846608161926,0.2741861641407013,0.07788911461830139,3.531733989715576,
6,96,0.6684775352478027,0.5182980298995972,0.14981794357299805,3.6154956817626953,
6,97,0.49097657203674316,0.37333405017852783,0.11691214144229889,7.303847789764404,
6,98,0.5457068085670471,0.3833703100681305,0.16165007650852203,6.864268779754639,
6,99,0.6550747156143188,0.5203123092651367,0.13442885875701904,3.3356106281280518,
6,100,0.743015706539154,0.5815807580947876,0.16102361679077148,4.113606929779053,
7,1,0.5853698253631592,0.45802241563796997,0.12706619501113892,2.812244415283203,
7,2,0.4918685555458069,0.36395716667175293,0.1273365020751953,5.748992919921875,
7,3,0.8386264443397522,0.6607837677001953,0.17741930484771729,4.233731746673584,
7,4,0.7484196424484253,0.5916854739189148,0.15636734664440155,3.6680893898010254,
7,5,0.6811739206314087,0.5369775295257568,0.14386534690856934,3.3106770515441895,
7,6,0.46862590312957764,0.37234169244766235,0.09607268869876862,2.1152896881103516,
7,7,0.3243411183357239,0.26432445645332336,0.05982538312673569,1.9127110242843628,
7,8,0.7338430881500244,0.5806565284729004,0.15282364189624786,3.6291086673736572,
7,9,0.37766188383102417,0.299406498670578,0.07796580344438553,2.8959386348724365,
7,10,0.7564883828163147,0.5981101989746094,0.15801432728767395,3.6386797428131104,
7,11,0.8088477849960327,0.6385631561279297,0.16989190876483917,3.927316904067993,
7,12,0.36087566614151,0.2828447222709656,0.07775062322616577,2.80332350730896,
7,13,0.33102861046791077,0.25830990076065063,0.07246799021959305,2.5072567462921143,
7,14,0.5227682590484619,0.40017271041870117,0.12190492451190948,6.906208515167236,
7,15,0.823222815990448,0.6505784392356873,0.17219048738479614,4.539176940917969,
7,16,0.4576066732406616,0.35473155975341797,0.10237257182598114,5.0251593589782715,
7,17,0.3515191674232483,0.2745795249938965,0.076601043343544,3.3861048221588135,
7,18,0.7730104327201843,0.6076287031173706,0.1650124192237854,3.693359613418579,
7,19,0.4053584635257721,0.3034415543079376,0.10136973857879639,5.471785068511963,
7,20,0.934330940246582,0.7363457679748535,0.19750602543354034,4.7917256355285645,
7,21,0.8116076588630676,0.6293532848358154,0.1818469762802124,4.074045658111572,
7,22,0.7018320560455322,0.5409358739852905,0.16048012673854828,4.160433292388916,
7,23,0.4473578631877899,0.34231114387512207,0.10454057157039642,5.061343193054199,
7,24,0.4754842519760132,0.35484638810157776,0.12004931271076202,5.885255336761475,
7,25,0.6129390001296997,0.452653706073761,0.1595577597618103,7.27541446685791,
7,26,0.8519411087036133,0.6594414710998535,0.1919492483139038,5.5037360191345215,
7,27,0.3596852123737335,0.275415301322937,0.08398683369159698,2.8309242725372314,
7,28,0.29906919598579407,0.2355424165725708,0.06332872807979584,1.9804775714874268,
7,29,0.662611186504364,0.5027010440826416,0.1595313549041748,3.7877724170684814,
7,30,0.8653826117515564,0.6734585165977478,0.1914839893579483,4.401413917541504,
7,31,0.440441370010376,0.3145987093448639,0.12523068487644196,6.1197190284729,
7,32,0.7266637682914734,0.5531783103942871,0.17308561503887177,3.9981117248535156,
7,33,0.3107157349586487,0.24258087575435638,0.06786108762025833,2.737522840499878,
7,34,0.6495515704154968,0.49777984619140625,0.15142805874347687,3.437074899673462,
7,35,0.5539445877075195,0.42860841751098633,0.12506882846355438,2.6733269691467285,
7,36,0.4606912136077881,0.3402683734893799,0.1198040246963501,6.1882452964782715,
7,37,0.49052146077156067,0.36953386664390564,0.12026011198759079,7.274728298187256,
7,38,0.7409296035766602,0.5703385472297668,0.17020760476589203,3.8341572284698486,
7,39,0.618042528629303,0.47660380601882935,0.1410953253507614,3.433978319168091,
7,40,0.4272300899028778,0.322956919670105,0.10380569100379944,4.674834251403809,
7,41,0.47970050573349,0.35997486114501953,0.11899445205926895,7.312075138092041,
7,42,0.8513267040252686,0.6644905805587769,0.18637537956237793,4.607346057891846,
7,43,0.43328481912612915,0.3122137486934662,0.12050843238830566,5.626420974731445,
7,44,0.3268336355686188,0.2566751539707184,0.06990645825862885,2.520383358001709,
7,45,0.34989964962005615,0.2696002125740051,0.07994970679283142,3.497246742248535,
7,46,0.44728973507881165,0.3328551650047302,0.11401432752609253,4.202456951141357,
7,47,0.3711670935153961,0.2882065176963806,0.08267102390527725,2.895510673522949,
7,48,0.8422293663024902,0.6521406769752502,0.18956172466278076,5.269753932952881,
7,49,0.6295130252838135,0.4888726472854614,0.14031551778316498,3.248624324798584,
7,50,0.41505882143974304,0.32559770345687866,0.08926291763782501,1.9822629690170288,
7,51,0.8604487180709839,0.6756358742713928,0.1843871772289276,4.256866455078125,
7,52,0.323721706867218,0.25532206892967224,0.06815359741449356,2.4605302810668945,
7,53,0.3009050190448761,0.24059170484542847,0.06011543422937393,1.9788421392440796,
7,54,0.4725930392742157,0.3509429097175598,0.12091907858848572,7.310564041137695,
7,55,0.6531407237052917,0.5073785781860352,0.1454106867313385,3.5147817134857178,
7,56,0.7169650197029114,0.5495948791503906,0.16699309647083282,3.7707672119140625,
7,57,0.8156281113624573,0.6308271884918213,0.18432019650936127,4.807365894317627,
7,58,0.7292231321334839,0.5572777390480042,0.1715148687362671,4.305017471313477,
7,59,0.5634501576423645,0.43852731585502625,0.12462607026100159,2.9674298763275146,
7,60,0.47689634561538696,0.34857040643692017,0.12763041257858276,6.955408573150635,
7,61,0.6495070457458496,0.4978582262992859,0.15130753815174103,3.413041114807129,
7,62,0.6398681402206421,0.46087655425071716,0.17816710472106934,8.244800567626953,
7,63,0.6401637196540833,0.48807892203330994,0.1517411172389984,3.436627149581909,
7,64,0.6978145241737366,0.5315319299697876,0.16588735580444336,3.9521970748901367,
7,65,0.619417130947113,0.4757330119609833,0.14332173764705658,3.623795747756958,
7,66,0.6565794348716736,0.5065719485282898,0.14965154230594635,3.5595028400421143,
7,67,0.5341959595680237,0.4115474224090576,0.12237410992383957,2.7444939613342285,
7,68,0.502919614315033,0.3895777463912964,0.1130869910120964,2.548480272293091,
7,69,0.40338459610939026,0.2964111864566803,0.1063745841383934,5.988191604614258,
7,70,0.448881596326828,0.3298303484916687,0.1186097115278244,4.415227890014648,
7,71,0.4944442808628082,0.3540256917476654,0.13973498344421387,6.835939884185791,
7,72,0.5532792806625366,0.42752236127853394,0.12549041211605072,2.665181875228882,
7,73,0.48193851113319397,0.34140849113464355,0.13984426856040955,6.857388496398926,
7,74,0.6130353212356567,0.47397762537002563,0.13870376348495483,3.539154291152954,
7,75,0.2975068986415863,0.23604746162891388,0.06122969835996628,2.297504186630249,
7,76,0.6525978446006775,0.5038090944290161,0.14845772087574005,3.3106935024261475,
7,77,0.9207288026809692,0.7102755308151245,0.20994168519973755,5.116088390350342,
7,78,0.4197770953178406,0.3289816081523895,0.09059689939022064,1.986114501953125,
7,79,0.4488668441772461,0.3376280665397644,0.11061607301235199,6.226766109466553,
7,80,0.5580137372016907,0.39488863945007324,0.16238698363304138,7.381071090698242,
7,81,0.710972249507904,0.5513776540756226,0.1592455506324768,3.4902660846710205,
7,82,0.4356618821620941,0.32583993673324585,0.10943226516246796,3.896544933319092,
7,83,0.6509999632835388,0.4998113512992859,0.1507875919342041,4.010222434997559,
7,84,0.3356086015701294,0.261135071516037,0.07403132319450378,4.422208786010742,
7,85,0.4332136809825897,0.3239576518535614,0.10886240750551224,3.936229944229126,
7,86,0.2752916216850281,0.21478691697120667,0.060301996767520905,2.0270204544067383,
7,87,0.4379478096961975,0.3351237177848816,0.10233466327190399,4.894201278686523,
7,88,0.43500006198883057,0.3342822194099426,0.10049573332071304,2.221231460571289,
7,89,0.8525424599647522,0.6560602188110352,0.1960226148366928,4.5958991050720215,
7,90,0.760654866695404,0.5786080956459045,0.18165205419063568,3.9472503662109375,
7,91,0.79808509349823,0.6174908876419067,0.1800704300403595,5.237995624542236,
7,92,0.5288246870040894,0.40764403343200684,0.1209038719534874,2.768211841583252,
7,93,0.756232738494873,0.584360659122467,0.17148450016975403,3.875674247741699,
7,94,0.5640190839767456,0.4264032244682312,0.13731849193572998,2.9737937450408936,
7,95,0.7177169322967529,0.5467196106910706,0.17061662673950195,3.8069376945495605,
7,96,0.5141388773918152,0.37633639574050903,0.13707512617111206,7.273429870605469,
7,97,0.40343764424324036,0.301455557346344,0.10160106420516968,3.8103342056274414,
7,98,0.4462919235229492,0.32610762119293213,0.11969165503978729,4.9263763427734375,
7,99,0.38949888944625854,0.28832024335861206,0.10067494958639145,5.036783218383789,
7,100,0.2923220098018646,0.22459954023361206,0.06750037521123886,2.2208714485168457,
8,1,0.580683708190918,0.44280362129211426,0.13756519556045532,3.1490392684936523,
8,2,0.6853296160697937,0.5231825113296509,0.16178233921527863,3.6478464603424072,
8,3,0.45541173219680786,0.3368220329284668,0.11807617545127869,5.135227680206299,
8,4,0.5341034531593323,0.40731340646743774,0.1262742578983307,5.157646656036377,
8,5,0.3517899513244629,0.2668992280960083,0.08460602164268494,2.846940040588379,
8,6,0.6604973673820496,0.5048419237136841,0.1553206443786621,3.34822154045105,
8,7,0.8087573051452637,0.6256608963012695,0.18262451887130737,4.719180583953857,
8,8,0.5367620587348938,0.3865070641040802,0.14962124824523926,6.337811470031738,
8,9,0.5367211699485779,0.4108375906944275,0.12562093138694763,2.626666307449341,
8,10,0.4386197030544281,0.3255797028541565,0.11256154626607895,4.784539222717285,
8,11,0.6230709552764893,0.4749699532985687,0.14777955412864685,3.2144477367401123,
8,12,0.5461421012878418,0.41478055715560913,0.13065937161445618,7.021613121032715,
8,13,0.4717537462711334,0.3527818024158478,0.11836662888526917,6.0530829429626465,
8,14,0.5587074160575867,0.4309849143028259,0.12742343544960022,2.990520715713501,
8,15,0.594913899898529,0.45349234342575073,0.14108988642692566,3.317286729812622,
8,16,0.8670327663421631,0.665310263633728,0.20125621557235718,4.66316556930542,
8,17,0.40284690260887146,0.304982990026474,0.09765376150608063,2.1013500690460205,
8,18,0.4452798068523407,0.3296905755996704,0.1150343120098114,5.549077987670898,
8,19,0.39992234110832214,0.2920510768890381,0.10728031396865845,5.90964937210083,
8,20,0.6268647909164429,0.47391659021377563,0.1525900512933731,3.581885576248169,
8,21,0.7886629104614258,0.6018001437187195,0.1864440143108368,4.187668800354004,
8,22,0.6639127135276794,0.5044515132904053,0.1591145098209381,3.467099666595459,
8,23,0.45397862792015076,0.3319163918495178,0.12147869169712067,5.835637092590332,
8,24,0.5234463214874268,0.39576494693756104,0.12740115821361542,2.801954984664917,
8,25,0.5269963145256042,0.3997313678264618,0.12698322534561157,2.8174760341644287,
8,26,0.28599920868873596,0.21738693118095398,0.06839057803153992,2.217034339904785,
8,27,0.5471134781837463,0.3955782651901245,0.15087032318115234,6.648914337158203,
8,28,0.2916656732559204,0.22346054017543793,0.0679934024810791,2.117091178894043,
8,29,0.9275003671646118,0.7221795916557312,0.20457452535629272,7.462378978729248,
8,30,0.7175314426422119,0.543209433555603,0.17393758893013,3.844684362411499,
8,31,0.6491091847419739,0.4909853935241699,0.15777695178985596,3.4681341648101807,
8,32,0.2938109338283539,0.22122986614704132,0.07230529934167862,2.7574784755706787,
8,33,0.6189514398574829,0.4638765752315521,0.15472856163978577,3.463205575942993,
8,34,0.27919283509254456,0.21632137894630432,0.06269549578428268,1.7596659660339355,
8,35,0.6122214198112488,0.4652670919895172,0.1466050148010254,3.4931862354278564,
8,36,0.8656808137893677,0.6517043113708496,0.2134721577167511,5.043667316436768,
8,37,0.5484540462493896,0.3897869288921356,0.15794511139392853,7.219703197479248,
8,38,0.45600539445877075,0.34268033504486084,0.11279964447021484,5.254210472106934,
8,39,0.3791646361351013,0.287433385848999,0.09128458797931671,4.466836452484131,
8,40,0.7010095119476318,0.541959822177887,0.15870216488838196,3.475015878677368,
8,41,0.33886629343032837,0.25680238008499146,0.08171847462654114,3.4544150829315186,
8,42,0.4178793728351593,0.3122001886367798,0.1052643433213234,4.1485772132873535,
8,43,0.36934855580329895,0.2768499255180359,0.09217973798513412,3.1887147426605225,
8,44,0.31657975912094116,0.2484866976737976,0.0678878128528595,2.0525243282318115,
8,45,0.8181113004684448,0.6453369855880737,0.17189234495162964,8.819639205932617,
8,46,0.616148829460144,0.4676726460456848,0.14815059304237366,3.255312442779541,
8,47,0.4935413599014282,0.3726438879966736,0.12017911672592163,7.183692932128906,
8,48,0.6142751574516296,0.45552343130111694,0.1579892635345459,7.624569416046143,
8,49,0.47489625215530396,0.35165348649024963,0.12261231243610382,6.304311275482178,
8,50,0.8802528381347656,0.6721441149711609,0.2075960487127304,5.126870155334473,
8,51,0.5755379796028137,0.43926459550857544,0.13517451286315918,10.988673210144043,
8,52,0.4863363802433014,0.3554799556732178,0.13002772629261017,8.287216186523438,
8,53,0.3102397918701172,0.23275673389434814,0.07716399431228638,3.190622091293335,
8,54,0.6539322137832642,0.4881943166255951,0.16494309902191162,7.947628498077393,
8,55,0.8056698441505432,0.6094083786010742,0.19573675096035004,5.24725866317749,
8,56,0.3420353829860687,0.2687631845474243,0.07302367687225342,2.485358476638794,
8,57,0.8902686238288879,0.6665503978729248,0.22316813468933105,5.500964164733887,
8,58,0.6035289764404297,0.4229234755039215,0.17974853515625,8.569799423217773,
8,59,0.6892297267913818,0.5175328254699707,0.17131315171718597,3.8373115062713623,
8,60,0.8844947218894958,0.6832945346832275,0.20061463117599487,5.855849266052246,
8,61,0.4491084814071655,0.33212441205978394,0.11655884981155396,4.252087116241455,
8,62,0.6788368821144104,0.5140920281410217,0.16434459388256073,4.0023884773254395,
8,63,0.42234569787979126,0.3184618055820465,0.10346954315900803,4.143558025360107,
8,64,0.3343423306941986,0.2600014805793762,0.0740874707698822,2.5338220596313477,
8,65,0.7316274642944336,0.5643185973167419,0.1668481081724167,4.607636451721191,
8,66,0.5557315945625305,0.4283738136291504,0.12708812952041626,2.6967928409576416,
8,67,0.5453945398330688,0.4241762161254883,0.12095094472169876,2.673711061477661,
8,68,0.3997630774974823,0.3104499578475952,0.0888708084821701,4.422959804534912,
8,69,0.514480471611023,0.3902866244316101,0.12337088584899902,8.229427337646484,
8,70,0.3914729356765747,0.29801803827285767,0.09299390017986298,4.609681606292725,
8,71,0.272924542427063,0.2066744565963745,0.06602299213409424,2.2708425521850586,
8,72,0.5935586094856262,0.4578867256641388,0.13537566363811493,2.9624788761138916,
8,73,0.8418315649032593,0.6602416038513184,0.1810646504163742,5.252849578857422,
8,74,0.6769781112670898,0.514785885810852,0.16111159324645996,10.806096076965332,
8,75,0.4413164556026459,0.3454473614692688,0.09566205739974976,2.070474147796631,
8,76,0.6711931228637695,0.5156880617141724,0.15516075491905212,3.442979335784912,
8,77,0.6361265778541565,0.4870956540107727,0.148668110370636,3.6281213760375977,
8,78,0.3230157494544983,0.24165794253349304,0.08105479180812836,3.030151128768921,
8,79,0.5866314172744751,0.4513004422187805,0.13501125574111938,3.197204113006592,
8,80,0.3719252049922943,0.2722431421279907,0.09915927797555923,5.227945327758789,
8,81,0.9229591488838196,0.709205687046051,0.21321728825569153,5.36156702041626,
8,82,0.41277140378952026,0.3030886650085449,0.10926104336977005,4.217000484466553,
8,83,0.6398571133613586,0.47009557485580444,0.16879615187644958,9.65443229675293,
8,84,0.870827853679657,0.6734790802001953,0.19682857394218445,5.201742172241211,
8,85,0.7751640677452087,0.5777256488800049,0.19701775908470154,4.20658540725708,
8,86,0.7925269603729248,0.5968276262283325,0.19523367285728455,4.656519889831543,
8,87,0.8624125719070435,0.6502357125282288,0.21167725324630737,4.99586820602417,
8,88,0.2779078781604767,0.2127441018819809,0.06495387107133865,2.0988657474517822,
8,89,0.5066823363304138,0.38514095544815063,0.12126757204532623,2.738098382949829,
8,90,0.44596385955810547,0.3176177740097046,0.12776680290699005,5.792876243591309,
8,91,0.5154193043708801,0.3939383327960968,0.1212090402841568,2.719001054763794,
8,92,0.8322787284851074,0.6289855241775513,0.20282244682312012,4.707608222961426,
8,93,0.7903830409049988,0.602417528629303,0.1873655468225479,5.999508380889893,
8,94,0.5389408469200134,0.3741911053657532,0.16403111815452576,7.186352252960205,
8,95,0.8093931078910828,0.6127190589904785,0.19621901214122772,4.550044536590576,
8,96,0.4076111912727356,0.30258387327194214,0.10464456677436829,3.8274667263031006,
8,97,0.3145882189273834,0.24289390444755554,0.07145391404628754,2.404118299484253,
8,98,0.4863649010658264,0.3467906713485718,0.13850021362304688,10.740090370178223,
8,99,0.40352094173431396,0.2931864857673645,0.10973512381315231,5.99315071105957,
8,100,0.38790789246559143,0.2894231081008911,0.09806669503450394,4.180850982666016,
9,1,0.5512735247612,0.4189092516899109,0.1320926696062088,2.7159323692321777,
9,2,0.5613894462585449,0.42966243624687195,0.13142040371894836,3.0662918090820312,
9,3,0.5979532599449158,0.4307563304901123,0.16640006005764008,7.968692779541016,
9,4,0.44026288390159607,0.318033903837204,0.1216340884566307,5.948976039886475,
9,5,0.7080298066139221,0.5414457321166992,0.1660718321800232,5.122613906860352,
9,6,0.5681794881820679,0.42739132046699524,0.14048798382282257,3.0017735958099365,
9,7,0.5916191935539246,0.44782400131225586,0.14346498250961304,3.301849126815796,
9,8,0.34177565574645996,0.2565467357635498,0.08484555035829544,3.8338096141815186,
9,9,0.6994303464889526,0.5296163558959961,0.16937321424484253,4.4076128005981445,
9,10,0.8229064345359802,0.6281155347824097,0.19422647356987,5.644106864929199,
9,11,0.7062929272651672,0.5342080593109131,0.17165446281433105,4.3043036460876465,
9,12,0.8433906435966492,0.6371239423751831,0.20579826831817627,4.684275150299072,
9,13,0.6954382061958313,0.5275223851203918,0.1665445864200592,13.712114334106445,
9,14,0.5375208258628845,0.3805822432041168,0.15625140070915222,6.87165641784668,
9,15,0.6326780915260315,0.4772038459777832,0.15513154864311218,3.426517963409424,
9,16,0.5367798209190369,0.40477144718170166,0.13172459602355957,2.8380255699157715,
9,17,0.6051446199417114,0.440950870513916,0.16341185569763184,7.819122791290283,
9,18,0.4669169485569,0.3533838391304016,0.1133001297712326,2.3295388221740723,
9,19,0.862717866897583,0.6484037637710571,0.21378138661384583,5.327389240264893,
9,20,0.4771404564380646,0.33910197019577026,0.1372489035129547,7.895713806152344,
9,21,0.6932814717292786,0.5157902836799622,0.17707914113998413,4.120723724365234,
9,22,0.5988612771034241,0.446782648563385,0.15170541405677795,3.7317755222320557,
9,23,0.8139641880989075,0.6173116564750671,0.19551342725753784,11.390931129455566,
9,24,0.27495843172073364,0.2120199203491211,0.06276541203260422,1.7308086156845093,
9,25,0.42590099573135376,0.3008655309677124,0.12439955770969391,6.359362602233887,
9,26,0.4242030382156372,0.29946744441986084,0.12416065484285355,5.7494635581970215,
9,27,0.41395583748817444,0.29401344060897827,0.11937268078327179,5.697328567504883,
9,28,0.623534083366394,0.4611404538154602,0.16203033924102783,3.6329565048217773,
9,29,0.7591679096221924,0.5687111616134644,0.18995621800422668,5.005475997924805,
9,30,0.46382296085357666,0.31759145855903625,0.14550554752349854,7.2594451904296875,
9,31,0.46476665139198303,0.3318261504173279,0.13223397731781006,7.06516695022583,
9,32,0.3000802993774414,0.23913560807704926,0.06075240671634674,1.9229795932769775,
9,33,0.6520478129386902,0.4908285140991211,0.16084137558937073,3.7796521186828613,
9,34,0.6150328516960144,0.46534621715545654,0.1493622064590454,3.244290828704834,
9,35,0.6616041660308838,0.5096276998519897,0.15151789784431458,4.585765838623047,
9,36,0.49228715896606445,0.37774384021759033,0.11429394781589508,2.493839740753174,
9,37,0.5409049987792969,0.41235628724098206,0.12825073301792145,2.979785203933716,
9,38,0.4360574781894684,0.3136689364910126,0.12192145735025406,4.670950412750244,
9,39,0.5370902419090271,0.40795138478279114,0.12885773181915283,2.811429977416992,
9,40,0.6099132299423218,0.46354764699935913,0.14601553976535797,3.500859022140503,
9,41,0.38700518012046814,0.29361820220947266,0.09318868815898895,1.9827202558517456,
9,42,0.46536925435066223,0.3341081440448761,0.13056667149066925,6.944250106811523,
9,43,0.4198826849460602,0.3183143138885498,0.10135132074356079,2.170549154281616,
9,44,0.9439145922660828,0.727656364440918,0.2146001160144806,16.581283569335938,
9,45,0.30744385719299316,0.23613479733467102,0.07101356983184814,2.9548168182373047,
9,46,0.5102540254592896,0.3809751272201538,0.12899629771709442,2.8256733417510986,
9,47,0.8549968004226685,0.632504403591156,0.2219512015581131,5.411857604980469,
9,48,0.29500582814216614,0.21927505731582642,0.07549304515123367,2.377417802810669,
9,49,0.49400460720062256,0.3395928740501404,0.15357816219329834,8.335795402526855,
9,50,0.30876195430755615,0.22764647006988525,0.0808490663766861,2.6642141342163086,
9,51,0.5581284761428833,0.40765321254730225,0.15015162527561188,3.236523151397705,
9,52,0.5857020020484924,0.4327521324157715,0.15260836482048035,3.414921522140503,
9,53,0.7147132754325867,0.536851167678833,0.17747125029563904,3.9081175327301025,
9,54,0.42578738927841187,0.30494117736816406,0.12039989233016968,4.4630842208862305,
9,55,0.5585361123085022,0.4164865016937256,0.1417447328567505,3.0485663414001465,
9,56,0.6582055687904358,0.49651697278022766,0.16133752465248108,3.5105409622192383,
9,57,0.577279806137085,0.43796318769454956,0.1389995515346527,3.1706748008728027,
9,58,0.5428903698921204,0.3870689868927002,0.15510369837284088,7.176724433898926,
9,59,0.4475556015968323,0.32415252923965454,0.12276139110326767,6.416856288909912,
9,60,0.30592837929725647,0.23418785631656647,0.07151088863611221,2.29620623588562,
9,61,0.3050592243671417,0.2322467863559723,0.07252053916454315,2.919282913208008,
9,62,0.48681968450546265,0.35572487115859985,0.13042832911014557,6.66486930847168,
9,63,0.7141464948654175,0.5459540486335754,0.16762350499629974,5.689262390136719,
9,64,0.48982200026512146,0.3739047348499298,0.11567121744155884,2.460413932800293,
9,65,0.2682124674320221,0.19983816146850586,0.06815876066684723,2.155745506286621,
9,66,0.43131887912750244,0.30908486247062683,0.12163641303777695,5.975826740264893,
9,67,0.27002283930778503,0.20229314267635345,0.06755001842975616,1.7967443466186523,
9,68,0.42090192437171936,0.3068159520626068,0.11369045078754425,3.9551808834075928,
9,69,0.3382200300693512,0.24868446588516235,0.08916288614273071,3.726752996444702,
9,70,0.4485503137111664,0.33921733498573303,0.10910645127296448,2.2653489112854004,
9,71,0.5287839770317078,0.4021901786327362,0.12633448839187622,2.593438148498535,
9,72,0.4003264009952545,0.29554101824760437,0.10439646244049072,3.889204978942871,
9,73,0.4116845726966858,0.31187546253204346,0.09960108995437622,2.0802226066589355,
9,74,0.5993905067443848,0.45510321855545044,0.1439754217863083,3.118764877319336,
9,75,0.7630413174629211,0.5863159894943237,0.1763351708650589,3.901775598526001,
9,76,0.4694226384162903,0.3578973412513733,0.11129041016101837,2.3488783836364746,
9,77,0.4223136603832245,0.3066156208515167,0.11505353450775146,6.445137977600098,
9,78,0.4824236035346985,0.3667224645614624,0.11545734852552414,2.437952995300293,
9,79,0.6076017022132874,0.44989657402038574,0.15675880014896393,9.463627815246582,
9,80,0.2875106930732727,0.21317052841186523,0.07412657141685486,2.136063575744629,
9,81,0.35529038310050964,0.2620708644390106,0.09284195303916931,3.775515079498291,
9,82,0.4539988040924072,0.3266788125038147,0.12661778926849365,7.022108554840088,
9,83,0.5468298196792603,0.40580394864082336,0.1407448947429657,2.809938669204712,
9,84,0.5907667875289917,0.4193039536476135,0.17063196003437042,8.308649063110352,
9,85,0.44090959429740906,0.305657297372818,0.1346292942762375,6.23031759262085,
9,86,0.3135156035423279,0.23090505599975586,0.08235760033130646,2.5295135974884033,
9,87,0.2761937975883484,0.20088079571723938,0.0750826746225357,2.3031506538391113,
9,88,0.30584195256233215,0.22436943650245667,0.08122417330741882,2.483323812484741,
9,89,0.640092670917511,0.4765050411224365,0.16324278712272644,3.4481401443481445,
9,90,0.6421495676040649,0.47710487246513367,0.16466522216796875,3.794584274291992,
9,91,0.35215526819229126,0.2547900080680847,0.09703329205513,3.3197431564331055,
9,92,0.3703710734844208,0.2629969120025635,0.10683876276016235,5.353838920593262,
9,93,0.45623546838760376,0.3430284857749939,0.11297665536403656,2.3030846118927,
9,94,0.4294745624065399,0.31250983476638794,0.11640118062496185,5.635264873504639,
9,95,0.4848736822605133,0.3506487011909485,0.1335791051387787,6.458685874938965,
9,96,0.28777003288269043,0.22051788866519928,0.06707201898097992,1.8013131618499756,
9,97,0.5279680490493774,0.3979743719100952,0.1296931803226471,3.0052988529205322,
9,98,1.2630561590194702,0.9789016246795654,0.28286612033843994,12.88410758972168,
9,99,0.4814589023590088,0.34155958890914917,0.13901828229427338,8.810037612915039,
9,100,0.6797813773155212,0.5016700029373169,0.17772914469242096,3.822502851486206,
10,1,0.8361638188362122,0.613757848739624,0.2218877077102661,5.182356834411621,
10,2,0.8879280090332031,0.6468411087989807,0.2404632866382599,6.23577880859375,
10,3,0.7528566122055054,0.5502701997756958,0.2014223337173462,11.64060115814209,
10,4,0.40347129106521606,0.2778237760066986,0.1248941421508789,7.533735275268555,
10,5,0.2684296667575836,0.19969616830348969,0.06850560009479523,2.279083728790283,
10,6,0.7776252031326294,0.5753162503242493,0.2017652988433838,5.436826229095459,
10,7,0.6034877300262451,0.4497959613800049,0.153306245803833,3.8554043769836426,
10,8,0.6375570297241211,0.478426456451416,0.15878090262413025,3.4962644577026367,
10,9,0.3864406943321228,0.2824874520301819,0.10350331664085388,4.499268054962158,
10,10,0.6219547986984253,0.46770763397216797,0.1539091020822525,3.3808207511901855,
10,11,1.235787272453308,0.8839529752731323,0.3477895259857178,40.448211669921875,
10,12,0.4392702579498291,0.31430596113204956,0.1243632510304451,6.0105061531066895,
10,13,0.47264474630355835,0.3579990565776825,0.11421090364456177,4.347884654998779,
10,14,0.5295822024345398,0.4109920263290405,0.1183319017291069,2.5826265811920166,
10,15,0.6123183965682983,0.4391365647315979,0.17220662534236908,9.751677513122559,
10,16,0.4693220257759094,0.3547542691230774,0.11386331170797348,7.044390678405762,
10,17,0.8576711416244507,0.6228939890861511,0.23318684101104736,15.903158187866211,
10,18,0.38128992915153503,0.29305362701416016,0.08779348433017731,4.42820405960083,
10,19,0.3949652910232544,0.3035704791545868,0.09120190143585205,1.9291622638702393,
10,20,0.6444204449653625,0.5037640929222107,0.14033964276313782,3.1669037342071533,
10,21,0.3725438416004181,0.2878427505493164,0.08430813252925873,3.929504871368408,
10,22,0.580670177936554,0.4485536813735962,0.13180962204933167,3.0687716007232666,
10,23,0.3461986482143402,0.260245680809021,0.08555033802986145,4.026322364807129,
10,24,0.7799248099327087,0.6074091196060181,0.172128826379776,3.869213819503784,
10,25,0.4315241873264313,0.32067784667015076,0.11017506569623947,6.71277379989624,
10,26,0.9416013360023499,0.746502161026001,0.19458183646202087,5.173110008239746,
10,27,0.7945818305015564,0.6163671016693115,0.17780598998069763,4.0869855880737305,
10,28,0.43165984749794006,0.3235975503921509,0.10752314329147339,5.391465663909912,
10,29,0.43928712606430054,0.32244452834129333,0.11615200340747833,6.90565824508667,
10,30,0.3684566020965576,0.2743023633956909,0.09381615370512009,3.3806357383728027,
10,31,0.4289688169956207,0.3112455904483795,0.11727339029312134,4.498368740081787,
10,32,0.39100581407546997,0.2831997275352478,0.10737764090299606,4.284327507019043,
10,33,0.8565183877944946,0.6475270390510559,0.2085076868534088,4.836111545562744,
10,34,0.644478440284729,0.473365843296051,0.17074361443519592,3.6894516944885254,
10,35,0.5405377149581909,0.39745479822158813,0.1427910327911377,2.919088363647461,
10,36,0.7363051176071167,0.540979266166687,0.19482150673866272,5.043449401855469,
10,37,0.5902708768844604,0.43234962224960327,0.15753090381622314,3.903740167617798,
10,38,0.3172670006752014,0.23496203124523163,0.08198970556259155,3.1525373458862305,
10,39,0.3592939078807831,0.2603600025177002,0.09850966185331345,4.242473602294922,
10,40,0.5879162549972534,0.431929349899292,0.1550195962190628,9.67298412322998,
10,41,0.8082659840583801,0.5997607707977295,0.20804287493228912,4.623780727386475,
10,42,0.7136463522911072,0.5188197493553162,0.19436201453208923,4.646123886108398,
10,43,0.508327841758728,0.35777580738067627,0.14959421753883362,9.578298568725586,
10,44,0.4317440390586853,0.3556528091430664,0.07584154605865479,2.496734619140625,
10,45,0.7167035341262817,0.5309176445007324,0.18520939350128174,5.764847755432129,
10,46,0.5441571474075317,0.40021002292633057,0.1436416208744049,3.055079460144043,
10,47,0.7489903569221497,0.5657874345779419,0.18277743458747864,4.2551188468933105,
10,48,1.8296210765838623,1.4880375862121582,0.3372364044189453,43.470550537109375,
10,49,0.6867430210113525,0.49223601818084717,0.19407644867897034,4.305788993835449,
10,50,0.7276591062545776,0.5333871841430664,0.19375374913215637,5.182129383087158,
10,51,0.41625919938087463,0.30710548162460327,0.10854712873697281,6.065883159637451,
10,52,0.7422857284545898,0.5018163323402405,0.23902298510074615,14.46412467956543,
10,53,0.5437538623809814,0.47511419653892517,0.06838224083185196,2.5744643211364746,
10,54,0.7842373847961426,0.5835646390914917,0.20011523365974426,5.57517147064209,
10,55,0.31788477301597595,0.26166683435440063,0.055937983095645905,2.799520969390869,
10,56,0.42572903633117676,0.3378536105155945,0.08744356036186218,4.31870698928833,
10,57,0.3648969233036041,0.3229891061782837,0.041762225329875946,1.4559309482574463,
10,58,0.6672540307044983,0.5462056398391724,0.12060461938381195,4.4376444816589355,
10,59,0.7753673195838928,0.6317931413650513,0.14324034750461578,3.338279962539673,
10,60,0.6169232130050659,0.5077992081642151,0.10887125134468079,2.526974678039551,
10,61,0.4432431161403656,0.35279756784439087,0.08998656272888184,4.589746952056885,
10,62,0.5455480217933655,0.45473843812942505,0.09059752523899078,2.1206371784210205,
10,63,0.39711347222328186,0.3544519245624542,0.04249507561326027,1.6647663116455078,
10,64,0.448852002620697,0.34227949380874634,0.1059252992272377,6.472054958343506,
10,65,0.3619287312030792,0.2915906310081482,0.0699981078505516,3.3997793197631836,
10,66,0.4981066584587097,0.36764371395111084,0.12971803545951843,7.448988437652588,
10,67,0.4043312668800354,0.3169511556625366,0.08719238638877869,1.877211570739746,
10,68,0.37574103474617004,0.2854250371456146,0.0897325798869133,5.834221363067627,
10,69,0.35724887251853943,0.27732717990875244,0.0796412006020546,2.8049163818359375,
10,70,0.6715879440307617,0.5088518261909485,0.16237545013427734,3.606609344482422,
10,71,0.5140286087989807,0.38948798179626465,0.12425752729177475,2.831075668334961,
10,72,0.5710886716842651,0.43281373381614685,0.13794511556625366,3.298776626586914,
10,73,0.5941006541252136,0.4138592481613159,0.1792449951171875,9.964033126831055,
10,74,0.5568467378616333,0.3847450017929077,0.17116893827915192,9.32818603515625,
10,75,0.44126662611961365,0.3150528371334076,0.1255473494529724,6.664462089538574,
10,76,0.643474280834198,0.475314736366272,0.16761019825935364,5.493685722351074,
10,77,0.7362902164459229,0.5527163743972778,0.18317797780036926,3.958950996398926,
10,78,0.5327792763710022,0.40202727913856506,0.13046090304851532,2.9109907150268555,
10,79,0.4612860083580017,0.3434383273124695,0.1171339899301529,7.137084484100342,
10,80,0.532990038394928,0.4032948315143585,0.12943342328071594,2.617940902709961,
10,81,0.8691642880439758,0.675007164478302,0.1937168687582016,4.402113437652588,
10,82,0.4371955692768097,0.3230758309364319,0.11371928453445435,4.004611015319824,
10,83,0.4527797996997833,0.33947867155075073,0.11307366192340851,2.274895668029785,
10,84,0.5370611548423767,0.4026753604412079,0.13409395515918732,2.9183318614959717,
10,85,0.8532633185386658,0.6552053093910217,0.19758224487304688,4.7576165199279785,
10,86,0.48125171661376953,0.34722551703453064,0.13322846591472626,7.977396488189697,
10,87,0.2860206067562103,0.21028703451156616,0.07547519356012344,2.583784818649292,
10,88,0.8044842481613159,0.6060181856155396,0.19798380136489868,4.822328567504883,
10,89,0.4305937886238098,0.31067487597465515,0.11943089962005615,4.880058765411377,
10,90,0.29646286368370056,0.22266711294651031,0.07352742552757263,2.6832313537597656,
10,91,0.809323251247406,0.6005236506462097,0.2082250714302063,5.745350360870361,
10,92,0.8579949736595154,0.6373625993728638,0.22014300525188446,4.8937554359436035,
10,93,0.7230849266052246,0.5380566120147705,0.18443617224693298,5.921258449554443,
10,94,0.6086826324462891,0.4447384476661682,0.163604736328125,3.394190788269043,
10,95,0.6613047122955322,0.48757922649383545,0.17336177825927734,3.6373088359832764,
10,96,0.39443063735961914,0.28668683767318726,0.10730748623609543,4.362926006317139,
10,97,0.330704003572464,0.2403527796268463,0.09000340104103088,3.4781665802001953,
10,98,0.6308420896530151,0.4655798673629761,0.1649101823568344,3.52036714553833,
10,99,0.3411199152469635,0.24936021864414215,0.09139689803123474,3.6278018951416016,
10,100,0.612294614315033,0.4549972414970398,0.15696758031845093,3.298042058944702,
11,1,0.674486517906189,0.5015893578529358,0.17248229682445526,4.148347854614258,
11,2,0.41213488578796387,0.2882498800754547,0.12334820628166199,5.3681206703186035,
11,3,0.4432665705680847,0.3216310739517212,0.12107774615287781,5.577357292175293,
11,4,0.39655134081840515,0.29508888721466064,0.10102569311857224,4.367547988891602,
11,5,0.46061304211616516,0.32908424735069275,0.1308111995458603,7.176205158233643,
11,6,0.8177061676979065,0.6185218095779419,0.1987328678369522,4.514771461486816,
11,7,0.46138158440589905,0.332838237285614,0.12787891924381256,6.644345760345459,
11,8,0.39372941851615906,0.2825121283531189,0.11063236743211746,5.849262237548828,
11,9,0.8176631927490234,0.6196820735931396,0.19745022058486938,5.308978080749512,
11,10,0.29816001653671265,0.2237091362476349,0.07418526709079742,2.655959129333496,
11,11,0.6373278498649597,0.4758113920688629,0.1611500084400177,3.664313316345215,
11,12,0.5373597741127014,0.3974882662296295,0.13957808911800385,2.9343297481536865,
11,13,0.6346312761306763,0.4710904359817505,0.16316142678260803,3.7946841716766357,
11,14,0.29725122451782227,0.21863391995429993,0.0783122181892395,3.0507659912109375,
11,15,0.5961107015609741,0.43236199021339417,0.16338291764259338,3.6580817699432373,
11,16,0.4180162847042084,0.28571853041648865,0.13170799612998962,5.897530555725098,
11,17,0.28429344296455383,0.20807954668998718,0.07598037272691727,2.3352887630462646,
11,18,0.46104925870895386,0.313876748085022,0.14648020267486572,6.923133850097656,
11,19,0.5619699954986572,0.4136456251144409,0.14799898862838745,3.2537708282470703,
11,20,0.7386981844902039,0.5446017980575562,0.19367115199565887,4.252264976501465,
11,21,0.9040812849998474,0.6799567341804504,0.22356383502483368,5.606892108917236,
11,22,0.4922817349433899,0.36029279232025146,0.13171222805976868,2.7671406269073486,
11,23,0.36413654685020447,0.2597813606262207,0.10385096073150635,5.042233467102051,
11,24,0.5213207006454468,0.3692076802253723,0.1514407992362976,6.722245693206787,
11,25,0.5995022654533386,0.4446004033088684,0.15457843244075775,3.2343058586120605,
11,26,0.6700254678726196,0.4771280884742737,0.1913454383611679,15.519417762756348,
11,27,0.6515324115753174,0.4553784132003784,0.1944258213043213,17.281475067138672,
11,28,0.450859934091568,0.3374943137168884,0.11281910538673401,5.465243816375732,
11,29,0.2945636510848999,0.2182249277830124,0.0761033445596695,2.3537371158599854,
11,30,0.7550145983695984,0.5681805610656738,0.18642213940620422,4.119067192077637,
11,31,0.5592637062072754,0.418687105178833,0.14025847613811493,3.1810333728790283,
11,32,0.6027462482452393,0.4358936548233032,0.16578328609466553,10.692845344543457,
11,33,0.5856305956840515,0.4207593500614166,0.16402529180049896,8.459854125976562,
11,34,0.4370807111263275,0.31111571192741394,0.12532971799373627,6.352960586547852,
11,35,0.595221996307373,0.4390707015991211,0.1557842195034027,3.6701886653900146,
11,36,0.4606473743915558,0.324092298746109,0.13567668199539185,8.784053802490234,
11,37,0.618606686592102,0.4547898769378662,0.16343843936920166,3.783876895904541,
11,38,0.5132556557655334,0.37515026330947876,0.137813001871109,2.923316717147827,
11,39,0.304886132478714,0.23070436716079712,0.07393094897270203,2.5080957412719727,
11,40,0.4063316583633423,0.2819161117076874,0.1238507404923439,5.648013114929199,
11,41,0.6400395631790161,0.4698706269264221,0.16978077590465546,3.881220579147339,
11,42,0.9009804129600525,0.6759940385818481,0.2244275063276291,5.58876895904541,
11,43,0.43405070900917053,0.3054903745651245,0.127926304936409,6.340304374694824,
11,44,0.5484622716903687,0.38943296670913696,0.15828995406627655,7.393188953399658,
11,45,0.35261961817741394,0.25370797514915466,0.09856530278921127,3.4633846282958984,
11,46,0.48873740434646606,0.35935235023498535,0.12911152839660645,2.735288143157959,
11,47,0.2705414295196533,0.19963157176971436,0.07068626582622528,2.235682487487793,
11,48,0.809320867061615,0.60086590051651,0.20784816145896912,6.0683512687683105,
11,49,0.41974830627441406,0.29908570647239685,0.12023983895778656,4.227731227874756,
11,50,0.3901349604129791,0.2854902446269989,0.10415522754192352,4.895172595977783,
11,51,0.4813477396965027,0.344668984413147,0.13599364459514618,6.851030349731445,
11,52,0.539348304271698,0.39657828211784363,0.1424838900566101,2.8615522384643555,
11,53,0.6579977869987488,0.4843381643295288,0.1732589453458786,4.006801128387451,
11,54,0.649050235748291,0.47950607538223267,0.16917693614959717,3.6722352504730225,
11,55,0.8416799306869507,0.6319238543510437,0.20925626158714294,4.998692512512207,
11,56,0.3036375939846039,0.2250867635011673,0.07830300182104111,2.4784109592437744,
11,57,0.5681211948394775,0.4261101186275482,0.14168943464756012,3.216414213180542,
11,58,0.8008211255073547,0.6058551073074341,0.19447849690914154,4.875232696533203,
11,59,0.7750803828239441,0.5821622014045715,0.19249238073825836,4.257963180541992,
11,60,0.3797594904899597,0.27841097116470337,0.10089859366416931,4.499246120452881,
11,61,0.7149767279624939,0.5324806571006775,0.18209177255630493,4.043084144592285,
11,62,0.3895357549190521,0.28806406259536743,0.10126199573278427,2.096874237060547,
11,63,0.7765336036682129,0.5834037065505981,0.1926412731409073,4.886621952056885,
11,64,0.45369574427604675,0.3229414224624634,0.13019903004169464,5.553062915802002,
11,65,0.3375246524810791,0.24890759587287903,0.0883379727602005,2.790609359741211,
11,66,0.5669934153556824,0.4291868209838867,0.1372661143541336,5.404698371887207,
11,67,0.4947260320186615,0.3405887484550476,0.15328755974769592,8.497344017028809,
11,68,0.48460325598716736,0.34202611446380615,0.1419086456298828,6.685090065002441,
11,69,0.42797917127609253,0.3071235418319702,0.1204230785369873,4.325504302978516,
11,70,0.6868934035301208,0.5076349973678589,0.17887452244758606,3.8394296169281006,
11,71,0.3555153012275696,0.25343024730682373,0.10155680775642395,5.282540321350098,
11,72,0.6111763119697571,0.4543991684913635,0.156411811709404,3.6534042358398438,
11,73,0.4611327052116394,0.32473060488700867,0.13570182025432587,7.002874851226807,
11,74,0.4239564836025238,0.3040980100631714,0.11942481249570847,4.336655616760254,
11,75,0.42527785897254944,0.2994765043258667,0.1251675933599472,6.337364673614502,
11,76,0.6304020881652832,0.4718243181705475,0.15780121088027954,7.765042781829834,
11,77,0.7054147720336914,0.5234698057174683,0.1815478652715683,3.9709882736206055,
11,78,0.2975922226905823,0.21785074472427368,0.07943341135978699,3.0807278156280518,
11,79,0.5433912873268127,0.38443002104759216,0.15824244916439056,7.188197135925293,
11,80,0.43045806884765625,0.30075711011886597,0.12891721725463867,7.837502956390381,
11,81,0.5171322226524353,0.3555930256843567,0.1607179045677185,8.21279525756836,
11,82,0.4532215893268585,0.3303585946559906,0.12261399626731873,2.490093946456909,
11,83,0.8312137126922607,0.6123607158660889,0.2183515876531601,5.013667583465576,
11,84,0.6062148809432983,0.4401015043258667,0.16575603187084198,3.5734050273895264,
11,85,0.6892222762107849,0.5051423907279968,0.18367858231067657,4.0134711265563965,
11,86,0.6557701826095581,0.4505022466182709,0.2037612795829773,15.06694221496582,
11,87,0.3819545805454254,0.2754565477371216,0.1060524731874466,4.455645561218262,
11,88,0.5604774951934814,0.41400131583213806,0.14614823460578918,3.279186487197876,
11,89,0.6412461996078491,0.4760264754295349,0.16486911475658417,3.5060603618621826,
11,90,0.45233097672462463,0.3201054334640503,0.13154876232147217,6.7678446769714355,
11,91,0.2628478407859802,0.19564136862754822,0.06699511408805847,2.1134591102600098,
11,92,0.7346981167793274,0.5543631315231323,0.1799350380897522,3.999441623687744,
11,93,0.3525605797767639,0.26247841119766235,0.08975765854120255,3.245323419570923,
11,94,0.6159244179725647,0.4614354074001312,0.15415284037590027,3.361790657043457,
11,95,0.4270823895931244,0.3050459623336792,0.12134668231010437,6.897541522979736,
11,96,0.277284175157547,0.20398977398872375,0.07305945456027985,2.349313735961914,
11,97,0.5343212485313416,0.37789320945739746,0.15569138526916504,7.366319179534912,
11,98,0.3247224688529968,0.2344980537891388,0.08986714482307434,3.5726561546325684,
11,99,0.3455181419849396,0.2478041648864746,0.09731438755989075,3.9957807064056396,
11,100,0.5294453501701355,0.37932321429252625,0.1494017243385315,7.2045817375183105,
12,1,0.7332466244697571,0.545316219329834,0.18687181174755096,10.585777282714844,
12,2,0.42521804571151733,0.3029728829860687,0.1216018795967102,6.432872295379639,
12,3,0.36556822061538696,0.25827130675315857,0.10677218437194824,5.2473249435424805,
12,4,0.5171545147895813,0.3818550407886505,0.1350100338459015,2.8945250511169434,
12,5,0.4679669439792633,0.33277320861816406,0.13441172242164612,7.820180416107178,
12,6,0.5905134677886963,0.43534234166145325,0.15481770038604736,3.5347602367401123,
12,7,0.7336325645446777,0.547102153301239,0.1861037015914917,4.267167091369629,
12,8,0.5787554383277893,0.42661958932876587,0.15176264941692352,3.732090473175049,
12,9,0.5816205143928528,0.4182213544845581,0.16254043579101562,8.5872163772583,
12,10,0.8912818431854248,0.6660035848617554,0.22438375651836395,8.944831848144531,
12,11,0.600476861000061,0.4357685446739197,0.1643545925617218,3.537020683288574,
12,12,0.45177140831947327,0.315229594707489,0.13593745231628418,6.043624401092529,
12,13,0.5065085291862488,0.365337610244751,0.14087200164794922,2.9894535541534424,
12,14,0.43660181760787964,0.29736876487731934,0.1385994553565979,6.33601188659668,
12,15,0.41699662804603577,0.28590208292007446,0.13031086325645447,7.836927890777588,
12,16,0.30467039346694946,0.21186977624893188,0.09240461885929108,3.9601552486419678,
12,17,0.5213910341262817,0.38320210576057434,0.13790953159332275,2.7945168018341064,
12,18,0.7657671570777893,0.5678418874740601,0.19747784733772278,4.474417686462402,
12,19,0.7771283388137817,0.58028244972229,0.19640769064426422,4.3819355964660645,
12,20,0.3030032515525818,0.2254018783569336,0.0773637592792511,2.376116991043091,
12,21,0.40203604102134705,0.29973435401916504,0.10208821296691895,2.134601593017578,
12,22,0.537065327167511,0.3776600956916809,0.1586766093969345,7.286067485809326,
12,23,0.7514707446098328,0.5626180171966553,0.1884470283985138,4.057428359985352,
12,24,0.5983234643936157,0.44755229353904724,0.15044575929641724,3.2542402744293213,
12,25,0.6978183388710022,0.522096574306488,0.17526821792125702,4.535052299499512,
12,26,0.5432079434394836,0.40800660848617554,0.13493165373802185,2.6969735622406006,
12,27,0.2840082049369812,0.21545487642288208,0.06834794580936432,2.0539515018463135,
12,28,0.7063193321228027,0.5227986574172974,0.18312281370162964,3.9788098335266113,
12,29,0.5373618006706238,0.3830893933773041,0.153040811419487,12.316263198852539,
12,30,0.33654695749282837,0.24852237105369568,0.08773806691169739,2.865190267562866,
12,31,0.41544970870018005,0.286207914352417,0.12868830561637878,5.534957408905029,
12,32,0.2811129093170166,0.2093040943145752,0.07159925252199173,2.095806121826172,
12,33,0.44545865058898926,0.31103503704071045,0.13376517593860626,6.584579944610596,
12,34,0.4437057077884674,0.307849258184433,0.13538165390491486,4.747813701629639,
12,35,0.5749847888946533,0.41812145709991455,0.15650984644889832,3.5345089435577393,
12,36,0.3456684350967407,0.2518463730812073,0.09349407255649567,3.27994966506958,
12,37,0.5959634184837341,0.4400347173213959,0.15555927157402039,3.694417715072632,
12,38,0.5522505044937134,0.4081214368343353,0.14381083846092224,3.182082414627075,
12,39,0.5260754227638245,0.34786877036094666,0.17725613713264465,9.5050687789917,
12,40,0.7034812569618225,0.5225659608840942,0.18052810430526733,3.8717427253723145,
12,41,0.8814737796783447,0.6640948057174683,0.21686720848083496,5.1178507804870605,
12,42,0.3779509961605072,0.2764338254928589,0.10112091898918152,3.962566614151001,
12,43,0.5514097809791565,0.412464439868927,0.138656884431839,2.884251832962036,
12,44,0.3024335205554962,0.22865381836891174,0.07350669801235199,2.7302982807159424,
12,45,0.5575496554374695,0.42129582166671753,0.13595890998840332,2.948941946029663,
12,46,0.6903975605964661,0.5178176760673523,0.17221282422542572,3.6705238819122314,
12,47,0.41250845789909363,0.3079400062561035,0.10435296595096588,2.1551530361175537,
12,48,0.57051020860672,0.420781672000885,0.14941659569740295,3.1193485260009766,
12,49,0.4123291075229645,0.3046858608722687,0.10742208361625671,2.211635112762451,
12,50,0.7566840648651123,0.5613954067230225,0.1948850154876709,4.036158084869385,
12,51,0.5450688600540161,0.3996516168117523,0.14512118697166443,2.9603195190429688,
12,52,0.8121663331985474,0.606433629989624,0.205274298787117,4.584388256072998,
12,53,0.5064185857772827,0.3715203106403351,0.13462527096271515,2.7298591136932373,
12,54,0.5651339888572693,0.412826806306839,0.15121018886566162,10.970390319824219,
12,55,0.5673558115959167,0.41251665353775024,0.15450699627399445,3.321869373321533,
12,56,0.3891853094100952,0.28009846806526184,0.10886895656585693,2.178887367248535,
12,57,0.267240434885025,0.19305968284606934,0.07396222651004791,2.1853020191192627,
12,58,0.3686562180519104,0.25963908433914185,0.1086069718003273,4.10170841217041,
12,59,0.5743904113769531,0.41010570526123047,0.16393673419952393,3.4799013137817383,
12,60,0.33597880601882935,0.24242565035820007,0.09327185153961182,2.8131754398345947,
12,61,0.43906208872795105,0.30027058720588684,0.13798952102661133,8.019780158996582,
12,62,0.417091965675354,0.2818414568901062,0.13467270135879517,5.777991771697998,
12,63,0.605665385723114,0.44060996174812317,0.1646815985441208,3.7381391525268555,
12,64,0.2958693504333496,0.2205759882926941,0.07505552470684052,2.378242254257202,
12,65,0.35890117287635803,0.2537694573402405,0.10463309288024902,4.986248016357422,
12,66,0.5243263244628906,0.3583720624446869,0.16521890461444855,7.353146553039551,
12,67,0.7872459888458252,0.578374445438385,0.20840197801589966,4.6959147453308105,
12,68,0.36892178654670715,0.263658344745636,0.10486285388469696,4.00584602355957,
12,69,0.6795732378959656,0.4994294047355652,0.17970654368400574,4.372976779937744,
12,70,0.43702423572540283,0.30586525797843933,0.13052423298358917,6.347293853759766,
12,71,0.28389275074005127,0.20842918753623962,0.07521936297416687,2.4420361518859863,
12,72,0.34187066555023193,0.2512468695640564,0.09033053368330002,2.9324252605438232,
12,73,0.2879297435283661,0.2128373682498932,0.07480690628290176,2.854910135269165,
12,74,0.48590990900993347,0.362296462059021,0.12334815412759781,2.6531224250793457,
12,75,0.40114325284957886,0.29785776138305664,0.10307587683200836,2.096210241317749,
12,76,0.7636181116104126,0.5691964030265808,0.1940176635980606,4.040668487548828,
12,77,0.5841614007949829,0.41287559270858765,0.17041325569152832,8.725573539733887,
12,78,0.6376498937606812,0.47195833921432495,0.16520577669143677,4.857821941375732,
12,79,0.5355968475341797,0.37886083126068115,0.15602077543735504,7.152718544006348,
12,80,0.35247212648391724,0.2517036199569702,0.10030319541692734,4.653009414672852,
12,81,0.8189277648925781,0.6134874224662781,0.20488837361335754,5.519564151763916,
12,82,0.6670966744422913,0.46678537130355835,0.19897660613059998,13.347491264343262,
12,83,0.814789354801178,0.6083664894104004,0.20596057176589966,4.622919082641602,
12,84,0.4111405909061432,0.3013400435447693,0.1095765009522438,2.240657091140747,
12,85,0.5937408208847046,0.4324687123298645,0.16089829802513123,3.738516330718994,
12,86,0.44307106733322144,0.32250168919563293,0.12032704800367355,2.4233527183532715,
12,87,0.3003404438495636,0.21280844509601593,0.08717112988233566,3.6087121963500977,
12,88,0.8255829811096191,0.5997987985610962,0.22513949871063232,6.446671485900879,
12,89,0.28466787934303284,0.20984813570976257,0.07459001243114471,2.297437906265259,
12,90,0.4668961465358734,0.314924955368042,0.15117116272449493,8.000478744506836,
12,91,0.46064862608909607,0.3048694133758545,0.15502333641052246,7.558802127838135,
12,92,0.5875036120414734,0.3987865447998047,0.1877468228340149,9.702607154846191,
12,93,0.4611973166465759,0.31106066703796387,0.14942115545272827,7.154972076416016,
12,94,0.8392279148101807,0.6232577562332153,0.2154831886291504,4.869450569152832,
12,95,0.6361061930656433,0.4727227985858917,0.16302232444286346,3.610555410385132,
12,96,0.6396945714950562,0.47948649525642395,0.15987534821033478,3.327150821685791,
12,97,0.6274125576019287,0.4740055203437805,0.15305766463279724,3.4940388202667236,
12,98,0.3728522062301636,0.2738840579986572,0.0985773354768753,3.9081897735595703,
12,99,0.6849629878997803,0.5168503522872925,0.1677473485469818,3.6528377532958984,
12,100,0.8403077125549316,0.6382703185081482,0.20156443119049072,4.729394912719727,
13,1,0.2636722922325134,0.19565756618976593,0.06780752539634705,2.0717251300811768,
13,2,0.8401063084602356,0.63505619764328,0.20459198951721191,4.581202983856201,
13,3,0.32985690236091614,0.24437671899795532,0.08519653975963593,2.836185932159424,
13,4,0.6374709010124207,0.47311073541641235,0.16402186453342438,3.3833649158477783,
13,5,0.4981865882873535,0.34767311811447144,0.1496989130973816,8.145618438720703,
13,6,0.27361634373664856,0.1988292634487152,0.07458015531301498,2.06929612159729,
13,7,0.7467430233955383,0.5476163625717163,0.1986091434955597,5.175453186035156,
13,8,0.63116455078125,0.46118608117103577,0.16960203647613525,3.7644307613372803,
13,9,0.7828399538993835,0.5759791135787964,0.2064226120710373,4.381868839263916,
13,10,0.5244926810264587,0.3785656690597534,0.1456310749053955,2.959270477294922,
13,11,0.36757999658584595,0.2611234784126282,0.10604889690876007,4.0764851570129395,
13,12,0.6354643702507019,0.4639264941215515,0.1711520552635193,3.8580679893493652,
13,13,0.4715522825717926,0.3283694088459015,0.1423792541027069,8.03619384765625,
13,14,0.8163876533508301,0.6112921833992004,0.20464226603507996,4.5324320793151855,
13,15,0.2817084789276123,0.20364630222320557,0.07781966030597687,2.4252238273620605,
13,16,0.2745230793952942,0.19832707941532135,0.07596777379512787,2.2821767330169678,
13,17,0.4134860634803772,0.29017341136932373,0.12276455760002136,5.480915546417236,
13,18,0.4459435045719147,0.3140944540500641,0.13121934235095978,6.297067642211914,
13,19,0.3330285847187042,0.24286922812461853,0.08986518532037735,2.9417386054992676,
13,20,0.2922038733959198,0.21170684695243835,0.08020712435245514,2.8988394737243652,
13,21,0.35119545459747314,0.25541627407073975,0.09545320272445679,3.2598538398742676,
13,22,0.42221736907958984,0.3019214868545532,0.119870126247406,4.257498264312744,
13,23,0.680809736251831,0.5038894414901733,0.1765444278717041,3.758399486541748,
13,24,0.844390332698822,0.6286039352416992,0.21526330709457397,5.231186389923096,
13,25,0.4736447036266327,0.3485223352909088,0.12486611306667328,2.5625946521759033,
13,26,0.6377686262130737,0.4667051434516907,0.17068423330783844,3.7924294471740723,
13,27,0.8181548118591309,0.5336284041404724,0.28227347135543823,22.529205322265625,
13,28,0.2823353409767151,0.20602987706661224,0.0760841965675354,2.2125463485717773,
13,29,0.2591506242752075,0.1873721182346344,0.07156464457511902,2.1386849880218506,
13,30,0.64158695936203,0.45201921463012695,0.1881967931985855,13.709895133972168,
13,31,0.4331202507019043,0.29451480507850647,0.13783004879951477,7.753994941711426,
13,32,0.764253556728363,0.5614273548126221,0.2023938149213791,4.323951721191406,
13,33,0.4073306620121002,0.2897552251815796,0.11717741191387177,3.9800069332122803,
13,34,0.33445632457733154,0.2553195357322693,0.07886628806591034,2.704817533493042,
13,35,0.2908731997013092,0.2124984860420227,0.07814288884401321,2.318305492401123,
13,36,0.8342530131340027,0.6226792335510254,0.21108481287956238,4.889159679412842,
13,37,0.2716338634490967,0.1977972388267517,0.07359941303730011,2.3722877502441406,
13,38,0.5557023882865906,0.38082215189933777,0.17396174371242523,9.184809684753418,
13,39,0.4553849995136261,0.30715128779411316,0.14750465750694275,7.29066276550293,
13,40,0.2632589638233185,0.1919666826725006,0.07110006362199783,1.9222731590270996,
13,41,0.6310494542121887,0.4598577916622162,0.17083096504211426,3.606571912765503,
13,42,0.41169384121894836,0.2856076657772064,0.12553343176841736,5.527355194091797,
13,43,0.38797229528427124,0.2692575752735138,0.1180601492524147,6.545758247375488,
13,44,0.3444395065307617,0.2542714476585388,0.08987653255462646,2.915271043777466,
13,45,0.2956969738006592,0.2226807177066803,0.07279723882675171,2.190286159515381,
13,46,0.3548804819583893,0.25175154209136963,0.10262981057167053,4.991378307342529,
13,47,0.4399712085723877,0.3150594234466553,0.12433598935604095,5.7577128410339355,
13,48,0.4229564666748047,0.30342549085617065,0.11909128725528717,4.397121429443359,
13,49,0.6928628087043762,0.5225821733474731,0.16990505158901215,3.7554569244384766,
13,50,0.841803789138794,0.6387904286384583,0.20252925157546997,4.841127395629883,
13,51,0.6380063891410828,0.4787227511405945,0.15894629061222076,3.373424768447876,
13,52,0.5715609192848206,0.4290989637374878,0.14213353395462036,3.284384250640869,
13,53,0.4330155551433563,0.30572509765625,0.1265757530927658,7.147002696990967,
13,54,0.3934308588504791,0.2771669626235962,0.11563665419816971,6.272573471069336,
13,55,0.862885057926178,0.6362514495849609,0.22608450055122375,5.491506099700928,
13,56,0.49958351254463196,0.3620511293411255,0.13696449995040894,5.678765773773193,
13,57,0.4965616464614868,0.3325446546077728,0.16329488158226013,7.220970630645752,
13,58,0.41432684659957886,0.3123912513256073,0.10172608494758606,2.0952253341674805,
13,59,0.7285574674606323,0.5338138341903687,0.19433176517486572,4.1186017990112305,
13,60,0.5884885191917419,0.43183356523513794,0.15631720423698425,3.377810478210449,
13,61,0.6689326167106628,0.4947264790534973,0.17383916676044464,3.669750690460205,
13,62,0.4555600881576538,0.3187893033027649,0.1360633373260498,7.074400424957275,
13,63,0.4399164617061615,0.3132212162017822,0.12605275213718414,6.425199508666992,
13,64,0.2916862666606903,0.2194860577583313,0.07191474735736847,2.8546998500823975,
13,65,0.271300345659256,0.20569095015525818,0.06543436646461487,1.7502354383468628,
13,66,0.4178621172904968,0.298820436000824,0.11853506416082382,5.0662031173706055,
13,67,0.46847912669181824,0.31724298000335693,0.15034396946430206,8.921985626220703,
13,68,0.42566990852355957,0.30012404918670654,0.1249435693025589,6.022964000701904,
13,69,0.6065568327903748,0.42569470405578613,0.179648756980896,12.133548736572266,
13,70,0.7694419622421265,0.5697709321975708,0.19925539195537567,4.156508445739746,
13,71,1.2124990224838257,0.9086364507675171,0.3023359477519989,15.265724182128906,
13,72,0.5863614678382874,0.39552050828933716,0.18939697742462158,14.439842224121094,
13,73,0.3277377486228943,0.2334246188402176,0.09393325448036194,3.7986466884613037,
13,74,0.45842206478118896,0.30987972021102905,0.1476319432258606,9.10404109954834,
13,75,0.45721933245658875,0.3350152373313904,0.12195689976215363,2.4720284938812256,
13,76,0.7678225636482239,0.562483549118042,0.20487748086452484,4.615261077880859,
13,77,0.5117848515510559,0.3501826524734497,0.16084754467010498,7.546819686889648,
13,78,0.5954366326332092,0.4411461651325226,0.1539503037929535,3.4017179012298584,
13,79,0.6565192937850952,0.48834556341171265,0.16777987778186798,3.938877820968628,
13,80,0.7220757603645325,0.5350102186203003,0.1864488571882248,6.166460990905762,
13,81,0.547845721244812,0.40299075841903687,0.14452780783176422,3.2716641426086426,
13,82,0.7241365313529968,0.5351634621620178,0.18854902684688568,4.240410804748535,
13,83,0.2711186408996582,0.20221063494682312,0.06872480362653732,1.8318697214126587,
13,84,0.2873600721359253,0.2151997983455658,0.07194137573242188,2.1890828609466553,
13,85,0.27116575837135315,0.20106199383735657,0.06985951960086823,2.442427396774292,
13,86,0.41120657324790955,0.2948644757270813,0.11592084169387817,4.212679386138916,
13,87,0.3010081350803375,0.22167760133743286,0.07908624410629272,2.4430389404296875,
13,88,0.4419475793838501,0.3092731833457947,0.13186076283454895,8.136242866516113,
13,89,0.6509885191917419,0.442001610994339,0.20725834369659424,17.286054611206055,
13,90,0.4204680025577545,0.2952582836151123,0.12474843859672546,4.612682342529297,
13,91,0.5461628437042236,0.4002496898174286,0.14561739563941956,2.9574906826019287,
13,92,0.35617807507514954,0.2496238797903061,0.10598497092723846,5.6923346519470215,
13,93,0.49422359466552734,0.3621760904788971,0.13176657259464264,2.8091881275177,
13,94,0.4406494200229645,0.313079297542572,0.1270584911108017,5.116236209869385,
13,95,0.3812751770019531,0.2798929214477539,0.1011757105588913,2.0654075145721436,
13,96,0.3255350887775421,0.2312379777431488,0.09390504658222198,3.9204723834991455,
13,97,0.29023277759552,0.21577343344688416,0.07422156631946564,2.377756118774414,
13,98,0.41022732853889465,0.29215651750564575,0.1174924299120903,5.783870220184326,
13,99,0.4080551862716675,0.2941247522830963,0.11349274218082428,4.376623630523682,
13,100,0.7900853157043457,0.5913712382316589,0.19819840788841248,5.157228469848633,
14,1,0.8169369101524353,0.6072143316268921,0.2092512547969818,4.712847709655762,
14,2,0.49561017751693726,0.3648272752761841,0.13050030171871185,2.825770378112793,
14,3,0.4480171799659729,0.30974081158638,0.13767987489700317,5.96484375,
14,4,0.33307477831840515,0.2429022341966629,0.08986233174800873,3.1019790172576904,
14,5,0.8217290639877319,0.6012173891067505,0.22000879049301147,5.028650283813477,
14,6,0.5713303685188293,0.3930400609970093,0.17719028890132904,10.999750137329102,
14,7,0.42409348487854004,0.29991668462753296,0.12359096854925156,5.858361721038818,
14,8,0.5037333965301514,0.3674747943878174,0.135965958237648,2.9267923831939697,
14,9,0.3254081606864929,0.23028355836868286,0.09473878145217896,3.8580918312072754,
14,10,0.6385131478309631,0.4623526632785797,0.17578156292438507,3.789206027984619,
14,11,0.6083587408065796,0.4445030987262726,0.16351161897182465,3.440173625946045,
14,12,0.5160506367683411,0.3794075846672058,0.1363341212272644,3.089162588119507,
14,13,0.41308215260505676,0.285412073135376,0.12691821157932281,7.518726348876953,
14,14,0.26984933018684387,0.19922366738319397,0.07044035196304321,1.8529795408248901,
14,15,0.5269765853881836,0.3735373318195343,0.15225809812545776,11.811511039733887,
14,16,0.6401979923248291,0.47264808416366577,0.16719353199005127,3.5639894008636475,
14,17,0.5237676501274109,0.36056846380233765,0.162418395280838,7.8075337409973145,
14,18,0.4405047595500946,0.3084486722946167,0.13152673840522766,5.2936248779296875,
14,19,0.5528354048728943,0.38025593757629395,0.17169731855392456,8.821233749389648,
14,20,0.35992613434791565,0.2637113630771637,0.09582342952489853,3.9132585525512695,
14,21,0.525346577167511,0.36607733368873596,0.15851899981498718,7.502337455749512,
14,22,0.3827632963657379,0.2682966887950897,0.11382357776165009,6.4304633140563965,
14,23,0.8347207307815552,0.6212985515594482,0.21293450891971588,4.87674617767334,
14,24,0.38216301798820496,0.28077638149261475,0.10118245333433151,2.0416855812072754,
14,25,0.4301842153072357,0.31458228826522827,0.11513528972864151,4.666384220123291,
14,26,0.3366197943687439,0.24620583653450012,0.09005757421255112,3.563899040222168,
14,27,0.8285267353057861,0.6175050735473633,0.2105436623096466,4.780037879943848,
14,28,0.8364900946617126,0.6190181970596313,0.2169269323348999,5.449419975280762,
14,29,0.37935784459114075,0.27336883544921875,0.10577384382486343,2.1516201496124268,
14,30,0.7699571251869202,0.5612609386444092,0.2082158476114273,4.803534984588623,
14,31,0.5031991004943848,0.3639066517353058,0.13899171352386475,3.0076828002929688,
14,32,0.8186222910881042,0.5954065322875977,0.2225727140903473,6.430978775024414,
14,33,0.6432367563247681,0.4656057357788086,0.17724695801734924,3.841130495071411,
14,34,0.44915711879730225,0.3054068684577942,0.1429133266210556,8.369139671325684,
14,35,0.5678608417510986,0.41098108887672424,0.1565372347831726,3.4246060848236084,
14,36,0.3692227005958557,0.260922372341156,0.10785496234893799,4.453570365905762,
14,37,0.34816935658454895,0.25144004821777344,0.09639924764633179,3.3005530834198,
14,38,0.6877579092979431,0.5044355392456055,0.18287396430969238,4.484100341796875,
14,39,0.607901394367218,0.4573599696159363,0.15014472603797913,3.9667210578918457,
14,40,0.8331822752952576,0.6213729381561279,0.21133384108543396,4.754575252532959,
14,41,0.530327320098877,0.3732551336288452,0.15635809302330017,7.140629768371582,
14,42,0.42464321851730347,0.29923415184020996,0.12498801946640015,4.2104878425598145,
14,43,0.3381328284740448,0.24525043368339539,0.09250731766223907,3.7506580352783203,
14,44,0.5471100807189941,0.3834301829338074,0.16291946172714233,7.604619979858398,
14,45,0.2628844082355499,0.19172605872154236,0.07094340026378632,2.1496455669403076,
14,46,1.3816756010055542,0.9683533906936646,0.4075724482536316,57.498619079589844,
14,47,0.856961727142334,0.627051591873169,0.22939758002758026,5.125476837158203,
14,48,0.7039744853973389,0.50331050157547,0.20022375881671906,4.40252685546875,
14,49,0.575639545917511,0.3777660131454468,0.1963919699192047,14.816055297851562,
14,50,0.5084117650985718,0.3615827262401581,0.1464991569519043,3.298781394958496,
14,51,0.6228901743888855,0.4215044677257538,0.20014962553977966,12.360605239868164,
14,52,0.3322414755821228,0.2393646389245987,0.09253242611885071,3.4438226222991943,
14,53,0.8403636813163757,0.6284649968147278,0.2113831341266632,5.155301094055176,
14,54,0.32126861810684204,0.2349797487258911,0.08595950156450272,3.2937674522399902,
14,55,0.5371314287185669,0.39374494552612305,0.14198967814445496,13.967724800109863,
14,56,0.3369126617908478,0.24334335327148438,0.09316586703062057,4.034364223480225,
14,57,0.5093824863433838,0.38122713565826416,0.12786242365837097,2.9288387298583984,
14,58,0.7838071584701538,0.6042674779891968,0.17909207940101624,4.476597309112549,
14,59,0.7025047540664673,0.5350559949874878,0.16704301536083221,4.057438850402832,
14,60,0.5799193382263184,0.4364773631095886,0.14308317005634308,3.5883495807647705,
14,61,0.9371951818466187,0.6014180779457092,0.33150190114974976,42.75209426879883,
14,62,0.5507394075393677,0.40252354741096497,0.14790920913219452,3.0665721893310547,
14,63,0.41394275426864624,0.2955664098262787,0.117840975522995,5.353816509246826,
14,64,0.44685131311416626,0.31662970781326294,0.12962709367275238,5.944862365722656,
14,65,0.4207736551761627,0.29498857259750366,0.12552237510681152,2.627096652984619,
14,66,0.4237811863422394,0.2983255684375763,0.12492932379245758,5.262892723083496,
14,67,0.6244368553161621,0.4383942484855652,0.18553563952445984,5.06995964050293,
14,68,0.43492287397384644,0.30662402510643005,0.12804768979549408,2.511864185333252,
14,69,0.7147271037101746,0.5212862491607666,0.1929953545331955,4.455111026763916,
14,70,0.8445773124694824,0.6295955181121826,0.21448194980621338,4.99841833114624,
14,71,0.6956873536109924,0.5073521137237549,0.18791979551315308,4.154592990875244,
14,72,0.3754619061946869,0.2626185119152069,0.11238005012273788,4.63323450088501,
14,73,0.552431583404541,0.365304559469223,0.18578779697418213,13.392062187194824,
14,74,0.2839302122592926,0.20525643229484558,0.07845252752304077,2.2123889923095703,
14,75,0.4970752000808716,0.34602999687194824,0.15001453459262848,10.306866645812988,
14,76,0.5720095634460449,0.42016011476516724,0.15109758079051971,7.518524169921875,
14,77,0.4114125072956085,0.29369598627090454,0.11717471480369568,5.418150901794434,
14,78,0.5150191187858582,0.38704636693000793,0.12769506871700287,2.7767674922943115,
14,79,0.9118474125862122,0.6882225275039673,0.22309499979019165,5.299056053161621,
14,80,0.44548848271369934,0.33151838183403015,0.1137436032295227,2.2651145458221436,
14,81,0.5998294949531555,0.4430552124977112,0.1564379632472992,3.3636369705200195,
14,82,0.4445570707321167,0.31036603450775146,0.13349133729934692,6.996891021728516,
14,83,0.5806602835655212,0.4291907250881195,0.15115247666835785,3.1710946559906006,
14,84,0.7589996457099915,0.557388424873352,0.20118942856788635,4.218374729156494,
14,85,0.6955706477165222,0.5114623308181763,0.18369856476783752,4.09783411026001,
14,86,0.35731661319732666,0.25855332612991333,0.09835807979106903,4.051966190338135,
14,87,0.6136074662208557,0.44776153564453125,0.16549164056777954,3.5427801609039307,
14,88,0.4865604639053345,0.3354721665382385,0.15037810802459717,7.1018877029418945,
14,89,0.4245562255382538,0.32216012477874756,0.10219020396471024,2.058999538421631,
14,90,0.8310564160346985,0.6174807548522949,0.21309147775173187,4.841464042663574,
14,91,0.27225548028945923,0.20540212094783783,0.06664130091667175,2.120663642883301,
14,92,0.8626210689544678,0.6366531848907471,0.2254483997821808,5.195145130157471,
14,93,0.6333310008049011,0.4724264144897461,0.16055092215538025,3.5361757278442383,
14,94,0.28370654582977295,0.21664872765541077,0.06686563789844513,1.921661376953125,
14,95,0.6336376070976257,0.47046974301338196,0.16280628740787506,3.6155734062194824,
14,96,0.4930984377861023,0.34029632806777954,0.1518915593624115,9.105531692504883,
14,97,0.3336733281612396,0.2413613349199295,0.09193503856658936,3.7698001861572266,
14,98,0.43618443608283997,0.3092607259750366,0.12649454176425934,4.29188871383667,
14,99,0.8706644177436829,0.6428110599517822,0.22729942202568054,5.5391621589660645,
14,100,0.683143138885498,0.498570054769516,0.18412023782730103,4.528566837310791,
15,1,0.7723873853683472,0.5688592195510864,0.20303601026535034,4.921416759490967,
15,2,0.8258618116378784,0.6029694080352783,0.22237153351306915,5.20883321762085,
15,3,0.27460777759552,0.19735096395015717,0.07703538239002228,2.2144455909729004,
15,4,0.26989269256591797,0.19279444217681885,0.0769062340259552,1.9201165437698364,
15,5,0.7896651029586792,0.5729920864105225,0.21620967984199524,4.633459568023682,
15,6,0.4854113459587097,0.3507898449897766,0.13434702157974243,2.744755744934082,
15,7,0.5683647990226746,0.40825527906417847,0.1597524881362915,3.5703084468841553,
15,8,0.6769052743911743,0.486737459897995,0.189706489443779,4.613525867462158,
15,9,0.469302773475647,0.3208789825439453,0.14771819114685059,7.056027412414551,
15,10,0.4486249089241028,0.3115816116333008,0.1364058256149292,6.3747453689575195,
15,11,0.5742818713188171,0.4231441617012024,0.1508154571056366,3.2228024005889893,
15,12,0.6190083026885986,0.4390825629234314,0.17893779277801514,9.879579544067383,
15,13,0.46912285685539246,0.3321981728076935,0.13609451055526733,8.301607131958008,
15,14,0.3997848331928253,0.29268181324005127,0.1066984236240387,4.045816421508789,
15,15,0.5035183429718018,0.378047376871109,0.12521587312221527,2.5510334968566895,
15,16,0.29356449842453003,0.2197646200656891,0.07356752455234528,2.3234376907348633,
15,17,0.4048531651496887,0.2852839231491089,0.11907169222831726,4.975417137145996,
15,18,0.3594428598880768,0.2621142864227295,0.09692088514566422,4.076899528503418,
15,19,0.5495203137397766,0.4039798676967621,0.1452273428440094,3.131192922592163,
15,20,0.522024929523468,0.38123980164527893,0.14048054814338684,3.04598069190979,
15,21,0.2908867299556732,0.2126387059688568,0.07802684605121613,2.211672782897949,
15,22,0.2723238468170166,0.19692745804786682,0.075166255235672,2.301286458969116,
15,23,0.3361353278160095,0.23407360911369324,0.10164159536361694,4.2013020515441895,
15,24,0.3699200451374054,0.25925391912460327,0.11022105813026428,4.450714588165283,
15,25,0.34721627831459045,0.2478683590888977,0.0989520251750946,3.9588623046875,
15,26,0.2736440896987915,0.19489189982414246,0.07850923389196396,2.4295005798339844,
15,27,0.4949072301387787,0.3603048026561737,0.13432317972183228,2.792520046234131,
15,28,0.4295142590999603,0.3011576235294342,0.12774407863616943,6.12555456161499,
15,29,0.5141806602478027,0.37576669454574585,0.13813987374305725,2.7406551837921143,
15,30,0.4521714448928833,0.3122761845588684,0.13918711245059967,7.0815582275390625,
15,31,0.33850210905075073,0.242323100566864,0.09578119218349457,3.9780967235565186,
15,32,0.35510677099227905,0.25966930389404297,0.09502594918012619,4.115166664123535,
15,33,0.5831243991851807,0.4026702642440796,0.17944125831127167,10.128754615783691,
15,34,0.3198193311691284,0.2312224805355072,0.0880156084895134,5.812263011932373,
15,35,0.4164923131465912,0.29793819785118103,0.1179686188697815,5.855031967163086,
15,36,0.6424179077148438,0.4801785945892334,0.1618940681219101,3.4522061347961426,
15,37,0.8210538625717163,0.6160314083099365,0.20454800128936768,4.744647026062012,
15,38,0.6110624670982361,0.45104482769966125,0.15965448319911957,3.6315078735351562,
15,39,0.6505380868911743,0.4807170629501343,0.1694614291191101,3.5960028171539307,
15,40,0.2754015326499939,0.19789406657218933,0.07726269960403442,2.4475481510162354,
15,41,0.3471851944923401,0.25178855657577515,0.0950685366988182,3.2810275554656982,
15,42,0.6913477182388306,0.5018928050994873,0.18899518251419067,4.597385883331299,
15,43,0.5232765674591064,0.3784332871437073,0.14454561471939087,2.9766957759857178,
15,44,0.34795165061950684,0.24986684322357178,0.09775316715240479,3.3163249492645264,
15,45,0.7230486273765564,0.5269528031349182,0.19565841555595398,4.374279975891113,
15,46,0.44068464636802673,0.3076687455177307,0.13247691094875336,5.389817714691162,
15,47,0.4697633981704712,0.3411880135536194,0.1283125877380371,2.6279659271240234,
15,48,0.4807860851287842,0.34957337379455566,0.13090728223323822,3.0541155338287354,
15,49,0.4100272059440613,0.28946053981781006,0.12013912945985794,4.275571823120117,
15,50,0.6479974389076233,0.471805602312088,0.17568771541118622,5.041104793548584,
15,51,0.6917918920516968,0.5082606673240662,0.18295171856880188,5.794762134552002,
15,52,0.3054322898387909,0.223276287317276,0.0819082111120224,2.4780807495117188,
15,53,0.39253711700439453,0.2865299582481384,0.10578516125679016,2.219867467880249,
15,54,0.4235847592353821,0.299450159072876,0.12345677614212036,6.778159141540527,
15,55,0.44171541929244995,0.31200098991394043,0.12907710671424866,6.373193264007568,
15,56,0.6596519947052002,0.4595203101634979,0.19875434041023254,13.773509979248047,
15,57,0.6729232668876648,0.49394676089286804,0.17853966355323792,4.368609428405762,
15,58,0.547216534614563,0.40021824836730957,0.14667445421218872,3.2381598949432373,
15,59,0.44977623224258423,0.3115862011909485,0.13735581934452057,8.342302322387695,
15,60,0.7592957019805908,0.5496178865432739,0.20906785130500793,6.100105285644531,
15,61,0.7443269491195679,0.5382156372070312,0.20566709339618683,4.442416191101074,
15,62,0.5068527460098267,0.3403943181037903,0.16561046242713928,8.479186058044434,
15,63,0.29899293184280396,0.21638822555541992,0.08227920532226562,3.2550065517425537,
15,64,0.3343631625175476,0.23014231026172638,0.10377353429794312,4.47324800491333,
15,65,0.5997925996780396,0.4315493404865265,0.16788771748542786,3.555219888687134,
15,66,0.6097915768623352,0.43673157691955566,0.17268478870391846,3.752096176147461,
15,67,0.33646443486213684,0.23075029253959656,0.1050768569111824,6.372803211212158,
15,68,0.4513510465621948,0.30463647842407227,0.14602965116500854,6.84902286529541,
15,69,0.7056822776794434,0.5155847072601318,0.18962685763835907,4.706937313079834,
15,70,0.4165271818637848,0.28893136978149414,0.12694038450717926,6.55427885055542,
15,71,0.2881302833557129,0.2177692949771881,0.07015436887741089,2.0660691261291504,
15,72,0.6635340452194214,0.4953308701515198,0.16784179210662842,3.6139328479766846,
15,73,0.8533923029899597,0.641026496887207,0.21187090873718262,4.948812961578369,
15,74,0.404773086309433,0.305503249168396,0.09906631708145142,2.0352985858917236,
15,75,0.6659358739852905,0.4947947859764099,0.17071658372879028,4.245205402374268,
15,76,0.4219166338443756,0.2982528805732727,0.12311708182096481,5.466570854187012,
15,77,0.5903593301773071,0.4135003089904785,0.17580291628837585,10.560644149780273,
15,78,0.5425856113433838,0.4035474359989166,0.13876159489154816,2.7658421993255615,
15,79,0.4443932771682739,0.3062499761581421,0.137485072016716,6.581998825073242,
15,80,0.5906880497932434,0.43755441904067993,0.15281707048416138,3.1654062271118164,
15,81,0.2655394375324249,0.19911207258701324,0.06625670194625854,1.7068243026733398,
15,82,0.6741234660148621,0.4959750771522522,0.17774838209152222,3.9999990463256836,
15,83,0.3462795615196228,0.25568029284477234,0.09029132127761841,3.079425573348999,
15,84,0.44930195808410645,0.3148649334907532,0.13384446501731873,5.925520420074463,
15,85,0.4130886197090149,0.2913266718387604,0.1213207095861435,4.412383079528809,
15,86,0.3990359306335449,0.2865675091743469,0.11204268783330917,4.257400035858154,
15,87,0.5330227613449097,0.3884986639022827,0.14423662424087524,2.874844789505005,
15,88,0.4229936897754669,0.28379034996032715,0.13833880424499512,8.645491600036621,
15,89,0.339133620262146,0.2448735237121582,0.0939614400267601,2.986522912979126,
15,90,0.3808407187461853,0.2658359110355377,0.11444015800952911,5.646381378173828,
15,91,0.29624757170677185,0.21430814266204834,0.08169891685247421,2.4051854610443115,
15,92,0.6733494997024536,0.4878804683685303,0.18499106168746948,4.779473781585693,
15,93,0.45688939094543457,0.30457693338394165,0.15149113535881042,8.213293075561523,
15,94,0.2963545620441437,0.2130090743303299,0.0830991268157959,2.463862419128418,
15,95,0.40715745091438293,0.2767752408981323,0.12980398535728455,5.7821173667907715,
15,96,0.28055956959724426,0.19990846514701843,0.08038844168186188,2.6265463829040527,
15,97,0.6382713913917542,0.4600546956062317,0.1778436303138733,3.730600118637085,
15,98,0.5659363269805908,0.40555906295776367,0.16004329919815063,3.339398145675659,
15,99,0.8953803777694702,0.6603337526321411,0.23443059623241425,6.1598896980285645,
15,100,0.3841874897480011,0.27521902322769165,0.10854770243167877,4.207736015319824,
16,1,0.5754019618034363,0.4181181788444519,0.156940758228302,3.430328607559204,
16,2,0.2956773638725281,0.21484142541885376,0.08060315996408463,2.328007459640503,
16,3,0.44502487778663635,0.3126533031463623,0.1318013072013855,5.702722549438477,
16,4,0.43898749351501465,0.30724817514419556,0.13094981014728546,7.895377159118652,
16,5,0.57093745470047,0.41343337297439575,0.15716105699539185,3.4300320148468018,
16,6,0.3530595302581787,0.2515738606452942,0.10104972124099731,4.359368324279785,
16,7,0.74388587474823,0.5424727201461792,0.20096899569034576,4.441806316375732,
16,8,0.5057041049003601,0.3686009645462036,0.13679088652133942,3.1224682331085205,
16,9,0.7401912808418274,0.5428439974784851,0.1968376785516739,5.096192359924316,
16,10,0.3465215265750885,0.24885335564613342,0.09733252227306366,3.356574535369873,
16,11,0.4116697609424591,0.2786003649234772,0.1324571669101715,6.122226238250732,
16,12,0.5895174145698547,0.42911484837532043,0.16001352667808533,3.89028263092041,
16,13,0.34675779938697815,0.24125120043754578,0.10500358790159225,5.029994487762451,
16,14,0.6267862319946289,0.439602792263031,0.18515951931476593,20.23946762084961,
16,15,0.3491829037666321,0.24462777376174927,0.10403312742710114,5.220123291015625,
16,16,0.7521195411682129,0.5523209571838379,0.19938170909881592,4.168600559234619,
16,17,0.552851140499115,0.4050424098968506,0.14748427271842957,3.244382619857788,
16,18,0.6225020885467529,0.45859163999557495,0.16356424987316132,3.4620954990386963,
16,19,0.3020755350589752,0.22026732563972473,0.08155925571918488,2.4894859790802,
16,20,0.7783858180046082,0.5766878128051758,0.20121708512306213,4.809218406677246,
16,21,0.43720290064811707,0.3079071342945099,0.12862136960029602,6.7440338134765625,
16,22,0.771638035774231,0.5543676614761353,0.2158442586660385,14.260917663574219,
16,23,0.4543282687664032,0.3091379702091217,0.14447543025016785,7.148597240447998,
16,24,0.38618433475494385,0.27397096157073975,0.11198259890079498,2.3079326152801514,
16,25,0.4035351276397705,0.27118515968322754,0.13174793124198914,6.020495891571045,
16,26,0.42183274030685425,0.28887027502059937,0.13218161463737488,7.808419227600098,
16,27,0.5321840047836304,0.375912606716156,0.15552839636802673,7.43017053604126,
16,28,0.6185731291770935,0.44136732816696167,0.17680542171001434,4.003384590148926,
16,29,0.3507858216762543,0.23875458538532257,0.11150645464658737,5.247838020324707,
16,30,0.38461726903915405,0.27278828620910645,0.11160537600517273,2.2359867095947266,
16,31,0.5424336791038513,0.3884003162384033,0.1537291407585144,3.0424916744232178,
16,32,0.8687185645103455,0.6328778266906738,0.23524799942970276,5.927813529968262,
16,33,0.6833176612854004,0.4957842528820038,0.1871243268251419,4.090926647186279,
16,34,0.33281049132347107,0.23987579345703125,0.09264528751373291,2.8941383361816406,
16,35,0.29646527767181396,0.21521106362342834,0.08101356029510498,2.406585216522217,
16,36,0.45583832263946533,0.31686362624168396,0.1382722705602646,7.0242695808410645,
16,37,0.6891427040100098,0.5016582012176514,0.18708136677742004,4.031494140625,
16,38,0.3972064256668091,0.27276891469955444,0.12387952208518982,5.579916000366211,
16,39,0.8105149269104004,0.6028140783309937,0.20722229778766632,4.785689830780029,
16,40,0.288933128118515,0.21559356153011322,0.07311815023422241,2.2141213417053223,
16,41,0.7462764382362366,0.549018144607544,0.19682593643665314,4.32352352142334,
16,42,0.2995109558105469,0.22208291292190552,0.07719868421554565,2.293560028076172,
16,43,0.43346673250198364,0.3021487593650818,0.13052871823310852,7.8924880027771,
16,44,0.4073448181152344,0.2850194573402405,0.12180044502019882,5.249080181121826,
16,45,0.41528820991516113,0.2862783670425415,0.12809009850025177,9.197693824768066,
16,46,0.26764941215515137,0.19733276963233948,0.07013764977455139,1.7897855043411255,
16,47,0.342816025018692,0.25073134899139404,0.09178601205348969,2.9863994121551514,
16,48,1.2252274751663208,0.755448579788208,0.4623759984970093,74.02887725830078,
16,49,0.4533282518386841,0.3105718493461609,0.1417756974697113,9.807149887084961,
16,50,0.2848566174507141,0.20919132232666016,0.07543405145406723,2.3124501705169678,
16,51,0.7551693320274353,0.5442559719085693,0.21044111251831055,4.722743034362793,
16,52,0.4537316858768463,0.3281060457229614,0.12537439167499542,2.5125813484191895,
16,53,0.34787702560424805,0.24572895467281342,0.10166898369789124,4.790887832641602,
16,54,0.8588635921478271,0.6139527559280396,0.24427086114883423,6.399896621704102,
16,55,0.6357561349868774,0.4522312879562378,0.18313460052013397,3.902052164077759,
16,56,0.7045363187789917,0.49991166591644287,0.20409339666366577,5.312572002410889,
16,57,0.5394439697265625,0.3845261335372925,0.15459567308425903,3.221628189086914,
16,58,0.8012816905975342,0.5771186947822571,0.22350932657718658,6.536943435668945,
16,59,0.2677657902240753,0.19769197702407837,0.06988779455423355,1.860209584236145,
16,60,0.8044393062591553,0.5802158117294312,0.22367018461227417,5.533115863800049,
16,61,0.5398330092430115,0.35875725746154785,0.18003883957862854,10.369389533996582,
16,62,0.6493220925331116,0.47565221786499023,0.17329467833042145,3.75234317779541,
16,63,0.6383142471313477,0.4706071615219116,0.16734793782234192,3.591892719268799,
16,64,0.6268575191497803,0.46626514196395874,0.1602138876914978,3.7848734855651855,
16,65,0.41554513573646545,0.2904391884803772,0.12447833269834518,6.275979518890381,
16,66,0.7594166994094849,0.5699821710586548,0.18902458250522614,4.099788188934326,
16,67,0.2926681935787201,0.21503838896751404,0.07739514112472534,2.346672296524048,
16,68,0.7481067776679993,0.5648981928825378,0.18281394243240356,3.9464237689971924,
16,69,0.35099467635154724,0.2590551972389221,0.0915789008140564,3.605642557144165,
16,70,0.41012072563171387,0.2919411063194275,0.11762163043022156,5.579766750335693,
16,71,0.5468480587005615,0.4041946530342102,0.14234218001365662,3.11257004737854,
16,72,0.2921765148639679,0.21087908744812012,0.08107011020183563,2.2731716632843018,
16,73,0.9216671586036682,0.7018157839775085,0.2191493809223175,7.0197978019714355,
16,74,0.7854686975479126,0.5771998167037964,0.20779526233673096,4.736128330230713,
16,75,0.5044962167739868,0.3604821264743805,0.14322273433208466,7.913848400115967,
16,76,0.6233898997306824,0.44312551617622375,0.17986002564430237,4.043474197387695,
16,77,0.505231499671936,0.35411733388900757,0.15042001008987427,6.941378593444824,
16,78,0.5357509851455688,0.3702830970287323,0.16514667868614197,3.2121171951293945,
16,79,0.501444935798645,0.34508955478668213,0.15602779388427734,3.275594711303711,
16,80,0.2884608805179596,0.19444693624973297,0.09376116096973419,2.5278773307800293,
16,81,0.48097139596939087,0.33578401803970337,0.14489704370498657,2.903339385986328,
16,82,0.41728588938713074,0.2880781292915344,0.12849928438663483,7.084861755371094,
16,83,0.417014479637146,0.2923619747161865,0.12421604990959167,4.364441394805908,
16,84,0.4093036949634552,0.28951576352119446,0.11939647793769836,3.9144344329833984,
16,85,0.7699785828590393,0.576307475566864,0.19320359826087952,4.674538612365723,
16,86,0.4968950152397156,0.3668508529663086,0.12952587008476257,5.1830573081970215,
16,87,0.7795604467391968,0.5875253677368164,0.1915460079908371,4.8902764320373535,
16,88,0.6605154871940613,0.4855581223964691,0.17429852485656738,6.5883588790893555,
16,89,0.5775818824768066,0.4076988399028778,0.16891394555568695,9.691286087036133,
16,90,0.768229603767395,0.5737783908843994,0.19397206604480743,4.791366100311279,
16,91,0.5642362833023071,0.3956329822540283,0.1677066832780838,8.966222763061523,
16,92,0.601116955280304,0.4244806170463562,0.1756674349308014,9.688443183898926,
16,93,0.6113220453262329,0.44434693455696106,0.16661754250526428,3.575744152069092,
16,94,0.64400714635849,0.4686266779899597,0.17500638961791992,3.740511894226074,
16,95,0.35984575748443604,0.24857589602470398,0.11072588711977005,5.4397101402282715,
16,96,0.41981613636016846,0.28439873456954956,0.1347927451133728,6.246638774871826,
16,97,0.29295235872268677,0.22091765701770782,0.07182001322507858,2.146912097930908,
16,98,0.5567308068275452,0.40082916617393494,0.1555505096912384,3.511333465576172,
16,99,0.6214934587478638,0.44655483961105347,0.17453716695308685,4.014331340789795,
16,100,0.6190269589424133,0.43764036893844604,0.18089395761489868,4.926461219787598,
17,1,0.7839615941047668,0.5550181865692139,0.2284456342458725,4.97761869430542,
17,2,0.2720392644405365,0.21202978491783142,0.05984994396567345,1.5951718091964722,
17,3,0.26823723316192627,0.209183007478714,0.058899518102407455,1.5470988750457764,
17,4,0.6174145936965942,0.45253151655197144,0.16451284289360046,3.702855110168457,
17,5,0.5512344837188721,0.4118363559246063,0.13909761607646942,3.0052969455718994,
17,6,0.8223726153373718,0.5968470573425293,0.2250220626592636,5.034646511077881,
17,7,0.4126196503639221,0.29351913928985596,0.11867809295654297,4.224199295043945,
17,8,0.5908651947975159,0.442150354385376,0.14835402369499207,3.6079483032226562,
17,9,0.7163896560668945,0.5288521647453308,0.1871207356452942,4.167404651641846,
17,10,0.27710217237472534,0.2208128571510315,0.056118328124284744,1.7096532583236694,
17,11,0.45142483711242676,0.3065986633300781,0.14407500624656677,7.5116376876831055,
17,12,0.47169068455696106,0.31911545991897583,0.1516130119562149,9.622329711914062,
17,13,0.5926715135574341,0.38432127237319946,0.2072039544582367,11.463189125061035,
17,14,0.4865792393684387,0.3262765407562256,0.15924811363220215,10.545784950256348,
17,15,0.8334665894508362,0.6041460037231445,0.22873669862747192,5.838985443115234,
17,16,0.693457841873169,0.5025598406791687,0.1904921531677246,4.0586724281311035,
17,17,0.38344526290893555,0.27901244163513184,0.10405634343624115,3.764554023742676,
17,18,0.3924468457698822,0.2890920042991638,0.10312791913747787,2.269239664077759,
17,19,0.5648247599601746,0.38469168543815613,0.17917266488075256,9.604010581970215,
17,20,0.699641764163971,0.516572117805481,0.18265125155448914,4.183551788330078,
17,21,0.3178444802761078,0.23567461967468262,0.08190618455410004,2.636550188064575,
17,22,0.5798441767692566,0.42483994364738464,0.15467709302902222,3.271552085876465,
17,23,0.33815404772758484,0.24861961603164673,0.08926154673099518,2.7291064262390137,
17,24,0.7443993091583252,0.549778938293457,0.19419971108436584,4.2071003913879395,
17,25,0.32343608140945435,0.2298617959022522,0.09321525692939758,3.5901896953582764,
17,26,0.8194324374198914,0.607918381690979,0.2110292911529541,4.84773063659668,
17,27,0.5612627267837524,0.410857230424881,0.15007686614990234,3.2868056297302246,
17,28,0.8612168431282043,0.6377847194671631,0.22291415929794312,5.1797566413879395,
17,29,0.39639660716056824,0.28308236598968506,0.11308618634939194,2.2804393768310547,
17,30,0.3981863558292389,0.2766842246055603,0.12101543694734573,4.867076873779297,
17,31,0.7999898791313171,0.5759393572807312,0.2220354527235031,20.1507511138916,
17,32,0.4182590842247009,0.2927992045879364,0.12486744672060013,5.924471378326416,
17,33,0.26715216040611267,0.18573254346847534,0.0811842679977417,2.3533527851104736,
17,34,0.44802725315093994,0.3180558681488037,0.12938213348388672,5.892426013946533,
17,35,0.3397483825683594,0.24447016417980194,0.09495998919010162,3.1822922229766846,
17,36,0.5165371894836426,0.37369799613952637,0.1425425112247467,2.96737003326416,
17,37,0.8598241806030273,0.6363731026649475,0.2229059934616089,5.4510955810546875,
17,38,0.8043782114982605,0.5924391746520996,0.21137326955795288,5.657930850982666,
17,39,0.587576687335968,0.4221283793449402,0.1650695502758026,3.7878284454345703,
17,40,0.5982678532600403,0.43112805485725403,0.166752427816391,3.8738186359405518,
17,41,0.6161138415336609,0.4410587549209595,0.17468589544296265,3.691926956176758,
17,42,0.5221771597862244,0.3749101161956787,0.14696379005908966,3.032658576965332,
17,43,0.6118772625923157,0.4225616753101349,0.18716564774513245,21.499385833740234,
17,44,0.7030036449432373,0.5099207162857056,0.19263969361782074,4.432323455810547,
17,45,0.3385823369026184,0.24662600457668304,0.09165048599243164,3.0583324432373047,
17,46,0.757278561592102,0.5528743863105774,0.20397832989692688,4.257996082305908,
17,47,0.8229714632034302,0.6124475002288818,0.210012286901474,5.1161932945251465,
17,48,0.455925315618515,0.31981709599494934,0.13523370027542114,8.745198249816895,
17,49,0.6624781489372253,0.4714866578578949,0.19027747213840485,7.140039443969727,
17,50,0.347686767578125,0.24503572285175323,0.10221822559833527,4.328230381011963,
17,51,0.739311158657074,0.5331426858901978,0.20572233200073242,4.461670875549316,
17,52,0.5046606063842773,0.3609921336174011,0.14337699115276337,2.914738893508911,
17,53,0.5999066829681396,0.4296756982803345,0.16983863711357117,3.9234519004821777,
17,54,0.7996699213981628,0.5765233635902405,0.22255177795886993,5.947989463806152,
17,55,0.41064730286598206,0.28652462363243103,0.12368437647819519,4.382938385009766,
17,56,0.3575071394443512,0.2541921138763428,0.10287965834140778,4.353824615478516,
17,57,0.6141358017921448,0.4417138397693634,0.17205968499183655,3.6227166652679443,
17,58,0.3976197838783264,0.28633174300193787,0.11106204986572266,2.2598624229431152,
17,59,0.6512592434883118,0.46752551198005676,0.1832200437784195,5.136918067932129,
17,60,0.5904123187065125,0.43033820390701294,0.1597006767988205,3.7342562675476074,
17,61,0.41112175583839417,0.28017550706863403,0.13036882877349854,5.774318695068359,
17,62,0.6295095682144165,0.4575885534286499,0.17153534293174744,3.8565778732299805,
17,63,0.4230034351348877,0.29510077834129333,0.12729738652706146,6.0528883934021,
17,64,0.34432485699653625,0.2518879175186157,0.09209346771240234,3.4346213340759277,
17,65,0.3482809066772461,0.24619708955287933,0.10158950835466385,4.942874908447266,
17,66,0.76424241065979,0.5607380867004395,0.20308546721935272,4.188416481018066,
17,67,0.748049795627594,0.5475606918334961,0.20006608963012695,4.2301859855651855,
17,68,0.4403233826160431,0.30177778005599976,0.13776621222496033,7.793913841247559,
17,69,0.5183199048042297,0.37765830755233765,0.14038611948490143,2.755030632019043,
17,70,0.5244224667549133,0.37939974665641785,0.14472898840904236,2.9374852180480957,
17,71,0.3833938539028168,0.26938098669052124,0.11355771869421005,4.551543712615967,
17,72,0.5683889985084534,0.40788137912750244,0.16017314791679382,3.344531297683716,
17,73,0.5449185967445374,0.39304089546203613,0.15156346559524536,3.1420814990997314,
17,74,0.7229657769203186,0.5233203172683716,0.19920474290847778,4.407155513763428,
17,75,0.4315408766269684,0.2995446026325226,0.13152137398719788,4.749001502990723,
17,76,0.5504823923110962,0.3758704662322998,0.1737333983182907,8.78515338897705,
17,77,0.528687059879303,0.3854151964187622,0.14299103617668152,2.8081419467926025,
17,78,0.5758437514305115,0.39543616771698,0.1792493462562561,11.582443237304688,
17,79,0.5997753739356995,0.4000335931777954,0.1981874704360962,15.543288230895996,
17,80,0.8635319471359253,0.6348155736923218,0.2281782329082489,5.381119251251221,
17,81,0.4968456029891968,0.36676985025405884,0.1297941654920578,2.815669059753418,
17,82,0.7210245728492737,0.5239819288253784,0.19661740958690643,4.252402305603027,
17,83,0.30585870146751404,0.2224004566669464,0.08318540453910828,2.728515386581421,
17,84,0.6985653638839722,0.5060465931892395,0.19210022687911987,4.185357093811035,
17,85,0.7277228832244873,0.5268090963363647,0.20049652457237244,4.1725687980651855,
17,86,0.4068092405796051,0.2807656526565552,0.1253148913383484,7.286981582641602,
17,87,0.44262680411338806,0.2977468967437744,0.1441875696182251,6.923340797424316,
17,88,0.4142659604549408,0.2915191948413849,0.12230348587036133,4.4328484535217285,
17,89,0.2921903133392334,0.21577823162078857,0.07616820931434631,2.4386470317840576,
17,90,0.5910846590995789,0.40375983715057373,0.1863006353378296,10.242033958435059,
17,91,0.5603030920028687,0.4074329733848572,0.15253935754299164,3.3073980808258057,
17,92,0.5620028376579285,0.4088290333747864,0.15281939506530762,3.5439367294311523,
17,93,0.5271018743515015,0.3821343183517456,0.14467912912368774,2.8842382431030273,
17,94,0.6012765765190125,0.43162357807159424,0.16927027702331543,3.82719349861145,
17,95,0.6024078726768494,0.43128710985183716,0.17074266076087952,3.780435085296631,
17,96,0.43407732248306274,0.2820655107498169,0.15118631720542908,8.25500774383545,
17,97,0.4985656440258026,0.3476129174232483,0.15013685822486877,8.158770561218262,
17,98,0.5393103361129761,0.3953537046909332,0.1436726450920105,2.839791774749756,
17,99,0.3944079875946045,0.2913495898246765,0.10284662246704102,2.1177291870117188,
17,100,0.33911553025245667,0.24815787374973297,0.09066959470510483,2.8807544708251953,
18,1,0.8721964955329895,0.6510263681411743,0.2206301987171173,5.399370193481445,
18,2,0.8308303356170654,0.6126741766929626,0.217672199010849,4.839798450469971,
18,3,0.38605546951293945,0.2748523950576782,0.11064600199460983,5.570666313171387,
18,4,0.42488884925842285,0.3076222538948059,0.11673876643180847,5.278430938720703,
18,5,0.44255462288856506,0.31636786460876465,0.12571324408054352,4.735369682312012,
18,6,0.4470985233783722,0.3117290139198303,0.1347031593322754,6.663529872894287,
18,7,0.4640626013278961,0.3256423771381378,0.1375310719013214,8.891629219055176,
18,8,0.5013237595558167,0.3501734137535095,0.150465726852417,6.846123695373535,
18,9,0.794599175453186,0.5840877294540405,0.2099117934703827,5.996406555175781,
18,10,0.43269026279449463,0.3005024194717407,0.13147351145744324,7.143310546875,
18,11,0.3381372094154358,0.24305108189582825,0.09469925612211227,3.868515729904175,
18,12,0.3400953412055969,0.23735061287879944,0.10226568579673767,4.790353298187256,
18,13,0.47189339995384216,0.3302538990974426,0.1409578025341034,6.816888332366943,
18,14,0.689663290977478,0.507289707660675,0.18197885155677795,3.9471359252929688,
18,15,1.010986566543579,0.7270796895027161,0.28256556391716003,13.412909507751465,
18,16,0.6680078506469727,0.49304673075675964,0.17459850013256073,3.6265738010406494,
18,17,0.42707470059394836,0.31133216619491577,0.11523652821779251,5.060098171234131,
18,18,0.43623387813568115,0.2942267656326294,0.14133992791175842,6.671838760375977,
18,19,0.345528244972229,0.2473383992910385,0.09785561263561249,3.3424596786499023,
18,20,0.9223928451538086,0.6813801527023315,0.2404090166091919,6.036976337432861,
18,21,0.2616997957229614,0.18465374410152435,0.07680889964103699,2.3716578483581543,
18,22,0.6424076557159424,0.4701416790485382,0.17190173268318176,3.6422529220581055,
18,23,0.7379144430160522,0.5324606895446777,0.2049015462398529,5.522062301635742,
18,24,0.6858973503112793,0.499178409576416,0.18630929291248322,4.096485614776611,
18,25,0.44827839732170105,0.31246525049209595,0.1351393759250641,6.737706661224365,
18,26,0.7784495949745178,0.5690819025039673,0.20891538262367249,4.523146629333496,
18,27,0.4786178469657898,0.35298311710357666,0.12537583708763123,2.589050054550171,
18,28,0.5051231384277344,0.37010297179222107,0.1347390115261078,2.8118181228637695,
18,29,0.545723557472229,0.3943409323692322,0.15071292221546173,6.696944236755371,
18,30,0.30840396881103516,0.2142653614282608,0.09350027143955231,6.383310317993164,
18,31,0.8000635504722595,0.5842440724372864,0.21532323956489563,4.962347984313965,
18,32,0.5817335247993469,0.39498478174209595,0.18557024002075195,11.785079002380371,
18,33,0.3523755371570587,0.24962440133094788,0.10230199247598648,4.4915313720703125,
18,34,0.38426828384399414,0.2783333957195282,0.10572011768817902,2.147644519805908,
18,35,0.576197624206543,0.3885248601436615,0.1864171028137207,12.556434631347656,
18,36,0.6083343625068665,0.4369223117828369,0.1710473895072937,3.6468989849090576,
18,37,0.36713695526123047,0.26651716232299805,0.10021086782217026,4.089231967926025,
18,38,0.6326949596405029,0.4614226818084717,0.17074406147003174,5.281920433044434,
18,39,0.7613261938095093,0.5521439909934998,0.2087233066558838,4.588902473449707,
18,40,0.41018134355545044,0.28941574692726135,0.12032710760831833,4.384714126586914,
18,41,0.5607680678367615,0.353232741355896,0.20539912581443787,21.361526489257812,
18,42,0.33174046874046326,0.23236042261123657,0.09879246354103088,5.875748157501221,
18,43,0.4122254550457001,0.31655555963516235,0.09547056257724762,1.9935864210128784,
18,44,0.6997285485267639,0.5278229713439941,0.17153333127498627,3.7222354412078857,
18,45,0.3112598657608032,0.2324894666671753,0.07837790995836258,3.9249207973480225,
18,46,0.65631103515625,0.4667678475379944,0.18822821974754333,13.149980545043945,
18,47,0.291481077671051,0.21840932965278625,0.07285676896572113,2.149942636489868,
18,48,0.6602352261543274,0.48334455490112305,0.17622017860412598,6.70466947555542,
18,49,0.48883330821990967,0.3611108660697937,0.12745343148708344,2.690033435821533,
18,50,0.6053880453109741,0.44176802039146423,0.16326777637004852,3.522585391998291,
18,51,0.7917112708091736,0.5749504566192627,0.21615713834762573,6.036714553833008,
18,52,0.4234172999858856,0.28967881202697754,0.13307739794254303,6.611003875732422,
18,53,0.4466823935508728,0.30619537830352783,0.13959133625030518,8.956748008728027,
18,54,0.42425835132598877,0.29226386547088623,0.13124209642410278,7.524000644683838,
18,55,0.33583956956863403,0.2298816740512848,0.10552141815423965,4.364748001098633,
18,56,0.41030222177505493,0.26215416193008423,0.14616361260414124,19.844337463378906,
18,57,0.5684866905212402,0.40602120757102966,0.16209954023361206,3.6599700450897217,
18,58,0.47204864025115967,0.3161926865577698,0.15448161959648132,13.743213653564453,
18,59,0.8507323861122131,0.6307294368743896,0.21950426697731018,4.987037181854248,
18,60,0.5815331935882568,0.4161023199558258,0.1650727391242981,3.5807974338531494,
18,61,0.29046952724456787,0.2009587585926056,0.08925213664770126,2.586232900619507,
18,62,0.6495486497879028,0.4711576998233795,0.1780082881450653,3.8264102935791016,
18,63,0.43555396795272827,0.2898903787136078,0.14486460387706757,7.990037441253662,
18,64,0.5075461864471436,0.3667300343513489,0.14051063358783722,3.0553488731384277,
18,65,0.5533696413040161,0.4035699665546417,0.14949995279312134,2.996837854385376,
18,66,0.8154433965682983,0.6047894358634949,0.21009883284568787,5.551781177520752,
18,67,0.45954573154449463,0.315668523311615,0.1427781730890274,10.990368843078613,
18,68,0.4436649680137634,0.31372153759002686,0.12936186790466309,5.815640449523926,
18,69,0.783310055732727,0.5736234784126282,0.20917120575904846,5.153170585632324,
18,70,0.41396045684814453,0.2824307680130005,0.1308327615261078,6.969191074371338,
18,71,0.8243167400360107,0.6005303859710693,0.22327479720115662,5.115008354187012,
18,72,0.36334946751594543,0.24756604433059692,0.11517327278852463,6.101369380950928,
18,73,0.829926609992981,0.6043444871902466,0.22506603598594666,5.160862922668457,
18,74,0.28831660747528076,0.19579553604125977,0.09225055575370789,2.705216407775879,
18,75,0.6076498627662659,0.4383244216442108,0.1689642369747162,3.612208127975464,
18,76,0.5566670298576355,0.40393203496932983,0.1524214744567871,3.135296583175659,
18,77,0.8535718321800232,0.6239476203918457,0.22907283902168274,5.514193058013916,
18,78,0.42058247327804565,0.3073839247226715,0.1129731684923172,2.253777027130127,
18,79,0.8126643896102905,0.6004475355148315,0.21161746978759766,5.994062423706055,
18,80,0.5096101760864258,0.375821590423584,0.13349571824073792,2.9287967681884766,
18,81,0.3953537046909332,0.27271196246147156,0.12210755795240402,5.34173583984375,
18,82,0.6239736080169678,0.45729461312294006,0.16630351543426514,3.7550084590911865,
18,83,0.824322521686554,0.6104246377944946,0.21339288353919983,5.050385475158691,
18,84,0.8927170634269714,0.6551841497421265,0.23685777187347412,6.751583576202393,
18,85,0.5416884422302246,0.37012672424316406,0.17064213752746582,9.195783615112305,
18,86,0.8031854629516602,0.5870758891105652,0.21562111377716064,4.884815216064453,
18,87,0.6010546684265137,0.43929117918014526,0.1613694131374359,3.9409401416778564,
18,88,0.2888381779193878,0.2067985236644745,0.08172391355037689,3.1575405597686768,
18,89,0.40002012252807617,0.29311448335647583,0.10669052600860596,2.1512279510498047,
18,90,0.4196726381778717,0.29428696632385254,0.12494440376758575,4.412967205047607,
18,91,0.28764331340789795,0.204614520072937,0.08276277035474777,2.660069227218628,
18,92,0.6183471083641052,0.44488024711608887,0.17308013141155243,3.8672425746917725,
18,93,0.36641404032707214,0.2509687542915344,0.11488471925258636,5.605530738830566,
18,94,0.7562999129295349,0.5382323265075684,0.217622771859169,4.448442459106445,
18,95,0.6798622012138367,0.4858843684196472,0.19356867671012878,4.092127323150635,
18,96,0.7912261486053467,0.48683643341064453,0.30142176151275635,29.679588317871094,
18,97,0.2890535295009613,0.21166856586933136,0.0771414190530777,2.4354195594787598,
18,98,0.4406934678554535,0.32482004165649414,0.11564461886882782,2.28806471824646,
18,99,1.2332643270492554,0.7859823703765869,0.43959885835647583,76.83177185058594,
18,100,0.2948281168937683,0.21537023782730103,0.07920083403587341,2.5703189373016357,
19,1,0.4234394133090973,0.28654593229293823,0.13637331128120422,5.201704025268555,
19,2,0.5499064326286316,0.37134379148483276,0.17675352096557617,18.090940475463867,
19,3,0.44261059165000916,0.3316027820110321,0.11078377068042755,2.240365505218506,
19,4,0.25972458720207214,0.19947034120559692,0.06009376794099808,1.6049426794052124,
19,5,0.38453495502471924,0.2958858013153076,0.08846667408943176,1.824700117111206,
19,6,0.5771286487579346,0.4344277083873749,0.1423526555299759,3.482665538787842,
19,7,0.3773435056209564,0.2710214853286743,0.10576143860816956,5.6058173179626465,
19,8,0.5200815796852112,0.34372788667678833,0.17536765336990356,9.860300064086914,
19,9,0.3451038897037506,0.2654549479484558,0.07937034964561462,2.785879135131836,
19,10,0.635697066783905,0.47315505146980286,0.1621897667646408,3.522883653640747,
19,11,0.27569419145584106,0.21122533082962036,0.06427659094333649,1.9228570461273193,
19,12,0.2761969566345215,0.20483992993831635,0.07109923660755157,2.5778274536132812,
19,13,0.44575342535972595,0.30055832862854004,0.14436839520931244,8.266934394836426,
19,14,0.6756044030189514,0.4918251931667328,0.1833862066268921,3.9297094345092773,
19,15,0.6405596733093262,0.41637951135635376,0.22233708202838898,18.43113136291504,
19,16,0.44559797644615173,0.3250805139541626,0.12010256201028824,4.148983478546143,
19,17,0.3836873173713684,0.29606685042381287,0.08733265101909637,2.8783328533172607,
19,18,0.2943073809146881,0.2183813452720642,0.07571379095315933,2.122429847717285,
19,19,0.7058466076850891,0.5419225096702576,0.16357392072677612,3.5019118785858154,
19,20,0.80499267578125,0.6318163275718689,0.17275793850421906,4.184530735015869,
19,21,0.4476568400859833,0.3347521424293518,0.11242064833641052,4.840583324432373,
19,22,0.4889262616634369,0.364011287689209,0.12416099011898041,7.539599895477295,
19,23,0.5479835271835327,0.4109196066856384,0.13678857684135437,2.753692150115967,
19,24,0.5762403607368469,0.43006715178489685,0.14587849378585815,2.9475300312042236,
19,25,0.630805492401123,0.4707799255847931,0.1596977412700653,3.278381824493408,
19,26,0.8272448182106018,0.6216781139373779,0.2050398290157318,5.268415927886963,
19,27,0.627726137638092,0.46710848808288574,0.15979748964309692,8.20136547088623,
19,28,0.6170815229415894,0.45768508315086365,0.1590883731842041,3.0805158615112305,
19,29,0.5045334696769714,0.3645392060279846,0.13930408656597137,6.901615142822266,
19,30,0.631356954574585,0.4424819350242615,0.18847908079624176,3.9596753120422363,
19,31,0.507021427154541,0.3449322581291199,0.16175946593284607,3.297032117843628,
19,32,0.6797860860824585,0.5139355659484863,0.16508057713508606,7.6994404792785645,
19,33,0.49224886298179626,0.34457138180732727,0.14682093262672424,8.565350532531738,
19,34,0.5271478295326233,0.36698079109191895,0.15985500812530518,3.1202611923217773,
19,35,0.3333606421947479,0.24552911520004272,0.0875152051448822,3.1630754470825195,
19,36,0.3029654622077942,0.22540639340877533,0.07736444473266602,1.9460655450820923,
19,37,0.4413345754146576,0.3144684433937073,0.126617431640625,2.4870975017547607,
19,38,0.8539332151412964,0.6078696250915527,0.2454783320426941,5.852390766143799,
19,39,0.7710776925086975,0.5547610521316528,0.21585652232170105,4.600975513458252,
19,40,0.4387066066265106,0.3086967468261719,0.12943241000175476,5.774632930755615,
19,41,0.6670126914978027,0.4925423264503479,0.17356908321380615,9.012903213500977,
19,42,0.6704633831977844,0.5115872621536255,0.15851813554763794,3.580092668533325,
19,43,0.3404173254966736,0.27243658900260925,0.06777309626340866,2.0764636993408203,
19,44,0.6901230216026306,0.537115752696991,0.1526748538017273,3.3243606090545654,
19,45,0.6766017079353333,0.5349494218826294,0.14135675132274628,2.955388069152832,
19,46,0.6324067711830139,0.5056914687156677,0.12644368410110474,2.71622633934021,
19,47,0.44293132424354553,0.34308159351348877,0.09941837191581726,4.313684463500977,
19,48,0.6061124801635742,0.4824843406677246,0.12334562838077545,2.825042486190796,
19,49,0.6276544332504272,0.4962354898452759,0.13114649057388306,2.7247681617736816,
19,50,0.40569791197776794,0.316313773393631,0.08920417726039886,1.7996269464492798,
19,51,0.2970031201839447,0.22668370604515076,0.0701257511973381,1.936702013015747,
19,52,0.31604915857315063,0.23912277817726135,0.07658272981643677,3.436377763748169,
19,53,0.6471832990646362,0.4959195852279663,0.1509331464767456,3.305793285369873,
19,54,0.41565513610839844,0.306818425655365,0.10850311815738678,3.336059808731079,
19,55,0.4821099638938904,0.35001128911972046,0.13183656334877014,2.620969533920288,
19,56,0.39684778451919556,0.27783849835395813,0.11846974492073059,5.395289897918701,
19,57,0.44969671964645386,0.31482070684432983,0.1342826932668686,5.933006286621094,
19,58,0.42154911160469055,0.2906797528266907,0.1306116282939911,2.577263116836548,
19,59,0.46974435448646545,0.32343578338623047,0.14546836912631989,8.40219497680664,
19,60,0.6621939539909363,0.520563006401062,0.14105045795440674,5.805192947387695,
19,61,0.7098389863967896,0.49254629015922546,0.2168125957250595,4.80129861831665,
19,62,0.7113608717918396,0.49544230103492737,0.21545803546905518,4.605581760406494,
19,63,0.46509256958961487,0.32431817054748535,0.1404920220375061,2.8238844871520996,
19,64,0.45223456621170044,0.3009814918041229,0.15047135949134827,7.817265033721924,
19,65,0.451700896024704,0.3039766550064087,0.14713050425052643,5.937630653381348,
19,66,0.2717348337173462,0.1773994117975235,0.09402897953987122,3.064194679260254,
19,67,0.5810153484344482,0.4141160845756531,0.16654226183891296,3.5705482959747314,
19,68,0.5242619514465332,0.3874458968639374,0.1362135410308838,6.024625301361084,
19,69,0.38872814178466797,0.28018128871917725,0.10815402120351791,3.928225040435791,
19,70,0.5970697999000549,0.43691977858543396,0.1598147749900818,3.3526360988616943,
19,71,0.61204594373703,0.45912957191467285,0.1525493562221527,3.6700689792633057,
19,72,0.6044657230377197,0.4526689648628235,0.15148071944713593,3.160015106201172,
19,73,0.7824493646621704,0.5848323106765747,0.1971711963415146,4.458225250244141,
19,74,0.6043936610221863,0.4470398724079132,0.1570156216621399,3.3816633224487305,
19,75,0.4495861232280731,0.3268015384674072,0.12229958921670914,4.849976539611816,
19,76,0.8904473781585693,0.6694933176040649,0.2204030454158783,5.509915828704834,
19,77,0.7464827299118042,0.5448318719863892,0.20122861862182617,4.222308158874512,
19,78,0.7588971853256226,0.5516161918640137,0.20683903992176056,4.419846057891846,
19,79,0.48768624663352966,0.35791951417922974,0.1294930875301361,2.7363052368164062,
19,80,0.3847830295562744,0.27367061376571655,0.11063620448112488,4.762092113494873,
19,81,0.37736743688583374,0.2661585807800293,0.11072692275047302,4.819467067718506,
19,82,1.2203181982040405,0.888815701007843,0.3265830874443054,49.194644927978516,
19,83,0.5071017146110535,0.3393000364303589,0.16709622740745544,7.0542378425598145,
19,84,0.6486496925354004,0.4522404074668884,0.1959535777568817,4.55747127532959,
19,85,0.5519789457321167,0.39209580421447754,0.15956342220306396,3.1969406604766846,
19,86,0.5949870944023132,0.40456879138946533,0.1900024563074112,4.158505439758301,
19,87,0.44252732396125793,0.2934759259223938,0.14828874170780182,7.62662935256958,
19,88,0.4580957293510437,0.30305755138397217,0.15401339530944824,10.24785041809082,
19,89,0.45590364933013916,0.2978113293647766,0.1571980118751526,8.942985534667969,
19,90,0.6720505356788635,0.4829304814338684,0.18864727020263672,4.727682590484619,
19,91,0.6480022072792053,0.4854140877723694,0.16221708059310913,3.71044921875,
19,92,0.571875810623169,0.44170087575912476,0.12990176677703857,2.7318105697631836,
19,93,0.6038748025894165,0.4630606472492218,0.14050889015197754,3.053147077560425,
19,94,0.632388710975647,0.4897189736366272,0.14233721792697906,3.3252668380737305,
19,95,0.8493683338165283,0.6385873556137085,0.210288405418396,4.925609588623047,
19,96,0.4584442675113678,0.34090930223464966,0.11703573912382126,4.992122173309326,
19,97,0.3497247099876404,0.28277263045310974,0.06667516380548477,2.769216775894165,
19,98,0.2862563729286194,0.23847725987434387,0.047630675137043,1.4843525886535645,
19,99,0.5473289489746094,0.42767608165740967,0.11937808990478516,2.7480359077453613,
19,100,0.6889559030532837,0.5164282917976379,0.17198988795280457,5.377510070800781,
20,1,0.4352093040943146,0.30468112230300903,0.12988735735416412,6.408339023590088,
20,2,0.5516644716262817,0.3702811896800995,0.1805853247642517,7.980116367340088,
20,3,0.7774142026901245,0.5581250190734863,0.2188030481338501,4.861562252044678,
20,4,0.46791478991508484,0.325592964887619,0.1414041817188263,9.176445007324219,
20,5,0.5532358288764954,0.38575148582458496,0.16644686460494995,10.375060081481934,
20,6,0.44036945700645447,0.28688061237335205,0.15262416005134583,8.64698314666748,
20,7,0.4467633068561554,0.29103806614875793,0.15503953397274017,6.857158660888672,
20,8,0.3008810877799988,0.23620526492595673,0.06446327269077301,2.1255428791046143,
20,9,0.37848347425460815,0.2947434186935425,0.08344992995262146,2.90124773979187,
20,10,0.4203466475009918,0.2937246561050415,0.126071959733963,5.500411033630371,
20,11,0.5244293808937073,0.3743915557861328,0.14935582876205444,6.819923400878906,
20,12,0.6230406165122986,0.4761412739753723,0.14658211171627045,3.1719565391540527,
20,13,0.4145650267601013,0.3237442672252655,0.09046175330877304,3.5899181365966797,
20,14,0.46017152070999146,0.33992570638656616,0.11962717771530151,6.186268329620361,
20,15,0.8281531929969788,0.613622784614563,0.2140457034111023,4.846897125244141,
20,16,0.44995346665382385,0.31144583225250244,0.13782083988189697,6.86781644821167,
20,17,0.41176408529281616,0.2985367774963379,0.11281374096870422,4.135704040527344,
20,18,0.7725291848182678,0.5620076656341553,0.210062175989151,4.5939226150512695,
20,19,0.8242018818855286,0.5967394709587097,0.22679674625396729,6.6568450927734375,
20,20,0.5290590524673462,0.38374143838882446,0.14503204822540283,2.8558084964752197,
20,21,0.33216142654418945,0.2388516664505005,0.09291308373212814,3.96675968170166,
20,22,0.6033132672309875,0.4312257766723633,0.1716911643743515,3.963042736053467,
20,23,0.28361475467681885,0.21603965759277344,0.06736107170581818,2.140363931655884,
20,24,0.5743918418884277,0.3779864013195038,0.19520580768585205,11.995888710021973,
20,25,0.43577516078948975,0.30407658219337463,0.1312323808670044,4.661947250366211,
20,26,0.5433929562568665,0.3659146726131439,0.17661112546920776,8.671748161315918,
20,27,0.4531080722808838,0.30625852942466736,0.1459001898765564,9.49366569519043,
20,28,0.7777731418609619,0.5424684286117554,0.2346908152103424,6.139017105102539,
20,29,0.37387749552726746,0.2557936906814575,0.11758852005004883,4.95277738571167,
20,30,0.8410226106643677,0.6020085215568542,0.23845085501670837,5.632861614227295,
20,31,0.6102035045623779,0.4335956573486328,0.1762027144432068,4.051495552062988,
20,32,0.421774685382843,0.2939143478870392,0.12740980088710785,4.505486965179443,
20,33,0.5783659219741821,0.42065244913101196,0.15737637877464294,3.371419668197632,
20,34,0.4335509240627289,0.30500173568725586,0.1279151290655136,6.340338230133057,
20,35,0.42450395226478577,0.3202609419822693,0.10402964055538177,2.13352632522583,
20,36,0.6404244303703308,0.4779338836669922,0.1619635820388794,5.269541263580322,
20,37,0.3492933511734009,0.2615847885608673,0.08736695349216461,3.4158833026885986,
20,38,0.6644777059555054,0.50737065076828,0.15677516162395477,3.3189685344696045,
20,39,0.39413318037986755,0.29161810874938965,0.10197418928146362,5.4087934494018555,
20,40,0.7262637615203857,0.5438714623451233,0.18133613467216492,10.56177806854248,
20,41,0.5234102010726929,0.39025574922561646,0.13287103176116943,2.83438777923584,
20,42,0.568145215511322,0.4222649931907654,0.14463567733764648,12.445613861083984,
20,43,0.7719390392303467,0.5636738538742065,0.2077922224998474,4.729487419128418,
20,44,0.42889994382858276,0.2937399744987488,0.13454985618591309,6.101024150848389,
20,45,0.6208005547523499,0.4308699369430542,0.1895264983177185,4.040920734405518,
20,46,0.2799323499202728,0.18909963965415955,0.09054011106491089,2.925867795944214,
20,47,0.5930095911026001,0.40415477752685547,0.18838655948638916,4.6826252937316895,
20,48,0.34195974469184875,0.2288866639137268,0.11258701980113983,4.860538482666016,
20,49,0.5407224297523499,0.37040483951568604,0.16998037695884705,3.3717098236083984,
20,50,0.40469494462013245,0.27604082226753235,0.12835469841957092,2.9940998554229736,
20,51,0.5417249798774719,0.3794565498828888,0.16189074516296387,3.7771482467651367,
20,52,0.8819191455841064,0.6314188241958618,0.24987657368183136,6.23747444152832,
20,53,0.6402938961982727,0.4593696892261505,0.18054690957069397,3.773179054260254,
20,54,0.7759323120117188,0.5599728226661682,0.21544459462165833,5.148715019226074,
20,55,0.4248519837856293,0.29732173681259155,0.1267888844013214,7.413534641265869,
20,56,0.6222335696220398,0.4683544933795929,0.1535220742225647,3.5699174404144287,
20,57,0.2714189887046814,0.2136494368314743,0.05758647248148918,1.830835223197937,
20,58,0.27066636085510254,0.21261438727378845,0.05789909511804581,1.5287104845046997,
20,59,0.47829046845436096,0.36694490909576416,0.11110612750053406,2.3942737579345703,
20,60,0.4080467224121094,0.30337268114089966,0.10425884276628494,4.15205717086792,
20,61,0.7551788091659546,0.559010922908783,0.19573763012886047,4.302552223205566,
20,62,0.5420862436294556,0.4018937349319458,0.13988545536994934,3.070673942565918,
20,63,0.5823684334754944,0.424777626991272,0.15726232528686523,3.284607410430908,
20,64,0.40960678458213806,0.28281325101852417,0.12611937522888184,6.74171257019043,
20,65,0.2829655110836029,0.20918214321136475,0.07354685664176941,2.365201950073242,
20,66,0.8065634965896606,0.5782905220985413,0.22776645421981812,5.065173625946045,
20,67,0.2788125276565552,0.2037132978439331,0.07489125430583954,2.079636812210083,
20,68,0.44094008207321167,0.3011152148246765,0.13929280638694763,5.3206586837768555,
20,69,0.39581209421157837,0.26872479915618896,0.12654918432235718,5.381054401397705,
20,70,0.2679392397403717,0.19219006597995758,0.07553359121084213,2.155885934829712,
20,71,0.43116533756256104,0.288142591714859,0.14233635365962982,6.864039897918701,
20,72,0.328313410282135,0.23833054304122925,0.08969332277774811,2.8957419395446777,
20,73,0.378102570772171,0.25813692808151245,0.11931005120277405,6.555990695953369,
20,74,0.76320481300354,0.5484602451324463,0.214213564991951,5.310129165649414,
20,75,0.5975679755210876,0.4237368702888489,0.17347462475299835,3.564687728881836,
20,76,0.5122294425964355,0.3668060898780823,0.14511758089065552,3.0574798583984375,
20,77,0.43896472454071045,0.3012067675590515,0.13715045154094696,6.0748701095581055,
20,78,0.6529706120491028,0.4681968092918396,0.18438449501991272,3.8930344581604004,
20,79,0.5803676247596741,0.41293251514434814,0.16708260774612427,3.5248570442199707,
20,80,0.260773628950119,0.18512073159217834,0.07544863224029541,2.042602062225342,
20,81,0.604089617729187,0.4368639290332794,0.16678810119628906,4.376222133636475,
20,82,0.4637012779712677,0.3286512494087219,0.13451391458511353,5.361268520355225,
20,83,0.5294148921966553,0.3857746422290802,0.1433607041835785,2.795234203338623,
20,84,0.3207666277885437,0.22791893780231476,0.09246876090765,3.789332628250122,
20,85,0.27286961674690247,0.19820630550384521,0.07443711161613464,2.261922836303711,
20,86,0.3803613781929016,0.27088308334350586,0.10899868607521057,4.79595422744751,
20,87,0.3937571048736572,0.2725678086280823,0.12064862251281738,5.406602382659912,
20,88,0.7582805156707764,0.5387362241744995,0.21786919236183167,16.751537322998047,
20,89,0.6034029722213745,0.43780916929244995,0.16523875296115875,3.5508556365966797,
20,90,0.8057894110679626,0.5946686267852783,0.2106473594903946,4.734324932098389,
20,91,0.4097212851047516,0.2796381711959839,0.12948793172836304,5.951930046081543,
20,92,0.5150361657142639,0.3611323833465576,0.15312591195106506,7.778967380523682,
20,93,0.4895574450492859,0.342215895652771,0.14667579531669617,6.657503128051758,
20,94,0.7141849994659424,0.5181193351745605,0.19565138220787048,4.142505168914795,
20,95,0.401255339384079,0.27240973711013794,0.12808093428611755,7.646695613861084,
20,96,0.819256067276001,0.5993204116821289,0.21929578483104706,6.398447513580322,
20,97,0.49635884165763855,0.3493770956993103,0.14631623029708862,6.655173301696777,
20,98,0.6840724945068359,0.49574315547943115,0.1879248321056366,4.044698238372803,
20,99,0.6662224531173706,0.48107361793518066,0.1847555786371231,3.9326188564300537,
20,100,0.7421517372131348,0.5355563163757324,0.20614545047283173,4.4994659423828125,
