epoch,batch,total_loss,loss2neighbor,loss_idt,loss_reg,loss_bg
1,1,25.407318115234375,19.11459732055664,6.269671440124512,230.4759521484375,
1,2,20.151111602783203,14.566607475280762,5.563312530517578,211.8975830078125,
1,3,31.914024353027344,18.266170501708984,13.612201690673828,356.5224304199219,
1,4,7.6376543045043945,3.777863025665283,3.849364757537842,104.26530456542969,
1,5,4.774047374725342,2.876223564147949,1.8924109935760498,54.1236686706543,
1,6,4.323058605194092,2.191436290740967,2.125859260559082,57.63228988647461,
1,7,2.797192335128784,1.826725721359253,0.9677378535270691,27.287233352661133,
1,8,1.7293081283569336,1.350279688835144,0.37699681520462036,20.315887451171875,
1,9,1.406428575515747,1.1185137033462524,0.2864777445793152,14.37240219116211,
1,10,2.651648998260498,2.4010159969329834,0.24937942624092102,12.535572052001953,
1,11,1.3643380403518677,1.1572787761688232,0.20614589750766754,9.134325981140137,
1,12,1.012595295906067,0.8594174981117249,0.15244153141975403,7.362720489501953,
1,13,1.1654400825500488,1.0799912214279175,0.0849534124135971,4.954230308532715,
1,14,1.3232179880142212,1.138540506362915,0.18416094779968262,5.164750576019287,
1,15,1.7200076580047607,1.5162276029586792,0.20318888127803802,5.9116339683532715,
1,16,1.2555369138717651,1.2006765604019165,0.054564476013183594,2.958366632461548,
1,17,1.052396535873413,0.9501762986183167,0.10190518200397491,3.1503655910491943,
1,18,1.3025825023651123,1.1476945877075195,0.15439730882644653,4.907134056091309,
1,19,0.8671903610229492,0.8066147565841675,0.060324616730213165,2.5097100734710693,
1,20,0.988831102848053,0.8701409697532654,0.11831723153591156,3.728870153427124,
1,21,1.3747432231903076,1.2712621688842773,0.10318662226200104,2.944059133529663,
1,22,0.7352535128593445,0.6529406309127808,0.08200015872716904,3.127206802368164,
1,23,1.1776950359344482,1.1236274242401123,0.053762417286634445,3.051626682281494,
1,24,0.6807591915130615,0.6374889612197876,0.04304322600364685,2.2696492671966553,
1,25,0.9449958801269531,0.8725253939628601,0.0722878947854042,1.8257012367248535,
1,26,0.6040021777153015,0.5459980964660645,0.05777361989021301,2.304788112640381,
1,27,0.721806526184082,0.6834299564361572,0.03820794075727463,1.6864159107208252,
1,28,0.6977542042732239,0.6636561751365662,0.033919379115104675,1.786608338356018,
1,29,0.8736273050308228,0.8451589941978455,0.02826923504471779,1.990775227546692,
1,30,1.0329774618148804,0.9597177505493164,0.07304466515779495,2.1504135131835938,
1,31,1.5339131355285645,1.4876686334609985,0.046106696128845215,1.37807035446167,
1,32,1.0875129699707031,1.0398752689361572,0.04747168719768524,1.6608073711395264,
1,33,0.8094906210899353,0.7762108445167542,0.033082738518714905,1.9702850580215454,
1,34,1.049094319343567,0.9856675863265991,0.06319530308246613,2.3132755756378174,
1,35,1.204721450805664,1.1443610191345215,0.060172487050294876,1.880467176437378,
1,36,1.006302833557129,0.9340831637382507,0.07200032472610474,2.1937096118927,
1,37,0.6916597485542297,0.667020320892334,0.024499226361513138,1.4016894102096558,
1,38,0.8543270826339722,0.8287679553031921,0.02539711818099022,1.6199177503585815,
1,39,1.0884406566619873,1.0558907985687256,0.032352302223443985,1.975728988647461,
1,40,0.8661182522773743,0.812804639339447,0.05313762649893761,1.7599698305130005,
1,41,0.9363584518432617,0.8702437877655029,0.06592711061239243,1.875481367111206,
1,42,0.743538498878479,0.6696165800094604,0.07372669875621796,1.952335000038147,
1,43,1.7018845081329346,1.6648266315460205,0.03689993917942047,1.5790044069290161,
1,44,0.46884000301361084,0.43145304918289185,0.037225622683763504,1.613194465637207,
1,45,0.8938166499137878,0.8586045503616333,0.03510542958974838,1.06712007522583,
1,46,1.140238642692566,1.10039222240448,0.0397200882434845,1.2633780241012573,
1,47,1.3150298595428467,1.2773430347442627,0.0375266969203949,1.6011675596237183,
1,48,0.8151755332946777,0.7682022452354431,0.04681621119379997,1.5703449249267578,
1,49,1.0309604406356812,0.9901642799377441,0.04066247493028641,1.3360236883163452,
1,50,0.549333930015564,0.5116622447967529,0.03752358257770538,1.48091721534729,
1,51,0.9021346569061279,0.855148434638977,0.04685544967651367,1.3077476024627686,
1,52,1.297187089920044,1.2787940502166748,0.018235959112644196,1.5716575384140015,
1,53,0.9443193674087524,0.9014294147491455,0.04271984100341797,1.701021432876587,
1,54,1.1709538698196411,1.116569995880127,0.05420415475964546,1.7974227666854858,
1,55,0.9402605891227722,0.9220821261405945,0.01804381236433983,1.3461823463439941,
1,56,1.060377597808838,1.026458978652954,0.03381256386637688,1.0607213973999023,
1,57,0.5364436507225037,0.5157666206359863,0.020568039268255234,1.0900439023971558,
1,58,1.0421879291534424,1.0045019388198853,0.0375312902033329,1.5470060110092163,
1,59,0.7083544731140137,0.6907132863998413,0.01751546561717987,1.2572160959243774,
1,60,0.8907204866409302,0.8630733489990234,0.027538342401385307,1.0877082347869873,
1,61,0.6338104605674744,0.6101610660552979,0.023464225232601166,1.8517221212387085,
1,62,0.8228124976158142,0.7805889248847961,0.04210725426673889,1.1631100177764893,
1,63,1.1069576740264893,1.072853446006775,0.033994533121585846,1.0963400602340698,
1,64,0.6304794549942017,0.6144984364509583,0.01589261367917061,0.8838300704956055,
1,65,0.8695214986801147,0.8332501649856567,0.03614819422364235,1.231419563293457,
1,66,0.8268254399299622,0.7900539636611938,0.036646656692028046,1.2483793497085571,
1,67,0.8771111369132996,0.8359017372131348,0.041077740490436554,1.316640019416809,
1,68,0.8744154572486877,0.8365515470504761,0.037750788033008575,1.1314030885696411,
1,69,1.121185302734375,1.0875818729400635,0.033490151166915894,1.1321948766708374,
1,70,1.098931908607483,1.0724974870681763,0.02619389072060585,2.405400514602661,
1,71,0.8413457274436951,0.8195893168449402,0.021574251353740692,1.8215968608856201,
1,72,0.8994277715682983,0.8746326565742493,0.024637002497911453,1.581472635269165,
1,73,0.7517802119255066,0.7150848507881165,0.03658427298069,1.110974907875061,
1,74,0.7894498705863953,0.7528403997421265,0.03650490939617157,1.0456892251968384,
1,75,0.8334514498710632,0.807887077331543,0.02548161894083023,0.8271245360374451,
1,76,0.6686378121376038,0.6519477963447571,0.016573838889598846,1.161942481994629,
1,77,1.4394656419754028,1.4035465717315674,0.03575529158115387,1.637901782989502,
1,78,0.965763509273529,0.9364091157913208,0.0292642954736948,0.9011024236679077,
1,79,0.589374303817749,0.5712388753890991,0.018016215413808823,1.1920764446258545,
1,80,0.6250157356262207,0.6072922945022583,0.017598168924450874,1.2526051998138428,
1,81,0.8263804912567139,0.7973470687866211,0.028770778328180313,2.626380681991577,
1,82,0.5599833726882935,0.5456583499908447,0.014253055676817894,0.7191407084465027,
1,83,0.4935653805732727,0.4658184349536896,0.027610860764980316,1.3607715368270874,
1,84,0.9210043549537659,0.8932822346687317,0.027621474117040634,1.0068892240524292,
1,85,0.42499491572380066,0.3956264853477478,0.029231850057840347,1.3657525777816772,
1,86,0.8851525783538818,0.8475782871246338,0.03746103495359421,1.1325160264968872,
1,87,0.6531291007995605,0.6357394456863403,0.017283447086811066,1.0620307922363281,
1,88,0.9023746252059937,0.8726788759231567,0.029603753238916397,0.9196216464042664,
1,89,0.713679850101471,0.6977092623710632,0.01584426499903202,1.2630109786987305,
1,90,0.8701574802398682,0.8366536498069763,0.03339841961860657,1.0540257692337036,
1,91,0.5310977697372437,0.5054244995117188,0.025503965094685555,1.693010687828064,
1,92,0.9376603960990906,0.9143563508987427,0.023114433512091637,1.895859718322754,
1,93,1.0938175916671753,1.0655202865600586,0.028188835829496384,1.0853677988052368,
1,94,0.8027185201644897,0.7798409461975098,0.02279716357588768,0.8041771054267883,
1,95,0.679443895816803,0.6624879240989685,0.016789482906460762,1.6645781993865967,
1,96,0.811049222946167,0.782833456993103,0.02810882031917572,1.069106101989746,
1,97,0.8233121037483215,0.7918745875358582,0.031328894197940826,1.0857720375061035,
1,98,0.7709353566169739,0.7452371120452881,0.025500189512968063,1.9808186292648315,
1,99,0.41613632440567017,0.39323917031288147,0.022789478302001953,1.0768975019454956,
1,100,0.8946398496627808,0.8601803779602051,0.034337468445301056,1.2200133800506592,
2,1,0.8909690976142883,0.8650991320610046,0.025660477578639984,2.0953691005706787,
2,2,0.6261747479438782,0.6053071022033691,0.020746594294905663,1.2106596231460571,
2,3,0.6498847603797913,0.633739709854126,0.016005374491214752,1.3965122699737549,
2,4,0.4339250326156616,0.40857958793640137,0.025216149166226387,1.2927229404449463,
2,5,0.7856493592262268,0.7569962739944458,0.028414059430360794,2.390223979949951,
2,6,0.4250294268131256,0.40205609798431396,0.022863127291202545,1.1021586656570435,
2,7,0.6889824271202087,0.6665264368057251,0.02224671095609665,2.092830181121826,
2,8,0.8885155320167542,0.8633307218551636,0.025093935430049896,0.9087486863136292,
2,9,0.922376275062561,0.8982775807380676,0.023901119828224182,1.9760271310806274,
2,10,0.9133480787277222,0.8871216773986816,0.026142925024032593,0.8347243070602417,
2,11,0.6907535195350647,0.6663837432861328,0.02409774623811245,2.7202770709991455,
2,12,0.7542694807052612,0.7311736345291138,0.02302967570722103,0.6616335511207581,
2,13,1.0783170461654663,1.048475742340088,0.029509693384170532,3.31691837310791,
2,14,3.085557699203491,3.0611214637756348,0.02418355830013752,2.5277726650238037,
2,15,0.6208392381668091,0.6006574630737305,0.020059339702129364,1.2245376110076904,
2,16,0.45173951983451843,0.43299612402915955,0.01860443502664566,1.3898011445999146,
2,17,0.9451053142547607,0.9129310846328735,0.03200149163603783,1.7274062633514404,
2,18,0.6766049265861511,0.6507744193077087,0.025595176964998245,2.3534486293792725,
2,19,0.7570058107376099,0.7311724424362183,0.025757595896720886,0.7576512694358826,
2,20,0.49252912402153015,0.4769309461116791,0.015507952310144901,0.9021073579788208,
2,21,0.8368081450462341,0.8039734959602356,0.03273170441389084,1.0292798280715942,
2,22,1.113895297050476,1.0779905319213867,0.03570961207151413,1.9512274265289307,
2,23,1.376196265220642,1.3394103050231934,0.03661118075251579,1.7479360103607178,
2,24,0.5341834425926208,0.5087693929672241,0.025214336812496185,1.9972230195999146,
2,25,0.891291081905365,0.8594871163368225,0.03167695552110672,1.270364761352539,
2,26,1.180105209350586,1.1487585306167603,0.03119322657585144,1.5342515707015991,
2,27,0.7175116539001465,0.6898446083068848,0.027357522398233414,3.0953927040100098,
2,28,0.6964932084083557,0.6803957223892212,0.015944913029670715,1.526034951210022,
2,29,0.5356512069702148,0.5117319822311401,0.023720283061265945,1.9895261526107788,
2,30,0.7514979243278503,0.7249095439910889,0.02649073116481304,0.9762203693389893,
2,31,0.7927766442298889,0.7644208669662476,0.02826082333922386,0.9494686126708984,
2,32,0.6933172345161438,0.6744582653045654,0.01870785653591156,1.5112056732177734,
2,33,0.8015283346176147,0.7739982604980469,0.0274360291659832,0.9405960440635681,
2,34,0.5739122629165649,0.5519074201583862,0.021833881735801697,1.7093998193740845,
2,35,0.8649603128433228,0.8410390615463257,0.0238117054104805,1.09526789188385,
2,36,0.44495144486427307,0.42549049854278564,0.019330237060785294,1.307091474533081,
2,37,1.0808249711990356,1.048839807510376,0.031868092715740204,1.1700832843780518,
2,38,0.8818915486335754,0.8524420261383057,0.029334116727113724,1.1540162563323975,
2,39,1.9320858716964722,1.9153389930725098,0.016621187329292297,1.2560725212097168,
2,40,0.6043738126754761,0.5711766481399536,0.0331069678068161,0.9018548727035522,
2,41,0.5810878872871399,0.5584174990653992,0.022407814860343933,2.6258158683776855,
2,42,0.8794565796852112,0.8545286059379578,0.02482295222580433,1.0502541065216064,
2,43,1.1111382246017456,1.083614706993103,0.02741287648677826,1.1067458391189575,
2,44,0.8651132583618164,0.8396177887916565,0.025385938584804535,1.0953367948532104,
2,45,0.591601550579071,0.574458122253418,0.016996968537569046,1.4646159410476685,
2,46,0.8743101358413696,0.8467658758163452,0.02744128182530403,1.029686450958252,
2,47,0.729442834854126,0.7027558088302612,0.026603272184729576,0.8374903202056885,
2,48,0.8221634030342102,0.8069810271263123,0.01500222273170948,1.801207423210144,
2,49,0.9782914519309998,0.9512918591499329,0.026897244155406952,1.0235424041748047,
2,50,0.42424699664115906,0.40602752566337585,0.01811646670103073,1.03000807762146,
2,51,0.5949907302856445,0.571584939956665,0.02317654713988304,2.29227614402771,
2,52,0.9990867376327515,0.9728773832321167,0.02611239068210125,0.9698876142501831,
2,53,0.9925581812858582,0.9677055478096008,0.02476264163851738,0.9001674056053162,
2,54,0.586436927318573,0.5560669898986816,0.03028157539665699,0.8831707835197449,
2,55,0.8907660245895386,0.868259847164154,0.02240673080086708,0.9942042827606201,
2,56,1.199873685836792,1.1691420078277588,0.030591141432523727,1.4059715270996094,
2,57,0.6157870292663574,0.5881848335266113,0.027521438896656036,0.8077123761177063,
2,58,0.44660019874572754,0.4271017909049988,0.0193689726293087,1.29420006275177,
2,59,0.9269483685493469,0.9009126424789429,0.025934413075447083,1.0135259628295898,
2,60,0.8953523635864258,0.8737223148345947,0.021549928933382034,0.8009764552116394,
2,61,1.0083564519882202,0.985500693321228,0.022775720804929733,0.7996759414672852,
2,62,1.0736786127090454,1.0472549200057983,0.02632073126733303,1.030423641204834,
2,63,0.5096196532249451,0.49693673849105835,0.012596633285284042,0.8633595108985901,
2,64,0.5967333316802979,0.5771956443786621,0.019343387335538864,1.943076491355896,
2,65,0.8983286023139954,0.8771312236785889,0.02110578864812851,0.9158360958099365,
2,66,0.5215257406234741,0.5013241767883301,0.020033076405525208,1.6848595142364502,
2,67,1.0746406316757202,1.0486180782318115,0.02593192458152771,0.9065439701080322,
2,68,0.6496356129646301,0.6279391050338745,0.02144750952720642,2.4895541667938232,
2,69,0.7680836319923401,0.7446460723876953,0.023211512714624405,2.2602484226226807,
2,70,0.7862372994422913,0.7679358720779419,0.018228545784950256,0.7291711568832397,
2,71,0.6438019275665283,0.6238638162612915,0.01975618302822113,1.8188772201538086,
2,72,0.7881613373756409,0.7659919261932373,0.022095514461398125,0.7389010190963745,
2,73,0.8924120664596558,0.8720786571502686,0.020264875143766403,0.6853914856910706,
2,74,0.8522121906280518,0.8318514823913574,0.02014184556901455,2.1884124279022217,
2,75,1.162628173828125,1.1442514657974243,0.01829688996076584,0.7981995344161987,
2,76,0.8785081505775452,0.8590145707130432,0.019403589889407158,0.8998329043388367,
2,77,0.7226919531822205,0.7024402618408203,0.020178502425551414,0.7319390177726746,
2,78,0.9502489566802979,0.9274766445159912,0.02268628403544426,0.8599892854690552,
2,79,0.715973973274231,0.6978119611740112,0.017930299043655396,2.3177034854888916,
2,80,0.6222028732299805,0.6054514646530151,0.016576901078224182,1.7452510595321655,
2,81,1.0009304285049438,0.9790331721305847,0.02181190997362137,0.8534982800483704,
2,82,0.9606950283050537,0.9389159679412842,0.021695800125598907,0.8326399922370911,
2,83,0.6200212836265564,0.6026390194892883,0.0171610489487648,2.2117760181427,
2,84,0.6766499876976013,0.6591016054153442,0.017348673194646835,1.9974708557128906,
2,85,0.5480617880821228,0.5297144055366516,0.0181867778301239,1.6062124967575073,
2,86,0.6940979957580566,0.6754834651947021,0.018409647047519684,2.04888916015625,
2,87,0.709484338760376,0.6891191005706787,0.020286455750465393,0.7880343198776245,
2,88,1.1902222633361816,1.1674884557724,0.022571582347154617,1.6228184700012207,
2,89,0.8411043882369995,0.8194689750671387,0.021557841449975967,0.7753544449806213,
2,90,1.0003929138183594,0.9773359298706055,0.022922836244106293,1.340846061706543,
2,91,0.46789154410362244,0.4532204270362854,0.014544021338224411,1.2710498571395874,
2,92,0.7641282081604004,0.7393714785575867,0.024541599676012993,2.151268720626831,
2,93,0.459079384803772,0.43946629762649536,0.01948828622698784,1.248173713684082,
2,94,0.6618786454200745,0.6413074135780334,0.02031410112977028,2.571528911590576,
2,95,1.1882071495056152,1.1627249717712402,0.02536427415907383,1.1791397333145142,
2,96,0.841877281665802,0.8219214081764221,0.019868699833750725,0.8721334934234619,
2,97,1.0795713663101196,1.051719307899475,0.02766486071050167,1.8716905117034912,
2,98,1.0815232992172241,1.0581344366073608,0.023159727454185486,2.291057586669922,
2,99,0.41551241278648376,0.4011113941669464,0.014284906908869743,1.1611465215682983,
2,100,1.001671552658081,0.9802572727203369,0.021324574947357178,0.8959529995918274,
3,1,0.6328800320625305,0.6169028878211975,0.015803400427103043,1.7374918460845947,
3,2,1.114867925643921,1.088860273361206,0.02584747225046158,1.6018712520599365,
3,3,0.4276792109012604,0.40973934531211853,0.017810532823204994,1.2934249639511108,
3,4,0.42129775881767273,0.40582990646362305,0.015375059098005295,0.9280437231063843,
3,5,0.7824644446372986,0.7600094079971313,0.022362032905220985,0.9296455979347229,
3,6,0.4190557599067688,0.40411612391471863,0.014813482761383057,1.2614843845367432,
3,7,0.8569139838218689,0.8335689306259155,0.02325502038002014,0.9006068110466003,
3,8,0.7978285551071167,0.7758598327636719,0.021894697099924088,0.7402636408805847,
3,9,1.7810492515563965,1.7368898391723633,0.04361821338534355,5.412485122680664,
3,10,0.42848286032676697,0.4112769365310669,0.01706966944038868,1.3626497983932495,
3,11,0.7457514405250549,0.7286086082458496,0.01708749681711197,0.5532248616218567,
3,12,0.5423235297203064,0.5252147316932678,0.016910385340452194,1.9844363927841187,
3,13,1.004915714263916,0.9825601577758789,0.022224821150302887,1.307817816734314,
3,14,1.0717211961746216,1.0476449728012085,0.023980872705578804,0.9538311958312988,
3,15,0.5874626636505127,0.5693678259849548,0.01790042035281658,1.9444990158081055,
3,16,0.410335898399353,0.396655797958374,0.013595075346529484,0.8501339554786682,
3,17,0.49498113989830017,0.481173038482666,0.013698051683604717,1.1005862951278687,
3,18,0.65195631980896,0.6336597204208374,0.01823917031288147,0.5747578740119934,
3,19,0.5179121494293213,0.4999730885028839,0.01774776540696621,1.9127469062805176,
3,20,0.5830302834510803,0.5626838207244873,0.020282834768295288,0.6359391808509827,
3,21,0.6248264312744141,0.6105697751045227,0.014089875854551792,1.6676205396652222,
3,22,1.1667982339859009,1.1434805393218994,0.023144446313381195,1.731738805770874,
3,23,0.5661638975143433,0.5463073253631592,0.019591018557548523,2.655452013015747,
3,24,0.3959522843360901,0.38349562883377075,0.012392446398735046,0.6418676972389221,
3,25,1.092362880706787,1.0667860507965088,0.025419030338525772,1.5783295631408691,
3,26,0.7583032846450806,0.7288960218429565,0.029061418026685715,3.4582040309906006,
3,27,0.7801966071128845,0.7598408460617065,0.02027072384953499,0.8505397439002991,
3,28,0.911925733089447,0.8900907039642334,0.021724306046962738,1.1077165603637695,
3,29,0.7496224045753479,0.7288476228713989,0.02050657384097576,2.6821208000183105,
3,30,0.6247581243515015,0.6065030097961426,0.01819790154695511,0.5721870064735413,
3,31,0.959068238735199,0.9372730255126953,0.021698813885450363,0.9638289213180542,
3,32,0.398050457239151,0.3841891884803772,0.013773363083600998,0.8791968822479248,
3,33,0.7596129775047302,0.740151584148407,0.019387520849704742,0.7385815382003784,
3,34,0.6081884503364563,0.593762218952179,0.014313619583845139,1.1259034872055054,
3,35,0.7415833473205566,0.7152601480484009,0.026035333052277565,2.878695487976074,
3,36,0.894758403301239,0.875309944152832,0.019372686743736267,0.7578573226928711,
3,37,0.6633135080337524,0.643966555595398,0.019122343510389328,2.2457900047302246,
3,38,0.9332438707351685,0.9125523567199707,0.020592909306287766,0.9857252240180969,
3,39,0.8346859812736511,0.8149270415306091,0.019640043377876282,1.189375877380371,
3,40,1.0166410207748413,0.9955480694770813,0.020960194990038872,1.328440546989441,
3,41,0.6739782691001892,0.6601260304450989,0.013722386211156845,1.2990291118621826,
3,42,0.511144757270813,0.4945952594280243,0.01638881117105484,1.6068027019500732,
3,43,0.42462190985679626,0.41071611642837524,0.013793346472084522,1.1245331764221191,
3,44,0.6989551186561584,0.6797109246253967,0.019000768661499023,2.434142589569092,
3,45,0.6281701326370239,0.6104897260665894,0.01762554422020912,0.5482685565948486,
3,46,0.6293888092041016,0.6128357648849487,0.01631777547299862,2.3523948192596436,
3,47,0.5638822913169861,0.5452530384063721,0.01837504655122757,2.542292594909668,
3,48,0.5875805020332336,0.5693872570991516,0.018134083598852158,0.5918518304824829,
3,49,0.5969552993774414,0.5768624544143677,0.019862733781337738,2.3012213706970215,
3,50,0.5603762269020081,0.5421412587165833,0.01803581789135933,1.9913482666015625,
3,51,1.1195207834243774,1.0985298156738281,0.020826194435358047,1.647546648979187,
3,52,1.231855869293213,1.2075361013412476,0.02417871356010437,1.4099785089492798,
3,53,1.1475110054016113,1.124206304550171,0.023120040073990822,1.8466628789901733,
3,54,0.9204869270324707,0.9053653478622437,0.014850320294499397,2.7127304077148438,
3,55,0.38805368542671204,0.37499743700027466,0.012971250340342522,0.850080132484436,
3,56,1.0834016799926758,1.061990737915039,0.02130883000791073,1.021950125694275,
3,57,0.7782904505729675,0.7486368417739868,0.029317613691091537,3.360006332397461,
3,58,0.7085986733436584,0.6866940259933472,0.021670104935765266,2.345625877380371,
3,59,0.7751469016075134,0.7599802017211914,0.015098053961992264,0.6868348717689514,
3,60,0.6936111450195312,0.6774715185165405,0.016074053943157196,0.6553943753242493,
3,61,0.6374427080154419,0.6201801300048828,0.017055977135896683,2.066009044647217,
3,62,0.8519614338874817,0.8330711722373962,0.018764972686767578,1.2529186010360718,
3,63,0.7903566956520081,0.773345947265625,0.016932670027017593,0.7806747555732727,
3,64,0.615717887878418,0.5969623327255249,0.018516916781663895,2.3864564895629883,
3,65,0.5643736124038696,0.5488473773002625,0.015475310385227203,0.5089091062545776,
3,66,0.5204139947891235,0.5059707164764404,0.014260644093155861,1.8264875411987305,
3,67,0.6979143023490906,0.6818385124206543,0.016008051112294197,0.6772788763046265,
3,68,0.6534249782562256,0.6375543475151062,0.015821373090147972,0.4920969009399414,
3,69,0.8751617074012756,0.8565535545349121,0.018533483147621155,0.7468984723091125,
3,70,0.650380551815033,0.6286100149154663,0.021496452391147614,2.7403838634490967,
3,71,1.1582821607589722,1.1351382732391357,0.023027442395687103,1.1652016639709473,
3,72,0.7880885601043701,0.7733758091926575,0.01466374658048153,0.4899121820926666,
3,73,0.8723500967025757,0.8496474027633667,0.02245447412133217,2.481738805770874,
3,74,0.6506226062774658,0.6339139938354492,0.016653206199407578,0.5544095635414124,
3,75,0.4953534007072449,0.48156410455703735,0.01364574022591114,1.4356770515441895,
3,76,1.0430723428726196,1.024581789970398,0.018414385616779327,0.7620943784713745,
3,77,0.682532787322998,0.6645177006721497,0.017787259072065353,2.277801275253296,
3,78,0.4943839907646179,0.48173147439956665,0.012548457831144333,1.040789008140564,
3,79,0.9786373376846313,0.9602885246276855,0.01826515607535839,0.8367857933044434,
3,80,1.1812618970870972,1.1593681573867798,0.021777717396616936,1.1598279476165771,
3,81,0.8528682589530945,0.836652398109436,0.016128627583384514,0.8725172877311707,
3,82,1.136130452156067,1.115358829498291,0.02067895233631134,0.9263039827346802,
3,83,0.5861300826072693,0.5708722472190857,0.01520588994026184,0.5190647840499878,
3,84,0.4302513301372528,0.4180910587310791,0.01205507479608059,1.0518769025802612,
3,85,0.858642578125,0.8414794206619263,0.01709197275340557,0.7118332982063293,
3,86,0.5991682410240173,0.5830481052398682,0.016066834330558777,0.5326053500175476,
3,87,0.9228765964508057,0.905280590057373,0.01751917600631714,0.7682833075523376,
3,88,1.006791114807129,0.9897400736808777,0.0169718936085701,0.7917322516441345,
3,89,0.39075350761413574,0.37926679849624634,0.011401467025279999,0.8523162603378296,
3,90,0.894019365310669,0.8788862228393555,0.015075262635946274,0.5785500407218933,
3,91,1.1298938989639282,1.1146456003189087,0.015170753002166748,0.7760575413703918,
3,92,0.49126067757606506,0.48127779364585876,0.009902648627758026,0.8023135662078857,
3,93,1.127945899963379,1.107905387878418,0.01968279853463173,3.577389717102051,
3,94,0.5101276636123657,0.4958118200302124,0.014138035476207733,1.777787685394287,
3,95,0.6001469492912292,0.5863557457923889,0.013657044619321823,1.3417162895202637,
3,96,0.4800339937210083,0.46765539050102234,0.012282676994800568,0.9593127369880676,
3,97,1.0991770029067993,1.0806317329406738,0.018455246463418007,0.9002590179443359,
3,98,0.9658418893814087,0.9486472010612488,0.017129644751548767,0.6502079963684082,
3,99,0.42080792784690857,0.4089455008506775,0.011756373569369316,1.0605344772338867,
3,100,0.7524079084396362,0.7375385761260986,0.014813168905675411,0.5617348551750183,
4,1,0.8638235330581665,0.846548855304718,0.017197709530591965,0.769446849822998,
4,2,0.689424455165863,0.6727584600448608,0.016471870243549347,1.9413946866989136,
4,3,0.8818593621253967,0.8671077489852905,0.014694128185510635,0.5747275948524475,
4,4,0.8648581504821777,0.8495475649833679,0.015245812945067883,0.6476821303367615,
4,5,0.7468420267105103,0.733572781085968,0.013207593932747841,0.6160654425621033,
4,6,0.8509413003921509,0.8334865570068359,0.017342720180749893,1.119788408279419,
4,7,0.8655470013618469,0.8437211513519287,0.02157934196293354,2.4649739265441895,
4,8,0.6312129497528076,0.6159330010414124,0.015154055319726467,1.2586513757705688,
4,9,0.6336032748222351,0.6151963472366333,0.018193786963820457,2.1316494941711426,
4,10,0.872050940990448,0.8554389476776123,0.01654421165585518,0.677827000617981,
4,11,1.6077817678451538,1.5863194465637207,0.021150248125195503,3.1209776401519775,
4,12,0.6795228719711304,0.6648496389389038,0.014614107087254524,0.5912370085716248,
4,13,0.588826596736908,0.5718164443969727,0.01681380160152912,1.9632145166397095,
4,14,1.0746415853500366,1.0563576221466064,0.018193140625953674,0.9089412689208984,
4,15,0.4118559658527374,0.4037511348724365,0.008050699718296528,0.5413402915000916,
4,16,0.3814775049686432,0.3712701201438904,0.010146067477762699,0.6130095720291138,
4,17,0.6087819337844849,0.5889357328414917,0.019610906019806862,2.353097915649414,
4,18,1.0685317516326904,1.0490903854370117,0.01935175433754921,0.8968567252159119,
4,19,0.5965946316719055,0.5779886245727539,0.01837734878063202,2.2862889766693115,
4,20,0.6605966687202454,0.6399078369140625,0.0204385444521904,2.5028727054595947,
4,21,0.9766626954078674,0.9585024118423462,0.018082255497574806,0.7800395488739014,
4,22,0.7192397713661194,0.7037458419799805,0.015437562018632889,0.5639139413833618,
4,23,0.5799766182899475,0.5654330849647522,0.01449431199580431,0.49207085371017456,
4,24,0.61061692237854,0.5944703221321106,0.01593925803899765,2.073514699935913,
4,25,1.1524567604064941,1.133628487586975,0.01871420443058014,1.141112208366394,
4,26,0.8534740209579468,0.8378725051879883,0.01553768664598465,0.6384597420692444,
4,27,1.1108834743499756,1.0941050052642822,0.01669301837682724,0.8551834225654602,
4,28,0.7690110802650452,0.7449564933776855,0.023781083524227142,2.735537052154541,
4,29,0.41168513894081116,0.39950692653656006,0.01207609474658966,1.0213319063186646,
4,30,0.6489376425743103,0.6314709186553955,0.017264660447835922,2.0204970836639404,
4,31,0.4835961163043976,0.4707269072532654,0.012734687887132168,1.345160722732544,
4,32,0.622067928314209,0.6077814102172852,0.014140047132968903,1.4642935991287231,
4,33,1.1061179637908936,1.0854681730270386,0.020549245178699493,1.0052802562713623,
4,34,1.184733510017395,1.1630605459213257,0.021553918719291687,1.1911803483963013,
4,35,0.5032967925071716,0.4888734817504883,0.014243989251554012,1.7932114601135254,
4,36,0.5141448378562927,0.49728578329086304,0.016681673005223274,1.7736401557922363,
4,37,0.8396639823913574,0.8233160972595215,0.016283860430121422,0.6401361227035522,
4,38,0.4006158411502838,0.3906469941139221,0.00991576723754406,0.530862033367157,
4,39,0.6808604001998901,0.6663308143615723,0.014469052664935589,0.6056106090545654,
4,40,0.5439550280570984,0.5288174152374268,0.014975998550653458,1.616140365600586,
4,41,0.6633613109588623,0.6419406533241272,0.02110258862376213,3.180455446243286,
4,42,1.0969083309173584,1.078936219215393,0.017879214137792587,0.9281402230262756,
4,43,0.5189517140388489,0.5051183700561523,0.013641834259033203,1.9149338006973267,
4,44,0.7638629078865051,0.7508906126022339,0.012914562597870827,0.5776877999305725,
4,45,1.0157926082611084,1.0006695985794067,0.015047218650579453,0.7577984929084778,
4,46,0.9187666773796082,0.903730034828186,0.014939779415726662,0.968366265296936,
4,47,0.606435239315033,0.5906363725662231,0.015617912635207176,1.8097938299179077,
4,48,0.5789077877998352,0.5629445910453796,0.01572273299098015,2.404635429382324,
4,49,0.490991473197937,0.47888246178627014,0.011950690299272537,1.5832266807556152,
4,50,1.0806002616882324,1.0632014274597168,0.017310693860054016,0.8812571167945862,
4,51,0.5859279632568359,0.5705214738845825,0.015271313488483429,1.352020263671875,
4,52,1.2071547508239746,1.1904652118682861,0.016604244709014893,0.8532739877700806,
4,53,0.5052559971809387,0.4901353716850281,0.014962492510676384,1.58107328414917,
4,54,0.41096362471580505,0.4028743505477905,0.008038068190217018,0.511907160282135,
4,55,0.6536483764648438,0.6313305497169495,0.022045105695724487,2.727518320083618,
4,56,1.327508807182312,1.3050059080123901,0.022351546213030815,1.5135512351989746,
4,57,1.0728236436843872,1.0537762641906738,0.01896553859114647,0.8184796571731567,
4,58,0.9747790098190308,0.9575828313827515,0.017122602090239525,0.7358128428459167,
4,59,0.6202413439750671,0.6057770848274231,0.014258910901844501,2.05328106880188,
4,60,0.9777326583862305,0.9592428207397461,0.018363293260335922,1.2653982639312744,
4,61,1.08281409740448,1.065900206565857,0.016830235719680786,0.8367507457733154,
4,62,0.4050295054912567,0.39702773094177246,0.007952392101287842,0.49377596378326416,
4,63,0.5385805368423462,0.5242148637771606,0.01420462317764759,1.6104350090026855,
4,64,0.6089712381362915,0.5954738855361938,0.01332125999033451,1.7606005668640137,
4,65,0.4162348210811615,0.4052799940109253,0.010835619643330574,1.191982388496399,
4,66,0.6560527682304382,0.6371054649353027,0.018727686256170273,2.196681499481201,
4,67,0.8297069668769836,0.8131424188613892,0.0164591483771801,1.0540599822998047,
4,68,0.8677607774734497,0.8386661410331726,0.0286538265645504,4.408368110656738,
4,69,0.6532869935035706,0.6325677633285522,0.020465541630983353,2.5368642807006836,
4,70,0.7976521253585815,0.7811703681945801,0.016410302370786667,0.7148008942604065,
4,71,0.4169293940067291,0.40777742862701416,0.009043147787451744,1.088128685951233,
4,72,0.7007725238800049,0.682273268699646,0.01828140951693058,2.178654670715332,
4,73,0.7366194128990173,0.7106692790985107,0.02561993896961212,3.301940679550171,
4,74,0.783836841583252,0.7679839730262756,0.01577332615852356,0.7953605055809021,
4,75,0.6526904106140137,0.6323426365852356,0.020073581486940384,2.741959571838379,
4,76,0.7561250925064087,0.7338948249816895,0.02187494933605194,3.5532851219177246,
4,77,0.8193644285202026,0.7956176996231079,0.023432891815900803,3.138343572616577,
4,78,0.545372724533081,0.5323638916015625,0.01296403631567955,0.4484293460845947,
4,79,0.8127347230911255,0.7978169918060303,0.014843486249446869,0.7426298260688782,
4,80,0.9860049486160278,0.967082142829895,0.01878119632601738,1.416224718093872,
4,81,0.739874541759491,0.7267838716506958,0.013045061379671097,0.45606130361557007,
4,82,0.3820321559906006,0.37097108364105225,0.010975617915391922,0.8545190095901489,
4,83,0.6173210740089417,0.6023982763290405,0.01470552384853363,2.172340154647827,
4,84,1.150242567062378,1.1307419538497925,0.019307252019643784,1.9334408044815063,
4,85,0.766507089138031,0.7515571117401123,0.014892296865582466,0.5771629214286804,
4,86,0.8260347843170166,0.8092483282089233,0.016666583716869354,1.1988308429718018,
4,87,0.7089893817901611,0.6941863298416138,0.014747316017746925,0.5575628876686096,
4,88,0.6273472309112549,0.6091225147247314,0.01804344728589058,1.8126646280288696,
4,89,0.6392797231674194,0.6186237335205078,0.020401401445269585,2.5458688735961914,
4,90,0.7968990206718445,0.7814292907714844,0.015409838408231735,0.5989314317703247,
4,91,0.8382033109664917,0.8224093317985535,0.015726594254374504,0.6740319132804871,
4,92,0.728624701499939,0.7143277525901794,0.014239413663744926,0.5749497413635254,
4,93,0.5544232726097107,0.5414631366729736,0.012915021739900112,0.4509510397911072,
4,94,0.6452997326850891,0.6249570846557617,0.020091915503144264,2.507481098175049,
4,95,0.9816969037055969,0.9669204950332642,0.014709499664604664,0.669283390045166,
4,96,0.7329616546630859,0.7201406955718994,0.012766806408762932,0.5420340895652771,
4,97,0.4861971437931061,0.47535234689712524,0.010739360004663467,1.0543060302734375,
4,98,0.4333789348602295,0.4224853515625,0.010805143974721432,0.8846580386161804,
4,99,0.39721614122390747,0.38767915964126587,0.009463992901146412,0.7298674583435059,
4,100,1.0867455005645752,1.0695444345474243,0.017117511481046677,0.8353797793388367,
5,1,0.48068177700042725,0.4687161445617676,0.011833636090159416,1.3200443983078003,
5,2,0.726590633392334,0.7031782865524292,0.023114308714866638,2.980367660522461,
5,3,1.193060278892517,1.1775996685028076,0.015376601368188858,0.8405328392982483,
5,4,0.6866308450698853,0.6657119989395142,0.020626725628972054,2.921107530593872,
5,5,1.1066571474075317,1.087427020072937,0.01908370479941368,1.464191198348999,
5,6,1.1013126373291016,1.082358717918396,0.018813330680131912,1.40603506565094,
5,7,0.6758753061294556,0.6554317474365234,0.020186562091112137,2.5699167251586914,
5,8,0.6538938879966736,0.6330127716064453,0.020575497299432755,3.055875539779663,
5,9,1.1824580430984497,1.163764238357544,0.01860487088561058,0.8888165354728699,
5,10,0.6732445359230042,0.660502552986145,0.0126914381980896,0.5052533745765686,
5,11,0.8551557660102844,0.835971474647522,0.01901860535144806,1.6567528247833252,
5,12,0.5451882481575012,0.5310274362564087,0.013991085812449455,1.697279453277588,
5,13,0.4746662676334381,0.46467167139053345,0.009909451007843018,0.8513354659080505,
5,14,0.39810827374458313,0.38869062066078186,0.009345857426524162,0.7178497314453125,
5,15,0.7486436367034912,0.7373586297035217,0.01124347560107708,0.4153974950313568,
5,16,0.9217060804367065,0.8921098709106445,0.02911396697163582,4.822391510009766,
5,17,0.7894941568374634,0.7759256362915039,0.013505171053111553,0.633560061454773,
5,18,0.4189891815185547,0.40922629833221436,0.009690234437584877,0.7265850901603699,
5,19,1.0549705028533936,1.0388290882110596,0.016057088971138,0.8430768847465515,
5,20,0.8354803919792175,0.820399284362793,0.014982611872255802,0.9846987128257751,
5,21,0.5773025155067444,0.5610512495040894,0.01604355126619339,2.077122449874878,
5,22,0.6068050861358643,0.5898650288581848,0.016708439216017723,2.316188097000122,
5,23,0.6086799502372742,0.5915258526802063,0.01695617288351059,1.979429006576538,
5,24,0.8162088394165039,0.8013042211532593,0.014796022325754166,1.086221694946289,
5,25,0.7375310659408569,0.718782365322113,0.0184917151927948,2.570091724395752,
5,26,0.8254303932189941,0.8098509907722473,0.015464583411812782,1.1477588415145874,
5,27,0.8694722056388855,0.8552870750427246,0.014119671657681465,0.654418408870697,
5,28,0.7122874855995178,0.6998713612556458,0.012356891296803951,0.5927607417106628,
5,29,0.7318645119667053,0.7100269794464111,0.021516237407922745,3.2129440307617188,
5,30,0.6710070967674255,0.6591518521308899,0.011808224953711033,0.47024351358413696,
5,31,0.8174713850021362,0.8024416565895081,0.014925669878721237,1.0406311750411987,
5,32,0.5783387422561646,0.566680908203125,0.011615544557571411,0.4231923818588257,
5,33,0.5597707033157349,0.5478668212890625,0.011862371116876602,0.4150867164134979,
5,34,1.1552952527999878,1.1372263431549072,0.017869532108306885,1.9940241575241089,
5,35,0.40108758211135864,0.39118456840515137,0.009812123142182827,0.9090617895126343,
5,36,0.652010977268219,0.6408272385597229,0.01114032045006752,0.4340423345565796,
5,37,0.6282386779785156,0.6090546250343323,0.018901517614722252,2.8250608444213867,
5,38,0.8294041752815247,0.8157331347465515,0.013606500811874866,0.6454035043716431,
5,39,1.1090342998504639,1.090998649597168,0.017945680767297745,0.9005777835845947,
5,40,0.8736507892608643,0.8592333793640137,0.01432712934911251,0.903270423412323,
5,41,0.5290507078170776,0.5144559144973755,0.014423073269426823,1.71714186668396,
5,42,1.281947374343872,1.247801423072815,0.03359551727771759,5.50393009185791,
5,43,0.790725827217102,0.7756722569465637,0.014802716672420502,2.5087852478027344,
5,44,1.0532790422439575,1.037045955657959,0.016148656606674194,0.844126284122467,
5,45,0.7310600280761719,0.7183607816696167,0.012646987102925777,0.5226686596870422,
5,46,0.43509960174560547,0.4245659410953522,0.010443033650517464,0.9063626527786255,
5,47,0.5201196074485779,0.5054141283035278,0.014522068202495575,1.8339532613754272,
5,48,0.6240676045417786,0.6127414703369141,0.011287970468401909,0.38144633173942566,
5,49,0.8670002818107605,0.8538315296173096,0.013092821463942528,0.7594255208969116,
5,50,0.4013872444629669,0.3917562961578369,0.009559509344398975,0.7144608497619629,
5,51,1.5025054216384888,1.4947044849395752,0.007700022775679827,1.0098575353622437,
5,52,0.6290127635002136,0.6113902926445007,0.01742095872759819,2.015334129333496,
5,53,0.6858570575714111,0.666609525680542,0.018973294645547867,2.7423782348632812,
5,54,0.6399493217468262,0.6188993453979492,0.020763620734214783,2.863703966140747,
5,55,0.8368924260139465,0.8214272260665894,0.015363825485110283,1.0138957500457764,
5,56,0.6188182234764099,0.6034924387931824,0.01508728601038456,2.384897470474243,
5,57,1.5332880020141602,1.5116944313049316,0.021347910165786743,2.4566378593444824,
5,58,0.5021578073501587,0.48850682377815247,0.013459925539791584,1.9102556705474854,
5,59,0.5769371390342712,0.5646160244941711,0.012276786379516125,0.4436880052089691,
5,60,0.6213077306747437,0.6035763025283813,0.017495181411504745,2.3625500202178955,
5,61,1.068652629852295,1.0523648262023926,0.016200684010982513,0.8709355592727661,
5,62,0.7075903415679932,0.689419686794281,0.01785840466618538,3.1225504875183105,
5,63,1.0944316387176514,1.0760407447814941,0.01827441342175007,1.1652226448059082,
5,64,0.687248170375824,0.6640355587005615,0.022864671424031258,3.4789600372314453,
5,65,0.6795821189880371,0.6552430391311646,0.023941509425640106,3.975722074508667,
5,66,1.1758997440338135,1.1493141651153564,0.02604037895798683,5.45123815536499,
5,67,1.243395209312439,1.2229677438735962,0.020287130028009415,1.4033023118972778,
5,68,0.5487346649169922,0.5383257865905762,0.010322459042072296,0.8645275235176086,
5,69,0.3900597095489502,0.3800114393234253,0.00996578298509121,0.8250496983528137,
5,70,0.7574018239974976,0.7446368336677551,0.01271597109735012,0.49011409282684326,
5,71,0.8611301183700562,0.8457425832748413,0.015295605175197124,0.9192525744438171,
5,72,0.5491719841957092,0.5367720127105713,0.012359071522951126,0.4090505540370941,
5,73,0.6154397130012512,0.5993039608001709,0.01588488556444645,2.5084705352783203,
5,74,0.6349822878837585,0.6163741946220398,0.018385570496320724,2.224799633026123,
5,75,0.7386748790740967,0.724067211151123,0.014529051259160042,0.7863597273826599,
5,76,0.8726673126220703,0.8573856353759766,0.015210142359137535,0.7149646878242493,
5,77,0.9476974606513977,0.9288409948348999,0.018701249733567238,1.5521541833877563,
5,78,0.5521975159645081,0.5331966876983643,0.018691275268793106,3.094992160797119,
5,79,0.8417783379554749,0.8112500309944153,0.030048049986362457,4.802062511444092,
5,80,0.5036852955818176,0.4873659014701843,0.016119614243507385,1.9979878664016724,
5,81,0.5860909819602966,0.5698733329772949,0.01605929806828499,1.5837246179580688,
5,82,0.45541930198669434,0.44300127029418945,0.012296967208385468,1.2105823755264282,
5,83,0.5241316556930542,0.5066544413566589,0.017218176275491714,2.5905284881591797,
5,84,0.6082529425621033,0.5933024883270264,0.014788815751671791,1.6166568994522095,
5,85,0.9816536903381348,0.9648548364639282,0.016716279089450836,0.8256279826164246,
5,86,1.1235954761505127,1.1046473979949951,0.01875186339020729,1.9622442722320557,
5,87,0.8417584896087646,0.8266782760620117,0.014999641105532646,0.8060057759284973,
5,88,0.7024314403533936,0.6896675825119019,0.012703705579042435,0.6013863682746887,
5,89,0.3902609944343567,0.38200441002845764,0.008195649832487106,0.6094831228256226,
5,90,0.43619412183761597,0.42481866478919983,0.011279314756393433,0.9613096117973328,
5,91,0.8725119829177856,0.857514500617981,0.014905103482306004,0.9238975644111633,
5,92,0.9229963421821594,0.9090341329574585,0.013898411765694618,0.6380378603935242,
5,93,1.000913143157959,0.9857490658760071,0.015083255246281624,0.807898998260498,
5,94,1.0675910711288452,1.0510342121124268,0.01646236516535282,0.9448806643486023,
5,95,1.0651639699935913,1.046726942062378,0.018354270607233047,0.8270577788352966,
5,96,1.0739829540252686,1.0563061237335205,0.017591524869203568,0.8538768291473389,
5,97,0.6347505450248718,0.6158212423324585,0.018665112555027008,2.6414709091186523,
5,98,1.1410157680511475,1.1240551471710205,0.016853515058755875,1.0699408054351807,
5,99,0.6677318215370178,0.6447359323501587,0.022693205624818802,3.0267534255981445,
5,100,0.4081282615661621,0.3971344530582428,0.010882056318223476,1.1174699068069458,
6,1,0.9081272482872009,0.893750011920929,0.014303140342235565,0.7406162023544312,
6,2,0.5634092688560486,0.5475490689277649,0.015615779906511307,2.4442310333251953,
6,3,0.6364185810089111,0.6248964667320251,0.011483825743198395,0.3824596107006073,
6,4,0.5434969663619995,0.5272498726844788,0.016018129885196686,2.289234161376953,
6,5,0.6441590189933777,0.6253632307052612,0.01851646974682808,2.793079137802124,
6,6,1.24170982837677,1.2215783596038818,0.019886557012796402,2.448505163192749,
6,7,1.2088242769241333,1.1891955137252808,0.019466962665319443,1.618079423904419,
6,8,0.49553725123405457,0.48467278480529785,0.010749390348792076,1.150694727897644,
6,9,0.9847999215126038,0.9702650904655457,0.0144615164026618,0.7328755259513855,
6,10,1.2039467096328735,1.1875824928283691,0.016237767413258553,1.2648624181747437,
6,11,0.6285049319267273,0.6167739629745483,0.011692503467202187,0.38440901041030884,
6,12,1.0630872249603271,1.0452839136123657,0.017718829214572906,0.8448998928070068,
6,13,0.7795208692550659,0.761815071105957,0.017330683767795563,3.7511463165283203,
6,14,0.36853861808776855,0.3592485785484314,0.009214701130986214,0.7534400224685669,
6,15,0.8274280428886414,0.8128787279129028,0.014485625550150871,0.6368883848190308,
6,16,0.8680476546287537,0.8538340330123901,0.014124581590294838,0.8902528285980225,
6,17,1.1170995235443115,1.0979222059249878,0.018999576568603516,1.776850938796997,
6,18,1.157971739768982,1.138225793838501,0.01962297037243843,1.2303659915924072,
6,19,0.6615142226219177,0.6419004201889038,0.019320044666528702,2.937206506729126,
6,20,0.759291410446167,0.74785977602005,0.011366922408342361,0.6472610831260681,
6,21,1.0882254838943481,1.031569004058838,0.05551476776599884,11.416751861572266,
6,22,1.186685562133789,1.1691597700119019,0.01741728000342846,1.0851653814315796,
6,23,1.2201017141342163,1.201667070388794,0.018275480717420578,1.5910645723342896,
6,24,0.796149492263794,0.7836363315582275,0.012447956018149853,0.6522986888885498,
6,25,0.7780013680458069,0.7665573358535767,0.011378785595297813,0.6526753306388855,
6,26,0.8325816988945007,0.8032803535461426,0.028776735067367554,5.246070861816406,
6,27,1.2001339197158813,1.1780136823654175,0.021810738369822502,3.0945234298706055,
6,28,0.37700212001800537,0.3694458603858948,0.007508445996791124,0.4779612421989441,
6,29,0.6484668254852295,0.6286299228668213,0.019552147015929222,2.8474831581115723,
6,30,0.8795465230941772,0.865467369556427,0.014015987515449524,0.6319698691368103,
6,31,0.47870200872421265,0.46603524684906006,0.012498429045081139,1.6833398342132568,
6,32,1.1249467134475708,1.1055362224578857,0.019229039549827576,1.8147763013839722,
6,33,1.01911199092865,1.0020911693572998,0.016938388347625732,0.8232271671295166,
6,34,0.44794130325317383,0.437966912984848,0.009888816624879837,0.8555102348327637,
6,35,0.5407416224479675,0.5236130952835083,0.01691070757806301,2.177849769592285,
6,36,0.37706899642944336,0.3679879903793335,0.009005991742014885,0.7500448822975159,
6,37,1.365470290184021,1.3523056507110596,0.0130916777998209,0.7294119000434875,
6,38,0.48801708221435547,0.47739285230636597,0.010517410933971405,1.0681109428405762,
6,39,0.7607411742210388,0.7493211030960083,0.011378045193850994,0.4203563928604126,
6,40,0.39421775937080383,0.3847028911113739,0.009439222514629364,0.756380021572113,
6,41,0.79296875,0.7794895172119141,0.013408754020929337,0.7044207453727722,
6,42,0.41189590096473694,0.4038578271865845,0.007921991869807243,1.1609034538269043,
6,43,0.5396798849105835,0.5224417448043823,0.01695331744849682,2.8487436771392822,
6,44,0.49127936363220215,0.47996020317077637,0.011196036823093891,1.2312111854553223,
6,45,0.5919459462165833,0.5769153237342834,0.014797242358326912,2.333449363708496,
6,46,0.8778010606765747,0.8594911098480225,0.018195144832134247,1.1482436656951904,
6,47,0.5057318806648254,0.48976996541023254,0.015711788088083267,2.5012075901031494,
6,48,0.6376348733901978,0.6166141033172607,0.020683012902736664,3.3778960704803467,
6,49,0.6100546717643738,0.5915307402610779,0.018182825297117233,3.4112775325775146,
6,50,1.1299525499343872,1.1096811294555664,0.020058058202266693,2.133711576461792,
6,51,0.9096335172653198,0.8945103883743286,0.015055404976010323,0.6773122549057007,
6,52,0.7762427926063538,0.7629531025886536,0.013219192624092102,0.7053292989730835,
6,53,0.6099807620048523,0.5897661447525024,0.019902169704437256,3.124293565750122,
6,54,0.6678792834281921,0.6565365195274353,0.011296547017991543,0.4617556035518646,
6,55,0.3641633093357086,0.35508114099502563,0.009004449471831322,0.7772455811500549,
6,56,0.5252749919891357,0.514290452003479,0.010863225907087326,1.2131636142730713,
6,57,0.5557159781455994,0.5421286821365356,0.013420217670500278,1.6705920696258545,
6,58,0.7665087580680847,0.753377377986908,0.01306205615401268,0.6932854652404785,
6,59,0.89957195520401,0.8835486173629761,0.015853239223361015,1.7013729810714722,
6,60,0.861738920211792,0.8476057052612305,0.014065699651837349,0.6750395894050598,
6,61,1.2456634044647217,1.2226715087890625,0.02277320623397827,2.1865487098693848,
6,62,2.004146099090576,1.9667645692825317,0.036849942058324814,5.317752838134766,
6,63,0.6385272741317749,0.6174842119216919,0.020752061158418655,2.910036087036133,
6,64,0.7541389465332031,0.7419179081916809,0.01214536651968956,0.7571380734443665,
6,65,0.6515623927116394,0.6301488876342773,0.02106127142906189,3.522125244140625,
6,66,0.7592024207115173,0.7468483448028564,0.012286245822906494,0.6780608296394348,
6,67,0.8085028529167175,0.7804151773452759,0.02767796814441681,4.097201347351074,
6,68,0.7474362254142761,0.7365944385528564,0.01079909410327673,0.42668434977531433,
6,69,0.5544447898864746,0.5445981621742249,0.009812010452151299,0.34647518396377563,
6,70,1.1031291484832764,1.0855954885482788,0.01738528534770012,1.4845446348190308,
6,71,0.9989562034606934,0.9842174053192139,0.014659343287348747,0.7945007085800171,
6,72,0.4790401756763458,0.46745675802230835,0.011424455791711807,1.5896419286727905,
6,73,0.39936044812202454,0.3906646966934204,0.00861775316298008,0.7800156474113464,
6,74,0.7703148126602173,0.7585323452949524,0.011712940409779549,0.6947616338729858,
6,75,1.0215193033218384,1.006302833557129,0.015124134719371796,0.9242032766342163,
6,76,0.6464431285858154,0.627494215965271,0.018675677478313446,2.732365608215332,
6,77,0.572089672088623,0.5614539384841919,0.010596618056297302,0.39075905084609985,
6,78,0.9212738871574402,0.9066901206970215,0.014496708288788795,0.8707916736602783,
6,79,0.4010666012763977,0.39147740602493286,0.0095136109739542,0.7557510137557983,
6,80,0.5796641707420349,0.5689525604248047,0.010672934353351593,0.38705143332481384,
6,81,0.779958963394165,0.7631050944328308,0.016546426340937614,3.0745270252227783,
6,82,0.6572654843330383,0.6384999752044678,0.01852613501250744,2.3938071727752686,
6,83,0.904673159122467,0.8895173072814941,0.01504524052143097,1.1062291860580444,
6,84,0.3644799590110779,0.3570935130119324,0.007338806986808777,0.47633999586105347,
6,85,0.8599193692207336,0.831655740737915,0.027861420065164566,4.022126197814941,
6,86,0.4545901119709015,0.44151097536087036,0.012912509962916374,1.666300892829895,
6,87,0.3966549038887024,0.3894602954387665,0.007134398445487022,0.6021313667297363,
6,88,0.9789906144142151,0.963365375995636,0.0155454371124506,0.7981467247009277,
6,89,0.9080585241317749,0.893833339214325,0.014150170609354973,0.7506066560745239,
6,90,1.0345485210418701,1.018104076385498,0.016354534775018692,0.8987379670143127,
6,91,1.1681232452392578,1.1474592685699463,0.02044069766998291,2.2321999073028564,
6,92,0.8020365238189697,0.7884163856506348,0.01351235993206501,1.077555537223816,
6,93,0.4946429133415222,0.48337310552597046,0.011152457445859909,1.173466682434082,
6,94,0.5817714333534241,0.5615413188934326,0.01994854211807251,2.8156139850616455,
6,95,0.46321478486061096,0.450832337141037,0.012218605726957321,1.638393521308899,
6,96,0.884519100189209,0.8694238662719727,0.015003426931798458,0.9178227782249451,
6,97,0.6516319513320923,0.6324357986450195,0.018841389566659927,3.5476577281951904,
6,98,0.7405264377593994,0.705822765827179,0.03424147516489029,4.621763706207275,
6,99,0.867472231388092,0.8544412851333618,0.012942398898303509,0.885434627532959,
6,100,1.1125905513763428,1.096979022026062,0.015490159392356873,1.2138681411743164,
7,1,0.763175368309021,0.752070426940918,0.011057764291763306,0.47230982780456543,
7,2,0.6376125812530518,0.6164363622665405,0.020882543176412582,2.936769962310791,
7,3,1.1086227893829346,1.0938751697540283,0.014655645936727524,0.9205095767974854,
7,4,1.002085566520691,0.9895832538604736,0.012425901368260384,0.7638014554977417,
7,5,0.9068236351013184,0.8946683406829834,0.012090597301721573,0.6467509269714355,
7,6,0.6139804720878601,0.6052100658416748,0.008738761767745018,0.3165704309940338,
7,7,0.40627023577690125,0.39964938163757324,0.006566208321601152,0.5464295744895935,
7,8,1.0091965198516846,0.9959287643432617,0.013185488060116768,0.8225809931755066,
7,9,0.47700008749961853,0.4665181040763855,0.010369006544351578,1.1298564672470093,
7,10,1.0007030963897705,0.9864339828491211,0.01419399119913578,0.7511007189750671,
7,11,1.0693920850753784,1.0547654628753662,0.014545607380568981,0.810569167137146,
7,12,0.4982559084892273,0.48791855573654175,0.010230226442217827,1.0713012218475342,
7,13,0.4780876636505127,0.46843141317367554,0.009572252631187439,0.8396989703178406,
7,14,0.8246835470199585,0.8034826517105103,0.020870625972747803,3.302734613418579,
7,15,1.1145285367965698,1.0967597961425781,0.017630310729146004,1.3844119310379028,
7,16,0.634724497795105,0.6190860271453857,0.015399906784296036,2.3852531909942627,
7,17,0.4233199954032898,0.4110778570175171,0.012113291770219803,1.2882102727890015,
7,18,1.0270898342132568,1.0133342742919922,0.013687648810446262,0.6790584325790405,
7,19,0.557208776473999,0.5408041477203369,0.0161475520581007,2.570976734161377,
7,20,1.2313692569732666,1.2147533893585205,0.016498617827892303,1.1725363731384277,
7,21,1.0803462266921997,1.066467046737671,0.01380450651049614,0.7463606595993042,
7,22,0.9356505274772644,0.9218425750732422,0.01370279211550951,1.051392912864685,
7,23,0.5987157821655273,0.5850109457969666,0.013490051962435246,2.14762544631958,
7,24,0.6277505159378052,0.6105033755302429,0.01698489487171173,2.622762441635132,
7,25,0.8718199133872986,0.8493255376815796,0.022165298461914062,3.2906246185302734,
7,26,1.1392720937728882,1.1222202777862549,0.01686882972717285,1.829453468322754,
7,27,0.48622414469718933,0.4758879840373993,0.010237802751362324,0.9834988713264465,
7,28,0.3982405662536621,0.39020872116088867,0.007970251142978668,0.61601322889328,
7,29,0.9077596068382263,0.8920137882232666,0.01565631665289402,0.8954629302024841,
7,30,1.2125771045684814,1.193922758102417,0.0185454860329628,1.088273286819458,
7,31,0.5930541157722473,0.570231556892395,0.022469744086265564,3.527909278869629,
7,32,1.0209977626800537,1.0039669275283813,0.01694030873477459,0.9050113558769226,
7,33,0.48632457852363586,0.4751938581466675,0.011009074747562408,1.2165354490280151,
7,34,0.8658307194709778,0.8525195121765137,0.013244882225990295,0.6632669568061829,
7,35,0.7507972717285156,0.7412267923355103,0.009532619267702103,0.3787124454975128,
7,36,0.6652187705039978,0.6471632122993469,0.01774613931775093,3.0938172340393066,
7,37,0.7074910402297974,0.6909543871879578,0.016225527971982956,3.1111090183258057,
7,38,1.013201117515564,1.0002601146697998,0.012874467298388481,0.6655230522155762,
7,39,0.8445447683334351,0.8327176570892334,0.011752162128686905,0.7491028308868408,
7,40,0.6471557021141052,0.6317636370658875,0.015195241197943687,1.9681068658828735,
7,41,0.8002458810806274,0.7831928730010986,0.0167313851416111,3.2161877155303955,
7,42,1.178261399269104,1.1619008779525757,0.01624244824051857,1.1802326440811157,
7,43,0.6085643172264099,0.5874727368354797,0.020797356963157654,2.942348003387451,
7,44,0.4307672679424286,0.42155879735946655,0.009126142598688602,0.8231830596923828,
7,45,0.4732261300086975,0.46120625734329224,0.011863535270094872,1.5635565519332886,
7,46,0.5960496664047241,0.5780155658721924,0.017852094024419785,1.8204277753829956,
7,47,0.47116708755493164,0.4596909284591675,0.011359632946550846,1.1651748418807983,
7,48,1.1436166763305664,1.1252398490905762,0.018195804208517075,1.8112549781799316,
7,49,0.8684288859367371,0.855789303779602,0.012573878280818462,0.6571364402770996,
7,50,0.5415821075439453,0.5330422520637512,0.008509076200425625,0.30733785033226013,
7,51,1.146865963935852,1.1314804553985596,0.015291178598999977,0.942388653755188,
7,52,0.44406336545944214,0.43597954511642456,0.008003917522728443,0.7991455793380737,
7,53,0.44335928559303284,0.43661749362945557,0.006682186387479305,0.5961126685142517,
7,54,0.6244879364967346,0.605161726474762,0.01895757019519806,3.686450242996216,
7,55,0.8712087273597717,0.8581954836845398,0.012933104299008846,0.8014606833457947,
7,56,0.9855597615242004,0.9712209701538086,0.014266936108469963,0.7188645601272583,
7,57,1.1017444133758545,1.0840163230895996,0.017581135034561157,1.4697868824005127,
7,58,1.07977294921875,1.0640408992767334,0.015614422038197517,1.1763601303100586,
7,59,0.7469866275787354,0.7357288002967834,0.011193621903657913,0.6417232155799866,
7,60,0.6413505673408508,0.6170948147773743,0.02389436587691307,3.614103078842163,
7,61,0.8701245784759521,0.8570278882980347,0.013033762574195862,0.6293633580207825,
7,62,0.848544180393219,0.8200973272323608,0.028017986565828323,4.288455009460449,
7,63,0.849646806716919,0.8372946381568909,0.012291967868804932,0.6018842458724976,
7,64,0.9235249161720276,0.9096470475196838,0.013787578791379929,0.9032303690910339,
7,65,0.8679880499839783,0.8554766178131104,0.012430580332875252,0.8080031275749207,
7,66,0.8795843720436096,0.867495059967041,0.012012115679681301,0.7717748880386353,
7,67,0.7236168384552002,0.7137734889984131,0.009799602441489697,0.4372962713241577,
7,68,0.6806901693344116,0.6717084646224976,0.008940307423472404,0.41399508714675903,
7,69,0.5537430644035339,0.5378354787826538,0.015638643875718117,2.689173460006714,
7,70,0.6085505485534668,0.5950512290000916,0.013343235477805138,1.5611076354980469,
7,71,0.682194173336029,0.6611557006835938,0.020710978657007217,3.2747533321380615,
7,72,0.7539006471633911,0.744478702545166,0.009383101016283035,0.3889014720916748,
7,73,0.681544840335846,0.6602941751480103,0.020929142832756042,3.215348243713379,
7,74,0.820277750492096,0.8071366548538208,0.013046825304627419,0.9431294202804565,
7,75,0.4596714675426483,0.4507773518562317,0.008802307769656181,0.918237566947937,
7,76,0.9058734178543091,0.8932031393051147,0.012607693672180176,0.6258866190910339,
7,77,1.2817189693450928,1.2636919021606445,0.017888745293021202,1.3827012777328491,
7,78,0.56683748960495,0.5577825903892517,0.009022295475006104,0.3262842893600464,
7,79,1.7299479246139526,1.7123397588729858,0.017306119203567505,3.0202713012695312,
7,80,0.7394139766693115,0.7102057933807373,0.028798867017030716,4.092930793762207,
7,81,0.9569799304008484,0.9423227310180664,0.014590634033083916,0.6656267642974854,
7,82,0.5929266214370728,0.5767829418182373,0.01598150096833706,1.6219600439071655,
7,83,0.8788340091705322,0.8601168394088745,0.01859360560774803,1.2356834411621094,
7,84,0.5023351907730103,0.489454448223114,0.012663115747272968,2.176017999649048,
7,85,0.5862158536911011,0.5696704387664795,0.016375938430428505,1.6943984031677246,
7,86,0.3682083785533905,0.3601214289665222,0.008015276864171028,0.7166064977645874,
7,87,0.5856207609176636,0.5693310499191284,0.016035012900829315,2.5470809936523438,
7,88,0.5760926604270935,0.5669381618499756,0.009118340909481049,0.36204299330711365,
7,89,1.1601399183273315,1.1416174173355103,0.018400199711322784,1.2232670783996582,
7,90,1.0415239334106445,1.026390552520752,0.01505834236741066,0.7495285868644714,
7,91,1.084837555885315,1.0666521787643433,0.01797715574502945,2.082674264907837,
7,92,0.719134509563446,0.7092260718345642,0.00985407829284668,0.5437005758285522,
7,93,1.0308297872543335,1.0169774293899536,0.013773340731859207,0.7906175851821899,
7,94,0.7651877999305725,0.7542175054550171,0.010924862697720528,0.45436006784439087,
7,95,0.9679011106491089,0.9533926248550415,0.014432882890105247,0.7557772994041443,
7,96,0.6379644274711609,0.6163718700408936,0.021254099905490875,3.384063482284546,
7,97,0.5449931621551514,0.5314278602600098,0.013403407298028469,1.6187394857406616,
7,98,0.5899143815040588,0.5722302794456482,0.01745525933802128,2.288409471511841,
7,99,0.5462166666984558,0.5295052528381348,0.01645093783736229,2.604755163192749,
7,100,0.42485862970352173,0.41764211654663086,0.007150547578930855,0.6594071984291077,
8,1,0.77049720287323,0.7590289115905762,0.011405102908611298,0.63153475522995,
8,2,0.9375569224357605,0.9240226149559021,0.013459868729114532,0.7444769740104675,
8,3,0.6155223846435547,0.5977276563644409,0.017539754509925842,2.5498898029327393,
8,4,0.6427977085113525,0.6242128610610962,0.018349027261137962,2.3580825328826904,
8,5,0.45700904726982117,0.4460441470146179,0.01085804682224989,1.068560004234314,
8,6,0.8879488706588745,0.8756132125854492,0.012280391529202461,0.5527567267417908,
8,7,1.093939185142517,1.0774636268615723,0.016334224492311478,1.4139008522033691,
8,8,0.7758476138114929,0.7508628368377686,0.02463752031326294,3.472343921661377,
8,9,0.720586359500885,0.711492121219635,0.009058758616447449,0.3547250032424927,
8,10,0.5943583846092224,0.5788897275924683,0.015255989506840706,2.1265006065368652,
8,11,0.8472272753715515,0.8358080387115479,0.011366700753569603,0.5252653956413269,
8,12,0.9106340408325195,0.8928930759429932,0.017461305484175682,2.7963991165161133,
8,13,0.6396189332008362,0.6189156770706177,0.02040226012468338,3.0100021362304688,
8,14,0.7427935004234314,0.7326493263244629,0.010084467008709908,0.5974037051200867,
8,15,0.8021202683448792,0.7905181646347046,0.01153847947716713,0.6359196901321411,
8,16,1.1609742641448975,1.1442924737930298,0.016573619097471237,1.0809552669525146,
8,17,0.5459735989570618,0.537652313709259,0.008291993290185928,0.2925458550453186,
8,18,0.6062308549880981,0.5886399745941162,0.017321746796369553,2.691370725631714,
8,19,0.5369831323623657,0.5206077098846436,0.016099857166409492,2.755434036254883,
8,20,0.8804486393928528,0.8689027428627014,0.011473949998617172,0.7196128368377686,
8,21,1.0648103952407837,1.0509724617004395,0.01376083493232727,0.7715883851051331,
8,22,0.8976626396179199,0.8866227269172668,0.010985181666910648,0.54736328125,
8,23,0.689510703086853,0.6722118258476257,0.017052199691534042,2.4669506549835205,
8,24,0.7007312774658203,0.6903907656669617,0.010295604355633259,0.44875556230545044,
8,25,0.724663496017456,0.7152587175369263,0.00936122052371502,0.4359605014324188,
8,26,0.38075414299964905,0.3733839988708496,0.007305830251425505,0.6431872844696045,
8,27,0.7260586023330688,0.6990545988082886,0.026631763204932213,3.7220728397369385,
8,28,0.4036504030227661,0.39660120010375977,0.006988366134464741,0.6083241701126099,
8,29,1.1958966255187988,1.175502896308899,0.02009318582713604,3.0053396224975586,
8,30,0.9663925766944885,0.9530837535858154,0.01323976181447506,0.690687358379364,
8,31,0.8687325716018677,0.8567359447479248,0.011934437789022923,0.6215623021125793,
8,32,0.4079299569129944,0.398872971534729,0.008963409811258316,0.9358423352241516,
8,33,0.849077582359314,0.8374866843223572,0.011533312499523163,0.5758746862411499,
8,34,0.363959938287735,0.3575925827026367,0.006324428133666515,0.429188072681427,
8,35,0.8376593589782715,0.8263984322547913,0.011187009513378143,0.7391382455825806,
8,36,1.155691146850586,1.1402064561843872,0.015368733555078506,1.1600267887115479,
8,37,0.714072048664093,0.6892153024673462,0.0244954451918602,3.6134231090545654,
8,38,0.6542930603027344,0.6382013559341431,0.015865743160247803,2.259396553039551,
8,39,0.5956136584281921,0.5820842981338501,0.013337694108486176,1.916824460029602,
8,40,0.9436048865318298,0.9313893914222717,0.01215578056871891,0.5969945192337036,
8,41,0.4635002613067627,0.45339101552963257,0.009970261715352535,1.3899317979812622,
8,42,0.5538837909698486,0.5405755639076233,0.013130797073245049,1.774247169494629,
8,43,0.5846421122550964,0.5741050243377686,0.010421101935207844,1.159629464149475,
8,44,0.4162740409374237,0.4087536036968231,0.0074575841426849365,0.6286237239837646,
8,45,0.7166398763656616,0.6919389963150024,0.024393318220973015,3.075857162475586,
8,46,0.8206521272659302,0.8098220825195312,0.010779418051242828,0.5057969689369202,
8,47,0.6700547337532043,0.6541485786437988,0.015610311180353165,2.958221912384033,
8,48,0.8293722867965698,0.8048292398452759,0.024171240627765656,3.7181448936462402,
8,49,0.7408672571182251,0.7220056056976318,0.01857953891158104,2.820878505706787,
8,50,1.1829560995101929,1.1658613681793213,0.01696654036641121,1.282000184059143,
8,51,0.8736671805381775,0.8553087115287781,0.017901748418807983,4.56742000579834,
8,52,0.7051397562026978,0.6867172718048096,0.01806899532675743,3.535170316696167,
8,53,0.8384215831756592,0.8282141089439392,0.010088332928717136,1.191308617591858,
8,54,0.7894546985626221,0.7507961988449097,0.03809887170791626,5.596020698547363,
8,55,1.1237139701843262,1.1025617122650146,0.020969336852431297,1.8280835151672363,
8,56,0.41066282987594604,0.4012712836265564,0.009306054562330246,0.8549122214317322,
8,57,1.1895464658737183,1.1667745113372803,0.022600196301937103,1.718063235282898,
8,58,0.7740514874458313,0.731513261795044,0.04196273535490036,5.75463342666626,
8,59,0.9786972999572754,0.963394284248352,0.015226035378873348,0.7702954411506653,
8,60,1.1169450283050537,1.0966687202453613,0.020060427486896515,2.158893346786499,
8,61,0.5843382477760315,0.5687648057937622,0.015400238335132599,1.7321408987045288,
8,62,0.9285323619842529,0.9143596291542053,0.014081910252571106,0.9083219766616821,
8,63,0.5490807890892029,0.5354856252670288,0.013427904807031155,1.6724599599838257,
8,64,0.41989409923553467,0.4124103784561157,0.007412692066282034,0.710166335105896,
8,65,1.0100561380386353,0.9950186014175415,0.014903996139764786,1.335399866104126,
8,66,0.7582785487174988,0.7493853569030762,0.008855508640408516,0.3766807019710541,
8,67,0.714790940284729,0.7057065963745117,0.009043294936418533,0.41050854325294495,
8,68,0.5181962847709656,0.5057351589202881,0.012278666719794273,1.824336290359497,
8,69,0.6988423466682434,0.6789731383323669,0.019488077610731125,3.8112778663635254,
8,70,0.5691110491752625,0.5547744035720825,0.014128697104752064,2.079493999481201,
8,71,0.36000779271125793,0.3522036671638489,0.007733902893960476,0.7020633220672607,
8,72,0.7860985398292542,0.7741326093673706,0.011916231364011765,0.49730515480041504,
8,73,1.1325594186782837,1.1140708923339844,0.01829860545694828,1.8984622955322266,
8,74,0.9695860743522644,0.9329008460044861,0.03600043058395386,6.848234176635742,
8,75,0.5420714616775513,0.5317812561988831,0.01025688461959362,0.3331797420978546,
8,76,0.9139226675033569,0.8999814391136169,0.013872823677957058,0.6842148900032043,
8,77,0.8764972686767578,0.8619478940963745,0.01445181854069233,0.9760013818740845,
8,78,0.43931490182876587,0.42832544445991516,0.010876201093196869,1.1324338912963867,
8,79,0.7692824602127075,0.7570427656173706,0.012167153880000114,0.725473165512085,
8,80,0.4950745105743408,0.4781877398490906,0.016624651849269867,2.6210880279541016,
8,81,1.2807163000106812,1.2600996494293213,0.020449548959732056,1.6708085536956787,
8,82,0.5768565535545349,0.5621768236160278,0.01450318843126297,1.765548825263977,
8,83,0.7137776017189026,0.6872363090515137,0.026124615222215652,4.166820526123047,
8,84,1.1536985635757446,1.1377811431884766,0.015771139413118362,1.462470531463623,
8,85,1.044913649559021,1.03071928024292,0.014123172499239445,0.7117810845375061,
8,86,1.080116868019104,1.0644021034240723,0.015606729313731194,1.079758644104004,
8,87,1.1666843891143799,1.1504915952682495,0.016073698177933693,1.191022515296936,
8,88,0.4018145799636841,0.3950072228908539,0.006752149201929569,0.5519001483917236,
8,89,0.6794579029083252,0.6700760126113892,0.00933334231376648,0.4854186177253723,
8,90,0.5977544188499451,0.5783103704452515,0.01915993168950081,2.841153860092163,
8,91,0.703173041343689,0.6938141584396362,0.009310923516750336,0.4799353778362274,
8,92,1.1597099304199219,1.143249750137329,0.016351567581295967,1.0864806175231934,
8,93,1.1264874935150146,1.1077964305877686,0.018480490893125534,2.1051039695739746,
8,94,0.7327026128768921,0.703680694103241,0.02859884686768055,4.230530738830566,
8,95,1.0759507417678833,1.0595815181732178,0.016268596053123474,1.0059139728546143,
8,96,0.5183931589126587,0.5061860084533691,0.01206174772232771,1.4535596370697021,
8,97,0.4442942142486572,0.4363098740577698,0.007906300947070122,0.7805818915367126,
8,98,0.7622544765472412,0.7374429702758789,0.02430441603064537,5.071069717407227,
8,99,0.5487940311431885,0.5323375463485718,0.01617579162120819,2.8070549964904785,
8,100,0.5344182252883911,0.5216184854507446,0.012627293355762959,1.7246257066726685,
9,1,0.7561546564102173,0.7475447654724121,0.008574938401579857,0.34935110807418823,
9,2,0.7552257180213928,0.7456916570663452,0.009475279599428177,0.5879695415496826,
9,3,0.8298141956329346,0.8053199052810669,0.02411547303199768,3.7884814739227295,
9,4,0.595361053943634,0.5771523118019104,0.01792837493121624,2.803910255432129,
9,5,1.0185245275497437,1.0050143003463745,0.013358384370803833,1.5191091299057007,
9,6,0.7891044020652771,0.7784625887870789,0.010598065331578255,0.4374575614929199,
9,7,0.8182134628295898,0.8069171905517578,0.011233542114496231,0.6268540024757385,
9,8,0.4656751751899719,0.4548183083534241,0.010699277743697166,1.57602059841156,
9,9,0.9497621059417725,0.9350584745407104,0.014578117057681084,1.2550493478775024,
9,10,1.1223933696746826,1.1045681238174438,0.0176278967410326,1.9728705883026123,
9,11,0.9919991493225098,0.9771458506584167,0.014736481942236423,1.168236255645752,
9,12,1.1653777360916138,1.1481785774230957,0.01708921417593956,1.0995742082595825,
9,13,1.1629587411880493,1.1330876350402832,0.02919706515967846,6.739821434020996,
9,14,0.7244201302528381,0.6930681467056274,0.030918333679437637,4.336053848266602,
9,15,0.8754544854164124,0.8645219206809998,0.010873595252633095,0.5892248153686523,
9,16,0.7365338206291199,0.7278211116790771,0.008672410622239113,0.4027392566204071,
9,17,0.8352358937263489,0.8087639808654785,0.026062048971652985,4.098642826080322,
9,18,0.6220043301582336,0.6146494150161743,0.007328503765165806,0.2640479803085327,
9,19,1.178754448890686,1.1629730463027954,0.015649916604161263,1.3147649765014648,
9,20,0.6106950044631958,0.5938111543655396,0.016596395522356033,2.8747642040252686,
9,21,0.9540995359420776,0.9415110349655151,0.012511235661804676,0.772333562374115,
9,22,0.8214588761329651,0.8103888630867004,0.010991876013576984,0.7814444899559021,
9,23,1.1315630674362183,1.1104823350906372,0.020656419917941093,4.242069244384766,
9,24,0.37345564365386963,0.36765313148498535,0.0057634152472019196,0.39105933904647827,
9,25,0.5798522233963013,0.5602806806564331,0.019272195175290108,2.9931468963623047,
9,26,0.5798803567886353,0.5610221028327942,0.0185801163315773,2.7812986373901367,
9,27,0.5548935532569885,0.5359607934951782,0.018663182854652405,2.6960225105285645,
9,28,0.8569276332855225,0.8440604209899902,0.012797737494111061,0.6947243809700012,
9,29,1.0360416173934937,1.0187633037567139,0.017123892903327942,1.5432243347167969,
9,30,0.639910876750946,0.6149119138717651,0.024608343839645386,3.9059157371520996,
9,31,0.6607377529144287,0.6368890404701233,0.02348356693983078,3.651085615158081,
9,32,0.4491301476955414,0.442688912153244,0.006379659287631512,0.615649402141571,
9,33,0.8918583393096924,0.8792223930358887,0.012552945874631405,0.8304005861282349,
9,34,0.8505199551582336,0.8388271331787109,0.011637439951300621,0.5535706281661987,
9,35,0.846377432346344,0.8289307355880737,0.017274875193834305,1.7181144952774048,
9,36,0.6623983979225159,0.6541441679000854,0.008214766159653664,0.39460912346839905,
9,37,0.7454524636268616,0.7348982095718384,0.010493339970707893,0.609089195728302,
9,38,0.5974358320236206,0.5819650292396545,0.0152798593044281,1.9100185632705688,
9,39,0.7282753586769104,0.719071626663208,0.00915982574224472,0.4390420913696289,
9,40,0.8404722213745117,0.8289545774459839,0.011438960209488869,0.7867223024368286,
9,41,0.5238031148910522,0.5163673162460327,0.00740949809551239,0.2626008987426758,
9,42,0.6370598077774048,0.6140807271003723,0.022635947912931442,3.4313178062438965,
9,43,0.5670797228813171,0.5592080354690552,0.007841411978006363,0.3026803135871887,
9,44,1.018038034439087,0.9853019118309021,0.03213614597916603,5.999424457550049,
9,45,0.41988733410835266,0.412748783826828,0.007038566749542952,0.9997762441635132,
9,46,0.6976354718208313,0.6879962682723999,0.009595958516001701,0.43281295895576477,
9,47,1.1860417127609253,1.1685338020324707,0.017373349517583847,1.3454004526138306,
9,48,0.39872610569000244,0.39107877016067505,0.007580390200018883,0.6694502830505371,
9,49,0.6718969941139221,0.6467562913894653,0.024741156026721,3.9951565265655518,
9,50,0.4099920690059662,0.4016311764717102,0.008284030482172966,0.7686542868614197,
9,51,0.774138867855072,0.7631980180740356,0.010894335806369781,0.46464625000953674,
9,52,0.7992024421691895,0.7877594828605652,0.011385113000869751,0.578353762626648,
9,53,0.9703669548034668,0.9569234848022461,0.01337488554418087,0.6858869791030884,
9,54,0.5804973244667053,0.5646169781684875,0.01570848375558853,1.7182127237319946,
9,55,0.7639605402946472,0.7541777491569519,0.009738452732563019,0.44340255856513977,
9,56,0.9033181071281433,0.8919948935508728,0.0112648606300354,0.5837467908859253,
9,57,0.7912634015083313,0.7811423540115356,0.010065149515867233,0.5593240261077881,
9,58,0.7781559824943542,0.749268651008606,0.028464430943131447,4.229055881500244,
9,59,0.6221937537193298,0.6037797927856445,0.018076982349157333,3.370023727416992,
9,60,0.41731154918670654,0.4106101989746094,0.006635541561990976,0.6579129695892334,
9,61,0.40780821442604065,0.3990744352340698,0.008624915033578873,1.088714599609375,
9,62,0.6748258471488953,0.6532900333404541,0.021184567362070084,3.5126755237579346,
9,63,0.8935020565986633,0.877446174621582,0.015887543559074402,1.683308720588684,
9,64,0.666109561920166,0.6579161286354065,0.008157189935445786,0.3625093102455139,
9,65,0.3619946241378784,0.354783296585083,0.007147102151066065,0.6423625349998474,
9,66,0.5672966241836548,0.549717903137207,0.017293807119131088,2.8489089012145996,
9,67,0.37327954173088074,0.36732420325279236,0.005915606394410133,0.3971633315086365,
9,68,0.5814993977546692,0.56842440366745,0.012929512187838554,1.4547773599624634,
9,69,0.4586139917373657,0.44818606972694397,0.010287761688232422,1.4017455577850342,
9,70,0.61215740442276,0.604454517364502,0.00767446868121624,0.28416451811790466,
9,71,0.7297549843788147,0.7212902307510376,0.00843089073896408,0.3384192883968353,
9,72,0.5532235503196716,0.541114330291748,0.011957261711359024,1.5195775032043457,
9,73,0.5616344809532166,0.5543904304504395,0.007216572295874357,0.2747628092765808,
9,74,0.8275485634803772,0.8180716037750244,0.009431539103388786,0.4539770781993866,
9,75,1.0567139387130737,1.0441615581512451,0.01248103752732277,0.7126545310020447,
9,76,0.6473580598831177,0.6397985219955444,0.007527225185185671,0.32330048084259033,
9,77,0.6229991316795349,0.606381356716156,0.016333168372511864,2.845966100692749,
9,78,0.6688830256462097,0.6613335609436035,0.007515282835811377,0.34134525060653687,
9,79,0.8526551723480225,0.8256657719612122,0.026480507105588913,5.088999271392822,
9,80,0.3903873860836029,0.38377705216407776,0.006552448030561209,0.5786834359169006,
9,81,0.4837642014026642,0.47235435247421265,0.011255783960223198,1.5407010316848755,
9,82,0.6072862148284912,0.5894256830215454,0.01754140667617321,3.1909427642822266,
9,83,0.7521880865097046,0.7424178123474121,0.009733553044497967,0.36717256903648376,
9,84,0.8000341653823853,0.7710244059562683,0.028568308800458908,4.414325714111328,
9,85,0.5995336174964905,0.5781848430633545,0.02102268673479557,3.2608137130737305,
9,86,0.428451269865036,0.42058703303337097,0.007791954092681408,0.7227039933204651,
9,87,0.37462058663368225,0.36733031272888184,0.007224546745419502,0.6572799682617188,
9,88,0.41459670662879944,0.4072144627571106,0.007314043119549751,0.6819621920585632,
9,89,0.8759559988975525,0.8641259670257568,0.011775338090956211,0.5472384691238403,
9,90,0.8783295154571533,0.8667196035385132,0.011530443094670773,0.7945674657821655,
9,91,0.46722471714019775,0.45498955249786377,0.012095602229237556,1.395667552947998,
9,92,0.5031517148017883,0.48642563819885254,0.016440369188785553,2.857058525085449,
9,93,0.6228954792022705,0.6151522397994995,0.007713056169450283,0.30157196521759033,
9,94,0.5822328329086304,0.5641046166419983,0.01781683787703514,3.11369252204895,
9,95,0.5865980982780457,0.5665619373321533,0.01974128745496273,2.948467493057251,
9,96,0.3780432641506195,0.3717072010040283,0.006289409939199686,0.46627259254455566,
9,97,0.7289051413536072,0.7190535068511963,0.00978885218501091,0.6277795433998108,
9,98,1.4475525617599487,1.4175732135772705,0.029559707269072533,4.1956987380981445,
9,99,0.6592252254486084,0.6373462677001953,0.021454816684126854,4.241397380828857,
9,100,0.9262743592262268,0.9128900766372681,0.013315756805241108,0.685699462890625,
10,1,1.1564313173294067,1.1375406980514526,0.018764067441225052,1.2654109001159668,
10,2,1.1960794925689697,1.1744266748428345,0.021456608548760414,1.9625680446624756,
10,3,0.9773503541946411,0.9552657604217529,0.021661406382918358,4.232011318206787,
10,4,0.5528375506401062,0.5327965021133423,0.01968119479715824,3.598233222961426,
10,5,0.3674209415912628,0.35949283838272095,0.007857367396354675,0.7070671319961548,
10,6,1.0655252933502197,1.0481544733047485,0.017224187031388283,1.4662978649139404,
10,7,0.8428723812103271,0.8305359482765198,0.012248984538018703,0.8742760419845581,
10,8,0.8859285712242126,0.8741965889930725,0.011671122163534164,0.6088399291038513,
10,9,0.5549058318138123,0.5405431985855103,0.01417485810816288,1.8773163557052612,
10,10,0.8561753630638123,0.8448737859725952,0.011243860237300396,0.5768755674362183,
10,11,1.049851417541504,0.9845969080924988,0.06372317671775818,15.313738822937012,
10,12,0.6053413152694702,0.586094856262207,0.018958862870931625,2.8757426738739014,
10,13,0.5865721106529236,0.5718176364898682,0.014575200155377388,1.792700171470642,
10,14,0.7027466297149658,0.6943057775497437,0.008402138948440552,0.3876466453075409,
10,15,0.8379151225090027,0.8079864382743835,0.029438819736242294,4.898794651031494,
10,16,0.5942862033843994,0.5769240856170654,0.017044221982359886,3.179004669189453,
10,17,1.304182529449463,1.2629714012145996,0.040467794984579086,7.433385372161865,
10,18,0.5044279098510742,0.49159666895866394,0.012639359571039677,1.9184740781784058,
10,19,0.5466528534889221,0.5387847423553467,0.007840846665203571,0.2726191282272339,
10,20,0.8328396677970886,0.8200549483299255,0.012723804451525211,0.6090656518936157,
10,21,0.49228447675704956,0.4783056974411011,0.013783371075987816,1.9542158842086792,
10,22,0.800106942653656,0.7870572805404663,0.012981523759663105,0.681540310382843,
10,23,0.47248920798301697,0.4574788808822632,0.014812634326517582,1.9767574071884155,
10,24,1.0853886604309082,1.0683362483978271,0.016959700733423233,0.9276050925254822,
10,25,0.5616479516029358,0.5385404825210571,0.0227013248950243,4.061734676361084,
10,26,1.2980223894119263,1.2735393047332764,0.02426880970597267,2.1418089866638184,
10,27,1.091005802154541,1.0742141008377075,0.016690419986844063,1.013722538948059,
10,28,0.5839679837226868,0.5629803538322449,0.020646370947360992,3.412583589553833,
10,29,0.7313955426216125,0.7076932191848755,0.023259330540895462,4.43007755279541,
10,30,0.5036060214042664,0.49035751819610596,0.013097550719976425,1.5098382234573364,
10,31,0.6069431304931641,0.588437020778656,0.018302584066987038,2.0352797508239746,
10,32,0.6007686853408813,0.5866551995277405,0.013922084122896194,1.9141699075698853,
10,33,1.137505054473877,1.1189500093460083,0.018430158495903015,1.2491424083709717,
10,34,0.8905295729637146,0.8774077892303467,0.013060260564088821,0.6151625514030457,
10,35,0.7277913093566895,0.7179727554321289,0.009780537337064743,0.3802166283130646,
10,36,1.00311279296875,0.9840302467346191,0.018919773399829865,1.6269965171813965,
10,37,0.80098956823349,0.7879102826118469,0.012985222972929478,0.9403437376022339,
10,38,0.4172000586986542,0.40668177604675293,0.010407228954136372,1.1103765964508057,
10,39,0.5053516030311584,0.4919925034046173,0.013182073831558228,1.7701406478881836,
10,40,0.6873629689216614,0.6596300601959229,0.02725696936249733,4.7596211433410645,
10,41,1.0906481742858887,1.0740383863449097,0.016512472182512283,0.9726976752281189,
10,42,0.9739892482757568,0.9588515758514404,0.01503034494817257,1.073750615119934,
10,43,0.6632598638534546,0.637367844581604,0.0254005528986454,4.914525985717773,
10,44,0.47066470980644226,0.46479082107543945,0.005818954668939114,0.5491130352020264,
10,45,1.209621548652649,1.1950161457061768,0.014470120891928673,1.352824330329895,
10,46,0.7479686141014099,0.7399225234985352,0.008009674958884716,0.36402010917663574,
10,47,0.9382968544960022,0.9269284009933472,0.011297979392111301,0.7045601010322571,
10,48,1.4949159622192383,1.4103957414627075,0.08250933885574341,20.10810089111328,
10,49,0.9254655838012695,0.9145091772079468,0.010898403823375702,0.5801644325256348,
10,50,0.8335475921630859,0.8210605978965759,0.012405898422002792,0.8110707998275757,
10,51,0.5014303922653198,0.48985475301742554,0.01140313595533371,1.72477126121521,
10,52,0.7855241894721985,0.7437090873718262,0.041178323328495026,6.367753505706787,
10,53,0.38658007979393005,0.3799266219139099,0.006595506798475981,0.5797117948532104,
10,54,1.0915569067001343,1.07553231716156,0.015888340771198273,1.3629487752914429,
10,55,0.40314552187919617,0.3931373953819275,0.009890936315059662,1.1718837022781372,
10,56,0.5333583950996399,0.5166335105895996,0.016507934778928757,2.1698875427246094,
10,57,0.39743369817733765,0.39021897315979004,0.007152779959142208,0.619572639465332,
10,58,0.8535575270652771,0.8362252712249756,0.017164504155516624,1.6774497032165527,
10,59,1.0215528011322021,1.0075011253356934,0.013972410932183266,0.7930997014045715,
10,60,0.8191291093826294,0.808587908744812,0.010487484745681286,0.5368485450744629,
10,61,0.5707807540893555,0.551950216293335,0.018559511750936508,2.7099783420562744,
10,62,0.7391101717948914,0.7301280498504639,0.008934084326028824,0.4802384674549103,
10,63,0.37045031785964966,0.3627464473247528,0.007626217789947987,0.7765185832977295,
10,64,0.6008851528167725,0.5773721933364868,0.023126427084207535,3.865079164505005,
10,65,0.4855337142944336,0.4740995764732361,0.011278938502073288,1.552012324333191,
10,66,0.6297541260719299,0.6031634211540222,0.02617066353559494,4.2002153396606445,
10,67,0.5427721738815308,0.5357940196990967,0.006951894611120224,0.262570321559906,
10,68,0.4664803147315979,0.4533652663230896,0.012884406372904778,2.3064846992492676,
10,69,0.4635608196258545,0.4544527232646942,0.009011751040816307,0.9633851051330566,
10,70,0.911515474319458,0.8990668058395386,0.012387506663799286,0.6114950776100159,
10,71,0.7041775584220886,0.6949880123138428,0.009142570197582245,0.4698036313056946,
10,72,0.7512341141700745,0.7399293184280396,0.01123749278485775,0.672662615776062,
10,73,0.7771108746528625,0.7366125583648682,0.039889078587293625,6.092354774475098,
10,74,0.7287929654121399,0.6876412630081177,0.040550462901592255,6.012231826782227,
10,75,0.6167351007461548,0.5930297374725342,0.023354537785053253,3.5081450939178467,
10,76,0.8568664789199829,0.8408775925636292,0.01582234352827072,1.6652342081069946,
10,77,1.0133178234100342,1.000930666923523,0.012320461682975292,0.6666373014450073,
10,78,0.7181417346000671,0.7085453271865845,0.009544648230075836,0.5171558260917664,
10,79,0.628929615020752,0.6062847375869751,0.02222392149269581,4.209458827972412,
10,80,0.7437679171562195,0.7352294921875,0.008503947407007217,0.3443044424057007,
10,81,1.1983463764190674,1.1823176145553589,0.01592300832271576,1.057002067565918,
10,82,0.6274361610412598,0.6111066341400146,0.016140487045049667,1.8906925916671753,
10,83,0.6406742930412292,0.632739245891571,0.007907532155513763,0.2756332755088806,
10,84,0.7515575289726257,0.7419668436050415,0.009539155289530754,0.5157421231269836,
10,85,1.180840253829956,1.164149284362793,0.016563158482313156,1.2773940563201904,
10,86,0.6365622878074646,0.6089359521865845,0.027154672890901566,4.716712474822998,
10,87,0.41561251878738403,0.40620020031929016,0.009313022717833519,0.9930645227432251,
10,88,1.1135510206222534,1.0970611572265625,0.01635774038732052,1.3205466270446777,
10,89,0.5841694474220276,0.5675966143608093,0.016329225152730942,2.436220169067383,
10,90,0.4147112965583801,0.4054420590400696,0.009159259498119354,1.099679708480835,
10,91,1.1210929155349731,1.104839563369751,0.01607450284063816,1.787882924079895,
10,92,1.1729239225387573,1.1569128036499023,0.015907561406493187,1.0359296798706055,
10,93,1.30661940574646,1.2896103858947754,0.016844555735588074,1.6446540355682373,
10,94,0.8455595374107361,0.8349580764770508,0.010552091524004936,0.49342426657676697,
10,95,0.9236295819282532,0.9121363162994385,0.011436553671956062,0.5670716166496277,
10,96,0.5358681082725525,0.521336555480957,0.014329015277326107,2.0253515243530273,
10,97,0.45970475673675537,0.4488488435745239,0.010705649852752686,1.5025808811187744,
10,98,0.876664400100708,0.8649494647979736,0.011653587222099304,0.6131157875061035,
10,99,0.47038063406944275,0.4584461748600006,0.011772396042943,1.6206380128860474,
10,100,0.8561487197875977,0.845757007598877,0.010339868254959583,0.5184672474861145,
11,1,0.9394986033439636,0.9263461828231812,0.013049254193902016,1.0319595336914062,
11,2,0.5616137385368347,0.5412214398384094,0.02009633369743824,2.9592480659484863,
11,3,0.594135582447052,0.5752009153366089,0.018632955849170685,3.017463207244873,
11,4,0.5473122596740723,0.5336902737617493,0.013424756936728954,1.972080945968628,
11,5,0.6159307360649109,0.5902727842330933,0.02526353858411312,3.9442811012268066,
11,6,1.1577141284942627,1.1427922248840332,0.014823085628449917,0.9885393977165222,
11,7,0.6629270911216736,0.6400972604751587,0.022479739040136337,3.501293659210205,
11,8,0.5322989821434021,0.5146351456642151,0.017361560836434364,3.022735357284546,
11,9,1.1015461683273315,1.084057092666626,0.01732482947409153,1.6430327892303467,
11,10,0.38899916410446167,0.38109853863716125,0.007814625278115273,0.8601222038269043,
11,11,0.8785012364387512,0.866540253162384,0.011883323080837727,0.7764430046081543,
11,12,0.7246653437614441,0.7156444191932678,0.008977862074971199,0.4306287169456482,
11,13,0.8652737736701965,0.8533775806427002,0.01181339006870985,0.8279298543930054,
11,14,0.40207013487815857,0.3921164274215698,0.00983350444585085,1.2019096612930298,
11,15,0.8257530927658081,0.8145596981048584,0.011127101257443428,0.6628912687301636,
11,16,0.5669583082199097,0.5470687747001648,0.01959904655814171,2.9053375720977783,
11,17,0.38118311762809753,0.3736130893230438,0.0074994927272200584,0.7054274082183838,
11,18,0.6840729117393494,0.6583048105239868,0.02540445141494274,3.6367709636688232,
11,19,0.7634965181350708,0.7524921894073486,0.010942741297185421,0.6155107617378235,
11,20,1.016304850578308,1.0026850700378418,0.013542678207159042,0.7708857655525208,
11,21,1.2176804542541504,1.198274850845337,0.019244713708758354,1.609790325164795,
11,22,0.6896325945854187,0.6813333034515381,0.008260844275355339,0.38419607281684875,
11,23,0.4997712969779968,0.4837336540222168,0.015784654766321182,2.5298025608062744,
11,24,0.7132381200790405,0.6822223663330078,0.030607178807258606,4.086002349853516,
11,25,0.8144268989562988,0.8041833639144897,0.010193215683102608,0.5030200481414795,
11,26,0.9840829372406006,0.9417252540588379,0.04144982993602753,9.0781888961792,
11,27,0.8441033959388733,0.7952709197998047,0.04776734486222267,10.651268005371094,
11,28,0.5965495109558105,0.5760513544082642,0.02015089988708496,3.4726924896240234,
11,29,0.42706212401390076,0.4187920093536377,0.008193946443498135,0.7618399262428284,
11,30,1.0557360649108887,1.0404781103134155,0.01516842283308506,0.8953227996826172,
11,31,0.7511810660362244,0.7400034666061401,0.011110379360616207,0.6724917888641357,
11,32,0.80293869972229,0.7626910209655762,0.03946489095687866,7.827698707580566,
11,33,0.7978690266609192,0.7603647708892822,0.03689516335725784,6.090701580047607,
11,34,0.6085007786750793,0.5831388235092163,0.024956345558166504,4.056379318237305,
11,35,0.8270093202590942,0.8154529929161072,0.011481580324470997,0.7476708889007568,
11,36,0.6339014768600464,0.6058869957923889,0.027520105242729187,4.943769454956055,
11,37,0.8490195870399475,0.837633490562439,0.011310569941997528,0.7554824948310852,
11,38,0.7024592161178589,0.693662166595459,0.008756112307310104,0.40967515110969543,
11,39,0.41037631034851074,0.40305227041244507,0.007242989260703325,0.8107324838638306,
11,40,0.5803521871566772,0.5609127879142761,0.01913822442293167,3.011568784713745,
11,41,0.9012971520423889,0.8893073797225952,0.011913979426026344,0.7579033374786377,
11,42,1.2307854890823364,1.208546757698059,0.022086577489972115,1.5216095447540283,
11,43,0.6097897291183472,0.585831880569458,0.023600418120622635,3.574723482131958,
11,44,0.9146703481674194,0.8765485286712646,0.03757254034280777,5.492547988891602,
11,45,0.4978702664375305,0.48657315969467163,0.011165924370288849,1.311941385269165,
11,46,0.6683617234230042,0.6597657203674316,0.008557526394724846,0.3853222727775574,
11,47,0.35722997784614563,0.3495141863822937,0.007643160410225391,0.726393461227417,
11,48,1.1393115520477295,1.1209189891815186,0.018180496990680695,2.1209022998809814,
11,49,0.5947645902633667,0.5786514282226562,0.015917103737592697,1.960322380065918,
11,50,0.502906858921051,0.48763537406921387,0.015052177011966705,2.1927993297576904,
11,51,0.5847039818763733,0.5645944476127625,0.019814154133200645,2.954153299331665,
11,52,0.7455102205276489,0.7366666197776794,0.008808963000774384,0.3461379110813141,
11,53,0.9003368616104126,0.8889702558517456,0.011289643123745918,0.7696791887283325,
11,54,0.8962566256523132,0.8854736089706421,0.010723745450377464,0.592241108417511,
11,55,1.1783168315887451,1.1630656719207764,0.01513470709323883,1.1643377542495728,
11,56,0.4345635175704956,0.42685866355895996,0.007631654851138592,0.7319875359535217,
11,57,0.7911009788513184,0.7812000513076782,0.009839488193392754,0.6147321462631226,
11,58,1.1134291887283325,1.0983469486236572,0.014958895742893219,1.2335880994796753,
11,59,1.074687123298645,1.0614845752716064,0.013126621022820473,0.7597174048423767,
11,60,0.5744593143463135,0.5600013732910156,0.014255896210670471,2.0204806327819824,
11,61,0.9791538119316101,0.9660143852233887,0.013062950223684311,0.7648144960403442,
11,62,0.5447319149971008,0.5369383096694946,0.007767212577164173,0.2638426721096039,
11,63,1.0730035305023193,1.0569404363632202,0.015929721295833588,1.3334966897964478,
11,64,0.6260735988616943,0.6067673563957214,0.01904553547501564,2.6071319580078125,
11,65,0.48806554079055786,0.47875353693962097,0.009216377511620522,0.9562115669250488,
11,66,1.0255022048950195,1.007402777671814,0.017862308770418167,2.371061086654663,
11,67,0.7493639588356018,0.723641037940979,0.02530372515320778,4.191889762878418,
11,68,0.9070539474487305,0.8858115077018738,0.020949337631464005,2.9307668209075928,
11,69,0.5985202193260193,0.5830256342887878,0.015311233699321747,1.8331459760665894,
11,70,0.9564256072044373,0.9436036348342896,0.012754673138260841,0.6730374097824097,
11,71,0.4941900670528412,0.4779852330684662,0.015940900892019272,2.639420986175537,
11,72,0.8404350280761719,0.8285574913024902,0.01179514080286026,0.8236017823219299,
11,73,0.6445733308792114,0.6216673851013184,0.022507086396217346,3.988774538040161,
11,74,0.6046926379203796,0.5872475504875183,0.01725636050105095,1.8870686292648315,
11,75,0.5798270106315613,0.5563806295394897,0.023073900490999222,3.7245569229125977,
11,76,1.4926401376724243,1.4672248363494873,0.025102853775024414,3.1242778301239014,
11,77,0.9852662682533264,0.9711780548095703,0.014009015634655952,0.7919229865074158,
11,78,0.4063413441181183,0.39495688676834106,0.011251533403992653,1.3290536403656006,
11,79,0.7299712896347046,0.6951819658279419,0.034293338656425476,4.959704399108887,
11,80,0.5775608420372009,0.5536353588104248,0.023463468998670578,4.6201019287109375,
11,81,0.6694983243942261,0.6392569541931152,0.029807718470692635,4.33608865737915,
11,82,0.6178082227706909,0.609144926071167,0.00863160565495491,0.31712010502815247,
11,83,1.1522361040115356,1.133415937423706,0.018697988241910934,1.221724510192871,
11,84,0.8416580557823181,0.8297301530838013,0.011867433786392212,0.60501629114151,
11,85,0.95838463306427,0.9441973567008972,0.014108296483755112,0.7895300984382629,
11,86,0.8491436839103699,0.8040096163749695,0.04422847181558609,9.055691719055176,
11,87,0.5267319679260254,0.5111098289489746,0.015402013435959816,2.2013542652130127,
11,88,0.7828449606895447,0.7718636989593506,0.010918894782662392,0.623439610004425,
11,89,0.8893615007400513,0.8768477439880371,0.012453824281692505,0.5993282198905945,
11,90,0.6126070618629456,0.5896520018577576,0.022549813613295555,4.052565574645996,
11,91,0.37247204780578613,0.3643227219581604,0.00806980486959219,0.7950199246406555,
11,92,1.0283946990966797,1.0142438411712646,0.014066927134990692,0.8388998508453369,
11,93,0.48449230194091797,0.4709985852241516,0.013335876166820526,1.5783045291900635,
11,94,0.8554342985153198,0.843672513961792,0.011698627844452858,0.6316646337509155,
11,95,1.6866384744644165,1.6643580198287964,0.021891098469495773,3.8939459323883057,
11,96,0.37682950496673584,0.3676111102104187,0.009132400155067444,0.8601416945457458,
11,97,0.7316246628761292,0.6918696761131287,0.03920404985547066,5.50952672958374,
11,98,0.5542615652084351,0.5403368473052979,0.01373823918402195,1.864792823791504,
11,99,0.4808697998523712,0.46472978591918945,0.015924248844385147,2.1576499938964844,
11,100,0.7270268797874451,0.6871173977851868,0.03934618830680847,5.633096694946289,
12,1,0.9809450507164001,0.9570184946060181,0.02343936078250408,4.871889591217041,
12,2,0.575512170791626,0.5504750609397888,0.024632902815937996,4.041568756103516,
12,3,0.49457672238349915,0.47505491971969604,0.0192127488553524,3.0905563831329346,
12,4,0.719506561756134,0.7095882892608643,0.009870145469903946,0.48092567920684814,
12,5,0.6780914664268494,0.6522242426872253,0.02539808303117752,4.691717147827148,
12,6,0.8333198428153992,0.8218409419059753,0.011410446837544441,0.6843645572662354,
12,7,1.0057317018508911,0.9918031692504883,0.013834891840815544,0.9375593662261963,
12,8,0.8016362190246582,0.7906172275543213,0.010934833437204361,0.841363251209259,
12,9,0.8492239713668823,0.8179646730422974,0.030750632286071777,5.086551666259766,
12,10,1.1948055028915405,1.1715080738067627,0.022952618077397346,3.4479565620422363,
12,11,0.8347647190093994,0.8238189220428467,0.010892832651734352,0.5300110578536987,
12,12,0.6248480677604675,0.603458046913147,0.021093953400850296,2.960754632949829,
12,13,0.7024356126785278,0.6929159164428711,0.009476280771195889,0.4341788589954376,
12,14,0.5914127230644226,0.5690361261367798,0.022066501900553703,3.101364850997925,
12,15,0.6274327635765076,0.6048858761787415,0.022158879786729813,3.8799924850463867,
12,16,0.4035237729549408,0.39199647307395935,0.011388086713850498,1.3920055627822876,
12,17,0.7306827306747437,0.7211170196533203,0.00952792540192604,0.37774381041526794,
12,18,1.101439118385315,1.0857264995574951,0.015618592500686646,0.9403826594352722,
12,19,1.0724965333938599,1.056910514831543,0.015492352657020092,0.9375191330909729,
12,20,0.41790634393692017,0.41110914945602417,0.00673086941242218,0.6632578372955322,
12,21,0.5552550554275513,0.5480384230613708,0.007187976501882076,0.2865968644618988,
12,22,0.7151443362236023,0.6797395348548889,0.03490884602069855,4.95954704284668,
12,23,1.0508451461791992,1.0368516445159912,0.01391640305519104,0.7716820240020752,
12,24,0.8567652702331543,0.845861554145813,0.01084629725664854,0.5737310647964478,
12,25,0.9740033149719238,0.9592099189758301,0.014661379158496857,1.3200005292892456,
12,26,0.7574291825294495,0.7487406730651855,0.008653691969811916,0.3477939963340759,
12,27,0.4059014618396759,0.3996315002441406,0.006209352053701878,0.6061291098594666,
12,28,0.9932423233985901,0.9796236157417297,0.013543311506509781,0.7542621493339539,
12,29,0.8372567892074585,0.8127856254577637,0.02385612018406391,6.150747299194336,
12,30,0.45859265327453613,0.44658124446868896,0.011886373162269592,1.2504758834838867,
12,31,0.5729369521141052,0.5532872080802917,0.019375808537006378,2.7392568588256836,
12,32,0.4145076274871826,0.4077308177947998,0.006715039256960154,0.6178808808326721,
12,33,0.620046079158783,0.5982056856155396,0.021481994539499283,3.584221363067627,
12,34,0.6127612590789795,0.5942450761795044,0.018301326781511307,2.1485958099365234,
12,35,0.8058887124061584,0.794924259185791,0.010901623405516148,0.6282013654708862,
12,36,0.4871424734592438,0.4745563268661499,0.012439623475074768,1.4655030965805054,
12,37,0.8285311460494995,0.8178117871284485,0.010639259591698647,0.8013399839401245,
12,38,0.7975053787231445,0.7876605987548828,0.009790127165615559,0.5466769933700562,
12,39,0.6677678227424622,0.631758987903595,0.03545089066028595,5.579545497894287,
12,40,0.9788530468940735,0.9657608866691589,0.013021224178373814,0.7095727920532227,
12,41,1.2224231958389282,1.2041118144989014,0.018174203112721443,1.3718153238296509,
12,42,0.5268959403038025,0.5125040411949158,0.01420386228710413,1.8803106546401978,
12,43,0.7731112837791443,0.7638047337532043,0.009265818633139133,0.40696609020233154,
12,44,0.8339288830757141,0.8242418766021729,0.009573368355631828,1.136634349822998,
12,45,0.7673942446708679,0.7577610015869141,0.00957952905446291,0.5367772579193115,
12,46,0.967398464679718,0.9544926881790161,0.012836736626923084,0.6900163888931274,
12,47,0.5722744464874268,0.564803957939148,0.007440931163728237,0.2955334186553955,
12,48,0.7928671836853027,0.7818319201469421,0.010986622422933578,0.4862746596336365,
12,49,0.5636348128318787,0.5560900568962097,0.007514827884733677,0.2991437613964081,
12,50,1.050966501235962,1.0366344451904297,0.014262194745242596,0.6991579532623291,
12,51,0.7653047442436218,0.7555766105651855,0.009688790887594223,0.39310771226882935,
12,52,1.157125473022461,1.1414282321929932,0.015597954392433167,0.9929162263870239,
12,53,0.7016503214836121,0.6928615570068359,0.008751893416047096,0.3688128888607025,
12,54,0.7395386695861816,0.7151995897293091,0.02374972403049469,5.893513202667236,
12,55,0.7856656312942505,0.7756195068359375,0.009992456994950771,0.5361652374267578,
12,56,0.5391242504119873,0.5325385332107544,0.006562052294611931,0.2365998923778534,
12,57,0.3694370687007904,0.3624800443649292,0.006892365403473377,0.6467591524124146,
12,58,0.5067950487136841,0.4936679005622864,0.01296078972518444,1.6638082265853882,
12,59,0.7811115384101868,0.7716035842895508,0.009459959343075752,0.47954434156417847,
12,60,0.48466506600379944,0.47635704278945923,0.008220825344324112,0.8721286654472351,
12,61,0.6267134547233582,0.6068443655967712,0.019482385367155075,3.8668859004974365,
12,62,0.5824832916259766,0.5633310675621033,0.01886657252907753,2.8563644886016846,
12,63,0.8370918035507202,0.8261615633964539,0.010853951796889305,0.7630622386932373,
12,64,0.40274539589881897,0.39500972628593445,0.007653099484741688,0.8256811499595642,
12,65,0.4909493625164032,0.47374874353408813,0.01691906899213791,2.81546950340271,
12,66,0.7249082326889038,0.6919316053390503,0.032522886991500854,4.537228584289551,
12,67,1.073541522026062,1.0574026107788086,0.01603756472468376,1.0131436586380005,
12,68,0.5113198757171631,0.49567800760269165,0.015443393960595131,1.9850447177886963,
12,69,0.937402069568634,0.9235203266143799,0.013764445669949055,1.1728782653808594,
12,70,0.9340018630027771,0.9093238115310669,0.02428535372018814,3.9268858432769775,
12,71,0.39714035391807556,0.3882875442504883,0.008763305842876434,0.8950198888778687,
12,72,0.47096872329711914,0.460620641708374,0.010229852050542831,1.1823676824569702,
12,73,0.3958599269390106,0.3854140639305115,0.010314228013157845,1.3165115118026733,
12,74,0.6672717928886414,0.6587054133415222,0.008521538227796555,0.44835180044174194,
12,75,0.5548069477081299,0.5478643774986267,0.006916403770446777,0.2616620361804962,
12,76,1.0811489820480347,1.067988634109497,0.013091744855046272,0.6858003735542297,
12,77,0.8095830678939819,0.772727370262146,0.036260176450014114,5.955376148223877,
12,78,0.8754638433456421,0.8627207279205322,0.012604855932295322,1.3829373121261597,
12,79,0.7272836565971375,0.6918306350708008,0.034959495067596436,4.935262203216553,
12,80,0.48991113901138306,0.4730967879295349,0.016544252634048462,2.700927734375,
12,81,1.1325448751449585,1.1147390604019165,0.0176115483045578,1.942862629890442,
12,82,0.9271538853645325,0.8823102712631226,0.043964922428131104,8.786872863769531,
12,83,1.144760251045227,1.127981185913086,0.01666666753590107,1.124706745147705,
12,84,0.565829336643219,0.5584802031517029,0.0073207467794418335,0.28342577815055847,
12,85,0.8248380422592163,0.8127039670944214,0.012056160718202591,0.7790337800979614,
12,86,0.6189597249031067,0.6106728315353394,0.008256698027253151,0.30237990617752075,
12,87,0.4830482304096222,0.47153347730636597,0.01137689407914877,1.378631830215454,
12,88,1.1617884635925293,1.1405510902404785,0.02100159041583538,2.3577096462249756,
12,89,0.3873332440853119,0.3795053958892822,0.007754147984087467,0.7371326088905334,
12,90,0.6727219820022583,0.6453872919082642,0.026867639273405075,4.670385360717773,
12,91,0.6865902543067932,0.6575166583061218,0.028635405004024506,4.382424354553223,
12,92,0.8163069486618042,0.7765838503837585,0.039114393293857574,6.086982250213623,
12,93,0.6413368582725525,0.6142964363098145,0.026640815660357475,3.995685338973999,
12,94,1.1692594289779663,1.1543123722076416,0.014849264174699783,0.9774827361106873,
12,95,0.8736487030982971,0.8636651039123535,0.009923409670591354,0.6019977331161499,
12,96,0.9027193784713745,0.893255352973938,0.009418988600373268,0.4506690502166748,
12,97,0.8810625076293945,0.8710594177246094,0.009934558533132076,0.6853958964347839,
12,98,0.5365656018257141,0.524614691734314,0.011785808950662613,1.650907039642334,
12,99,0.9587442278862,0.947429358959198,0.011251715943217278,0.6318904757499695,
12,100,1.1842408180236816,1.1684048175811768,0.01571912318468094,1.1685248613357544,
13,1,0.37075743079185486,0.36439645290374756,0.006302589550614357,0.5839624404907227,
13,2,1.1587069034576416,1.1432387828826904,0.015368904918432236,0.9917977452278137,
13,3,0.46442893147468567,0.45316699147224426,0.011134780943393707,1.2716695070266724,
13,4,0.8841843605041504,0.8733456134796143,0.010789396241307259,0.493598610162735,
13,5,0.7701007127761841,0.7394537925720215,0.030159369111061096,4.875859260559082,
13,6,0.3654811978340149,0.3595282733440399,0.005905895493924618,0.47040045261383057,
13,7,1.0345028638839722,1.0177497863769531,0.016609929502010345,1.4311211109161377,
13,8,0.8778827786445618,0.8670297265052795,0.010789301246404648,0.6375659108161926,
13,9,1.0691899061203003,1.055179476737976,0.013936693780124187,0.7379696369171143,
13,10,0.7321581840515137,0.7242262363433838,0.007899966090917587,0.32013946771621704,
13,11,0.5068049430847168,0.49444764852523804,0.012205585837364197,1.516800880432129,
13,12,0.8885781764984131,0.8785380125045776,0.009977772831916809,0.6240260004997253,
13,13,0.6628286838531494,0.6397376656532288,0.022687118500471115,4.038578987121582,
13,14,1.1485295295715332,1.1351072788238525,0.013336824253201485,0.8550487756729126,
13,15,0.39467230439186096,0.3884454369544983,0.006164346821606159,0.6252002120018005,
13,16,0.3988644778728485,0.393024742603302,0.005786478519439697,0.5326550602912903,
13,17,0.5951075553894043,0.5784047245979309,0.016468219459056854,2.3459980487823486,
13,18,0.6356915235519409,0.6168238520622253,0.018555236980319023,3.124556541442871,
13,19,0.45946335792541504,0.4484769105911255,0.010868326760828495,1.1811292171478271,
13,20,0.4064446687698364,0.3975977897644043,0.008746840059757233,1.0004867315292358,
13,21,0.47648006677627563,0.46707814931869507,0.009286951273679733,1.1498304605484009,
13,22,0.5973867774009705,0.5808818340301514,0.016330786049365997,1.741464376449585,
13,23,0.9411371946334839,0.929578423500061,0.011498715728521347,0.6008433103561401,
13,24,1.1731444597244263,1.156947135925293,0.016067080199718475,1.3023664951324463,
13,25,0.6524821519851685,0.6449110507965088,0.0075396886095404625,0.3143467605113983,
13,26,0.9154426455497742,0.904579758644104,0.010797088965773582,0.6582137942314148,
13,27,1.0014883279800415,0.9422726631164551,0.058173101395368576,10.426200866699219,
13,28,0.39397960901260376,0.38749414682388306,0.00642465241253376,0.6081146001815796,
13,29,0.3577272295951843,0.3507124185562134,0.006951847113668919,0.6297548413276672,
13,30,0.8034655451774597,0.7701249718666077,0.03275526314973831,5.852993965148926,
13,31,0.5801237225532532,0.556223452091217,0.023497484624385834,4.027863025665283,
13,32,1.0854744911193848,1.072790503501892,0.012615577317774296,0.6847696900367737,
13,33,0.5614553093910217,0.5470601916313171,0.014232702553272247,1.6244100332260132,
13,34,0.4433102607727051,0.43567243218421936,0.007563021499663591,0.7481191754341125,
13,35,0.4048144221305847,0.3984608054161072,0.006296100094914436,0.5752565860748291,
13,36,1.139029860496521,1.1236873865127563,0.015233107842504978,1.0928086042404175,
13,37,0.37931618094444275,0.3717999756336212,0.007443677634000778,0.7255328297615051,
13,38,0.7600808143615723,0.7277116179466248,0.0318722203373909,4.970067977905273,
13,39,0.6266428828239441,0.6017855405807495,0.024489011615514755,3.683643341064453,
13,40,0.38305655121803284,0.3764207363128662,0.006587179843336344,0.48628440499305725,
13,41,0.8842892646789551,0.8729192018508911,0.011318590492010117,0.5148834586143494,
13,42,0.5712590217590332,0.5531639456748962,0.017840050160884857,2.5504162311553955,
13,43,0.5416213870048523,0.5224692821502686,0.018826888874173164,3.2518835067749023,
13,44,0.48105594515800476,0.4716770350933075,0.009278853423893452,1.0004703998565674,
13,45,0.4256970286369324,0.41785305738449097,0.0077739292755723,0.7004626393318176,
13,46,0.48636332154273987,0.4686221480369568,0.01746775209903717,2.7344934940338135,
13,47,0.6211063265800476,0.6010218858718872,0.019794629886746407,2.898068428039551,
13,48,0.5765746235847473,0.5582006573677063,0.018170129507780075,2.038703441619873,
13,49,0.9681417346000671,0.9552505016326904,0.012817680835723877,0.7355568408966064,
13,50,1.1850861310958862,1.167586326599121,0.017362982034683228,1.3684290647506714,
13,51,0.8893571496009827,0.8773685693740845,0.0119317676872015,0.5680875182151794,
13,52,0.789561927318573,0.7780836820602417,0.01140232291072607,0.7594329714775085,
13,53,0.5929804444313049,0.5680155158042908,0.024507755413651466,4.571715831756592,
13,54,0.5717381834983826,0.5491710901260376,0.022195857018232346,3.7123615741729736,
13,55,1.4313243627548218,1.4116475582122803,0.019518645480275154,1.5817475318908691,
13,56,0.7482991218566895,0.7252963781356812,0.022700773552060127,3.019665002822876,
13,57,0.6837942600250244,0.6505604386329651,0.03276544809341431,4.683576583862305,
13,58,0.5587771534919739,0.5513105988502502,0.007437771651893854,0.2876349091529846,
13,59,1.0166782140731812,1.0030713081359863,0.013535600155591965,0.7123833894729614,
13,60,0.8166802525520325,0.8062280416488647,0.0103983199223876,0.5386936664581299,
13,61,0.9247692823410034,0.9128967523574829,0.011811389587819576,0.6115108728408813,
13,62,0.6213656663894653,0.5982792377471924,0.022667769342660904,4.18651008605957,
13,63,0.5996344089508057,0.5772218704223633,0.02202289178967476,3.896435499191284,
13,64,0.40507861971855164,0.3944971561431885,0.010442657396197319,1.3883377313613892,
13,65,0.37788185477256775,0.3711393475532532,0.006690869573503733,0.5164729952812195,
13,66,0.5624601244926453,0.543837308883667,0.018351519480347633,2.7132041454315186,
13,67,0.7276762127876282,0.6993154287338257,0.027845242992043495,5.155058860778809,
13,68,0.5842292308807373,0.5615224838256836,0.02236459217965603,3.4211175441741943,
13,69,0.9692595601081848,0.9288718700408936,0.03960388898849487,7.837810516357422,
13,70,1.0571849346160889,1.0438874959945679,0.013227111659944057,0.7034238576889038,
13,71,1.9660696983337402,1.9233559370040894,0.042050786316394806,6.629496097564697,
13,72,1.133802890777588,1.1002073287963867,0.03303930535912514,5.5625433921813965,
13,73,0.45730435848236084,0.4442335069179535,0.01288728229701519,1.8356825113296509,
13,74,0.5868963599205017,0.5624438524246216,0.024047506973147392,4.050407409667969,
13,75,0.6222779154777527,0.6142719388008118,0.007975557819008827,0.3039071559906006,
13,76,1.048612356185913,1.0334577560424805,0.015064869076013565,0.8972180485725403,
13,77,0.7087507247924805,0.6776080131530762,0.030702054500579834,4.406343460083008,
13,78,0.787142276763916,0.7771572470664978,0.009928468614816666,0.565659761428833,
13,79,0.8694167733192444,0.857323169708252,0.01201079785823822,0.8281343579292297,
13,80,1.2955467700958252,1.2786812782287598,0.016703957691788673,1.6147595643997192,
13,81,0.7668383121490479,0.7573690414428711,0.009411260485649109,0.5799654722213745,
13,82,0.970427393913269,0.9554877281188965,0.014854304492473602,0.8536624908447266,
13,83,0.3710952699184418,0.3647155463695526,0.0063321348279714584,0.4758926331996918,
13,84,0.39910271763801575,0.3921760022640228,0.0068571860902011395,0.6953446269035339,
13,85,0.3721350133419037,0.3637877106666565,0.008262012153863907,0.8529682755470276,
13,86,0.5588756799697876,0.5422013401985168,0.016495157033205032,1.7914291620254517,
13,87,0.4146598279476166,0.4071548879146576,0.0074349986389279366,0.6995994448661804,
13,88,0.609195351600647,0.5835914611816406,0.025143418461084366,4.604672908782959,
13,89,0.9613109230995178,0.914096474647522,0.046254027634859085,9.604275703430176,
13,90,0.5800484418869019,0.5605536699295044,0.019261391833424568,2.3332386016845703,
13,91,0.7430320382118225,0.7331404089927673,0.009850671514868736,0.40967413783073425,
13,92,0.48817023634910583,0.46938472986221313,0.018473513424396515,3.120089292526245,
13,93,0.7013438940048218,0.6928274631500244,0.008474666625261307,0.4180239737033844,
13,94,0.5949375033378601,0.5729539394378662,0.021707916632294655,2.756535053253174,
13,95,0.520717978477478,0.5140265226364136,0.006667270325124264,0.24219802021980286,
13,96,0.45451927185058594,0.4417881369590759,0.012544256635010242,1.8690017461776733,
13,97,0.4292593002319336,0.4219977855682373,0.007186452858150005,0.7506698369979858,
13,98,0.5732571482658386,0.5500960350036621,0.022781437262892723,3.796626091003418,
13,99,0.5475602746009827,0.5279155969619751,0.019411234185099602,2.3346545696258545,
13,100,1.0889570713043213,1.0688624382019043,0.019912557676434517,1.8206270933151245,
14,1,1.1394541263580322,1.118167757987976,0.021149892359972,1.3652702569961548,
14,2,0.7010965943336487,0.6916013956069946,0.009444900788366795,0.503092885017395,
14,3,0.6341748833656311,0.6075098514556885,0.02630685456097126,3.5813746452331543,
14,4,0.4643540382385254,0.4503536820411682,0.013841880485415459,1.5848957300186157,
14,5,1.1445094347000122,1.1236157417297363,0.02075991965830326,1.3372375965118408,
14,6,0.8071821331977844,0.7597044706344604,0.04661494120955467,8.62736701965332,
14,7,0.5975751876831055,0.5741393566131592,0.02306993678212166,3.6590354442596436,
14,8,0.7196084260940552,0.7104222774505615,0.009138872846961021,0.47238659858703613,
14,9,0.4593774378299713,0.44793832302093506,0.011269108392298222,1.7000099420547485,
14,10,0.8991268873214722,0.8866000175476074,0.012459583580493927,0.6730971932411194,
14,11,0.8566262722015381,0.8462388515472412,0.010335145518183708,0.5228181481361389,
14,12,0.7310121655464172,0.7219659090042114,0.008989442139863968,0.5679224729537964,
14,13,0.5925067663192749,0.5682564973831177,0.023824334144592285,4.259385108947754,
14,14,0.3790885806083679,0.3730361759662628,0.006006765644997358,0.45635759830474854,
14,15,0.6954913139343262,0.6681107878684998,0.026711750775575638,6.6875386238098145,
14,16,0.8847621083259583,0.8734557032585144,0.011247839778661728,0.5859888792037964,
14,17,0.711033821105957,0.6722346544265747,0.03825337812304497,5.458010196685791,
14,18,0.6062635779380798,0.5841232538223267,0.021865788847208023,2.745480537414551,
14,19,0.7642940878868103,0.7253124713897705,0.03839055821299553,5.910614490509033,
14,20,0.5273611545562744,0.5148002505302429,0.012391106225550175,1.698348879814148,
14,21,0.711428701877594,0.6748673319816589,0.03606085479259491,5.005005836486816,
14,22,0.5341654419898987,0.513459324836731,0.020374786108732224,3.313697338104248,
14,23,1.1730926036834717,1.1558988094329834,0.017083223909139633,1.1058226823806763,
14,24,0.5349929928779602,0.5282464027404785,0.006723278202116489,0.2328731119632721,
14,25,0.5567923188209534,0.5431460738182068,0.013477040454745293,1.6922900676727295,
14,26,0.474673330783844,0.46182167530059814,0.012686013244092464,1.6565269231796265,
14,27,1.1695711612701416,1.152465581893921,0.01699947565793991,1.0611417293548584,
14,28,1.1522175073623657,1.1351929903030396,0.016880899667739868,1.4363569021224976,
14,29,0.530510425567627,0.5239793062210083,0.0065075731836259365,0.23556609451770782,
14,30,1.047446846961975,1.0324044227600098,0.014944903552532196,0.9747255444526672,
14,31,0.6948053240776062,0.6861791610717773,0.008581358939409256,0.4483884274959564,
14,32,1.166205883026123,1.1477916240692139,0.018222512677311897,1.916666030883789,
14,33,0.8942031860351562,0.8827072381973267,0.011436169035732746,0.5981299877166748,
14,34,0.6224057078361511,0.5963505506515503,0.025642037391662598,4.1309590339660645,
14,35,0.811491847038269,0.801559329032898,0.009878454729914665,0.5403403639793396,
14,36,0.5052329301834106,0.4911050498485565,0.01393871195614338,1.8916348218917847,
14,37,0.4813918471336365,0.4678865671157837,0.013359574601054192,1.456904411315918,
14,38,0.9446289539337158,0.9306536912918091,0.013864768669009209,1.1048355102539062,
14,39,0.9694628119468689,0.9572552442550659,0.01211732067167759,0.9025173187255859,
14,40,1.1465846300125122,1.1311800479888916,0.015298875980079174,1.0571322441101074,
14,41,0.719969630241394,0.6874334812164307,0.03211177885532379,4.243570804595947,
14,42,0.6192018389701843,0.6013815402984619,0.01763368397951126,1.8663346767425537,
14,43,0.47311049699783325,0.4605460464954376,0.012395516037940979,1.6891599893569946,
14,44,0.7451109290122986,0.7096074819564819,0.03503521531820297,4.682331085205078,
14,45,0.36249402165412903,0.35520702600479126,0.007216772064566612,0.7022549510002136,
14,46,1.4344624280929565,1.3486504554748535,0.08356982469558716,22.422094345092773,
14,47,1.197105050086975,1.1784675121307373,0.018521906808018684,1.1561142206192017,
14,48,0.9752554893493652,0.9597721099853516,0.015400971285998821,0.824290931224823,
14,49,0.7649514675140381,0.7207140922546387,0.04338986426591873,8.475434303283691,
14,50,0.6978199481964111,0.6872881650924683,0.01047266274690628,0.591454267501831,
14,51,0.8053494095802307,0.7601940035820007,0.044453881680965424,7.015191078186035,
14,52,0.48203542828559875,0.46826499700546265,0.013612758368253708,1.5768728256225586,
14,53,1.1809226274490356,1.1605403423309326,0.020236685872077942,1.4559333324432373,
14,54,0.4405861496925354,0.42823326587677,0.012216726318001747,1.3616822957992554,
14,55,0.8253431916236877,0.7952449321746826,0.02931367978453636,7.845831871032715,
14,56,0.48601239919662476,0.4714629650115967,0.014346592128276825,2.028428316116333,
14,57,0.7201290130615234,0.7104906439781189,0.009578037075698376,0.6033388376235962,
14,58,1.084107756614685,1.0656511783599854,0.01832577958703041,1.307530403137207,
14,59,0.9715820550918579,0.9561793804168701,0.01528913527727127,1.1353455781936646,
14,60,0.8105311393737793,0.7986141443252563,0.011823795735836029,0.9322648048400879,
14,61,0.9706770181655884,0.896021842956543,0.07291863858699799,17.365272521972656,
14,62,0.7799363732337952,0.7699083685874939,0.009985504671931267,0.42496323585510254,
14,63,0.5766893625259399,0.557722806930542,0.018684452399611473,2.820892810821533,
14,64,0.7606143355369568,0.7373950481414795,0.02290843427181244,3.108365535736084,
14,65,0.5801665782928467,0.5722776651382446,0.007855513133108616,0.33374685049057007,
14,66,0.5535290241241455,0.5331697463989258,0.020120885223150253,2.3842203617095947,
14,67,0.8679797649383545,0.8517297506332397,0.01613839715719223,1.1166443824768066,
14,68,0.6020504236221313,0.5948184728622437,0.007207090500742197,0.24864940345287323,
14,69,1.01357901096344,1.0000921487808228,0.013396728783845901,0.9015153050422668,
14,70,1.1959527730941772,1.1790869235992432,0.01675662398338318,1.0925190448760986,
14,71,0.9557450413703918,0.9430309534072876,0.012642526999115944,0.7161357402801514,
14,72,0.5121783018112183,0.497117817401886,0.014861415140330791,1.9908170700073242,
14,73,0.6640838384628296,0.6264639496803284,0.03696452081203461,6.553600311279297,
14,74,0.3915565311908722,0.3847231864929199,0.006769160740077496,0.641808032989502,
14,75,0.7076504826545715,0.6777700185775757,0.02935330756008625,5.271642208099365,
14,76,0.9266659617424011,0.8927987813949585,0.033415019512176514,4.521729946136475,
14,77,0.5741984844207764,0.5539236068725586,0.01997906155884266,2.958357334136963,
14,78,0.7057387828826904,0.697371244430542,0.008321421220898628,0.4615526795387268,
14,79,1.3388291597366333,1.318503499031067,0.020187271758913994,1.3838624954223633,
14,80,0.6147905588150024,0.6077054738998413,0.007059437222778797,0.2563458979129791,
14,81,0.8549137711524963,0.8447204828262329,0.010141093283891678,0.5219993591308594,
14,82,0.6470192670822144,0.621493935585022,0.025140702724456787,3.8460092544555664,
14,83,0.7950108051300049,0.7849549055099487,0.010010125115513802,0.4575067460536957,
14,84,1.0801700353622437,1.0664522647857666,0.01364881917834282,0.6886672377586365,
14,85,0.9477513432502747,0.934860110282898,0.012811679393053055,0.7955172061920166,
14,86,0.5060377717018127,0.4918877184391022,0.013960697688162327,1.893620252609253,
14,87,0.8541919589042664,0.8435673713684082,0.010569540783762932,0.5508930087089539,
14,88,0.6410940289497375,0.6146492958068848,0.02606959268450737,3.7514374256134033,
14,89,0.5707869529724121,0.5651039481163025,0.005660771392285824,0.2224951535463333,
14,90,1.1750640869140625,1.159813404083252,0.015150850638747215,0.997637927532196,
14,91,0.3785451054573059,0.3715185523033142,0.0069551849737763405,0.7136870622634888,
14,92,1.1674723625183105,1.1463677883148193,0.02098580077290535,1.1876530647277832,
14,93,0.8842522501945496,0.8743178248405457,0.00987163931131363,0.6276233196258545,
14,94,0.37848183512687683,0.37222450971603394,0.006198287010192871,0.5903817415237427,
14,95,0.8839108943939209,0.87362140417099,0.010222246870398521,0.6725532412528992,
14,96,0.731927216053009,0.7020566463470459,0.029344692826271057,5.259162425994873,
14,97,0.456210732460022,0.44469767808914185,0.011345436796545982,1.6761516332626343,
14,98,0.5887451767921448,0.5712906122207642,0.01726260408759117,1.9196877479553223,
14,99,1.1903705596923828,1.172318696975708,0.017903996631503105,1.4778729677200317,
14,100,0.9475169777870178,0.9347411394119263,0.012670895084738731,1.0499069690704346,
15,1,1.0753651857376099,1.0605485439300537,0.01470310427248478,1.134759545326233,
15,2,1.1355037689208984,1.1192306280136108,0.01615513116121292,1.1796748638153076,
15,3,0.3818211257457733,0.37517255544662476,0.006586977280676365,0.6159457564353943,
15,4,0.3697194755077362,0.3639780282974243,0.005700230598449707,0.4120788276195526,
15,5,1.0735654830932617,1.0594639778137207,0.014024123549461365,0.7731472253799438,
15,6,0.6723472476005554,0.6649942398071289,0.0073199644684791565,0.3299231231212616,
15,7,0.7772148251533508,0.7676008939743042,0.009552815929055214,0.610978901386261,
15,8,0.9279342889785767,0.9152557849884033,0.0125791747123003,0.9929168224334717,
15,9,0.6353583931922913,0.6109166145324707,0.02410093881189823,3.40830659866333,
15,10,0.6314699053764343,0.6118721961975098,0.019307272508740425,2.9044086933135986,
15,11,0.7924243807792664,0.7837681770324707,0.00860586017370224,0.5037124752998352,
15,12,0.8358667492866516,0.8032734394073486,0.032073259353637695,5.200411319732666,
15,13,0.6487370133399963,0.6252745985984802,0.02303043007850647,4.319726943969727,
15,14,0.5475195646286011,0.5332354307174683,0.014095079153776169,1.890372633934021,
15,15,0.6920393705368042,0.6849030256271362,0.007103726267814636,0.32609909772872925,
15,16,0.3916434943675995,0.3842795789241791,0.007283042185008526,0.8087841868400574,
15,17,0.568294107913971,0.5508915185928345,0.01716148480772972,2.4110467433929443,
15,18,0.5164430737495422,0.503551721572876,0.01271105743944645,1.8031319379806519,
15,19,0.7806227803230286,0.7705209255218506,0.010044769383966923,0.5707886815071106,
15,20,0.7218324542045593,0.7130299806594849,0.008753991685807705,0.48431259393692017,
15,21,0.4160113036632538,0.4092828631401062,0.006666232831776142,0.6219255328178406,
15,22,0.37498584389686584,0.36751633882522583,0.0073959422297775745,0.7356579303741455,
15,23,0.4671970009803772,0.4543910026550293,0.012614119797945023,1.9186149835586548,
15,24,0.5157350301742554,0.5005225539207458,0.01500025112181902,2.122596502304077,
15,25,0.4814358353614807,0.469130277633667,0.012132756412029266,1.7278810739517212,
15,26,0.37757113575935364,0.3699471652507782,0.007540101185441017,0.8386237621307373,
15,27,0.7019274830818176,0.6939051151275635,0.007984792813658714,0.37525075674057007,
15,28,0.5876675248146057,0.5625470876693726,0.024741899222135544,3.7854864597320557,
15,29,0.7170329093933105,0.7085344195365906,0.008464623242616653,0.3386431038379669,
15,30,0.61252361536026,0.5886983871459961,0.02341403067111969,4.111934185028076,
15,31,0.46476873755455017,0.4508582353591919,0.013714351691305637,1.961691975593567,
15,32,0.4923521876335144,0.4795604646205902,0.012585790827870369,2.059229612350464,
15,33,0.77326899766922,0.7284961342811584,0.044049520045518875,7.233776092529297,
15,34,0.500275731086731,0.48725128173828125,0.012769901193678379,2.5456655025482178,
15,35,0.5776711702346802,0.5557906627655029,0.02152038738131523,3.6015803813934326,
15,36,0.8966894149780273,0.8860154151916504,0.010615883395075798,0.5809876918792725,
15,37,1.1705012321472168,1.1537572145462036,0.016629911959171295,1.1413339376449585,
15,38,0.8564432859420776,0.8445092439651489,0.011855227872729301,0.7880454659461975,
15,39,0.9235455989837646,0.9115585684776306,0.011927518993616104,0.594609260559082,
15,40,0.375596821308136,0.36725011467933655,0.00826314277946949,0.8357295989990234,
15,41,0.4836188852787018,0.4691929221153259,0.014265242964029312,1.6073498725891113,
15,42,0.9761444926261902,0.9612209796905518,0.01481105387210846,1.124499797821045,
15,43,0.7369382381439209,0.7282513380050659,0.008648104965686798,0.38788995146751404,
15,44,0.4728451073169708,0.4623259902000427,0.01039893738925457,1.2018307447433472,
15,45,1.020492672920227,1.0070531368255615,0.013354750350117683,0.8473638296127319,
15,46,0.6098047494888306,0.5885911583900452,0.02094767987728119,2.6591989994049072,
15,47,0.651720404624939,0.644565224647522,0.007123865187168121,0.3128224015235901,
15,48,0.701654851436615,0.6936697363853455,0.007933289743959904,0.5180582404136658,
15,49,0.5786377787590027,0.5631117224693298,0.015357958152890205,1.6809242963790894,
15,50,0.9224317073822021,0.9090331792831421,0.013268162496387959,1.3033562898635864,
15,51,1.1868597269058228,1.171270489692688,0.015438809059560299,1.5040783882141113,
15,52,0.4187559187412262,0.41206398606300354,0.006623434368520975,0.6848761439323425,
15,53,0.5404855012893677,0.5341851711273193,0.006271477788686752,0.2886587679386139,
15,54,0.5942192077636719,0.571012556552887,0.022790662944316864,4.159672737121582,
15,55,0.6077513694763184,0.5858746767044067,0.021504346281290054,3.7237768173217773,
15,56,0.9158942699432373,0.8665155172348022,0.04847948998212814,8.99277400970459,
15,57,0.9390164613723755,0.9254774451255798,0.0134262815117836,1.1268548965454102,
15,58,0.759738564491272,0.7486056685447693,0.011067730374634266,0.6515021920204163,
15,59,0.6320189237594604,0.602541983127594,0.028920484706759453,5.564486980438232,
15,60,1.0533828735351562,1.0345412492752075,0.0186200849711895,2.215291976928711,
15,61,1.0346685647964478,1.0186866521835327,0.01589236408472061,0.8951464295387268,
15,62,0.6706550717353821,0.63516765832901,0.034993961453437805,4.9348907470703125,
15,63,0.44324588775634766,0.43260419368743896,0.01050867885351181,1.3300832509994507,
15,64,0.46652474999427795,0.45219260454177856,0.014129391871392727,2.0273561477661133,
15,65,0.855039656162262,0.844887375831604,0.010100407525897026,0.5184210538864136,
15,66,0.854895293712616,0.8436119556427002,0.011219274252653122,0.6408067941665649,
15,67,0.44735074043273926,0.43429020047187805,0.012848492711782455,2.1204323768615723,
15,68,0.6736382842063904,0.644253671169281,0.02897312492132187,4.11515998840332,
15,69,0.9994750022888184,0.9844682216644287,0.014887547120451927,1.1923539638519287,
15,70,0.6025652289390564,0.577090859413147,0.025070175528526306,4.041961669921875,
15,71,0.436172217130661,0.42886409163475037,0.007241448853164911,0.6667959690093994,
15,72,0.9277251362800598,0.9161579608917236,0.011504990048706532,0.6217046976089478,
15,73,1.2239068746566772,1.2055323123931885,0.018236622214317322,1.3796899318695068,
15,74,0.5627447962760925,0.5562379360198975,0.0064819250255823135,0.24891971051692963,
15,75,0.9277269244194031,0.9141068458557129,0.0135082071647048,1.1187078952789307,
15,76,0.6211105585098267,0.5998761653900146,0.020940883085131645,2.9350414276123047,
15,77,0.705138623714447,0.6708112359046936,0.033797502517700195,5.299124240875244,
15,78,0.7630302309989929,0.7543378472328186,0.00865735299885273,0.3506995737552643,
15,79,0.6332579255104065,0.6075975298881531,0.02527891844511032,3.814528226852417,
15,80,0.8115627765655518,0.8026507496833801,0.008868979290127754,0.4305560886859894,
15,81,0.3630724847316742,0.3575561046600342,0.005474693141877651,0.417064905166626,
15,82,0.9538654088973999,0.9421570301055908,0.011635652743279934,0.7274453043937683,
15,83,0.47535908222198486,0.46632081270217896,0.008925696834921837,1.1254863739013672,
15,84,0.6290292143821716,0.6089334487915039,0.01979875937104225,2.9698851108551025,
15,85,0.5650073885917664,0.5489873290061951,0.015840360894799232,1.7970802783966064,
15,86,0.5579361319541931,0.543136477470398,0.014612368308007717,1.8726001977920532,
15,87,0.7470229268074036,0.7389104962348938,0.008079150691628456,0.332658052444458,
15,88,0.557496964931488,0.5329116582870483,0.024158701300621033,4.265644550323486,
15,89,0.47952142357826233,0.4701300263404846,0.009291261434555054,1.0014821290969849,
15,90,0.5293369889259338,0.5103182792663574,0.018728679046034813,2.900352954864502,
15,91,0.413973331451416,0.40724819898605347,0.00665869377553463,0.6643106937408447,
15,92,1.2166836261749268,1.2042394876480103,0.01234601903706789,0.9812113642692566,
15,93,0.6305357813835144,0.6026411056518555,0.027442770078778267,4.519496917724609,
15,94,0.43705835938453674,0.4297463297843933,0.007241665385663509,0.7034901976585388,
15,95,0.5689203143119812,0.5501118898391724,0.018535710871219635,2.7268548011779785,
15,96,0.39202842116355896,0.38396477699279785,0.00797982420772314,0.838348388671875,
15,97,0.8893864154815674,0.8785027265548706,0.010831346735358238,0.523426353931427,
15,98,0.8043814301490784,0.7950639724731445,0.00927438773214817,0.4309377372264862,
15,99,1.2200071811676025,1.1993279457092285,0.020493779331445694,1.8543074131011963,
15,100,0.5352303981781006,0.5218666195869446,0.013179740868508816,1.8404395580291748,
16,1,0.7900637984275818,0.7807719707489014,0.009235545992851257,0.5628700852394104,
16,2,0.4161871075630188,0.4096614420413971,0.006463768891990185,0.6190703511238098,
16,3,0.6152560114860535,0.5935338735580444,0.021427543833851814,2.945441484451294,
16,4,0.6074990630149841,0.5809407830238342,0.026076629757881165,4.816712856292725,
16,5,0.8036679625511169,0.7929778099060059,0.010632052086293697,0.5808550119400024,
16,6,0.5051597356796265,0.48964041471481323,0.015307977795600891,2.1137099266052246,
16,7,1.0532488822937012,1.0371685028076172,0.015988072380423546,0.9225807785987854,
16,8,0.7016297578811646,0.6917508840560913,0.009813955053687096,0.6490209102630615,
16,9,1.0376191139221191,1.0198715925216675,0.017594171687960625,1.5330173969268799,
16,10,0.4831121563911438,0.47121739387512207,0.011750593781471252,1.4417258501052856,
16,11,0.5667332410812378,0.541730523109436,0.024627767503261566,3.749539375305176,
16,12,0.8257583975791931,0.8140795230865479,0.01158443745225668,0.9443477392196655,
16,13,0.47718921303749084,0.459348201751709,0.017558906227350235,2.821174144744873,
16,14,1.1023744344711304,1.0619196891784668,0.039445508271455765,10.092820167541504,
16,15,0.4891827404499054,0.47157394886016846,0.017321251332759857,2.8752307891845703,
16,16,1.0705629587173462,1.0571038722991943,0.013390046544373035,0.6898269653320312,
16,17,0.7694495320320129,0.7603604793548584,0.009035184979438782,0.538896381855011,
16,18,0.8679431080818176,0.8579022884368896,0.009986404329538345,0.5440270900726318,
16,19,0.4285889267921448,0.4217441976070404,0.006772002670913935,0.7272820472717285,
16,20,1.0773494243621826,1.060847282409668,0.01638517901301384,1.1696394681930542,
16,21,0.6002918481826782,0.574557900428772,0.025331657379865646,4.022818088531494,
16,22,1.11016845703125,1.0850510597229004,0.024535061791539192,5.822912693023682,
16,23,0.6288071870803833,0.5985208749771118,0.029828457161784172,4.579078674316406,
16,24,0.532208263874054,0.5255368947982788,0.006641562096774578,0.2978600263595581,
16,25,0.5859764218330383,0.5610054731369019,0.024606412276625633,3.64528489112854,
16,26,0.5740749835968018,0.5465831160545349,0.026971861720085144,5.1999616622924805,
16,27,0.717968225479126,0.6778680086135864,0.03956344723701477,5.368098735809326,
16,28,0.856086790561676,0.8430981040000916,0.012900998815894127,0.8766498565673828,
16,29,0.486685574054718,0.46724045276641846,0.019149594008922577,2.9552810192108154,
16,30,0.5394524335861206,0.5329722762107849,0.0064558908343315125,0.24248848855495453,
16,31,0.7626212239265442,0.7529628872871399,0.009621365927159786,0.36938220262527466,
16,32,1.1937792301177979,1.172926425933838,0.020668458193540573,1.842389464378357,
16,33,0.9638687968254089,0.9507958889007568,0.012997342273592949,0.7558554410934448,
16,34,0.4714058041572571,0.4620512127876282,0.009252337738871574,1.0225882530212402,
16,35,0.4125918447971344,0.4056553542613983,0.006867887452244759,0.6860798001289368,
16,36,0.6103553771972656,0.588183581829071,0.02178863063454628,3.8316519260406494,
16,37,0.9677711725234985,0.9544825553894043,0.013215776532888412,0.7281795144081116,
16,38,0.5681599378585815,0.547950029373169,0.019898394122719765,3.1149089336395264,
16,39,1.137959361076355,1.121637225151062,0.01620464399456978,1.1750423908233643,
16,40,0.41681957244873047,0.4090372920036316,0.007703329902142286,0.7895209789276123,
16,41,1.0950934886932373,1.0802961587905884,0.01470805425196886,0.8933755159378052,
16,42,0.4139837622642517,0.40649086236953735,0.00741733331233263,0.7556410431861877,
16,43,0.5957121849060059,0.568314790725708,0.026874972507357597,5.2246222496032715,
16,44,0.5651858448982239,0.5450632572174072,0.01983632706105709,2.862541437149048,
16,45,0.6269684433937073,0.6071071624755859,0.01944146491587162,4.197725772857666,
16,46,0.3710678517818451,0.3643079698085785,0.006709108129143715,0.5079007148742676,
16,47,0.4733549654483795,0.46310722827911377,0.010129300877451897,1.1844078302383423,
16,48,1.3736900091171265,1.2702219486236572,0.10067841410636902,27.89598846435547,
16,49,0.7325353622436523,0.7075245380401611,0.024486500769853592,5.243444919586182,
16,50,0.40328356623649597,0.3957170248031616,0.007489647716283798,0.7688353657722473,
16,51,1.0803762674331665,1.0657169818878174,0.014566588215529919,0.9278484582901001,
16,52,0.6502231359481812,0.6425356864929199,0.0076582832261919975,0.2913316786289215,
16,53,0.4830514192581177,0.4682037830352783,0.014606834389269352,2.4080703258514404,
16,54,1.243215560913086,1.220923900604248,0.022098295390605927,1.9337564706802368,
16,55,0.9037298560142517,0.890967607498169,0.01269938237965107,0.6290678381919861,
16,56,0.9937454462051392,0.9758619070053101,0.017737718299031258,1.4578745365142822,
16,57,0.7627671360969543,0.7528076171875,0.009917070157825947,0.42467689514160156,
16,58,1.1018445491790771,1.077770471572876,0.023845098912715912,2.2904891967773438,
16,59,0.3644976019859314,0.35763317346572876,0.0068132309243083,0.5120571255683899,
16,60,1.4446829557418823,1.4245491027832031,0.019982896745204926,1.5088011026382446,
16,61,0.7626683712005615,0.7123823165893555,0.0495837926864624,7.0225934982299805,
16,62,0.9274619221687317,0.914765477180481,0.012631809338927269,0.6458500027656555,
16,63,0.9148346185684204,0.9035317897796631,0.011243835091590881,0.5898026823997498,
16,64,0.8827342987060547,0.8702417612075806,0.01240343227982521,0.8912765383720398,
16,65,0.6267091035842896,0.60404372215271,0.02231864258646965,3.467463731765747,
16,66,1.0880006551742554,1.0752739906311035,0.012656627222895622,0.7012609839439392,
16,67,0.41828715801239014,0.41004595160484314,0.008160404860973358,0.8078152537345886,
16,68,1.0465691089630127,1.034742832183838,0.011761413887143135,0.6489670872688293,
16,69,0.5002210140228271,0.48920199275016785,0.010865778662264347,1.5325114727020264,
16,70,0.5892180800437927,0.5707203149795532,0.01822836324572563,2.6939857006073,
16,71,0.7605326175689697,0.7513415217399597,0.009136563166975975,0.5455422401428223,
16,72,0.4070146679878235,0.4006716310977936,0.006279328837990761,0.6372723579406738,
16,73,2.1498777866363525,2.129647731781006,0.02003679797053337,1.933188557624817,
16,74,1.0895706415176392,1.0745651721954346,0.01491029467433691,0.9508939385414124,
16,75,1.549311876296997,1.520106315612793,0.02878614515066147,4.194119930267334,
16,76,0.8691702485084534,0.854202389717102,0.014869660139083862,0.9816442728042603,
16,77,0.7387979626655579,0.7022727131843567,0.03605375066399574,4.714625358581543,
16,78,0.7552574872970581,0.7444425225257874,0.010774170979857445,0.40770792961120605,
16,79,0.7048222422599792,0.694085419178009,0.010681215673685074,0.5564016699790955,
16,80,0.4104209542274475,0.4015951156616211,0.008744852617383003,0.8098110556602478,
16,81,0.6630686521530151,0.6547709703445435,0.008260231465101242,0.3741830289363861,
16,82,0.5964651107788086,0.5693007707595825,0.02667529508471489,4.890312194824219,
16,83,0.6047571301460266,0.5862780213356018,0.01827801764011383,2.0112476348876953,
16,84,0.6983111500740051,0.6819742918014526,0.01615726947784424,1.7957359552383423,
16,85,1.0802503824234009,1.0656933784484863,0.014436272904276848,1.2073918581008911,
16,86,0.6408735513687134,0.6196531057357788,0.020930198952555656,2.902585744857788,
16,87,1.0938321352005005,1.078890323638916,0.014803506433963776,1.3827564716339111,
16,88,0.8789836168289185,0.864997148513794,0.013770665973424911,2.1582791805267334,
16,89,0.8107237815856934,0.7756032943725586,0.03463060408830643,4.898960590362549,
16,90,1.0873334407806396,1.0723278522491455,0.01488317921757698,1.2244986295700073,
16,91,0.7919641733169556,0.7609769701957703,0.030530821532011032,4.563753128051758,
16,92,0.816352128982544,0.7831876873970032,0.032688792794942856,4.756519317626953,
16,93,0.8797293901443481,0.8687057495117188,0.010965554974973202,0.5809820294380188,
16,94,0.9036403298377991,0.8927182555198669,0.010863156989216805,0.5887857675552368,
16,95,0.49755963683128357,0.4776708483695984,0.01959666982293129,2.921323776245117,
16,96,0.8907318115234375,0.8691685199737549,0.02125936560332775,3.0390801429748535,
16,97,0.406230628490448,0.39972931146621704,0.006435022223740816,0.6629520058631897,
16,98,0.7869589924812317,0.7751667499542236,0.011720973998308182,0.7131290435791016,
16,99,0.8777979016304016,0.8647918701171875,0.012920035049319267,0.8598839640617371,
16,100,0.8814393281936646,0.8640442490577698,0.01727134734392166,1.2376188039779663,
17,1,1.1153056621551514,1.0987977981567383,0.016414036974310875,0.9384188652038574,
17,2,0.3869461417198181,0.3815222382545471,0.0053814612329006195,0.4243030250072479,
17,3,0.36343616247177124,0.35803884267807007,0.005355664994567633,0.4167238771915436,
17,4,0.9333562254905701,0.921492338180542,0.011787323281168938,0.7656844854354858,
17,5,0.8130233883857727,0.8030977845191956,0.009870940819382668,0.5465781688690186,
17,6,1.1453008651733398,1.126711368560791,0.01847684569656849,1.1267091035842896,
17,7,0.5916669368743896,0.5721853971481323,0.01928277313709259,1.9880776405334473,
17,8,0.8984262943267822,0.8866598010063171,0.011680899187922478,0.8560273051261902,
17,9,1.010589838027954,0.9975055456161499,0.01299681793898344,0.8745423555374146,
17,10,0.40680524706840515,0.40080344676971436,0.005940329283475876,0.6148703694343567,
17,11,0.653014600276947,0.6233375072479248,0.029260458424687386,4.166423797607422,
17,12,0.711274266242981,0.6830180287361145,0.027726102620363235,5.301212787628174,
17,13,0.9036738872528076,0.8659714460372925,0.037151485681533813,5.510007381439209,
17,14,0.6882243156433105,0.6551592946052551,0.03242979198694229,6.352067947387695,
17,15,1.180659294128418,1.1597414016723633,0.02073007822036743,1.8789658546447754,
17,16,1.0031403303146362,0.990243673324585,0.01282387226819992,0.7280470728874207,
17,17,0.5247364044189453,0.511040210723877,0.013524677604436874,1.7152525186538696,
17,18,0.5731140375137329,0.5668623447418213,0.006214936263859272,0.36773571372032166,
17,19,0.7920896410942078,0.7466863393783569,0.044685713946819305,7.175671100616455,
17,20,1.0098826885223389,0.9978437423706055,0.011952200904488564,0.8679438829421997,
17,21,0.49778908491134644,0.48684561252593994,0.010818617418408394,1.2482727766036987,
17,22,0.8443563580513,0.8370156288146973,0.0073013706132769585,0.3932645916938782,
17,23,0.48259687423706055,0.4749910533428192,0.007522794418036938,0.8301647305488586,
17,24,1.1372783184051514,1.1253700256347656,0.011835897341370583,0.7230997681617737,
17,25,0.4989109933376312,0.48853233456611633,0.010226359590888023,1.5228660106658936,
17,26,1.1692405939102173,1.15548574924469,0.013652215711772442,1.0265696048736572,
17,27,0.7807536721229553,0.7716403007507324,0.009055678732693195,0.5771569609642029,
17,28,1.2538954019546509,1.2377283573150635,0.01604989916086197,1.17172372341156,
17,29,0.5998374819755554,0.5936467051506042,0.006167334504425526,0.23406383395195007,
17,30,0.6284918189048767,0.612133264541626,0.016146361827850342,2.122093439102173,
17,31,1.5700373649597168,1.5248018503189087,0.04427293688058853,9.626577377319336,
17,32,0.6081094741821289,0.5868287086486816,0.02095072716474533,3.3001937866210938,
17,33,0.4265628755092621,0.41916853189468384,0.0073243179358541965,0.7002888917922974,
17,34,0.6765044927597046,0.6551419496536255,0.021027112379670143,3.3544280529022217,
17,35,0.4784150719642639,0.46497246623039246,0.013287534937262535,1.5507090091705322,
17,36,0.738307774066925,0.7309719920158386,0.007298238109797239,0.37523776292800903,
17,37,1.2977992296218872,1.2798705101013184,0.017774704843759537,1.5398497581481934,
17,38,1.1057078838348389,1.0877912044525146,0.01774422451853752,1.7244937419891357,
17,39,0.8203897476196289,0.810737133026123,0.00958630908280611,0.6627421975135803,
17,40,0.8330665826797485,0.822786808013916,0.010204583406448364,0.7521881461143494,
17,41,0.8729673624038696,0.8622778654098511,0.010633676312863827,0.5587738752365112,
17,42,0.7339259386062622,0.7266414165496826,0.007248435635119677,0.36067867279052734,
17,43,1.107023000717163,1.0598937273025513,0.045851122587919235,12.781119346618652,
17,44,0.9965988993644714,0.9818323850631714,0.014663091860711575,1.03392493724823,
17,45,0.4832412898540497,0.4697731137275696,0.01331319846212864,1.54957914352417,
17,46,1.0707488059997559,1.0572623014450073,0.013413992710411549,0.7247762680053711,
17,47,1.1796047687530518,1.1586408615112305,0.02078869380056858,1.7525252103805542,
17,48,0.6418029069900513,0.6117295026779175,0.029430203139781952,6.432130813598633,
17,49,0.8918749094009399,0.8745478391647339,0.01707211323082447,2.5495688915252686,
17,50,0.4967505633831024,0.4838285446166992,0.012713421136140823,2.0859673023223877,
17,51,1.0537004470825195,1.0384292602539062,0.015181289054453373,0.8984252214431763,
17,52,0.701262891292572,0.6935484409332275,0.0076802317053079605,0.3422912061214447,
17,53,0.8399792313575745,0.8280633091926575,0.011829178780317307,0.8670712113380432,
17,54,1.127852439880371,1.1082141399383545,0.0194244422018528,2.1388370990753174,
17,55,0.5923644304275513,0.5734651684761047,0.018692221492528915,2.0707318782806396,
17,56,0.4842996895313263,0.4710240960121155,0.01306244172155857,2.131391763687134,
17,57,0.8577610850334167,0.8479544520378113,0.009753383696079254,0.5320563912391663,
17,58,0.562432050704956,0.5566868782043457,0.005721991881728172,0.23205609619617462,
17,59,0.925440788269043,0.9109593629837036,0.014329217374324799,1.5220074653625488,
17,60,0.8242837190628052,0.814496636390686,0.00970896240323782,0.7815867066383362,
17,61,0.6274513602256775,0.6037818193435669,0.02330164983868599,3.678734540939331,
17,62,0.8860890865325928,0.8756332397460938,0.010381082072854042,0.7473921179771423,
17,63,0.6197123527526855,0.5925783514976501,0.02671186253428459,4.221246242523193,
17,64,0.49825453758239746,0.4866189956665039,0.01148073561489582,1.5479512214660645,
17,65,0.48738372325897217,0.4695187211036682,0.0175619013607502,3.030937433242798,
17,66,1.0605138540267944,1.047811508178711,0.012638002634048462,0.6432845592498779,
17,67,1.0474202632904053,1.0346038341522217,0.012743450701236725,0.7293325662612915,
17,68,0.6263512969017029,0.5961477756500244,0.029697148129343987,5.063901901245117,
17,69,0.7246624827384949,0.7174074649810791,0.0072269560769200325,0.2805061638355255,
17,70,0.7337148785591125,0.7266831994056702,0.0070013501681387424,0.3036492168903351,
17,71,0.5265966057777405,0.5106544494628906,0.015718314796686172,2.2382400035858154,
17,72,0.7900527715682983,0.782058596611023,0.007954325526952744,0.3985259234905243,
17,73,0.8360800743103027,0.8280614614486694,0.007983291521668434,0.3535163700580597,
17,74,1.0667003393173218,1.0533089637756348,0.01330598071217537,0.8538400530815125,
17,75,0.6050664782524109,0.5849153399467468,0.0199289470911026,2.2217891216278076,
17,76,0.9801135659217834,0.9432594776153564,0.03629637137055397,5.577463150024414,
17,77,0.7414045929908752,0.7337892055511475,0.007586728781461716,0.2865740656852722,
17,78,0.7932978272438049,0.7507824897766113,0.04173300787806511,7.823312282562256,
17,79,0.7819572687149048,0.7377011179924011,0.04347315430641174,7.829468250274658,
17,80,1.2391951084136963,1.2198472023010254,0.019200704991817474,1.4721661806106567,
17,81,0.6901823878288269,0.6823422312736511,0.007795046549290419,0.4514254927635193,
17,82,1.0151714086532593,1.0023400783538818,0.012758350931107998,0.7292144298553467,
17,83,0.4322128891944885,0.4244757294654846,0.007651936262845993,0.852472186088562,
17,84,0.9587507247924805,0.9458805322647095,0.012795999646186829,0.7420958280563354,
17,85,1.0361806154251099,1.0242249965667725,0.011896314099431038,0.5919302105903625,
17,86,0.5698827505111694,0.5456395745277405,0.023773126304149628,4.700680732727051,
17,87,0.634074866771698,0.605756402015686,0.027891889214515686,4.265932559967041,
17,88,0.5914875268936157,0.5733436346054077,0.01794278807938099,2.0108649730682373,
17,89,0.4063219726085663,0.3987675905227661,0.007476910017430782,0.7747663259506226,
17,90,0.8062440156936646,0.7605143785476685,0.045011959969997406,7.1772284507751465,
17,91,0.7934252023696899,0.7851989269256592,0.008180676028132439,0.4560666084289551,
17,92,1.354702353477478,1.3438458442687988,0.01078830473124981,0.682215690612793,
17,93,0.7444591522216797,0.7368696928024292,0.00755765475332737,0.3181709945201874,
17,94,0.8770621418952942,0.8667831420898438,0.010210314765572548,0.6865943670272827,
17,95,0.8499248027801514,0.8386865258216858,0.011171923018991947,0.66349858045578,
17,96,0.6211625933647156,0.5899356007575989,0.030708201229572296,5.1882781982421875,
17,97,0.8173227906227112,0.7852494716644287,0.031580328941345215,4.930081844329834,
17,98,0.7416439652442932,0.7332801818847656,0.008332176133990288,0.31592094898223877,
17,99,0.578646183013916,0.5723228454589844,0.006298774387687445,0.24553698301315308,
17,100,0.475273460149765,0.4661789536476135,0.00899570994079113,0.9880194664001465,
18,1,1.1590156555175781,1.1420154571533203,0.016861286014318466,1.3884118795394897,
18,2,1.1499590873718262,1.1352698802947998,0.014597084373235703,0.9211780428886414,
18,3,0.5382707715034485,0.518460750579834,0.01948630064725876,3.2369308471679688,
18,4,0.5480597615242004,0.5305761098861694,0.017227262258529663,2.5635311603546143,
18,5,0.6123793125152588,0.5929014682769775,0.019244546070694923,2.333221435546875,
18,6,0.6586050391197205,0.6345388889312744,0.023673973977565765,3.9221255779266357,
18,7,0.6232396960258484,0.5955867171287537,0.02710728533565998,5.456553936004639,
18,8,0.6957498788833618,0.6585857272148132,0.03669026494026184,4.73871374130249,
18,9,1.095604658126831,1.0760855674743652,0.019303742796182632,2.153109073638916,
18,10,0.6083293557167053,0.5776747465133667,0.030172785744071007,4.818496227264404,
18,11,0.4814642667770386,0.46724414825439453,0.014028213918209076,1.9190846681594849,
18,12,0.48832574486732483,0.4686466157436371,0.019392166286706924,2.8696095943450928,
18,13,0.6438480019569397,0.6129094362258911,0.030496681109070778,4.419322490692139,
18,14,0.9640027284622192,0.9523367285728455,0.011599322780966759,0.6668866872787476,
18,15,1.2433228492736816,1.203265905380249,0.03950286656618118,5.541372776031494,
18,16,0.8998228907585144,0.890545129776001,0.009232573211193085,0.45202142000198364,
18,17,0.5463934540748596,0.531411349773407,0.014766744337975979,2.1534180641174316,
18,18,0.6040478348731995,0.5798057317733765,0.023903928697109222,3.38193678855896,
18,19,0.4830819070339203,0.4736177325248718,0.009352549910545349,1.1160579919815063,
18,20,1.2292544841766357,1.2077504396438599,0.021363582462072372,1.4037867784500122,
18,21,0.36766648292541504,0.35998547077178955,0.007603362202644348,0.7767325043678284,
18,22,0.8972209095954895,0.8884512186050415,0.008723413571715355,0.4623071849346161,
18,23,1.0305451154708862,1.0142210721969604,0.016184747219085693,1.3937406539916992,
18,24,0.9522370100021362,0.9410977363586426,0.011074768379330635,0.6451665163040161,
18,25,0.6267514824867249,0.6056221723556519,0.020781103521585464,3.4822213649749756,
18,26,1.0989112854003906,1.0854623317718506,0.013374747708439827,0.7419430017471313,
18,27,0.6636887788772583,0.6567561030387878,0.006901076063513756,0.31596988439559937,
18,28,0.7210497856140137,0.713344931602478,0.007670885883271694,0.33950838446617126,
18,29,0.6941010355949402,0.6634485721588135,0.030264411121606827,3.880533218383789,
18,30,0.49561142921447754,0.47990772128105164,0.015416629612445831,2.8708693981170654,
18,31,1.134202003479004,1.119248390197754,0.01485338993370533,1.0023499727249146,
18,32,0.7084730267524719,0.6750718355178833,0.03290968015789986,4.914901256561279,
18,33,0.5050981044769287,0.49237513542175293,0.01254829578101635,1.7469028234481812,
18,34,0.5342539548873901,0.5288352966308594,0.005399000830948353,0.19655990600585938,
18,35,0.8078174591064453,0.7738989591598511,0.03333777189254761,5.807169437408447,
18,36,0.8568614721298218,0.848394513130188,0.008424381725490093,0.42555901408195496,
18,37,0.5295577645301819,0.5193086862564087,0.010109229013323784,1.3985165357589722,
18,38,0.8332017660140991,0.8203463554382324,0.01273890770971775,1.165102481842041,
18,39,1.058467984199524,1.0473219156265259,0.011081783100962639,0.6430048942565918,
18,40,0.5723080039024353,0.5582128763198853,0.013936273753643036,1.5884665250778198,
18,41,0.6686946749687195,0.6309839487075806,0.03687232732772827,8.383703231811523,
18,42,0.4207342863082886,0.4083183705806732,0.012226568534970284,1.893361210823059,
18,43,0.524722158908844,0.5196232795715332,0.005076957400888205,0.2193048596382141,
18,44,0.9727550148963928,0.9623456001281738,0.01035252958536148,0.56845623254776,
18,45,0.4312320649623871,0.42203080654144287,0.009050926193594933,1.5033403635025024,
18,46,0.9137368202209473,0.8660693168640137,0.04689573869109154,7.717881202697754,
18,47,0.3898472487926483,0.3833328187465668,0.0064512938261032104,0.6314781308174133,
18,48,0.8768317699432373,0.8627439737319946,0.013916694559156895,1.7111165523529053,
18,49,0.700350821018219,0.6938315629959106,0.006488841958343983,0.3037976622581482,
18,50,0.8338408470153809,0.8242396116256714,0.009552424773573875,0.4884438216686249,
18,51,1.112552285194397,1.0941168069839478,0.018258746713399887,1.7672804594039917,
18,52,0.6032457947731018,0.5766984224319458,0.026168005540966988,3.793839693069458,
18,53,0.7729488015174866,0.7462615966796875,0.026217857375741005,4.693264007568359,
18,54,0.5818895101547241,0.5572625994682312,0.024220017716288567,4.069486618041992,
18,55,0.46303656697273254,0.45132991671562195,0.011539250612258911,1.6739840507507324,
18,56,0.696537971496582,0.6745099425315857,0.021461330354213715,5.667364597320557,
18,57,0.8067160844802856,0.7977662086486816,0.008896675892174244,0.5325536131858826,
18,58,0.7539966106414795,0.7179359197616577,0.03533197194337845,7.287275314331055,
18,59,1.181578516960144,1.1623752117156982,0.019072890281677246,1.304702877998352,
18,60,0.8179851770401001,0.8095790147781372,0.008358891122043133,0.4728558659553528,
18,61,0.44667765498161316,0.43942686915397644,0.00718347541987896,0.6732184290885925,
18,62,0.901073157787323,0.8911467790603638,0.009871946647763252,0.5439021587371826,
18,63,0.6021812558174133,0.5730981230735779,0.02861838974058628,4.647268295288086,
18,64,0.7128541469573975,0.705750584602356,0.00706283375620842,0.40707042813301086,
18,65,0.7522501349449158,0.7444591522216797,0.007759270258247852,0.3169134259223938,
18,66,1.1966335773468018,1.178844928741455,0.01764901727437973,1.3961467742919922,
18,67,1.7978227138519287,1.7815470695495605,0.01601954735815525,2.560579538345337,
18,68,0.6329305171966553,0.610011637210846,0.022612303495407104,3.0660433769226074,
18,69,1.0813899040222168,1.0620357990264893,0.019218377768993378,1.3576977252960205,
18,70,0.6008671522140503,0.5713101029396057,0.029101114720106125,4.5590291023254395,
18,71,1.1696536540985107,1.1503777503967285,0.019153444096446037,1.22482168674469,
18,72,0.4872783124446869,0.46542808413505554,0.021512551233172417,3.377040147781372,
18,73,1.1608994007110596,1.1424338817596436,0.018346032127738,1.1941875219345093,
18,74,0.39820027351379395,0.3898892402648926,0.0082320561632514,0.7896349430084229,
18,75,0.8401487469673157,0.8300669193267822,0.010032432153820992,0.4941631555557251,
18,76,0.7601670622825623,0.751329779624939,0.008800715208053589,0.36517488956451416,
18,77,1.1606265306472778,1.1361786127090454,0.02430884726345539,1.391680121421814,
18,78,0.590165376663208,0.5838249921798706,0.006317443214356899,0.22969725728034973,
18,79,1.1266032457351685,1.10887610912323,0.017544932663440704,1.821783185005188,
18,80,0.7121821045875549,0.7042901515960693,0.007847936823964119,0.4399414360523224,
18,81,0.5531425476074219,0.5341782569885254,0.018691042438149452,2.7323520183563232,
18,82,0.8685650825500488,0.8590018153190613,0.009503588080406189,0.5968897938728333,
18,83,1.1922088861465454,1.1776185035705566,0.014481648802757263,1.0875052213668823,
18,84,1.2353967428207397,1.2152765989303589,0.01993211731314659,1.8804763555526733,
18,85,0.7497446537017822,0.7146803736686707,0.03455601632595062,5.082371711730957,
18,86,1.1578621864318848,1.1445763111114502,0.013200771063566208,0.8514322638511658,
18,87,0.8530479669570923,0.8430868983268738,0.009884331375360489,0.7668585181236267,
18,88,0.42774882912635803,0.4155043959617615,0.012096474878489971,1.4797194004058838,
18,89,0.5521930456161499,0.5458300113677979,0.006338987033814192,0.24049952626228333,
18,90,0.6022511720657349,0.585179328918457,0.01689143478870392,1.804077386856079,
18,91,0.40420976281166077,0.3934310972690582,0.010679539293050766,0.9912853240966797,
18,92,0.8920801877975464,0.8812756538391113,0.01073329895734787,0.7121463418006897,
18,93,0.5291720032691956,0.5076568126678467,0.021198591217398643,3.1664586067199707,
18,94,1.0546693801879883,1.0433427095413208,0.01127134170383215,0.5525786876678467,
18,95,0.9708175659179688,0.9598800539970398,0.010877133347094059,0.6038914322853088,
18,96,0.9661468863487244,0.8979714512825012,0.06692000478506088,12.554760932922363,
18,97,0.40561535954475403,0.3966946005821228,0.00883688498288393,0.8385635018348694,
18,98,0.603581428527832,0.5978611707687378,0.005699296481907368,0.20955586433410645,
18,99,1.3292831182479858,1.2056870460510254,0.12026643007993698,33.295772552490234,
18,100,0.4372713267803192,0.42791318893432617,0.009266840294003487,0.9128153324127197,
19,1,0.5913369655609131,0.5730255246162415,0.01810687780380249,2.0455663204193115,
19,2,0.814379870891571,0.781501054763794,0.03204209357500076,8.367247581481934,
19,3,0.6084096431732178,0.6023856997489929,0.006002013571560383,0.2191566526889801,
19,4,0.381052166223526,0.37504082918167114,0.005965688265860081,0.4566502571105957,
19,5,0.5432732701301575,0.5374957919120789,0.005755909718573093,0.21580643951892853,
19,6,0.807051956653595,0.7963753938674927,0.010596572421491146,0.8001284003257751,
19,7,0.5339457988739014,0.5071064233779907,0.026426492258906364,4.1290507316589355,
19,8,0.7034751176834106,0.656137228012085,0.04669318348169327,6.446622371673584,
19,9,0.46475499868392944,0.44972044229507446,0.014871136285364628,1.6340141296386719,
19,10,0.9305989146232605,0.9203811287879944,0.01016273070126772,0.5507494807243347,
19,11,0.408724844455719,0.40228506922721863,0.006375457160174847,0.6431952714920044,
19,12,0.39507731795310974,0.38694924116134644,0.008032958023250103,0.9512565732002258,
19,13,0.6214412450790405,0.5913761854171753,0.029594073072075844,4.710119724273682,
19,14,0.961118757724762,0.9508635997772217,0.01020236499607563,0.5282623767852783,
19,15,0.969947874546051,0.9069194197654724,0.061864614486694336,11.6381196975708,
19,16,0.5938669443130493,0.5772327780723572,0.01645079255104065,1.833443284034729,
19,17,0.512068510055542,0.4992672801017761,0.012660577893257141,1.406665325164795,
19,18,0.4312996566295624,0.4256608784198761,0.005583472549915314,0.553250253200531,
19,19,1.0074975490570068,0.9968490600585938,0.010589739307761192,0.5875992178916931,
19,20,1.1229032278060913,1.1084269285202026,0.014364078640937805,1.1214617490768433,
19,21,0.6145058870315552,0.5890024900436401,0.025174088776111603,3.293447256088257,
19,22,0.6578722596168518,0.623255729675293,0.03402283042669296,5.9371113777160645,
19,23,0.7978660464286804,0.7903627157211304,0.007471826858818531,0.3151796758174896,
19,24,0.8251236081123352,0.8172719478607178,0.007815665565431118,0.36007067561149597,
19,25,0.8685426115989685,0.8600735068321228,0.008426846005022526,0.42279288172721863,
19,26,1.1131774187088013,1.0984089374542236,0.014630516059696674,1.3795651197433472,
19,27,0.8575628399848938,0.8186587691307068,0.038387082517147064,5.170262813568115,
19,28,0.7228190898895264,0.7155383825302124,0.0072545334696769714,0.26170778274536133,
19,29,0.6027061343193054,0.5784372091293335,0.023929890245199203,3.390468120574951,
19,30,0.8240856528282166,0.8157942891120911,0.008247366175055504,0.4395900368690491,
19,31,0.7309126257896423,0.7245388031005859,0.006344534456729889,0.29263728857040405,
19,32,0.711414098739624,0.6724561452865601,0.03846798837184906,4.899623394012451,
19,33,0.7017493844032288,0.6773446798324585,0.02401062473654747,3.9408633708953857,
19,34,0.7370229363441467,0.7309979200363159,0.006001308094710112,0.23703987896442413,
19,35,0.40471112728118896,0.39607924222946167,0.008531879633665085,1.0001752376556396,
19,36,0.3613806366920471,0.35614433884620667,0.005196982994675636,0.39314207434654236,
19,37,0.6370429396629333,0.6322712302207947,0.004753281362354755,0.1840963065624237,
19,38,1.2020052671432495,1.1830155849456787,0.01888282597064972,1.0681838989257812,
19,39,1.0646371841430664,1.0548346042633057,0.009749844670295715,0.5268372893333435,
19,40,0.5748631954193115,0.5589882135391235,0.01564866304397583,2.2630016803741455,
19,41,0.7037960886955261,0.6700796484947205,0.033290378749370575,4.260519504547119,
19,42,0.898281455039978,0.8904777765274048,0.007751690223813057,0.5198196768760681,
19,43,0.4353145360946655,0.4276514947414398,0.007592492736876011,0.7055633068084717,
19,44,0.9619708061218262,0.9518659114837646,0.010046971030533314,0.5790727734565735,
19,45,0.9377526044845581,0.9285107254981995,0.009195776656270027,0.46087750792503357,
19,46,0.8776473999023438,0.8687765002250671,0.008825539611279964,0.4536239504814148,
19,47,0.6025801301002502,0.5800042152404785,0.0222562737762928,3.196866035461426,
19,48,0.8737308382987976,0.863857626914978,0.009799793362617493,0.7343937158584595,
19,49,0.8626500368118286,0.8528151512145996,0.009786834940314293,0.4805198907852173,
19,50,0.5662854313850403,0.558769941329956,0.007488660514354706,0.26830464601516724,
19,51,0.42945754528045654,0.41844356060028076,0.010915474966168404,0.9850815534591675,
19,52,1.457283854484558,1.4450929164886475,0.011996334418654442,1.9449728727340698,
19,53,0.8928268551826477,0.8819102644920349,0.010843156836926937,0.7343023419380188,
19,54,0.5752467513084412,0.5600066184997559,0.01507805660367012,1.6208962202072144,
19,55,0.660932183265686,0.6547215580940247,0.006182153709232807,0.2847957909107208,
19,56,0.5120674967765808,0.49177175760269165,0.01999489590525627,3.0083963871002197,
19,57,0.6652079224586487,0.6447787284851074,0.020109720528125763,3.195075750350952,
19,58,0.5864341855049133,0.5811634659767151,0.005249823909252882,0.20908883213996887,
19,59,0.6383330225944519,0.6140382289886475,0.02383604645729065,4.587772846221924,
19,60,0.7089347839355469,0.6788833141326904,0.029646549373865128,4.048948764801025,
19,61,1.0054917335510254,0.9943243265151978,0.011088648810982704,0.7878383994102478,
19,62,0.9857960343360901,0.9754167199134827,0.01031709648668766,0.6220764517784119,
19,63,0.5662988424301147,0.5608099102973938,0.005466948263347149,0.21965542435646057,
19,64,0.6271381378173828,0.6026210784912109,0.02408316731452942,4.339233875274658,
19,65,0.6163680553436279,0.5918254256248474,0.024240637198090553,3.019975423812866,
19,66,0.37152156233787537,0.3631938099861145,0.008239639922976494,0.8813616037368774,
19,67,0.8097561001777649,0.8019537329673767,0.0077588618732988834,0.43535614013671875,
19,68,0.6352087259292603,0.6065517663955688,0.028252610936760902,4.0432915687561035,
19,69,0.5696947574615479,0.5547988414764404,0.014724338427186012,1.7157317399978638,
19,70,0.8245519995689392,0.8171500563621521,0.00736550148576498,0.3643464744091034,
19,71,0.8198071718215942,0.8114600777626038,0.008281007409095764,0.6610545516014099,
19,72,0.8414763808250427,0.8339895009994507,0.007450129371136427,0.3676391839981079,
19,73,1.1032624244689941,1.089311957359314,0.01385915745049715,0.9131911396980286,
19,74,0.9582981467247009,0.9504530429840088,0.007803707849234343,0.4143137037754059,
19,75,0.6028906106948853,0.5817981958389282,0.02083645947277546,2.559451103210449,
19,76,1.1946111917495728,1.1752097606658936,0.019240081310272217,1.6127381324768066,
19,77,1.0440590381622314,1.0320872068405151,0.011913839727640152,0.579617440700531,
19,78,1.0787826776504517,1.0670043230056763,0.011715313419699669,0.6301413774490356,
19,79,0.6818680167198181,0.6762485504150391,0.005593219771981239,0.2621876001358032,
19,80,0.5128263235092163,0.4994889497756958,0.013167351484298706,1.6997829675674438,
19,81,0.5465549230575562,0.5335577726364136,0.012825468555092812,1.716365098953247,
19,82,3.0768556594848633,2.9582128524780273,0.1158110499382019,28.31654167175293,
19,83,0.7062292098999023,0.6616345047950745,0.04406580328941345,5.2891693115234375,
19,84,0.8807662129402161,0.8708115816116333,0.009884062223136425,0.7055941820144653,
19,85,0.7530567646026611,0.7459298968315125,0.007099096663296223,0.278037965297699,
19,86,0.8273979425430298,0.8183849453926086,0.008963918313384056,0.49037885665893555,
19,87,0.6184187531471252,0.5891345143318176,0.028843479230999947,4.40747594833374,
19,88,0.6115058660507202,0.5753483772277832,0.035487763583660126,6.697285175323486,
19,89,0.6471843719482422,0.6090770959854126,0.037513867020606995,5.934154510498047,
19,90,0.937992513179779,0.9247459173202515,0.013130022212862968,1.1660761833190918,
19,91,0.8749389052391052,0.8644905090332031,0.010377634316682816,0.7075948119163513,
19,92,0.7556654810905457,0.7484109401702881,0.007220427971333265,0.34103527665138245,
19,93,0.8317136168479919,0.8226460218429565,0.00901656411588192,0.5100612640380859,
19,94,0.8713856339454651,0.8596558570861816,0.011641239747405052,0.8853819370269775,
19,95,1.1578198671340942,1.1355104446411133,0.022129090502858162,1.8038333654403687,
19,96,0.6219205856323242,0.5905817747116089,0.030895955860614777,4.428673267364502,
19,97,0.4842767119407654,0.4746236205101013,0.009517498314380646,1.3560680150985718,
19,98,0.39549684524536133,0.3906581401824951,0.00479005416855216,0.4863690435886383,
19,99,0.7638314366340637,0.754304051399231,0.00946471281349659,0.6265718340873718,
19,100,1.023356556892395,1.009487509727478,0.013674583286046982,1.9448881149291992,
20,1,0.9114281535148621,0.8721525073051453,0.03866441547870636,6.112285137176514,
20,2,0.9540618658065796,0.8391651511192322,0.11343278735876083,14.63956356048584,
20,3,1.0512349605560303,1.0384011268615723,0.012754673138260841,0.7911937236785889,
20,4,0.6630237102508545,0.640525221824646,0.022098693996667862,3.9979515075683594,
20,5,0.5969343781471252,0.5716156363487244,0.025018028914928436,3.0071423053741455,
20,6,0.580938994884491,0.565593957901001,0.015118860639631748,2.2620041370391846,
20,7,0.7129411101341248,0.7012017965316772,0.01159310806542635,1.4622818231582642,
20,8,0.4865027070045471,0.4732932448387146,0.013113336637616158,0.9612542390823364,
20,9,0.5204798579216003,0.511962890625,0.00843033567070961,0.8660287261009216,
20,10,0.6053202748298645,0.5964673161506653,0.008737245574593544,1.156661033630371,
20,11,0.9015398025512695,0.8932300806045532,0.008206646889448166,1.0303704738616943,
20,12,0.8984506726264954,0.8928408026695251,0.005580271128565073,0.29632139205932617,
20,13,0.566781222820282,0.5570966005325317,0.009571090340614319,1.135744333267212,
20,14,0.6809070110321045,0.6700082421302795,0.010747837834060192,1.5091980695724487,
20,15,1.1469546556472778,1.1400212049484253,0.0068899355828762054,0.4345502257347107,
20,16,0.6456326246261597,0.6353978514671326,0.010099776089191437,1.3502616882324219,
20,17,0.5712037682533264,0.5606788396835327,0.010417135432362556,1.0778003931045532,
20,18,1.070600152015686,1.0627174377441406,0.007839593105018139,0.43106546998023987,
20,19,1.1463075876235962,1.1351795196533203,0.011027161031961441,1.008347988128662,
20,20,0.7551239132881165,0.7465609312057495,0.00853465124964714,0.2833421230316162,
20,21,0.491447776556015,0.4750458598136902,0.016221214085817337,1.8069120645523071,
20,22,0.9062824845314026,0.8964717984199524,0.009752480313181877,0.5824072360992432,
20,23,0.3797512352466583,0.3666880130767822,0.01293618232011795,1.270597219467163,
20,24,0.945895791053772,0.9300785064697266,0.01558861043304205,2.2870569229125977,
20,25,0.5934022068977356,0.582094669342041,0.011193543672561646,1.140201210975647,
20,26,0.9470520615577698,0.930772066116333,0.01607785001397133,2.0213382244110107,
20,27,0.7260762453079224,0.7080585956573486,0.01769445091485977,3.2319865226745605,
20,28,1.1626559495925903,1.1485530138015747,0.013985058292746544,1.1792678833007812,
20,29,0.5749583840370178,0.5618183612823486,0.01295960508286953,1.8041805028915405,
20,30,1.136658787727356,1.1212148666381836,0.015335412696003914,1.0852314233779907,
20,31,0.8800249099731445,0.868488609790802,0.011456415988504887,0.7987550497055054,
20,32,0.9363032579421997,0.9196974039077759,0.01642998307943344,1.758989930152893,
20,33,0.8381024599075317,0.8280603885650635,0.009989488869905472,0.5257788300514221,
20,34,0.6299443244934082,0.6057076454162598,0.023834826424717903,4.018378257751465,
20,35,0.5597209930419922,0.5536710023880005,0.006024359725415707,0.2563725411891937,
20,36,0.9756567478179932,0.9608556628227234,0.014615243300795555,1.8584587574005127,
20,37,0.5241287350654602,0.5125694274902344,0.011395260691642761,1.6402658224105835,
20,38,0.9236065745353699,0.9107035398483276,0.012837272137403488,0.657646894454956,
20,39,0.5400042533874512,0.5207676887512207,0.018908469006419182,3.2811238765716553,
20,40,0.9845675826072693,0.9594928622245789,0.024557221680879593,5.175107002258301,
20,41,0.7461023330688477,0.737994909286499,0.008061697706580162,0.4573696255683899,
20,42,0.7248227596282959,0.6954419612884521,0.028661999851465225,7.187474250793457,
20,43,1.102029800415039,1.084648847579956,0.017270779237151146,1.1017858982086182,
20,44,0.602914035320282,0.582499623298645,0.02012147381901741,2.9295125007629395,
20,45,0.8829678893089294,0.8730935454368591,0.009822404012084007,0.519380509853363,
20,46,0.4274214208126068,0.4218621850013733,0.005494449753314257,0.6479644179344177,
20,47,0.8284452557563782,0.8187422752380371,0.009622056968510151,0.809600830078125,
20,48,0.4873483180999756,0.477989137172699,0.009224163368344307,1.3501355648040771,
20,49,0.7398082613945007,0.7321064472198486,0.00767225306481123,0.2955000698566437,
20,50,0.5614235997200012,0.5552446842193604,0.006142149679362774,0.3675059378147125,
20,51,0.758224606513977,0.7478823661804199,0.01027905847877264,0.6317756772041321,
20,52,1.2554495334625244,1.230164647102356,0.025109045207500458,1.7578914165496826,
20,53,0.8954875469207764,0.8842033743858337,0.0112318005412817,0.5241243839263916,
20,54,1.0883713960647583,1.0684821605682373,0.019763043150305748,1.2623509168624878,
20,55,0.5941119194030762,0.5706911087036133,0.023028450086712837,3.9238133430480957,
20,56,0.8681224584579468,0.8568354845046997,0.011210822500288486,0.761925220489502,
20,57,0.3731585741043091,0.3674606382846832,0.005636568646878004,0.6136539578437805,
20,58,0.38277003169059753,0.3780588209629059,0.004671454429626465,0.39756375551223755,
20,59,0.6666657328605652,0.6599249839782715,0.006705062463879585,0.35677316784858704,
20,60,0.5766535997390747,0.5626041889190674,0.013872597366571426,1.7679754495620728,
20,61,1.0720984935760498,1.0580024719238281,0.01401370856910944,0.8228213787078857,
20,62,0.7873891592025757,0.7792415618896484,0.00810200721025467,0.4562046527862549,
20,63,0.8259663581848145,0.8181461095809937,0.00778250303119421,0.3775208592414856,
20,64,0.5812815427780151,0.5609673261642456,0.01999148167669773,3.2273776531219482,
20,65,0.391722172498703,0.3854109048843384,0.006237755063921213,0.7351539731025696,
20,66,1.1413366794586182,1.1249254941940308,0.016310138627886772,1.0110379457473755,
20,67,0.39211422204971313,0.3867492079734802,0.005312017165124416,0.5297658443450928,
20,68,0.6083393096923828,0.5895700454711914,0.018546301871538162,2.2300283908843994,
20,69,0.5618834495544434,0.5456818342208862,0.015978291630744934,2.2332496643066406,
20,70,0.3732333481311798,0.3671568036079407,0.006015926133841276,0.6060413718223572,
20,71,0.6440895795822144,0.6192811727523804,0.024456031620502472,3.523620128631592,
20,72,0.4583221971988678,0.4478759169578552,0.010336259379982948,1.1003215312957764,
20,73,0.5325640439987183,0.5128524303436279,0.019400641322135925,3.109830617904663,
20,74,1.071753978729248,1.054879903793335,0.016734912991523743,1.3917334079742432,
20,75,0.8316411375999451,0.8220906853675842,0.009502514265477657,0.47893786430358887,
20,76,0.7321586608886719,0.7238022089004517,0.00831146351993084,0.4497565031051636,
20,77,0.659001350402832,0.6365622878074646,0.022123197093605995,3.1581673622131348,
20,78,0.9226068258285522,0.9110020995140076,0.01154337078332901,0.613225519657135,
20,79,0.8140419721603394,0.804739773273468,0.00925431214272976,0.47880393266677856,
20,80,0.3690442442893982,0.3631100058555603,0.005880577489733696,0.5366621613502502,
20,81,0.9019079208374023,0.889785647392273,0.012019273824989796,1.0297530889511108,
20,82,0.7449945211410522,0.7227028608322144,0.022019632160663605,2.7201004028320312,
20,83,0.7469967007637024,0.7388924360275269,0.008072825148701668,0.3139675557613373,
20,84,0.4632418751716614,0.4520662724971771,0.011011386290192604,1.6421828269958496,
20,85,0.3723076283931732,0.364956796169281,0.00727427750825882,0.7657291293144226,
20,86,0.5248383283615112,0.5099378824234009,0.014690165407955647,2.1025619506835938,
20,87,0.571862518787384,0.5516347885131836,0.019923022016882896,3.047135829925537,
20,88,1.0900976657867432,1.0615571737289429,0.027866661548614502,6.7376708984375,
20,89,0.8524714708328247,0.8412871956825256,0.011121487244963646,0.6278747916221619,
20,90,1.2051548957824707,1.1849398612976074,0.02008824236690998,1.2681591510772705,
20,91,0.6007273197174072,0.5748410224914551,0.025505132973194122,3.8115289211273193,
20,92,0.7161900401115417,0.6771711707115173,0.03849548473954201,5.234043598175049,
20,93,0.6825681328773499,0.6472662687301636,0.03484348952770233,4.583803176879883,
20,94,1.0129057168960571,0.9992339015007019,0.013598768040537834,0.7306660413742065,
20,95,0.5433471202850342,0.5156246423721313,0.027247074991464615,4.754199028015137,
20,96,1.1237034797668457,1.1012362241744995,0.022214295342564583,2.5300705432891846,
20,97,0.6939480304718018,0.6610996723175049,0.03241343796253204,4.349410057067871,
20,98,0.9642269611358643,0.951669454574585,0.012484624981880188,0.7287688255310059,
20,99,0.9385077357292175,0.9264309406280518,0.012011817656457424,0.6496139764785767,
20,100,1.0447942018508911,1.0304985046386719,0.01420881599187851,0.869377851486206,
