epoch,batch,total_loss,loss2neighbor,loss_idt,loss_reg,loss_bg
1,1,25.35024642944336,19.057525634765625,6.269671440124512,230.4759521484375,
1,2,20.16120719909668,14.578434944152832,5.561593532562256,211.79177856445312,
1,3,31.91330909729004,18.270919799804688,13.606759071350098,356.3202819824219,
1,4,7.638570785522461,3.7792153358459473,3.848930597305298,104.24806213378906,
1,5,4.740577220916748,2.8450918197631836,1.890080451965332,54.050872802734375,
1,6,4.311263561248779,2.1838338375091553,2.1216776371002197,57.52198028564453,
1,7,2.7705767154693604,1.8029197454452515,0.9649364948272705,27.204816818237305,
1,8,1.7292003631591797,1.3514363765716553,0.3757389783859253,20.249696731567383,
1,9,1.4332661628723145,1.1462931632995605,0.2855404019355774,14.326111793518066,
1,10,2.6396536827087402,2.3902087211608887,0.24819763004779816,12.474177360534668,
1,11,1.3791667222976685,1.171833872795105,0.20641827583312988,9.145868301391602,
1,12,1.0335793495178223,0.8800113797187805,0.1528303325176239,7.376729488372803,
1,13,1.1200815439224243,1.0343575477600098,0.08522522449493408,4.98737907409668,
1,14,1.3392934799194336,1.153993010520935,0.18478184938430786,5.185220241546631,
1,15,1.6756181716918945,1.471271276473999,0.20375297963619232,5.939189434051514,
1,16,1.1912564039230347,1.13618803024292,0.054769523441791534,2.988866090774536,
1,17,1.0570522546768188,0.9542908668518066,0.10244254767894745,3.1894283294677734,
1,18,1.2629225254058838,1.1075329780578613,0.15489384531974792,4.9563984870910645,
1,19,0.8493280410766602,0.7883878946304321,0.060684964060783386,2.5514540672302246,
1,20,0.982828676700592,0.8640934228897095,0.11836031079292297,3.749664545059204,
1,21,1.3758385181427002,1.271911382675171,0.10362866520881653,2.9851300716400146,
1,22,0.7417721748352051,0.6591154336929321,0.08234007656574249,3.166592836380005,
1,23,1.1353402137756348,1.0809364318847656,0.054088376462459564,3.154054880142212,
1,24,0.6621566414833069,0.6183966398239136,0.04352496936917305,2.3504927158355713,
1,25,0.9466232061386108,0.8737211227416992,0.07271771132946014,1.8438684940338135,
1,26,0.5970631837844849,0.538173496723175,0.05865303426980972,2.3661251068115234,
1,27,0.724129319190979,0.6852883100509644,0.038667723536491394,1.7325531244277954,
1,28,0.7097256779670715,0.6750264167785645,0.0345141664147377,1.8504414558410645,
1,29,0.8484299778938293,0.8192985653877258,0.028922725468873978,2.0864784717559814,
1,30,1.0355674028396606,0.9613673686981201,0.0739816278219223,2.18361759185791,
1,31,1.0128239393234253,0.9657931327819824,0.04688962548971176,1.4112753868103027,
1,32,1.0841550827026367,1.0361526012420654,0.04783280938863754,1.6969106197357178,
1,33,0.8705257773399353,0.837037205696106,0.03328501805663109,2.0353450775146484,
1,34,1.0429022312164307,0.9794185161590576,0.06324923783540726,2.344402313232422,
1,35,1.201664686203003,1.141385793685913,0.060088932514190674,1.8999567031860352,
1,36,0.9861996173858643,0.9142166376113892,0.07176311314105988,2.1989102363586426,
1,37,0.7231599688529968,0.6982425451278687,0.024771636351943016,1.4576995372772217,
1,38,0.885911762714386,0.860150933265686,0.025592952966690063,1.6787973642349243,
1,39,1.0461429357528687,1.0134546756744385,0.032485559582710266,2.0268893241882324,
1,40,0.8596149682998657,0.8063355684280396,0.05310241878032684,1.7694470882415771,
1,41,0.9480197429656982,0.8821619749069214,0.06566906720399857,1.8871490955352783,
1,42,0.7456398010253906,0.6713336706161499,0.0741095244884491,1.965672492980957,
1,43,2.28423810005188,2.246567726135254,0.03750254586338997,1.6773251295089722,
1,44,0.4604637324810028,0.42234891653060913,0.03794856369495392,1.662739634513855,
1,45,0.9121580719947815,0.8759843111038208,0.036062926054000854,1.108286738395691,
1,46,1.170479416847229,1.1293444633483887,0.041003525257110596,1.3147244453430176,
1,47,1.3471839427947998,1.3077470064163208,0.03926147520542145,1.7550228834152222,
1,48,0.835494875907898,0.7865707874298096,0.04875475913286209,1.6935948133468628,
1,49,1.0538053512573242,1.0111122131347656,0.04255155473947525,1.415672779083252,
1,50,0.5703938007354736,0.5322452783584595,0.03799653798341751,1.5201085805892944,
1,51,0.9016108512878418,0.8535268306732178,0.04794926196336746,1.347640037536621,
1,52,1.0874006748199463,1.067509412765503,0.019708026200532913,1.8317903280258179,
1,53,0.9487900733947754,0.904922604560852,0.04368413984775543,1.8331483602523804,
1,54,1.1806684732437134,1.1251537799835205,0.055324479937553406,1.901998519897461,
1,55,0.8132550120353699,0.7936140894889832,0.01948506012558937,1.5588326454162598,
1,56,1.064387559890747,1.0295466184616089,0.03472941368818283,1.1163320541381836,
1,57,0.5402275323867798,0.5191819071769714,0.02092541754245758,1.2020196914672852,
1,58,1.0436928272247314,1.0047075748443604,0.03881705179810524,1.6819627285003662,
1,59,0.6617375016212463,0.6427886486053467,0.01880411058664322,1.4472708702087402,
1,60,0.9907665252685547,0.9619804620742798,0.028661679476499557,1.2437483072280884,
1,61,0.6372544765472412,0.6119812726974487,0.025063592940568924,2.0963988304138184,
1,62,0.8287915587425232,0.7856391072273254,0.043032288551330566,1.2015173435211182,
1,63,1.1151440143585205,1.0793464183807373,0.035678476095199585,1.1903562545776367,
1,64,0.6234474778175354,0.6062992215156555,0.01704874075949192,0.9953178763389587,
1,65,0.8623899221420288,0.8247789740562439,0.037479907274246216,1.3099433183670044,
1,66,0.8344368934631348,0.7966406345367432,0.03766477853059769,1.3146653175354004,
1,67,0.8786439299583435,0.8367172479629517,0.04178963601589203,1.3704395294189453,
1,68,0.8699473142623901,0.8310436010360718,0.03878595307469368,1.1774917840957642,
1,69,1.1227664947509766,1.0875804424285889,0.03506474941968918,1.2130296230316162,
1,70,0.9376513957977295,0.9085984230041504,0.028769154101610184,2.8385467529296875,
1,71,1.1619082689285278,1.1375293731689453,0.024159803986549377,2.191549301147461,
1,72,0.8925052285194397,0.8658415079116821,0.026486312970519066,1.7736480236053467,
1,73,0.7408050894737244,0.7041704654693604,0.03652216121554375,1.1246058940887451,
1,74,0.7816856503486633,0.7449628710746765,0.03661547973752022,1.0726972818374634,
1,75,0.8373489379882812,0.8112683892250061,0.025993712246418,0.8686903119087219,
1,76,0.6490030288696289,0.6314498782157898,0.017425499856472015,1.2765464782714844,
1,77,1.2914115190505981,1.254716396331787,0.036520034074783325,1.7515689134597778,
1,78,0.9529842734336853,0.9231172800064087,0.02977393940091133,0.9305033087730408,
1,79,0.5905442237854004,0.5717723369598389,0.018643317744135857,1.2858641147613525,
1,80,0.6283985376358032,0.609829306602478,0.0184328593313694,1.3635283708572388,
1,81,0.8258585929870605,0.7950780391693115,0.03049507364630699,2.8550353050231934,
1,82,0.536889374256134,0.5219208002090454,0.014890368096530437,0.7820740342140198,
1,83,0.4897896647453308,0.4618622064590454,0.02778938040137291,1.3807995319366455,
1,84,0.9245612621307373,0.8958157300949097,0.028638245537877083,1.0728223323822021,
1,85,0.4246480464935303,0.3950274586677551,0.02948012575507164,1.4044781923294067,
1,86,0.8865083456039429,0.848265528678894,0.03812654688954353,1.1627100706100464,
1,87,0.6511440873146057,0.6326360106468201,0.018392745405435562,1.1531858444213867,
1,88,0.9047603607177734,0.8741515874862671,0.030513279139995575,0.9549471735954285,
1,89,0.6930509805679321,0.675886869430542,0.017017200589179993,1.4692957401275635,
1,90,0.869060754776001,0.8353572487831116,0.03359663113951683,1.0687559843063354,
1,91,0.5314127206802368,0.504906952381134,0.026321494951844215,1.8428548574447632,
1,92,0.9457693696022034,0.9214491844177246,0.024115029722452164,2.051478385925293,
1,93,1.1100940704345703,1.0816609859466553,0.028320683166384697,1.1237198114395142,
1,94,0.8079246282577515,0.78487229347229,0.0229693204164505,0.8305761218070984,
1,95,0.6696774363517761,0.6518979072570801,0.01759732887148857,1.8218915462493896,
1,96,0.8162704706192017,0.7881215214729309,0.028040017932653427,1.0895594358444214,
1,97,0.8259859681129456,0.7945879697799683,0.03128815442323685,1.0983624458312988,
1,98,0.7614545226097107,0.7349572777748108,0.026286717504262924,2.1055281162261963,
1,99,0.42482393980026245,0.4021688401699066,0.022545915096998215,1.0919642448425293,
1,100,0.9087373614311218,0.8741873502731323,0.03442582115530968,1.2422168254852295,
2,1,0.9000902771949768,0.8727879524230957,0.027073172852396965,2.291985273361206,
2,2,0.6193316578865051,0.5977557897567749,0.02144729532301426,1.2854104042053223,
2,3,0.6447201371192932,0.6277105808258057,0.016857502982020378,1.5204644203186035,
2,4,0.432191401720047,0.4068351686000824,0.02522490732371807,1.313293218612671,
2,5,0.7781322002410889,0.7482731342315674,0.029603518545627594,2.555269241333008,
2,6,0.42161643505096436,0.39842674136161804,0.02307637222111225,1.1331132650375366,
2,7,0.6955452561378479,0.6717212796211243,0.023591049015522003,2.3294692039489746,
2,8,0.8954379558563232,0.8698115348815918,0.02553221955895424,0.9417724609375,
2,9,0.6134228706359863,0.5882736444473267,0.024934276938438416,2.149160385131836,
2,10,0.9007570743560791,0.8743124604225159,0.02635941468179226,0.8515546321868896,
2,11,0.7120388746261597,0.6867666840553284,0.0249737948179245,2.9836859703063965,
2,12,0.7534652948379517,0.7304189801216125,0.022979283705353737,0.6703497767448425,
2,13,0.9612935185432434,0.9302955865859985,0.030636422336101532,3.615093469619751,
2,14,1.7329378128051758,1.7058241367340088,0.026813572272658348,3.000774621963501,
2,15,0.6182999014854431,0.5979394912719727,0.020233415067195892,1.2703616619110107,
2,16,0.4498680531978607,0.43092548847198486,0.018799569457769394,1.429804801940918,
2,17,0.9938343167304993,0.9617426991462708,0.03189893066883087,1.9267603158950806,
2,18,0.6660754680633545,0.6403951644897461,0.02543734386563301,2.4295547008514404,
2,19,0.7553871273994446,0.72992342710495,0.02538738027215004,0.7632352113723755,
2,20,0.4894164800643921,0.47359853982925415,0.015723563730716705,0.9439705610275269,
2,21,0.821133553981781,0.7881487607955933,0.0328802652657032,1.0455604791641235,
2,22,1.0959645509719849,1.0593773126602173,0.03638501465320587,2.022217273712158,
2,23,1.1020361185073853,1.0628492832183838,0.038989320397377014,1.9753612279891968,
2,24,0.5323803424835205,0.5057436227798462,0.02641998417675495,2.16737961769104,
2,25,0.8940812349319458,0.8612167239189148,0.03273160383105278,1.3293081521987915,
2,26,1.1851714849472046,1.1527175903320312,0.03229174762964249,1.6212422847747803,
2,27,0.7067606449127197,0.6771477460861206,0.02927209809422493,3.408193588256836,
2,28,0.6441048383712769,0.6272335648536682,0.016705673187971115,1.6555355787277222,
2,29,0.5211188793182373,0.4958977699279785,0.025001313537359238,2.1985106468200684,
2,30,0.7382753491401672,0.7108343839645386,0.027338549494743347,1.0239715576171875,
2,31,0.7957088351249695,0.7667077779769897,0.02890283241868019,0.9821377396583557,
2,32,0.644419252872467,0.6250169277191162,0.019240524619817734,1.6185134649276733,
2,33,0.7370151877403259,0.7090681195259094,0.02784968912601471,0.9740563631057739,
2,34,0.5603983998298645,0.5380162000656128,0.022200681269168854,1.8150534629821777,
2,35,0.8667980432510376,0.8427274227142334,0.023956552147865295,1.1408835649490356,
2,36,0.43445342779159546,0.41468968987464905,0.019626645371317863,1.370927333831787,
2,37,1.0832798480987549,1.0509498119354248,0.03220902383327484,1.2097058296203613,
2,38,0.8910236358642578,0.8615870475769043,0.029316719621419907,1.1987377405166626,
2,39,1.026124358177185,1.0078601837158203,0.018114443868398666,1.4970375299453735,
2,40,0.5980274081230164,0.5653168559074402,0.03261961787939072,0.909525454044342,
2,41,0.5764164328575134,0.553275465965271,0.022859545424580574,2.814152956008911,
2,42,0.8753023147583008,0.8501966595649719,0.02499489113688469,1.1075140237808228,
2,43,1.1181360483169556,1.0897525548934937,0.028266411274671555,1.170943021774292,
2,44,0.8592921495437622,0.8331140875816345,0.026060592383146286,1.1746389865875244,
2,45,0.5784672498703003,0.56076979637146,0.017541546374559402,1.5590569972991943,
2,46,0.8752312660217285,0.8466450572013855,0.028476517647504807,1.0964306592941284,
2,47,0.7360194325447083,0.7085254192352295,0.027406685054302216,0.873192548751831,
2,48,0.7111107707023621,0.6949503421783447,0.015952864661812782,2.075676441192627,
2,49,0.9713405966758728,0.9431271553039551,0.02810443937778473,1.0902795791625977,
2,50,0.40299394726753235,0.3842852711677551,0.018598921597003937,1.0977225303649902,
2,51,0.5954036712646484,0.5710180997848511,0.024135112762451172,2.504565954208374,
2,52,0.9908357858657837,0.9639327526092529,0.026801105588674545,1.0189440250396729,
2,53,0.9899988174438477,0.9647793769836426,0.025125201791524887,0.9420745372772217,
2,54,0.5778061151504517,0.5477247834205627,0.02999209612607956,0.8922913670539856,
2,55,0.8803650736808777,0.8577847480773926,0.022476114332675934,1.0417711734771729,
2,56,1.2013590335845947,1.169926404953003,0.031284116208553314,1.485830545425415,
2,57,0.5999712944030762,0.5727793574333191,0.02711096592247486,0.8097217082977295,
2,58,0.42433276772499084,0.40477824211120605,0.019420646131038666,1.3387972116470337,
2,59,0.9116881489753723,0.8855246305465698,0.026059653609991074,1.0389591455459595,
2,60,0.88424152135849,0.8626672029495239,0.021492209285497665,0.8213083744049072,
2,61,1.0005874633789062,0.9776029586791992,0.022902287542819977,0.8224623203277588,
2,62,1.0758788585662842,1.048926830291748,0.026844695210456848,1.0723016262054443,
2,63,0.5109035968780518,0.4980587959289551,0.012753114104270935,0.9165087938308716,
2,64,0.5906789302825928,0.5704132318496704,0.020057884976267815,2.0781548023223877,
2,65,0.8923475742340088,0.870506763458252,0.021743830293416977,0.9695078730583191,
2,66,0.5129646062850952,0.49174708127975464,0.021035408601164818,1.8210588693618774,
2,67,1.0777450799942017,1.0505516529083252,0.02709808386862278,0.9533219337463379,
2,68,0.6448941826820374,0.6217951774597168,0.022825175896286964,2.7381255626678467,
2,69,0.7758873701095581,0.7509797811508179,0.024662472307682037,2.4508426189422607,
2,70,0.789074182510376,0.769955039024353,0.01904209703207016,0.770592987537384,
2,71,0.637603223323822,0.6165149211883545,0.020890651270747185,1.9765435457229614,
2,72,0.7831563949584961,0.7602925300598145,0.022787613794207573,0.7623957395553589,
2,73,0.8869369029998779,0.8660638928413391,0.020802156999707222,0.708611249923706,
2,74,0.8173605799674988,0.7957086563110352,0.02141096256673336,2.4095728397369385,
2,75,1.1769276857376099,1.158274531364441,0.018569912761449814,0.8325956463813782,
2,76,0.8801116943359375,0.8601911067962646,0.019826412200927734,0.9419811964035034,
2,77,0.7182596921920776,0.6976343393325806,0.020549967885017395,0.7542084455490112,
2,78,0.9498051404953003,0.9265415072441101,0.023175016045570374,0.8860985040664673,
2,79,0.6865704655647278,0.6675155758857727,0.01880231685936451,2.52563214302063,
2,80,0.6169726252555847,0.5994224548339844,0.017363321036100388,1.8686683177947998,
2,81,0.996610164642334,0.9740896224975586,0.022431330755352974,0.8922736644744873,
2,82,0.9471123814582825,0.9246765375137329,0.02234860509634018,0.8728081583976746,
2,83,0.624163031578064,0.6058065891265869,0.018112584948539734,2.438293218612671,
2,84,0.6658115386962891,0.6470431089401245,0.018540777266025543,2.2764720916748047,
2,85,0.5426677465438843,0.5234224200248718,0.019071092829108238,1.7420483827590942,
2,86,0.6669979691505432,0.6471761465072632,0.019596287980675697,2.2552433013916016,
2,87,0.711272120475769,0.6899867057800293,0.021201372146606445,0.8407059907913208,
2,88,1.1706571578979492,1.1463937759399414,0.02408086508512497,1.8245735168457031,
2,89,0.8440994620323181,0.821502149105072,0.02251560613512993,0.8172006607055664,
2,90,0.9938027858734131,0.9693870544433594,0.02426855079829693,1.4716280698776245,
2,91,0.46156540513038635,0.4460086226463318,0.015417422167956829,1.39350163936615,
2,92,1.1169071197509766,1.087765097618103,0.02888702228665352,2.5497727394104004,
2,93,0.45826271176338196,0.43782973289489746,0.02029944211244583,1.3355754613876343,
2,94,0.7351558804512024,0.7115412950515747,0.02330654487013817,3.0801072120666504,
2,95,1.1888492107391357,1.161057710647583,0.027659334242343903,1.3221105337142944,
2,96,0.8327813744544983,0.8111066818237305,0.021577179431915283,0.9751060009002686,
2,97,0.9484758973121643,0.9161069393157959,0.03213845565915108,2.304765224456787,
2,98,0.8285025358200073,0.8012149333953857,0.02701011672616005,2.7747161388397217,
2,99,0.4161016643047333,0.40023890137672424,0.015727844089269638,1.349059820175171,
2,100,1.0006017684936523,0.9773927927017212,0.023109786212444305,0.9917533993721008,
3,1,0.6453139185905457,0.6272855997085571,0.01782526820898056,2.0307281017303467,
3,2,1.1054126024246216,1.0776883363723755,0.027544036507606506,1.8022228479385376,
3,3,0.4261312186717987,0.4067331552505493,0.019251840189099312,1.462105631828308,
3,4,0.42381763458251953,0.4077190160751343,0.015999138355255127,0.994785487651825,
3,5,0.786280632019043,0.7629109025001526,0.02327004447579384,0.9965983033180237,
3,6,0.42023128271102905,0.4039231538772583,0.016163408756256104,1.4470857381820679,
3,7,0.8658010959625244,0.8413786292076111,0.024326268583536148,0.9619420170783997,
3,8,0.7847403287887573,0.7615796327590942,0.023081883788108826,0.7878963947296143,
3,9,1.3913254737854004,1.3378524780273438,0.05277414247393608,6.988598346710205,
3,10,0.447817325592041,0.4280198812484741,0.019631605595350266,1.65860116481781,
3,11,0.740915834903717,0.7229161262512207,0.017940936610102654,0.5876845121383667,
3,12,0.5341108441352844,0.5152965188026428,0.018586046993732452,2.2827951908111572,
3,13,1.00452721118927,0.9812754392623901,0.02311049960553646,1.4125787019729614,
3,14,1.0716930627822876,1.0472369194030762,0.024358011782169342,0.9809557795524597,
3,15,0.5553556084632874,0.5358166098594666,0.019319910556077957,2.191133975982666,
3,16,0.4099900722503662,0.3955077826976776,0.014391111209988594,0.9115345478057861,
3,17,0.5002460479736328,0.48595571517944336,0.014174354262650013,1.1596428155899048,
3,18,0.6430215239524841,0.624060869216919,0.018900727853178978,0.5988225936889648,
3,19,0.5095801949501038,0.49034225940704346,0.019022919237613678,2.1497011184692383,
3,20,0.5809600353240967,0.5596595406532288,0.021233640611171722,0.6690279841423035,
3,21,0.6167979836463928,0.6016666293144226,0.014949319884181023,1.8203798532485962,
3,22,1.1637474298477173,1.1393792629241943,0.024176741018891335,1.9141576290130615,
3,23,0.5626032948493958,0.5408820509910583,0.021418284624814987,3.0298213958740234,
3,24,0.3905051648616791,0.37712371349334717,0.013311636634171009,0.6982315182685852,
3,25,1.0758765935897827,1.049239158630371,0.02646750956773758,1.6986126899719238,
3,26,0.7552206516265869,0.72432941198349,0.03051600605249405,3.752399444580078,
3,27,0.7782926559448242,0.7571887969970703,0.021013665944337845,0.9019887447357178,
3,28,0.9170703887939453,0.8945237994194031,0.022428281605243683,1.183388352394104,
3,29,0.663142740726471,0.640618622303009,0.02221824787557125,3.0590879917144775,
3,30,0.6288158893585205,0.6099557876586914,0.018800389021635056,0.5971277952194214,
3,31,0.9435077905654907,0.9210893511772156,0.02231721766293049,1.0120201110839844,
3,32,0.39534860849380493,0.3807045519351959,0.014548870734870434,0.9519592523574829,
3,33,0.7632569074630737,0.7435040473937988,0.01967557892203331,0.7732427716255188,
3,34,0.5919791460037231,0.5770306587219238,0.014828899875283241,1.1954585313796997,
3,35,0.7257442474365234,0.6988959312438965,0.026543116196990013,3.0518901348114014,
3,36,0.8519272804260254,0.8321189880371094,0.01972971111536026,0.7852990031242371,
3,37,0.6093515157699585,0.5890742540359497,0.020032111555337906,2.4512786865234375,
3,38,0.9335682988166809,0.9124394059181213,0.021024707704782486,1.0416759252548218,
3,39,0.8343618512153625,0.814042329788208,0.02019241638481617,1.2708323001861572,
3,40,1.0252922773361206,1.0035643577575684,0.02158447727560997,1.4338537454605103,
3,41,0.5633732676506042,0.5484580993652344,0.014768509194254875,1.467134714126587,
3,42,0.5031185150146484,0.48558396100997925,0.01735631190240383,1.7818944454193115,
3,43,0.421957790851593,0.40701067447662354,0.014821602962911129,1.2553895711898804,
3,44,0.6518101096153259,0.6305786371231079,0.020956426858901978,2.750837802886963,
3,45,0.631935715675354,0.6136361360549927,0.018242593854665756,0.5695812702178955,
3,46,0.611549973487854,0.5935911536216736,0.01769011840224266,2.6872644424438477,
3,47,0.5547968149185181,0.5344520211219788,0.020056702196598053,2.8805081844329834,
3,48,0.5857861638069153,0.5670163035392761,0.018708383664488792,0.6145026087760925,
3,49,0.5960013270378113,0.5747556090354919,0.02099692076444626,2.4881763458251953,
3,50,0.5549378991127014,0.5352148413658142,0.0194997638463974,2.2328200340270996,
3,51,1.1253690719604492,1.103661298751831,0.021528583019971848,1.7911865711212158,
3,52,1.2220996618270874,1.197492003440857,0.024462241679430008,1.4547216892242432,
3,53,1.1137018203735352,1.0891904830932617,0.024294769391417503,2.16584849357605,
3,54,0.8518511056900024,0.8352322578430176,0.016295256093144417,3.2358996868133545,
3,55,0.38335922360420227,0.36992910504341125,0.013340937905013561,0.891605794429779,
3,56,1.08391535282135,1.0619921684265137,0.021816834807395935,1.0632054805755615,
3,57,0.7694750428199768,0.7377027273178101,0.03140602633357048,3.6624534130096436,
3,58,0.6614232063293457,0.6382514238357544,0.022919148206710815,2.5257785320281982,
3,59,0.7728853821754456,0.7570167779922485,0.01579548418521881,0.7315970659255981,
3,60,0.6961737275123596,0.679478108882904,0.01662684604525566,0.6881303191184998,
3,61,0.6227174997329712,0.6039441823959351,0.018545564264059067,2.277768850326538,
3,62,0.8347117900848389,0.8150712847709656,0.01950676366686821,1.3378105163574219,
3,63,0.7929314374923706,0.7753505706787109,0.017499316483736038,0.8153241872787476,
3,64,0.6114243268966675,0.591441810131073,0.01971473917365074,2.677769899368286,
3,65,0.5576702952384949,0.5418578386306763,0.015760159119963646,0.5229088068008423,
3,66,0.5157545208930969,0.5003848075866699,0.015166280791163445,2.034418821334839,
3,67,0.7034971714019775,0.6870524287223816,0.016374602913856506,0.701621413230896,
3,68,0.6408965587615967,0.6247192025184631,0.016126934438943863,0.5045332312583923,
3,69,0.8615344166755676,0.8425682187080383,0.018888283520936966,0.7791517376899719,
3,70,0.6535365581512451,0.6301369071006775,0.023098278790712357,3.0138769149780273,
3,71,1.1616922616958618,1.137957215309143,0.0236134584993124,1.21639084815979,
3,72,0.7914977669715881,0.7764962911605835,0.014950871467590332,0.5057757496833801,
3,73,0.8123804330825806,0.7880573272705078,0.024047069251537323,2.7603394985198975,
3,74,0.6314653754234314,0.6145639419555664,0.01684466190636158,0.5672726035118103,
3,75,0.4851333796977997,0.47027793526649475,0.01469243224710226,1.6303035020828247,
3,76,1.0502886772155762,1.0315568447113037,0.018652617931365967,0.7912368774414062,
3,77,0.6668576598167419,0.6477721929550171,0.018839646130800247,2.458385467529297,
3,78,0.4922904670238495,0.4794045090675354,0.012778390198946,1.0755897760391235,
3,79,0.9855924844741821,0.9667657017707825,0.018738487735390663,0.8825175762176514,
3,80,1.1795424222946167,1.1571035385131836,0.022318387404084206,1.205565094947815,
3,81,0.8631642460823059,0.846120297908783,0.0169505812227726,0.9333197474479675,
3,82,1.130942940711975,1.109451413154602,0.021395031362771988,0.9644305109977722,
3,83,0.5785086154937744,0.562635064125061,0.015819182619452477,0.5433819890022278,
3,84,0.4189859926700592,0.4058229923248291,0.013046516105532646,1.165090560913086,
3,85,0.8639609217643738,0.8461462259292603,0.017739873379468918,0.7481462359428406,
3,86,0.6195770502090454,0.6029493808746338,0.016572320833802223,0.5539149641990662,
3,87,0.9211224913597107,0.9031359553337097,0.01790708862245083,0.7943769693374634,
3,88,1.0053508281707764,0.9879363775253296,0.01733236387372017,0.8215475082397461,
3,89,0.39839547872543335,0.38666412234306335,0.011641720309853554,0.8963819742202759,
3,90,0.8999001383781433,0.8845157623291016,0.015324666164815426,0.5972483158111572,
3,91,1.132563591003418,1.1168475151062012,0.01563388854265213,0.8219423294067383,
3,92,0.4820174276828766,0.4715399444103241,0.01039093267172575,0.865592360496521,
3,93,0.7899563312530518,0.7666772603988647,0.022829193621873856,4.498661994934082,
3,94,0.5102024674415588,0.49457478523254395,0.015427395701408386,2.002734422683716,
3,95,0.5861420631408691,0.5711666345596313,0.014825521036982536,1.4988285303115845,
3,96,0.4718667268753052,0.4586029648780823,0.01315687969326973,1.0686770677566528,
3,97,1.1000970602035522,1.0801422595977783,0.01985648274421692,0.9836872816085815,
3,98,0.9641526341438293,0.9456960558891296,0.018385544419288635,0.7102183699607849,
3,99,0.4313921630382538,0.4183034300804138,0.0129670649766922,1.2166905403137207,
3,100,0.7531801462173462,0.7375367879867554,0.015582973137497902,0.603879451751709,
4,1,0.8608490228652954,0.8425784707069397,0.01818675361573696,0.8377934694290161,
4,2,0.6454587578773499,0.6268918514251709,0.01834098994731903,2.258735179901123,
4,3,0.8814085721969604,0.8660315275192261,0.015315471217036247,0.6157406568527222,
4,4,0.8725694417953491,0.8565757274627686,0.015923909842967987,0.6978177428245544,
4,5,0.7406562566757202,0.726730465888977,0.01385842077434063,0.6734018325805664,
4,6,0.851763904094696,0.8336089849472046,0.018032226711511612,1.2265831232070923,
4,7,0.8193017840385437,0.7950453162193298,0.02396966516971588,2.868443012237549,
4,8,0.6202061176300049,0.6037615537643433,0.01630305126309395,1.4148129224777222,
4,9,0.6096800565719604,0.5898047685623169,0.019633209332823753,2.4204399585723877,
4,10,0.8514383435249329,0.8344316482543945,0.01693466305732727,0.720761775970459,
4,11,1.068284511566162,1.0419985055923462,0.02587689831852913,4.091066360473633,
4,12,0.6919472217559814,0.6769933700561523,0.014891836792230606,0.6199263334274292,
4,13,0.5816115736961365,0.5631367564201355,0.018252519890666008,2.223431348800659,
4,14,1.0964994430541992,1.0774636268615723,0.018937906250357628,0.9784897565841675,
4,15,0.41573354601860046,0.40698331594467163,0.00869102030992508,0.5920994281768799,
4,16,0.3811451196670532,0.37049171328544617,0.010587740689516068,0.6566193103790283,
4,17,0.603299081325531,0.5818397998809814,0.021199330687522888,2.5990843772888184,
4,18,1.0530093908309937,1.03255295753479,0.020360015332698822,0.9639541506767273,
4,19,0.5910611152648926,0.5705767869949341,0.020226726308465004,2.576373815536499,
4,20,0.6553717851638794,0.6329349279403687,0.02215993031859398,2.76920747756958,
4,21,0.917983889579773,0.8990844488143921,0.01881752908229828,0.8190262913703918,
4,22,0.7144573926925659,0.6982517242431641,0.016146380454301834,0.5928311944007874,
4,23,0.5793933868408203,0.564253032207489,0.015088710933923721,0.5161208510398865,
4,24,0.604556679725647,0.5869591236114502,0.017368290573358536,2.292419672012329,
4,25,1.1619539260864258,1.1427745819091797,0.019061379134655,1.179763913154602,
4,26,0.8597192764282227,0.8438205718994141,0.015833215788006783,0.6551279425621033,
4,27,1.0765249729156494,1.059528112411499,0.016909141093492508,0.8772988319396973,
4,28,0.738328218460083,0.713895320892334,0.024149470031261444,2.8340232372283936,
4,29,0.40900030732154846,0.39568576216697693,0.013200758956372738,1.1377087831497192,
4,30,0.6271896958351135,0.6085940003395081,0.018374167382717133,2.2156319618225098,
4,31,0.4777495265007019,0.46377962827682495,0.01381709799170494,1.5280412435531616,
4,32,0.6148000359535217,0.5990549325942993,0.015573623590171337,1.7147247791290283,
4,33,1.1011568307876587,1.0804316997528076,0.02062181383371353,1.0331915616989136,
4,34,1.1537829637527466,1.1317414045333862,0.02191803976893425,1.2355660200119019,
4,35,0.4936021566390991,0.4779755473136902,0.015424370765686035,2.0224063396453857,
4,36,0.5095230340957642,0.4913618564605713,0.01796342432498932,1.9777313470840454,
4,37,0.8337775468826294,0.8168888092041016,0.016821876168251038,0.6688907742500305,
4,38,0.3803394138813019,0.36994698643684387,0.010335964150726795,0.564780056476593,
4,39,0.6815893650054932,0.6665157079696655,0.015009665861725807,0.6398589015007019,
4,40,0.5338488221168518,0.5175595283508301,0.016109401360154152,1.7991328239440918,
4,41,0.6482465863227844,0.6246854662895203,0.02319776453077793,3.6335747241973877,
4,42,1.0832339525222778,1.0647857189178467,0.018351223319768906,0.9708352088928223,
4,43,0.5149404406547546,0.4999636113643646,0.014758867211639881,2.1798300743103027,
4,44,0.7317058444023132,0.7183489203453064,0.013296607881784439,0.6030621528625488,
4,45,0.8939514756202698,0.8782187104225159,0.015649275854229927,0.835028886795044,
4,46,0.8772291541099548,0.8613215684890747,0.0157980564981699,1.0952600240707397,
4,47,0.6516306400299072,0.6330057382583618,0.01840975135564804,2.1516594886779785,
4,48,0.5578831434249878,0.5402141809463501,0.0173933245241642,2.756361246109009,
4,49,0.4998667538166046,0.4864234924316406,0.013257408514618874,1.8585187196731567,
4,50,1.0635054111480713,1.044966459274292,0.01844312623143196,0.9583034515380859,
4,51,0.5848137736320496,0.5681027173995972,0.016559606418013573,1.5147953033447266,
4,52,1.1900891065597534,1.1722168922424316,0.017778215929865837,0.9403361082077026,
4,53,0.5007754564285278,0.48468801379203796,0.015911739319562912,1.756858468055725,
4,54,0.41921544075012207,0.4106098413467407,0.008549843914806843,0.5575871467590332,
4,55,0.6614958047866821,0.6373322010040283,0.023855676874518394,3.079320192337036,
4,56,1.0541428327560425,1.0275299549102783,0.026411689817905426,2.0126779079437256,
4,57,1.0736206769943237,1.0538105964660645,0.01972382515668869,0.8630544543266296,
4,58,0.9734090566635132,0.9554245471954346,0.017904814332723618,0.796669602394104,
4,59,0.6145640015602112,0.5985720157623291,0.015752526000142097,2.3943026065826416,
4,60,0.8722537159919739,0.8514866232872009,0.02061498537659645,1.5210756063461304,
4,61,1.0868818759918213,1.0692070722579956,0.017585519701242447,0.8924604058265686,
4,62,0.3947675824165344,0.3860555589199066,0.008657542988657951,0.5447816252708435,
4,63,0.5224732756614685,0.506919264793396,0.015373604372143745,1.8042105436325073,
4,64,0.5963277220726013,0.5815525650978088,0.014577332884073257,1.978057622909546,
4,65,0.41428542137145996,0.4025706350803375,0.011585461907088757,1.2930073738098145,
4,66,0.6421810388565063,0.6216952800750732,0.020239364355802536,2.4639439582824707,
4,67,0.8195741176605225,0.802685022354126,0.016777530312538147,1.1155529022216797,
4,68,0.8298182487487793,0.7979426383972168,0.03136269375681877,5.129257678985596,
4,69,0.6391473412513733,0.616913914680481,0.02194948121905327,2.8395159244537354,
4,70,0.8053710460662842,0.7886583805084229,0.0166376493871212,0.7504996657371521,
4,71,0.42137613892555237,0.41156691312789917,0.009681853465735912,1.2738208770751953,
4,72,0.6197942495346069,0.5997682809829712,0.01976320892572403,2.6272881031036377,
4,73,0.7328563332557678,0.7049789428710938,0.027509434148669243,3.679621934890747,
4,74,0.7582258582115173,0.7420251369476318,0.016117479652166367,0.8329617977142334,
4,75,0.6397662162780762,0.6172131299972534,0.022242801263928413,3.102947950363159,
4,76,0.6846857070922852,0.6589798927307129,0.02527656778693199,4.292849540710449,
4,77,0.8208936452865601,0.7947089672088623,0.025823745876550674,3.6091363430023193,
4,78,0.5502657890319824,0.5369817614555359,0.013237541541457176,0.4651174545288086,
4,79,0.8110796809196472,0.7954837083816528,0.015516603365540504,0.7936628460884094,
4,80,0.9908408522605896,0.9706303477287292,0.020052675157785416,1.5783628225326538,
4,81,0.7462301850318909,0.7326520085334778,0.013530038297176361,0.48189741373062134,
4,82,0.3816765546798706,0.37034595012664795,0.011239731684327126,0.9086109399795532,
4,83,0.6089558005332947,0.5924409031867981,0.016267964616417885,2.469447612762451,
4,84,1.1535722017288208,1.1322474479675293,0.021095342934131622,2.2939603328704834,
4,85,0.7613382339477539,0.7458361387252808,0.015441348776221275,0.6076388955116272,
4,86,0.8353297710418701,0.8176807165145874,0.017517652362585068,1.3140819072723389,
4,87,0.7125366926193237,0.6974306702613831,0.015047521330416203,0.5844325423240662,
4,88,0.6072500348091125,0.5877102613449097,0.019335078075528145,2.0467288494110107,
4,89,0.627268373966217,0.6049910187721252,0.021992776542901993,2.8454158306121826,
4,90,0.7833258509635925,0.7675954103469849,0.015668034553527832,0.624151349067688,
4,91,0.8334833383560181,0.817448616027832,0.015964429825544357,0.7025566697120667,
4,92,0.7156956791877747,0.7013704776763916,0.014265855774283409,0.5934439301490784,
4,93,0.5458956956863403,0.5330252647399902,0.012824278324842453,0.461315780878067,
4,94,0.638974130153656,0.6174302697181702,0.021268635988235474,2.752192258834839,
4,95,0.9800056219100952,0.9648491740226746,0.015085682272911072,0.7076762914657593,
4,96,0.7345022559165955,0.721473217010498,0.01297266036272049,0.5639899373054504,
4,97,0.49144744873046875,0.4803191125392914,0.011016903445124626,1.114393711090088,
4,98,0.4288869798183441,0.41759875416755676,0.011194497346878052,0.9373016953468323,
4,99,0.39722341299057007,0.38730987906455994,0.009835523553192616,0.7803285717964172,
4,100,1.0892537832260132,1.0707472562789917,0.018415264785289764,0.913257896900177,
5,1,0.4706731140613556,0.4575098156929016,0.013013282790780067,1.5001773834228516,
5,2,0.7120234370231628,0.6855872869491577,0.026092134416103363,3.4406557083129883,
5,3,1.1831051111221313,1.1663153171539307,0.016695257276296616,0.9453654289245605,
5,4,0.6461916565895081,0.6229475736618042,0.022907016798853874,3.37064266204834,
5,5,1.095620036125183,1.075081467628479,0.0203777477145195,1.6085437536239624,
5,6,1.1058452129364014,1.0859370231628418,0.019755959510803223,1.521893858909607,
5,7,0.6545124053955078,0.6327300667762756,0.021499697118997574,2.8266735076904297,
5,8,0.6409963369369507,0.6180697083473206,0.022573238238692284,3.5338807106018066,
5,9,1.2030987739562988,1.18295156955719,0.02004844881594181,0.9872359037399292,
5,10,0.6655362248420715,0.6526540517807007,0.01282983087003231,0.5231912136077881,
5,11,0.8794650435447693,0.8585789203643799,0.020693471655249596,1.926628589630127,
5,12,0.5345573425292969,0.5193793773651123,0.014987903647124767,1.9006891250610352,
5,13,0.4642251431941986,0.4535212814807892,0.010608522221446037,0.9534280896186829,
5,14,0.39082780480384827,0.3808572292327881,0.009891945868730545,0.7861752510070801,
5,15,0.744290828704834,0.7323962450027466,0.011850032955408096,0.4453016519546509,
5,16,0.9562491178512573,0.9220842719078064,0.03355248272418976,6.123866081237793,
5,17,0.7751829028129578,0.760748028755188,0.014365935698151588,0.6899223327636719,
5,18,0.40565136075019836,0.3952917456626892,0.010279900394380093,0.7971184253692627,
5,19,1.0591851472854614,1.0417068004608154,0.01738433539867401,0.9402588605880737,
5,20,0.8304378390312195,0.8141839504241943,0.016141869127750397,1.1200873851776123,
5,21,0.5706225037574768,0.5523664951324463,0.018012091517448425,2.4387364387512207,
5,22,0.6079857349395752,0.5887758135795593,0.01893199235200882,2.779125690460205,
5,23,0.6088516116142273,0.5898491144180298,0.01877124235033989,2.312955141067505,
5,24,0.8073397874832153,0.7913439869880676,0.015872646123170853,1.2315285205841064,
5,25,0.6043698191642761,0.5833863019943237,0.02068723924458027,2.9631755352020264,
5,26,0.842513918876648,0.8258548974990845,0.016520095989108086,1.3893013000488281,
5,27,0.8244509100914001,0.8096719980239868,0.014707145281136036,0.7178759574890137,
5,28,0.7032965421676636,0.690438449382782,0.012794389389455318,0.6369912028312683,
5,29,0.6714021563529968,0.6472499370574951,0.023776967078447342,3.752535820007324,
5,30,0.6672924757003784,0.6551502346992493,0.012093045748770237,0.49145641922950745,
5,31,0.8203123211860657,0.8047889471054077,0.015410339459776878,1.1298701763153076,
5,32,0.5783063769340515,0.5665774345397949,0.0116852056235075,0.4374156892299652,
5,33,0.5558785796165466,0.5439639091491699,0.011871851049363613,0.4278746545314789,
5,34,1.1287428140640259,1.1093165874481201,0.01918843947350979,2.3777124881744385,
5,35,0.4021349549293518,0.3918696343898773,0.010167072527110577,0.9824692010879517,
5,36,0.6414074897766113,0.6299594640731812,0.011402880772948265,0.4514105021953583,
5,37,0.6227291226387024,0.6018956303596497,0.020520508289337158,3.129551649093628,
5,38,0.833109438419342,0.8187990784645081,0.014241764321923256,0.6861599683761597,
5,39,1.1038252115249634,1.0848400592803955,0.018889550119638443,0.9562640190124512,
5,40,0.869279146194458,0.8537207841873169,0.015458639711141586,0.9971169829368591,
5,41,0.5226560235023499,0.5065077543258667,0.015955694019794464,1.9259839057922363,
5,42,0.8705786466598511,0.8320382237434387,0.03789743781089783,6.430363178253174,
5,43,0.6591879725456238,0.6423109769821167,0.016578946262598038,2.9804577827453613,
5,44,1.0546891689300537,1.0375580787658691,0.01704096421599388,0.9007253050804138,
5,45,0.7137795686721802,0.700313925743103,0.013409992679953575,0.5566207766532898,
5,46,0.4279575049877167,0.4164431691169739,0.011414047330617905,1.002766728401184,
5,47,0.5014379024505615,0.48555439710617065,0.0156794972717762,2.040231704711914,
5,48,0.6214819550514221,0.6098257303237915,0.0116166602820158,0.39582255482673645,
5,49,0.8483494520187378,0.8348245620727539,0.013445574790239334,0.7935262322425842,
5,50,0.39427101612091064,0.38427436351776123,0.009920952841639519,0.7568552494049072,
5,51,0.5355250835418701,0.5271024703979492,0.008306312374770641,1.162946105003357,
5,52,0.6294298768043518,0.6113255620002747,0.0178895965218544,2.1471850872039795,
5,53,0.6866573691368103,0.666068434715271,0.020289696753025055,2.9923040866851807,
5,54,0.6268495917320251,0.6049844622612,0.021559111773967743,3.0600552558898926,
5,55,0.8395274877548218,0.8234838247299194,0.01593587175011635,1.0777490139007568,
5,56,0.633226215839386,0.6158627271652222,0.017084762454032898,2.7870373725891113,
5,57,1.546165943145752,1.5168870687484741,0.02887829951941967,4.005275726318359,
5,58,0.5300889015197754,0.5143250226974487,0.015530575066804886,2.3327865600585938,
5,59,0.5756660103797913,0.5624322891235352,0.013185657560825348,0.48044151067733765,
5,60,0.6194815039634705,0.599237322807312,0.019966043531894684,2.780947685241699,
5,61,1.0765949487686157,1.0586118698120117,0.017885204404592514,0.9790704846382141,
5,62,0.7206153869628906,0.6986660957336426,0.021550673991441727,3.986445188522339,
5,63,1.0952266454696655,1.0743483304977417,0.020740455016493797,1.3785902261734009,
5,64,0.6646594405174255,0.6375561356544495,0.026676960289478302,4.2636003494262695,
5,65,0.6919790506362915,0.6633560657501221,0.028129879385232925,4.9311957359313965,
5,66,1.0126749277114868,0.9802863597869873,0.03163834661245346,7.501938343048096,
5,67,1.2182257175445557,1.195671796798706,0.022386476397514343,1.6752208471298218,
5,68,0.42727896571159363,0.4162907004356384,0.010894464328885078,0.937865674495697,
5,69,0.3704991638660431,0.35986730456352234,0.010540210641920567,0.9165262579917908,
5,70,0.7610679864883423,0.7480074167251587,0.01300842221826315,0.521248996257782,
5,71,0.8543503880500793,0.8382535576820374,0.015994790941476822,1.020298957824707,
5,72,0.5380391478538513,0.5258430242538452,0.012154213152825832,0.418895959854126,
5,73,0.6033021211624146,0.5854507684707642,0.017564281821250916,2.870293378829956,
5,74,0.628095269203186,0.6076072454452515,0.020232832059264183,2.5518057346343994,
5,75,0.7169495224952698,0.7014281749725342,0.015432512387633324,0.8878344893455505,
5,76,0.8462621569633484,0.8297582864761353,0.016425853595137596,0.7803563475608826,
5,77,0.964902937412262,0.9436748027801514,0.021044611930847168,1.8353087902069092,
5,78,0.5415874123573303,0.5194504857063293,0.021764792501926422,3.7208845615386963,
5,79,0.8220757246017456,0.7873443961143494,0.034174032509326935,5.573330879211426,
5,80,0.5018730759620667,0.48345595598220825,0.01818506047129631,2.320281744003296,
5,81,0.5784695148468018,0.5605789422988892,0.01771208830177784,1.7847011089324951,
5,82,0.45231419801712036,0.438368558883667,0.013810393400490284,1.3522825241088867,
5,83,0.5102511048316956,0.49091944098472595,0.01903786137700081,2.9379520416259766,
5,84,0.6052594184875488,0.5894865989685059,0.015600986778736115,1.7185611724853516,
5,85,0.966964066028595,0.9499322175979614,0.01694670133292675,0.851803183555603,
5,86,1.120208501815796,1.1006991863250732,0.019295059144496918,2.1426491737365723,
5,87,0.8227977156639099,0.8075870871543884,0.01512753777205944,0.8308454751968384,
5,88,0.6836839318275452,0.670864462852478,0.012758724391460419,0.6075189113616943,
5,89,0.3887757360935211,0.3800959587097168,0.008614752441644669,0.6502030491828918,
5,90,0.4244026243686676,0.4128323793411255,0.011472384445369244,0.9786182641983032,
5,91,0.8568663597106934,0.8414055109024048,0.01536441408097744,0.9644427299499512,
5,92,0.8964024782180786,0.8820204734802246,0.014315847307443619,0.6614507436752319,
5,93,0.9939107298851013,0.9782170057296753,0.015608217567205429,0.855486273765564,
5,94,1.0564392805099487,1.0393378734588623,0.01700359582901001,0.9785926342010498,
5,95,1.057834267616272,1.039057970046997,0.018691986799240112,0.8429409861564636,
5,96,1.058373212814331,1.0403517484664917,0.017934303730726242,0.8717271089553833,
5,97,0.609695315361023,0.5893195867538452,0.020088380202651024,2.873314142227173,
5,98,1.141706943511963,1.1242084503173828,0.01738511398434639,1.1335618495941162,
5,99,0.6511064767837524,0.6273409128189087,0.023449579253792763,3.1594009399414062,
5,100,0.4038528501987457,0.39186978340148926,0.011860346421599388,1.2273114919662476,
6,1,0.8931225538253784,0.8784939050674438,0.014553286135196686,0.7535783648490906,
6,2,0.9027599692344666,0.8790847063064575,0.02327335625886917,4.0192084312438965,
6,3,0.6179715394973755,0.6061173677444458,0.011814267374575138,0.3985617756843567,
6,4,0.5098447799682617,0.4913475513458252,0.018228011205792427,2.6924245357513428,
6,5,0.6124315857887268,0.5906910300254822,0.021411823108792305,3.2871975898742676,
6,6,0.9340465664863586,0.9055812358856201,0.02810416743159294,3.61165714263916,
6,7,1.2114853858947754,1.1891121864318848,0.022179558873176575,1.9354934692382812,
6,8,0.48213595151901245,0.4689750075340271,0.013014577329158783,1.4637395143508911,
6,9,0.966128408908844,0.949306309223175,0.01673411764204502,0.8797109127044678,
6,10,0.9539119601249695,0.9347512722015381,0.019002320244908333,1.583451509475708,
6,11,0.6254377365112305,0.612540066242218,0.012854625470936298,0.4302443265914917,
6,12,1.0558584928512573,1.0366058349609375,0.019157614558935165,0.9501904249191284,
6,13,0.8110487461090088,0.7882418036460876,0.022261861711740494,5.450617790222168,
6,14,0.36136046051979065,0.3508799970149994,0.010388197377324104,0.9228052496910095,
6,15,0.8272705674171448,0.8113434314727783,0.015854839235544205,0.7232708930969238,
6,16,0.8586631417274475,0.8420764803886414,0.01647580787539482,1.1085572242736816,
6,17,1.1399974822998047,1.117163896560669,0.02259572222828865,2.3781676292419434,
6,18,1.159986138343811,1.1376285552978516,0.0222129225730896,1.4465508460998535,
6,19,0.6073776483535767,0.5837404727935791,0.023270245641469955,3.6692826747894287,
6,20,0.7589206099510193,0.7451626658439636,0.013676395639777184,0.8155351281166077,
6,21,1.5747714042663574,1.490877628326416,0.08209550380706787,17.98244857788086,
6,22,1.1437870264053345,1.1236224174499512,0.02003558725118637,1.2895333766937256,
6,23,1.1331830024719238,1.1104187965393066,0.022559890523552895,2.0429587364196777,
6,24,0.7893205285072327,0.7743169069290161,0.014923319220542908,0.8029038310050964,
6,25,0.7640998363494873,0.7497268319129944,0.014287188649177551,0.8585594892501831,
6,26,0.8283174633979797,0.7891321182250977,0.038413919508457184,7.713943958282471,
6,27,1.231239676475525,1.1986533403396606,0.03204861655831337,5.3772406578063965,
6,28,0.37040191888809204,0.3613588809967041,0.00898364931344986,0.5940624475479126,
6,29,0.5965287685394287,0.571710467338562,0.024442095309495926,3.762218952178955,
6,30,0.8699146509170532,0.8541955947875977,0.015644853934645653,0.7419676780700684,
6,31,0.4768977165222168,0.46092039346694946,0.015739021822810173,2.382850408554077,
6,32,1.108111023902893,1.0852391719818115,0.02263183332979679,2.3998119831085205,
6,33,1.0133390426635742,0.9954085946083069,0.017839744687080383,0.9067996144294739,
6,34,0.42111828923225403,0.40815818309783936,0.012849889695644379,1.1019575595855713,
6,35,0.543998658657074,0.5224340558052063,0.021280299872159958,2.843402862548828,
6,36,0.37122437357902527,0.3607100248336792,0.010421444661915302,0.9287988543510437,
6,37,0.834242045879364,0.8184887170791626,0.01566106081008911,0.9224553108215332,
6,38,0.4815569818019867,0.4694174528121948,0.012014590203762054,1.249176263809204,
6,39,0.7531241178512573,0.7404451370239258,0.012631123885512352,0.47879186272621155,
6,40,0.39371880888938904,0.3825010657310486,0.011121665127575397,0.9608479738235474,
6,41,0.7929823994636536,0.7784223556518555,0.014482536353170872,0.7749199271202087,
6,42,0.4173312187194824,0.40694981813430786,0.010211855173110962,1.695556640625,
6,43,0.5360565185546875,0.5147576332092285,0.02093845047056675,3.604590892791748,
6,44,0.48237162828445435,0.46943604946136475,0.012788497842848301,1.4707489013671875,
6,45,0.5847668647766113,0.5658618211746216,0.018611213192343712,2.9387636184692383,
6,46,0.8787811994552612,0.8567508459091187,0.021887607872486115,1.4275647401809692,
6,47,0.5043454766273499,0.48512783646583557,0.018905317410826683,3.123419761657715,
6,48,0.6242119669914246,0.598145067691803,0.025639619678258896,4.273169040679932,
6,49,0.6018954515457153,0.5790225267410278,0.02242041565477848,4.525020122528076,
6,50,1.151570439338684,1.129514455795288,0.021809475496411324,2.4653265476226807,
6,51,0.89989173412323,0.884257972240448,0.015561899170279503,0.7190967798233032,
6,52,0.7784770131111145,0.7645679712295532,0.01383424922823906,0.7477865219116211,
6,53,0.6018062829971313,0.5789101123809814,0.02253761515021324,3.5860366821289062,
6,54,0.6659306883811951,0.6539632678031921,0.011918180622160435,0.4921655058860779,
6,55,0.3668840229511261,0.3566957116127014,0.010098367929458618,0.8994964361190796,
6,56,0.4756720960140228,0.46281760931015015,0.012707401998341084,1.470670223236084,
6,57,0.5446755290031433,0.5295423269271851,0.01494765467941761,1.8555299043655396,
6,58,0.760834813117981,0.7472723722457886,0.013489749282598495,0.7273397445678711,
6,59,0.5972186923027039,0.5797734260559082,0.017258543521165848,1.867512822151184,
6,60,0.8516409397125244,0.8370960354804993,0.014473848044872284,0.7106913924217224,
6,61,1.2584306001663208,1.233480453491211,0.024696778506040573,2.5332038402557373,
6,62,1.7314294576644897,1.677993655204773,0.05257519707083702,8.605817794799805,
6,63,0.6417912840843201,0.6173565983772278,0.024086657911539078,3.480452537536621,
6,64,0.7247171998023987,0.7118250727653503,0.012806423008441925,0.8573455810546875,
6,65,0.6281117796897888,0.6035385727882385,0.024150174111127853,4.229914665222168,
6,66,0.7644492983818054,0.7509207725524902,0.01345211174339056,0.7640620470046997,
6,67,0.8134389519691467,0.7791184782981873,0.03381747752428055,5.029751300811768,
6,68,0.7405392527580261,0.7288554310798645,0.011637290008366108,0.4656997621059418,
6,69,0.5410967469215393,0.5306199789047241,0.010439257137477398,0.374642550945282,
6,70,1.0894389152526855,1.0702645778656006,0.019012264907360077,1.6208415031433105,
6,71,0.9809430241584778,0.9648818969726562,0.01597362756729126,0.8751317262649536,
6,72,0.4693320393562317,0.4556107521057129,0.013526253402233124,1.9504033327102661,
6,73,0.38941851258277893,0.379885733127594,0.009445251896977425,0.8751679062843323,
6,74,0.7618986368179321,0.7492952346801758,0.012528494000434875,0.7490894794464111,
6,75,1.0122748613357544,0.9960423111915588,0.016132580116391182,1.0005643367767334,
6,76,0.6300619840621948,0.6083326935768127,0.021411336958408356,3.179508686065674,
6,77,0.559749186038971,0.5492540597915649,0.010454868897795677,0.40204057097435,
6,78,0.891137421131134,0.8763208985328674,0.014726446941494942,0.9005776047706604,
6,79,0.38856208324432373,0.37870755791664124,0.009773392230272293,0.8112118244171143,
6,80,0.567630410194397,0.5569018125534058,0.010688294656574726,0.4028492569923401,
6,81,0.6447814106941223,0.6235975027084351,0.020755384117364883,4.284870624542236,
6,82,0.6352611184120178,0.6129688024520874,0.022010885179042816,2.8145177364349365,
6,83,0.8916378617286682,0.8755782842636108,0.01593988947570324,1.196589469909668,
6,84,0.3609376847743988,0.3531733453273773,0.007712883409112692,0.5147413015365601,
6,85,0.8205967545509338,0.7860008478164673,0.03410153090953827,4.943317413330078,
6,86,0.4583967626094818,0.4434499144554138,0.01474983710795641,1.9700983762741089,
6,87,0.39735132455825806,0.3890950083732605,0.008185042068362236,0.7128855586051941,
6,88,0.9593831896781921,0.9438759088516235,0.015427004545927048,0.8026099801063538,
6,89,0.8913763761520386,0.8773462772369385,0.013956708833575249,0.7337090373039246,
6,90,1.0235280990600586,1.0078051090240479,0.015637356787919998,0.8564454317092896,
6,91,1.1467453241348267,1.1263965368270874,0.020120130851864815,2.2859582901000977,
6,92,0.7844098210334778,0.7710856795310974,0.013222198002040386,1.0191278457641602,
6,93,0.4632264971733093,0.45136570930480957,0.011733327060937881,1.2747043371200562,
6,94,0.5732227563858032,0.5524179339408875,0.020522169768810272,2.8262791633605957,
6,95,0.4581652879714966,0.4450339674949646,0.012957459315657616,1.738571047782898,
6,96,0.882336437702179,0.867624044418335,0.01462551299482584,0.8689525127410889,
6,97,0.6408953666687012,0.6196013689041138,0.020874127745628357,4.198671340942383,
6,98,0.7034388184547424,0.6724442839622498,0.030585821717977524,4.08711051940918,
6,99,0.8476716876029968,0.8340916633605957,0.013490064069628716,0.8992717266082764,
6,100,0.9725044965744019,0.9565443992614746,0.01583731546998024,1.2280460596084595,
7,1,0.770789623260498,0.7588238716125488,0.011915057897567749,0.5065228343009949,
7,2,0.6296035647392273,0.6061735153198242,0.023108504712581635,3.2157490253448486,
7,3,1.1042665243148804,1.0882394313812256,0.015926633030176163,1.0050736665725708,
7,4,0.9821388125419617,0.968281090259552,0.013772260397672653,0.854909360408783,
7,5,0.8950710296630859,0.8815333247184753,0.01346615981310606,0.7151443958282471,
7,6,0.6104224920272827,0.6005576848983765,0.009829221293330193,0.35583215951919556,
7,7,0.39806586503982544,0.3899511992931366,0.008044720627367496,0.6996049880981445,
7,8,0.959342360496521,0.9447837471961975,0.014466110616922379,0.9252445101737976,
7,9,0.47096338868141174,0.4587564468383789,0.012068014591932297,1.3893591165542603,
7,10,0.994505763053894,0.9791934490203857,0.015228322707116604,0.8401004672050476,
7,11,1.067651391029358,1.0519201755523682,0.015640269964933395,0.9090310335159302,
7,12,0.4622303545475006,0.45015743374824524,0.011940711177885532,1.3221228122711182,
7,13,0.4258556067943573,0.4154078960418701,0.010353665798902512,0.9405733346939087,
7,14,0.6896803379058838,0.6635236740112305,0.025716183707118034,4.404567241668701,
7,15,1.0838860273361206,1.0656780004501343,0.018058352172374725,1.496923565864563,
7,16,0.5925641059875488,0.5745904445648193,0.017682574689388275,2.9111361503601074,
7,17,0.42110270261764526,0.40700799226760864,0.013934724032878876,1.5998759269714355,
7,18,1.0216468572616577,1.0074067115783691,0.014165986329317093,0.7412554621696472,
7,19,0.5275218486785889,0.5087999701499939,0.018414843827486038,3.070122718811035,
7,20,1.2125356197357178,1.1936464309692383,0.018749374896287918,1.3982834815979004,
7,21,1.0688775777816772,1.0532097816467285,0.015582985244691372,0.8475145697593689,
7,22,0.9294254183769226,0.9137058258056641,0.015597714111208916,1.2191026210784912,
7,23,0.5815442800521851,0.5641345381736755,0.01713169924914837,2.780379295349121,
7,24,0.6134558916091919,0.591135561466217,0.021977335214614868,3.4294323921203613,
7,25,0.8066883087158203,0.7772362232208252,0.029016342014074326,4.35759162902832,
7,26,1.1283191442489624,1.1091666221618652,0.01893586665391922,2.1657729148864746,
7,27,0.470661461353302,0.4599071443080902,0.01064952090382576,1.0477919578552246,
7,28,0.38921305537223816,0.38042229413986206,0.00872047245502472,0.7029779553413391,
7,29,0.8802399635314941,0.86496901512146,0.015181276015937328,0.8961818814277649,
7,30,1.1459819078445435,1.127742886543274,0.018127169460058212,1.1184309720993042,
7,31,0.582081139087677,0.5590947866439819,0.022623538970947266,3.6283607482910156,
7,32,0.9672336578369141,0.9511032700538635,0.016039639711380005,0.9070429801940918,
7,33,0.40662863850593567,0.39479443430900574,0.011703703552484512,1.3049074411392212,
7,34,0.8608980178833008,0.8472639322280884,0.013564541935920715,0.6956332921981812,
7,35,0.7356876730918884,0.7253913879394531,0.010255084373056889,0.41164666414260864,
7,36,0.6067864894866943,0.58528733253479,0.021133754402399063,3.653728485107422,
7,37,0.6461923718452454,0.6256981492042542,0.020081689581274986,4.125096797943115,
7,38,0.9906362295150757,0.9760777950286865,0.014483744278550148,0.7465972900390625,
7,39,0.8269330859184265,0.8134119510650635,0.013436581008136272,0.8460716605186462,
7,40,0.5707927942276001,0.5522646903991699,0.018291715532541275,2.363964080810547,
7,41,0.6441336274147034,0.6232394576072693,0.020471710711717606,4.22468376159668,
7,42,1.144436001777649,1.1265240907669067,0.017776602879166603,1.352527141571045,
7,43,0.5935748219490051,0.5704522132873535,0.022794857621192932,3.2774667739868164,
7,44,0.4169919788837433,0.4065183401107788,0.010379094630479813,0.9453508853912354,
7,45,0.46384936571121216,0.4509487748146057,0.012726224958896637,1.7436771392822266,
7,46,0.5781347155570984,0.5595948696136475,0.018346838653087616,1.9301798343658447,
7,47,0.47620436549186707,0.46406733989715576,0.012008195742964745,1.288217306137085,
7,48,1.1194995641708374,1.1011464595794678,0.018160682171583176,1.9235275983810425,
7,49,0.840326726436615,0.8274623155593872,0.012795975431799889,0.6844825148582458,
7,50,0.5500910878181458,0.541103720664978,0.008954141288995743,0.3322737514972687,
7,51,1.143118143081665,1.126326560974121,0.01668725162744522,1.0432382822036743,
7,52,0.4254641532897949,0.4159266948699951,0.009443780407309532,0.9366090893745422,
7,53,0.3928384482860565,0.3849310874938965,0.007836696691811085,0.7065525054931641,
7,54,0.620055079460144,0.5957150459289551,0.023858319967985153,4.816991806030273,
7,55,0.8667401671409607,0.8520442247390747,0.014605188742280006,0.9078443646430969,
7,56,0.9587558507919312,0.943484902381897,0.015193100087344646,0.7784013152122498,
7,57,1.0812115669250488,1.062828779220581,0.018227774649858475,1.5491559505462646,
7,58,0.9714112877845764,0.9554342031478882,0.01585262268781662,1.2443267107009888,
7,59,0.7435015439987183,0.7319797873497009,0.011452767997980118,0.6894476413726807,
7,60,0.6268262267112732,0.5992963314056396,0.027111392468214035,4.185062408447266,
7,61,0.8653271794319153,0.8521292209625244,0.013131555169820786,0.6638601422309875,
7,62,0.8482655882835388,0.8135657906532288,0.034183815121650696,5.159713268280029,
7,63,0.8563691973686218,0.8438717722892761,0.012433812022209167,0.6359509825706482,
7,64,0.9340531826019287,0.9196274876594543,0.014326485805213451,0.9920325875282288,
7,65,0.8330399394035339,0.8192842602729797,0.013660534285008907,0.9510682821273804,
7,66,0.8685238361358643,0.8545728325843811,0.013858335092663765,0.9265902042388916,
7,67,0.712713360786438,0.7019505500793457,0.010713856667280197,0.48921146988868713,
7,68,0.6704517006874084,0.660353422164917,0.010051218792796135,0.4710174798965454,
7,69,0.5331199765205383,0.5126123428344727,0.020146988332271576,3.606440544128418,
7,70,0.6007065176963806,0.5826512575149536,0.017840540036559105,2.1467466354370117,
7,71,0.6549383401870728,0.6266125440597534,0.027865614742040634,4.6022772789001465,
7,72,0.7380861043930054,0.7281686663627625,0.00987498089671135,0.4245555102825165,
7,73,0.6422732472419739,0.6149834394454956,0.026859238743782043,4.306121349334717,
7,74,0.8186850547790527,0.8061595559120178,0.01242947019636631,0.9605045914649963,
7,75,0.4023875594139099,0.3943787217140198,0.00792207382619381,0.8675715327262878,
7,76,0.8745680451393127,0.8624831438064575,0.012022992596030235,0.6192893385887146,
7,77,1.2386480569839478,1.2191907167434692,0.019301727414131165,1.5557146072387695,
7,78,0.5558246374130249,0.5476102828979492,0.008182734251022339,0.31594401597976685,
7,79,0.6398676037788391,0.6195331811904907,0.0199827179312706,3.517432689666748,
7,80,0.7451406717300415,0.7074317336082458,0.037176087498664856,5.328680515289307,
7,81,0.9512167572975159,0.9371825456619263,0.013968339189887047,0.6588910222053528,
7,82,0.5832953453063965,0.5671480894088745,0.01598222926259041,1.650484561920166,
7,83,0.8792316913604736,0.8609779477119446,0.01813187263906002,1.219142198562622,
7,84,0.4489315450191498,0.4351996183395386,0.01348746009171009,2.444608211517334,
7,85,0.5748079419136047,0.5589067339897156,0.015737172216176987,1.6402647495269775,
7,86,0.3714740574359894,0.36321184039115906,0.008190665394067764,0.7154865264892578,
7,87,0.5774258375167847,0.5606926679611206,0.016482073813676834,2.511275291442871,
7,88,0.5771651864051819,0.5675752758979797,0.0095524275675416,0.3751663267612457,
7,89,1.153757095336914,1.1365985870361328,0.01705070212483406,1.0770641565322876,
7,90,1.022614598274231,1.0082902908325195,0.014254694804549217,0.6956294775009155,
7,91,1.0690562725067139,1.0516138076782227,0.017251893877983093,1.906125545501709,
7,92,0.7114949226379395,0.7009152770042419,0.010524468496441841,0.5517857074737549,
7,93,1.016162633895874,1.002458930015564,0.01362811028957367,0.7556906342506409,
7,94,0.7569714784622192,0.7454959154129028,0.011429035104811192,0.46575063467025757,
7,95,0.9655849933624268,0.9512868523597717,0.014224298298358917,0.7384415864944458,
7,96,0.6718025803565979,0.6486634016036987,0.022758718580007553,3.804792642593384,
7,97,0.5338469743728638,0.5198577046394348,0.013828487135469913,1.6078264713287354,
7,98,0.5893611907958984,0.5719811320304871,0.017152436077594757,2.2763638496398926,
7,99,0.5213878750801086,0.5035998821258545,0.017519095912575722,2.6885616779327393,
7,100,0.39019232988357544,0.38158658146858215,0.008526049554347992,0.7969126105308533,
8,1,0.7791121602058411,0.7672812938690186,0.011766218580305576,0.6467840671539307,
8,2,0.9211305379867554,0.9077600240707397,0.01329679973423481,0.7372335195541382,
8,3,0.6117480993270874,0.593707799911499,0.017781008034944534,2.5925862789154053,
8,4,0.6780909299850464,0.6589787006378174,0.018855301663279533,2.5695786476135254,
8,5,0.46431341767311096,0.4521821141242981,0.012010537087917328,1.2077081203460693,
8,6,0.8874726295471191,0.8743494153022766,0.013063396327197552,0.5984535813331604,
8,7,1.0877773761749268,1.0702149868011475,0.017411507666110992,1.5089956521987915,
8,8,0.723353922367096,0.6974730491638184,0.0255193542689085,3.6149723529815674,
8,9,0.7185541987419128,0.7078416347503662,0.010670875199139118,0.4165387749671936,
8,10,0.5858973860740662,0.5675368309020996,0.018104208633303642,2.5633811950683594,
8,11,0.8377201557159424,0.8242412805557251,0.013416929170489311,0.6193100810050964,
8,12,0.7528472542762756,0.7288801670074463,0.023556258529424667,4.10857629776001,
8,13,0.622745931148529,0.5976945161819458,0.024682283401489258,3.6914141178131104,
8,14,0.7433599233627319,0.7312244772911072,0.012062134221196175,0.7331066131591797,
8,15,0.8008275628089905,0.7872106432914734,0.013540593907237053,0.7638142704963684,
8,16,1.1659611463546753,1.1477380990982056,0.018103640526533127,1.1948500871658325,
8,17,0.5383486151695251,0.528708815574646,0.009604860097169876,0.3493939936161041,
8,18,0.5915123224258423,0.5709068179130554,0.020284004509449005,3.2152857780456543,
8,19,0.5304230451583862,0.5103468894958496,0.01972782239317894,3.483025312423706,
8,20,0.8437867760658264,0.8306658864021301,0.01303708553314209,0.8380675911903381,
8,21,1.0654155015945435,1.0501344203948975,0.015194728970527649,0.8625954389572144,
8,22,0.8934934139251709,0.8810743689537048,0.012356262654066086,0.6273910403251648,
8,23,0.6063183546066284,0.5856529474258423,0.020338572561740875,3.2683041095733643,
8,24,0.701295018196106,0.6894877552986145,0.011754617094993591,0.5265857577323914,
8,25,0.7114438414573669,0.7005742788314819,0.010818411596119404,0.5115662217140198,
8,26,0.38155800104141235,0.3723744750022888,0.009102481417357922,0.8104597926139832,
8,27,0.7161521315574646,0.6874335408210754,0.028318781405687332,3.9985668659210205,
8,28,0.38632142543792725,0.3778124451637268,0.00843365304172039,0.7533540725708008,
8,29,1.2294257879257202,1.202991008758545,0.026005202904343605,4.296570777893066,
8,30,0.9664300084114075,0.9516779780387878,0.014674078673124313,0.7794530391693115,
8,31,0.8706572651863098,0.8572952747344971,0.013292305171489716,0.6966376304626465,
8,32,0.3974745273590088,0.3861085772514343,0.0112454853951931,1.2046912908554077,
8,33,0.8396304249763489,0.8263887166976929,0.013174284249544144,0.6741241812705994,
8,34,0.365139901638031,0.3576905131340027,0.007397394627332687,0.5201647281646729,
8,35,0.8243095278739929,0.8111962080001831,0.01302566472440958,0.8765370845794678,
8,36,1.1635181903839111,1.1461297273635864,0.017255716025829315,1.328410267829895,
8,37,0.7067654728889465,0.6768326163291931,0.029485248029232025,4.476426124572754,
8,38,0.6089898943901062,0.5890458822250366,0.01965940371155739,2.84624981880188,
8,39,0.5211664438247681,0.5041784048080444,0.016721609979867935,2.6643788814544678,
8,40,0.9365592002868652,0.9232746362686157,0.013217436149716377,0.6713477373123169,
8,41,0.4552435576915741,0.44374191761016846,0.011334415525197983,1.6723467111587524,
8,42,0.5601738095283508,0.5451522469520569,0.014816829934716225,2.047574043273926,
8,43,0.5021308660507202,0.49051129817962646,0.011487593874335289,1.3197945356369019,
8,44,0.4059900939464569,0.39780858159065247,0.008110702969133854,0.7080375552177429,
8,45,0.9650714993476868,0.922797679901123,0.041763413697481155,5.103919506072998,
8,46,0.8203032612800598,0.8078041076660156,0.012440577149391174,0.5860447287559509,
8,47,0.6483163833618164,0.6273043155670166,0.020591644570231438,4.204577445983887,
8,48,0.8230183124542236,0.791938304901123,0.030602946877479553,4.770949363708496,
8,49,0.5997180938720703,0.5760456919670105,0.023316640406847,3.5576584339141846,
8,50,1.1592695713043213,1.1395304203033447,0.019584160298109055,1.5498979091644287,
8,51,0.79007488489151,0.7658461928367615,0.023551296442747116,6.773792266845703,
8,52,0.6573938131332397,0.6347551941871643,0.022164717316627502,4.739424228668213,
8,53,0.4111444354057312,0.39932891726493835,0.011673768050968647,1.4173450469970703,
8,54,0.7884787321090698,0.7488568425178528,0.0390230268239975,5.988736629486084,
8,55,1.10335111618042,1.0823612213134766,0.020803052932024002,1.8676124811172485,
8,56,0.4021892249584198,0.3921450972557068,0.009949799627065659,0.9433091878890991,
8,57,1.1748722791671753,1.1525808572769165,0.022115163505077362,1.7633166313171387,
8,58,0.809342622756958,0.7630605101585388,0.0456315279006958,6.50584077835083,
8,59,0.9058058857917786,0.8903531432151794,0.015372658148407936,0.8008727431297302,
8,60,1.123000979423523,1.101311206817627,0.021445896476507187,2.4389753341674805,
8,61,0.5878866314888,0.570873498916626,0.016821451485157013,1.9170949459075928,
8,62,0.9260935187339783,0.910952091217041,0.015042869374155998,0.9859403967857361,
8,63,0.5335208773612976,0.518011748790741,0.015319119207561016,1.9001054763793945,
8,64,0.4292176067829132,0.4203426241874695,0.00879029929637909,0.8467432260513306,
8,65,0.9838138818740845,0.9667376279830933,0.01691918820142746,1.5707136392593384,
8,66,0.7476716041564941,0.7370671033859253,0.010560297407209873,0.4424467384815216,
8,67,0.7048192024230957,0.6937826871871948,0.010987455025315285,0.4903630018234253,
8,68,0.507988452911377,0.49154597520828247,0.01620248146355152,2.3998825550079346,
8,69,0.7063932418823242,0.681870698928833,0.024026526138186455,4.960516452789307,
8,70,0.518793523311615,0.500876784324646,0.017652418464422226,2.643723964691162,
8,71,0.36343181133270264,0.3538118004798889,0.009531288407742977,0.8871471881866455,
8,72,0.7832098007202148,0.7707189321517944,0.012436933815479279,0.5391544699668884,
8,73,1.12630033493042,1.107088327407837,0.01899503357708454,2.1694748401641846,
8,74,0.8894550800323486,0.8504586219787598,0.03818017989397049,8.162910461425781,
8,75,0.5451124310493469,0.5349582433700562,0.010118195787072182,0.36015403270721436,
8,76,0.8976474404335022,0.8838993906974792,0.013676809147000313,0.7120085954666138,
8,77,0.8572684526443481,0.8424867391586304,0.014676658436655998,1.050540566444397,
8,78,0.4290548861026764,0.41699492931365967,0.01193004846572876,1.299043893814087,
8,79,0.7653188705444336,0.7528296113014221,0.012411056086421013,0.7818952202796936,
8,80,0.4913021922111511,0.4722314178943634,0.018761806190013885,3.089644432067871,
8,81,1.2551453113555908,1.2330055236816406,0.021951451897621155,1.8837310075759888,
8,82,0.5485240817070007,0.5319956541061401,0.0163282360881567,2.0021820068359375,
8,83,0.8076338171958923,0.7710442543029785,0.03599011152982712,5.994602680206299,
8,84,1.1649028062820435,1.1458382606506348,0.018879514187574387,1.849596381187439,
8,85,1.0449700355529785,1.028599739074707,0.016289493069052696,0.8087443709373474,
8,86,1.064926028251648,1.0463621616363525,0.018436316400766373,1.2752408981323242,
8,87,1.1651818752288818,1.14634370803833,0.01869926229119301,1.3883687257766724,
8,88,0.37265467643737793,0.36353498697280884,0.009042575024068356,0.7712792754173279,
8,89,0.6815224885940552,0.6699777841567993,0.01148471049964428,0.6002735495567322,
8,90,0.5971441268920898,0.5734770894050598,0.023326661437749863,3.4041872024536133,
8,91,0.6959864497184753,0.6850241422653198,0.010905098170042038,0.5719350576400757,
8,92,1.1312040090560913,1.1133426427841187,0.017742589116096497,1.187078595161438,
8,93,1.0831544399261475,1.0612733364105225,0.02160445787012577,2.7663350105285645,
8,94,0.7164888381958008,0.6869038343429565,0.029152605682611465,4.324012756347656,
8,95,1.0881630182266235,1.0706371068954468,0.017414312809705734,1.1159250736236572,
8,96,0.5429463982582092,0.5287588834762573,0.014013252221047878,1.7426812648773193,
8,97,0.422522634267807,0.4136785864830017,0.008755745366215706,0.883068859577179,
8,98,0.6318476796150208,0.598487377166748,0.03262392058968544,7.363377094268799,
8,99,0.5342671275138855,0.5142948627471924,0.0196249820291996,3.472330331802368,
8,100,0.5118132829666138,0.4961870610713959,0.01541169174015522,2.145246744155884,
9,1,0.744856059551239,0.7347103357315063,0.010104602202773094,0.41150352358818054,
9,2,0.7529703974723816,0.7416461706161499,0.011252742260694504,0.7146005630493164,
9,3,0.800857663154602,0.7706891894340515,0.029686424881219864,4.82027530670166,
9,4,0.586944043636322,0.5647138953208923,0.021881036460399628,3.4911859035491943,
9,5,0.9680701494216919,0.9519468545913696,0.01590830273926258,2.1500277519226074,
9,6,0.7744528651237488,0.7626098394393921,0.0117934700101614,0.4953998625278473,
9,7,0.8024992346763611,0.7899632453918457,0.012464492581784725,0.7152748703956604,
9,8,0.4579744338989258,0.44501179456710815,0.012767238542437553,1.9540693759918213,
9,9,0.9480383992195129,0.9321736097335815,0.015723567456007004,1.4121551513671875,
9,10,1.1116825342178345,1.0916929244995117,0.01974964514374733,2.3995320796966553,
9,11,0.9565612077713013,0.9404721260070801,0.015959832817316055,1.2920657396316528,
9,12,1.1454529762268066,1.1276068687438965,0.01772971823811531,1.163593053817749,
9,13,0.9636383652687073,0.9262399077415466,0.036397840827703476,10.006271362304688,
9,14,0.7012438178062439,0.6675288677215576,0.03323964774608612,4.752653121948242,
9,15,0.8627631664276123,0.8506585359573364,0.012038273736834526,0.6634824275970459,
9,16,0.727862536907196,0.7181606292724609,0.009656147100031376,0.45785951614379883,
9,17,0.8072288036346436,0.7761537432670593,0.030586672946810722,4.884220600128174,
9,18,0.6251463294029236,0.6166239976882935,0.008491721004247665,0.30622345209121704,
9,19,1.172353982925415,1.153926134109497,0.018270067870616913,1.5778933763504028,
9,20,0.6272755265235901,0.6025378108024597,0.024281488731503487,4.5619072914123535,
9,21,0.9423791766166687,0.9273086786270142,0.0149766243994236,0.9387909173965454,
9,22,0.809395432472229,0.7960474491119385,0.013253756798803806,0.9420540928840637,
9,23,1.0779095888137817,1.0460152626037598,0.031125620007514954,7.687178134918213,
9,24,0.36521127820014954,0.3583217263221741,0.006842311937361956,0.47230246663093567,
9,25,0.5715547204017639,0.5479700565338135,0.023216385394334793,3.6831982135772705,
9,26,0.5709994435310364,0.5487545728683472,0.021914994344115257,3.2987592220306396,
9,27,0.5522053241729736,0.5302963256835938,0.021591240540146828,3.177752733230591,
9,28,0.8434272408485413,0.8297144174575806,0.013637075200676918,0.7577806115150452,
9,29,1.026557207107544,1.0084402561187744,0.017954405397176743,1.6263879537582397,
9,30,0.6230495572090149,0.5954878330230713,0.02712422050535679,4.375221252441406,
9,31,0.6220076084136963,0.5948296785354614,0.02675541862845421,4.225283145904541,
9,32,0.4029833674430847,0.3955885171890259,0.007320004515349865,0.7483599185943604,
9,33,0.8907749652862549,0.8775677680969238,0.013120234943926334,0.8698109984397888,
9,34,0.8351603150367737,0.8227787613868713,0.012322772294282913,0.5879884958267212,
9,35,0.8630368709564209,0.8410220146179199,0.02179257571697235,2.222372531890869,
9,36,0.6644489765167236,0.6552861928939819,0.009119030088186264,0.43730539083480835,
9,37,0.7309209704399109,0.7189350128173828,0.011916032060980797,0.6992570161819458,
9,38,0.5893437266349792,0.5710909366607666,0.01802784949541092,2.2496893405914307,
9,39,0.7259666323661804,0.7152831554412842,0.010632735677063465,0.5074752569198608,
9,40,0.8318204283714294,0.8183472156524658,0.013381618075072765,0.9158311486244202,
9,41,0.5246273279190063,0.5159175395965576,0.0086790407076478,0.30783259868621826,
9,42,0.6204001307487488,0.5916993021965027,0.028275366872549057,4.254366874694824,
9,43,0.5701403021812439,0.5612612962722778,0.008844456635415554,0.34559109807014465,
9,44,1.2699569463729858,1.212226390838623,0.05666114389896393,10.694243431091309,
9,45,0.40861523151397705,0.399772971868515,0.008710082620382309,1.3218761682510376,
9,46,0.6885662078857422,0.6775995492935181,0.010916533879935741,0.5015618801116943,
9,47,1.1664748191833496,1.1457936763763428,0.020518142729997635,1.629441499710083,
9,48,0.3969564735889435,0.38785725831985474,0.009017311036586761,0.8188615441322327,
9,49,0.6479453444480896,0.6163206100463867,0.03109997697174549,5.247858047485352,
9,50,0.4152243137359619,0.4058781564235687,0.009256471879780293,0.8967353701591492,
9,51,0.7648486495018005,0.7525672316551208,0.012227427214384079,0.5403104424476624,
9,52,0.7933551073074341,0.7803418040275574,0.012945018708705902,0.682984471321106,
9,53,0.9718776941299438,0.9563013911247253,0.015493368729948997,0.8288865089416504,
9,54,0.5754584074020386,0.5562483072280884,0.018994448706507683,2.1566474437713623,
9,55,0.7617476582527161,0.7504984140396118,0.01119726337492466,0.519715428352356,
9,56,0.8970134258270264,0.8838099241256714,0.013133810833096504,0.6965545415878296,
9,57,0.78792804479599,0.7758814096450806,0.01197872031480074,0.6788269877433777,
9,58,0.7349860668182373,0.6978075504302979,0.0366351380944252,5.433696269989014,
9,59,0.6037366986274719,0.5799291729927063,0.023351307958364487,4.562005519866943,
9,60,0.41042765974998474,0.40221819281578064,0.008127097971737385,0.8237310647964478,
9,61,0.40400800108909607,0.39265552163124084,0.011207886971533298,1.4461467266082764,
9,62,0.6474788784980774,0.6199759244918823,0.02704153209924698,4.614240646362305,
9,63,0.931544303894043,0.9059545397758484,0.025296015664935112,2.9375646114349365,
9,64,0.6625874638557434,0.652928352355957,0.009616177529096603,0.4292443096637726,
9,65,0.3614064157009125,0.3528544008731842,0.008473392575979233,0.7862249612808228,
9,66,0.569294810295105,0.5477526187896729,0.02119363844394684,3.4854846000671387,
9,67,0.36483097076416016,0.35766685009002686,0.007115794345736504,0.48341405391693115,
9,68,0.5692496299743652,0.5536928176879883,0.015384944155812263,1.7182203531265259,
9,69,0.45256292819976807,0.43972915410995483,0.012658465653657913,1.7528749704360962,
9,70,0.6083210706710815,0.5991920828819275,0.00909542664885521,0.3354428708553314,
9,71,0.7217032313346863,0.7118563652038574,0.009807559661567211,0.39303967356681824,
9,72,0.5367709994316101,0.5226837992668152,0.013914011418819427,1.732352614402771,
9,73,0.5550998449325562,0.5468339920043945,0.008234379813075066,0.3149494230747223,
9,74,0.8182478547096252,0.8074340224266052,0.010762190446257591,0.515981912612915,
9,75,1.0411899089813232,1.027147650718689,0.013962911441922188,0.7944117188453674,
9,76,0.6359597444534302,0.6272878646850586,0.008634990081191063,0.3691287934780121,
9,77,0.5736452341079712,0.5527050495147705,0.020577356219291687,3.6283164024353027,
9,78,0.6579450368881226,0.6492977142333984,0.008608512580394745,0.38782331347465515,
9,79,0.8176069259643555,0.7852102518081665,0.03175996243953705,6.367231845855713,
9,80,0.3872334063053131,0.3795858919620514,0.007580102421343327,0.6742439270019531,
9,81,0.47961580753326416,0.4663318991661072,0.01310411375015974,1.7979283332824707,
9,82,0.609598696231842,0.5867478251457214,0.02243340201675892,4.174703598022461,
9,83,0.747905433177948,0.736788272857666,0.011075611226260662,0.4154698848724365,
9,84,0.7913945913314819,0.7571198344230652,0.0337538942694664,5.209064960479736,
9,85,0.5938789248466492,0.5689879655838013,0.024517834186553955,3.7310869693756104,
9,86,0.42576637864112854,0.4164399206638336,0.009241428226232529,0.8503634929656982,
9,87,0.36831074953079224,0.3597481846809387,0.008485175669193268,0.7740527391433716,
9,88,0.4142695367336273,0.40588265657424927,0.008309820666909218,0.7706404328346252,
9,89,0.8813139200210571,0.868611216545105,0.01264332327991724,0.593819797039032,
9,90,0.8750544190406799,0.8623564839363098,0.012612299993634224,0.8567905426025391,
9,91,0.4712512493133545,0.45707541704177856,0.01401140820235014,1.644269585609436,
9,92,0.5024505257606506,0.48280009627342224,0.019313808530569077,3.3665263652801514,
9,93,0.6381174325942993,0.6292869448661804,0.008796151727437973,0.34302616119384766,
9,94,0.5718700289726257,0.5505322217941284,0.0209751408547163,3.6271250247955322,
9,95,0.6271416544914246,0.5998873710632324,0.026864778250455856,3.8949599266052246,
9,96,0.3806188106536865,0.3731801509857178,0.007384244352579117,0.5441954135894775,
9,97,0.7184390425682068,0.7070936560630798,0.011272501200437546,0.7288916707038879,
9,98,1.5984174013137817,1.5462895631790161,0.05129338800907135,8.34498405456543,
9,99,0.6469659805297852,0.6190885305404663,0.027299819514155388,5.7761149406433105,
9,100,0.9352833032608032,0.9197733402252197,0.015432190150022507,0.7775723934173584,
10,1,1.147376298904419,1.1258995532989502,0.021333739161491394,1.4302153587341309,
10,2,1.2054553031921387,1.1804581880569458,0.024766072630882263,2.3099498748779297,
10,3,1.0108006000518799,0.9795533418655396,0.03051699325442314,7.302563667297363,
10,4,0.542649507522583,0.517786979675293,0.024412350729107857,4.501645565032959,
10,5,0.36041340231895447,0.3506896197795868,0.0096359234303236,0.8786303400993347,
10,6,1.0576186180114746,1.0371804237365723,0.020254500210285187,1.8369454145431519,
10,7,0.8261815309524536,0.8119884133338928,0.01408759132027626,1.0548852682113647,
10,8,0.8693398237228394,0.8561468720436096,0.013124058023095131,0.6891883015632629,
10,9,0.5231971144676208,0.5059834122657776,0.016983602195978165,2.300493001937866,
10,10,0.8483030796051025,0.8354446887969971,0.01279161311686039,0.6673668026924133,
10,11,1.3970588445663452,1.2763726711273193,0.11764281988143921,30.432968139648438,
10,12,0.5746683478355408,0.5502022504806519,0.024098625406622887,3.6745665073394775,
10,13,0.5921452045440674,0.573502779006958,0.01841438189148903,2.2802345752716064,
10,14,0.7249389886856079,0.7145074605941772,0.010383347049355507,0.48147761821746826,
10,15,0.8278447389602661,0.7828714847564697,0.04423937946557999,7.338306427001953,
10,16,0.5871800780296326,0.5624310374259949,0.02426980622112751,4.791985988616943,
10,17,1.1359755992889404,1.0623056888580322,0.07233913242816925,13.307374954223633,
10,18,0.5074208974838257,0.49129408597946167,0.015873011201620102,2.53818678855896,
10,19,0.539006233215332,0.5301429629325867,0.00883129145950079,0.3199380934238434,
10,20,0.8297768831253052,0.8160435557365417,0.013665290549397469,0.6799798607826233,
10,21,0.48985233902931213,0.4744853079319,0.015145738609135151,2.212859630584717,
10,22,0.7947165369987488,0.7818529009819031,0.012793030589818954,0.7064061164855957,
10,23,0.451280415058136,0.4352062940597534,0.01585613563656807,2.179698944091797,
10,24,1.0666102170944214,1.0508501529693604,0.015672150999307632,0.8791611194610596,
10,25,0.5642241835594177,0.5394487380981445,0.024350829422473907,4.24630069732666,
10,26,1.276956558227539,1.254103660583496,0.022653870284557343,1.991304636001587,
10,27,1.0870308876037598,1.070680856704712,0.01625276356935501,0.9728620648384094,
10,28,0.5787820219993591,0.5569300651550293,0.021512504667043686,3.3947346210479736,
10,29,0.5950602293014526,0.5693270564079285,0.02524685487151146,4.863407611846924,
10,30,0.476736456155777,0.461317777633667,0.015246463008224964,1.7223907709121704,
10,31,0.577245831489563,0.5565139055252075,0.020509257912635803,2.2266626358032227,
10,32,0.5273040533065796,0.5112419128417969,0.015853531658649445,2.086287021636963,
10,33,1.1358859539031982,1.1173429489135742,0.018419083207845688,1.239844560623169,
10,34,0.8837746381759644,0.8694821000099182,0.014224672690033913,0.6790122389793396,
10,35,0.7256340384483337,0.714386522769928,0.011203214526176453,0.44292351603507996,
10,36,1.0038447380065918,0.9849404096603394,0.01874467357993126,1.5957847833633423,
10,37,0.7945069670677185,0.7805299758911133,0.013872791081666946,1.0421267747879028,
10,38,0.41207247972488403,0.3992566466331482,0.01267552562057972,1.4030736684799194,
10,39,0.4827139973640442,0.467515230178833,0.014987719245254993,2.1107327938079834,
10,40,0.7333851456642151,0.6984412670135498,0.03427043557167053,6.734652996063232,
10,41,1.0784648656845093,1.0616004467010498,0.01676410622894764,1.0029405355453491,
10,42,0.968536376953125,0.9520434737205505,0.01637037843465805,1.2257559299468994,
10,43,0.6537002325057983,0.6229743957519531,0.030093517154455185,6.323672771453857,
10,44,0.48950549960136414,0.48081082105636597,0.008608216419816017,0.8646417260169983,
10,45,0.9802121520042419,0.9560089707374573,0.02395784668624401,2.453291893005371,
10,46,0.7432757616043091,0.7321057915687561,0.011119646951556206,0.5029283761978149,
10,47,0.9600006937980652,0.9444229602813721,0.015479995869100094,0.9775063395500183,
10,48,1.775850534439087,1.63923180103302,0.13288596272468567,37.32765579223633,
10,49,0.9320117831230164,0.9159826040267944,0.015944018959999084,0.8516804575920105,
10,50,0.9015446901321411,0.8799943923950195,0.021399961784482002,1.503374695777893,
10,51,0.5039557814598083,0.48357221484184265,0.020062902942299843,3.206637382507324,
10,52,0.8754755854606628,0.8064088821411133,0.06794848293066025,11.182504653930664,
10,53,0.48856332898139954,0.47718679904937744,0.011262982152402401,1.1354891061782837,
10,54,1.0710474252700806,1.0490466356277466,0.021797142922878265,2.0360443592071533,
10,55,0.41353097558021545,0.40096163749694824,0.012405873276293278,1.6346945762634277,
10,56,0.5604596734046936,0.541042149066925,0.019139103591442108,2.784156560897827,
10,57,0.41863569617271423,0.411554217338562,0.00701446458697319,0.6702958941459656,
10,58,0.86928790807724,0.8446938991546631,0.02431938424706459,2.745692491531372,
10,59,1.022470235824585,1.0064113140106201,0.015963977202773094,0.94896000623703,
10,60,0.8271312117576599,0.8150966167449951,0.011970194056630135,0.6439406275749207,
10,61,0.5651880502700806,0.5418553948402405,0.022987715899944305,3.449094295501709,
10,62,0.7217141389846802,0.7109463214874268,0.010709600523114204,0.5825690031051636,
10,63,0.3778422176837921,0.3684145212173462,0.00933009758591652,0.9759271144866943,
10,64,0.5850649476051331,0.554030179977417,0.03052249737083912,5.122618198394775,
10,65,0.49247482419013977,0.47693127393722534,0.015336916781961918,2.066235065460205,
10,66,0.6216238141059875,0.5883802175521851,0.03272133320569992,5.222854137420654,
10,67,0.5485730171203613,0.5396057367324829,0.00893496721982956,0.32284116744995117,
10,68,0.4835136830806732,0.46711868047714233,0.016096750274300575,2.982577085494995,
10,69,0.46562421321868896,0.4558311998844147,0.009689094498753548,1.0393224954605103,
10,70,0.9057843685150146,0.8928422331809998,0.01287795603275299,0.641890823841095,
10,71,0.6828452944755554,0.6736209392547607,0.009176487103104591,0.47871509194374084,
10,72,0.7676052451133728,0.7565536499023438,0.010983040556311607,0.6857303977012634,
10,73,0.8175944685935974,0.7759383320808411,0.041030265390872955,6.258384704589844,
10,74,0.7285739779472351,0.6847848892211914,0.043141499161720276,6.4761834144592285,
10,75,0.6207566857337952,0.5959829688072205,0.02440068870782852,3.730172872543335,
10,76,0.8863668441772461,0.8670524954795837,0.019108377397060394,2.0601189136505127,
10,77,1.0054363012313843,0.9909794926643372,0.014380421489477158,0.7644983530044556,
10,78,0.7483552098274231,0.7372831702232361,0.011011982336640358,0.6010039448738098,
10,79,0.6170122027397156,0.5872079133987427,0.029227104038000107,5.771917819976807,
10,80,0.7381592988967896,0.7281709909439087,0.00994868390262127,0.39637330174446106,
10,81,1.1815356016159058,1.1614861488342285,0.019916381686925888,1.3301252126693726,
10,82,0.6194670796394348,0.6002629995346069,0.01898639090359211,2.1768741607666016,
10,83,0.609747588634491,0.601125955581665,0.008591713383793831,0.2990749776363373,
10,84,0.73459792137146,0.7242381572723389,0.010302753187716007,0.5701048970222473,
10,85,1.1592727899551392,1.1394833326339722,0.01963290013372898,1.5654860734939575,
10,86,0.6224883198738098,0.5883972644805908,0.0334843248128891,6.067018508911133,
10,87,0.3967260420322418,0.3880465626716614,0.008584372699260712,0.9509673118591309,
10,88,1.0957156419754028,1.0772812366485596,0.018288586288690567,1.4575552940368652,
10,89,0.5708125829696655,0.5529218912124634,0.017630238085985184,2.604755401611328,
10,90,0.40500006079673767,0.3959345519542694,0.00895361602306366,1.1190303564071655,
10,91,1.107622742652893,1.0874420404434204,0.01995149627327919,2.2921741008758545,
10,92,1.1721876859664917,1.1519443988800049,0.020116019994020462,1.2733429670333862,
10,93,1.0156104564666748,0.9869170188903809,0.028397971764206886,2.954968214035034,
10,94,0.8324193358421326,0.8195899128913879,0.012772450223565102,0.5697273015975952,
10,95,0.9117211103439331,0.8980566263198853,0.013599869795143604,0.6462599039077759,
10,96,0.5259107351303101,0.5094003677368164,0.01628541201353073,2.2492141723632812,
10,97,0.4493795931339264,0.4374924600124359,0.011724199168384075,1.629265546798706,
10,98,0.8638242483139038,0.8505573272705078,0.013200050219893456,0.6689414978027344,
10,99,0.4596199095249176,0.44681316614151,0.012632358819246292,1.7436010837554932,
10,100,0.8365437388420105,0.8251287341117859,0.011359190568327904,0.5579984188079834,
11,1,0.9252018332481384,0.9108426570892334,0.014249063096940517,1.1006860733032227,
11,2,0.5576098561286926,0.534965455532074,0.022327445447444916,3.1700549125671387,
11,3,0.5960432291030884,0.5750134587287903,0.020697399973869324,3.323392629623413,
11,4,0.5499454736709595,0.5349501967430115,0.014779778197407722,2.15486741065979,
11,5,0.6186164021492004,0.5894284248352051,0.028740637004375458,4.47318172454834,
11,6,1.143821358680725,1.1272673606872559,0.016446998342871666,1.0710947513580322,
11,7,0.625954270362854,0.5989823341369629,0.026563843712210655,4.081288814544678,
11,8,0.535189151763916,0.5156019926071167,0.019252058118581772,3.351158380508423,
11,9,1.115294337272644,1.0948325395584106,0.02027606964111328,1.8575788736343384,
11,10,0.37946268916130066,0.37109190225601196,0.008274529129266739,0.9627325534820557,
11,11,0.865460216999054,0.8521915674209595,0.013182086870074272,0.8657287359237671,
11,12,0.7262977957725525,0.7162742018699646,0.009976211935281754,0.4740287959575653,
11,13,0.858371376991272,0.8447612524032593,0.01351512223482132,0.9503125548362732,
11,14,0.3963748812675476,0.38539204001426697,0.010844838805496693,1.3801757097244263,
11,15,0.8215929865837097,0.8085525035858154,0.01296343095600605,0.77081298828125,
11,16,0.568213164806366,0.5442590713500977,0.023611893877387047,3.421649932861328,
11,17,0.3757646083831787,0.3677636682987213,0.007925137877464294,0.7581221461296082,
11,18,0.634437084197998,0.6038498878479004,0.0301663838326931,4.207859039306641,
11,19,0.7561765909194946,0.7444407343864441,0.011669326573610306,0.6652511358261108,
11,20,1.0081465244293213,0.9932906627655029,0.014772221446037292,0.8373281359672546,
11,21,1.2327183485031128,1.2108824253082275,0.021652229130268097,1.8367855548858643,
11,22,0.6756869554519653,0.6671429872512817,0.008504420518875122,0.39563125371932983,
11,23,0.49544858932495117,0.4789171516895294,0.016267571598291397,2.6388423442840576,
11,24,0.6858121752738953,0.6513897180557251,0.033992260694503784,4.301440238952637,
11,25,0.8201490640640259,0.8094947934150696,0.010602250695228577,0.5203173160552979,
11,26,0.9034237861633301,0.8443106412887573,0.057779040187597275,13.341240882873535,
11,27,0.8471757769584656,0.7777391672134399,0.06788448244333267,15.520756721496582,
11,28,0.5819786787033081,0.5611871480941772,0.020453613251447678,3.3789565563201904,
11,29,0.39927801489830017,0.3904416561126709,0.00875423476099968,0.8213310837745667,
11,30,1.0373367071151733,1.0217127799987793,0.015534764155745506,0.8915452361106873,
11,31,0.7571852803230286,0.7455710768699646,0.011545401066541672,0.6877350807189941,
11,32,0.7976517677307129,0.7537651062011719,0.04306308180093765,8.235553741455078,
11,33,0.7893196940422058,0.7509466409683228,0.03780417516827583,5.6886396408081055,
11,34,0.5916799306869507,0.5661574602127075,0.02513689361512661,3.856032133102417,
11,35,0.8133279085159302,0.8010523319244385,0.012197757139801979,0.7785022258758545,
11,36,0.6141524314880371,0.5831477642059326,0.03045373037457466,5.509175777435303,
11,37,0.8459694981575012,0.833966076374054,0.011926095932722092,0.7729213833808899,
11,38,0.7014787197113037,0.6918770670890808,0.009558002464473248,0.4362531304359436,
11,39,0.4080883264541626,0.3999609053134918,0.008037738502025604,0.8966337442398071,
11,40,0.5563241839408875,0.5366736650466919,0.019361251965165138,2.8925564289093018,
11,41,0.8894369602203369,0.8766425848007202,0.012715441174805164,0.7894269227981567,
11,42,1.2289891242980957,1.2039765119552612,0.024847939610481262,1.646754503250122,
11,43,0.5894997715950012,0.5655062198638916,0.023640332743525505,3.5319020748138428,
11,44,0.7434302568435669,0.7083532810211182,0.034581393003463745,4.9553656578063965,
11,45,0.4854035973548889,0.47334402799606323,0.011918362230062485,1.4120821952819824,
11,46,0.6635406613349915,0.6540598273277283,0.0094385277479887,0.42310529947280884,
11,47,0.36098718643188477,0.35224390029907227,0.008659735321998596,0.8357792496681213,
11,48,1.12003755569458,1.0997798442840576,0.020014367997646332,2.4328866004943848,
11,49,0.5715845823287964,0.555122435092926,0.01626904122531414,1.9314656257629395,
11,50,0.5042141675949097,0.4852612018585205,0.018672654405236244,2.803374767303467,
11,51,0.6173111200332642,0.5899609327316284,0.026963818818330765,3.863452672958374,
11,52,0.7464726567268372,0.7361440658569336,0.010288710705935955,0.3987053632736206,
11,53,0.8987495303153992,0.8853382468223572,0.013319606892764568,0.9164613485336304,
11,54,0.8831607699394226,0.8701167702674866,0.012972572818398476,0.7141097187995911,
11,55,1.156638741493225,1.137380838394165,0.019106678664684296,1.512556552886963,
11,56,0.41381213068962097,0.40384992957115173,0.009863732382655144,0.9845348596572876,
11,57,0.7703995108604431,0.75835782289505,0.011965187266469002,0.7644606828689575,
11,58,1.1016240119934082,1.0833653211593628,0.018106892704963684,1.5178322792053223,
11,59,1.0788695812225342,1.0633962154388428,0.01538197509944439,0.9138768911361694,
11,60,0.5143064856529236,0.4967542886734009,0.01729246787726879,2.597600221633911,
11,61,0.9819591641426086,0.9668816924095154,0.01498690340667963,0.905523419380188,
11,62,0.5411602258682251,0.5332227945327759,0.007908438332378864,0.28969019651412964,
11,63,1.059261679649353,1.0406060218811035,0.018493063747882843,1.6258903741836548,
11,64,0.6121383905410767,0.5883882641792297,0.023407399654388428,3.4275169372558594,
11,65,0.46470001339912415,0.4547213912010193,0.009871521033346653,1.0710594654083252,
11,66,0.7547683119773865,0.7322691679000854,0.02219367027282715,3.0545144081115723,
11,67,0.6938140988349915,0.6590584516525269,0.03416313976049423,5.925426959991455,
11,68,0.6824706792831421,0.6538706421852112,0.028180275112390518,4.197234153747559,
11,69,0.5845746397972107,0.5663325786590576,0.018026594072580338,2.1548585891723633,
11,70,0.9446659684181213,0.9300099015235901,0.014578135684132576,0.7790459990501404,
11,71,0.4820616841316223,0.46279871463775635,0.018937550485134125,3.2539961338043213,
11,72,0.8383945226669312,0.8252925872802734,0.013009537011384964,0.9237598180770874,
11,73,0.6255603432655334,0.5988482236862183,0.026240572333335876,4.715173244476318,
11,74,0.5754300355911255,0.5561923980712891,0.019027963280677795,2.0967581272125244,
11,75,0.5722135901451111,0.545975923538208,0.025825712829828262,4.119349002838135,
11,76,0.8872451186180115,0.8463276624679565,0.04042563587427139,4.917761325836182,
11,77,0.9696227312088013,0.9548255205154419,0.014713943004608154,0.8327043652534485,
11,78,0.4085500240325928,0.39622214436531067,0.012182440608739853,1.4543700218200684,
11,79,0.7321582436561584,0.6952574253082275,0.03639783710241318,5.030098915100098,
11,80,0.5772510766983032,0.5490598678588867,0.027633484452962875,5.577451705932617,
11,81,0.6876569986343384,0.6507958173751831,0.036321185529232025,5.40015983581543,
11,82,0.6166895627975464,0.6072191596031189,0.009435412473976612,0.3500160276889801,
11,83,1.1467522382736206,1.1264402866363525,0.020182210952043533,1.2968549728393555,
11,84,0.8342926502227783,0.8210527896881104,0.013173485174775124,0.6641230583190918,
11,85,0.9520617723464966,0.9365408420562744,0.015434835106134415,0.860904335975647,
11,86,0.8670041561126709,0.8048121929168701,0.06089184433221817,13.001039505004883,
11,87,0.5257755517959595,0.507969856262207,0.01755651831626892,2.4912562370300293,
11,88,0.7707840204238892,0.7588210701942444,0.01189595740288496,0.6697550415992737,
11,89,0.892699658870697,0.879583477973938,0.013053559698164463,0.6263094544410706,
11,90,0.6228865385055542,0.597754180431366,0.024688033387064934,4.4436936378479,
11,91,0.35598599910736084,0.347584068775177,0.00831683911383152,0.8507679104804993,
11,92,1.0168039798736572,1.0017971992492676,0.014917976222932339,0.8876782655715942,
11,93,0.4873220920562744,0.471650093793869,0.015483980067074299,1.8802237510681152,
11,94,0.8423051238059998,0.8295539617538452,0.012683572247624397,0.6760143637657166,
11,95,0.6149100661277771,0.5885604023933411,0.025896243751049042,4.534305095672607,
11,96,0.3853711783885956,0.3753387928009033,0.009937490336596966,0.9487807750701904,
11,97,0.7246279716491699,0.6854519248008728,0.03863844648003578,5.375506401062012,
11,98,0.44985726475715637,0.4349920451641083,0.014667852781713009,1.973738670349121,
11,99,0.4830809533596039,0.46611616015434265,0.016740206629037857,2.2459707260131836,
11,100,0.7463560104370117,0.7104594707489014,0.0353824682533741,5.14069128036499,
12,1,0.9895462393760681,0.958915114402771,0.029882624745368958,7.485025882720947,
12,2,0.5875795483589172,0.562843382358551,0.0243452750146389,3.908688545227051,
12,3,0.5300453901290894,0.5093836188316345,0.020345650613307953,3.161325216293335,
12,4,0.7124509215354919,0.7014594078063965,0.010939521715044975,0.5195555686950684,
12,5,0.6422704458236694,0.612857460975647,0.02889220602810383,5.207509517669678,
12,6,0.8380191326141357,0.8245278596878052,0.013412438333034515,0.7885733842849731,
12,7,1.0195848941802979,1.0038161277770996,0.015664106234908104,1.0470926761627197,
12,8,0.7922763228416443,0.7789959907531738,0.013181814923882484,0.985551118850708,
12,9,0.7899117469787598,0.7540429830551147,0.03531474992632866,5.540470123291016,
12,10,1.2436851263046265,1.2114272117614746,0.031745895743370056,5.119803428649902,
12,11,0.8278151154518127,0.8151571750640869,0.012597617693245411,0.6033537983894348,
12,12,0.6101523637771606,0.586713969707489,0.02311692014336586,3.21468448638916,
12,13,0.7128151655197144,0.7018375396728516,0.010927575640380383,0.5006377696990967,
12,14,0.6077331304550171,0.5821970105171204,0.025188039988279343,3.480952262878418,
12,15,0.5665102005004883,0.5394961833953857,0.026541564613580704,4.723989486694336,
12,16,0.42318928241729736,0.40816450119018555,0.014840133488178253,1.8464699983596802,
12,17,0.7347849011421204,0.724628210067749,0.010115460492670536,0.4124706983566284,
12,18,1.0618234872817993,1.0456514358520508,0.016073880717158318,0.9818281531333923,
12,19,1.0678808689117432,1.0519499778747559,0.015834126621484756,0.9678171277046204,
12,20,0.4100980758666992,0.402030348777771,0.007987111806869507,0.806097149848938,
12,21,0.5515168905258179,0.5430772304534912,0.008405697531998158,0.33999887108802795,
12,22,0.7706646919250488,0.7363073825836182,0.03386645019054413,4.908444404602051,
12,23,1.0357701778411865,1.0206434726715088,0.015043175779283047,0.8353685736656189,
12,24,0.8365099430084229,0.8238662481307983,0.012576845474541187,0.6685716509819031,
12,25,0.9783176779747009,0.9607894420623779,0.01737022213637829,1.5798447132110596,
12,26,0.7515028715133667,0.7408748865127563,0.010585954412817955,0.42045262455940247,
12,27,0.3835931122303009,0.37518763542175293,0.008323014713823795,0.8245890736579895,
12,28,0.9785153269767761,0.9620962142944336,0.016327884048223495,0.9123408794403076,
12,29,0.7561623454093933,0.7231377363204956,0.032071083784103394,9.534905433654785,
12,30,0.45473983883857727,0.4403815269470215,0.014203586615622044,1.5474134683609009,
12,31,0.55906081199646,0.5356783866882324,0.023050498217344284,3.319566249847412,
12,32,0.3826068639755249,0.3751290738582611,0.007406085729598999,0.7171247005462646,
12,33,0.6138715744018555,0.5885647535324097,0.024881906807422638,4.24947452545166,
12,34,0.6052878499031067,0.5843886137008667,0.020658055320382118,2.4118881225585938,
12,35,0.7952427268028259,0.7826156616210938,0.012554047629237175,0.7302883267402649,
12,36,0.47793182730674744,0.46286895871162415,0.014882458373904228,1.8043537139892578,
12,37,0.8248917460441589,0.8123526573181152,0.012444842606782913,0.9423894882202148,
12,38,0.760951042175293,0.7494183778762817,0.011468823999166489,0.6384631395339966,
12,39,0.7004826068878174,0.6511533260345459,0.04857268184423447,7.566205978393555,
12,40,0.9715096354484558,0.9562922716140747,0.015134714543819427,0.8265998959541321,
12,41,1.2103018760681152,1.188126564025879,0.022007716819643974,1.6761000156402588,
12,42,0.5121234059333801,0.49574148654937744,0.01616799086332321,2.1393816471099854,
12,43,0.7600307464599609,0.7496147155761719,0.010370840318500996,0.451923668384552,
12,44,0.403270959854126,0.39254266023635864,0.010600095614790916,1.2819719314575195,
12,45,0.7645062804222107,0.7541933059692383,0.010255571454763412,0.5740252733230591,
12,46,0.9486707448959351,0.935282826423645,0.013315824791789055,0.7210724949836731,
12,47,0.5625585317611694,0.5550158619880676,0.007511977106332779,0.3072001039981842,
12,48,0.7886226177215576,0.7774680256843567,0.01110483892261982,0.49793797731399536,
12,49,0.564547061920166,0.556857705116272,0.0076584359630942345,0.30933600664138794,
12,50,1.0407609939575195,1.025899887084961,0.014789607375860214,0.7151880860328674,
12,51,0.7514845728874207,0.741593599319458,0.009850365109741688,0.4061761200428009,
12,52,1.1277358531951904,1.1112308502197266,0.016402071341872215,1.0289547443389893,
12,53,0.695722222328186,0.6865777969360352,0.009105635806918144,0.3880220055580139,
12,54,0.768589198589325,0.7396277785301208,0.028205830603837967,7.556336879730225,
12,55,0.7837363481521606,0.7728251218795776,0.01085369847714901,0.5752254724502563,
12,56,0.5372086763381958,0.529753565788269,0.007428462617099285,0.26636216044425964,
12,57,0.3633013665676117,0.35550421476364136,0.007725002244114876,0.7214363813400269,
12,58,0.5042322874069214,0.4889936149120331,0.01505195815116167,1.8675405979156494,
12,59,0.7934251427650452,0.7821472883224487,0.011222520843148232,0.5528331398963928,
12,60,0.4641890823841095,0.4547996520996094,0.009293063543736935,0.9637287855148315,
12,61,0.5995970964431763,0.5753906965255737,0.023714318871498108,4.920867443084717,
12,62,0.5707373023033142,0.548541247844696,0.02187693677842617,3.1913578510284424,
12,63,0.8417892456054688,0.8297321796417236,0.011973921209573746,0.8317180871963501,
12,64,0.4076065123081207,0.3991396427154541,0.00837140902876854,0.9545708894729614,
12,65,0.4810957908630371,0.4622933268547058,0.018495338037610054,3.0709896087646484,
12,66,0.7086231112480164,0.6695261001586914,0.03856200352311134,5.3498945236206055,
12,67,1.0881377458572388,1.0701217651367188,0.01790233887732029,1.1360671520233154,
12,68,0.509567141532898,0.4925018548965454,0.016850244253873825,2.1504323482513428,
12,69,0.9322696924209595,0.9168462753295898,0.015294977463781834,1.2846736907958984,
12,70,0.6191769242286682,0.5909559726715088,0.027774523943662643,4.4641194343566895,
12,71,0.389437735080719,0.3797934949398041,0.009545672684907913,0.9856758117675781,
12,72,0.46577951312065125,0.4546748101711273,0.01098061166703701,1.2410072088241577,
12,73,0.3910810649394989,0.3793368339538574,0.011595522984862328,1.4871584177017212,
12,74,0.665153980255127,0.6556727290153503,0.009432632476091385,0.48625990748405457,
12,75,0.5502430200576782,0.5424772500991821,0.007737050764262676,0.2873173952102661,
12,76,1.0547208786010742,1.0402519702911377,0.014396234415471554,0.727479875087738,
12,77,0.7953891158103943,0.7531328201293945,0.04159586876630783,6.604372024536133,
12,78,0.8710954189300537,0.8559032678604126,0.015017986297607422,1.7417515516281128,
12,79,0.7139559388160706,0.6745588779449463,0.03885411471128464,5.429477214813232,
12,80,0.4861653745174408,0.46789446473121643,0.017986562103033066,2.84330153465271,
12,81,1.1232481002807617,1.103325605392456,0.01970531977713108,2.1723108291625977,
12,82,0.8886487483978271,0.8290849924087524,0.05840644985437393,11.573049545288086,
12,83,1.1265568733215332,1.1084213256835938,0.018016541376709938,1.189923644065857,
12,84,0.5610679388046265,0.5528110265731812,0.008225347846746445,0.31608864665031433,
12,85,0.8137566447257996,0.8006091117858887,0.013064450584352016,0.8307485580444336,
12,86,0.6064504384994507,0.5973105430603027,0.009106327779591084,0.33530759811401367,
12,87,0.420498788356781,0.4069039821624756,0.01342720165848732,1.6761609315872192,
12,88,1.1368498802185059,1.1144658327102661,0.022134730592370033,2.4929068088531494,
12,89,0.3853479325771332,0.3764772415161133,0.008783197030425072,0.8750309944152832,
12,90,0.6349039673805237,0.6067523956298828,0.027675587683916092,4.759939193725586,
12,91,0.6174973249435425,0.5882952809333801,0.028779082000255585,4.229515552520752,
12,92,0.801655650138855,0.7603772878646851,0.040674105286598206,6.042937278747559,
12,93,0.6227407455444336,0.5945265293121338,0.027813544496893883,4.006834506988525,
12,94,1.1568162441253662,1.1404749155044556,0.01623745821416378,1.0380666255950928,
12,95,0.879548192024231,0.8681310415267944,0.01134954858571291,0.676094651222229,
12,96,0.8867786526679993,0.8758753538131714,0.010852452367544174,0.5083862543106079,
12,97,0.8637688755989075,0.8521302938461304,0.01156109943985939,0.7748938202857971,
12,98,0.5104966759681702,0.49665096402168274,0.013658144511282444,1.875663161277771,
12,99,0.945461630821228,0.9320145845413208,0.013373462483286858,0.7360861301422119,
12,100,1.161733865737915,1.1433749198913574,0.018225716426968575,1.3330241441726685,
13,1,0.3608395457267761,0.35328546166419983,0.007484316360205412,0.6977390050888062,
13,2,1.1557605266571045,1.1378206014633179,0.017826447263360023,1.1346817016601562,
13,3,0.44618064165115356,0.4333009123802185,0.012735391966998577,1.4432622194290161,
13,4,0.8801262974739075,0.8673962354660034,0.01267226692289114,0.5780870914459229,
13,5,0.7063647508621216,0.6688460111618042,0.03691161796450615,6.071147918701172,
13,6,0.3720303177833557,0.3649579882621765,0.007015196606516838,0.571167528629303,
13,7,1.0202412605285645,0.9997004270553589,0.020361270755529404,1.795174241065979,
13,8,0.8738158345222473,0.8615588545799255,0.012183884158730507,0.7306606769561768,
13,9,1.07863450050354,1.0630929470062256,0.015459478832781315,0.8199673891067505,
13,10,0.727266788482666,0.7183842658996582,0.008845934644341469,0.36569708585739136,
13,11,0.5000090003013611,0.48625168204307556,0.013586465269327164,1.7086498737335205,
13,12,0.8782496452331543,0.8668617010116577,0.01131656114012003,0.7143489122390747,
13,13,0.6410498023033142,0.6125272512435913,0.028010886162519455,5.116629600524902,
13,14,1.1378263235092163,1.1223766803741455,0.01535075157880783,0.9898729920387268,
13,15,0.38999974727630615,0.38268280029296875,0.007242109160870314,0.7482245564460754,
13,16,0.3821639120578766,0.375013530254364,0.007081983610987663,0.6839340925216675,
13,17,0.5628575682640076,0.5409923791885376,0.021553296595811844,3.119274377822876,
13,18,0.6101096272468567,0.5862410664558411,0.023467309772968292,4.012399673461914,
13,19,0.45353183150291443,0.4400022327899933,0.013386128470301628,1.434666395187378,
13,20,0.39920055866241455,0.38766205310821533,0.011405492201447487,1.3299530744552612,
13,21,0.4789723753929138,0.4675646424293518,0.011267206631600857,1.4050557613372803,
13,22,0.5734907984733582,0.5536819100379944,0.019600454717874527,2.0840909481048584,
13,23,0.9396415948867798,0.9263248443603516,0.013246197253465652,0.7059111595153809,
13,24,1.1646571159362793,1.1458736658096313,0.018630333244800568,1.5306428670883179,
13,25,0.6447752714157104,0.6362543106079102,0.008484672755002975,0.3628690838813782,
13,26,0.8788887858390808,0.8667587041854858,0.012055783532559872,0.7435590028762817,
13,27,1.020988941192627,0.913259744644165,0.10576961934566498,19.595264434814453,
13,28,0.38895487785339355,0.3819487690925598,0.00693831592798233,0.6779158711433411,
13,29,0.3551846742630005,0.34760114550590515,0.007512886077165604,0.7063160538673401,
13,30,0.8467230200767517,0.7976440787315369,0.048138804733753204,9.401639938354492,
13,31,0.5792798399925232,0.5497649908065796,0.029012348502874374,5.02549934387207,
13,32,1.0583406686782837,1.043410301208496,0.014849892817437649,0.8042845726013184,
13,33,0.5501772165298462,0.5335952639579773,0.016397468745708466,1.8449605703353882,
13,34,0.41979411244392395,0.40924009680747986,0.010452352464199066,1.0165300369262695,
13,35,0.3962848484516144,0.38823366165161133,0.007977561093866825,0.7360822558403015,
13,36,1.1313337087631226,1.1119104623794556,0.019287072122097015,1.3616067171096802,
13,37,0.3671471178531647,0.35740208625793457,0.00965079851448536,0.9422886967658997,
13,38,0.7439087629318237,0.6995446681976318,0.0437026210129261,6.614655494689941,
13,39,0.6195260286331177,0.5879871845245361,0.031083285808563232,4.555675029754639,
13,40,0.37099647521972656,0.36327701807022095,0.0076614427380263805,0.58028644323349,
13,41,0.8622682094573975,0.8492103815078735,0.012998712249100208,0.591498613357544,
13,42,0.5557668805122375,0.5352685451507568,0.020214539021253586,2.8375933170318604,
13,43,0.5294275879859924,0.5079746246337891,0.021091442555189133,3.6151163578033447,
13,44,0.4661663770675659,0.45612573623657227,0.009933162480592728,1.0746574401855469,
13,45,0.39896294474601746,0.39049434661865234,0.008391840383410454,0.7677695155143738,
13,46,0.48262426257133484,0.4634134769439697,0.01891913264989853,2.9163873195648193,
13,47,0.5996801853179932,0.5775038003921509,0.021849121898412704,3.2727179527282715,
13,48,0.5690956711769104,0.5490314960479736,0.019843168556690216,2.210418701171875,
13,49,0.9543933868408203,0.9400820136070251,0.014229098334908485,0.8226191401481628,
13,50,1.1528106927871704,1.1332807540893555,0.019378110766410828,1.5185036659240723,
13,51,0.8878675103187561,0.8738069534301758,0.013994821347296238,0.6573147177696228,
13,52,0.7904053330421448,0.7763073444366455,0.01400711853057146,0.9091601371765137,
13,53,0.5891232490539551,0.5594862103462219,0.029093358665704727,5.436633110046387,
13,54,0.5434144735336304,0.5156835317611694,0.027279596775770187,4.513484477996826,
13,55,1.2001442909240723,1.178429126739502,0.02154429256916046,1.7083972692489624,
13,56,0.6802038550376892,0.6544908285140991,0.025376269593834877,3.367908477783203,
13,57,0.6680936813354492,0.6348066329956055,0.03283853828907013,4.484986782073975,
13,58,0.5531866550445557,0.5443323850631714,0.008820321410894394,0.3399253785610199,
13,59,1.0109615325927734,0.9963406920433044,0.014546068385243416,0.7479147911071777,
13,60,0.8178583979606628,0.8062516450881958,0.011546656489372253,0.6007453203201294,
13,61,0.917855978012085,0.9050618410110474,0.012729380279779434,0.6474548578262329,
13,62,0.615918755531311,0.5910041332244873,0.02446223422884941,4.5241217613220215,
13,63,0.616348147392273,0.5917495489120483,0.024184733629226685,4.139058589935303,
13,64,0.3976778984069824,0.3851635456085205,0.012351883575320244,1.6249290704727173,
13,65,0.373752623796463,0.365774929523468,0.0079165855422616,0.6110159754753113,
13,66,0.5529688596725464,0.5307767987251282,0.021876946091651917,3.151421308517456,
13,67,0.656385064125061,0.618813693523407,0.03688991442322731,6.81486701965332,
13,68,0.5786111950874329,0.5523321032524109,0.02588583528995514,3.932877540588379,
13,69,0.8187246322631836,0.7670528888702393,0.050659410655498505,10.123295783996582,
13,70,1.0567774772644043,1.0416452884674072,0.015053937211632729,0.7823590040206909,
13,71,1.661094069480896,1.5915888547897339,0.06836150586605072,11.436809539794922,
13,72,0.8350088000297546,0.7797707319259644,0.05423835292458534,9.996637344360352,
13,73,0.4519101083278656,0.43675506114959717,0.014943508431315422,2.115431785583496,
13,74,0.6038050055503845,0.5687174797058105,0.03446369245648384,6.2383623123168945,
13,75,0.6188496351242065,0.6095243692398071,0.00928935594856739,0.3587665855884552,
13,76,1.045155644416809,1.0279024839401245,0.017150962725281715,1.0220417976379395,
13,77,0.6790391206741333,0.6414716839790344,0.03705562278628349,5.118320941925049,
13,78,0.7827041745185852,0.7711765766143799,0.011462453752756119,0.6512295603752136,
13,79,0.8633045554161072,0.8496358394622803,0.013575628399848938,0.9310528635978699,
13,80,1.0047261714935303,0.9776602387428284,0.02678002044558525,2.858853578567505,
13,81,0.7524265050888062,0.7414807081222534,0.010878725908696651,0.6705617308616638,
13,82,0.9645597338676453,0.9473960399627686,0.017064575105905533,0.9914210438728333,
13,83,0.3696916103363037,0.3626934885978699,0.006944694556295872,0.5344716906547546,
13,84,0.3935859799385071,0.38569140434265137,0.007814602926373482,0.7996966242790222,
13,85,0.3667818009853363,0.3570747673511505,0.00960380956530571,1.0324920415878296,
13,86,0.5600519776344299,0.5397955179214478,0.020037507638335228,2.189030885696411,
13,87,0.4145004153251648,0.4051164388656616,0.009295551106333733,0.884366512298584,
13,88,0.5966762900352478,0.5629607439041138,0.033077385276556015,6.382079124450684,
13,89,0.8902191519737244,0.8186467885971069,0.0700107216835022,15.616403579711914,
13,90,0.5756776332855225,0.5533808469772339,0.022038612514734268,2.5817344188690186,
13,91,0.7410896420478821,0.7294368147850037,0.011605072766542435,0.47741925716400146,
13,92,0.4743122160434723,0.45211201906204224,0.02183796651661396,3.6221299171447754,
13,93,0.6829010248184204,0.6729736328125,0.009879767894744873,0.4764650762081146,
13,94,0.5851191282272339,0.5630613565444946,0.0217871256172657,2.706470012664795,
13,95,0.5151051878929138,0.507093608379364,0.00798281840980053,0.2880678176879883,
13,96,0.44793254137039185,0.43409696221351624,0.013642199337482452,1.9337445497512817,
13,97,0.3974069356918335,0.38862481713294983,0.008693084120750427,0.8903966546058655,
13,98,0.5626816749572754,0.5401487350463867,0.022184578701853752,3.484138011932373,
13,99,0.5525966286659241,0.5315278172492981,0.020841084420681,2.277649164199829,
13,100,1.0909065008163452,1.0709590911865234,0.01977984607219696,1.6758474111557007,
14,1,1.1324589252471924,1.112178087234497,0.020157726481556892,1.2310194969177246,
14,2,0.6885024905204773,0.676619291305542,0.01182342879474163,0.5976423025131226,
14,3,0.6117109060287476,0.5837352275848389,0.027624526992440224,3.5110952854156494,
14,4,0.4634915888309479,0.4468430280685425,0.016472473740577698,1.761061429977417,
14,5,1.136881709098816,1.1157147884368896,0.021036621183156967,1.3028018474578857,
14,6,0.7730574011802673,0.7272673845291138,0.04499376565217972,7.962519645690918,
14,7,0.5729386210441589,0.5483733415603638,0.024212326854467392,3.5299134254455566,
14,8,0.6921271085739136,0.6808614134788513,0.011209014803171158,0.5667430758476257,
14,9,0.4429631531238556,0.4290325343608856,0.013731070794165134,1.9954756498336792,
14,10,0.8836106061935425,0.8691072463989258,0.014426281675696373,0.77039635181427,
14,11,0.837577760219574,0.8250831365585327,0.012433656491339207,0.6100183129310608,
14,12,0.7115967869758606,0.7004401683807373,0.01108718104660511,0.6941848993301392,
14,13,0.5632963180541992,0.5336402058601379,0.02914332039654255,5.127764701843262,
14,14,0.3715534806251526,0.3639042377471924,0.007591015659272671,0.5823544859886169,
14,15,0.7168761491775513,0.6822460889816284,0.0337257981300354,9.042770385742188,
14,16,0.8799232840538025,0.86611008644104,0.013741969130933285,0.7120501399040222,
14,17,0.706031858921051,0.6638102531433105,0.04162300005555153,5.9858832359313965,
14,18,0.5987723469734192,0.5727529525756836,0.02570006065070629,3.193812847137451,
14,19,0.7465978860855103,0.7015317678451538,0.04440095275640488,6.651667594909668,
14,20,0.4976756274700165,0.4806006848812103,0.016844889149069786,2.300499200820923,
14,21,0.7025582790374756,0.6624789237976074,0.03952468931674957,5.546696186065674,
14,22,0.5169198513031006,0.48838403820991516,0.02807694301009178,4.58875036239624,
14,23,1.1525441408157349,1.132345199584961,0.02006998471915722,1.2895567417144775,
14,24,0.5281684398651123,0.5194037556648254,0.008734147064387798,0.3053515553474426,
14,25,0.593075156211853,0.572751522064209,0.020062841475009918,2.6075339317321777,
14,26,0.4576131999492645,0.4419340491294861,0.015476049855351448,2.0311083793640137,
14,27,1.1517716646194458,1.132123589515686,0.019526954740285873,1.2114336490631104,
14,28,1.1562541723251343,1.1363985538482666,0.01968776062130928,1.678680419921875,
14,29,0.5197085738182068,0.5112646818161011,0.008412989787757397,0.3089396059513092,
14,30,1.0576400756835938,1.0395342111587524,0.017989013344049454,1.1681610345840454,
14,31,0.6918708086013794,0.6809408664703369,0.010872412472963333,0.5749238729476929,
14,32,1.1345158815383911,1.1117944717407227,0.022474709898233414,2.4664535522460938,
14,33,0.88523268699646,0.871030867099762,0.014127696864306927,0.7416813969612122,
14,34,0.6019803285598755,0.5698828101158142,0.031580276787281036,5.172605514526367,
14,35,0.7841277718544006,0.771713376045227,0.01234649308025837,0.6790127754211426,
14,36,0.5001266598701477,0.48246562480926514,0.017422888427972794,2.381627321243286,
14,37,0.47272345423698425,0.45614081621170044,0.01640583574771881,1.7682515382766724,
14,38,0.9463743567466736,0.9296989440917969,0.016542986035346985,1.3246601819992065,
14,39,0.8406146764755249,0.8235410451889038,0.01692781411111355,1.4578348398208618,
14,40,1.1514768600463867,1.1339000463485718,0.0174560509622097,1.2070367336273193,
14,41,0.7044805884361267,0.6682221293449402,0.03577452898025513,4.839513301849365,
14,42,0.582612931728363,0.5623654127120972,0.020038936287164688,2.085792303085327,
14,43,0.45975667238235474,0.44352203607559204,0.016012730076909065,2.2192094326019287,
14,44,0.7309970259666443,0.6923211812973022,0.03815748542547226,5.184008598327637,
14,45,0.3557974398136139,0.34657806158065796,0.009127648547291756,0.917363166809082,
14,46,1.5724599361419678,1.3999309539794922,0.16781003773212433,47.188812255859375,
14,47,1.1798635721206665,1.1581177711486816,0.0216093510389328,1.3653664588928223,
14,48,0.9633690118789673,0.9447210431098938,0.018543947488069534,1.0401462316513062,
14,49,0.7649549245834351,0.7022733688354492,0.0614013746380806,12.801831245422363,
14,50,0.6953556537628174,0.6825214624404907,0.012759506702423096,0.7467103600502014,
14,51,0.8134335279464722,0.7487227916717529,0.06369009613990784,10.206738471984863,
14,52,0.45383670926094055,0.4373001456260681,0.016339734196662903,1.9684381484985352,
14,53,1.1684722900390625,1.145774245262146,0.022534800693392754,1.632094383239746,
14,54,0.43622270226478577,0.4213950037956238,0.014666331000626087,1.613844871520996,
14,55,0.7458376288414001,0.7063223123550415,0.03836755454540253,11.477444648742676,
14,56,0.4609227180480957,0.4440266489982605,0.016664020717144012,2.3203117847442627,
14,57,0.7018074989318848,0.6900649070739746,0.011670941486954689,0.7164146900177002,
14,58,1.0745139122009277,1.0541048049926758,0.020267967134714127,1.411218285560608,
14,59,0.9608743786811829,0.9430515766143799,0.017694048583507538,1.2873910665512085,
14,60,0.7995441555976868,0.7848244905471802,0.014609145000576973,1.105119228363037,
14,61,1.1051747798919678,0.9497984647750854,0.15156970918178558,38.06553268432617,
14,62,0.7632471919059753,0.7504925727844238,0.01270260103046894,0.5205866694450378,
14,63,0.5656509399414062,0.5436190366744995,0.021718692034482956,3.1324596405029297,
14,64,0.6060411930084229,0.5789904594421387,0.026700131595134735,3.5056674480438232,
14,65,0.5750737190246582,0.5645661354064941,0.01046387292444706,0.43687641620635986,
14,66,0.5614644885063171,0.535621702671051,0.025561947375535965,2.808384418487549,
14,67,0.8594557046890259,0.8380147814750671,0.021286558359861374,1.544057011604309,
14,68,0.5944075584411621,0.5852183103561401,0.009157562628388405,0.317139208316803,
14,69,0.9879699349403381,0.9721695184707642,0.015694841742515564,1.0557328462600708,
14,70,1.1833685636520386,1.1643928289413452,0.018850713968276978,1.250580072402954,
14,71,0.9559531807899475,0.9408490657806396,0.01501854881644249,0.8558492064476013,
14,72,0.5113232135772705,0.49263983964920044,0.01843346282839775,2.4993343353271484,
14,73,0.7122796177864075,0.6525625586509705,0.05870632827281952,10.107266426086426,
14,74,0.3870861530303955,0.3781479597091675,0.008853420615196228,0.8475606441497803,
14,75,0.6769692897796631,0.6381264925003052,0.03807127848267555,7.715143203735352,
14,76,0.7501279711723328,0.7103976607322693,0.03918362781405449,5.466856479644775,
14,77,0.557238757610321,0.5327102541923523,0.024181747809052467,3.4679925441741943,
14,78,0.6915160417556763,0.6804864406585693,0.010969897732138634,0.5973497629165649,
14,79,1.258339285850525,1.2341716289520264,0.024007756263017654,1.5984455347061157,
14,80,0.6129034757614136,0.603518009185791,0.009352374821901321,0.3307332694530487,
14,81,0.8330326676368713,0.820168137550354,0.012799926102161407,0.6463248133659363,
14,82,0.6023439168930054,0.5722600817680359,0.029633672907948494,4.501420021057129,
14,83,0.7925860285758972,0.7800038456916809,0.012526851147413254,0.5530790090560913,
14,84,1.0496453046798706,1.0332467555999756,0.01631961390376091,0.7890233993530273,
14,85,0.9546812772750854,0.9394242167472839,0.015165409073233604,0.9167342185974121,
14,86,0.48334696888923645,0.4665045142173767,0.016620544716715813,2.219143867492676,
14,87,0.8455034494400024,0.832439661026001,0.012998517602682114,0.652916431427002,
14,88,0.6319852471351624,0.6016218066215515,0.0299636609852314,3.9974427223205566,
14,89,0.5586128830909729,0.5510087013244629,0.007575938478112221,0.28274405002593994,
14,90,1.1559816598892212,1.1379632949829102,0.01790587417781353,1.1256626844406128,
14,91,0.36718037724494934,0.3585253953933716,0.008566336706280708,0.8863693475723267,
14,92,1.1866172552108765,1.1594891548156738,0.026982378214597702,1.4569443464279175,
14,93,0.8756608366966248,0.863233208656311,0.012352392077445984,0.7520073056221008,
14,94,0.3868161141872406,0.3788933753967285,0.007849517278373241,0.7322567701339722,
14,95,0.8771645426750183,0.8640860319137573,0.012996688485145569,0.8182901740074158,
14,96,0.6707248091697693,0.6319708228111267,0.03807417303323746,6.798171043395996,
14,97,0.456976056098938,0.44153523445129395,0.015224256552755833,2.1656923294067383,
14,98,0.5916855335235596,0.5708183646202087,0.020649772137403488,2.1739673614501953,
14,99,1.1941553354263306,1.1723120212554932,0.021668173372745514,1.7511847019195557,
14,100,0.9436500072479248,0.9275141954421997,0.01600644178688526,1.2934656143188477,
15,1,1.0606954097747803,1.0423492193222046,0.018208913505077362,1.3729801177978516,
15,2,1.1378358602523804,1.1182117462158203,0.01948266476392746,1.4153854846954346,
15,3,0.36852169036865234,0.3595552444458008,0.008884221315383911,0.8221332430839539,
15,4,0.36772382259368896,0.3602248430252075,0.007444959599524736,0.5402482151985168,
15,5,1.0711190700531006,1.0542747974395752,0.016752582043409348,0.9163848161697388,
15,6,0.658201277256012,0.6489887237548828,0.009170384146273136,0.42114055156707764,
15,7,0.7793629765510559,0.7675789594650269,0.011709397658705711,0.7464396357536316,
15,8,0.9284591674804688,0.9132789373397827,0.015061593614518642,1.1858655214309692,
15,9,0.6183404922485352,0.589497983455658,0.02844931371510029,3.9323291778564453,
15,10,0.604987621307373,0.5806251764297485,0.024004844948649406,3.5760300159454346,
15,11,0.7885487079620361,0.7774237394332886,0.01106177270412445,0.6317195892333984,
15,12,0.8089354038238525,0.7657073736190796,0.04256397485733032,6.64054012298584,
15,13,0.6340435743331909,0.6031301617622375,0.03031979128718376,5.935993671417236,
15,14,0.5418850183486938,0.5246397852897644,0.017025381326675415,2.1984710693359375,
15,15,0.685437023639679,0.6757431626319885,0.009650608524680138,0.43285509943962097,
15,16,0.38575318455696106,0.37599337100982666,0.009654673747718334,1.051456093788147,
15,17,0.553934633731842,0.5313849449157715,0.02225097455084324,2.9874932765960693,
15,18,0.4889752268791199,0.4717196226119995,0.017019718885421753,2.3587558269500732,
15,19,0.7530748844146729,0.739701509475708,0.013300606980919838,0.7278165817260742,
15,20,0.7199227809906006,0.7081454992294312,0.011714398860931396,0.6286460161209106,
15,21,0.4010145366191864,0.3924010992050171,0.008536059409379959,0.7735552787780762,
15,22,0.367210328578949,0.3580910563468933,0.009029827080667019,0.8942904472351074,
15,23,0.4621744453907013,0.4470295310020447,0.014931082725524902,2.138355255126953,
15,24,0.5106525421142578,0.4932912588119507,0.017129231244325638,2.320173501968384,
15,25,0.47382840514183044,0.45986679196357727,0.013773072510957718,1.8853709697723389,
15,26,0.3769727945327759,0.3682957887649536,0.008585387840867043,0.9161046147346497,
15,27,0.6875061392784119,0.677735447883606,0.009726302698254585,0.4439667761325836,
15,28,0.5737414956092834,0.5468041896820068,0.026558103039860725,3.7918426990509033,
15,29,0.7111124396324158,0.7008788585662842,0.010193726047873497,0.39876338839530945,
15,30,0.614879310131073,0.5872348546981812,0.0271824449300766,4.619863986968994,
15,31,0.45491164922714233,0.438755601644516,0.015940599143505096,2.154383659362793,
15,32,0.47987642884254456,0.4647440016269684,0.014898747205734253,2.336820602416992,
15,33,0.77872633934021,0.726162314414978,0.051780276000499725,7.837377071380615,
15,34,0.4315531849861145,0.4134789705276489,0.017689425498247147,3.8476603031158447,
15,35,0.5613787770271301,0.5359803438186646,0.025005988776683807,3.9241278171539307,
15,36,0.8835174441337585,0.8699368238449097,0.013509402051568031,0.7120172381401062,
15,37,1.132681965827942,1.1129181385040283,0.01963265985250473,1.3117601871490479,
15,38,0.8452571034431458,0.8306469917297363,0.014516651630401611,0.9344587922096252,
15,39,0.9019448161125183,0.8875070810317993,0.014367001131176949,0.7072712182998657,
15,40,0.372867226600647,0.3624190390110016,0.010342278517782688,1.0590524673461914,
15,41,0.47109219431877136,0.45445549488067627,0.01645820401608944,1.7849174737930298,
15,42,0.9550803899765015,0.9373353719711304,0.017615262418985367,1.2974445819854736,
15,43,0.7235307693481445,0.712383508682251,0.01109747588634491,0.4979299306869507,
15,44,0.47215205430984497,0.45905357599258423,0.01295023038983345,1.482287883758545,
15,45,1.0028218030929565,0.9867918491363525,0.015928685665130615,1.0115094184875488,
15,46,0.5964661836624146,0.5723605751991272,0.023812558501958847,2.9310245513916016,
15,47,0.6475890874862671,0.6378231048583984,0.009724226780235767,0.4175550043582916,
15,48,0.6668215990066528,0.6558254957199097,0.010923734866082668,0.7237541079521179,
15,49,0.5597890615463257,0.540637731552124,0.01894404925405979,2.0731513500213623,
15,50,0.8938244581222534,0.8744593858718872,0.019172094762325287,1.9299553632736206,
15,51,0.9666039943695068,0.9393783211708069,0.026949092745780945,2.765927791595459,
15,52,0.4165862500667572,0.407026469707489,0.009463328868150711,0.9644880890846252,
15,53,0.5410496592521667,0.532001256942749,0.009007368236780167,0.4099084734916687,
15,54,0.5720224380493164,0.5441522598266602,0.027372226119041443,4.9791083335876465,
15,55,0.5976576805114746,0.5721421837806702,0.025074969977140427,4.405622959136963,
15,56,0.8735175728797913,0.8142384886741638,0.058201052248477936,10.780070304870605,
15,57,0.9283409118652344,0.9120270609855652,0.016180220991373062,1.3363806009292603,
15,58,0.7515289187431335,0.737423837184906,0.014022237621247768,0.8283210396766663,
15,59,0.6002649068832397,0.5658517479896545,0.03375980257987976,6.5337443351745605,
15,60,1.0458688735961914,1.0236237049102783,0.021974535658955574,2.706087589263916,
15,61,1.0280355215072632,1.0094928741455078,0.018439823761582375,1.029149055480957,
15,62,0.6773592829704285,0.6354666352272034,0.04131048917770386,5.821465969085693,
15,63,0.39692720770835876,0.3823246359825134,0.014416899532079697,1.8565524816513062,
15,64,0.4546770453453064,0.4352884888648987,0.01912178471684456,2.6675877571105957,
15,65,0.8306336998939514,0.8171682953834534,0.013399319723248482,0.6609681248664856,
15,66,0.8357293009757996,0.8212054371833801,0.01444355957210064,0.8028900623321533,
15,67,0.4323793053627014,0.4096013903617859,0.022402988746762276,3.7492616176605225,
15,68,0.6178673505783081,0.587202250957489,0.03024868667125702,4.163854122161865,
15,69,0.9756519198417664,0.9579770565032959,0.0175325870513916,1.4227558374404907,
15,70,0.5660870671272278,0.5375760197639465,0.02808281034231186,4.28251314163208,
15,71,0.3954557180404663,0.3862318992614746,0.009140660054981709,0.8316280841827393,
15,72,0.9186053276062012,0.9043512344360352,0.01417987234890461,0.7420347929000854,
15,73,1.1844676733016968,1.1637656688690186,0.020554624497890472,1.4730569124221802,
15,74,0.5552124381065369,0.5463097095489502,0.008869345299899578,0.3338811993598938,
15,75,0.917807936668396,0.9007586240768433,0.016917116940021515,1.3221642971038818,
15,76,0.5736110210418701,0.5473319888114929,0.02593553438782692,3.434922933578491,
15,77,0.7681205868721008,0.7157713770866394,0.05153840035200119,8.108065605163574,
15,78,0.7510485649108887,0.7395064830780029,0.01149647869169712,0.4560253918170929,
15,79,0.6088055968284607,0.5789971947669983,0.029384074732661247,4.243170261383057,
15,80,0.8135347962379456,0.801445484161377,0.012033553794026375,0.5572777986526489,
15,81,0.3586982488632202,0.3515033423900604,0.0071415044367313385,0.5341514348983765,
15,82,0.9351358413696289,0.9196728467941284,0.015369671396911144,0.9336961507797241,
15,83,0.47442424297332764,0.46271923184394836,0.011563160456717014,1.4185442924499512,
15,84,0.6110945343971252,0.5863175392150879,0.02443019300699234,3.4677376747131348,
15,85,0.5604639649391174,0.54044508934021,0.019799495115876198,2.194193124771118,
15,86,0.5436346530914307,0.5254549980163574,0.017956512048840523,2.2313640117645264,
15,87,0.7373470067977905,0.726472795009613,0.010830199345946312,0.4398176968097687,
15,88,0.5580875873565674,0.5234248638153076,0.034069549292325974,5.9318366050720215,
15,89,0.46358874440193176,0.4514141082763672,0.012045620940625668,1.2900575399398804,
15,90,0.5135824680328369,0.48865896463394165,0.024554802104830742,3.686924457550049,
15,91,0.40652167797088623,0.397808313369751,0.008628099225461483,0.8527014851570129,
15,92,0.9485701322555542,0.9300187230110168,0.018380995839834213,1.7040085792541504,
15,93,0.6204152703285217,0.5848734974861145,0.0349736213684082,5.681703567504883,
15,94,0.409519761800766,0.40010178089141846,0.00932813249528408,0.8984163999557495,
15,95,0.5545322895050049,0.529700756072998,0.02448578178882599,3.4578914642333984,
15,96,0.38371574878692627,0.37323644757270813,0.010368868708610535,1.1045092344284058,
15,97,0.8847889304161072,0.8703187704086304,0.014401854947209358,0.6833311915397644,
15,98,0.7871564030647278,0.7744609117507935,0.012638075277209282,0.5739387273788452,
15,99,1.2320858240127563,1.2061991691589355,0.02565619722008705,2.304276466369629,
15,100,0.5235471129417419,0.5067261457443237,0.016595767810940742,2.251624822616577,
16,1,0.7885811924934387,0.7758067846298218,0.012699935585260391,0.7443201541900635,
16,2,0.4068288505077362,0.39825528860092163,0.008493593893945217,0.7994478940963745,
16,3,0.6012512445449829,0.5738623738288879,0.027028299868106842,3.605379819869995,
16,4,0.5931456089019775,0.559397280216217,0.03314216434955597,6.061537742614746,
16,5,0.7884513139724731,0.774714469909668,0.01366284117102623,0.7403959631919861,
16,6,0.48057249188423157,0.4611029624938965,0.019200550392270088,2.6895742416381836,
16,7,1.029905080795288,1.0104494094848633,0.01934562623500824,1.1003910303115845,
16,8,0.6954421997070312,0.683049201965332,0.01231459341943264,0.7839693427085876,
16,9,1.0195362567901611,0.9985748529434204,0.020785465836524963,1.7595977783203125,
16,10,0.47596365213394165,0.461493581533432,0.014299691654741764,1.7039376497268677,
16,11,0.5603148341178894,0.5318549871444702,0.028051529079675674,4.082738399505615,
16,12,0.8168517351150513,0.8023622035980225,0.01437564380466938,1.1390761137008667,
16,13,0.46765950322151184,0.44559910893440247,0.021723676472902298,3.3670217990875244,
16,14,0.8602724075317383,0.8006463050842285,0.057791970670223236,18.34152603149414,
16,15,0.4734051823616028,0.45126959681510925,0.021788153797388077,3.4742298126220703,
16,16,1.0438098907470703,1.0273747444152832,0.016353294253349304,0.819415807723999,
16,17,0.7659703493118286,0.7542798519134521,0.011623790487647057,0.6670578718185425,
16,18,0.8589681386947632,0.846108078956604,0.01279385481029749,0.6622737646102905,
16,19,0.41757839918136597,0.4086924195289612,0.008794965222477913,0.9101720452308655,
16,20,1.0730149745941162,1.0535304546356201,0.019351432099938393,1.3308156728744507,
16,21,0.5920760035514832,0.5631600618362427,0.02847134694457054,4.445614337921143,
16,22,1.0465337038040161,1.0037262439727783,0.041722264140844345,10.85179328918457,
16,23,0.6138700246810913,0.5807616710662842,0.03262863680720329,4.796957492828369,
16,24,0.5308681726455688,0.5217899084091187,0.009039441123604774,0.38821572065353394,
16,25,0.5551317930221558,0.5258986949920654,0.028828350827097893,4.047976016998291,
16,26,0.5703253149986267,0.5372426509857178,0.03247296065092087,6.096749782562256,
16,27,0.7047500610351562,0.6631588935852051,0.04103625565767288,5.549036979675293,
16,28,0.8509112596511841,0.8346256613731384,0.016180239617824554,1.0537327527999878,
16,29,0.4721878468990326,0.44759654998779297,0.02423279359936714,3.584801435470581,
16,30,0.5298823118209839,0.5209200382232666,0.00892945658415556,0.32862168550491333,
16,31,0.7507191300392151,0.7382790446281433,0.012393143028020859,0.46983546018600464,
16,32,1.1930738687515259,1.168216586112976,0.02464788407087326,2.0941662788391113,
16,33,0.9468361139297485,0.9305373430252075,0.016205832362174988,0.9293347597122192,
16,34,0.45688480138778687,0.44512325525283813,0.011638451367616653,1.2308628559112549,
16,35,0.40755316615104675,0.398600697517395,0.008867580443620682,0.8487287759780884,
16,36,0.6132165193557739,0.585523247718811,0.0272231362760067,4.701440811157227,
16,37,0.9511438608169556,0.9345104694366455,0.016545265913009644,0.880815863609314,
16,38,0.5443642735481262,0.519966721534729,0.02404259331524372,3.5493521690368652,
16,39,1.1207127571105957,1.100852131843567,0.019722886383533478,1.3767973184585571,
16,40,0.38850799202919006,0.37804388999938965,0.010357663966715336,1.0643426179885864,
16,41,1.0373213291168213,1.0191494226455688,0.01806570775806904,1.062748908996582,
16,42,0.4091501832008362,0.40003323554992676,0.009028101339936256,0.888363242149353,
16,43,0.5785328149795532,0.5452505350112915,0.03266894817352295,6.133615493774414,
16,44,0.5497316718101501,0.5257985591888428,0.023604877293109894,3.2825095653533936,
16,45,0.5700383186340332,0.5408353209495544,0.028552696108818054,6.502581596374512,
16,46,0.36664244532585144,0.358772873878479,0.007811054587364197,0.585041344165802,
16,47,0.4662793278694153,0.4537554383277893,0.012386040762066841,1.3783330917358398,
16,48,1.3892053365707397,1.146584153175354,0.23584921658039093,67.7193603515625,
16,49,0.6158741116523743,0.5811015367507935,0.034020572900772095,7.520054340362549,
16,50,0.3912082612514496,0.38145652413368225,0.009656630456447601,0.9509210586547852,
16,51,1.050132155418396,1.0308592319488525,0.0191534161567688,1.195954442024231,
16,52,0.626822292804718,0.6165841817855835,0.010199934244155884,0.38228556513786316,
16,53,0.47480231523513794,0.45632538199424744,0.018174437806010246,3.0249109268188477,
16,54,1.1954096555709839,1.165452003479004,0.029697235673666,2.6051135063171387,
16,55,0.8820288777351379,0.8655221462249756,0.01642603799700737,0.8072920441627502,
16,56,0.9739812016487122,0.9509618282318115,0.022823961451649666,1.9536571502685547,
16,57,0.7489566206932068,0.7361579537391663,0.012744639068841934,0.5397561192512512,
16,58,1.0980579853057861,1.0669548511505127,0.030814150348305702,2.89005184173584,
16,59,0.3646727502346039,0.3567748963832855,0.007838786579668522,0.5907012820243835,
16,60,1.120880365371704,1.0951807498931885,0.025507668033242226,1.9192999601364136,
16,61,0.7599354982376099,0.6823703050613403,0.07653993368148804,10.252399444580078,
16,62,0.9018546342849731,0.8863996267318726,0.015378175303339958,0.7682574987411499,
16,63,0.8841191530227661,0.8705145120620728,0.01353650912642479,0.6813467741012573,
16,64,0.8700575232505798,0.8558207154273987,0.01414171140640974,0.9504809379577637,
16,65,0.5708087086677551,0.5452848076820374,0.02516060695052147,3.6327836513519287,
16,66,1.053188681602478,1.038780689239502,0.014333657920360565,0.7439414858818054,
16,67,0.40015166997909546,0.3901877999305725,0.009872023947536945,0.9185064435005188,
16,68,1.0373882055282593,1.0241669416427612,0.013154376298189163,0.6690151691436768,
16,69,0.48336902260780334,0.4702090322971344,0.01299301441758871,1.669837236404419,
16,70,0.5634166598320007,0.5409849882125854,0.022125456482172012,3.061635971069336,
16,71,0.753377377986908,0.7420661449432373,0.011249043047428131,0.621874213218689,
16,72,0.3990878462791443,0.3902053236961365,0.008800540119409561,0.8199020624160767,
16,73,1.360111951828003,1.3339722156524658,0.025868825614452362,2.7097439765930176,
16,74,1.091650366783142,1.0765504837036133,0.015008851885795593,0.9111177325248718,
16,75,0.765252411365509,0.7276366353034973,0.0371444970369339,4.712656497955322,
16,76,0.8621536493301392,0.8470301032066345,0.015030567534267902,0.9295607209205627,
16,77,0.6931923627853394,0.6673291325569153,0.02554924227297306,3.1401796340942383,
16,78,0.745450496673584,0.733324408531189,0.012080598622560501,0.4545898735523224,
16,79,0.6929411888122559,0.6800636053085327,0.012812416069209576,0.6512800455093384,
16,80,0.4031940996646881,0.39143985509872437,0.01164819486439228,1.0605124235153198,
16,81,0.6642113327980042,0.6527674198150635,0.011394667439162731,0.4920651912689209,
16,82,0.5797260403633118,0.5470758676528931,0.03206268697977066,5.874408721923828,
16,83,0.5702203512191772,0.5475832223892212,0.022394351661205292,2.427402973175049,
16,84,0.5686820149421692,0.5495046377182007,0.01897711120545864,2.0029544830322266,
16,85,1.0698699951171875,1.051639437675476,0.01808934286236763,1.4128479957580566,
16,86,0.6515271067619324,0.6246093511581421,0.026552248746156693,3.6550629138946533,
16,87,1.0722416639328003,1.0530853271484375,0.018990695476531982,1.655991792678833,
16,88,0.9156739711761475,0.8935681581497192,0.02172170765697956,3.840768575668335,
16,89,0.7860619425773621,0.7382923364639282,0.04705579951405525,7.137964725494385,
16,90,1.0544742345809937,1.0352632999420166,0.01906440779566765,1.465317726135254,
16,91,0.7692928910255432,0.7307488918304443,0.03798830509185791,5.556815147399902,
16,92,0.820381760597229,0.7804934978485107,0.039318326860666275,5.699237823486328,
16,93,0.8520802855491638,0.8371730446815491,0.014832010492682457,0.7520462870597839,
16,94,0.8875700831413269,0.872026801109314,0.015464462339878082,0.7881172299385071,
16,95,0.4926682412624359,0.466564416885376,0.025729984045028687,3.7384421825408936,
16,96,0.6019084453582764,0.5736425518989563,0.027878623455762863,3.8726794719696045,
16,97,0.40098777413368225,0.39203041791915894,0.008867667987942696,0.8968327045440674,
16,98,0.7689845561981201,0.7536754608154297,0.015220404602587223,0.8870428204536438,
16,99,0.8600420951843262,0.843798816204071,0.016140710562467575,1.0260313749313354,
16,100,0.8543052077293396,0.8320282697677612,0.0221162848174572,1.6063058376312256,
17,1,1.0949063301086426,1.0747010707855225,0.02009754627943039,1.0776375532150269,
17,2,0.3742302656173706,0.36768612265586853,0.006492966786026955,0.5117194652557373,
17,3,0.3735020160675049,0.36732017993927,0.006134276278316975,0.47561168670654297,
17,4,0.859315812587738,0.8460425138473511,0.013193142600357533,0.8014594912528992,
17,5,0.7581315040588379,0.7469909191131592,0.011080827564001083,0.5980988144874573,
17,6,1.1386116743087769,1.1188905239105225,0.019606437534093857,1.1469743251800537,
17,7,0.5666792988777161,0.5462899804115295,0.020186500623822212,2.0282697677612305,
17,8,0.8185645341873169,0.8055293560028076,0.012944657355546951,0.9051589965820312,
17,9,0.9856082797050476,0.9708713889122009,0.014643043279647827,0.9388619065284729,
17,10,0.3935500681400299,0.38696369528770447,0.006519468035548925,0.6691295504570007,
17,11,0.6207414269447327,0.5849653482437134,0.03528691828250885,4.891707897186279,
17,12,0.6532484292984009,0.6172175407409668,0.035365279763936996,6.656246662139893,
17,13,0.7996120452880859,0.7454779744148254,0.05339117348194122,7.429294586181641,
17,14,0.6727153658866882,0.6317091584205627,0.04023503512144089,7.7113776206970215,
17,15,1.1546216011047363,1.1300103664398193,0.024406151846051216,2.050600051879883,
17,16,0.9606126546859741,0.945344090461731,0.015185801312327385,0.8276225924491882,
17,17,0.5278162360191345,0.5117570161819458,0.015862032771110535,1.971731424331665,
17,18,0.5423804521560669,0.5337108373641968,0.008621152490377426,0.48467573523521423,
17,19,0.7705400586128235,0.7251577377319336,0.04472479224205017,6.574745178222656,
17,20,0.9807463884353638,0.9657260179519653,0.014915106818079948,1.052788257598877,
17,21,0.4397737383842468,0.4266621768474579,0.012972027994692326,1.395416021347046,
17,22,0.8042445778846741,0.7926542162895203,0.011532134376466274,0.5824025273323059,
17,23,0.4668903648853302,0.4556378722190857,0.01113623846322298,1.1627342700958252,
17,24,1.0386384725570679,1.0209416151046753,0.017594944685697556,1.0191950798034668,
17,25,0.4464762508869171,0.4306502938270569,0.01560418400913477,2.2175040245056152,
17,26,1.1326018571853638,1.1123676300048828,0.020090457051992416,1.4378923177719116,
17,27,0.7840983867645264,0.7702245712280273,0.013789547607302666,0.8425170183181763,
17,28,1.1896319389343262,1.165651559829712,0.023810725659132004,1.696251630783081,
17,29,0.5476430058479309,0.5383508205413818,0.009256687015295029,0.355318546295166,
17,30,0.5496370792388916,0.5262045860290527,0.023134052753448486,2.9845123291015625,
17,31,1.1384398937225342,1.0603382587432861,0.07617707550525665,19.24464225769043,
17,32,0.5597796440124512,0.5327743291854858,0.026600297540426254,4.049840927124023,
17,33,0.3667507469654083,0.3576314449310303,0.009030530229210854,0.8876788020133972,
17,34,0.6351500153541565,0.6100732684135437,0.02468743547797203,3.8933002948760986,
17,35,0.48080751299858093,0.4648280143737793,0.015805047005414963,1.7447235584259033,
17,36,0.712743878364563,0.702853798866272,0.00984218344092369,0.4793339669704437,
17,37,1.1982463598251343,1.1785876750946045,0.01950293779373169,1.5584313869476318,
17,38,1.1143945455551147,1.0936543941497803,0.020559506490826607,1.8061174154281616,
17,39,0.8312494158744812,0.8181908130645752,0.012974677607417107,0.8390045762062073,
17,40,0.8190077543258667,0.8047665357589722,0.01414261944591999,0.9858000874519348,
17,41,0.852853536605835,0.8384853601455688,0.01429800409823656,0.7014620900154114,
17,42,0.733949601650238,0.7230222225189209,0.010877275839447975,0.5012750625610352,
17,43,0.8656097054481506,0.8050930500030518,0.058600082993507385,19.165637969970703,
17,44,0.9749441742897034,0.9570638537406921,0.017762448638677597,1.1789186000823975,
17,45,0.4798870384693146,0.4630788564682007,0.016630101948976517,1.7805417776107788,
17,46,1.047770380973816,1.031986951828003,0.01570524461567402,0.7820698618888855,
17,47,1.1387969255447388,1.1173670291900635,0.021266639232635498,1.6323611736297607,
17,48,0.6209503412246704,0.588284969329834,0.032003093510866165,6.622521877288818,
17,49,0.9047309160232544,0.8800302743911743,0.024347005411982536,3.536557197570801,
17,50,0.4724180996417999,0.45561718940734863,0.01655467227101326,2.462414503097534,
17,51,1.0425007343292236,1.0257517099380493,0.016658000648021698,0.910513162612915,
17,52,0.6962177753448486,0.6854640245437622,0.010708299465477467,0.4545302093029022,
17,53,0.8299524188041687,0.8158087730407715,0.014049207791686058,0.9442887306213379,
17,54,1.1057718992233276,1.0855448246002197,0.020028866827487946,1.9818769693374634,
17,55,0.5635237693786621,0.5425117015838623,0.020797256380319595,2.148297071456909,
17,56,0.49995145201683044,0.4832460284233093,0.016459215432405472,2.461888074874878,
17,57,0.8450502753257751,0.8320157527923584,0.01296924613416195,0.652390718460083,
17,58,0.5498527884483337,0.5409427881240845,0.00887561310082674,0.34384092688560486,
17,59,0.9105703830718994,0.8900724649429321,0.02030213549733162,1.9582687616348267,
17,60,0.8214103579521179,0.8079231977462769,0.013389266096055508,0.9786261320114136,
17,61,0.5662187933921814,0.5403773188591003,0.025482594966888428,3.588691473007202,
17,62,0.8776388764381409,0.8636881113052368,0.013862263411283493,0.8849168419837952,
17,63,0.582547128200531,0.5535823702812195,0.028564147651195526,4.006180763244629,
17,64,0.48835405707359314,0.47293567657470703,0.01522749662399292,1.9089430570602417,
17,65,0.47334739565849304,0.4502815008163452,0.022717339918017387,3.4857404232025146,
17,66,1.0704636573791504,1.0546700954437256,0.015718616545200348,0.7499433755874634,
17,67,1.0550848245620728,1.0391358137130737,0.015866342931985855,0.826300859451294,
17,68,0.6047031283378601,0.5709512233734131,0.033225081861019135,5.268526554107666,
17,69,0.7181689739227295,0.7071704864501953,0.010957915335893631,0.40608808398246765,
17,70,0.7440953850746155,0.7328013181686401,0.011248082853853703,0.45975857973098755,
17,71,0.5274940133094788,0.5068759918212891,0.020350074395537376,2.679016351699829,
17,72,0.7900401949882507,0.7775682210922241,0.012414392083883286,0.5759215950965881,
17,73,0.7628966569900513,0.7499930262565613,0.012849205173552036,0.5440936088562012,
17,74,1.0105127096176147,0.9926596283912659,0.017743734642863274,1.093097448348999,
17,75,0.5903996229171753,0.5652768015861511,0.024858204647898674,2.646512508392334,
17,76,0.7419121265411377,0.7009948492050171,0.04032772406935692,5.895246505737305,
17,77,0.7311199903488159,0.7193818092346191,0.011695345863699913,0.42879942059516907,
17,78,0.7792807817459106,0.7289538383483887,0.04942159354686737,9.053388595581055,
17,79,0.8019148707389832,0.7324509620666504,0.06811371445655823,13.502530097961426,
17,80,1.1946866512298584,1.1709270477294922,0.023581858724355698,1.7772257328033447,
17,81,0.6968674659729004,0.6854745149612427,0.011330214329063892,0.6275801658630371,
17,82,1.001006841659546,0.9838420152664185,0.01707039587199688,0.9437622427940369,
17,83,0.42236271500587463,0.41138994693756104,0.010854603722691536,1.1816298961639404,
17,84,0.9654470682144165,0.9485207200050354,0.016830358654260635,0.959374725818634,
17,85,1.0186792612075806,1.002681851387024,0.015920359641313553,0.7702388763427734,
17,86,0.5550805330276489,0.5260571837425232,0.028475582599639893,5.4778242111206055,
17,87,0.6042445302009583,0.5734845995903015,0.030310530215501785,4.493926048278809,
17,88,0.5634837746620178,0.5407703518867493,0.022470194846391678,2.4323136806488037,
17,89,0.3934803903102875,0.3823370337486267,0.011027263477444649,1.1608750820159912,
17,90,0.8119211196899414,0.7603099942207336,0.05084553360939026,7.655570983886719,
17,91,0.7776535153388977,0.7649574875831604,0.012628009542822838,0.6798110008239746,
17,92,0.8108701109886169,0.7945346832275391,0.01623193360865116,1.0350053310394287,
17,93,0.7358129024505615,0.7240622639656067,0.01170272659510374,0.4792451560497284,
17,94,0.8421793580055237,0.8266556262969971,0.015426413156092167,0.9732475876808167,
17,95,0.8371146321296692,0.8210418224334717,0.015980727970600128,0.9209915399551392,
17,96,0.6026226878166199,0.5607144236564636,0.041231442242860794,6.767856121063232,
17,97,0.6802480816841125,0.6368327140808105,0.042754143476486206,6.6118035316467285,
17,98,0.7457638382911682,0.7341222167015076,0.011598330922424793,0.4328313171863556,
17,99,0.5392523407936096,0.5302075147628784,0.00900900736451149,0.3580038845539093,
17,100,0.4659160077571869,0.4544936418533325,0.011303645558655262,1.187361478805542,
18,1,1.1593939065933228,1.1377323865890503,0.02149161510169506,1.6983311176300049,
18,2,1.1423430442810059,1.1234796047210693,0.018753279000520706,1.1015652418136597,
18,3,0.5259352922439575,0.502317488193512,0.02325437031686306,3.6340155601501465,
18,4,0.5424996018409729,0.5206724405288696,0.021523697301745415,3.034703493118286,
18,5,0.5911564826965332,0.5676839351654053,0.023204782977700233,2.677537202835083,
18,6,0.6102593541145325,0.5812254548072815,0.028574060648679733,4.598426818847656,
18,7,0.6111851930618286,0.5764693021774292,0.03402315080165863,6.927164077758789,
18,8,0.6760438680648804,0.6374220848083496,0.038158006966114044,4.637826442718506,
18,9,1.095712661743164,1.0723533630371094,0.023109443485736847,2.4980578422546387,
18,10,0.5990488529205322,0.5642692446708679,0.034257013350725174,5.226231575012207,
18,11,0.4636801481246948,0.4471933841705322,0.01626901514828205,2.1773788928985596,
18,12,0.4645642936229706,0.44181135296821594,0.02243070676922798,3.2221763134002686,
18,13,0.6062090396881104,0.5725367069244385,0.03322029486298561,4.520583629608154,
18,14,0.9530942440032959,0.9383244514465332,0.014688951894640923,0.8081344962120056,
18,15,1.3333476781845093,1.2730685472488403,0.05945140868425369,8.27649211883545,
18,16,0.8864548206329346,0.8736612200737,0.012733965180814266,0.5968509316444397,
18,17,0.538536548614502,0.5193527936935425,0.01891656033694744,2.6720163822174072,
18,18,0.595780074596405,0.566038191318512,0.029350828379392624,3.910456895828247,
18,19,0.47416186332702637,0.4611220359802246,0.01289459504187107,1.4521658420562744,
18,20,1.2120832204818726,1.1805222034454346,0.03136458992958069,1.9640668630599976,
18,21,0.3556714951992035,0.34594327211380005,0.009630779735744,0.974422037601471,
18,22,0.8861798048019409,0.8731581568717957,0.012955481186509132,0.6615486145019531,
18,23,1.0168384313583374,0.9934813380241394,0.02316182106733322,1.9531530141830444,
18,24,0.9450181722640991,0.9294517040252686,0.0154790710657835,0.8739343285560608,
18,25,0.6050335168838501,0.5779992341995239,0.026593398302793503,4.40907621383667,
18,26,1.0800509452819824,1.062210202217102,0.017744556069374084,0.9622925519943237,
18,27,0.654599666595459,0.644459068775177,0.010095732286572456,0.4489172101020813,
18,28,0.6977035999298096,0.6865866780281067,0.011068250052630901,0.4871349632740021,
18,29,0.6769777536392212,0.6414691209793091,0.035079147666692734,4.295083522796631,
18,30,0.42550989985466003,0.40408000349998474,0.02098069153726101,4.492197036743164,
18,31,1.1108384132385254,1.0907971858978271,0.01990881934762001,1.3248323202133179,
18,32,0.7543834447860718,0.6976393461227417,0.055872842669487,8.712661743164062,
18,33,0.4788845479488373,0.46118295192718506,0.017453975975513458,2.476139783859253,
18,34,0.5306058526039124,0.5218505859375,0.008723434060811996,0.3183309733867645,
18,35,0.7616916298866272,0.7112197875976562,0.049602217972278595,8.6961088180542,
18,36,0.8361678123474121,0.8222382068634033,0.013860484585165977,0.6912071108818054,
18,37,0.4875146150588989,0.47182562947273254,0.015476614236831665,2.1237049102783203,
18,38,0.8485302329063416,0.8249450325965881,0.023363523185253143,2.216606378555298,
18,39,1.0476319789886475,1.0299452543258667,0.017586980015039444,0.9973288774490356,
18,40,0.5504472851753235,0.5289887189865112,0.021219920367002487,2.386683464050293,
18,41,0.7043524384498596,0.6314805746078491,0.07105942070484161,18.124507904052734,
18,42,0.4244653880596161,0.4032275080680847,0.020894519984722137,3.433485984802246,
18,43,0.5289140939712524,0.520540177822113,0.008338683284819126,0.3523390591144562,
18,44,0.9574617147445679,0.9416977167129517,0.015679463744163513,0.8453897833824158,
18,45,0.41232162714004517,0.3987242579460144,0.013355303555727005,2.420593023300171,
18,46,0.8592750430107117,0.7928183674812317,0.06541816890239716,10.384900093078613,
18,47,0.3891569674015045,0.3800412714481354,0.009026940912008286,0.8874984979629517,
18,48,0.9050815105438232,0.8806301355361938,0.024124257266521454,3.2711892127990723,
18,49,0.6736520528793335,0.6628144979476929,0.010787663981318474,0.4990384578704834,
18,50,0.8307445049285889,0.8153923153877258,0.015277519822120667,0.7468942999839783,
18,51,1.0931034088134766,1.0677385330200195,0.02511940337717533,2.4550843238830566,
18,52,0.5839002728462219,0.5501317381858826,0.0333009697496891,4.675161838531494,
18,53,0.6203505396842957,0.5837359428405762,0.03594240918755531,6.721429824829102,
18,54,0.5670293569564819,0.5339767932891846,0.0325067937374115,5.457146167755127,
18,55,0.4529382586479187,0.4355480372905731,0.017149988561868668,2.4022200107574463,
18,56,0.5755112171173096,0.5286555886268616,0.045436061918735504,14.195199012756348,
18,57,0.7918586730957031,0.7777776718139648,0.014001267962157726,0.7974782586097717,
18,58,0.6136514544487,0.561799943447113,0.05076664686203003,10.84886360168457,
18,59,1.1722630262374878,1.1508228778839111,0.02130061388015747,1.396406888961792,
18,60,0.8091397285461426,0.7956969738006592,0.013370804488658905,0.719322681427002,
18,61,0.4070989489555359,0.3948524594306946,0.012134769931435585,1.1173008680343628,
18,62,0.8842897415161133,0.8686800003051758,0.015528067015111446,0.816426157951355,
18,63,0.6037137508392334,0.5663774013519287,0.036753565073013306,5.828393936157227,
18,64,0.6951207518577576,0.6831938028335571,0.011861128732562065,0.6581071019172668,
18,65,0.745647668838501,0.7330479621887207,0.0125496294349432,0.5008607506752014,
18,66,1.1314936876296997,1.1077617406845093,0.023538831621408463,1.9316397905349731,
18,67,0.6954667568206787,0.6519479155540466,0.04271053895354271,8.082876205444336,
18,68,0.6020724773406982,0.5719527006149292,0.029724640771746635,3.9512648582458496,
18,69,1.0683571100234985,1.0453968048095703,0.02279633656144142,1.6386452913284302,
18,70,0.5673720836639404,0.532534122467041,0.03430334851145744,5.346063613891602,
18,71,1.1448004245758057,1.1234190464019775,0.021246343851089478,1.3506779670715332,
18,72,0.47539061307907104,0.4450502395629883,0.029856238514184952,4.8414225578308105,
18,73,1.1485836505889893,1.1281182765960693,0.020334787666797638,1.3048127889633179,
18,74,0.3921211361885071,0.3797195255756378,0.012282956391572952,1.1863696575164795,
18,75,0.826388955116272,0.8118097186088562,0.01450944971293211,0.6980288624763489,
18,76,0.7541829347610474,0.7410989999771118,0.013030417263507843,0.5349557399749756,
18,77,1.1694451570510864,1.1377655267715454,0.03150240331888199,1.7722808122634888,
18,78,0.5823460817337036,0.5720421075820923,0.01026647537946701,0.37463825941085815,
18,79,1.1118106842041016,1.0897293090820312,0.021851621568202972,2.2970151901245117,
18,80,0.7046974897384644,0.6920469999313354,0.012583592906594276,0.668664813041687,
18,81,0.538668155670166,0.51533043384552,0.02301335334777832,3.2439417839050293,
18,82,0.8636709451675415,0.8489984273910522,0.014584969729185104,0.8754304647445679,
18,83,1.1550811529159546,1.1366097927093506,0.01833847351372242,1.3288016319274902,
18,84,1.2286789417266846,1.2025146484375,0.02591712959110737,2.4713706970214844,
18,85,0.7289590835571289,0.6904242634773254,0.0379875972867012,5.472553253173828,
18,86,1.1261786222457886,1.1080992221832275,0.017969248816370964,1.1014878749847412,
18,87,0.8406725525856018,0.8250638246536255,0.015495456755161285,1.1326650381088257,
18,88,0.4025280773639679,0.38324496150016785,0.019046997651457787,2.361180543899536,
18,89,0.5486398935317993,0.5380979776382446,0.010503320954740047,0.3864172399044037,
18,90,0.5730701088905334,0.5507688522338867,0.022070791572332382,2.305070161819458,
18,91,0.39170125126838684,0.37470534443855286,0.016831327229738235,1.6456892490386963,
18,92,0.8600065112113953,0.846025288105011,0.013894792646169662,0.8642932772636414,
18,93,0.4999729096889496,0.47464218735694885,0.024975132197141647,3.5561065673828125,
18,94,1.0510019063949585,1.0362651348114014,0.014667928218841553,0.6875833868980408,
18,95,0.9447675943374634,0.9302787780761719,0.014413037337362766,0.7575825452804565,
18,96,1.02974534034729,0.8960506916046143,0.13120287656784058,24.916706085205078,
18,97,0.390976220369339,0.3786238431930542,0.012234291061758995,1.1806854009628296,
18,98,0.6120582818984985,0.6025052666664124,0.009519126266241074,0.3391589820384979,
18,99,1.34799063205719,1.0918214321136475,0.24833399057388306,78.35279083251953,
18,100,0.4102550148963928,0.3965514898300171,0.013572369702160358,1.3117079734802246,
19,1,0.5699273347854614,0.5416041612625122,0.028018441051244736,3.0473709106445312,
19,2,0.7440338730812073,0.6873488426208496,0.05505576357245445,16.292949676513672,
19,3,0.6110273003578186,0.6005922555923462,0.0103983785957098,0.3664633333683014,
19,4,0.3753761649131775,0.3681807518005371,0.007141490001231432,0.5391567945480347,
19,5,0.5242764949798584,0.5154622793197632,0.008782349526882172,0.31870460510253906,
19,6,0.8011414408683777,0.7861921191215515,0.014843751676380634,1.0553990602493286,
19,7,0.5116134881973267,0.48125872015953064,0.029909633100032806,4.451329231262207,
19,8,0.6889463663101196,0.6259481906890869,0.06214361637830734,8.545341491699219,
19,9,0.45834195613861084,0.4418824315071106,0.016291365027427673,1.68152916431427,
19,10,0.8782090544700623,0.8626734018325806,0.015457001514732838,0.7866511344909668,
19,11,0.3824208974838257,0.37439000606536865,0.007956193760037422,0.7469308972358704,
19,12,0.3800710141658783,0.3681980073451996,0.011746268719434738,1.2674275636672974,
19,13,0.5957553386688232,0.5543782711029053,0.04076183959841728,6.1524553298950195,
19,14,0.9353514909744263,0.9170849323272705,0.018182028084993362,0.8449605107307434,
19,15,0.8346126675605774,0.7440167665481567,0.08903272449970245,15.632087707519531,
19,16,0.5950166583061218,0.5723398923873901,0.022457625716924667,2.1914823055267334,
19,17,0.5065158605575562,0.48924002051353455,0.0171133354306221,1.624608039855957,
19,18,0.4065544009208679,0.3978915214538574,0.008586663752794266,0.7621636986732483,
19,19,0.9806195497512817,0.9663385152816772,0.014210222288966179,0.7080309391021729,
19,20,1.1152232885360718,1.0992711782455444,0.015842117369174957,1.0998777151107788,
19,21,0.6190284490585327,0.5963408946990967,0.022414810955524445,2.727263927459717,
19,22,0.6512747406959534,0.6175789833068848,0.033157460391521454,5.383114814758301,
19,23,0.7543122172355652,0.745070219039917,0.009204419329762459,0.37578335404396057,
19,24,0.8073019981384277,0.7974696755409241,0.009790219366550446,0.42072564363479614,
19,25,0.8678576350212097,0.8573580384254456,0.010450096800923347,0.49470487236976624,
19,26,1.1064046621322632,1.0908806324005127,0.015389204025268555,1.3482564687728882,
19,27,0.8087964653968811,0.7753995060920715,0.03298302739858627,4.1395344734191895,
19,28,0.805195689201355,0.7946346402168274,0.010524768382310867,0.3629990816116333,
19,29,0.6821523904800415,0.6537361741065979,0.02804986760020256,3.66329288482666,
19,30,0.832571804523468,0.8205844163894653,0.011928573250770569,0.5880143046379089,
19,31,0.7021275758743286,0.691818118095398,0.010265551507472992,0.43945014476776123,
19,32,0.8834644556045532,0.8516455888748169,0.03145168721675873,3.671614646911621,
19,33,0.6368204355239868,0.60438072681427,0.03192956745624542,5.101840496063232,
19,34,0.7245542407035828,0.7143274545669556,0.01018872857093811,0.3806537687778473,
19,35,0.45380064845085144,0.441400408744812,0.012255808338522911,1.4441519975662231,
19,36,0.4047045409679413,0.39730364084243774,0.007347442209720612,0.5347369313240051,
19,37,0.6072320938110352,0.597846269607544,0.009351959452033043,0.3385925889015198,
19,38,1.1773549318313599,1.1431487798690796,0.0340270921587944,1.7901471853256226,
19,39,1.0672998428344727,1.0479521751403809,0.019253093749284744,0.9447579383850098,
19,40,0.580677330493927,0.5530587434768677,0.02724410966038704,3.7450530529022217,
19,41,0.7457002401351929,0.6956039667129517,0.04951133579015732,5.849362850189209,
19,42,0.8730977773666382,0.8584564924240112,0.01455075852572918,0.9051424860954285,
19,43,0.4099266827106476,0.39925307035446167,0.010578786954283714,0.948246955871582,
19,44,0.949134111404419,0.9342549443244934,0.014796197414398193,0.8297865390777588,
19,45,0.9257476925849915,0.9125950336456299,0.013089473359286785,0.6317263841629028,
19,46,0.8326538801193237,0.8209927082061768,0.011602760292589664,0.5840705037117004,
19,47,0.5843467712402344,0.5608794689178467,0.02314946800470352,3.1784169673919678,
19,48,0.8305638432502747,0.8196917176246643,0.010795658454298973,0.7646977305412292,
19,49,0.8729599118232727,0.8623204231262207,0.010587937198579311,0.5154447555541992,
19,50,0.5594050288200378,0.5523314476013184,0.007045951671898365,0.27680322527885437,
19,51,0.40792176127433777,0.40031278133392334,0.007541620638221502,0.6735892295837402,
19,52,0.5376051068305969,0.5276086926460266,0.009833542630076408,1.6289284229278564,
19,53,0.8601324558258057,0.8484628796577454,0.011596310883760452,0.732412576675415,
19,54,0.5505578517913818,0.5354936718940735,0.014909451827406883,1.547041416168213,
19,55,0.6527434587478638,0.6438281536102295,0.008876144886016846,0.39136987924575806,
19,56,0.5024032592773438,0.4779241979122162,0.024140946567058563,3.381657123565674,
19,57,0.607192873954773,0.5819339752197266,0.02487635798752308,3.8253324031829834,
19,58,0.5484693646430969,0.538184404373169,0.010247711092233658,0.37242209911346436,
19,59,0.6191261410713196,0.5874029397964478,0.031139351427555084,5.838484287261963,
19,60,0.6976578235626221,0.6678935289382935,0.029362156987190247,4.02130126953125,
19,61,0.9811128377914429,0.9639133810997009,0.017082052305340767,1.1744000911712646,
19,62,0.9638657569885254,0.9473543167114258,0.01641581766307354,0.9560093879699707,
19,63,0.5513365268707275,0.5388977527618408,0.012392856180667877,0.45893144607543945,
19,64,0.6120654344558716,0.5808396935462952,0.030687812715768814,5.379040241241455,
19,65,0.5992384552955627,0.570520281791687,0.028378892689943314,3.392956256866455,
19,66,0.3803868591785431,0.36667847633361816,0.013563770800828934,1.4460529088974,
19,67,0.7832388877868652,0.7710754871368408,0.012097691185772419,0.6569942831993103,
19,68,0.6223602890968323,0.5944428443908691,0.027524715289473534,3.9275481700897217,
19,69,0.5393163561820984,0.521986722946167,0.017130352556705475,1.9927712678909302,
19,70,0.8159758448600769,0.8049180507659912,0.011003823950886726,0.5391397476196289,
19,71,0.810874879360199,0.7989813089370728,0.01180359162390232,0.9000964760780334,
19,72,0.8095114231109619,0.7984903454780579,0.010969027876853943,0.5203902721405029,
19,73,1.084026575088501,1.0679097175598145,0.016013048589229584,1.0384609699249268,
19,74,0.8503466844558716,0.8387188911437988,0.011567382141947746,0.6046640872955322,
19,75,0.6048202514648438,0.581915020942688,0.02262919396162033,2.760293483734131,
19,76,1.1972163915634155,1.1753149032592773,0.021722983568906784,1.7840325832366943,
19,77,1.0309727191925049,1.0150623321533203,0.015832530334591866,0.7783264517784119,
19,78,1.051288366317749,1.035144329071045,0.016057470813393593,0.8657389283180237,
19,79,0.6709699630737305,0.6613070368766785,0.009618919342756271,0.4398518204689026,
19,80,0.5049400329589844,0.486100435256958,0.01859641633927822,2.4321157932281494,
19,81,0.5098850131034851,0.4907718300819397,0.018858786672353745,2.543872594833374,
19,82,1.463016152381897,1.2430639266967773,0.21396097540855408,59.911712646484375,
19,83,0.6823182106018066,0.6402343511581421,0.041587330400943756,4.964849948883057,
19,84,0.8864431381225586,0.8705307245254517,0.01580549031496048,1.0694694519042969,
19,85,0.7432730197906494,0.7311638593673706,0.012063011527061462,0.4615005850791931,
19,86,0.8218665719032288,0.8067294359207153,0.01505894772708416,0.7821474671363831,
19,87,0.5781780481338501,0.5452549457550049,0.03244885057210922,4.742716312408447,
19,88,0.5973562598228455,0.5566809177398682,0.039937786757946014,7.375302791595459,
19,89,0.6042413115501404,0.5627301931381226,0.04090476408600807,6.063486576080322,
19,90,0.927278459072113,0.9090288877487183,0.018108557909727097,1.4100115299224854,
19,91,0.8811901807785034,0.8659805059432983,0.01511724665760994,0.9246231317520142,
19,92,0.768615186214447,0.757072389125824,0.011491981334984303,0.5083557963371277,
19,93,0.8302869200706482,0.8167179226875305,0.01350249070674181,0.6649121642112732,
19,94,0.8643690943717957,0.8499395847320557,0.014334766194224358,0.9478754997253418,
19,95,1.1582061052322388,1.1364315748214722,0.02162303775548935,1.51568603515625,
19,96,0.6121922731399536,0.5860479474067688,0.025809794664382935,3.3452537059783936,
19,97,0.47637587785720825,0.46416646242141724,0.012055160477757454,1.5425901412963867,
19,98,0.39003461599349976,0.3833159804344177,0.0066555580124258995,0.630993664264679,
19,99,0.7626690864562988,0.749945878982544,0.012647811323404312,0.754219651222229,
19,100,0.9726266264915466,0.9542704224586487,0.018134795129299164,2.2145495414733887,
20,1,0.6202415227890015,0.588367760181427,0.031430684030056,4.430726528167725,
20,2,0.7092195749282837,0.6612788438796997,0.04735592007637024,5.8481621742248535,
20,3,1.0737602710723877,1.0537376403808594,0.019906535744667053,1.1606768369674683,
20,4,0.6283583641052246,0.591221272945404,0.03648698329925537,6.500979900360107,
20,5,0.672858715057373,0.6191240549087524,0.05305561423301697,6.790292263031006,
20,6,0.5869975686073303,0.5484215021133423,0.03798464313149452,5.914008140563965,
20,7,0.6143351197242737,0.5778663158416748,0.03599086403846741,4.779887676239014,
20,8,0.397058367729187,0.38690727949142456,0.010056175291538239,0.9491252303123474,
20,9,0.5067266821861267,0.4935302138328552,0.013052670285105705,1.4384132623672485,
20,10,0.5770488381385803,0.5500285029411316,0.0266491137444973,3.7121174335479736,
20,11,0.6930569410324097,0.6502954363822937,0.04219052568078041,5.709671497344971,
20,12,0.8474393486976624,0.835296630859375,0.012075772508978844,0.6696513891220093,
20,13,0.5456908345222473,0.5301530361175537,0.01533910445868969,1.9870996475219727,
20,14,0.6122042536735535,0.5829463005065918,0.028810296207666397,4.476341724395752,
20,15,1.1426687240600586,1.1222282648086548,0.020307235419750214,1.3328955173492432,
20,16,0.6018916964530945,0.5669178366661072,0.03446417674422264,5.096930980682373,
20,17,0.5544173121452332,0.5338256359100342,0.02036430314183235,2.273732900619507,
20,18,1.069028377532959,1.0510151386260986,0.017910119146108627,1.0314666032791138,
20,19,1.135666847229004,1.109349012374878,0.026025809347629547,2.920780658721924,
20,20,0.7284221053123474,0.7174564003944397,0.010924533009529114,0.41216400265693665,
20,21,0.4479357600212097,0.4313989281654358,0.016322294250130653,2.1453921794891357,
20,22,0.8288984894752502,0.8140618801116943,0.014735361561179161,1.0124900341033936,
20,23,0.38528406620025635,0.376677930355072,0.008519451133906841,0.8670522570610046,
20,24,0.7648546695709229,0.7016429901123047,0.06224465370178223,9.670113563537598,
20,25,0.6019429564476013,0.5776243209838867,0.02406931295990944,2.4930412769317627,
20,26,0.7271960377693176,0.6769379377365112,0.04959379881620407,6.642865180969238,
20,27,0.6330482959747314,0.597091794013977,0.03529049828648567,6.659952640533447,
20,28,1.0616406202316284,1.037564992904663,0.02387344092130661,2.0221128463745117,
20,29,0.5048028230667114,0.4846065044403076,0.019927188754081726,2.6910622119903564,
20,30,1.168403148651123,1.1457245349884033,0.022519761696457863,1.589515209197998,
20,31,0.8497092127799988,0.8336548805236816,0.015950050204992294,1.0433615446090698,
20,32,0.5798947811126709,0.5571457147598267,0.022510703653097153,2.383739471435547,
20,33,0.7859774827957153,0.7729620933532715,0.012949464842677116,0.6593602895736694,
20,34,0.5887659788131714,0.5618718862533569,0.026449784636497498,4.443017959594727,
20,35,0.5779018402099609,0.5695174932479858,0.008351054042577744,0.3331057131290436,
20,36,0.8992389440536499,0.8808671832084656,0.018137425184249878,2.343735694885254,
20,37,0.4733402132987976,0.4594954252243042,0.013660743832588196,1.8404561281204224,
20,38,0.8938279151916504,0.8803649544715881,0.013395830057561398,0.6709668636322021,
20,39,0.5291916728019714,0.5059917569160461,0.022821171209216118,3.787247896194458,
20,40,0.9864824414253235,0.9550644159317017,0.030660461634397507,7.575484752655029,
20,41,0.7134451270103455,0.7026282548904419,0.010760976001620293,0.5590594410896301,
20,42,0.7396368980407715,0.6979569792747498,0.040647346526384354,10.326204299926758,
20,43,1.0693671703338623,1.0497633218765259,0.01948164403438568,1.2221591472625732,
20,44,0.5868214964866638,0.5595957040786743,0.026841286569833755,3.844831705093384,
20,45,0.8613030910491943,0.8456876873970032,0.01553676649928093,0.786286473274231,
20,46,0.38650381565093994,0.37415555119514465,0.012217177078127861,1.3108959197998047,
20,47,0.815531313419342,0.7984095811843872,0.01698300987482071,1.3872599601745605,
20,48,0.46985599398612976,0.4498428702354431,0.019736619666218758,2.765014171600342,
20,49,0.7465088367462158,0.7325073480606079,0.013949978165328503,0.515271782875061,
20,50,0.5564250946044922,0.5434144139289856,0.012933515012264252,0.7716220021247864,
20,51,0.7473025918006897,0.729937732219696,0.017259344458580017,1.0548611879348755,
20,52,1.2157342433929443,1.1862802505493164,0.0292360782623291,2.1786019802093506,
20,53,0.8890281915664673,0.8736484050750732,0.015307335183024406,0.7245064973831177,
20,54,1.0727224349975586,1.0479880571365356,0.024574268609285355,1.600609302520752,
20,55,0.5717155933380127,0.5373367071151733,0.03377760201692581,6.013064861297607,
20,56,0.8540846705436707,0.839070200920105,0.014914512634277344,0.9997698068618774,
20,57,0.36556264758110046,0.35713908076286316,0.008335254155099392,0.8831564784049988,
20,58,0.36719638109207153,0.3602716028690338,0.006871835328638554,0.5293775796890259,
20,59,0.6579082608222961,0.6481056809425354,0.009753663092851639,0.48925474286079407,
20,60,0.5502057671546936,0.5300040245056152,0.019951101392507553,2.506295919418335,
20,61,1.0378503799438477,1.020007848739624,0.017738603055477142,1.0395714044570923,
20,62,0.7517831325531006,0.7397769689559937,0.011941768229007721,0.6436038017272949,
20,63,0.806282103061676,0.7944241762161255,0.01180246938019991,0.554611325263977,
20,64,0.5540793538093567,0.5234487056732178,0.03013613447546959,4.945125102996826,
20,65,0.38464635610580444,0.3745723366737366,0.00996402371674776,1.0999755859375,
20,66,1.1189069747924805,1.0981519222259521,0.020630577579140663,1.2442197799682617,
20,67,0.3823832869529724,0.37404337525367737,0.00826454721391201,0.753670871257782,
20,68,0.596036434173584,0.5697628259658813,0.02596709132194519,3.064927101135254,
20,69,0.5383602976799011,0.5153287053108215,0.022717949002981186,3.13611102104187,
20,70,0.3676939904689789,0.3587374687194824,0.0088724996894598,0.8402677178382874,
20,71,0.5897678732872009,0.5556768178939819,0.033630501478910446,4.605597496032715,
20,72,0.4457050561904907,0.4307941794395447,0.014761144295334816,1.497367262840271,
20,73,0.506493091583252,0.47760170698165894,0.0284385047852993,4.528655529022217,
20,74,1.051633596420288,1.031846523284912,0.01963135413825512,1.5573116540908813,
20,75,0.8240281343460083,0.8113351464271545,0.012632418423891068,0.6055935025215149,
20,76,0.7081658244132996,0.696702241897583,0.011405985802412033,0.5756984949111938,
20,77,0.5985026955604553,0.5701280832290649,0.027976755052804947,3.978881359100342,
20,78,0.9046317934989929,0.8895241022109985,0.015031063929200172,0.7664735913276672,
20,79,0.8054053783416748,0.7924673557281494,0.012872864492237568,0.6513816714286804,
20,80,0.35789862275123596,0.3491947054862976,0.008631493896245956,0.7243250012397766,
20,81,0.839396595954895,0.8223917484283447,0.016859285533428192,1.4555574655532837,
20,82,0.6312251091003418,0.6004555821418762,0.030406605452299118,3.6294405460357666,
20,83,0.7337210178375244,0.7217527031898499,0.011923739686608315,0.44570353627204895,
20,84,0.4399373233318329,0.4236011505126953,0.016104675829410553,2.31504225730896,
20,85,0.3712503910064697,0.361278235912323,0.009872488677501678,0.996675968170166,
20,86,0.5067795515060425,0.4846925139427185,0.021793585270643234,2.9341235160827637,
20,87,0.538597583770752,0.5118570327758789,0.026362696662545204,3.7784087657928467,
20,88,1.02657949924469,0.9746265411376953,0.05057094991207123,13.820042610168457,
20,89,0.8317575454711914,0.8166764974594116,0.014999966137111187,0.8104972243309021,
20,90,1.1236200332641602,1.101013422012329,0.022468339651823044,1.3831719160079956,
20,91,0.5607742071151733,0.5291967391967773,0.031140096485614777,4.373950481414795,
20,92,0.6983494758605957,0.6523278951644897,0.04538525640964508,6.363190174102783,
20,93,0.6615573167800903,0.6222012042999268,0.038879793137311935,4.763214588165283,
20,94,0.9909643530845642,0.9748194217681885,0.016063064336776733,0.8181451559066772,
20,95,0.5379845499992371,0.5036152601242065,0.033810805529356,5.585181713104248,
20,96,1.1347421407699585,1.11095130443573,0.02353391796350479,2.5692262649536133,
20,97,0.6776353716850281,0.6434614062309265,0.0337589755654335,4.149874210357666,
20,98,0.9475623369216919,0.9321187734603882,0.015358293429017067,0.8531402349472046,
20,99,0.9291089177131653,0.9137464761734009,0.015282981097698212,0.7945857048034668,
20,100,1.030269980430603,1.012610673904419,0.01755719818174839,1.021591305732727,
