epoch,batch,total_loss,loss2neighbor,loss_idt,loss_reg,loss_bg
1,1,25.323238372802734,19.030517578125,6.269671440124512,230.4759521484375,
1,2,20.150665283203125,14.568008422851562,5.561477184295654,211.7959747314453,
1,3,31.862396240234375,18.221988677978516,13.604785919189453,356.2178955078125,
1,4,7.580992221832275,3.7158265113830566,3.8547253608703613,104.40164184570312,
1,5,4.672527313232422,2.773124933242798,1.8939859867095947,54.165252685546875,
1,6,4.257278919219971,2.1272072792053223,2.12431001663208,57.614009857177734,
1,7,2.7176690101623535,1.7462408542633057,0.9686992168426514,27.28921127319336,
1,8,1.7052348852157593,1.3258917331695557,0.377310186624527,20.32964515686035,
1,9,1.4146513938903809,1.126355528831482,0.2868598401546478,14.359447479248047,
1,10,2.5963032245635986,2.345353603363037,0.2496986985206604,12.50888442993164,
1,11,1.3665419816970825,1.1580743789672852,0.2075476348400116,9.199912071228027,
1,12,1.025039553642273,0.870713472366333,0.15358386933803558,7.421668529510498,
1,13,1.1061805486679077,1.0194802284240723,0.08619681000709534,5.034862995147705,
1,14,1.3139268159866333,1.1262201070785522,0.18718096613883972,5.25684118270874,
1,15,1.670781135559082,1.4640830755233765,0.20609581470489502,6.0220136642456055,
1,16,1.1645433902740479,1.108423113822937,0.05581476911902428,3.0549802780151367,
1,17,1.0344252586364746,0.9292451739311218,0.10485422611236572,3.2587413787841797,
1,18,1.1960922479629517,1.038151741027832,0.1574345827102661,5.0595197677612305,
1,19,0.8234692811965942,0.7609018087387085,0.06230492144823074,2.62556791305542,
1,20,0.9493843913078308,0.829006552696228,0.11999842524528503,3.7936549186706543,
1,21,1.3202052116394043,1.2138760089874268,0.10602407157421112,3.0517661571502686,
1,22,0.7269529700279236,0.6429837942123413,0.0836472138762474,3.2196619510650635,
1,23,1.0702250003814697,1.0143299102783203,0.05557314306497574,3.219862461090088,
1,24,0.6479576230049133,0.6028289794921875,0.04488787427544594,2.4076642990112305,
1,25,0.907730221748352,0.833487331867218,0.07405316829681396,1.8971948623657227,
1,26,0.6003415584564209,0.5375306010246277,0.06255777925252914,2.5321507453918457,
1,27,0.705644428730011,0.6656420230865479,0.03982364386320114,1.7875332832336426,
1,28,0.7020866870880127,0.6660116910934448,0.03588509559631348,1.8987253904342651,
1,29,0.8308047652244568,0.8004868030548096,0.030101412907242775,2.1651406288146973,
1,30,0.991799533367157,0.9156166315078735,0.07595817744731903,2.2471277713775635,
1,31,0.9428654909133911,0.893518328666687,0.0491996705532074,1.4743353128433228,
1,32,1.0551820993423462,1.0047234296798706,0.05028076097369194,1.7790535688400269,
1,33,0.8712588548660278,0.8363795876502991,0.03466445952653885,2.1481101512908936,
1,34,1.0116304159164429,0.9455499649047852,0.06583699584007263,2.434688091278076,
1,35,1.1738624572753906,1.1104578971862793,0.0632033497095108,2.011867046356201,
1,36,0.9568183422088623,0.8814544677734375,0.07513290643692017,2.309842824935913,
1,37,0.711380660533905,0.684859573841095,0.02636653184890747,1.54545259475708,
1,38,0.8765230178833008,0.8493951559066772,0.02694941684603691,1.7847399711608887,
1,39,0.9862809181213379,0.9519983530044556,0.034065164625644684,2.1735081672668457,
1,40,0.829417884349823,0.773651123046875,0.055581994354724884,1.848030686378479,
1,41,0.9195289611816406,0.850299596786499,0.06902848929166794,2.0089168548583984,
1,42,0.703818678855896,0.6271291971206665,0.07648332417011261,2.061636209487915,
1,43,2.2911856174468994,2.2509894371032715,0.040013402700424194,1.829208254814148,
1,44,0.446071982383728,0.4041605591773987,0.041728898882865906,1.8251725435256958,
1,45,0.8761184215545654,0.8374805450439453,0.038518939167261124,1.1893337965011597,
1,46,1.1208829879760742,1.0767229795455933,0.04401741921901703,1.4259552955627441,
1,47,1.3135762214660645,1.270697832107544,0.042688481509685516,1.899303674697876,
1,48,0.8135174512863159,0.7620266079902649,0.05131050944328308,1.803727388381958,
1,49,1.0296796560287476,0.983478307723999,0.04604673385620117,1.5457426309585571,
1,50,0.5347593426704407,0.49353915452957153,0.04105427861213684,1.6588468551635742,
1,51,0.8639302849769592,0.8121514320373535,0.05163262039422989,1.4622187614440918,
1,52,1.0471760034561157,1.0255571603775024,0.021413568407297134,2.0524179935455322,
1,53,0.9284088611602783,0.8800743818283081,0.04813292622566223,2.0159220695495605,
1,54,1.1409448385238647,1.0793133974075317,0.06141793727874756,2.135110855102539,
1,55,0.77164226770401,0.7501166462898254,0.021350190043449402,1.7541136741638184,
1,56,1.0310519933700562,0.992103099822998,0.03882240504026413,1.2643510103225708,
1,57,0.5287461876869202,0.5058268904685974,0.022785885259509087,1.3342305421829224,
1,58,1.015135407447815,0.9717444181442261,0.04320557415485382,1.8532065153121948,
1,59,0.6483932733535767,0.627640426158905,0.020591704174876213,1.6119980812072754,
1,60,1.0180773735046387,0.9866228103637695,0.031315140426158905,1.394780158996582,
1,61,0.6265158653259277,0.5988044142723083,0.02747901901602745,2.3245534896850586,
1,62,0.8034767508506775,0.755955696105957,0.04738723486661911,1.3380718231201172,
1,63,1.0867760181427002,1.0470730066299438,0.039570555090904236,1.3240242004394531,
1,64,0.6091976761817932,0.590678870677948,0.018409257754683495,1.095515251159668,
1,65,0.8367224335670471,0.7952003479003906,0.04137849062681198,1.4358484745025635,
1,66,0.8104867339134216,0.7680059671401978,0.04233416169881821,1.4662383794784546,
1,67,0.8494272232055664,0.8021293878555298,0.04714473709464073,1.5312590599060059,
1,68,0.8410566449165344,0.7970536351203918,0.04386952519416809,1.3345966339111328,
1,69,1.0932447910308838,1.0529119968414307,0.0401947945356369,1.3804936408996582,
1,70,0.9012943506240845,0.868842363357544,0.03213486075401306,3.1707088947296143,
1,71,1.2199870347976685,1.192770004272461,0.026967881247401237,2.491560459136963,
1,72,0.8686174750328064,0.8388016223907471,0.029612302780151367,2.03559947013855,
1,73,0.7105528712272644,0.6689859628677368,0.04143888130784035,1.280016303062439,
1,74,0.7533407807350159,0.711889922618866,0.04132824391126633,1.226136565208435,
1,75,0.8167338967323303,0.7873292565345764,0.029306184500455856,0.9847182035446167,
1,76,0.6351056694984436,0.615519642829895,0.019440973177552223,1.451023817062378,
1,77,1.257493019104004,1.2145216464996338,0.0427708700299263,2.004643678665161,
1,78,0.9233257174491882,0.8887444734573364,0.034473173320293427,1.080432415008545,
1,79,0.576128363609314,0.5551597476005554,0.020823271945118904,1.4530256986618042,
1,80,0.6150710582733154,0.5943447947502136,0.0205719955265522,1.5426843166351318,
1,81,0.8039547204971313,0.7682591676712036,0.0353630930185318,3.324497938156128,
1,82,0.5232603549957275,0.5066119432449341,0.016559872776269913,0.8852837085723877,
1,83,0.4731772243976593,0.44195711612701416,0.0310654416680336,1.546643614768982,
1,84,0.8973913192749023,0.8647465705871582,0.03252319619059563,1.215445876121521,
1,85,0.4143655300140381,0.38130688667297363,0.03289952874183655,1.591151237487793,
1,86,0.8571667671203613,0.8126896023750305,0.044340282678604126,1.3683072328567505,
1,87,0.6310385465621948,0.6103628277778625,0.02054484747350216,1.3087990283966064,
1,88,0.8771753311157227,0.8419842720031738,0.03507912904024124,1.1196725368499756,
1,89,0.6746549606323242,0.6552255153656006,0.019260060042142868,1.6940269470214844,
1,90,0.8409247994422913,0.8007837533950806,0.04001350700855255,1.2756919860839844,
1,91,0.5164399147033691,0.4863218665122986,0.029906027019023895,2.1200335025787354,
1,92,0.9154062271118164,0.887114405632019,0.028050094842910767,2.417537212371826,
1,93,1.081114649772644,1.0471389293670654,0.03384280949831009,1.3287523984909058,
1,94,0.7869701385498047,0.7600016593933105,0.026871342211961746,0.9712632894515991,
1,95,0.6495119333267212,0.6289061307907104,0.02039335109293461,2.124134063720703,
1,96,0.7896960973739624,0.7557113170623779,0.033856432884931564,1.2834781408309937,
1,97,0.7986242771148682,0.7604581713676453,0.038034528493881226,1.3158550262451172,
1,98,0.7362754344940186,0.7047120332717896,0.03131330758333206,2.5011379718780518,
1,99,0.40635523200035095,0.3801775872707367,0.026051532477140427,1.2611559629440308,
1,100,0.8796206712722778,0.8373289704322815,0.04214280843734741,1.4891202449798584,
2,1,0.8755254149436951,0.8436296582221985,0.03162531554698944,2.7043423652648926,
2,2,0.5986779928207397,0.5737723112106323,0.024755533784627914,1.5014690160751343,
2,3,0.6248244643211365,0.6053094863891602,0.01934046298265457,1.744966983795166,
2,4,0.4200546443462372,0.3908432126045227,0.02906283549964428,1.4860666990280151,
2,5,0.7586758136749268,0.7233537435531616,0.03502177819609642,3.003119707107544,
2,6,0.41047120094299316,0.3838428258895874,0.026499204337596893,1.2915741205215454,
2,7,0.6773925423622131,0.6500104069709778,0.02711443044245243,2.6768290996551514,
2,8,0.8690719604492188,0.8385292291641235,0.030429571866989136,1.131215214729309,
2,9,0.5927699208259583,0.5633695125579834,0.02915067970752716,2.4975056648254395,
2,10,0.8741340041160583,0.8418726921081543,0.032157234847545624,1.0405019521713257,
2,11,0.6936849355697632,0.6635506749153137,0.029782764613628387,3.514902353286743,
2,12,0.7312865853309631,0.7028822898864746,0.028321601450443268,0.8267479538917542,
2,13,0.9178937673568726,0.8809666037559509,0.036504004150629044,4.2313947677612305,
2,14,1.471828818321228,1.4399182796478271,0.03155536204576492,3.5508527755737305,
2,15,0.602412760257721,0.5780829787254333,0.024178825318813324,1.510081171989441,
2,16,0.4373505711555481,0.415307879447937,0.02188473753631115,1.5795679092407227,
2,17,0.9711021780967712,0.9315005540847778,0.039371490478515625,2.301044225692749,
2,18,0.643951952457428,0.6136457324028015,0.03002350777387619,2.8272111415863037,
2,19,0.731623113155365,0.7008035182952881,0.030726417899131775,0.9315835237503052,
2,20,0.477836936712265,0.45976245403289795,0.01796635240316391,1.081371784210205,
2,21,0.7881006002426147,0.7477120161056519,0.04026032239198685,1.28288996219635,
2,22,1.0558918714523315,1.0119123458862305,0.04374585300683975,2.3363137245178223,
2,23,1.027807354927063,0.9808337688446045,0.046742312610149384,2.312936782836914,
2,24,0.5154581665992737,0.4847005009651184,0.030511029064655304,2.4661784172058105,
2,25,0.8619861602783203,0.8204484581947327,0.041377220302820206,1.6042834520339966,
2,26,1.1464592218399048,1.1058646440505981,0.04040220379829407,1.924384593963623,
2,27,0.6810508370399475,0.6463055610656738,0.03435910865664482,3.861604690551758,
2,28,0.6226834058761597,0.602999210357666,0.01949416659772396,1.900053858757019,
2,29,0.5016801953315735,0.47202354669570923,0.029404476284980774,2.521716356277466,
2,30,0.705900251865387,0.6714891195297241,0.03428615629673004,1.2500035762786865,
2,31,0.7672452926635742,0.729722261428833,0.03739817440509796,1.248545527458191,
2,32,0.6236208081245422,0.6007665395736694,0.02266494184732437,1.8931379318237305,
2,33,0.7081074118614197,0.6726989150047302,0.03528660535812378,1.2190580368041992,
2,34,0.5421155691146851,0.515182375907898,0.02671971172094345,2.134921073913574,
2,35,0.8387333154678345,0.8082984685897827,0.03029651939868927,1.3836369514465332,
2,36,0.41682955622673035,0.3935454785823822,0.02313057705760002,1.5352355241775513,
2,37,1.0439931154251099,1.0001919269561768,0.04364265874028206,1.5857895612716675,
2,38,0.8584355711936951,0.8197703957557678,0.038514137268066406,1.5103603601455688,
2,39,0.8550403714179993,0.8332141637802124,0.021647624671459198,1.7858777046203613,
2,40,0.570000171661377,0.5299601554870605,0.03992646187543869,1.1354175806045532,
2,41,0.557043731212616,0.5293543338775635,0.02736641652882099,3.2302520275115967,
2,42,0.8448425531387329,0.8142301440238953,0.030480511486530304,1.3190807104110718,
2,43,1.0801421403884888,1.0428342819213867,0.03716043010354042,1.4743518829345703,
2,44,0.8295688033103943,0.7956875562667847,0.033736541867256165,1.4470256567001343,
2,45,0.5603430271148682,0.539139986038208,0.021022455766797066,1.8059971332550049,
2,46,0.8394396305084229,0.8010720014572144,0.03822607174515724,1.4153980016708374,
2,47,0.7095065712928772,0.6738076210021973,0.0355854257941246,1.1355266571044922,
2,48,0.6862525343894958,0.6665979623794556,0.01940872147679329,2.4587910175323486,
2,49,0.9331283569335938,0.8946292400360107,0.03835506737232208,1.4409376382827759,
2,50,0.38707321882247925,0.364406943321228,0.022537104785442352,1.291548490524292,
2,51,0.5740067958831787,0.5436140298843384,0.030091965571045876,3.0082695484161377,
2,52,0.9539864659309387,0.9180929660797119,0.035760439932346344,1.3302278518676758,
2,53,0.952041745185852,0.9174411296844482,0.03447405993938446,1.2652742862701416,
2,54,0.5512220859527588,0.5122482776641846,0.03885732963681221,1.1643941402435303,
2,55,0.8489252328872681,0.8197364211082458,0.029060352593660355,1.284497857093811,
2,56,1.153616189956665,1.110205054283142,0.043216459453105927,1.9472789764404297,
2,57,0.5723521709442139,0.5363259315490723,0.035919077694416046,1.0714267492294312,
2,58,0.4050096571445465,0.38072532415390015,0.02412700466811657,1.573398232460022,
2,59,0.8730111718177795,0.8362507224082947,0.036620695143938065,1.397518515586853,
2,60,0.8484524488449097,0.8197200894355774,0.028623703867197037,1.0864367485046387,
2,61,0.9596583843231201,0.92726731300354,0.032278016209602356,1.1309698820114136,
2,62,1.030716061592102,0.9917844533920288,0.03878461569547653,1.4692713022232056,
2,63,0.49568039178848267,0.4798046946525574,0.015765909105539322,1.097812533378601,
2,64,0.5687496662139893,0.5423393249511719,0.02615182474255562,2.5851800441741943,
2,65,0.8576964139938354,0.8284227848052979,0.029150264337658882,1.233560562133789,
2,66,0.4929259419441223,0.46614909172058105,0.02655615285038948,2.206754446029663,
2,67,1.035239815711975,0.995079755783081,0.04002385213971138,1.3630263805389404,
2,68,0.6210244297981262,0.5911234617233276,0.029566360637545586,3.346231460571289,
2,69,0.7532964944839478,0.7197244167327881,0.03325840085744858,3.137022018432617,
2,70,0.7582729458808899,0.7327354550361633,0.025436265394091606,1.0122400522232056,
2,71,0.611623227596283,0.5841526985168457,0.027219416573643684,2.5108509063720703,
2,72,0.7518687844276428,0.7192578315734863,0.032503679394721985,1.073024868965149,
2,73,0.8527135848999023,0.8232539892196655,0.029361266642808914,0.9834860563278198,
2,74,0.7703747153282166,0.742512583732605,0.027566682547330856,2.9547080993652344,
2,75,1.138046145439148,1.1121854782104492,0.025750866159796715,1.0974904298782349,
2,76,0.8476839661598206,0.8202455043792725,0.027316804975271225,1.2162848711013794,
2,77,0.6874776482582092,0.6580463647842407,0.029327277094125748,1.0398579835891724,
2,78,0.9108384847640991,0.8758577704429626,0.034853916615247726,1.268030047416687,
2,79,0.6477579474449158,0.6231939792633057,0.024255188181996346,3.0875229835510254,
2,80,0.5941926836967468,0.5714799165725708,0.022485293447971344,2.2746450901031494,
2,81,0.956189751625061,0.9232304096221924,0.03283451870083809,1.247931718826294,
2,82,0.9071525931358337,0.8745715618133545,0.032458994537591934,1.2203700542449951,
2,83,0.6018711924552917,0.5782583355903625,0.02331407368183136,2.9882309436798096,
2,84,0.6319703459739685,0.6077791452407837,0.023916427046060562,2.747737407684326,
2,85,0.5194453597068787,0.49460604786872864,0.024626590311527252,2.127188205718994,
2,86,0.6329819560050964,0.6069985032081604,0.025704678148031235,2.787932872772217,
2,87,0.6813698410987854,0.6506004333496094,0.030653297901153564,1.161308765411377,
2,88,1.1198912858963013,1.0853866338729858,0.034275103360414505,2.29646635055542,
2,89,0.8079854249954224,0.7731844186782837,0.03468025475740433,1.2078006267547607,
2,90,0.9485772252082825,0.9134054183959961,0.034980617463588715,1.912207007408142,
2,91,0.44353795051574707,0.4226533770561218,0.02071060612797737,1.7394789457321167,
2,92,1.1305487155914307,1.0917205810546875,0.03850410878658295,3.239630937576294,
2,93,0.44072991609573364,0.41169053316116333,0.02886784076690674,1.7155416011810303,
2,94,0.7238403558731079,0.693395733833313,0.03006795607507229,3.766200542449951,
2,95,1.1323812007904053,1.0887809991836548,0.04341066628694534,1.8949356079101562,
2,96,0.7912123799324036,0.7581741809844971,0.03290195018053055,1.362547516822815,
2,97,0.8888953924179077,0.8443551063537598,0.04425279051065445,2.874708414077759,
2,98,0.7940576076507568,0.7561909556388855,0.03750312328338623,3.635396718978882,
2,99,0.40019041299819946,0.3794843852519989,0.02054889313876629,1.5715776681900024,
2,100,0.9532723426818848,0.9181652069091797,0.034965403378009796,1.4175405502319336,
3,1,0.6299165487289429,0.606013298034668,0.023650653660297394,2.526313543319702,
3,2,1.0551040172576904,1.0134156942367554,0.041450005024671555,2.382783889770508,
3,3,0.4084482789039612,0.38244184851646423,0.025826893746852875,1.7953683137893677,
3,4,0.40474241971969604,0.3823281526565552,0.02228769287467003,1.2655630111694336,
3,5,0.7471006512641907,0.7105152606964111,0.03644091635942459,1.4447237253189087,
3,6,0.40413451194763184,0.3828008472919464,0.021163828670978546,1.6984719038009644,
3,7,0.8279047012329102,0.788842499256134,0.038919031620025635,1.4316508769989014,
3,8,0.7449268102645874,0.7090734243392944,0.03573416918516159,1.19205904006958,
3,9,1.254073977470398,1.1846506595611572,0.068579763174057,8.435503959655762,
3,10,0.4247102439403534,0.3980194330215454,0.026483818888664246,2.069859027862549,
3,11,0.7049018740653992,0.6773860454559326,0.027426796033978462,0.8903854489326477,
3,12,0.5125793814659119,0.48839426040649414,0.02391384355723858,2.71234130859375,
3,13,0.958540678024292,0.9228909015655518,0.035462066531181335,1.877173662185669,
3,14,1.0199247598648071,0.9789995551109314,0.04077405855059624,1.5113178491592407,
3,15,0.527157723903656,0.5007061958312988,0.02618132345378399,2.701626777648926,
3,16,0.3929033577442169,0.3718370497226715,0.020947882905602455,1.1843081712722778,
3,17,0.47807052731513977,0.45739173889160156,0.020523395389318466,1.5538511276245117,
3,18,0.6076409816741943,0.5765674114227295,0.03097783401608467,0.9569606781005859,
3,19,0.48528003692626953,0.4582774043083191,0.026732370257377625,2.7024152278900146,
3,20,0.5511419773101807,0.5173844695091248,0.0336526595056057,1.0486615896224976,
3,21,0.590736448764801,0.5698927640914917,0.02061540074646473,2.2826578617095947,
3,22,1.1078498363494873,1.0706048011779785,0.03699639439582825,2.486776828765869,
3,23,0.5353061556816101,0.5052261352539062,0.029697895050048828,3.8210442066192627,
3,24,0.3723035454750061,0.3524230420589447,0.01978251151740551,0.9797725081443787,
3,25,1.0228536128997803,0.9814417362213135,0.04118024930357933,2.3164758682250977,
3,26,0.7271361947059631,0.6844247579574585,0.04224283620715141,4.68595552444458,
3,27,0.7377936840057373,0.7030572891235352,0.03460002318024635,1.3638516664505005,
3,28,0.8737930655479431,0.83690345287323,0.036720700562000275,1.6890977621078491,
3,29,0.6165416240692139,0.5856311321258545,0.030528895556926727,3.8156983852386475,
3,30,0.5974686741828918,0.566114604473114,0.031256482005119324,0.9758306741714478,
3,31,0.889767050743103,0.8517160415649414,0.03789519518613815,1.557928204536438,
3,32,0.37536999583244324,0.3534988760948181,0.021741054952144623,1.3004512786865234,
3,33,0.7253087162971497,0.6923069953918457,0.03288069739937782,1.2098718881607056,
3,34,0.5668924450874329,0.5455522537231445,0.02118098922073841,1.591977596282959,
3,35,0.6869309544563293,0.6479971408843994,0.038540422916412354,3.9340333938598633,
3,36,0.8006176352500916,0.765704870223999,0.034785665571689606,1.2704863548278809,
3,37,0.57282555103302,0.5432888269424438,0.029214898124337196,3.218221664428711,
3,38,0.8864411115646362,0.8499436378479004,0.03634057193994522,1.568835735321045,
3,39,0.7918015718460083,0.7568554878234863,0.03476439788937569,1.816981315612793,
3,40,0.9759333729743958,0.9399824142456055,0.035750605165958405,2.0030698776245117,
3,41,0.523853600025177,0.5018502473831177,0.02180716022849083,1.962283968925476,
3,42,0.4782784581184387,0.45221197605133057,0.025830797851085663,2.356644630432129,
3,43,0.4023798406124115,0.38158559799194336,0.02063859812915325,1.5564848184585571,
3,44,0.6137607097625732,0.5842375159263611,0.0291852168738842,3.3798084259033203,
3,45,0.5969136953353882,0.5647323131561279,0.03208254277706146,0.9880129098892212,
3,46,0.5806623101234436,0.5551000833511353,0.025224311277270317,3.3790924549102783,
3,47,0.5257129669189453,0.4962303638458252,0.02911265939474106,3.699876308441162,
3,48,0.5550633072853088,0.5227529406547546,0.032206714153289795,1.0363949537277222,
3,49,0.5623345971107483,0.5306471586227417,0.03135707974433899,3.303788661956787,
3,50,0.5267131924629211,0.49754786491394043,0.028874598443508148,2.9077258110046387,
3,51,1.071405053138733,1.0350528955459595,0.036113105714321136,2.3898026943206787,
3,52,1.1540961265563965,1.110642433166504,0.04324250668287277,2.1127028465270996,
3,53,1.0378997325897217,0.9978734254837036,0.03974087908864021,2.8538596630096436,
3,54,0.7937946915626526,0.769882321357727,0.023512233048677444,4.000962257385254,
3,55,0.3674568831920624,0.3461001515388489,0.02123163267970085,1.2511066198349,
3,56,1.0288704633712769,0.9893667697906494,0.039340272545814514,1.6347739696502686,
3,57,0.716808557510376,0.6710735559463501,0.045266736298799515,4.682548522949219,
3,58,0.6173751354217529,0.582313060760498,0.03472320735454559,3.388227939605713,
3,59,0.7522790431976318,0.7251994609832764,0.026965908706188202,1.1365976333618164,
3,60,0.6639200448989868,0.632522702217102,0.03128119558095932,1.1619374752044678,
3,61,0.5831390023231506,0.5551244020462036,0.027719974517822266,2.946197986602783,
3,62,0.7946948409080505,0.7590078711509705,0.03549254685640335,1.9444787502288818,
3,63,0.7674793601036072,0.7334306240081787,0.03391314670443535,1.355805516242981,
3,64,0.5785188674926758,0.5470402836799622,0.0311141274869442,3.644970178604126,
3,65,0.5178011059761047,0.4881303906440735,0.02957676723599434,0.9395098090171814,
3,66,0.48467010259628296,0.46207255125045776,0.022337621077895164,2.5993075370788574,
3,67,0.6842507719993591,0.6540412902832031,0.030095210298895836,1.142654538154602,
3,68,0.6034736037254333,0.5723622441291809,0.031017545610666275,0.9384353756904602,
3,69,0.7982318997383118,0.761986255645752,0.03611255809664726,1.3309197425842285,
3,70,0.6171663999557495,0.5824522376060486,0.03432133048772812,3.9286916255950928,
3,71,1.0994577407836914,1.053114414215088,0.04614745080471039,1.9591472148895264,
3,72,0.7472530007362366,0.7194658517837524,0.027698207646608353,0.8893366456031799,
3,73,0.7681310176849365,0.7292767763137817,0.03847096487879753,3.8326914310455322,
3,74,0.5572620034217834,0.5249626636505127,0.03219398111104965,1.0536137819290161,
3,75,0.44850435853004456,0.4254019558429718,0.02288176491856575,2.2062413692474365,
3,76,1.0062803030014038,0.9689616560935974,0.03717939555644989,1.3920209407806396,
3,77,0.6246039271354675,0.5954751372337341,0.028807327151298523,3.2147743701934814,
3,78,0.4580845236778259,0.43650341033935547,0.02142222411930561,1.5888357162475586,
3,79,0.9204720258712769,0.8833377361297607,0.03698568791151047,1.4859524965286255,
3,80,1.1080482006072998,1.0609936714172363,0.04685211554169655,2.0241730213165283,
3,81,0.816347599029541,0.7848073244094849,0.031395211815834045,1.4505168199539185,
3,82,1.0390013456344604,0.9910506010055542,0.047771111130714417,1.7967923879623413,
3,83,0.5336621999740601,0.5018553733825684,0.03170404210686684,1.0273786783218384,
3,84,0.39405420422554016,0.3738517463207245,0.02005312219262123,1.4933688640594482,
3,85,0.8299062848091125,0.7920626997947693,0.03770472854375839,1.388919711112976,
3,86,0.5731221437454224,0.5403175950050354,0.03269954025745392,1.050112247467041,
3,87,0.8574837446212769,0.8182404041290283,0.039095908403396606,1.4748122692108154,
3,88,0.9438164830207825,0.9072870016098022,0.03638526052236557,1.4423601627349854,
3,89,0.4216826856136322,0.40147078037261963,0.020082570612430573,1.2934452295303345,
3,90,0.8442816138267517,0.8113826513290405,0.03278553485870361,1.134261131286621,
3,91,1.0602232217788696,1.027256727218628,0.03282789885997772,1.3863530158996582,
3,92,0.4437646269798279,0.4261271357536316,0.017512433230876923,1.2506450414657593,
3,93,0.7267381548881531,0.6910558342933655,0.03510944917798042,5.728576183319092,
3,94,0.4857654273509979,0.4613063335418701,0.02419339306652546,2.656872272491455,
3,95,0.5443558692932129,0.5196499824523926,0.024492904543876648,2.1294503211975098,
3,96,0.403152197599411,0.38081976771354675,0.022181876003742218,1.5055408477783203,
3,97,1.0331132411956787,0.9904861450195312,0.04245586320757866,1.712314248085022,
3,98,0.913722813129425,0.8739544749259949,0.039630867540836334,1.3743168115615845,
3,99,0.4061078727245331,0.3853835165500641,0.020565619692206383,1.5873984098434448,
3,100,0.6904498338699341,0.6566344499588013,0.03369835019111633,1.1708818674087524,
4,1,0.7994386553764343,0.7578073740005493,0.04147394374012947,1.5735291242599487,
4,2,0.6040822267532349,0.5705994367599487,0.03314652666449547,3.3627126216888428,
4,3,0.8253812193870544,0.7907682657241821,0.03449198976159096,1.2095333337783813,
4,4,0.8106189370155334,0.7765794396400452,0.033909909427165985,1.2955913543701172,
4,5,0.6898259520530701,0.6610327363014221,0.028673088178038597,1.2011444568634033,
4,6,0.7994436621665955,0.7584313154220581,0.040805283933877945,2.070549249649048,
4,7,0.7647055983543396,0.7192754745483398,0.04499470442533493,4.35433292388916,
4,8,0.5636664032936096,0.53363436460495,0.029813364148139954,2.1866261959075928,
4,9,0.5438104271888733,0.5084306001663208,0.03501969948410988,3.6010496616363525,
4,10,0.7954154014587402,0.7549184560775757,0.04035191982984543,1.450404405593872,
4,11,0.9143104553222656,0.8721697330474854,0.04160948097705841,5.312730312347412,
4,12,0.6483748555183411,0.6140439510345459,0.034207914024591446,1.2293620109558105,
4,13,0.5280451774597168,0.4951382875442505,0.03258984535932541,3.170210123062134,
4,14,1.0062896013259888,0.962414026260376,0.043699778616428375,1.7588510513305664,
4,15,0.3981654644012451,0.3800368905067444,0.018029645085334778,0.989445149898529,
4,16,0.35341379046440125,0.33163583278656006,0.02166602574288845,1.1193256378173828,
4,17,0.5573996901512146,0.5202211141586304,0.03680984675884247,3.6869120597839355,
4,18,0.9786282181739807,0.9329565167427063,0.04549708217382431,1.746291995048523,
4,19,0.5472652316093445,0.5111011266708374,0.03580868989229202,3.553981304168701,
4,20,0.6082525253295898,0.5686190128326416,0.039245761930942535,3.8771533966064453,
4,21,0.8517214059829712,0.8047388792037964,0.04681618884205818,1.6633495092391968,
4,22,0.6646293997764587,0.6259287595748901,0.0385737419128418,1.2688407897949219,
4,23,0.5418857336044312,0.5052186250686646,0.03655146062374115,1.1564592123031616,
4,24,0.5700175166130066,0.5384725332260132,0.031229153275489807,3.1581571102142334,
4,25,1.0870132446289062,1.036194086074829,0.0506037101149559,2.154165506362915,
4,26,0.7995771169662476,0.7569611668586731,0.04247250407934189,1.4346531629562378,
4,27,0.9941590428352356,0.9481257796287537,0.04585886374115944,1.7442219257354736,
4,28,0.7025155425071716,0.6529454588890076,0.04914798215031624,4.221474647521973,
4,29,0.4424497187137604,0.4157531261444092,0.02651713602244854,1.7948225736618042,
4,30,0.5789521336555481,0.5412166714668274,0.037393003702163696,3.424029588699341,
4,31,0.464539110660553,0.4380151629447937,0.026297513395547867,2.264336585998535,
4,32,0.6158549189567566,0.5869250297546387,0.02868172526359558,2.481126308441162,
4,33,1.0340735912322998,0.9771895408630371,0.05667569860816002,2.0831942558288574,
4,34,1.0617730617523193,1.0030916929244995,0.05844721570611,2.340890884399414,
4,35,0.46252989768981934,0.43618109822273254,0.02607281133532524,2.7600319385528564,
4,36,0.5025084018707275,0.4695945382118225,0.032622240483760834,2.916351556777954,
4,37,0.7813917994499207,0.7360398769378662,0.04519936069846153,1.5257164239883423,
4,38,0.34512996673583984,0.3238726258277893,0.0211592186242342,0.9809566140174866,
4,39,0.6437373161315918,0.6060420870780945,0.03756348043680191,1.3172577619552612,
4,40,0.5091894865036011,0.4780835509300232,0.030836541205644608,2.694378137588501,
4,41,0.5995455980300903,0.5532176494598389,0.04579412564635277,5.338342189788818,
4,42,0.9979230165481567,0.9445360898971558,0.05318289250135422,2.0400304794311523,
4,43,0.4688994884490967,0.44157081842422485,0.027019068598747253,3.095860004425049,
4,44,0.6759458184242249,0.6386644840240479,0.037148114293813705,1.3320257663726807,
4,45,0.8065515160560608,0.7609325647354126,0.045440688729286194,1.782975435256958,
4,46,0.7996891140937805,0.75678551197052,0.042700108140707016,2.0349106788635254,
4,47,0.6215362548828125,0.5864624977111816,0.0347563698887825,3.173802375793457,
4,48,0.5120449066162109,0.4766325354576111,0.03500206395983696,4.103247165679932,
4,49,0.4799189567565918,0.4526042938232422,0.027042265981435776,2.7238571643829346,
4,50,0.9763060212135315,0.9223542213439941,0.05375101417303085,2.008286237716675,
4,51,0.5366178750991821,0.501644492149353,0.0347299799323082,2.4341635704040527,
4,52,1.1072756052017212,1.0585474967956543,0.04854152351617813,1.8657920360565186,
4,53,0.47200191020965576,0.43954044580459595,0.03219044581055641,2.710228443145752,
4,54,0.40876081585884094,0.3890584111213684,0.01960243284702301,0.9999274611473083,
4,55,0.6270986795425415,0.5768670439720154,0.049752458930015564,4.791798114776611,
4,56,0.9341129660606384,0.8722621202468872,0.061537355184555054,3.1346514225006104,
4,57,0.9828323721885681,0.9140005707740784,0.06860846281051636,2.233250141143799,
4,58,0.8914706110954285,0.836167573928833,0.055114660412073135,1.8832650184631348,
4,59,0.5700971484184265,0.537162184715271,0.032583124935626984,3.518685817718506,
4,60,0.8018934726715088,0.7496830821037292,0.05196262151002884,2.4777698516845703,
4,61,0.9999715685844421,0.9401153326034546,0.05964920297265053,2.06997013092041,
4,62,0.3672179579734802,0.3460034430027008,0.02111263945698738,1.018568515777588,
4,63,0.4838138222694397,0.4505733251571655,0.03296811133623123,2.7238030433654785,
4,64,0.5581040978431702,0.5267225503921509,0.03108546882867813,2.960829973220825,
4,65,0.38257691264152527,0.35879844427108765,0.023598220199346542,1.8025933504104614,
4,66,0.5857375860214233,0.5395148992538452,0.045829590409994125,3.9311423301696777,
4,67,0.7606719136238098,0.7085065841674805,0.051943399012088776,2.219292640686035,
4,68,0.7555028200149536,0.6885594725608826,0.06619524955749512,7.480792999267578,
4,69,0.5804463028907776,0.5303927659988403,0.049606941640377045,4.466455459594727,
4,70,0.7390716671943665,0.6862410306930542,0.052650488913059235,1.8009679317474365,
4,71,0.40334728360176086,0.38031458854675293,0.022837180644273758,1.9551184177398682,
4,72,0.5628159046173096,0.5195696949958801,0.04284967854619026,3.965327501296997,
4,73,0.6693143844604492,0.6004422307014465,0.06828004866838455,5.920969009399414,
4,74,0.6977996230125427,0.6454157829284668,0.05219271779060364,1.9116414785385132,
4,75,0.5827793478965759,0.5353254079818726,0.04699638858437538,4.575249195098877,
4,76,0.6133438944816589,0.5592734813690186,0.053450629115104675,6.197732448577881,
4,77,0.7488738894462585,0.6861510276794434,0.062165215611457825,5.576859474182129,
4,78,0.5048471093177795,0.4631994962692261,0.041522033512592316,1.2556586265563965,
4,79,0.7334463000297546,0.683457612991333,0.04980950430035591,1.7914328575134277,
4,80,0.8998805284500122,0.8372072577476501,0.06238443776965141,2.8885693550109863,
4,81,0.6799572706222534,0.6370383501052856,0.042792707681655884,1.2624880075454712,
4,82,0.35429173707962036,0.32656019926071167,0.027574971318244934,1.5656667947769165,
4,83,0.5538446307182312,0.5174076557159424,0.03608125448226929,3.557133436203003,
4,84,1.0500661134719849,0.9867125749588013,0.06299291551113129,3.6057636737823486,
4,85,0.6911504864692688,0.6374098658561707,0.053576596081256866,1.6402121782302856,
4,86,0.7569743394851685,0.6990286707878113,0.05769368261098862,2.5200583934783936,
4,87,0.6480597257614136,0.5965728163719177,0.05132880061864853,1.5814117193222046,
4,88,0.5539399981498718,0.508083701133728,0.04553154110908508,3.247981071472168,
4,89,0.5659497380256653,0.5131425857543945,0.05237722396850586,4.299271583557129,
4,90,0.7054001092910767,0.650259792804718,0.0549725703895092,1.6774373054504395,
4,91,0.7505763173103333,0.6921660900115967,0.058223627507686615,1.8662230968475342,
4,92,0.6461442112922668,0.5957908630371094,0.05019504576921463,1.5828149318695068,
4,93,0.4933827221393585,0.4502618908882141,0.04299168288707733,1.2914831638336182,
4,94,0.5750091671943665,0.5224519968032837,0.05214632675051689,4.108831405639648,
4,95,0.8807440996170044,0.8205491900444031,0.06000693142414093,1.8799701929092407,
4,96,0.6621637940406799,0.6137360334396362,0.0482766330242157,1.511185646057129,
4,97,0.44634461402893066,0.41585099697113037,0.030297184363007545,1.964123010635376,
4,98,0.3886157274246216,0.35470277070999146,0.03373848274350166,1.7447439432144165,
4,99,0.36180901527404785,0.3348686099052429,0.02680584229528904,1.3455719947814941,
4,100,0.9766867756843567,0.8980283141136169,0.07841674238443375,2.4166934490203857,
5,1,0.42427289485931396,0.3918330669403076,0.03220629692077637,2.3352913856506348,
5,2,0.637450098991394,0.5668240189552307,0.07010319083929062,5.229033946990967,
5,3,1.0637648105621338,1.0017396211624146,0.06181444227695465,2.107541561126709,
5,4,0.580491304397583,0.5238214731216431,0.056184932589530945,4.848546504974365,
5,5,0.9779860377311707,0.9041125774383545,0.07356321811676025,3.102572202682495,
5,6,0.9892895221710205,0.9147520661354065,0.07423511147499084,3.0232460498809814,
5,7,0.5829632878303528,0.5270622968673706,0.05546914041042328,4.31845235824585,
5,8,0.5758068561553955,0.5225832462310791,0.05271436274051666,5.092884540557861,
5,9,1.0833733081817627,1.0135595798492432,0.06959107518196106,2.2272250652313232,
5,10,0.5985236763954163,0.5492485761642456,0.04912377893924713,1.5131367444992065,
5,11,0.7914033532142639,0.7222544550895691,0.06880700588226318,3.4186582565307617,
5,12,0.47979310154914856,0.4396272301673889,0.03986315429210663,3.0271365642547607,
5,13,0.4182841181755066,0.3899640738964081,0.028156964108347893,1.6307936906814575,
5,14,0.3553573191165924,0.3258107900619507,0.02940109558403492,1.45432710647583,
5,15,0.669486939907074,0.6207984685897827,0.04854995012283325,1.3853793144226074,
5,16,0.853725790977478,0.7693871259689331,0.08348435163497925,8.543137550354004,
5,17,0.6892634630203247,0.6286182999610901,0.0604531355202198,1.920333981513977,
5,18,0.370382159948349,0.33976098895072937,0.03047296032309532,1.4821586608886719,
5,19,0.9365613460540771,0.8559391498565674,0.08036787062883377,2.543447256088257,
5,20,0.7349928617477417,0.6684263348579407,0.0663149505853653,2.5159835815429688,
5,21,0.5058904886245728,0.4538147449493408,0.05167365074157715,4.020789623260498,
5,22,0.5415948629379272,0.48463141918182373,0.0565028190612793,4.606353282928467,
5,23,0.5434375405311584,0.48847800493240356,0.05456216633319855,3.9740471839904785,
5,24,0.7112056612968445,0.6445788145065308,0.06635928153991699,2.675459146499634,
5,25,0.5359193682670593,0.47729477286338806,0.058143943548202515,4.8063201904296875,
5,26,0.7517848610877991,0.6798005104064941,0.07168231904506683,3.0203981399536133,
5,27,0.7222895622253418,0.6520965099334717,0.0699760913848877,2.169487714767456,
5,28,0.623483419418335,0.5666536688804626,0.056649208068847656,1.805601716041565,
5,29,0.5819225907325745,0.5125852823257446,0.06876140087842941,5.758952617645264,
5,30,0.5941931009292603,0.5384751558303833,0.055556297302246094,1.6166800260543823,
5,31,0.7254079580307007,0.6564294099807739,0.06872124969959259,2.573248863220215,
5,32,0.5104501247406006,0.45952194929122925,0.050783589482307434,1.44612717628479,
5,33,0.4955388903617859,0.44480955600738525,0.05058501660823822,1.442952275276184,
5,34,0.995549738407135,0.9127229452133179,0.08242092281579971,4.058698654174805,
5,35,0.3556438386440277,0.32383298873901367,0.031634435057640076,1.7640814781188965,
5,36,0.5652349591255188,0.5118623971939087,0.0532207190990448,1.5178642272949219,
5,37,0.5477054119110107,0.4865112006664276,0.06069745495915413,4.967698574066162,
5,38,0.7330832481384277,0.6648118495941162,0.06806834787130356,2.030592679977417,
5,39,0.9594154953956604,0.8541881442070007,0.10492732375860214,3.0002927780151367,
5,40,0.7633071541786194,0.6973142623901367,0.06576350331306458,2.2943217754364014,
5,41,0.4639435410499573,0.41776835918426514,0.04586292430758476,3.1227481365203857,
5,42,0.7691455483436584,0.6647130250930786,0.10354714095592499,8.853523254394531,
5,43,0.5699266791343689,0.5195842385292053,0.049870945513248444,4.714814186096191,
5,44,0.9416420459747314,0.8533165454864502,0.08806607127189636,2.5938501358032227,
5,45,0.6313868165016174,0.5683910846710205,0.06281451880931854,1.8119217157363892,
5,46,0.3726479113101959,0.3330998420715332,0.039351411163806915,1.9667797088623047,
5,47,0.44694194197654724,0.40034162998199463,0.04626329243183136,3.37032413482666,
5,48,0.5607790946960449,0.5051257014274597,0.055506378412246704,1.4698190689086914,
5,49,0.7438116669654846,0.6777932643890381,0.06580810248851776,2.1029446125030518,
5,50,0.345462441444397,0.31249287724494934,0.03281504288315773,1.5453684329986572,
5,51,0.39878615736961365,0.36815541982650757,0.03042757883667946,2.0315659046173096,
5,52,0.557284951210022,0.4973798990249634,0.05952912196516991,3.7594878673553467,
5,53,0.5907976031303406,0.5289325714111328,0.06139487773180008,4.701815605163574,
5,54,0.5474862456321716,0.47769075632095337,0.06929394602775574,5.015685558319092,
5,55,0.7519981265068054,0.6772077679634094,0.07453515380620956,2.5522983074188232,
5,56,0.553520143032074,0.5007046461105347,0.05237915739417076,4.363771915435791,
5,57,1.361725926399231,1.265866756439209,0.09525715559720993,6.020577430725098,
5,58,0.46874454617500305,0.41882842779159546,0.04953131824731827,3.84820818901062,
5,59,0.5232715010643005,0.46604621410369873,0.057066213339567184,1.5909922122955322,
5,60,0.5498475432395935,0.48148274421691895,0.06788496673107147,4.798038959503174,
5,61,0.9284095764160156,0.8286443948745728,0.09947720170021057,2.879877805709839,
5,62,0.6263008713722229,0.5600229501724243,0.06565038114786148,6.275008201599121,
5,63,0.9675856232643127,0.8640960454940796,0.10315117985010147,3.383714199066162,
5,64,0.5835298299789429,0.5025252103805542,0.08037100732326508,6.3358635902404785,
5,65,0.6004372835159302,0.5170876979827881,0.08265042304992676,6.9916605949401855,
5,66,0.8558396100997925,0.7616288065910339,0.0932309627532959,9.798592567443848,
5,67,1.0860342979431152,0.9716827273368835,0.11398284137248993,3.6875569820404053,
5,68,0.3753854036331177,0.33378344774246216,0.04141740873456001,1.8452472686767578,
5,69,0.35128018260002136,0.3184891939163208,0.03262675553560257,1.642325520515442,
5,70,0.6687794327735901,0.600174069404602,0.06842592358589172,1.7948594093322754,
5,71,0.7664453983306885,0.6879816055297852,0.07821023464202881,2.535386562347412,
5,72,0.4736875891685486,0.41568487882614136,0.057849857956171036,1.5286070108413696,
5,73,0.5190467834472656,0.4593614935874939,0.059229180216789246,4.560659408569336,
5,74,0.5515751242637634,0.4809223413467407,0.07021111249923706,4.416601657867432,
5,75,0.6585037708282471,0.5849884748458862,0.07328245043754578,2.3279354572296143,
5,76,0.7353320121765137,0.6471932530403137,0.08789388835430145,2.448856830596924,
5,77,0.842782735824585,0.7464154958724976,0.09600421786308289,3.630033493041992,
5,78,0.49125057458877563,0.4272535443305969,0.06344486027956009,5.521885395050049,
5,79,0.7400448322296143,0.637958824634552,0.1013212502002716,7.647084712982178,
5,80,0.43398696184158325,0.37838709354400635,0.055225685238838196,3.742018699645996,
5,81,0.5206097960472107,0.45710620284080505,0.06318750977516174,3.1609528064727783,
5,82,0.41002944111824036,0.369415283203125,0.04039093106985092,2.2321605682373047,
5,83,0.4541589319705963,0.4009922444820404,0.05273120105266571,4.355027198791504,
5,84,0.5232145190238953,0.4640295207500458,0.058879174292087555,3.058476448059082,
5,85,0.8330575823783875,0.7366788387298584,0.09610795229673386,2.7078049182891846,
5,86,0.9706035256385803,0.8645537495613098,0.10562656819820404,4.2316412925720215,
5,87,0.7169024348258972,0.6334835290908813,0.08317114412784576,2.477508783340454,
5,88,0.5929306149482727,0.5230562090873718,0.06967531889677048,1.9909238815307617,
5,89,0.35692793130874634,0.3215436339378357,0.035237062722444534,1.472154974937439,
5,90,0.38516688346862793,0.3365233540534973,0.04842757433652878,2.159412384033203,
5,91,0.9145474433898926,0.8317639827728271,0.08252644538879395,2.570089101791382,
5,92,0.8376122713088989,0.7473645210266113,0.09000633656978607,2.4139208793640137,
5,93,0.8509864211082458,0.7494472861289978,0.1012558713555336,2.8325929641723633,
5,94,1.0176644325256348,0.908144474029541,0.10921019315719604,3.0975403785705566,
5,95,1.0107877254486084,0.8851343393325806,0.12533243000507355,3.208853244781494,
5,96,0.904802143573761,0.7779282331466675,0.12654604017734528,3.2789478302001953,
5,97,0.5374205708503723,0.4575974941253662,0.07930722087621689,5.15888786315918,
5,98,1.0503730773925781,0.9449557065963745,0.10510151088237762,3.159191608428955,
5,99,0.6793957948684692,0.5906352400779724,0.08821261674165726,5.479628086090088,
5,100,0.47613242268562317,0.4389873743057251,0.03693856671452522,2.064710855484009,
6,1,0.7493862509727478,0.6549183130264282,0.09421299397945404,2.5493791103363037,
6,2,0.9144418835639954,0.8504040837287903,0.06345392763614655,5.839087963104248,
6,3,0.529127299785614,0.46796533465385437,0.06100877374410629,1.531882405281067,
6,4,0.4480809271335602,0.3978874385356903,0.04980620741844177,3.872898817062378,
6,5,0.5332165360450745,0.4648696184158325,0.067864328622818,4.826026439666748,
6,6,0.7960559129714966,0.7147477865219116,0.08077117800712585,5.36920690536499,
6,7,1.0353918075561523,0.9036293029785156,0.1313284933567047,4.340263366699219,
6,8,0.42157816886901855,0.37750500440597534,0.043833039700984955,2.401312828063965,
6,9,0.8216067552566528,0.7227134108543396,0.09861911088228226,2.7423226833343506,
6,10,0.8012111186981201,0.7020823955535889,0.09877120703458786,3.575014352798462,
6,11,0.537358283996582,0.4680598974227905,0.06912615895271301,1.7223318815231323,
6,12,0.8977229595184326,0.7739130258560181,0.12348930537700653,3.206305503845215,
6,13,0.7311493754386902,0.6605786681175232,0.06980462372303009,7.661126136779785,
6,14,0.38660842180252075,0.35081908106803894,0.035617515444755554,1.7183516025543213,
6,15,0.7072954177856445,0.6155308485031128,0.09151783585548401,2.4674344062805176,
6,16,0.7329709529876709,0.6479456424713135,0.08475832641124725,2.6698758602142334,
6,17,0.9874205589294434,0.8676779270172119,0.11929779499769211,4.448132038116455,
6,18,0.9889522194862366,0.8599964380264282,0.12859025597572327,3.655411958694458,
6,19,0.5098443031311035,0.42981529235839844,0.07951194047927856,5.170512676239014,
6,20,0.6641435027122498,0.5902992486953735,0.07362516224384308,2.191335439682007,
6,21,1.58424711227417,1.4032185077667236,0.17899355292320251,20.349815368652344,
6,22,0.9671627879142761,0.8413549065589905,0.12545427680015564,3.5365664958953857,
6,23,0.9459383487701416,0.82513427734375,0.12038947641849518,4.1462178230285645,
6,24,0.6659137606620789,0.5778050422668457,0.08786050230264664,2.481689691543579,
6,25,0.6573572754859924,0.5780683159828186,0.07905109226703644,2.3788559436798096,
6,26,0.7708513736724854,0.6478468179702759,0.12195801734924316,10.465677261352539,
6,27,1.0477544069290161,0.9114685654640198,0.13548657298088074,7.993202209472656,
6,28,0.3242619037628174,0.28362929821014404,0.040484197437763214,1.4840269088745117,
6,29,0.5198512673377991,0.4290720522403717,0.09016632288694382,6.129018783569336,
6,30,0.7479232549667358,0.6490947008132935,0.09856727719306946,2.6128947734832764,
6,31,0.4062371253967285,0.3465433716773987,0.05928599089384079,4.077572822570801,
6,32,0.9274845719337463,0.8016670346260071,0.12533143162727356,4.860824108123779,
6,33,0.8439104557037354,0.7205057740211487,0.12308084219694138,3.2384023666381836,
6,34,0.3806842565536499,0.3299230933189392,0.05052436515688896,2.368241548538208,
6,35,0.47158142924308777,0.3983376622200012,0.07277647405862808,4.6728715896606445,
6,36,0.3229851722717285,0.28458088636398315,0.03822828829288483,1.7601491212844849,
6,37,0.6803511381149292,0.5968413352966309,0.08326183259487152,2.479684829711914,
6,38,0.4152498245239258,0.3600350618362427,0.05495329946279526,2.614574670791626,
6,39,0.6347207427024841,0.5543798208236694,0.08014405518770218,1.9687304496765137,
6,40,0.3351188898086548,0.29207468032836914,0.042854052037000656,1.9017491340637207,
6,41,0.6637414693832397,0.573952317237854,0.08954191207885742,2.4722254276275635,
6,42,0.3595198392868042,0.31601575016975403,0.043212443590164185,2.9165401458740234,
6,43,0.4586101770401001,0.38048630952835083,0.07752544432878494,5.984344482421875,
6,44,0.40912026166915894,0.34985360503196716,0.058970723301172256,2.9593043327331543,
6,45,0.48804500699043274,0.4103918969631195,0.07715952396392822,4.935846328735352,
6,46,0.7510263323783875,0.6438258290290833,0.10685932636260986,3.411755323410034,
6,47,0.4319404661655426,0.3657304644584656,0.06573250144720078,4.774808883666992,
6,48,0.5269813537597656,0.43193691968917847,0.09436053037643433,6.839303970336914,
6,49,0.5089209079742432,0.4197883605957031,0.08843696862459183,6.955583095550537,
6,50,0.9649451971054077,0.8322295546531677,0.13222628831863403,4.893536567687988,
6,51,0.7476020455360413,0.645002007484436,0.10234101861715317,2.5904436111450195,
6,52,0.6447895765304565,0.5575528144836426,0.08699825406074524,2.3854496479034424,
6,53,0.5019038319587708,0.4102267622947693,0.09109874069690704,5.783545970916748,
6,54,0.5583163499832153,0.4842640161514282,0.07386599481105804,1.8630586862564087,
6,55,0.31333231925964355,0.27549925446510315,0.03766573965549469,1.6730306148529053,
6,56,0.3966880142688751,0.34108516573905945,0.05534899979829788,2.538511276245117,
6,57,0.45860520005226135,0.3866882920265198,0.07157198339700699,3.449416160583496,
6,58,0.6331929564476013,0.5433518886566162,0.0896003395318985,2.407233238220215,
6,59,0.49831387400627136,0.4122801423072815,0.08566591888666153,3.6780600547790527,
6,60,0.7044751048088074,0.6039714813232422,0.10024728626012802,2.5637285709381104,
6,61,1.040579915046692,0.874165415763855,0.1658714860677719,5.430171012878418,
6,62,1.4347957372665405,1.2104830741882324,0.2231297492980957,11.828672409057617,
6,63,0.5340309739112854,0.4308067560195923,0.10264304280281067,5.812152862548828,
6,64,0.5982005000114441,0.5152305364608765,0.08273264765739441,2.372962713241577,
6,65,0.5200304388999939,0.418746680021286,0.10064317286014557,6.405902862548828,
6,66,0.6338602304458618,0.546310544013977,0.08731145411729813,2.382398843765259,
6,67,0.6728688478469849,0.528632402420044,0.14340171217918396,8.346781730651855,
6,68,0.6134814620018005,0.5292294025421143,0.0840504914522171,2.0155587196350098,
6,69,0.4562056064605713,0.3919909596443176,0.06405666470527649,1.5797114372253418,
6,70,0.896259069442749,0.7684791684150696,0.12738747894763947,3.924086570739746,
6,71,0.798475444316864,0.6830732822418213,0.11510366946458817,2.984884023666382,
6,72,0.3911167085170746,0.331245094537735,0.05954264849424362,3.2894537448883057,
6,73,0.3260098397731781,0.28066450357437134,0.04515520855784416,1.9015085697174072,
6,74,0.6280200481414795,0.5382531881332397,0.08952219039201736,2.446821689605713,
6,75,0.8284599184989929,0.708233118057251,0.11990751326084137,3.19293475151062,
6,76,0.5217729806900024,0.42497605085372925,0.0962558165192604,5.410958766937256,
6,77,0.4689856171607971,0.4003230929374695,0.06849095970392227,1.7156085968017578,
6,78,0.7254066467285156,0.616011381149292,0.10910046100616455,2.9478867053985596,
6,79,0.32276299595832825,0.2768462002277374,0.045734670013189316,1.8212984800338745,
6,80,0.4760497510433197,0.4052579700946808,0.07061722874641418,1.7456709146499634,
6,81,0.5266401767730713,0.4362616539001465,0.08967993408441544,6.985470294952393,
6,82,0.5216478109359741,0.4245956838130951,0.09655122458934784,5.0093841552734375,
6,83,0.7216716408729553,0.6117262840270996,0.10962025821208954,3.251103401184082,
6,84,0.30662328004837036,0.2651095986366272,0.041373707354068756,1.3997342586517334,
6,85,0.67396479845047,0.5343202352523804,0.13887402415275574,7.704833507537842,
6,86,0.38338714838027954,0.31975260376930237,0.06328394263982773,3.5059475898742676,
6,87,0.3372744023799896,0.29198408126831055,0.04512232542037964,1.6798151731491089,
6,88,0.7814102172851562,0.6618978977203369,0.11920830607414246,3.039738655090332,
6,89,0.7313056588172913,0.6191439628601074,0.11187624931335449,2.8544490337371826,
6,90,0.8319925665855408,0.7018200159072876,0.1298445463180542,3.2799978256225586,
6,91,0.930206835269928,0.787121593952179,0.14258989691734314,4.9536566734313965,
6,92,0.6400125026702881,0.5398996472358704,0.09981603920459747,2.9682157039642334,
6,93,0.3863992989063263,0.32532811164855957,0.060814857482910156,2.5633201599121094,
6,94,0.47661760449409485,0.3817689120769501,0.094351626932621,4.970841407775879,
6,95,0.3776741027832031,0.3151046931743622,0.06225084513425827,3.185624361038208,
6,96,0.7136301398277283,0.5988290309906006,0.11449865251779556,3.024376153945923,
6,97,0.5226350426673889,0.42202961444854736,0.09989519417285919,7.102325916290283,
6,98,0.5789709091186523,0.4401750862598419,0.13811907172203064,6.7675251960754395,
6,99,0.7011404037475586,0.5949290990829468,0.10592543333768845,2.8585848808288574,
6,100,0.7905569076538086,0.6657613515853882,0.12444553524255753,3.5002763271331787,
7,1,0.6236851215362549,0.5254535675048828,0.09799717366695404,2.3433749675750732,
7,2,0.5243750810623169,0.4138461947441101,0.10996666550636292,5.622199058532715,
7,3,0.8961510062217712,0.7570250034332275,0.13876864314079285,3.573216676712036,
7,4,0.7947246432304382,0.6716524362564087,0.1227596253156662,3.125450849533081,
7,5,0.7245081663131714,0.6111682057380676,0.11305840313434601,2.8159403800964355,
7,6,0.5097721219062805,0.43258172273635864,0.07701100409030914,1.794277310371399,
7,7,0.3401409089565277,0.2917211055755615,0.048253968358039856,1.658603310585022,
7,8,0.7803645133972168,0.659798800945282,0.12025290727615356,3.128138303756714,
7,9,0.39846038818359375,0.33224231004714966,0.06595215946435928,2.659118175506592,
7,10,0.8086570501327515,0.6835877895355225,0.1247577890753746,3.1148009300231934,
7,11,0.8589000701904297,0.72400963306427,0.1345541775226593,3.3631060123443604,
7,12,0.38352611660957336,0.317971795797348,0.06529638171195984,2.5794119834899902,
7,13,0.3645729124546051,0.3053705096244812,0.05897174030542374,2.306736707687378,
7,14,0.5559808015823364,0.44483911991119385,0.1104506105184555,6.9105072021484375,
7,15,0.8748641610145569,0.7378535270690918,0.13661254942417145,3.981140375137329,
7,16,0.48261669278144836,0.3910623788833618,0.09105545282363892,4.988590717315674,
7,17,0.37386518716812134,0.3122882544994354,0.06128185987472534,2.9508509635925293,
7,18,0.8197205662727356,0.6900097131729126,0.12939932942390442,3.1157000064849854,
7,19,0.4304090142250061,0.3424968123435974,0.0873839408159256,5.282649040222168,
7,20,0.9929714202880859,0.8377893567085266,0.15477432310581207,4.077291488647461,
7,21,0.8601512312889099,0.7185487151145935,0.14126001298427582,3.4249701499938965,
7,22,0.7447103261947632,0.6201193332672119,0.12423622608184814,3.5477683544158936,
7,23,0.4706278443336487,0.3773599863052368,0.092771515250206,4.963181972503662,
7,24,0.5020051002502441,0.39335107803344727,0.10806164145469666,5.923488616943359,
7,25,0.6479158997535706,0.5031804442405701,0.1439865529537201,7.489248752593994,
7,26,0.9059093594551086,0.7552822232246399,0.15014708042144775,4.80046272277832,
7,27,0.3850165009498596,0.31527817249298096,0.06947542726993561,2.6291792392730713,
7,28,0.3228301405906677,0.27167826890945435,0.05098309367895126,1.6876968145370483,
7,29,0.7091661095619202,0.5873996019363403,0.12145401537418365,3.1252288818359375,
7,30,0.9546819925308228,0.8030805587768555,0.1512261927127838,3.7526307106018066,
7,31,0.4703636169433594,0.36264652013778687,0.10712967067956924,5.874403476715088,
7,32,0.7699109315872192,0.6336983442306519,0.1358720362186432,3.406047821044922,
7,33,0.3396386206150055,0.2813911437988281,0.05799299478530884,2.5447192192077637,
7,34,0.7014326453208923,0.5795406103134155,0.1215960830450058,2.9592859745025635,
7,35,0.5888521671295166,0.4846852421760559,0.10393209755420685,2.3484139442443848,
7,36,0.48834800720214844,0.37739622592926025,0.11032987385988235,6.219029903411865,
7,37,0.525454044342041,0.4132143259048462,0.11151057481765747,7.291143417358398,
7,38,0.7858588695526123,0.64893639087677,0.1365933120250702,3.291217088699341,
7,39,0.6543965935707092,0.539160430431366,0.11493686586618423,2.9926795959472656,
7,40,0.4523502588272095,0.3611021339893341,0.09080017358064651,4.4795823097229,
7,41,0.5187112092971802,0.40851399302482605,0.10947699844837189,7.2017669677734375,
7,42,0.9176734089851379,0.766026496887207,0.151243656873703,4.0323638916015625,
7,43,0.464394211769104,0.3585766553878784,0.1052781492471695,5.394223213195801,
7,44,0.40280941128730774,0.3404030501842499,0.06217029690742493,2.36057186126709,
7,45,0.38134148716926575,0.3120652437210083,0.0689583569765091,3.178929090499878,
7,46,0.47512122988700867,0.37735676765441895,0.0973813384771347,3.8311662673950195,
7,47,0.40977245569229126,0.3380547761917114,0.07145273685455322,2.6493475437164307,
7,48,0.9004364013671875,0.7521082758903503,0.14788155257701874,4.465508460998535,
7,49,0.6658899188041687,0.5563519597053528,0.10926710814237595,2.7081754207611084,
7,50,0.4362974464893341,0.36441105604171753,0.07172005623579025,1.6634070873260498,
7,51,0.9270018339157104,0.7795541882514954,0.1470850557088852,3.6255695819854736,
7,52,0.344349205493927,0.2870001196861267,0.05712338536977768,2.2569773197174072,
7,53,0.31725746393203735,0.2677837312221527,0.04929770529270172,1.7599960565567017,
7,54,0.4986160695552826,0.38900458812713623,0.10886888206005096,7.425858020782471,
7,55,0.6929284930229187,0.5759627819061279,0.11666051298379898,3.0515291690826416,
7,56,0.7598394751548767,0.6298683881759644,0.12965697050094604,3.141090154647827,
7,57,0.856212854385376,0.7113902568817139,0.14440703392028809,4.155911922454834,
7,58,0.7665676474571228,0.6333804130554199,0.13282357156276703,3.636451244354248,
7,59,0.5920960903167725,0.49042028188705444,0.1014176681637764,2.5812571048736572,
7,60,0.5086801052093506,0.39494913816452026,0.11305202543735504,6.789638996124268,
7,61,0.6820716857910156,0.563959538936615,0.11783000081777573,2.821971893310547,
7,62,0.7047985196113586,0.5397753715515137,0.16418424248695374,8.389307975769043,
7,63,0.706590473651886,0.589795708656311,0.11651270091533661,2.8204190731048584,
7,64,0.7667201161384583,0.6367947459220886,0.12959304451942444,3.3227274417877197,
7,65,0.6630882024765015,0.546872079372406,0.11590434610843658,3.1179556846618652,
7,66,0.6877391934394836,0.5641962289810181,0.12322740256786346,3.1554415225982666,
7,67,0.5725620985031128,0.4743642807006836,0.0979660153388977,2.3177521228790283,
7,68,0.5437666773796082,0.45205628871917725,0.09149159491062164,2.1882200241088867,
7,69,0.43701282143592834,0.3402804136276245,0.09613634645938873,5.960695743560791,
7,70,0.4684176743030548,0.36195892095565796,0.10602642595767975,4.323492527008057,
7,71,0.5248511433601379,0.39633262157440186,0.12780313193798065,7.153745651245117,
7,72,0.623317539691925,0.5169326066970825,0.10614939033985138,2.3557701110839844,
7,73,0.5126237273216248,0.3821553885936737,0.129763662815094,7.047239303588867,
7,74,0.6430795788764954,0.5284106135368347,0.11435584723949432,3.1310436725616455,
7,75,0.32387036085128784,0.27233266830444336,0.0513329915702343,2.047150135040283,
7,76,0.7421008348464966,0.6217923164367676,0.12002475559711456,2.837844133377075,
7,77,1.0738071203231812,0.8979402780532837,0.17541255056858063,4.542629718780518,
7,78,0.436578631401062,0.3603910505771637,0.07601366937160492,1.7392034530639648,
7,79,0.4786563217639923,0.37426841259002686,0.10375341773033142,6.3449201583862305,
7,80,0.6038548946380615,0.4437592029571533,0.15930132567882538,7.94374418258667,
7,81,0.7761992812156677,0.6429773569107056,0.13291394710540771,3.0795531272888184,
7,82,0.46103113889694214,0.362554132938385,0.0980992242693901,3.7776529788970947,
7,83,0.6822488307952881,0.5548064708709717,0.12708428502082825,3.5808987617492676,
7,84,0.3512745201587677,0.28711289167404175,0.06375786662101746,4.037631034851074,
7,85,0.5186152458190918,0.42248910665512085,0.09575314819812775,3.7300713062286377,
7,86,0.28969889879226685,0.2400975376367569,0.04942440614104271,1.7696900367736816,
7,87,0.47965288162231445,0.3860644996166229,0.09310604631900787,4.82305908203125,
7,88,0.46209627389907837,0.37800073623657227,0.08390253782272339,1.930009126663208,
7,89,0.8934786319732666,0.7407118082046509,0.15238675475120544,3.8002500534057617,
7,90,0.8079074025154114,0.6681490540504456,0.1394384801387787,3.1989223957061768,
7,91,0.840242862701416,0.6951563358306885,0.14462481439113617,4.617049217224121,
7,92,0.5670570731163025,0.46593207120895386,0.10088023543357849,2.4479267597198486,
7,93,0.7964084148406982,0.6593437790870667,0.1367383599281311,3.262991428375244,
7,94,0.5948577523231506,0.48364800214767456,0.11095782369375229,2.5197012424468994,
7,95,0.7688785195350647,0.6320444345474243,0.1365121454000473,3.2191765308380127,
7,96,0.5438331365585327,0.4202882647514343,0.1228506863117218,6.941699504852295,
7,97,0.4245888590812683,0.33323684334754944,0.09097965061664581,3.7234764099121094,
7,98,0.4690450429916382,0.36300110816955566,0.10557068884372711,4.732607841491699,
7,99,0.43577349185943604,0.3430160880088806,0.09226109087467194,4.963315963745117,
7,100,0.3403654098510742,0.2782451808452606,0.061908744275569916,2.114891290664673,
8,1,0.6091954708099365,0.4919060170650482,0.11700760573148727,2.818608283996582,
8,2,0.7558212280273438,0.6203558444976807,0.1351448893547058,3.20466947555542,
8,3,0.5154672861099243,0.4058607816696167,0.10909320414066315,5.133087158203125,
8,4,0.5569235682487488,0.4404256343841553,0.11599570512771606,5.0220537185668945,
8,5,0.37835097312927246,0.29972273111343384,0.07835201919078827,2.7619543075561523,
8,6,0.7212834358215332,0.5871267914772034,0.13385678827762604,2.998809337615967,
8,7,0.865294337272644,0.7094075679779053,0.15545713901519775,4.29644775390625,
8,8,0.5579138994216919,0.4232160449028015,0.13409191370010376,6.059384346008301,
8,9,0.5586548447608948,0.4477033317089081,0.11071040481328964,2.4107625484466553,
8,10,0.4619829058647156,0.3562721014022827,0.10523980855941772,4.710020065307617,
8,11,0.6544098854064941,0.5281863212585449,0.12593844532966614,2.8517353534698486,
8,12,0.5787813067436218,0.45382052659988403,0.12430828809738159,6.525107383728027,
8,13,0.49206143617630005,0.3771762251853943,0.11427472531795502,6.104586601257324,
8,14,0.5817649960517883,0.4666863679885864,0.11479771882295609,2.8089191913604736,
8,15,0.6250950694084167,0.5026688575744629,0.12212514877319336,3.0106041431427,
8,16,0.9069657921791077,0.7381325960159302,0.1684233397245407,4.098403453826904,
8,17,0.41995352506637573,0.3324028551578522,0.08735594153404236,1.9474084377288818,
8,18,0.46303486824035645,0.35276347398757935,0.10970593988895416,5.654648303985596,
8,19,0.42076724767684937,0.3201718330383301,0.10000352561473846,5.9187331199646,
8,20,0.6523728370666504,0.5235999226570129,0.12845535576343536,3.175891160964966,
8,21,0.8216292262077332,0.6655124425888062,0.1557529717683792,3.6380443572998047,
8,22,0.6898586750030518,0.5563088059425354,0.13324519991874695,3.0467727184295654,
8,23,0.47197461128234863,0.3587656617164612,0.11264918744564056,5.597354412078857,
8,24,0.5448319911956787,0.435636430978775,0.10894481837749481,2.507322311401367,
8,25,0.5493290424346924,0.4406096339225769,0.10846924781799316,2.5017471313476562,
8,26,0.30054500699043274,0.23967453837394714,0.06066467612981796,2.057931900024414,
8,27,0.5690279006958008,0.428475022315979,0.13988524675369263,6.676103115081787,
8,28,0.3037398159503937,0.24405592679977417,0.05948745086789131,1.9641931056976318,
8,29,0.9663509726524353,0.7865422964096069,0.179110586643219,6.981159210205078,
8,30,0.7438427209854126,0.5990580320358276,0.14444822072982788,3.364513635635376,
8,31,0.6741660237312317,0.543493390083313,0.13036927580833435,3.033113956451416,
8,32,0.30576109886169434,0.24214380979537964,0.06336241960525513,2.548604726791382,
8,33,0.6416362524032593,0.5128967761993408,0.12843668460845947,3.0280098915100098,
8,34,0.28826719522476196,0.2339516282081604,0.05415525287389755,1.602995753288269,
8,35,0.6360132098197937,0.5088045597076416,0.12688639760017395,3.222935914993286,
8,36,0.8988529443740845,0.7225286364555359,0.1758803427219391,4.4395904541015625,
8,37,0.5612987279891968,0.4169371724128723,0.14364585280418396,7.157155990600586,
8,38,0.4753296971321106,0.36891090869903564,0.10588403046131134,5.347752094268799,
8,39,0.4012865126132965,0.3136315643787384,0.08720727264881134,4.476535320281982,
8,40,0.7213844656944275,0.5819803476333618,0.13908687233924866,3.172619581222534,
8,41,0.35208767652511597,0.2768685221672058,0.07488395273685455,3.352245569229126,
8,42,0.4398063123226166,0.3410568833351135,0.09833521395921707,4.142185688018799,
8,43,0.38561007380485535,0.30166006088256836,0.08363500237464905,3.150158166885376,
8,44,0.3160199522972107,0.2560845613479614,0.059745386242866516,1.9002150297164917,
8,45,0.8394963145256042,0.6560763120651245,0.18247684836387634,9.431081771850586,
8,46,0.6303660273551941,0.5034933090209961,0.12658150494098663,2.9124913215637207,
8,47,0.5030378103256226,0.38547658920288086,0.11684150248765945,7.1970367431640625,
8,48,0.637646496295929,0.4848048985004425,0.15205642580986023,7.85164213180542,
8,49,0.4666000008583069,0.3523801267147064,0.113599494099617,6.20351505279541,
8,50,0.8915669918060303,0.7182578444480896,0.17286132276058197,4.477828025817871,
8,51,0.6022793650627136,0.47202301025390625,0.1292223483324051,10.340137481689453,
8,52,0.5047076940536499,0.3819531500339508,0.12196022272109985,7.943115711212158,
8,53,0.32014918327331543,0.2528497278690338,0.06701132655143738,2.881187915802002,
8,54,0.6248295903205872,0.4700205326080322,0.15401583909988403,7.932341575622559,
8,55,0.8412452936172485,0.6750609278678894,0.16571584343910217,4.6848907470703125,
8,56,0.3169780373573303,0.2517159581184387,0.06503423303365707,2.2783615589141846,
8,57,0.8903811573982239,0.7067185044288635,0.18319037556648254,4.722244739532471,
8,58,0.6023929119110107,0.44166553020477295,0.159920796751976,8.065560340881348,
8,59,0.6977615356445312,0.551626443862915,0.14579670131206512,3.3835957050323486,
8,60,0.8500833511352539,0.6754012703895569,0.17415085434913635,5.311924934387207,
8,61,0.4492523670196533,0.3420305550098419,0.10682257264852524,3.992218255996704,
8,62,0.7045345306396484,0.5598318576812744,0.14434251189231873,3.6011853218078613,
8,63,0.4136328101158142,0.3147546648979187,0.09847845882177353,3.9968955516815186,
8,64,0.3278887867927551,0.25582534074783325,0.07181721925735474,2.4623475074768066,
8,65,0.7489518523216248,0.5988613367080688,0.14966829121112823,4.222157001495361,
8,66,0.5735708475112915,0.45493078231811523,0.11838513612747192,2.5490870475769043,
8,67,0.5427935123443604,0.43007439374923706,0.11246729642152786,2.5181727409362793,
8,68,0.38449329137802124,0.2972477078437805,0.08682382106781006,4.2176666259765625,
8,69,0.5338766574859619,0.4041985869407654,0.12884443998336792,8.336498260498047,
8,70,0.40444016456604004,0.3111106753349304,0.09287600964307785,4.5348405838012695,
8,71,0.2808779180049896,0.22067925333976746,0.05999138951301575,2.0727386474609375,
8,72,0.5886778235435486,0.46439892053604126,0.12400129437446594,2.7758371829986572,
8,73,0.8649386167526245,0.6970957517623901,0.16733592748641968,5.069508075714111,
8,74,0.6967990398406982,0.5355889201164246,0.16006919741630554,11.409436225891113,
8,75,0.4119352698326111,0.31997740268707275,0.09175488352775574,2.0297796726226807,
8,76,0.6862075924873352,0.5454400181770325,0.14044645428657532,3.21077036857605,
8,77,0.6585513949394226,0.5202901363372803,0.137913316488266,3.479264974594116,
8,78,0.33251717686653137,0.25444483757019043,0.07777522504329681,2.971024513244629,
8,79,0.5837350487709045,0.46165895462036133,0.1217782199382782,2.9785144329071045,
8,80,0.37719443440437317,0.2835547924041748,0.09313373267650604,5.059050559997559,
8,81,0.9520793557167053,0.7692807912826538,0.1823161393404007,4.8245849609375,
8,82,0.4201907217502594,0.3187594711780548,0.10102304816246033,4.082042217254639,
8,83,0.6493989825248718,0.49334555864334106,0.15514108538627625,9.12395191192627,
8,84,0.8927688002586365,0.7217637300491333,0.17053821682929993,4.668895244598389,
8,85,0.7985665202140808,0.6364625692367554,0.161746084690094,3.5787198543548584,
8,86,0.812567412853241,0.646045446395874,0.16611021757125854,4.117616176605225,
8,87,0.8865060806274414,0.7094024419784546,0.17667075991630554,4.328336238861084,
8,88,0.2946570813655853,0.23345918953418732,0.06100071966648102,1.9717732667922974,
8,89,0.5222090482711792,0.40862858295440674,0.11331599205732346,2.6446073055267334,
8,90,0.46114134788513184,0.33834296464920044,0.12221778929233551,5.805964946746826,
8,91,0.5341583490371704,0.4180140197277069,0.11587507277727127,2.6924562454223633,
8,92,0.8596586585044861,0.6789600849151611,0.18026089668273926,4.37689733505249,
8,93,0.8157703280448914,0.6366418600082397,0.17853879928588867,5.89682674407959,
8,94,0.5560315847396851,0.399496465921402,0.15579962730407715,7.354939937591553,
8,95,0.8356348276138306,0.6538939476013184,0.18130503594875336,4.3585734367370605,
8,96,0.42107295989990234,0.31721848249435425,0.10345988720655441,3.9459285736083984,
8,97,0.3253633379936218,0.2524149417877197,0.0726957693696022,2.5264732837677,
8,98,0.49800407886505127,0.35898303985595703,0.13793814182281494,10.828832626342773,
8,99,0.4163784086704254,0.3070835471153259,0.10867994278669357,6.149069786071777,
8,100,0.4031946361064911,0.30838823318481445,0.09439290314912796,4.134952545166016,
9,1,0.566809892654419,0.4444533884525299,0.12209950387477875,2.5701115131378174,
9,2,0.576791524887085,0.4534267783164978,0.12307219207286835,2.9255211353302,
9,3,0.616963267326355,0.4619688391685486,0.1542222797870636,7.72125244140625,
9,4,0.45635342597961426,0.3406265079975128,0.11514194309711456,5.849673271179199,
9,5,0.7354729771614075,0.5876112580299377,0.14739744365215302,4.642529010772705,
9,6,0.5861896276473999,0.4626009464263916,0.12331697344779968,2.7167065143585205,
9,7,0.6121897101402283,0.4857792556285858,0.12610989809036255,3.005620002746582,
9,8,0.3593144714832306,0.27983638644218445,0.07911663502454758,3.6144278049468994,
9,9,0.7203810811042786,0.5718923807144165,0.14808568358421326,4.029726505279541,
9,10,0.8466964364051819,0.6738603115081787,0.1723056137561798,5.3053059577941895,
9,11,0.7303473949432373,0.5788565874099731,0.15109358727931976,3.9721221923828125,
9,12,0.8725106120109558,0.6946921944618225,0.1773969829082489,4.214433670043945,
9,13,0.7299660444259644,0.5711190104484558,0.15752564370632172,13.2140474319458,
9,14,0.5569224953651428,0.41036319732666016,0.14587295055389404,6.86322546005249,
9,15,0.6512863636016846,0.5123696327209473,0.13859713077545166,3.196135997772217,
9,16,0.5523653030395508,0.43278467655181885,0.11931644380092621,2.641500234603882,
9,17,0.6260778903961182,0.46881288290023804,0.15646985173225403,7.951327800750732,
9,18,0.48142561316490173,0.37626320123672485,0.10494095087051392,2.2147390842437744,
9,19,0.8892427682876587,0.7004084587097168,0.18834413588047028,4.90177583694458,
9,20,0.4950203597545624,0.36286988854408264,0.13139648735523224,7.539806842803955,
9,21,0.7135587334632874,0.5533448457717896,0.1598300188779831,3.8386244773864746,
9,22,0.6160547137260437,0.47803354263305664,0.13766837120056152,3.5280346870422363,
9,23,0.8397356867790222,0.6502626538276672,0.18840275704860687,10.70255184173584,
9,24,0.2852770984172821,0.2264125943183899,0.058699965476989746,1.6454864740371704,
9,25,0.43787887692451477,0.3200721740722656,0.11717437207698822,6.323137283325195,
9,26,0.4343123733997345,0.3167652487754822,0.11698289960622787,5.642213344573975,
9,27,0.4248707890510559,0.3112556040287018,0.11305341124534607,5.617656230926514,
9,28,0.6423231959342957,0.4968709945678711,0.14511670172214508,3.355027914047241,
9,29,0.7813850045204163,0.6106756925582886,0.17024420201778412,4.650704860687256,
9,30,0.4734492599964142,0.33911561965942383,0.1336345672607422,6.990660667419434,
9,31,0.4804498553276062,0.3525146245956421,0.12723290920257568,7.0233001708984375,
9,32,0.3068374991416931,0.247503399848938,0.05914601311087608,1.8809353113174438,
9,33,0.6741881966590881,0.529331386089325,0.14450693130493164,3.498617649078369,
9,34,0.6351503133773804,0.5001736283302307,0.13467825949192047,2.984410524368286,
9,35,0.6765339374542236,0.5305081605911255,0.14557494223117828,4.508578777313232,
9,36,0.5063320994377136,0.3985956609249115,0.1074969470500946,2.3951621055603027,
9,37,0.5563292503356934,0.4340253472328186,0.12201456725597382,2.892949342727661,
9,38,0.44825491309165955,0.3356795608997345,0.11213139444589615,4.439585208892822,
9,39,0.5495364665985107,0.4298897385597229,0.1193818598985672,2.649021863937378,
9,40,0.6250339150428772,0.4875849485397339,0.1371103674173355,3.386329174041748,
9,41,0.3998713195323944,0.3111262321472168,0.08855485171079636,1.9023464918136597,
9,42,0.4778226613998413,0.3501940369606018,0.1269296407699585,6.989879608154297,
9,43,0.43069151043891907,0.33481889963150024,0.09566502273082733,2.075741767883301,
9,44,0.9881746768951416,0.7658627033233643,0.22058072686195374,17.312545776367188,
9,45,0.318290650844574,0.2521311640739441,0.06588703393936157,2.7244443893432617,
9,46,0.5215839147567749,0.4058365821838379,0.11548950523138046,2.5784988403320312,
9,47,0.8761518597602844,0.68572998046875,0.18994224071502686,4.796420097351074,
9,48,0.30547142028808594,0.23914940655231476,0.06610983610153198,2.121903657913208,
9,49,0.49515631794929504,0.3561151623725891,0.13825860619544983,7.8255934715271,
9,50,0.3159458041191101,0.24321764707565308,0.07248415052890778,2.4401848316192627,
9,51,0.5734806060791016,0.44312191009521484,0.13007178902626038,2.869572401046753,
9,52,0.6010025143623352,0.46772056818008423,0.13297733664512634,3.0465948581695557,
9,53,0.7309188842773438,0.5748540759086609,0.15571555495262146,3.492908239364624,
9,54,0.43716469407081604,0.32707569003105164,0.10967020690441132,4.188127040863037,
9,55,0.5740504860877991,0.4470362067222595,0.12673547863960266,2.7875914573669434,
9,56,0.6751556396484375,0.5295131802558899,0.14532098174095154,3.2149980068206787,
9,57,0.5914703011512756,0.46374502778053284,0.12742894887924194,2.9629874229431152,
9,58,0.5565891265869141,0.40602758526802063,0.1498519778251648,7.095211029052734,
9,59,0.4606061279773712,0.3413154184818268,0.11863955855369568,6.5116286277771,
9,60,0.3148598372936249,0.2445143461227417,0.0701163187623024,2.2916924953460693,
9,61,0.31138667464256287,0.24230363965034485,0.06880225241184235,2.8076837062835693,
9,62,0.4970451295375824,0.370330810546875,0.12604162096977234,6.7268829345703125,
9,63,0.7286388874053955,0.561156690120697,0.16691017150878906,5.720440864562988,
9,64,0.5033783912658691,0.39413490891456604,0.1090068519115448,2.366258144378662,
9,65,0.27478450536727905,0.21369144320487976,0.06089702993631363,1.9603699445724487,
9,66,0.4384903013706207,0.3243016004562378,0.11362102627754211,5.676628112792969,
9,67,0.2775517404079437,0.215749591588974,0.06163569539785385,1.6644519567489624,
9,68,0.4308372437953949,0.3276374936103821,0.10283547639846802,3.6426026821136475,
9,69,0.3455751836299896,0.26196232438087463,0.08326326310634613,3.4961960315704346,
9,70,0.46014514565467834,0.3571963906288147,0.10273073613643646,2.1799120903015137,
9,71,0.5423774719238281,0.42468130588531494,0.11745037883520126,2.457972288131714,
9,72,0.4109066426753998,0.3126905858516693,0.09784434735774994,3.717353105545044,
9,73,0.42284920811653137,0.32679498195648193,0.09585068374872208,2.0356147289276123,
9,74,0.6155860424041748,0.4846678376197815,0.1306288093328476,2.894047737121582,
9,75,0.7810879945755005,0.6217191219329834,0.15901046991348267,3.583801746368408,
9,76,0.4810516834259033,0.3754880428314209,0.10533705353736877,2.2660112380981445,
9,77,0.43198180198669434,0.31767064332962036,0.11366364359855652,6.475219249725342,
9,78,0.49501171708106995,0.3861253559589386,0.10865256190299988,2.3380374908447266,
9,79,0.6227855086326599,0.47012650966644287,0.1517048329114914,9.54164981842041,
9,80,0.29592427611351013,0.22804105281829834,0.06768279522657394,2.00417423248291,
9,81,0.36520838737487793,0.27676206827163696,0.08807795494794846,3.6836013793945312,
9,82,0.46480676531791687,0.34110820293426514,0.12300906330347061,6.895048141479492,
9,83,0.5605331063270569,0.43044984340667725,0.12981806695461273,2.6520683765411377,
9,84,0.6030305027961731,0.43853431940078735,0.16366365551948547,8.325054168701172,
9,85,0.45115870237350464,0.3241189122200012,0.1264246702194214,6.151299476623535,
9,86,0.3210839331150055,0.24454402923583984,0.07629707455635071,2.428197145462036,
9,87,0.28323525190353394,0.21562382578849792,0.06739956140518188,2.118781328201294,
9,88,0.312855064868927,0.23789314925670624,0.07472511380910873,2.3680152893066406,
9,89,0.6538621783256531,0.5067211985588074,0.1468231976032257,3.1776480674743652,
9,90,0.6585748791694641,0.510391891002655,0.14783024787902832,3.527670383453369,
9,91,0.3623061776161194,0.2720305621623993,0.08995737135410309,3.182211399078369,
9,92,0.3794883191585541,0.2793002724647522,0.09966349601745605,5.245482921600342,
9,93,0.46918296813964844,0.3625899851322174,0.10637011379003525,2.2286274433135986,
9,94,0.439035564661026,0.3252674639225006,0.11318987607955933,5.782129287719727,
9,95,0.4908357560634613,0.3595029413700104,0.13068275153636932,6.500918388366699,
9,96,0.2873304486274719,0.22554726898670197,0.061611294746398926,1.7191212177276611,
9,97,0.5425373911857605,0.41988348960876465,0.12235982716083527,2.9410924911499023,
9,98,1.2858794927597046,1.0038819313049316,0.28068187832832336,13.157037734985352,
9,99,0.4915812611579895,0.35559749603271484,0.13509364426136017,8.901382446289062,
9,100,0.6968642473220825,0.5385434627532959,0.1579694151878357,3.513960838317871,
10,1,0.8572531938552856,0.6639506816864014,0.19283509254455566,4.674086093902588,
10,2,0.9068326950073242,0.6968965530395508,0.20936967432498932,5.665107727050781,
10,3,0.7669742107391357,0.5796396732330322,0.18626949191093445,10.650007247924805,
10,4,0.4103984832763672,0.2925068140029907,0.11715763062238693,7.3403215408325195,
10,5,0.27502381801605225,0.21337082982063293,0.06144503876566887,2.079519748687744,
10,6,0.7919072508811951,0.6093939542770386,0.18200771510601044,5.055413722991943,
10,7,0.6186115741729736,0.47669798135757446,0.14155042171478271,3.631540536880493,
10,8,0.6530740261077881,0.5062550902366638,0.1464894711971283,3.294874906539917,
10,9,0.3950985372066498,0.29481083154678345,0.09984194487333298,4.457451343536377,
10,10,0.6351536512374878,0.49101758003234863,0.14381477236747742,3.2128899097442627,
10,11,1.2323567867279053,0.8967095613479614,0.33170175552368164,39.45498275756836,
10,12,0.43499821424484253,0.31475770473480225,0.11965373903512955,5.867785930633545,
10,13,0.4614261984825134,0.3534243702888489,0.10758589208126068,4.159231662750244,
10,14,0.5414533019065857,0.42455917596817017,0.11663777381181717,2.563708782196045,
10,15,0.6310432553291321,0.46139177680015564,0.1686919778585434,9.595396995544434,
10,16,0.45383548736572266,0.33952268958091736,0.11361219733953476,7.005964279174805,
10,17,0.8836754560470581,0.6501749157905579,0.23186761140823364,16.32916259765625,
10,18,0.3838520348072052,0.2951698303222656,0.08824685215950012,4.353410720825195,
10,19,0.40508535504341125,0.31260642409324646,0.09228241443634033,1.965077519416809,
10,20,0.629197359085083,0.49611836671829224,0.13277561962604523,3.0339066982269287,
10,21,0.3728630542755127,0.2885545492172241,0.0839204490184784,3.8806815147399902,
10,22,0.5957392454147339,0.47059696912765503,0.12485131621360779,2.9101059436798096,
10,23,0.3442000448703766,0.2585202157497406,0.08528442680835724,3.953944206237793,
10,24,0.7977480888366699,0.6415966749191284,0.15579813718795776,3.5329794883728027,
10,25,0.4336376488208771,0.3239710330963135,0.10899002104997635,6.76597261428833,
10,26,0.958392858505249,0.7797112464904785,0.17819744348526,4.84196662902832,
10,27,0.8140520453453064,0.6518244743347168,0.16185331344604492,3.7423365116119385,
10,28,0.44065114855766296,0.33505117893218994,0.10506142675876617,5.385600566864014,
10,29,0.44830912351608276,0.3316841125488281,0.1159011572599411,7.238507270812988,
10,30,0.36673346161842346,0.27556225657463074,0.090836301445961,3.348771095275879,
10,31,0.4384482800960541,0.32514670491218567,0.11285875737667084,4.428247928619385,
10,32,0.3993395268917084,0.2958585023880005,0.10305913537740707,4.218918323516846,
10,33,0.8575583100318909,0.6705646514892578,0.18655215203762054,4.414940357208252,
10,34,0.6594478487968445,0.5023651123046875,0.15674006938934326,3.4269156455993652,
10,35,0.5464288592338562,0.41242364048957825,0.13372692465782166,2.7830798625946045,
10,36,0.7515890002250671,0.5723661184310913,0.1787467896938324,4.7604756355285645,
10,37,0.6001798510551453,0.45154839754104614,0.1482560783624649,3.7540409564971924,
10,38,0.3171796500682831,0.23669680953025818,0.08017301559448242,3.0983409881591797,
10,39,0.36771726608276367,0.27087709307670593,0.09642332792282104,4.168600082397461,
10,40,0.5585659146308899,0.39886975288391113,0.15867315232753754,10.230147361755371,
10,41,0.8117865324020386,0.6254781484603882,0.18588240444660187,4.259681224822998,
10,42,0.7265502214431763,0.5506452322006226,0.17547228932380676,4.327401161193848,
10,43,0.509885847568512,0.3656386137008667,0.14328384399414062,9.634136199951172,
10,44,0.39566275477409363,0.32124558091163635,0.07417777925729752,2.394007921218872,
10,45,0.7285065054893494,0.5528008937835693,0.17513777315616608,5.678799629211426,
10,46,0.5560263395309448,0.42455655336380005,0.13118629157543182,2.8350653648376465,
10,47,0.7354368567466736,0.5729506611824036,0.1620997041463852,3.8649871349334717,
10,48,1.7172298431396484,1.3929178714752197,0.31995850801467896,43.53483963012695,
10,49,0.6943697333335876,0.5250012874603271,0.16898292303085327,3.8554952144622803,
10,50,0.7043321132659912,0.5324967503547668,0.1713699996471405,4.653722763061523,
10,51,0.40124550461769104,0.2999025583267212,0.10080000013113022,5.429368019104004,
10,52,0.7616930603981018,0.5397794246673584,0.22050704061985016,14.065962791442871,
10,53,0.4117947518825531,0.34823036193847656,0.06334173679351807,2.2266550064086914,
10,54,0.8324533104896545,0.6494390964508057,0.18249565362930298,5.185370445251465,
10,55,0.33032068610191345,0.26917755603790283,0.06086691468954086,2.762216806411743,
10,56,0.4198083281517029,0.3284836411476135,0.09088965505361557,4.350241184234619,
10,57,0.3753816485404968,0.3253745436668396,0.049850545823574066,1.5655161142349243,
10,58,0.6890299320220947,0.5547734498977661,0.1337776482105255,4.788885116577148,
10,59,0.7637341022491455,0.6227251291275024,0.14068123698234558,3.277111530303955,
10,60,0.6177721619606018,0.5033547878265381,0.11415322124958038,2.6419003009796143,
10,61,0.4543313980102539,0.3571290373802185,0.09672226756811142,4.800819396972656,
10,62,0.5473592877388,0.44736093282699585,0.09976701438426971,2.3134546279907227,
10,63,0.30288249254226685,0.25211817026138306,0.050582464784383774,1.8186118602752686,
10,64,0.4521794617176056,0.34331178665161133,0.10820740461349487,6.602722644805908,
10,65,0.36092087626457214,0.2832842171192169,0.0772823616862297,3.542781114578247,
10,66,0.4743008613586426,0.3542509078979492,0.1193590760231018,6.908783435821533,
10,67,0.4191031754016876,0.32719457149505615,0.09171368181705475,1.949371099472046,
10,68,0.39154961705207825,0.29734230041503906,0.09364154934883118,5.657735347747803,
10,69,0.3580314517021179,0.2789860963821411,0.07877424359321594,2.711191177368164,
10,70,0.6705718636512756,0.5236737132072449,0.14656943082809448,3.2871923446655273,
10,71,0.5183754563331604,0.4010276794433594,0.11708128452301025,2.6648969650268555,
10,72,0.5788636207580566,0.4495602548122406,0.1289956420660019,3.0771450996398926,
10,73,0.6176447868347168,0.460393488407135,0.15639728307724,8.540102005004883,
10,74,0.5624582171440125,0.41034945845603943,0.15128621459007263,8.22551155090332,
10,75,0.48034346103668213,0.36343398690223694,0.11628816276788712,6.213258266448975,
10,76,0.7065175771713257,0.546975314617157,0.15902358293533325,5.186829566955566,
10,77,0.7603012919425964,0.5963103771209717,0.163628488779068,3.6245508193969727,
10,78,0.5451909899711609,0.4206395745277405,0.12426982820034027,2.8157663345336914,
10,79,0.4947379231452942,0.37075865268707275,0.1232183426618576,7.609106540679932,
10,80,0.5762776732444763,0.45327824354171753,0.12274674326181412,2.526599168777466,
10,81,0.8959808945655823,0.7111750841140747,0.18437573313713074,4.300770282745361,
10,82,0.4463573694229126,0.3361096978187561,0.10984566807746887,4.020108222961426,
10,83,0.4788528382778168,0.36951860785484314,0.10911013185977936,2.2407426834106445,
10,84,0.5740292072296143,0.44432663917541504,0.12941056489944458,2.9200713634490967,
10,85,0.8626866340637207,0.6692148447036743,0.1929834485054016,4.883419036865234,
10,86,0.479449063539505,0.33690357208251953,0.1416165828704834,9.289069175720215,
10,87,0.3339698612689972,0.26452934741973877,0.06919156014919281,2.489532947540283,
10,88,0.8347328901290894,0.6445188522338867,0.18972556293010712,4.8848371505737305,
10,89,0.4367484152317047,0.31871163845062256,0.11751949787139893,5.172700881958008,
10,90,0.30070972442626953,0.2348787784576416,0.06557643413543701,2.545070171356201,
10,91,0.8344987034797668,0.642347514629364,0.19158323109149933,5.679789066314697,
10,92,0.8815881013870239,0.6832700967788696,0.19785884022712708,4.591772079467773,
10,93,0.7479281425476074,0.5658544301986694,0.18146386742591858,6.098665714263916,
10,94,0.6224021911621094,0.4795961380004883,0.1425018608570099,3.042426109313965,
10,95,0.6821161508560181,0.5276916027069092,0.15409228205680847,3.32210373878479,
10,96,0.40736910700798035,0.3103594481945038,0.09660152345895767,4.081413269042969,
10,97,0.33935728669166565,0.2590683698654175,0.0799771249294281,3.117983818054199,
10,98,0.6427727937698364,0.4951520562171936,0.1472984254360199,3.223414897918701,
10,99,0.35475990176200867,0.2705298364162445,0.0838923528790474,3.3773112297058105,
10,100,0.6291798949241638,0.48633894324302673,0.14253413677215576,3.067746639251709,
11,1,0.6896666884422302,0.5276735424995422,0.1615915298461914,4.0159454345703125,
11,2,0.4210006296634674,0.29786041378974915,0.12258382141590118,5.563939571380615,
11,3,0.45037081837654114,0.3240315020084381,0.12573765218257904,6.01671838760376,
11,4,0.4030233323574066,0.303488552570343,0.09910106658935547,4.337237358093262,
11,5,0.47171008586883545,0.3356471657752991,0.13529515266418457,7.6777849197387695,
11,6,0.8390201330184937,0.6476466655731201,0.19092580676078796,4.476510047912598,
11,7,0.4717642664909363,0.3390640616416931,0.13199445605278015,7.05743932723999,
11,8,0.4048748016357422,0.29444748163223267,0.10983091592788696,5.964101791381836,
11,9,0.8324474692344666,0.6402607560157776,0.19165349006652832,5.33202600479126,
11,10,0.3064054846763611,0.24142111837863922,0.0647539496421814,2.3042891025543213,
11,11,0.6458128690719604,0.4908749461174011,0.15457683801651,3.610729455947876,
11,12,0.5485426783561707,0.4187949299812317,0.1294710338115692,2.7672839164733887,
11,13,0.6497052907943726,0.4938265383243561,0.15550699830055237,3.7176568508148193,
11,14,0.2990313470363617,0.22868824005126953,0.07006676495075226,2.763608694076538,
11,15,0.6080420613288879,0.4585492014884949,0.14915277063846588,3.4009578227996826,
11,16,0.4236851632595062,0.29880911111831665,0.12430981546640396,5.662318229675293,
11,17,0.2927792966365814,0.225379079580307,0.06719529628753662,2.049346923828125,
11,18,0.4694750905036926,0.33151140809059143,0.1373058259487152,6.578710556030273,
11,19,0.5657356381416321,0.4265959858894348,0.13882842659950256,3.1116840839385986,
11,20,0.7492457032203674,0.5719574689865112,0.17689312994480133,3.951070785522461,
11,21,0.9250552654266357,0.7193140983581543,0.2052173614501953,5.237854480743408,
11,22,0.5009068846702576,0.37860989570617676,0.12203676998615265,2.6020619869232178,
11,23,0.3694435656070709,0.269758939743042,0.09920898079872131,4.756536960601807,
11,24,0.5148651003837585,0.37075352668762207,0.14346890151500702,6.426773548126221,
11,25,0.6136311888694763,0.4685264825820923,0.14479482173919678,3.0987722873687744,
11,26,0.6881546378135681,0.4905554950237274,0.19598248600959778,16.166601181030273,
11,27,0.6550325751304626,0.45566147565841675,0.19760535657405853,17.657087326049805,
11,28,0.44631099700927734,0.3324153423309326,0.11333752423524857,5.581449508666992,
11,29,0.30999162793159485,0.23537594079971313,0.07438802719116211,2.276496410369873,
11,30,0.7706847786903381,0.5959092974662781,0.174381822347641,3.936903238296509,
11,31,0.5669193863868713,0.4307604432106018,0.13584741950035095,3.1155569553375244,
11,32,0.6081259250640869,0.4459671378135681,0.16108691692352295,10.718860626220703,
11,33,0.594575822353363,0.4367489218711853,0.15699385106563568,8.3301362991333,
11,34,0.45372167229652405,0.3319764733314514,0.1211073026061058,6.37876558303833,
11,35,0.6083601117134094,0.46408751606941223,0.14392787218093872,3.4469547271728516,
11,36,0.466501384973526,0.33386826515197754,0.13177049160003662,8.626133918762207,
11,37,0.632200300693512,0.48231273889541626,0.14953508973121643,3.5243678092956543,
11,38,0.527988076210022,0.40099671483039856,0.12671950459480286,2.7186050415039062,
11,39,0.29970091581344604,0.22813740372657776,0.07132516801357269,2.3834633827209473,
11,40,0.4157981872558594,0.3002238869667053,0.11503736674785614,5.369113445281982,
11,41,0.6511437892913818,0.49686938524246216,0.1539151519536972,3.5922491550445557,
11,42,0.9160022139549255,0.7092514038085938,0.2062300145626068,5.207907676696777,
11,43,0.4440512955188751,0.32360076904296875,0.11983955651521683,6.109709739685059,
11,44,0.5655569434165955,0.4149547219276428,0.14987686276435852,7.253176212310791,
11,45,0.38316571712493896,0.28980395197868347,0.09303927421569824,3.224990129470825,
11,46,0.5086134672164917,0.3879675269126892,0.12038835883140564,2.5763015747070312,
11,47,0.2756272256374359,0.20967723429203033,0.06574482470750809,2.0517139434814453,
11,48,0.8411434292793274,0.6459695100784302,0.19458873569965363,5.852055549621582,
11,49,0.4519451856613159,0.3383033871650696,0.11323175579309464,4.10046911239624,
11,50,0.39663758873939514,0.29142189025878906,0.10473097860813141,4.847255229949951,
11,51,0.48336783051490784,0.34621089696884155,0.1364724189043045,6.845315456390381,
11,52,0.5557632446289062,0.4168923795223236,0.1385883390903473,2.825392723083496,
11,53,0.6807500720024109,0.5165018439292908,0.16385746002197266,3.9074883460998535,
11,54,0.6630545258522034,0.5033241510391235,0.1593761295080185,3.542550563812256,
11,55,0.8549496531486511,0.6594618558883667,0.19500577449798584,4.820168495178223,
11,56,0.3145270049571991,0.2370833158493042,0.0772007405757904,2.429474115371704,
11,57,0.5831522345542908,0.44411200284957886,0.13871993124485016,3.203246593475342,
11,58,0.8175139427185059,0.6326916217803955,0.18434558808803558,4.76740026473999,
11,59,0.7905858159065247,0.6107285022735596,0.17944984138011932,4.074278831481934,
11,60,0.3868875503540039,0.2858264446258545,0.10060765594244003,4.534543514251709,
11,61,0.7315659523010254,0.5604292154312134,0.1707475483417511,3.8924152851104736,
11,62,0.3971438705921173,0.2973689138889313,0.09956724941730499,2.0768280029296875,
11,63,0.7905586957931519,0.6065511703491211,0.1835251897573471,4.8231120109558105,
11,64,0.46055006980895996,0.3326963782310486,0.1272800862789154,5.736196041107178,
11,65,0.3468460142612457,0.26126033067703247,0.08531248569488525,2.731949806213379,
11,66,0.5766832232475281,0.44165343046188354,0.1344778686761856,5.519153118133545,
11,67,0.5074707865715027,0.35835397243499756,0.14825186133384705,8.648985862731934,
11,68,0.4962886571884155,0.3559017777442932,0.1397000551223755,6.8682475090026855,
11,69,0.4369167387485504,0.3240765631198883,0.11241672188043594,4.234720706939697,
11,70,0.6995142698287964,0.5310736894607544,0.16807226836681366,3.6832168102264404,
11,71,0.3628591001033783,0.2646890878677368,0.09765702486038208,5.129859447479248,
11,72,0.6217227578163147,0.470413476228714,0.15094999969005585,3.592743158340454,
11,73,0.46977341175079346,0.3368728756904602,0.1321859508752823,7.145890712738037,
11,74,0.43260037899017334,0.31750988960266113,0.11466345936059952,4.270484447479248,
11,75,0.4323593080043793,0.3100893497467041,0.12162525951862335,6.446990489959717,
11,76,0.6475836634635925,0.48276329040527344,0.16401270031929016,8.077107429504395,
11,77,0.7185771465301514,0.5497230291366577,0.16847962141036987,3.744779586791992,
11,78,0.3021191358566284,0.22832049429416656,0.07351594418287277,2.8271169662475586,
11,79,0.5459596514701843,0.3984575867652893,0.14680473506450653,6.9734110832214355,
11,80,0.4383094906806946,0.3150305449962616,0.12251454591751099,7.643933296203613,
11,81,0.5245035290718079,0.37413573265075684,0.14959709346294403,7.706664562225342,
11,82,0.45878806710243225,0.3449039161205292,0.11365115642547607,2.3298094272613525,
11,83,0.847341001033783,0.6545593738555908,0.19233064353466034,4.509532928466797,
11,84,0.6175618171691895,0.4676571190357208,0.14957651495933533,3.281813621520996,
11,85,0.7007392644882202,0.5338435173034668,0.16652485728263855,3.7088425159454346,
11,86,0.6658926606178284,0.47246652841567993,0.19198419153690338,14.419588088989258,
11,87,0.38662874698638916,0.2857135534286499,0.10049258917570114,4.22601842880249,
11,88,0.5707487463951111,0.43258947134017944,0.13784834742546082,3.109598159790039,
11,89,0.6515516638755798,0.49535372853279114,0.15586334466934204,3.345534563064575,
11,90,0.4580915868282318,0.33021536469459534,0.12720611691474915,6.7011637687683105,
11,91,0.2670915424823761,0.20167110860347748,0.06521891057491302,2.01535964012146,
11,92,0.7477752566337585,0.5751073360443115,0.17227992415428162,3.87943172454834,
11,93,0.3542269170284271,0.26318490505218506,0.09071922302246094,3.227764129638672,
11,94,0.6293561458587646,0.4778521656990051,0.15117107331752777,3.3288912773132324,
11,95,0.43959689140319824,0.3141400218009949,0.12474621832370758,7.106712341308594,
11,96,0.2808331549167633,0.2080441266298294,0.07256148755550385,2.2755229473114014,
11,97,0.5384724140167236,0.383069783449173,0.1546500325202942,7.525888442993164,
11,98,0.33364081382751465,0.24441072344779968,0.08887652307748795,3.5357377529144287,
11,99,0.35211411118507385,0.2557549774646759,0.09596116095781326,3.9796886444091797,
11,100,0.5388796329498291,0.38880711793899536,0.14932653307914734,7.460361957550049,
12,1,0.7471864223480225,0.5573627948760986,0.1888476014137268,9.760274887084961,
12,2,0.43322375416755676,0.3136148154735565,0.11896190792322159,6.470529079437256,
12,3,0.3727617561817169,0.27012425661087036,0.10212914645671844,5.083259582519531,
12,4,0.5271261930465698,0.39840495586395264,0.12844374775886536,2.775473117828369,
12,5,0.47613000869750977,0.3440812826156616,0.13124985992908478,7.988828182220459,
12,6,0.6024274826049805,0.4581456184387207,0.1439496874809265,3.3216919898986816,
12,7,0.743971586227417,0.5717650651931763,0.1718033254146576,4.031783580780029,
12,8,0.5911147594451904,0.44864335656166077,0.14211653172969818,3.5490734577178955,
12,9,0.5893982648849487,0.433513343334198,0.15503716468811035,8.477633476257324,
12,10,0.9065133929252625,0.691224992275238,0.21441876888275146,8.696310997009277,
12,11,0.6067737340927124,0.4560334086418152,0.15041010081768036,3.3022994995117188,
12,12,0.4569861888885498,0.3300577402114868,0.12634746730327606,5.809808254241943,
12,13,0.515205442905426,0.38358765840530396,0.13133640587329865,2.8139755725860596,
12,14,0.44321250915527344,0.31250306963920593,0.13010235130786896,6.070621490478516,
12,15,0.42148318886756897,0.29451632499694824,0.12621065974235535,7.5621161460876465,
12,16,0.30813461542129517,0.22155794501304626,0.08621910214424133,3.575665235519409,
12,17,0.5304854512214661,0.39851129055023193,0.13170340657234192,2.7078588008880615,
12,18,0.7801996469497681,0.5950263142585754,0.18474990129470825,4.234157085418701,
12,19,0.7899580597877502,0.6042824387550354,0.18525540828704834,4.2019524574279785,
12,20,0.30682799220085144,0.23122550547122955,0.0753718689084053,2.3059866428375244,
12,21,0.40938976407051086,0.30634361505508423,0.10283061861991882,2.1552066802978516,
12,22,0.5467745065689087,0.3928309381008148,0.15322375297546387,7.197821140289307,
12,23,0.7650634050369263,0.5843629837036133,0.18030649423599243,3.939502477645874,
12,24,0.6095370650291443,0.46242767572402954,0.14678731560707092,3.2206742763519287,
12,25,0.7101041078567505,0.5390154123306274,0.17063859105110168,4.501450061798096,
12,26,0.5513949990272522,0.4168466329574585,0.13427670300006866,2.7169928550720215,
12,27,0.28824353218078613,0.2215978503227234,0.0664476528763771,1.980462908744812,
12,28,0.7185370922088623,0.5415540933609009,0.17659270763397217,3.902730703353882,
12,29,0.5480183362960815,0.39466333389282227,0.15216511487960815,11.898859024047852,
12,30,0.33779793977737427,0.253085732460022,0.08443088084459305,2.813283681869507,
12,31,0.4233327805995941,0.29787686467170715,0.12490633875131607,5.4959211349487305,
12,32,0.288058876991272,0.22052393853664398,0.06733831763267517,1.9663453102111816,
12,33,0.4487459063529968,0.32187360525131226,0.1262323260307312,6.399713516235352,
12,34,0.4470181167125702,0.3232342004776001,0.12333496659994125,4.4893012046813965,
12,35,0.5856159925460815,0.43635815382003784,0.1489163488149643,3.414830446243286,
12,36,0.3504590690135956,0.25999319553375244,0.09015008807182312,3.157982110977173,
12,37,0.6065118312835693,0.4553169310092926,0.15083304047584534,3.618433952331543,
12,38,0.5647128224372864,0.42538830637931824,0.13901391625404358,3.105715036392212,
12,39,0.5295227766036987,0.35609203577041626,0.1724928319454193,9.379634857177734,
12,40,0.7153580784797668,0.5414921641349792,0.17348623275756836,3.796783685684204,
12,41,0.8978041410446167,0.6883968114852905,0.20890271663665771,5.046246528625488,
12,42,0.38455620408058167,0.2856345474720001,0.0985230952501297,3.985468864440918,
12,43,0.5622853636741638,0.42592138051986694,0.13607585430145264,2.8811194896698,
12,44,0.308917373418808,0.23743441700935364,0.07121646404266357,2.665024757385254,
12,45,0.5684016346931458,0.43410199880599976,0.13400501012802124,2.9459598064422607,
12,46,0.7019591927528381,0.5337793827056885,0.1678149700164795,3.648378372192383,
12,47,0.4229101836681366,0.3186488449573517,0.10404369235038757,2.1763572692871094,
12,48,0.5806647539138794,0.43486225605010986,0.14549338817596436,3.0912673473358154,
12,49,0.42020365595817566,0.3142107129096985,0.10577309876680374,2.198521614074707,
12,50,0.7727507948875427,0.5876401662826538,0.1847192645072937,3.913461923599243,
12,51,0.5563409328460693,0.4171876609325409,0.13886380195617676,2.894306182861328,
12,52,0.8269584774971008,0.6322367191314697,0.19427551329135895,4.4627685546875,
12,53,0.5158494710922241,0.3874167203903198,0.12816810607910156,2.646678924560547,
12,54,0.5677415132522583,0.4149964153766632,0.15162816643714905,11.169249534606934,
12,55,0.5789037942886353,0.4344034790992737,0.14418557286262512,3.147294759750366,
12,56,0.39645200967788696,0.2940432131290436,0.10220058262348175,2.0821259021759033,
12,57,0.2723722457885742,0.20710423588752747,0.06507314741611481,1.948554277420044,
12,58,0.3736476004123688,0.27342310547828674,0.0998309999704361,3.93493914604187,
12,59,0.58415687084198,0.4338272511959076,0.15000246465206146,3.2716763019561768,
12,60,0.34109172224998474,0.2546945810317993,0.08613234758377075,2.6478304862976074,
12,61,0.44660401344299316,0.3129280209541321,0.1328974962234497,7.785078048706055,
12,62,0.4228099584579468,0.2964102625846863,0.12583644688129425,5.632662296295166,
12,63,0.6178299188613892,0.4610980749130249,0.15636780858039856,3.640364646911621,
12,64,0.2971622943878174,0.2246202975511551,0.07230760157108307,2.34401273727417,
12,65,0.36367014050483704,0.2621789574623108,0.10099591314792633,4.952740669250488,
12,66,0.5323494672775269,0.3727555572986603,0.15885764360427856,7.362481117248535,
12,67,0.7999747395515442,0.6037843227386475,0.19574081897735596,4.495771408081055,
12,68,0.3751865327358246,0.2739712595939636,0.10081417113542557,4.010987758636475,
12,69,0.6889923214912415,0.5186888575553894,0.16987749934196472,4.260073184967041,
12,70,0.44377443194389343,0.31572046875953674,0.12739798426628113,6.559882164001465,
12,71,0.2899808883666992,0.21581077575683594,0.07393188029527664,2.3823437690734863,
12,72,0.3470219671726227,0.2584220767021179,0.08830925822257996,2.906235694885254,
12,73,0.29251396656036377,0.21858975291252136,0.07364068925380707,2.835254669189453,
12,74,0.4934527277946472,0.3720731735229492,0.12111485004425049,2.6469225883483887,
12,75,0.4081476330757141,0.305511474609375,0.10242517292499542,2.110119581222534,
12,76,0.7760605812072754,0.5953933000564575,0.18028469383716583,3.8260889053344727,
12,77,0.5932062864303589,0.4283278286457062,0.16401025652885437,8.681941986083984,
12,78,0.6480792760848999,0.4888153374195099,0.15879516303539276,4.687628746032715,
12,79,0.5441930294036865,0.3917895257472992,0.15168887376785278,7.146437644958496,
12,80,0.36009055376052856,0.26228880882263184,0.09733869135379791,4.630621433258057,
12,81,0.8296765089035034,0.632629930973053,0.19649936258792877,5.472172737121582,
12,82,0.6785011887550354,0.47640466690063477,0.20071379840373993,13.827303886413574,
12,83,0.8312295079231262,0.6361196637153625,0.19466233253479004,4.4750776290893555,
12,84,0.41766953468322754,0.30917590856552124,0.10826966166496277,2.2397329807281494,
12,85,0.6003841757774353,0.4472784996032715,0.15274447202682495,3.6119046211242676,
12,86,0.4511895179748535,0.3337501287460327,0.11719849705696106,2.409024715423584,
12,87,0.30585330724716187,0.22202853858470917,0.08348800241947174,3.3675951957702637,
12,88,0.8359085917472839,0.6237756013870239,0.21150866150856018,6.24371862411499,
12,89,0.29043275117874146,0.2190752476453781,0.07113637030124664,2.211398124694824,
12,90,0.4730742275714874,0.32845205068588257,0.14384502172470093,7.771448612213135,
12,91,0.4650011360645294,0.31954777240753174,0.14473895728588104,7.1438703536987305,
12,92,0.6003051400184631,0.41969558596611023,0.17967775464057922,9.318023681640625,
12,93,0.4663242995738983,0.32423362135887146,0.14140769839286804,6.829929351806641,
12,94,0.8535534143447876,0.6529598236083984,0.2001345455646515,4.590530872344971,
12,95,0.6469367146492004,0.4911118149757385,0.15547718107700348,3.4770913124084473,
12,96,0.6516265273094177,0.4971632957458496,0.15414050221443176,3.2274467945098877,
12,97,0.638608455657959,0.4865305423736572,0.151729017496109,3.4892613887786865,
12,98,0.38027423620224,0.2825448513031006,0.09734152257442474,3.8785526752471924,
12,99,0.696661114692688,0.5307915210723877,0.16550683975219727,3.627547025680542,
12,100,0.8559629321098328,0.657179594039917,0.19831031560897827,4.730133056640625,
13,1,0.27943846583366394,0.21673190593719482,0.06251657754182816,1.8998631238937378,
13,2,0.8538546562194824,0.6539208889007568,0.19947901368141174,4.547689437866211,
13,3,0.3364847004413605,0.25327008962631226,0.08293676376342773,2.778425931930542,
13,4,0.6476954221725464,0.4878086447715759,0.1595536172389984,3.331845760345459,
13,5,0.52213454246521,0.36845940351486206,0.1528281569480896,8.469935417175293,
13,6,0.2766653895378113,0.2106936275959015,0.06579019129276276,1.8156174421310425,
13,7,0.7605735659599304,0.5662558078765869,0.1938054859638214,5.122730731964111,
13,8,0.6429742574691772,0.4824996590614319,0.16011476516723633,3.5982930660247803,
13,9,0.7943686246871948,0.6004144549369812,0.1935369372367859,4.172305107116699,
13,10,0.5346412658691406,0.3989470601081848,0.1354142725467682,2.7989554405212402,
13,11,0.37325549125671387,0.2753727436065674,0.09749986231327057,3.8291449546813965,
13,12,0.6462042331695557,0.4857487082481384,0.16008828580379486,3.672156572341919,
13,13,0.47819456458091736,0.33553749322891235,0.14183524250984192,8.218232154846191,
13,14,0.8333534598350525,0.6388760805130005,0.19404000043869019,4.373855113983154,
13,15,0.29001936316490173,0.22090885043144226,0.06889650225639343,2.1399571895599365,
13,16,0.2808520197868347,0.21327343583106995,0.06737671792507172,2.01869797706604,
13,17,0.42874258756637573,0.3050956130027771,0.12309232354164124,5.546414375305176,
13,18,0.4589858949184418,0.3274422287940979,0.13089382648468018,6.498453140258789,
13,19,0.33936619758605957,0.25332164764404297,0.08575823903083801,2.8631458282470703,
13,20,0.3034912645816803,0.22762075066566467,0.07559320330619812,2.7730209827423096,
13,21,0.35473600029945374,0.2619765102863312,0.09243658930063248,3.229149341583252,
13,22,0.4297481179237366,0.3108826279640198,0.11843527853488922,4.302367210388184,
13,23,0.6938007473945618,0.5220450162887573,0.1713845133781433,3.712343692779541,
13,24,0.8591792583465576,0.6507666110992432,0.2078952044248581,5.174338340759277,
13,25,0.47907835245132446,0.354646235704422,0.1241748109459877,2.573190927505493,
13,26,0.6475613117218018,0.4813994765281677,0.16578638553619385,3.754729986190796,
13,27,0.848177969455719,0.5648868083953857,0.28099507093429565,22.961095809936523,
13,28,0.2874881625175476,0.21474391222000122,0.07253409922122955,2.101752996444702,
13,29,0.26389479637145996,0.19683115184307098,0.06686541438102722,1.9824761152267456,
13,30,0.6453889608383179,0.4567769169807434,0.1872774213552475,13.34579086303711,
13,31,0.4409254193305969,0.3129878640174866,0.12721723318099976,7.203248977661133,
13,32,0.7801340818405151,0.5985565185546875,0.18118326365947723,3.9426896572113037,
13,33,0.4109661877155304,0.30589500069618225,0.10470707714557648,3.641065835952759,
13,34,0.3284299969673157,0.24989792704582214,0.07827773690223694,2.543414354324341,
13,35,0.29800334572792053,0.21947693824768066,0.07829446345567703,2.319612503051758,
13,36,0.8358182907104492,0.6448335647583008,0.1905326247215271,4.520823001861572,
13,37,0.2753433585166931,0.20272308588027954,0.07238778471946716,2.3248627185821533,
13,38,0.5623264908790588,0.4050065875053406,0.156468003988266,8.5195894241333,
13,39,0.460786372423172,0.32635265588760376,0.13375140726566315,6.82323694229126,
13,40,0.2758837640285492,0.20411285758018494,0.07157759368419647,1.933228850364685,
13,41,0.6400496959686279,0.47769081592559814,0.1620108038187027,3.480865478515625,
13,42,0.42185792326927185,0.30015742778778076,0.12115214020013809,5.483486175537109,
13,43,0.3949486315250397,0.2780526876449585,0.11624177545309067,6.541587829589844,
13,44,0.34412437677383423,0.25550997257232666,0.08832824975252151,2.861565113067627,
13,45,0.3008607029914856,0.22775858640670776,0.07288536429405212,2.167416572570801,
13,46,0.36181554198265076,0.2617512047290802,0.09957417845726013,4.901596546173096,
13,47,0.43997976183891296,0.31723666191101074,0.12217320501804352,5.698996543884277,
13,48,0.4268927574157715,0.31256598234176636,0.1139007955789566,4.259979248046875,
13,49,0.7048870921134949,0.5402354001998901,0.1642857789993286,3.6592111587524414,
13,50,0.8512970805168152,0.6563794016838074,0.1944427490234375,4.74942684173584,
13,51,0.6450803875923157,0.48760873079299927,0.15713664889335632,3.350252628326416,
13,52,0.579375147819519,0.4357093274593353,0.1433320790529251,3.337526321411133,
13,53,0.43602994084358215,0.30940181016921997,0.12589210271835327,7.360398769378662,
13,54,0.3982960283756256,0.2804114520549774,0.11723732203245163,6.472476482391357,
13,55,0.8762487173080444,0.6587586998939514,0.2169536054134369,5.364656448364258,
13,56,0.5074605941772461,0.37166422605514526,0.13522662222385406,5.697486400604248,
13,57,0.5047872066497803,0.349712610244751,0.15438196063041687,6.926093578338623,
13,58,0.41110464930534363,0.30615589022636414,0.10473190993070602,2.1683127880096436,
13,59,0.7410747408866882,0.5535299777984619,0.1871422827243805,4.025295257568359,
13,60,0.5986924171447754,0.4451267123222351,0.15322937071323395,3.3636834621429443,
13,61,0.6777342557907104,0.5098735094070435,0.16750191152095795,3.5884902477264404,
13,62,0.45828208327293396,0.3247789740562439,0.1327955722808838,7.075499057769775,
13,63,0.4485323131084442,0.3268018960952759,0.1210971474647522,6.332660675048828,
13,64,0.2955177426338196,0.226021409034729,0.06922289729118347,2.734282970428467,
13,65,0.27555641531944275,0.2132539004087448,0.062136441469192505,1.6610064506530762,
13,66,0.4155654311180115,0.29960018396377563,0.11545973271131516,5.0550537109375,
13,67,0.47702598571777344,0.32950496673583984,0.1466367542743683,8.842665672302246,
13,68,0.43263673782348633,0.3126879334449768,0.11935858428478241,5.902066230773926,
13,69,0.6150590777397156,0.4392532706260681,0.17460042238235474,12.053816795349121,
13,70,0.7746670246124268,0.5878217220306396,0.1864495724439621,3.957134246826172,
13,71,1.2401331663131714,0.9433549046516418,0.29534339904785156,14.349480628967285,
13,72,0.6077354550361633,0.4148835241794586,0.19151940941810608,13.325495719909668,
13,73,0.3337232172489166,0.24383825063705444,0.08951856195926666,3.6642582416534424,
13,74,0.46209296584129333,0.316775918006897,0.14447875320911407,8.383140563964844,
13,75,0.46154066920280457,0.342370867729187,0.11892422288656235,2.455812692642212,
13,76,0.767684817314148,0.572594165802002,0.1946444809436798,4.462154865264893,
13,77,0.5095500349998474,0.3540450930595398,0.15476319193840027,7.417670726776123,
13,78,0.5855533480644226,0.4393627345561981,0.14586298167705536,3.2762975692749023,
13,79,0.6432479023933411,0.4817953109741211,0.16106772422790527,3.8488104343414307,
13,80,0.7293710708618164,0.5426418781280518,0.18611255288124084,6.166861534118652,
13,81,0.5576373338699341,0.41954076290130615,0.13778096437454224,3.156019687652588,
13,82,0.7184562087059021,0.5392698645591736,0.1787782460451126,4.0808820724487305,
13,83,0.27405622601509094,0.2096603512763977,0.06422461569309235,1.7126091718673706,
13,84,0.293549507856369,0.2256196141242981,0.06772387027740479,2.0602176189422607,
13,85,0.27589982748031616,0.21054445207118988,0.0651281476020813,2.2721993923187256,
13,86,0.4157765805721283,0.30302929878234863,0.11233013868331909,4.171465873718262,
13,87,0.3055848181247711,0.22721980512142181,0.07812213152647018,2.4288337230682373,
13,88,0.4471666216850281,0.3130052983760834,0.13331438601016998,8.469320297241211,
13,89,0.6615464687347412,0.45557916164398193,0.20424696803092957,17.20282745361328,
13,90,0.42775794863700867,0.3106524348258972,0.11666073650121689,4.4476094245910645,
13,91,0.5475757122039795,0.4054798483848572,0.14180275797843933,2.9311413764953613,
13,92,0.35807400941848755,0.25461214780807495,0.10290117561817169,5.607119083404541,
13,93,0.5034427046775818,0.3723830282688141,0.13077887892723083,2.8077077865600586,
13,94,0.43732425570487976,0.3156132698059082,0.12121539562940598,4.955958843231201,
13,95,0.3846384584903717,0.2823386788368225,0.10209017992019653,2.0961337089538574,
13,96,0.3307618498802185,0.23970308899879456,0.09067818522453308,3.8057661056518555,
13,97,0.29294753074645996,0.22051528096199036,0.07220353931188583,2.286943197250366,
13,98,0.41791778802871704,0.30535775423049927,0.11199941486120224,5.606226921081543,
13,99,0.41520756483078003,0.30388328433036804,0.11089980602264404,4.244837284088135,
13,100,0.8045843839645386,0.6151831150054932,0.1889045238494873,4.967390060424805,
14,1,0.8306153416633606,0.6345819234848022,0.19558638334274292,4.470419883728027,
14,2,0.5033771395683289,0.37318646907806396,0.1299063265323639,2.8434741497039795,
14,3,0.4549022912979126,0.3250221610069275,0.12930701673030853,5.731018543243408,
14,4,0.34200575947761536,0.2542503774166107,0.08744703978300095,3.0833115577697754,
14,5,0.8342223167419434,0.627173662185669,0.20656906068325043,4.79574728012085,
14,6,0.581444501876831,0.40910497307777405,0.17125505208969116,10.844386100769043,
14,7,0.43079182505607605,0.3110990524291992,0.11911232769489288,5.804706573486328,
14,8,0.513245165348053,0.3777695298194885,0.13518036901950836,2.952770709991455,
14,9,0.33120888471603394,0.23812571167945862,0.09270156919956207,3.8158445358276367,
14,10,0.6499000787734985,0.48208415508270264,0.1674492359161377,3.6667304039001465,
14,11,0.6201075315475464,0.46276116371154785,0.15701192617416382,3.3446571826934814,
14,12,0.5246812105178833,0.3894907832145691,0.13487936556339264,3.110867500305176,
14,13,0.420112282037735,0.2918182611465454,0.12753137946128845,7.6263957023620605,
14,14,0.27683335542678833,0.2091878354549408,0.06746823340654373,1.7730817794799805,
14,15,0.5334954261779785,0.38111579418182373,0.15121403336524963,11.656275749206543,
14,16,0.6491780877113342,0.4892292022705078,0.15960131585597992,3.4752776622772217,
14,17,0.5279287695884705,0.3727042078971863,0.15447969734668732,7.448861598968506,
14,18,0.44775450229644775,0.3208792209625244,0.12635093927383423,5.243496417999268,
14,19,0.5605579018592834,0.3927363157272339,0.1669449806213379,8.766329765319824,
14,20,0.36416396498680115,0.2697271704673767,0.0940452516078949,3.9153525829315186,
14,21,0.5328472256660461,0.376411497592926,0.1556880623102188,7.476668357849121,
14,22,0.388187438249588,0.2762053608894348,0.11133352667093277,6.485723495483398,
14,23,0.847887396812439,0.6462005376815796,0.20121601223945618,4.708708763122559,
14,24,0.38896849751472473,0.2900112271308899,0.09875494986772537,2.0232980251312256,
14,25,0.42979511618614197,0.3140786290168762,0.11524482071399689,4.716892719268799,
14,26,0.34343862533569336,0.2577230930328369,0.08536934852600098,3.461789846420288,
14,27,0.8406403660774231,0.6405764818191528,0.19960066676139832,4.631942272186279,
14,28,0.8477031588554382,0.6418733596801758,0.2053004503250122,5.293776035308838,
14,29,0.38511908054351807,0.2846173048019409,0.10029515624046326,2.0660834312438965,
14,30,0.7790430784225464,0.5829263925552368,0.19565674662590027,4.599316596984863,
14,31,0.5089249610900879,0.37764087319374084,0.13099685311317444,2.872251510620117,
14,32,0.8312221169471741,0.6187342405319214,0.21185989677906036,6.2798027992248535,
14,33,0.6527527570724487,0.48545390367507935,0.16693177819252014,3.6704816818237305,
14,34,0.45217734575271606,0.31123918294906616,0.1400998830795288,8.382917404174805,
14,35,0.575717031955719,0.42692142724990845,0.1484650820493698,3.305246353149414,
14,36,0.3733583390712738,0.27062562108039856,0.10230551660060883,4.272239685058594,
14,37,0.35611286759376526,0.26266855001449585,0.09312217682600021,3.221436023712158,
14,38,0.6970341205596924,0.5179581642150879,0.17863062024116516,4.453803062438965,
14,39,0.620832085609436,0.4654272794723511,0.15499648451805115,4.082798480987549,
14,40,0.8434012532234192,0.6353057622909546,0.20762018859386444,4.752980709075928,
14,41,0.5375279188156128,0.3768731951713562,0.15991555154323578,7.391857147216797,
14,42,0.431916743516922,0.31163322925567627,0.1198679655790329,4.155263900756836,
14,43,0.34333378076553345,0.25107043981552124,0.09188921749591827,3.7413489818573,
14,44,0.5576831698417664,0.39366859197616577,0.16324548423290253,7.690630912780762,
14,45,0.2676534354686737,0.20214301347732544,0.06531129777431488,1.991122841835022,
14,46,1.3878282308578491,0.9918490648269653,0.39068302512168884,52.9608268737793,
14,47,0.8653067350387573,0.6491698026657104,0.21564100682735443,4.958864688873291,
14,48,0.7104120254516602,0.5220732092857361,0.18791671097278595,4.221128463745117,
14,49,0.589197039604187,0.39330756664276123,0.19440968334674835,14.798262596130371,
14,50,0.5215269327163696,0.3809366226196289,0.14026904106140137,3.212892770767212,
14,51,0.6209969520568848,0.4235345125198364,0.1962718963623047,11.905372619628906,
14,52,0.3376498818397522,0.24817006289958954,0.08915210515260696,3.276973009109497,
14,53,0.8538941144943237,0.6564556956291199,0.1969539076089859,4.845156192779541,
14,54,0.329306036233902,0.245182603597641,0.08381602168083191,3.0739898681640625,
14,55,0.547783374786377,0.3986642360687256,0.14775526523590088,13.638887405395508,
14,56,0.34382620453834534,0.2525361180305481,0.09090201556682587,3.8806328773498535,
14,57,0.5171444416046143,0.3908615708351135,0.1259935200214386,2.8934998512268066,
14,58,0.7947179675102234,0.6194998025894165,0.17478108406066895,4.370594501495361,
14,59,0.7105376124382019,0.5471524000167847,0.16298526525497437,3.9995129108428955,
14,60,0.5884509682655334,0.44507989287376404,0.14301104843616486,3.599982738494873,
14,61,0.906326949596405,0.5450711846351624,0.35655659437179565,46.99175262451172,
14,62,0.5588361620903015,0.4160434901714325,0.14249233901500702,3.003526449203491,
14,63,0.4214648902416229,0.3081207275390625,0.11282515525817871,5.190169334411621,
14,64,0.4542691111564636,0.3303905129432678,0.12330730259418488,5.713197708129883,
14,65,0.4264657199382782,0.3085799813270569,0.11763499677181244,2.5071890354156494,
14,66,0.42863136529922485,0.3127921521663666,0.11535944044589996,4.797576427459717,
14,67,0.6338962316513062,0.46708816289901733,0.16635125875473022,4.56788969039917,
14,68,0.44133222103118896,0.3235081434249878,0.11758832633495331,2.357229471206665,
14,69,0.7269010543823242,0.562110185623169,0.1644066721200943,3.842068910598755,
14,70,0.8642078042030334,0.6825839281082153,0.1811974197626114,4.264835357666016,
14,71,0.70512855052948,0.5403118133544922,0.1644504964351654,3.661841630935669,
14,72,0.3800515830516815,0.2760388255119324,0.10358555614948273,4.272109031677246,
14,73,0.5493605136871338,0.3696625828742981,0.17844265699386597,12.553025245666504,
14,74,0.29123589396476746,0.21047519147396088,0.08053743094205856,2.2326877117156982,
14,75,0.49529141187667847,0.35554254055023193,0.1387917399406433,9.571459770202637,
14,76,0.5717679858207703,0.4282945394515991,0.14276352524757385,7.099696159362793,
14,77,0.41630274057388306,0.2981661558151245,0.11757590621709824,5.606601715087891,
14,78,0.5154666900634766,0.37478458881378174,0.1403721421957016,3.0993611812591553,
14,79,0.9239940643310547,0.7003222703933716,0.2231283336877823,5.4344892501831055,
14,80,0.45403584837913513,0.32449525594711304,0.1292797029018402,2.6087749004364014,
14,81,0.6098726391792297,0.44356387853622437,0.16594526171684265,3.635514736175537,
14,82,0.45212823152542114,0.31588631868362427,0.1355007290840149,7.41182279586792,
14,83,0.5854762196540833,0.42765843868255615,0.15748068690299988,3.370574712753296,
14,84,0.7708552479743958,0.5747389793395996,0.1956966668367386,4.1960272789001465,
14,85,0.7040860652923584,0.5260003805160522,0.17767947912216187,4.062215328216553,
14,86,0.3626846671104431,0.2624882459640503,0.09976902604103088,4.273892879486084,
14,87,0.621055543422699,0.4633941948413849,0.15731802582740784,3.43338680267334,
14,88,0.4755270183086395,0.34067434072494507,0.13419109582901,6.615896701812744,
14,89,0.4178970456123352,0.31433552503585815,0.1033501997590065,2.1131954193115234,
14,90,0.8437683582305908,0.6487401127815247,0.19457556307315826,4.527074337005615,
14,91,0.27511826157569885,0.2115287482738495,0.06338539719581604,2.0412187576293945,
14,92,0.8781129717826843,0.6671575903892517,0.2104574739933014,4.978870391845703,
14,93,0.6419615149497986,0.4878568649291992,0.15375612676143646,3.4847917556762695,
14,94,0.28527015447616577,0.2198716700077057,0.06521102786064148,1.8744274377822876,
14,95,0.641976535320282,0.4831262528896332,0.15848791599273682,3.623318910598755,
14,96,0.4987890422344208,0.34397655725479126,0.1538289487361908,9.835373878479004,
14,97,0.3365665078163147,0.24521735310554504,0.09095221012830734,3.9695050716400146,
14,98,0.43969497084617615,0.31898656487464905,0.12027904391288757,4.293580532073975,
14,99,0.8807485103607178,0.6582685708999634,0.22191789746284485,5.620869159698486,
14,100,0.6906903982162476,0.5107072591781616,0.17952492833137512,4.5825886726379395,
15,1,0.7803775668144226,0.5806198120117188,0.1992621272802353,4.956284999847412,
15,2,0.8369970321655273,0.6218702793121338,0.2146083414554596,5.184418678283691,
15,3,0.2751661539077759,0.20505662262439728,0.06990580260753632,2.0372872352600098,
15,4,0.27436453104019165,0.2048652470111847,0.0693233460187912,1.7596664428710938,
15,5,0.7903459072113037,0.5835127830505371,0.20638027787208557,4.528685092926025,
15,6,0.48739320039749146,0.3572582006454468,0.12986212968826294,2.7287425994873047,
15,7,0.5761527419090271,0.4227842688560486,0.15301984548568726,3.4865262508392334,
15,8,0.6838860511779785,0.501968264579773,0.1814645677804947,4.532291889190674,
15,9,0.46739429235458374,0.32536616921424866,0.1413448452949524,6.832899570465088,
15,10,0.45187512040138245,0.3173086643218994,0.1339266002178192,6.398619651794434,
15,11,0.5823507905006409,0.4371451437473297,0.1448906809091568,3.149759292602539,
15,12,0.6144710779190063,0.4362140893936157,0.17727361619472504,9.833398818969727,
15,13,0.47475212812423706,0.33899402618408203,0.13492143154144287,8.366764068603516,
15,14,0.407869815826416,0.3036783039569855,0.10379168391227722,3.9981420040130615,
15,15,0.5103525519371033,0.387461394071579,0.1226368248462677,2.543208599090576,
15,16,0.29167798161506653,0.2223891317844391,0.0690675675868988,2.2128593921661377,
15,17,0.4119294285774231,0.2958478033542633,0.11557992547750473,5.01695442199707,
15,18,0.3672424554824829,0.27283236384391785,0.09400372207164764,4.063702583312988,
15,19,0.5558120012283325,0.4148039221763611,0.14069746434688568,3.1060593128204346,
15,20,0.5298915505409241,0.3929591774940491,0.13662952184677124,3.028580665588379,
15,21,0.29804980754852295,0.22738385200500488,0.07046347856521606,2.0247955322265625,
15,22,0.275600403547287,0.2091619372367859,0.06623165309429169,2.0678787231445312,
15,23,0.343655526638031,0.2467537224292755,0.0964856892824173,4.16103982925415,
15,24,0.3774767220020294,0.2727776765823364,0.10426178574562073,4.37245512008667,
15,25,0.3527217507362366,0.2579115033149719,0.0944269448518753,3.8333160877227783,
15,26,0.27741068601608276,0.2043566256761551,0.07282766699790955,2.263660192489624,
15,27,0.5042333602905273,0.37299156188964844,0.13096535205841064,2.7643322944641113,
15,28,0.43551942706108093,0.31200188398361206,0.12291611731052399,6.014496326446533,
15,29,0.5215950608253479,0.38657915592193604,0.13474467396736145,2.712754964828491,
15,30,0.4578009843826294,0.3205196261405945,0.13657128810882568,7.100832462310791,
15,31,0.3451176583766937,0.25098007917404175,0.09374180436134338,3.9578001499176025,
15,32,0.3600466549396515,0.265694797039032,0.09394241869449615,4.094484806060791,
15,33,0.5898494720458984,0.4112216830253601,0.1776159703731537,10.118422508239746,
15,34,0.32570815086364746,0.23754659295082092,0.08759087324142456,5.7067694664001465,
15,35,0.42154988646507263,0.3047037720680237,0.11625248193740845,5.936213493347168,
15,36,0.6522092223167419,0.4924701750278473,0.1593930721282959,3.459961414337158,
15,37,0.8336190581321716,0.6349459886550903,0.19820524752140045,4.678355693817139,
15,38,0.6197500228881836,0.4607919156551361,0.15859070420265198,3.674060821533203,
15,39,0.6600684523582458,0.4938022792339325,0.16590923070907593,3.5697579383850098,
15,40,0.27908286452293396,0.20574238896369934,0.07310804724693298,2.324143171310425,
15,41,0.355072021484375,0.2615862786769867,0.09315142035484314,3.3433728218078613,
15,42,0.7013744711875916,0.5185150504112244,0.18240559101104736,4.538147926330566,
15,43,0.531758189201355,0.3911646604537964,0.14029990136623383,2.9362075328826904,
15,44,0.35203367471694946,0.2583432197570801,0.09336723387241364,3.232501983642578,
15,45,0.7331712245941162,0.5458748936653137,0.18686816096305847,4.281845569610596,
15,46,0.44644853472709656,0.3180232048034668,0.12789086997509003,5.344320774078369,
15,47,0.47832542657852173,0.3539213538169861,0.12414708733558655,2.5699377059936523,
15,48,0.4887605309486389,0.36130622029304504,0.12715241312980652,3.019033432006836,
15,49,0.41581031680107117,0.30081138014793396,0.11458680033683777,4.121433258056641,
15,50,0.660279393196106,0.48826879262924194,0.17151881754398346,4.9177327156066895,
15,51,0.7060078978538513,0.5232549905776978,0.182176411151886,5.765187740325928,
15,52,0.3091251850128174,0.23070558905601501,0.07818086445331573,2.387187957763672,
15,53,0.3988543748855591,0.2945493459701538,0.10408452153205872,2.2052061557769775,
15,54,0.4286918342113495,0.3058168292045593,0.12218186259269714,6.9314775466918945,
15,55,0.44672179222106934,0.3201494514942169,0.1259341835975647,6.3815598487854,
15,56,0.669836163520813,0.46412962675094604,0.2042820155620575,14.245622634887695,
15,57,0.6823933124542236,0.5114898681640625,0.1704767644405365,4.266206741333008,
15,58,0.5537343621253967,0.4122188091278076,0.14119791984558105,3.1762137413024902,
15,59,0.4532119333744049,0.31619536876678467,0.13615547120571136,8.61065673828125,
15,60,0.7690287828445435,0.5707699060440063,0.19765989482402802,5.9894490242004395,
15,61,0.7537629008293152,0.5606020092964172,0.1927352249622345,4.256175518035889,
15,62,0.5140921473503113,0.35129958391189575,0.16195136308670044,8.411808967590332,
15,63,0.2985396683216095,0.22078539431095123,0.07744260877370834,3.1166815757751465,
15,64,0.33994215726852417,0.24119001626968384,0.09831643849611282,4.3572163581848145,
15,65,0.6088171005249023,0.45126134157180786,0.15721909701824188,3.366229772567749,
15,66,0.6152104139328003,0.4544694423675537,0.16038605570793152,3.549031972885132,
15,67,0.33670082688331604,0.23465639352798462,0.10143502056598663,6.094408988952637,
15,68,0.4565848708152771,0.3192211985588074,0.1367216408252716,6.42034912109375,
15,69,0.7158763408660889,0.5360311269760132,0.17939452826976776,4.506679058074951,
15,70,0.4210084080696106,0.2960311770439148,0.1243261769413948,6.510467529296875,
15,71,0.29257404804229736,0.22520101070404053,0.06717632710933685,1.967076301574707,
15,72,0.6731844544410706,0.5102134943008423,0.16261820495128632,3.527331829071045,
15,73,0.8672036528587341,0.6613929271697998,0.20532453060150146,4.8618245124816895,
15,74,0.40972745418548584,0.30797380208969116,0.10154370963573456,2.099362850189209,
15,75,0.674528181552887,0.5049957036972046,0.16910812258720398,4.243267059326172,
15,76,0.4276805818080902,0.3020343780517578,0.12507985532283783,5.663349628448486,
15,77,0.5938681364059448,0.40455079078674316,0.18821008503437042,11.072507858276367,
15,78,0.5504972338676453,0.4110957980155945,0.13912123441696167,2.8019964694976807,
15,79,0.45113813877105713,0.31539976596832275,0.13508453965187073,6.538288116455078,
15,80,0.5992137789726257,0.44951850175857544,0.14938154816627502,3.136920213699341,
15,81,0.2696419954299927,0.20667488873004913,0.06280517578125,1.6193351745605469,
15,82,0.6847944855690002,0.5123748779296875,0.1720292568206787,3.9036991596221924,
15,83,0.3504258990287781,0.2622298002243042,0.08789046853780746,3.0563535690307617,
15,84,0.4551641047000885,0.32442399859428406,0.13015320897102356,5.869057655334473,
15,85,0.4182557165622711,0.30112218856811523,0.11670322716236115,4.303079128265381,
15,86,0.4057200253009796,0.2971001863479614,0.10820098221302032,4.188755989074707,
15,87,0.5396217107772827,0.4010623097419739,0.13827922940254211,2.801576614379883,
15,88,0.42699572443962097,0.28827977180480957,0.13784998655319214,8.659515380859375,
15,89,0.3437356650829315,0.2542051076889038,0.08924202620983124,2.885211706161499,
15,90,0.38608402013778687,0.27683061361312866,0.10868749022483826,5.659136772155762,
15,91,0.300687700510025,0.22355687618255615,0.07690198719501495,2.2884347438812256,
15,92,0.6848879456520081,0.5057153105735779,0.17870163917541504,4.709833145141602,
15,93,0.46436595916748047,0.3168618679046631,0.14668995141983032,8.14132308959961,
15,94,0.3004179298877716,0.22151005268096924,0.0786714181303978,2.3646469116210938,
15,95,0.4126969873905182,0.2874075174331665,0.12471272796392441,5.767217636108398,
15,96,0.2851393222808838,0.20933690667152405,0.07555533945560455,2.4707608222961426,
15,97,0.6474738121032715,0.4785250425338745,0.16858994960784912,3.5883023738861084,
15,98,0.5739760994911194,0.4207759499549866,0.15287654101848602,3.2356791496276855,
15,99,0.9083997011184692,0.683713436126709,0.22408729791641235,5.989616394042969,
15,100,0.3893311619758606,0.28379154205322266,0.1051274761557579,4.12145471572876,
16,1,0.5824796557426453,0.4311147630214691,0.15102998912334442,3.3489527702331543,
16,2,0.30022621154785156,0.22086745500564575,0.0791291818022728,2.295619487762451,
16,3,0.4492757022380829,0.31983482837677,0.12886115908622742,5.797023773193359,
16,4,0.44379085302352905,0.31128233671188354,0.13169822096824646,8.103006362915039,
16,5,0.5793113708496094,0.4274313747882843,0.15154656767845154,3.3342134952545166,
16,6,0.3574734330177307,0.2576504051685333,0.09938816726207733,4.348634243011475,
16,7,0.7543163895606995,0.5637763738632202,0.19011381268501282,4.26228141784668,
16,8,0.5127232074737549,0.3777889311313629,0.13462330400943756,3.1092941761016846,
16,9,0.7508662343025208,0.5618335604667664,0.1885415017604828,4.912248134613037,
16,10,0.3509610891342163,0.2569389045238495,0.09369473159313202,3.274578332901001,
16,11,0.41612207889556885,0.2905738949775696,0.1249646246433258,5.835576057434082,
16,12,0.599128007888794,0.44313496351242065,0.15561145544052124,3.8159213066101074,
16,13,0.35181957483291626,0.24995630979537964,0.10136300325393677,5.002544403076172,
16,14,0.6310442686080933,0.44647565484046936,0.18261116743087769,19.574254989624023,
16,15,0.3537460267543793,0.25123974680900574,0.1019756868481636,5.306131839752197,
16,16,0.7634050846099854,0.5724788308143616,0.19052287936210632,4.034308910369873,
16,17,0.5601715445518494,0.4151143431663513,0.1447347104549408,3.2252843379974365,
16,18,0.631554901599884,0.47073304653167725,0.16047731041908264,3.4460062980651855,
16,19,0.3062770962715149,0.2237003743648529,0.08232276141643524,2.5397775173187256,
16,20,0.7884356379508972,0.5920271873474121,0.19593200087547302,4.763908863067627,
16,21,0.4427511692047119,0.3155118227005005,0.12655453383922577,6.84811544418335,
16,22,0.780051052570343,0.553978681564331,0.22465652227401733,14.15873908996582,
16,23,0.4608078598976135,0.31982818245887756,0.14026585221290588,7.138238430023193,
16,24,0.3913843035697937,0.28032439947128296,0.11082691699266434,2.3298892974853516,
16,25,0.4103204011917114,0.28262579441070557,0.12709133327007294,6.0325846672058105,
16,26,0.4272489547729492,0.29651913046836853,0.12992168962955475,8.08126163482666,
16,27,0.5393555164337158,0.386054128408432,0.15257224440574646,7.291149616241455,
16,28,0.6269755363464355,0.4610373377799988,0.16555331647396088,3.848572015762329,
16,29,0.3576889634132385,0.2535841464996338,0.10359640419483185,5.084192752838135,
16,30,0.389898419380188,0.2834247350692749,0.10625695437192917,2.167335033416748,
16,31,0.5502264499664307,0.4072047770023346,0.14273452758789062,2.8716583251953125,
16,32,0.8819975852966309,0.6667929291725159,0.2146512269973755,5.534382343292236,
16,33,0.6940932869911194,0.5219120979309082,0.17179958522319794,3.8156378269195557,
16,34,0.33717799186706543,0.2486850619316101,0.08821439743041992,2.7854232788085938,
16,35,0.3008098900318146,0.22124215960502625,0.07933111488819122,2.3661398887634277,
16,36,0.4642956554889679,0.32931095361709595,0.1342819333076477,7.027807712554932,
16,37,0.6988310813903809,0.519935131072998,0.17850542068481445,3.905123233795166,
16,38,0.4029454290866852,0.28262659907341003,0.11977112293243408,5.477113723754883,
16,39,0.8243643641471863,0.624716579914093,0.19918173551559448,4.660676002502441,
16,40,0.2963484227657318,0.221353679895401,0.07476259022951126,2.321604013442993,
16,41,0.756464958190918,0.5644201040267944,0.19161845743656158,4.264003753662109,
16,42,0.30277159810066223,0.22306202352046967,0.07947525382041931,2.343503475189209,
16,43,0.44246095418930054,0.3090702295303345,0.1325843632221222,8.063605308532715,
16,44,0.41219276189804077,0.2912827432155609,0.12038707733154297,5.229343891143799,
16,45,0.4186237156391144,0.28614771366119385,0.13156011700630188,9.15896224975586,
16,46,0.27432525157928467,0.20530465245246887,0.06884618103504181,1.7440485954284668,
16,47,0.3491959869861603,0.2586755156517029,0.0902278795838356,2.9258980751037598,
16,48,1.2337309122085571,0.7728019952774048,0.4541393518447876,67.89608001708984,
16,49,0.45743200182914734,0.3134085536003113,0.14304669201374054,9.76783275604248,
16,50,0.2940569221973419,0.22246551513671875,0.07137476652860641,2.166318655014038,
16,51,0.7647769451141357,0.557783305644989,0.20652078092098236,4.728229522705078,
16,52,0.46225300431251526,0.3356706500053406,0.12632495164871216,2.5739450454711914,
16,53,0.3537842929363251,0.2525762915611267,0.10072500258684158,4.830202102661133,
16,54,0.875281810760498,0.6306105852127075,0.2440090775489807,6.621616840362549,
16,55,0.645135760307312,0.4672453999519348,0.17750325798988342,3.8707621097564697,
16,56,0.716162919998169,0.5178432464599609,0.19778522849082947,5.344069957733154,
16,57,0.5483930110931396,0.4008755385875702,0.14720335602760315,3.140988826751709,
16,58,0.8115448951721191,0.593097984790802,0.21779152750968933,6.553892612457275,
16,59,0.2724892497062683,0.21014541387557983,0.062177278101444244,1.6655395030975342,
16,60,0.8178195357322693,0.607855498790741,0.20943424105644226,5.298219680786133,
16,61,0.5748891830444336,0.37766578793525696,0.19608238339424133,11.410110473632812,
16,62,0.6782810091972351,0.5216588973999023,0.15628066658973694,3.4146549701690674,
16,63,0.6569408774375916,0.5084366798400879,0.1481829583644867,3.212331771850586,
16,64,0.6403173208236694,0.49583303928375244,0.1441439688205719,3.4035987854003906,
16,65,0.43348202109336853,0.3221946954727173,0.11074037849903107,5.469723224639893,
16,66,0.780683159828186,0.6146075129508972,0.16571393609046936,3.616521120071411,
16,67,0.3186160624027252,0.24842804670333862,0.06998085975646973,2.0714850425720215,
16,68,0.7698679566383362,0.604662299156189,0.16485029458999634,3.553600788116455,
16,69,0.3751157820224762,0.2872275114059448,0.08755624294281006,3.3203845024108887,
16,70,0.4320313036441803,0.31453487277030945,0.11696846783161163,5.279520034790039,
16,71,0.5532159805297852,0.4126959443092346,0.14021416008472443,3.0590288639068604,
16,72,0.31347784399986267,0.23440459370613098,0.0788540244102478,2.1923139095306396,
16,73,0.9358345866203308,0.7040592432022095,0.2310415357351303,7.337646484375,
16,74,0.7997080087661743,0.5959043502807617,0.20334096252918243,4.627005577087402,
16,75,0.5303968191146851,0.3769245743751526,0.15265756845474243,8.147026062011719,
16,76,0.6356138586997986,0.4549187421798706,0.1802852898836136,4.098373889923096,
16,77,0.5430386066436768,0.4009029269218445,0.14152124524116516,6.1443281173706055,
16,78,0.5472840070724487,0.38431668281555176,0.16264355182647705,3.2379648685455322,
16,79,0.519629716873169,0.3635609447956085,0.15573278069496155,3.359671115875244,
16,80,0.2981356978416443,0.20656956732273102,0.09131459891796112,2.5153262615203857,
16,81,0.4906212091445923,0.34696561098098755,0.14335967600345612,2.9592981338500977,
16,82,0.4225001931190491,0.2959824800491333,0.12580139935016632,7.163228511810303,
16,83,0.4241129755973816,0.30718570947647095,0.11650732159614563,4.19940710067749,
16,84,0.4216116964817047,0.31245100498199463,0.10879017412662506,3.7054598331451416,
16,85,0.7807151675224304,0.5998759269714355,0.1803913712501526,4.47873592376709,
16,86,0.49268853664398193,0.36724889278411865,0.12490169703960419,5.379281044006348,
16,87,0.7953563928604126,0.6143299341201782,0.18054884672164917,4.7758941650390625,
16,88,0.6655954122543335,0.4954812526702881,0.16945265233516693,6.6152191162109375,
16,89,0.594215452671051,0.43113043904304504,0.16214533150196075,9.396533012390137,
16,90,0.7803473472595215,0.5954080820083618,0.18446728587150574,4.7197160720825195,
16,91,0.5729857087135315,0.41004514694213867,0.16203847527503967,9.021431922912598,
16,92,0.6077329516410828,0.4325372576713562,0.1741885542869568,10.071348190307617,
16,93,0.6326351165771484,0.4710000157356262,0.1612764149904251,3.5871317386627197,
16,94,0.651695966720581,0.48017776012420654,0.1711394190788269,3.7878105640411377,
16,95,0.36986464262008667,0.25661158561706543,0.11265365779399872,5.993829727172852,
16,96,0.45370760560035706,0.31777694821357727,0.1352563500404358,6.7432074546813965,
16,97,0.3064744472503662,0.2338569164276123,0.07239733636379242,2.201846122741699,
16,98,0.565665066242218,0.4115937650203705,0.15371330082416534,3.579716682434082,
16,99,0.6320470571517944,0.46085458993911743,0.17078863084316254,4.038197994232178,
16,100,0.6290804147720337,0.451045423746109,0.17753548920154572,4.995137691497803,
17,1,0.7910811305046082,0.5810513496398926,0.2095603197813034,4.694223880767822,
17,2,0.30171188712120056,0.2450457066297531,0.05651633068919182,1.4985780715942383,
17,3,0.2771941125392914,0.22179366648197174,0.05525632202625275,1.4412637948989868,
17,4,0.6306832432746887,0.4743173122406006,0.15601232647895813,3.5366368293762207,
17,5,0.5703322887420654,0.4359893202781677,0.13405251502990723,2.9045865535736084,
17,6,0.838361382484436,0.6297034621238708,0.20819205045700073,4.658710479736328,
17,7,0.42332836985588074,0.3091096878051758,0.1138220950961113,3.9659337997436523,
17,8,0.6072596311569214,0.46208518743515015,0.1448267102241516,3.4770450592041016,
17,9,0.7403323650360107,0.5596603751182556,0.18027183413505554,4.001688480377197,
17,10,0.2957681715488434,0.2454286515712738,0.05018974840641022,1.497652530670166,
17,11,0.46359288692474365,0.31806880235671997,0.14479422569274902,7.298696517944336,
17,12,0.477984219789505,0.3233788311481476,0.15365438163280487,9.51014518737793,
17,13,0.608123242855072,0.3880697190761566,0.21886694431304932,11.865625381469727,
17,14,0.4993373453617096,0.33608895540237427,0.16219770908355713,10.506815910339355,
17,15,0.8461042642593384,0.6225266456604004,0.2230057418346405,5.7187581062316895,
17,16,0.7037319540977478,0.5222467184066772,0.18109773099422455,3.8747875690460205,
17,17,0.387965589761734,0.2887565493583679,0.09884428232908249,3.6475718021392822,
17,18,0.39833107590675354,0.29865318536758423,0.09945818781852722,2.1970133781433105,
17,19,0.583830714225769,0.41582372784614563,0.16713052988052368,8.764362335205078,
17,20,0.7151069045066833,0.5488101243972778,0.16591277718544006,3.8400533199310303,
17,21,0.32753291726112366,0.253752738237381,0.07354043424129486,2.3974788188934326,
17,22,0.5884755849838257,0.44355136156082153,0.1446152925491333,3.089242696762085,
17,23,0.34636104106903076,0.2638005018234253,0.08230556547641754,2.5499134063720703,
17,24,0.7560310363769531,0.574455201625824,0.18117821216583252,3.976146697998047,
17,25,0.3308553695678711,0.24206151068210602,0.08844764530658722,3.4622130393981934,
17,26,0.830193817615509,0.6317920684814453,0.1979404091835022,4.613282680511475,
17,27,0.5715078115463257,0.4245975613594055,0.1465863585472107,3.2391984462738037,
17,28,0.8740168809890747,0.660320520401001,0.21319398283958435,5.02363395690918,
17,29,0.402631551027298,0.2860017716884613,0.1163928434252739,2.369382381439209,
17,30,0.4059780538082123,0.2872995436191559,0.11819779872894287,4.807245254516602,
17,31,0.8270517587661743,0.6014693975448608,0.22350263595581055,20.797327041625977,
17,32,0.42315688729286194,0.30086636543273926,0.12170013785362244,5.903820037841797,
17,33,0.27072662115097046,0.19421036541461945,0.07629340142011642,2.2287402153015137,
17,34,0.4674456715583801,0.33900904655456543,0.1278328001499176,6.038246154785156,
17,35,0.3518766164779663,0.2579009532928467,0.09365205466747284,3.2359135150909424,
17,36,0.523149311542511,0.37800782918930054,0.14483651518821716,3.049748420715332,
17,37,0.8721444010734558,0.6558728814125061,0.2157326489686966,5.388571262359619,
17,38,0.8179879784584045,0.6091475486755371,0.20826897025108337,5.7142181396484375,
17,39,0.6076958179473877,0.4443453550338745,0.1629677712917328,3.826890707015991,
17,40,0.6076911687850952,0.4408320486545563,0.16646543145179749,3.9371535778045654,
17,41,0.6232746839523315,0.45403367280960083,0.16887640953063965,3.6460018157958984,
17,42,0.5337443351745605,0.3875563442707062,0.14588013291358948,3.0787582397460938,
17,43,0.6284042596817017,0.4408072233200073,0.18541565537452698,21.814001083374023,
17,44,0.7182013392448425,0.5339363217353821,0.1838298738002777,4.351551532745361,
17,45,0.3540005087852478,0.266421914100647,0.08727209270000458,3.064997911453247,
17,46,0.7672664523124695,0.5747768878936768,0.1920786201953888,4.109461307525635,
17,47,0.8321410417556763,0.631460428237915,0.20017318427562714,5.073954105377197,
17,48,0.464336097240448,0.3305647671222687,0.1328490674495697,9.222755432128906,
17,49,0.668976902961731,0.48220956325531006,0.18603834509849548,7.289531230926514,
17,50,0.35249608755111694,0.2529839873313904,0.09907828271389008,4.337923049926758,
17,51,0.7588291168212891,0.5644314289093018,0.1939680576324463,4.296437740325928,
17,52,0.5135210156440735,0.3741104006767273,0.13912199437618256,2.88631272315979,
17,53,0.609358549118042,0.4450223743915558,0.1639517843723297,3.8436279296875,
17,54,0.8110896348953247,0.6019186973571777,0.20859955251216888,5.7137651443481445,
17,55,0.4185956120491028,0.30004554986953735,0.11812759935855865,4.224820137023926,
17,56,0.3730231523513794,0.27385497093200684,0.09874272346496582,4.254574775695801,
17,57,0.6228013038635254,0.4581204056739807,0.1643296480178833,3.5122132301330566,
17,58,0.40346720814704895,0.29251283407211304,0.11072682589292526,2.2752914428710938,
17,59,0.6675417423248291,0.48642677068710327,0.1806066632270813,5.082956790924072,
17,60,0.60382080078125,0.44692426919937134,0.15652810037136078,3.6839301586151123,
17,61,0.41857072710990906,0.2920999825000763,0.12590253353118896,5.682214260101318,
17,62,0.6376011967658997,0.47168612480163574,0.1655380129814148,3.770834445953369,
17,63,0.43145447969436646,0.30594131350517273,0.12490105628967285,6.121121406555176,
17,64,0.3581685423851013,0.26772916316986084,0.09009847044944763,3.409015655517578,
17,65,0.35643503069877625,0.2585093379020691,0.09743166714906693,4.940321445465088,
17,66,0.7747624516487122,0.5843704342842102,0.18999376893043518,3.982142210006714,
17,67,0.7644029259681702,0.5762569904327393,0.18774309754371643,4.028763771057129,
17,68,0.45129913091659546,0.31658056378364563,0.13394533097743988,7.7325544357299805,
17,69,0.5233898758888245,0.38667726516723633,0.1364409625530243,2.7161271572113037,
17,70,0.5316241383552551,0.3902322053909302,0.1411004513502121,2.914426326751709,
17,71,0.3926084637641907,0.2836727499961853,0.10848893970251083,4.467789649963379,
17,72,0.5788028836250305,0.42385920882225037,0.15461423993110657,3.2946174144744873,
17,73,0.550822913646698,0.4022206664085388,0.14828988909721375,3.123969316482544,
17,74,0.7318755388259888,0.5430170297622681,0.18843388557434082,4.246306896209717,
17,75,0.4389289319515228,0.31201106309890747,0.1264542043209076,4.6367387771606445,
17,76,0.5547937154769897,0.38320720195770264,0.17069533467292786,8.912141799926758,
17,77,0.5407704710960388,0.3988454341888428,0.14164364337921143,2.813946008682251,
17,78,0.5853060483932495,0.4057776927947998,0.1783221960067749,12.061847686767578,
17,79,0.602351725101471,0.39432746171951294,0.20632818341255188,16.960790634155273,
17,80,0.8751445412635803,0.6587398648262024,0.2158811390399933,5.234950065612793,
17,81,0.5059924721717834,0.3757964074611664,0.12991110980510712,2.849926710128784,
17,82,0.7294923663139343,0.5447765588760376,0.184313103556633,4.026607990264893,
17,83,0.31069570779800415,0.22700634598731995,0.08341751992702484,2.718581438064575,
17,84,0.7075291275978088,0.5269407033920288,0.18019147217273712,3.969372272491455,
17,85,0.7396590113639832,0.553604006767273,0.18566428124904633,3.9071075916290283,
17,86,0.41263270378112793,0.28936827182769775,0.12253151834011078,7.328885078430176,
17,87,0.44732439517974854,0.312652587890625,0.13401517271995544,6.56633186340332,
17,88,0.42025336623191833,0.30208075046539307,0.11774426698684692,4.2834553718566895,
17,89,0.29592394828796387,0.22152909636497498,0.07415114343166351,2.4371767044067383,
17,90,0.6047335267066956,0.4190094470977783,0.1846841275691986,10.399344444274902,
17,91,0.5688307285308838,0.41842690110206604,0.15007582306861877,3.2798242568969727,
17,92,0.5748469233512878,0.42155027389526367,0.15293824672698975,3.5837864875793457,
17,93,0.5373070240020752,0.39272090792655945,0.14429718255996704,2.889678716659546,
17,94,0.6127986311912537,0.4458112120628357,0.16660675406455994,3.8070504665374756,
17,95,0.6108611822128296,0.44571951031684875,0.16477441787719727,3.672708034515381,
17,96,0.4403704106807709,0.2924448251724243,0.14710775017738342,8.17844009399414,
17,97,0.507337212562561,0.3610405921936035,0.14548850059509277,8.081429481506348,
17,98,0.548220694065094,0.40745025873184204,0.1404920220375061,2.784167766571045,
17,99,0.4003835618495941,0.2966308891773224,0.10353811085224152,2.1455845832824707,
17,100,0.3421929180622101,0.2556540369987488,0.08626492321491241,2.739799737930298,
18,1,0.8713656067848206,0.6643319725990295,0.20652127265930176,5.123641014099121,
18,2,0.8448299765586853,0.6429216265678406,0.20145565271377563,4.526724815368652,
18,3,0.38823243975639343,0.2837093472480774,0.10398565232753754,5.374197959899902,
18,4,0.4143178164958954,0.30024296045303345,0.11355684697628021,5.179877758026123,
18,5,0.4483363926410675,0.3265376687049866,0.12133587896823883,4.628654956817627,
18,6,0.4547654390335083,0.32060307264328003,0.13349902629852295,6.6335062980651855,
18,7,0.45887836813926697,0.32122284173965454,0.13676448166370392,8.910663604736328,
18,8,0.5063976645469666,0.3537808656692505,0.15192997455596924,6.868374347686768,
18,9,0.8058953285217285,0.5972664952278137,0.20802700519561768,6.018224716186523,
18,10,0.44268009066581726,0.3098006248474121,0.13214503228664398,7.344142913818359,
18,11,0.34498780965805054,0.2516707181930542,0.09293871372938156,3.7836763858795166,
18,12,0.3438158631324768,0.24572694301605225,0.09762360155582428,4.653451919555664,
18,13,0.4707152247428894,0.33113348484039307,0.13890954852104187,6.721860408782959,
18,14,0.7071862816810608,0.5285651683807373,0.1782333254814148,3.8781158924102783,
18,15,1.0231298208236694,0.7359229922294617,0.2858975827693939,13.093186378479004,
18,16,0.65887451171875,0.48806560039520264,0.17045143246650696,3.5749049186706543,
18,17,0.42670777440071106,0.3149576187133789,0.11126023530960083,4.89933443069458,
18,18,0.45037853717803955,0.31373822689056396,0.13599032163619995,6.499924659729004,
18,19,0.350455641746521,0.25690120458602905,0.09323269128799438,3.2175052165985107,
18,20,0.9141291975975037,0.6812936067581177,0.23225437104701996,5.812203407287598,
18,21,0.26135149598121643,0.19272318482398987,0.06841552257537842,2.1277639865875244,
18,22,0.6610418558120728,0.49378442764282227,0.16690002381801605,3.5740227699279785,
18,23,0.7527360320091248,0.5537208318710327,0.1984712779521942,5.439142227172852,
18,24,0.6931576728820801,0.5143940448760986,0.17836879193782806,3.9479241371154785,
18,25,0.45831334590911865,0.32708317041397095,0.1305646300315857,6.655576229095459,
18,26,0.795190691947937,0.5981216430664062,0.1966371238231659,4.319056987762451,
18,27,0.48833000659942627,0.36180442571640015,0.12626175582408905,2.6379594802856445,
18,28,0.5112013816833496,0.3762671947479248,0.13465164601802826,2.8253772258758545,
18,29,0.5323323607444763,0.3894769549369812,0.14221075177192688,6.446497917175293,
18,30,0.31164392828941345,0.21983452141284943,0.09118780493736267,6.215881824493408,
18,31,0.8197254538536072,0.6192544102668762,0.20000478625297546,4.662875175476074,
18,32,0.5835064649581909,0.39171117544174194,0.19060863554477692,11.866412162780762,
18,33,0.35699692368507385,0.2549965977668762,0.10155351459980011,4.468312740325928,
18,34,0.39347344636917114,0.2850273847579956,0.10822451859712601,2.2154648303985596,
18,35,0.5907259583473206,0.4118465483188629,0.17764225602149963,12.37139892578125,
18,36,0.6116059422492981,0.45001208782196045,0.16124659776687622,3.4726293087005615,
18,37,0.36843645572662354,0.2691401541233063,0.09889030456542969,4.059891700744629,
18,38,0.6439160108566284,0.4721623659133911,0.1712290197610855,5.246697425842285,
18,39,0.7642326951026917,0.5721443295478821,0.19166183471679688,4.26545524597168,
18,40,0.41074201464653015,0.2972639203071594,0.11306062340736389,4.174847602844238,
18,41,0.5683321952819824,0.3590540885925293,0.20720091462135315,20.77199935913086,
18,42,0.33948323130607605,0.23888328671455383,0.09998530149459839,6.146522521972656,
18,43,0.39821621775627136,0.2996453642845154,0.09836412966251373,2.067246198654175,
18,44,0.7058320045471191,0.541791558265686,0.1636800915002823,3.6039772033691406,
18,45,0.3060992658138275,0.22916708886623383,0.07654556632041931,3.8661532402038574,
18,46,0.6658405661582947,0.4715785086154938,0.19289422035217285,13.678604125976562,
18,47,0.2860526144504547,0.21777693927288055,0.06807540357112885,2.0028111934661865,
18,48,0.6673808693885803,0.49550095200538635,0.1712225377559662,6.573657512664795,
18,49,0.49551451206207275,0.37058842182159424,0.12466157972812653,2.6453394889831543,
18,50,0.6096531748771667,0.455096036195755,0.15421868860721588,3.3845911026000977,
18,51,0.7983248233795166,0.5946402549743652,0.2031015157699585,5.830633163452148,
18,52,0.4294704794883728,0.3004673719406128,0.12834268808364868,6.604298114776611,
18,53,0.4546527564525604,0.3174870014190674,0.13627566397190094,8.901187896728516,
18,54,0.42572563886642456,0.2980155348777771,0.12696562707424164,7.444739818572998,
18,55,0.33516961336135864,0.2353712022304535,0.09937746822834015,4.209207057952881,
18,56,0.4220527410507202,0.2771509885787964,0.1430072784423828,18.94481086730957,
18,57,0.5760301947593689,0.41822800040245056,0.15744298696517944,3.5926647186279297,
18,58,0.46714287996292114,0.31030508875846863,0.15545804798603058,13.797327995300293,
18,59,0.8529823422431946,0.6413353085517883,0.21115463972091675,4.923914909362793,
18,60,0.592633068561554,0.4325484335422516,0.1597345769405365,3.5003302097320557,
18,61,0.298970490694046,0.215440034866333,0.08328913897275925,2.412978172302246,
18,62,0.6483416557312012,0.4754287004470825,0.17253822088241577,3.7474887371063232,
18,63,0.4512876570224762,0.30918216705322266,0.14130699634552002,7.985045433044434,
18,64,0.5108693838119507,0.37326663732528687,0.1372997909784317,3.0297420024871826,
18,65,0.5470931529998779,0.40210357308387756,0.1446964144706726,2.9312589168548584,
18,66,0.825652003288269,0.6218433380126953,0.20326492190361023,5.437361240386963,
18,67,0.4801734387874603,0.33820587396621704,0.1408282220363617,11.393326759338379,
18,68,0.4486590027809143,0.32086747884750366,0.1272072196006775,5.843125343322754,
18,69,0.7839312553405762,0.5857648849487305,0.19767427444458008,4.921131134033203,
18,70,0.4195002317428589,0.2927515506744385,0.12604641914367676,7.022545337677002,
18,71,0.837776243686676,0.6282739639282227,0.2090153843164444,4.86896276473999,
18,72,0.35398635268211365,0.24567349255084991,0.10772579908370972,5.870700359344482,
18,73,0.8406009078025818,0.6274647116661072,0.212639719247818,4.964674472808838,
18,74,0.2891974151134491,0.20020730793476105,0.08873234689235687,2.577591896057129,
18,75,0.6045721173286438,0.43598607182502747,0.16822299361228943,3.6303460597991943,
18,76,0.5524600148200989,0.39686036109924316,0.15527749061584473,3.2216956615448,
18,77,0.8639868497848511,0.6391010284423828,0.2243468016386032,5.389864444732666,
18,78,0.426734060049057,0.30546414852142334,0.12102661281824112,2.4331843852996826,
18,79,0.8130179047584534,0.6058586835861206,0.2065715789794922,5.876633644104004,
18,80,0.5177811980247498,0.37826162576675415,0.1392141729593277,3.0538744926452637,
18,81,0.4016837477684021,0.2832489609718323,0.11792178452014923,5.1302971839904785,
18,82,0.6307550668716431,0.4669417142868042,0.16344410181045532,3.6924426555633545,
18,83,0.8417737483978271,0.6397510766983032,0.20154553651809692,4.771602153778076,
18,84,0.90703946352005,0.6823499202728271,0.22405880689620972,6.307413101196289,
18,85,0.5463812947273254,0.38307273387908936,0.16244591772556305,8.626769065856934,
18,86,0.8160068988800049,0.6125884056091309,0.20295627415180206,4.622603416442871,
18,87,0.6124812364578247,0.45089203119277954,0.1612004041671753,3.8877532482147217,
18,88,0.29468846321105957,0.2129996418952942,0.08138372004032135,3.0513079166412354,
18,89,0.40395107865333557,0.2911977767944336,0.11252610385417938,2.2718231678009033,
18,90,0.4179382026195526,0.2958320081233978,0.12167976051568985,4.264331340789795,
18,91,0.28950825333595276,0.211027592420578,0.07823067903518677,2.4998300075531006,
18,92,0.6274526119232178,0.4562525749206543,0.17081736028194427,3.826465368270874,
18,93,0.37044087052345276,0.2610153555870056,0.10889273881912231,5.327826976776123,
18,94,0.7674486041069031,0.5611896514892578,0.20583190023899078,4.270565509796143,
18,95,0.6893050670623779,0.5034793615341187,0.1854304075241089,3.9532716274261475,
18,96,0.8052121996879578,0.5058499574661255,0.29652684926986694,28.353776931762695,
18,97,0.2852514684200287,0.21453943848609924,0.07048805058002472,2.239503860473633,
18,98,0.44851043820381165,0.33146244287490845,0.11681447923183441,2.3351056575775146,
18,99,1.1713916063308716,0.7059072852134705,0.4578494429588318,76.3483657836914,
18,100,0.30059555172920227,0.22570860385894775,0.07464396208524704,2.4298746585845947,
19,1,0.42758631706237793,0.29384249448776245,0.1332341730594635,5.096490859985352,
19,2,0.5437596440315247,0.36237943172454834,0.17961549758911133,17.646982192993164,
19,3,0.4450935423374176,0.3295058608055115,0.11535252630710602,2.3518123626708984,
19,4,0.2652423679828644,0.20602643489837646,0.05906097590923309,1.5492887496948242,
19,5,0.3864101767539978,0.2914494276046753,0.09476439654827118,1.9634840488433838,
19,6,0.5833658576011658,0.4343773126602173,0.14862748980522156,3.6105430126190186,
19,7,0.38414108753204346,0.2764584422111511,0.1071009710431099,5.816833972930908,
19,8,0.5213176012039185,0.33846282958984375,0.1818419098854065,10.128445625305176,
19,9,0.34717515110969543,0.2663620412349701,0.0805283635854721,2.847707748413086,
19,10,0.6442474722862244,0.47945883870124817,0.16442838311195374,3.6022696495056152,
19,11,0.28035715222358704,0.21887125074863434,0.06130076199769974,1.8513420820236206,
19,12,0.2807948887348175,0.2119448035955429,0.06859579682350159,2.542895555496216,
19,13,0.44807565212249756,0.3040044903755188,0.14324851334095,8.226762771606445,
19,14,0.6859744787216187,0.5057737827301025,0.17981040477752686,3.902937650680542,
19,15,0.6240362524986267,0.39507541060447693,0.22713017463684082,18.306644439697266,
19,16,0.4259149432182312,0.3107503652572632,0.11475906521081924,4.055233955383301,
19,17,0.36502739787101746,0.28042078018188477,0.08431430160999298,2.923370361328125,
19,18,0.2985498011112213,0.22666138410568237,0.07167939841747284,2.0900065898895264,
19,19,0.7140523195266724,0.556151270866394,0.15755783021450043,3.4318089485168457,
19,20,0.8114609122276306,0.6417667865753174,0.16927921772003174,4.148924350738525,
19,21,0.45560404658317566,0.3466319441795349,0.1084877997636795,4.84312105178833,
19,22,0.49148881435394287,0.3627435564994812,0.12790170311927795,8.435643196105957,
19,23,0.5510013699531555,0.41979658603668213,0.13093580305576324,2.6899912357330322,
19,24,0.5858144760131836,0.4461466073989868,0.13938003778457642,2.8784055709838867,
19,25,0.6327756643295288,0.47888311743736267,0.1535707712173462,3.217196226119995,
19,26,0.8077808618545532,0.607872724533081,0.19937390089035034,5.342228889465332,
19,27,0.5842356085777283,0.4119001626968384,0.17143133282661438,9.041142463684082,
19,28,0.5531423091888428,0.4055711030960083,0.14727868139743805,2.925143003463745,
19,29,0.4758012592792511,0.3388978838920593,0.13620653748512268,6.96846866607666,
19,30,0.6023856401443481,0.4295401871204376,0.17247609794139862,3.693661689758301,
19,31,0.5147822499275208,0.3643382489681244,0.15013185143470764,3.1214327812194824,
19,32,0.5663774609565735,0.4053382873535156,0.16029036045074463,7.488044261932373,
19,33,0.45889922976493835,0.317038357257843,0.14101503789424896,8.458292961120605,
19,34,0.5304301977157593,0.38241612911224365,0.1477191299200058,2.9492311477661133,
19,35,0.3130962550640106,0.22827734053134918,0.08451610803604126,3.028322696685791,
19,36,0.27714112401008606,0.20240473747253418,0.07454896718263626,1.8741822242736816,
19,37,0.44502899050712585,0.32236966490745544,0.1224142462015152,2.4506614208221436,
19,38,0.8629298210144043,0.6399900913238525,0.2224091738462448,5.305211544036865,
19,39,0.7755839824676514,0.5831271409988403,0.1920432597398758,4.136185169219971,
19,40,0.4214368164539337,0.3012544512748718,0.11964613199234009,5.362431049346924,
19,41,0.5920495986938477,0.44171828031539917,0.1496029645204544,7.283964157104492,
19,42,0.6497065424919128,0.4929348826408386,0.1564147174358368,3.5698635578155518,
19,43,0.30677300691604614,0.2331753969192505,0.07336858659982681,2.2903387546539307,
19,44,0.6973857879638672,0.5365887880325317,0.16044554114341736,3.514329433441162,
19,45,0.6728702783584595,0.5180982947349548,0.15444569289684296,3.2625036239624023,
19,46,0.6141089200973511,0.4705047607421875,0.14329376816749573,3.1040101051330566,
19,47,0.4338584244251251,0.32197338342666626,0.11139644682407379,4.886120319366455,
19,48,0.6066438555717468,0.4624685049057007,0.14384382963180542,3.315208911895752,
19,49,0.6270612478256226,0.4763839542865753,0.15036052465438843,3.167588710784912,
19,50,0.40461236238479614,0.3010610044002533,0.103340283036232,2.110489845275879,
19,51,0.2953757047653198,0.22107623517513275,0.07409416884183884,2.0531740188598633,
19,52,0.3206849694252014,0.23936371505260468,0.08095526695251465,3.659609794616699,
19,53,0.6436449289321899,0.47836267948150635,0.16491389274597168,3.683800220489502,
19,54,0.4122769236564636,0.30044519901275635,0.11147663742303848,3.5508170127868652,
19,55,0.4837762117385864,0.3483438491821289,0.1351570039987564,2.753769874572754,
19,56,0.38952168822288513,0.2729243338108063,0.11602269113063812,5.746761322021484,
19,57,0.45435789227485657,0.3101552128791809,0.14351922273635864,6.834428787231445,
19,58,0.4126312732696533,0.293479859828949,0.11891058832406998,2.4081928730010986,
19,59,0.4644237756729126,0.31806719303131104,0.1454261690378189,9.304264068603516,
19,60,0.6112107634544373,0.45407167077064514,0.1564469188451767,6.922171115875244,
19,61,0.7163472771644592,0.520206868648529,0.1956901252269745,4.5033440589904785,
19,62,0.7173652648925781,0.5269193053245544,0.19002500176429749,4.2090229988098145,
19,63,0.4411812722682953,0.32740330696105957,0.11354334652423859,2.3463141918182373,
19,64,0.45622995495796204,0.3168109655380249,0.1386493295431137,7.696342468261719,
19,65,0.45621421933174133,0.3270157277584076,0.12865066528320312,5.478257179260254,
19,66,0.27372628450393677,0.20425796508789062,0.06924305856227875,2.2524266242980957,
19,67,0.5860924124717712,0.4441196322441101,0.1416628658771515,3.0986013412475586,
19,68,0.4768220782279968,0.35051408410072327,0.1257224678993225,5.855382919311523,
19,69,0.39483627676963806,0.2972886562347412,0.0971921756863594,3.5546488761901855,
19,70,0.6097290515899658,0.46348851919174194,0.14593032002449036,3.101588010787964,
19,71,0.6109787821769714,0.4656960666179657,0.14493811130523682,3.4455790519714355,
19,72,0.5956181883811951,0.4502495527267456,0.14506399631500244,3.04632306098938,
19,73,0.7945981621742249,0.6033116579055786,0.19085323810577393,4.332728385925293,
19,74,0.6223485469818115,0.4655311107635498,0.15647956728935242,3.3782107830047607,
19,75,0.4499433934688568,0.32647353410720825,0.12298376858234406,4.860955715179443,
19,76,0.8791928291320801,0.6541516780853271,0.2244807481765747,5.603850841522217,
19,77,0.7552847266197205,0.553382158279419,0.20147705078125,4.255134105682373,
19,78,0.7736648321151733,0.5652554631233215,0.2079615592956543,4.477881908416748,
19,79,0.4882493317127228,0.34883517026901245,0.13912387192249298,2.9029276371002197,
19,80,0.37588414549827576,0.26245278120040894,0.11297914385795593,4.522221565246582,
19,81,0.3782525360584259,0.264993816614151,0.11280272901058197,4.560042381286621,
19,82,1.151026964187622,0.7476246356964111,0.3972843587398529,61.17984390258789,
19,83,0.49787089228630066,0.3386107087135315,0.15858067572116852,6.7953033447265625,
19,84,0.6474583148956299,0.4656621217727661,0.1813766360282898,4.195501804351807,
19,85,0.5492687225341797,0.3987289369106293,0.1502375602722168,3.0220062732696533,
19,86,0.5995082259178162,0.4297337532043457,0.169401615858078,3.7281105518341064,
19,87,0.43201425671577454,0.3055836260318756,0.12579289078712463,6.3775248527526855,
19,88,0.4462827146053314,0.30824047327041626,0.1371290534734726,9.13187313079834,
19,89,0.4554813504219055,0.3168434798717499,0.13785509765148163,7.828023910522461,
19,90,0.6782729029655457,0.504302978515625,0.17353090643882751,4.3895978927612305,
19,91,0.6442358493804932,0.48496493697166443,0.15890450775623322,3.6636860370635986,
19,92,0.5624765753746033,0.4238031506538391,0.13838204741477966,2.9142634868621826,
19,93,0.6089182496070862,0.4603666663169861,0.14822626113891602,3.25338077545166,
19,94,0.6348115801811218,0.4789084494113922,0.15553593635559082,3.672330379486084,
19,95,0.8458972573280334,0.638865053653717,0.2065332978963852,4.988690376281738,
19,96,0.45018255710601807,0.32681697607040405,0.12281407415866852,5.51510763168335,
19,97,0.34663137793540955,0.26094067096710205,0.08534842729568481,3.4226748943328857,
19,98,0.28386005759239197,0.22119271755218506,0.062485694885253906,1.8164701461791992,
19,99,0.5523465871810913,0.4102858901023865,0.14173397421836853,3.2677056789398193,
19,100,0.7025863528251648,0.513666033744812,0.1883085072040558,6.118390083312988,
20,1,0.4412226378917694,0.303867906332016,0.13664206862449646,7.126571178436279,
20,2,0.5509729385375977,0.3752797842025757,0.17487986385822296,8.132917404174805,
20,3,0.7922082543373108,0.5802009701728821,0.21152803301811218,4.793008327484131,
20,4,0.4896538555622101,0.34351301193237305,0.14516869187355042,9.72165584564209,
20,5,0.5565910339355469,0.383229523897171,0.1722993701696396,10.621519088745117,
20,6,0.42958226799964905,0.29119694232940674,0.1375894546508789,7.958832263946533,
20,7,0.4596809446811676,0.3280111849308014,0.13107353448867798,5.962192058563232,
20,8,0.2994283437728882,0.2308502495288849,0.06836181879043579,2.162749767303467,
20,9,0.3846589922904968,0.30119559168815613,0.0831836611032486,2.797257661819458,
20,10,0.42509108781814575,0.3158656358718872,0.10874126851558685,4.841629981994629,
20,11,0.5218443870544434,0.3903992772102356,0.1308252215385437,6.19874906539917,
20,12,0.6434211730957031,0.5069044828414917,0.13622093200683594,2.9574639797210693,
20,13,0.42703190445899963,0.3374474048614502,0.08923208713531494,3.5241527557373047,
20,14,0.46156245470046997,0.34672391414642334,0.11423865705728531,5.998869895935059,
20,15,0.8364496827125549,0.641116201877594,0.19488176703453064,4.517270088195801,
20,16,0.4569030702114105,0.3250449299812317,0.13117000460624695,6.881465435028076,
20,17,0.4278285503387451,0.31320899724960327,0.11419765651226044,4.218912601470947,
20,18,0.782912015914917,0.5777987837791443,0.2046581357717514,4.550992965698242,
20,19,0.8268576860427856,0.5987200736999512,0.2274380326271057,6.995932102203369,
20,20,0.5404694676399231,0.3854193687438965,0.15474429726600647,3.0580294132232666,
20,21,0.3433206081390381,0.2400026172399521,0.10287723690271378,4.407416343688965,
20,22,0.6144567131996155,0.4392063021659851,0.17484065890312195,4.097601413726807,
20,23,0.27764633297920227,0.20819556713104248,0.06924022734165192,2.1054718494415283,
20,24,0.5736066699028015,0.3701186776161194,0.20215412974357605,13.339097023010254,
20,25,0.45857876539230347,0.333129346370697,0.12500068545341492,4.487239360809326,
20,26,0.5439992547035217,0.3733588457107544,0.16977712512016296,8.632264137268066,
20,27,0.47179996967315674,0.3321877717971802,0.13869553804397583,9.166675567626953,
20,28,0.7809580564498901,0.5823246240615845,0.19810710847377777,5.263216972351074,
20,29,0.37346088886260986,0.26933151483535767,0.1036972850561142,4.320889472961426,
20,30,0.8854173421859741,0.6872985363006592,0.19763842225074768,4.804019451141357,
20,31,0.6221852898597717,0.4640677869319916,0.15775227546691895,3.6520047187805176,
20,32,0.4301016330718994,0.3165706992149353,0.11312101036310196,4.099201202392578,
20,33,0.5957702994346619,0.44929254055023193,0.14616204798221588,3.1572322845458984,
20,34,0.4398289620876312,0.31673145294189453,0.12247207760810852,6.254243850708008,
20,35,0.45079755783081055,0.339571475982666,0.11099851131439209,2.275592803955078,
20,36,0.6475000381469727,0.4776841104030609,0.1692551076412201,5.607945442199707,
20,37,0.3538632392883301,0.25766438245773315,0.09583182632923126,3.6703264713287354,
20,38,0.6841279864311218,0.5211811065673828,0.16259968280792236,3.4720985889434814,
20,39,0.4036318361759186,0.2912609577178955,0.11177852004766464,5.923417091369629,
20,40,0.7296462059020996,0.5275709629058838,0.20093990862369537,11.353472709655762,
20,41,0.5291357040405273,0.3873576521873474,0.14147520065307617,3.0286593437194824,
20,42,0.5510863661766052,0.3938477337360382,0.15584072470664978,13.979269027709961,
20,43,0.7901191711425781,0.5865889191627502,0.20306363701820374,4.66564416885376,
20,44,0.4379555284976959,0.3042909502983093,0.1330602467060089,6.043341159820557,
20,45,0.6286807656288147,0.4487178921699524,0.17957717180252075,3.857294797897339,
20,46,0.28279048204421997,0.19640664756298065,0.08611705899238586,2.667919158935547,
20,47,0.6028246879577637,0.4271923005580902,0.1751980185508728,4.343904972076416,
20,48,0.3458331823348999,0.23809169232845306,0.10729709267616272,4.44403600692749,
20,49,0.540846049785614,0.38409364223480225,0.15644071996212006,3.1166818141937256,
20,50,0.40993061661720276,0.28647059202194214,0.12317520380020142,2.848278522491455,
20,51,0.5480356216430664,0.39699846506118774,0.15068557858467102,3.5153350830078125,
20,52,0.8876714706420898,0.6670145988464355,0.2201027274131775,5.541677951812744,
20,53,0.6467583775520325,0.48329687118530273,0.16311627626419067,3.452322006225586,
20,54,0.7833797931671143,0.5882872939109802,0.1946226954460144,4.697946548461914,
20,55,0.4248409569263458,0.3027745485305786,0.12135077267885208,7.156291484832764,
20,56,0.6252840757369995,0.4737030267715454,0.15123146772384644,3.4957048892974854,
20,57,0.2712375223636627,0.21228983998298645,0.0587700717151165,1.776192545890808,
20,58,0.2708241641521454,0.20876987278461456,0.06189628690481186,1.580142617225647,
20,59,0.48396939039230347,0.3651624619960785,0.11855317652225494,2.5372278690338135,
20,60,0.41015690565109253,0.30286842584609985,0.10687193274497986,4.165463924407959,
20,61,0.7610713839530945,0.5668081045150757,0.19383573532104492,4.275678634643555,
20,62,0.5484757423400879,0.4025558829307556,0.14560197293758392,3.1789512634277344,
20,63,0.588260293006897,0.42685872316360474,0.16106276214122772,3.388028144836426,
20,64,0.4150352478027344,0.28395068645477295,0.13038307428359985,7.014832019805908,
20,65,0.28310781717300415,0.2061922550201416,0.0766773372888565,2.3824045658111572,
20,66,0.815593957901001,0.5948688983917236,0.22023120522499084,4.9387054443359375,
20,67,0.2826136648654938,0.208228200674057,0.07418246567249298,2.029825210571289,
20,68,0.44179990887641907,0.30582666397094727,0.13544413447380066,5.291163921356201,
20,69,0.40202298760414124,0.27653825283050537,0.12494606524705887,5.386895179748535,
20,70,0.27087128162384033,0.19722089171409607,0.07344367355108261,2.0671143531799316,
20,71,0.43712297081947327,0.29849815368652344,0.13794289529323578,6.819055557250977,
20,72,0.33215847611427307,0.24506714940071106,0.08680671453475952,2.846086025238037,
20,73,0.3820400834083557,0.26472020149230957,0.11666330695152283,6.565676689147949,
20,74,0.7738378643989563,0.5714624524116516,0.20186886191368103,5.065788745880127,
20,75,0.604828417301178,0.4418959617614746,0.16259366273880005,3.388075590133667,
20,76,0.5187093019485474,0.3791102170944214,0.13929972052574158,2.993351459503174,
20,77,0.4437876045703888,0.3119335174560547,0.1312560737133026,5.980127811431885,
20,78,0.6602434515953064,0.4852983355522156,0.1745700240135193,3.7506916522979736,
20,79,0.5876248478889465,0.427747517824173,0.1595332771539688,3.4400901794433594,
20,80,0.2648365795612335,0.19446508586406708,0.07018116116523743,1.9033923149108887,
20,81,0.6127426624298096,0.4488871395587921,0.16342341899871826,4.3213982582092285,
20,82,0.46851232647895813,0.33504098653793335,0.13291989266872406,5.5143141746521,
20,83,0.537267804145813,0.39536359906196594,0.1416243314743042,2.79882550239563,
20,84,0.32576784491539,0.23287244141101837,0.09251149743795395,3.839064121246338,
20,85,0.27342313528060913,0.2036403864622116,0.06957215070724487,2.105809450149536,
20,86,0.38284924626350403,0.27217742800712585,0.110190749168396,4.810672283172607,
20,87,0.39859217405319214,0.28101348876953125,0.1170521229505539,5.2655768394470215,
20,88,0.7698378562927246,0.5420957207679749,0.2261243611574173,16.178041458129883,
20,89,0.6089267730712891,0.45046600699424744,0.15811458230018616,3.4619297981262207,
20,90,0.8173499703407288,0.6158169507980347,0.20107395946979523,4.5905256271362305,
20,91,0.415588915348053,0.28959429264068604,0.1254088580608368,5.857552528381348,
20,92,0.5225935578346252,0.368602454662323,0.1531982719898224,7.927922248840332,
20,93,0.49472036957740784,0.3496564030647278,0.1443975269794464,6.6645379066467285,
20,94,0.7262223362922668,0.5396778583526611,0.18614377081394196,4.0072021484375,
20,95,0.40947043895721436,0.2810875475406647,0.1276012659072876,7.816253662109375,
20,96,0.8299356698989868,0.6183494329452515,0.21095365285873413,6.325584888458252,
20,97,0.5004816651344299,0.35579556226730347,0.14402315020561218,6.62940788269043,
20,98,0.695431113243103,0.515073299407959,0.17996415495872498,3.9364259243011475,
20,99,0.6791312098503113,0.5014621019363403,0.1772882342338562,3.808444023132324,
20,100,0.7509123682975769,0.5527106523513794,0.19776275753974915,4.389605522155762,
