epoch,batch,total_loss,loss2neighbor,loss_idt,loss_reg,loss_bg
1,1,8.152897834777832,8.004922866821289,0.14616970717906952,18.052406311035156,3.8415369987487793
1,2,15.110575675964355,10.47376537322998,4.623469352722168,133.41346740722656,4.009796142578125
1,3,11.042506217956543,8.552099227905273,2.484567165374756,58.39397048950195,6.914933204650879
1,4,7.64914608001709,4.762709617614746,2.876739025115967,96.9752197265625,2.8977890014648438
1,5,7.650916576385498,7.636987686157227,0.01290752924978733,10.214940071105957,0.1983795464038849
1,6,2.836728572845459,1.7131332159042358,1.1208531856536865,27.422822952270508,0.7435215711593628
1,7,3.9672329425811768,2.5310192108154297,1.4327635765075684,34.501007080078125,1.164581060409546
1,8,1.7597625255584717,1.413009524345398,0.345836341381073,9.167264938354492,0.30877023935317993
1,9,4.235307693481445,3.8511881828308105,0.38311660289764404,10.02828311920166,0.41368499398231506
1,10,3.0002081394195557,2.2231428623199463,0.7751303911209106,19.346858978271484,0.9006521701812744
1,11,2.117112874984741,1.4841444492340088,0.6315243244171143,14.440411567687988,1.0423851013183594
1,12,2.0052919387817383,1.4454139471054077,0.5586017966270447,12.76257610321045,0.6153655052185059
1,13,1.108386516571045,0.8948065638542175,0.21302646398544312,5.534329414367676,0.3998048007488251
1,14,1.9658087491989136,1.6517561674118042,0.31330928206443787,7.4328293800354,0.6843888759613037
1,15,1.1765899658203125,1.0195655822753906,0.15662908554077148,3.95332670211792,0.2407107949256897
1,16,1.6976404190063477,1.539264440536499,0.15802596509456635,3.4995813369750977,1.1612688302993774
1,17,1.6004823446273804,1.3968489170074463,0.20313799381256104,4.954735279083252,0.9349309206008911
1,18,0.5534347891807556,0.530603289604187,0.022728122770786285,1.0335041284561157,0.30301129817962646
1,19,0.8540148735046387,0.8497511148452759,0.004113548435270786,1.5018526315689087,0.10615738481283188
1,20,1.8180063962936401,1.6724450588226318,0.14521154761314392,3.4979686737060547,0.16133777797222137
1,21,0.44421258568763733,0.3751220405101776,0.06890786439180374,1.8270061016082764,0.05616491660475731
1,22,1.1746118068695068,1.0383715629577637,0.1359245479106903,3.156428813934326,0.18422040343284607
1,23,0.8096590638160706,0.7100047469139099,0.0994299128651619,2.244248151779175,0.24135741591453552
1,24,1.3262736797332764,1.2539713382720947,0.07211586833000183,1.8639814853668213,0.2176136076450348
1,25,0.6258644461631775,0.4935856759548187,0.1319214254617691,3.573550224304199,0.15736523270606995
1,26,0.6531577110290527,0.5712270140647888,0.08167298138141632,2.5773873329162598,0.2554170489311218
1,27,0.6458770632743835,0.5095919966697693,0.13594433665275574,3.4076948165893555,0.1553630530834198
1,28,0.6180098056793213,0.495617151260376,0.1220865398645401,3.061527729034424,0.13906288146972656
1,29,0.6350919008255005,0.6170854568481445,0.017957929521799088,0.48520079255104065,0.23898476362228394
1,30,0.5729891061782837,0.4969898760318756,0.07579097151756287,2.0824387073516846,0.16800513863563538
1,31,1.268957495689392,1.222747802734375,0.04608318209648132,1.2646538019180298,0.11326306313276291
1,32,0.48613807559013367,0.44762539863586426,0.038445696234703064,0.6697984933853149,0.03834526240825653
1,33,0.11974366009235382,0.1189391016960144,0.0007218829123303294,0.8267871141433716,0.02395104058086872
1,34,0.28492194414138794,0.2722918391227722,0.012583228759467602,0.46888411045074463,0.18697071075439453
1,35,0.5147276520729065,0.4647732377052307,0.04982735589146614,1.270880103111267,0.06920808553695679
1,36,0.5502123236656189,0.5214034914970398,0.028733916580677032,0.7494840621948242,0.04985085874795914
1,37,1.5571869611740112,1.5449057817459106,0.012238424271345139,0.4274025857448578,0.09040025621652603
1,38,0.43531933426856995,0.40372133255004883,0.031516749411821365,0.812343180179596,0.09834158420562744
1,39,0.4075123071670532,0.378220796585083,0.029218126088380814,0.7338600158691406,0.03341061249375343
1,40,0.15339308977127075,0.1519738733768463,0.0013824247289448977,0.3679504990577698,0.29800477623939514
1,41,0.4481678009033203,0.4113007187843323,0.03677235543727875,0.9469695687294006,0.11186342686414719
1,42,0.12801584601402283,0.12696152925491333,0.0010209741303697228,0.33353039622306824,0.2735353410243988
1,43,0.4246208369731903,0.390552282333374,0.03398840129375458,0.8013215065002441,0.08156810700893402
1,44,0.3056008219718933,0.26723557710647583,0.03827284276485443,0.9239434003829956,0.047639958560466766
1,45,0.06639162451028824,0.06537263095378876,0.0009914236143231392,0.2756626605987549,0.15115222334861755
1,46,1.1940147876739502,1.1834766864776611,0.010505697689950466,0.32393449544906616,0.09758133441209793
1,47,1.1075634956359863,1.0796382427215576,0.027857329696416855,0.6793466210365295,0.07107030600309372
1,48,0.8466639518737793,0.8334044218063354,0.013204207643866539,0.5531390309333801,0.18620678782463074
1,49,0.7664823532104492,0.7387306690216064,0.027672890573740005,0.7879248261451721,0.1896844506263733
1,50,0.11453384906053543,0.11295320838689804,0.0015172199346125126,0.6341832280158997,0.01573595218360424
1,51,0.16999144852161407,0.16174611449241638,0.008221900090575218,0.2344454675912857,0.1832449734210968
1,52,0.15776140987873077,0.15174607932567596,0.00599293690174818,0.2240014225244522,0.16938917338848114
1,53,0.35216376185417175,0.3330419063568115,0.019067328423261642,0.5452488660812378,0.03755560144782066
1,54,0.3969173729419708,0.3669906556606293,0.029853584244847298,0.7312451004981995,0.051859304308891296
1,55,1.447481393814087,1.418396234512329,0.029004747048020363,0.8049514293670654,0.10649856179952621
1,56,0.08683603256940842,0.08517776429653168,0.0015890438808128238,0.6922374963760376,0.012506403028964996
1,57,0.08467189967632294,0.08316078037023544,0.0014409106224775314,0.7020444869995117,0.012381669133901596
1,58,0.04612288251519203,0.04532831907272339,0.0007356749847531319,0.5888949632644653,0.00892552174627781
1,59,0.10446221381425858,0.100397989153862,0.004048861563205719,0.1536005735397339,0.05116350203752518
1,60,0.07594981044530869,0.07420335710048676,0.0016763712046667933,0.7007915377616882,0.01162143424153328
1,61,0.1522284746170044,0.14814645051956177,0.004062353167682886,0.1967615932226181,0.16541342437267303
1,62,0.04634952172636986,0.04578695446252823,0.0005089533515274525,0.5361452698707581,0.011118857190012932
1,63,0.9430020451545715,0.9312903881072998,0.011661188676953316,0.5046015381813049,0.29181796312332153
1,64,0.553815484046936,0.5208181142807007,0.032903123646974564,0.9421666860580444,0.09207305312156677
1,65,0.30362632870674133,0.28155913949012756,0.022000543773174286,0.666477382183075,0.055720459669828415
1,66,0.47399842739105225,0.45748957991600037,0.01645997166633606,0.48877719044685364,0.031096355989575386
1,67,0.2935934066772461,0.26624125242233276,0.027287214994430542,0.6494402885437012,0.0437285415828228
1,68,0.8957659602165222,0.8694971799850464,0.026198141276836395,0.7063981294631958,0.30012115836143494
1,69,0.5364066362380981,0.5076029300689697,0.02870381623506546,0.9988018870353699,0.10385545343160629
1,70,0.7132108211517334,0.6753283739089966,0.037849195301532745,0.33239585161209106,0.16812622547149658
1,71,1.0642095804214478,1.0555152893066406,0.00866725854575634,0.27044954895973206,0.23278942704200745
1,72,0.4167739450931549,0.38665151596069336,0.03005412220954895,0.6830446124076843,0.08923538029193878
1,73,0.9553079605102539,0.9351783990859985,0.020076651126146317,0.5295227766036987,0.22908398509025574
1,74,1.0928707122802734,1.0541373491287231,0.03862544149160385,1.0788284540176392,0.12474702298641205
1,75,0.497600793838501,0.45326754450798035,0.044212840497493744,1.2038865089416504,0.07082264870405197
1,76,1.4249014854431152,1.3895113468170166,0.0352972112596035,0.9296295046806335,0.09987989068031311
1,77,0.3793882429599762,0.3668014109134674,0.012543568387627602,0.4326533079147339,0.027608729898929596
1,78,1.0800901651382446,1.0665897130966187,0.013448985293507576,0.5152146816253662,0.23363035917282104
1,79,0.05196324363350868,0.05144299939274788,0.0004739486030302942,0.4629233777523041,0.005664777010679245
1,80,0.6881845593452454,0.6770583987236023,0.011075016111135483,0.5115930438041687,0.3158878684043884
1,81,0.42468130588531494,0.3984418511390686,0.026168476790189743,0.7097567915916443,0.048897698521614075
1,82,1.0312596559524536,0.990140438079834,0.04100000858306885,1.1916818618774414,0.15108156204223633
1,83,0.5665231347084045,0.5545042157173157,0.011990262195467949,0.2864394187927246,0.1679931879043579
1,84,0.4973161816596985,0.48428618907928467,0.012994634918868542,0.35358548164367676,0.141118586063385
1,85,0.24770769476890564,0.17887327075004578,0.0688241571187973,0.10268395394086838,0.08288736641407013
1,86,0.16515591740608215,0.15784958004951477,0.007281241938471794,0.25090333819389343,0.10074830055236816
1,87,1.1628508567810059,1.15511155128479,0.007710781879723072,0.2852477729320526,0.17771533131599426
1,88,0.1412547379732132,0.13725024461746216,0.003985941410064697,0.18556055426597595,0.1181466281414032
1,89,0.04764183238148689,0.04701116681098938,0.0006157142342999578,0.14948521554470062,0.09859617054462433
1,90,0.05253280699253082,0.05217306688427925,0.0003235538024455309,0.36186572909355164,0.004814203828573227
1,91,0.7933276891708374,0.7686804533004761,0.024581393226981163,0.6588321924209595,0.19243162870407104
1,92,0.04812704771757126,0.047609902918338776,0.00047986413119360805,0.37279194593429565,0.005812263581901789
1,93,0.3990684151649475,0.3782324492931366,0.02078362926840782,0.5233102440834045,0.026280477643013
1,94,1.0600601434707642,1.022233486175537,0.03772464767098427,1.020825743675232,0.10928203165531158
1,95,0.36692431569099426,0.350678950548172,0.016202520579099655,0.42865124344825745,0.031649187207221985
1,96,0.4133187234401703,0.381210058927536,0.032018184661865234,0.904777467250824,0.03118230029940605
1,97,0.5581289529800415,0.5190457105636597,0.03897333890199661,1.099066972732544,0.08334209024906158
1,98,1.229772686958313,1.2168760299682617,0.012833083979785442,0.6347994804382324,0.49815672636032104
1,99,0.6873229742050171,0.6757852435112,0.0114887785166502,0.48926323652267456,0.4095677137374878
1,100,0.3324867784976959,0.3143649697303772,0.018061276525259018,0.6052394509315491,0.053357772529125214
2,1,0.1667366772890091,0.161113440990448,0.005597463808953762,0.25781887769699097,0.13972069323062897
2,2,0.16173972189426422,0.15572725236415863,0.005987279117107391,0.25199010968208313,0.1371229887008667
2,3,0.048001814633607864,0.04766438156366348,0.00030404358403757215,0.33390435576438904,0.005768815986812115
2,4,0.0357130765914917,0.03503119945526123,0.0006684546824544668,0.13422566652297974,0.07087615877389908
2,5,0.2881351411342621,0.2706257104873657,0.01746019721031189,0.49227312207221985,0.026494115591049194
2,6,0.9765108823776245,0.9639781713485718,0.012478395365178585,0.5430042147636414,0.32966676354408264
2,7,1.2488410472869873,1.2159478664398193,0.03280462324619293,0.886028528213501,0.13910448551177979
2,8,0.4435204267501831,0.4030565023422241,0.040360573679208755,1.0335718393325806,0.048654794692993164
2,9,0.5108693838119507,0.5032069087028503,0.007636391557753086,0.26112648844718933,0.10240714251995087
2,10,0.4015536308288574,0.3907359540462494,0.010778410360217094,0.39292043447494507,0.01908698119223118
2,11,0.4545668959617615,0.4330141246318817,0.021487051621079445,0.6571437120437622,0.052815429866313934
2,12,0.49276718497276306,0.48095715045928955,0.01178255770355463,0.2746783494949341,0.14212045073509216
2,13,1.016817331314087,0.9796254634857178,0.03708324208855629,1.0855350494384766,0.20019051432609558
2,14,0.3654962182044983,0.35363227128982544,0.011821880005300045,0.42081835865974426,0.04543578624725342
2,15,0.9744343757629395,0.9611889719963074,0.013185674324631691,0.5971896052360535,0.6126152276992798
2,16,0.06732404977083206,0.06610440462827682,0.0011742848437279463,0.45361778140068054,0.008303482085466385
2,17,1.0306404829025269,0.991699755191803,0.03882649168372154,1.1417056322097778,0.1874905824661255
2,18,0.4695498049259186,0.4605501890182495,0.008970246650278568,0.2936614453792572,0.07466715574264526
2,19,1.294721007347107,1.2641425132751465,0.030496858060359955,0.8169508576393127,0.1559274047613144
2,20,0.030740510672330856,0.030305709689855576,0.00039804400876164436,0.36756911873817444,0.002569504315033555
2,21,0.038816552609205246,0.03818472474813461,0.000593901495449245,0.3792843520641327,0.0034044128842651844
2,22,0.6237958669662476,0.6137549877166748,0.009992420673370361,0.484654039144516,0.3364235758781433
2,23,0.16824139654636383,0.16157424449920654,0.006643322762101889,0.23828890919685364,0.15717703104019165
2,24,0.031566303223371506,0.03112414851784706,0.00040897043072618544,0.33185523748397827,0.002827256917953491
2,25,0.6745073795318604,0.666312575340271,0.008149546571075916,0.4525887072086334,0.24391819536685944
2,26,0.14076636731624603,0.13776633143424988,0.0029799342155456543,0.20102544128894806,0.14237985014915466
2,27,0.47066086530685425,0.4595351815223694,0.01109792198985815,0.27787747979164124,0.03618553280830383
2,28,0.040557362139225006,0.03851747512817383,0.002036920515820384,0.02965671755373478,0.0074255517683923244
2,29,0.9429280161857605,0.9076129794120789,0.03521272540092468,1.02363920211792,0.0849534273147583
2,30,1.2989857196807861,1.2704492807388306,0.028449617326259613,0.8681967854499817,0.1095317155122757
2,31,0.1499944031238556,0.14532475173473358,0.004647035151720047,0.2262270748615265,0.13772287964820862
2,32,0.383973628282547,0.37097057700157166,0.012952009215950966,0.5104655027389526,0.03289284557104111
2,33,1.1184676885604858,1.0851426124572754,0.03320387750864029,1.2120468616485596,0.15934905409812927
2,34,0.2941034138202667,0.2805573642253876,0.013498093001544476,0.47950688004493713,0.04305082559585571
2,35,0.7532324194908142,0.7437939643859863,0.009390296414494514,0.4816420376300812,0.33015477657318115
2,36,0.46932780742645264,0.4450162351131439,0.02422965317964554,0.8191704750061035,0.10799772292375565
2,37,1.1120721101760864,1.1061577796936035,0.005884065758436918,0.3025089204311371,0.22563588619232178
2,38,0.722043514251709,0.7015413045883179,0.02044382318854332,0.5843037366867065,0.19075964391231537
2,39,0.44553253054618835,0.40689826011657715,0.03853627294301987,0.9798705577850342,0.0669926255941391
2,40,0.15366484224796295,0.1492680013179779,0.004376573953777552,0.2026706039905548,0.14371617138385773
2,41,1.2482465505599976,1.2219502925872803,0.026210647076368332,0.8556543588638306,0.2412799447774887
2,42,0.994720458984375,0.9778411388397217,0.016824467107653618,0.5484163165092468,0.1820020079612732
2,43,0.9575397372245789,0.9430657625198364,0.014411993324756622,0.6195979118347168,0.4105350971221924
2,44,0.49313417077064514,0.4804864525794983,0.01260262168943882,0.4510503113269806,0.03329350799322128
2,45,0.16327711939811707,0.1572290062904358,0.0060254670679569244,0.22653840482234955,0.07251179218292236
2,46,0.07217579334974289,0.07185369729995728,0.0002928728354163468,0.2921777665615082,0.0034075360745191574
2,47,0.050881557166576385,0.0505705401301384,0.0002808241988532245,0.3019435703754425,0.002604115754365921
2,48,0.8991777300834656,0.8795204758644104,0.019604483619332314,0.5277664065361023,0.23189906775951385
2,49,0.3719280958175659,0.3613886833190918,0.010498324409127235,0.4109872281551361,0.0592193640768528
2,50,1.2367674112319946,1.2156898975372314,0.020986979827284813,0.9049015045166016,0.3250257968902588
2,51,0.08684628456830978,0.08601005375385284,0.0008287159726023674,0.07518050819635391,0.018891073763370514
2,52,0.057532135397195816,0.05693553015589714,0.0005581856239587069,0.3841826319694519,0.002450155559927225
2,53,0.46272069215774536,0.4510263204574585,0.011647749692201614,0.4660094678401947,0.07961815595626831
2,54,0.09177342057228088,0.09061606228351593,0.0011142807779833674,0.4307924807071686,0.008292382583022118
2,55,0.9755213856697083,0.9609308838844299,0.014517417177557945,0.730786144733429,0.6269447803497314
2,56,0.2514883875846863,0.24077245593070984,0.010683408007025719,0.3250901699066162,0.07760238647460938
2,57,1.1732676029205322,1.1666936874389648,0.00653491448611021,0.39011940360069275,0.23678317666053772
2,58,0.15238650143146515,0.14909835159778595,0.0032650972716510296,0.23056556284427643,0.16655617952346802
2,59,1.3168011903762817,1.2909371852874756,0.025754373520612717,1.0961347818374634,0.22280153632164001
2,60,0.7624642252922058,0.7409555315971375,0.02144641801714897,0.6227469444274902,0.2072213888168335
2,61,0.9837826490402222,0.9715988636016846,0.012109264731407166,0.7447664141654968,0.5181031227111816
2,62,0.4344361424446106,0.40318185091018677,0.031158961355686188,0.9534345865249634,0.040313124656677246
2,63,1.3021093606948853,1.2783170938491821,0.02368338033556938,1.0888856649398804,0.20552046597003937
2,64,0.14837343990802765,0.14364629983901978,0.004707804881036282,0.19343166053295135,0.1072176843881607
2,65,0.5088297724723816,0.49895796179771423,0.009836294688284397,0.35542553663253784,0.13338139653205872
2,66,0.9739966988563538,0.9610891938209534,0.012826899066567421,0.8059685826301575,0.39074331521987915
2,67,0.03174781799316406,0.031131988391280174,0.0006051084492355585,0.1072130799293518,0.0345567986369133
2,68,0.46722212433815,0.4352990388870239,0.03182704746723175,0.960481584072113,0.036854662001132965
2,69,0.15458539128303528,0.14876356720924377,0.005799232982099056,0.22589126229286194,0.08017672598361969
2,70,0.48974478244781494,0.47231557965278625,0.017368337139487267,0.6086001396179199,0.04826769232749939
2,71,0.26479852199554443,0.2546675205230713,0.010098375380039215,0.32618850469589233,0.03310898691415787
2,72,0.37194690108299255,0.36049196124076843,0.011412975378334522,0.4195842146873474,0.041380323469638824
2,73,0.07292333245277405,0.07187443226575851,0.0010122248204424977,0.3666837215423584,0.0068592410534620285
2,74,0.258109450340271,0.24798233807086945,0.01009416114538908,0.329659640789032,0.08706521987915039
2,75,0.03953167423605919,0.03914257511496544,0.00035738799488171935,0.31710925698280334,0.0012573653366416693
2,76,0.037301406264305115,0.036933451890945435,0.00033690454438328743,0.310510516166687,0.0009983677882701159
2,77,0.4215320348739624,0.39586225152015686,0.025591373443603516,0.7841256856918335,0.03134419396519661
2,78,1.012116551399231,0.968850314617157,0.043127939105033875,1.383084774017334,0.18545332551002502
2,79,1.290562391281128,1.264941930770874,0.025492463260889053,1.2804852724075317,0.20947355031967163
2,80,0.2735004723072052,0.26307061314582825,0.010398950427770615,0.30896440148353577,0.07702967524528503
2,81,1.2659392356872559,1.2435188293457031,0.022282805293798447,1.3760018348693848,0.20721310377120972
2,82,0.08609487861394882,0.0839628055691719,0.0021197390742599964,0.123309426009655,0.042952101677656174
2,83,1.1472102403640747,1.128786563873291,0.018319502472877502,1.0424479246139526,0.5594786405563354
2,84,1.3641921281814575,1.3413124084472656,0.022722894325852394,1.569097876548767,0.20926886796951294
2,85,0.36156564950942993,0.3511289060115814,0.010393145494163036,0.4359230399131775,0.03711286187171936
2,86,1.1196869611740112,1.1115727424621582,0.008068699389696121,0.45513585209846497,0.3007802367210388
2,87,0.3522813618183136,0.3395951986312866,0.012645469047129154,0.4066770672798157,0.04502979293465614
2,88,0.5925875902175903,0.5778631567955017,0.014682549051940441,0.4189698398113251,0.23626139760017395
2,89,1.4174902439117432,1.3853964805603027,0.031930744647979736,1.6309213638305664,0.29983991384506226
2,90,0.9844732284545898,0.9698106050491333,0.014549441635608673,1.1317131519317627,0.6812257766723633
2,91,1.1960480213165283,1.1671814918518066,0.02870945818722248,1.5715080499649048,0.19944187998771667
2,92,1.0334891080856323,0.9903546571731567,0.04298302158713341,1.5140982866287231,0.13169117271900177
2,93,0.499236524105072,0.4820585250854492,0.017080683261156082,0.9729502201080322,0.09611339122056961
2,94,0.2921246886253357,0.28309184312820435,0.0090005062520504,0.32334980368614197,0.04150906205177307
2,95,0.505104124546051,0.49864935874938965,0.006443113088607788,0.11637970805168152,0.014014190062880516
2,96,0.16616328060626984,0.15963101387023926,0.0065061673521995544,0.2609642446041107,0.12885741889476776
2,97,0.07010288536548615,0.06921202689409256,0.0008595146355219185,0.3134409189224243,0.005256560631096363
2,98,1.340672254562378,1.3187605142593384,0.021764080971479416,1.4768301248550415,0.06577074527740479
2,99,1.2193948030471802,1.180302381515503,0.038869746029376984,2.227160930633545,0.11501672863960266
2,100,0.09209299087524414,0.09116999804973602,0.0008875123457983136,0.3547722399234772,0.005371655337512493
3,1,0.5470114946365356,0.5133136510848999,0.03358922153711319,1.085807204246521,0.19320368766784668
3,2,0.047090765088796616,0.046746693551540375,0.000314079225063324,0.2999105751514435,0.0008392740273848176
3,3,0.391633003950119,0.36220163106918335,0.029336778447031975,0.9459102749824524,0.03696462884545326
3,4,0.03509631007909775,0.0347629114985466,0.00030642072670161724,0.2697976231575012,0.0020114858634769917
3,5,0.03564726561307907,0.035180456936359406,0.00045792286982759833,0.08885926008224487,0.10921645164489746
3,6,0.19117996096611023,0.18724755942821503,0.003909830003976822,0.2258252501487732,0.21765179932117462
3,7,0.07197240740060806,0.07157579064369202,0.0003743861452676356,0.22233028709888458,0.006012530531734228
3,8,0.2564195990562439,0.24242888391017914,0.013940791599452496,0.49908387660980225,0.03368853032588959
3,9,0.3041296899318695,0.2955818772315979,0.00851483829319477,0.32955023646354675,0.02258314937353134
3,10,0.4979609549045563,0.4881209135055542,0.009785265661776066,0.5477569103240967,0.0448005348443985
3,11,0.08813435584306717,0.08791375160217285,0.0002025369758484885,0.1806437224149704,0.005241548176854849
3,12,0.2681153416633606,0.25451576709747314,0.013550502248108387,0.49085208773612976,0.03381853550672531
3,13,1.3446592092514038,1.3154220581054688,0.029081527143716812,1.5556614398956299,0.2781752347946167
3,14,0.144375741481781,0.14079508185386658,0.003562325146049261,0.18331404030323029,0.15670563280582428
3,15,0.398171991109848,0.364443838596344,0.03361983224749565,1.0834602117538452,0.05897899717092514
3,16,0.08247663825750351,0.08143499493598938,0.0010154356714338064,0.2621123790740967,0.006817447021603584
3,17,0.030950570479035378,0.03056853450834751,0.00037128705298528075,0.10750125348567963,0.0880977213382721
3,18,1.1128461360931396,1.0940229892730713,0.018677113577723503,1.4603699445724487,0.213694229722023
3,19,0.9825470447540283,0.9673734903335571,0.015078690834343433,0.9486575722694397,0.5201082229614258
3,20,1.3045727014541626,1.2722108364105225,0.03220664709806442,1.551984190940857,0.17496776580810547
3,21,0.7926283478736877,0.7729694843292236,0.01958845928311348,0.7039903402328491,0.21058261394500732
3,22,0.029735177755355835,0.029488317668437958,0.0002229631645604968,0.23898184299468994,0.0006635780446231365
3,23,0.24655427038669586,0.2341690957546234,0.01234638225287199,0.3878505825996399,0.039956673979759216
3,24,0.4211841821670532,0.39480435848236084,0.026308439671993256,0.7137905359268188,0.057330422103405
3,25,0.42829737067222595,0.40306419134140015,0.025156691670417786,0.7649962306022644,0.0532383918762207
3,26,0.4505281150341034,0.44765138626098633,0.0028676888905465603,0.09029887616634369,0.04213766008615494
3,27,0.03855534642934799,0.03847365453839302,6.0219863371457905e-05,0.21470853686332703,0.0011006132699549198
3,28,0.0257002804428339,0.025447845458984375,0.00022786531189922243,0.24569931626319885,0.001209145411849022
3,29,0.04823167622089386,0.04745727777481079,0.0007436839514411986,0.3071475028991699,0.007620177231729031
3,30,0.4284716844558716,0.41245055198669434,0.01597106084227562,0.5006837248802185,0.0727706253528595
3,31,1.1530282497406006,1.1146975755691528,0.03811324015259743,2.1747472286224365,0.18366733193397522
3,32,0.17520086467266083,0.1692594587802887,0.005918961018323898,0.22441324591636658,0.12122581899166107
3,33,1.5591620206832886,1.537984848022461,0.020966975018382072,2.1013474464416504,0.16675561666488647
3,34,1.1909235715866089,1.162569522857666,0.028193101286888123,1.6091232299804688,0.1827774941921234
3,35,0.022270821034908295,0.0220571830868721,0.00018755081691779196,0.2608562111854553,0.0011208972427994013
3,36,0.9184151887893677,0.9040206670761108,0.014288410544395447,1.0612311363220215,0.39822620153427124
3,37,0.15444554388523102,0.14963489770889282,0.004789463244378567,0.21187883615493774,0.10212743282318115
3,38,0.05173960328102112,0.050857964903116226,0.0008516748202964664,0.2996370792388916,0.00935986265540123
3,39,0.22895002365112305,0.21843063831329346,0.010488764382898808,0.30628547072410583,0.02722465991973877
3,40,0.4758817255496979,0.46583402156829834,0.010000012814998627,0.47671642899513245,0.03984477370977402
3,41,1.0881080627441406,1.067690134048462,0.020260706543922424,1.5724022388458252,0.18108683824539185
3,42,0.057202067226171494,0.05637530982494354,0.0007998045766726136,0.26954033970832825,0.009610434994101524
3,43,0.2537384629249573,0.24527932703495026,0.008428890258073807,0.3025861382484436,0.03183387219905853
3,44,0.03042573481798172,0.030125543475151062,0.000278314808383584,0.2187611162662506,0.0021254015155136585
3,45,1.0475945472717285,1.0068172216415405,0.04062484949827194,1.5252728462219238,0.16810929775238037
3,46,1.1381930112838745,1.099156379699707,0.03876626491546631,2.703246831893921,0.16204607486724854
3,47,1.1149691343307495,1.1072840690612793,0.007615234237164259,0.6980250477790833,0.1805499792098999
3,48,0.47697368264198303,0.459028035402298,0.017837390303611755,1.0828484296798706,0.08383569121360779
3,49,0.4942629337310791,0.4822234809398651,0.011987239122390747,0.5221856832504272,0.09801962226629257
3,50,0.3986276090145111,0.3738391399383545,0.02469213306903839,0.9635205268859863,0.033934567123651505
3,51,1.151583194732666,1.1083760261535645,0.042931992560625076,2.7513186931610107,0.19849903881549835
3,52,0.9775547981262207,0.9363415241241455,0.04106670990586281,1.4656323194503784,0.16271016001701355
3,53,0.4379188120365143,0.4188736379146576,0.018953543156385422,0.9164147973060608,0.13945937156677246
3,54,0.34943172335624695,0.34024661779403687,0.00914597325026989,0.391425758600235,0.06542074680328369
3,55,0.4588737189769745,0.4485665559768677,0.010259510949254036,0.4765596389770508,0.061066050082445145
3,56,0.680728554725647,0.6703124046325684,0.010330221615731716,0.8594838380813599,0.2362605631351471
3,57,0.4814031422138214,0.46952152252197266,0.011823627166450024,0.5799741744995117,0.053549591451883316
3,58,1.2001659870147705,1.1691136360168457,0.030776655301451683,2.7570197582244873,0.11296480894088745
3,59,0.35142409801483154,0.34263843297958374,0.008751951158046722,0.336998850107193,0.030725285410881042
3,60,0.46792519092559814,0.45498496294021606,0.012888066470623016,0.5216670036315918,0.0629437118768692
3,61,0.02243180386722088,0.022200219333171844,0.00020797300385311246,0.23611459136009216,0.0015623799990862608
3,62,0.023010728880763054,0.02270747721195221,0.0002786418772302568,0.2460947036743164,0.0014358143089339137
3,63,0.763048529624939,0.7431313991546631,0.01984221115708351,0.7492894530296326,0.16727091372013092
3,64,0.4537888169288635,0.42765459418296814,0.0260712131857872,0.6300541162490845,0.11776063591241837
3,65,0.05714438110589981,0.05625902861356735,0.0008560171700082719,0.2933818995952606,0.009990662336349487
3,66,0.433413028717041,0.4247466027736664,0.008621381595730782,0.4502657651901245,0.03735703229904175
3,67,0.14037670195102692,0.1349022388458252,0.005453586578369141,0.20883604884147644,0.07405318319797516
3,68,0.03258749097585678,0.03214677423238754,0.0004167857114225626,0.23931658267974854,0.0034092715941369534
3,69,0.38326284289360046,0.37568557262420654,0.007521017454564571,0.562604546546936,0.026341291144490242
3,70,0.45620909333229065,0.4466094374656677,0.009549526497721672,0.5013648867607117,0.034273989498615265
3,71,0.47581496834754944,0.46074825525283813,0.015003385953605175,0.6333116292953491,0.04868019372224808
3,72,0.02350856363773346,0.02318202704191208,0.0003017314593307674,0.24804842472076416,0.0011312657734379172
3,73,0.2219873070716858,0.2131102830171585,0.008845491334795952,0.3153693675994873,0.030018756166100502
3,74,1.0497655868530273,1.0373947620391846,0.012235574424266815,1.353257179260254,0.33150261640548706
3,75,0.9252669215202332,0.8909883499145508,0.03416348248720169,1.1510133743286133,0.08848858624696732
3,76,0.03154530003666878,0.03121224045753479,0.00030679660267196596,0.2626194655895233,0.0009460066794417799
3,77,0.4373682737350464,0.41335707902908325,0.02394234761595726,0.6884921193122864,0.08194298297166824
3,78,0.8458872437477112,0.8310911655426025,0.014670469798147678,1.2558296918869019,0.4895257353782654
3,79,0.884330153465271,0.877170205116272,0.0071006109938025475,0.5938067436218262,0.25775665044784546
3,80,0.021104367449879646,0.020872078835964203,0.0002084948355332017,0.23793065547943115,0.0013072320725768805
3,81,0.40323176980018616,0.3810873329639435,0.022078346461057663,0.6611292958259583,0.057322144508361816
3,82,0.03504407778382301,0.03480260819196701,0.0002409818407613784,0.004886292852461338,0.0007053009467199445
3,83,1.2668030261993408,1.232192039489746,0.0344260148704052,1.8495922088623047,0.23314553499221802
3,84,0.42369410395622253,0.40978991985321045,0.01385490596294403,0.49253353476524353,0.05529540777206421
3,85,0.4507698714733124,0.4420807659626007,0.008635984733700752,0.5309385657310486,0.055937498807907104
3,86,0.44392526149749756,0.42890578508377075,0.014960835687816143,0.5864343643188477,0.06136220321059227
3,87,0.1415485143661499,0.13606086373329163,0.005466988310217857,0.20661602914333344,0.08760860562324524
3,88,0.44115832448005676,0.42410075664520264,0.0169658325612545,0.9172919392585754,0.06510897725820541
3,89,0.027305971831083298,0.027027301490306854,0.00025696505326777697,0.21705573797225952,0.002091745613142848
3,90,0.42975592613220215,0.41720736026763916,0.012504461221396923,0.4412093460559845,0.03179488331079483
3,91,0.4203324317932129,0.4022163152694702,0.01802719011902809,0.8892614245414734,0.051235783845186234
3,92,1.1267590522766113,1.1201424598693848,0.006541173905134201,0.7545278668403625,0.23511800169944763
3,93,0.017612861469388008,0.017394060268998146,0.00019696049275808036,0.21841450035572052,0.0016132715390995145
3,94,0.26677173376083374,0.2580300271511078,0.008712567389011383,0.2914036810398102,0.0637427568435669
3,95,0.15672580897808075,0.15193358063697815,0.0047738272696733475,0.18399477005004883,0.1754843145608902
3,96,1.0960534811019897,1.079764723777771,0.01612173020839691,1.6703466176986694,0.8743547201156616
3,97,0.24669501185417175,0.2398529350757599,0.006815535947680473,0.26531878113746643,0.059747740626335144
3,98,0.9954875111579895,0.9778401255607605,0.01755654811859131,0.9086594581604004,0.3068399429321289
3,99,0.4798843264579773,0.46162721514701843,0.01820247434079647,0.5463119149208069,0.1331888735294342
3,100,0.4132687449455261,0.40027540922164917,0.012943057343363762,0.5028215050697327,0.022325146943330765
4,1,0.4413022994995117,0.4314839839935303,0.00977026391774416,0.4805458188056946,0.0251769982278347
4,2,0.07511352002620697,0.07433748245239258,0.0007490832358598709,0.2695332467556,0.009653329849243164
4,3,0.9743649363517761,0.9564319849014282,0.017851881682872772,0.8104071617126465,0.04945351928472519
4,4,0.3714194595813751,0.36296936869621277,0.00841059535741806,0.39498093724250793,0.020559992641210556
4,5,0.5131337642669678,0.500758707523346,0.01232471689581871,0.5034618377685547,0.030250173062086105
4,6,0.46911200881004333,0.45556992292404175,0.013488381169736385,0.5369254350662231,0.04393996298313141
4,7,0.3278912901878357,0.30862319469451904,0.01925966702401638,0.08433479070663452,0.12403805553913116
4,8,0.20480114221572876,0.1992672085762024,0.005511203780770302,0.2272002398967743,0.24954159557819366
4,9,0.3737819790840149,0.3427998423576355,0.030871041119098663,1.1110395193099976,0.03649918735027313
4,10,0.8893765211105347,0.87608802318573,0.013178220018744469,1.10284423828125,0.7766336798667908
4,11,0.5145214200019836,0.48595666885375977,0.02849075198173523,0.7395973801612854,0.13225091993808746
4,12,0.8331183195114136,0.8135883808135986,0.01945425011217594,0.7572646737098694,0.2893783450126648
4,13,0.01949387602508068,0.01929229311645031,0.0001799821766326204,0.21601583063602448,0.001072061713784933
4,14,0.4723142385482788,0.4605713486671448,0.011694039218127728,0.48858150839805603,0.08689789474010468
4,15,0.9310322999954224,0.9170560836791992,0.01384723000228405,1.2896144390106201,0.2260383665561676
4,16,0.46881651878356934,0.4607192873954773,0.008055431768298149,0.4182712137699127,0.01480745617300272
4,17,0.07782276719808578,0.07745875418186188,0.00034476746805012226,0.19243018329143524,0.0046797324903309345
4,18,0.06586062908172607,0.06567789614200592,0.00016474089352414012,0.1799040287733078,0.002822090405970812
4,19,0.03633222356438637,0.03613074868917465,0.00018248637206852436,0.18988488614559174,0.0021645775996148586
4,20,0.3437456488609314,0.3359875977039337,0.007722534239292145,0.35511288046836853,0.03350520133972168
4,21,0.043155737221241,0.04273132234811783,0.00040004123002290726,0.2437596619129181,0.002724653109908104
4,22,0.3619033098220825,0.3538019359111786,0.008064533583819866,0.3684992790222168,0.0891517624258995
4,23,0.8972246050834656,0.880251944065094,0.01691623404622078,0.564424455165863,0.23274704813957214
4,24,1.1486332416534424,1.1276516914367676,0.020746758207678795,2.3485097885131836,0.22388938069343567
4,25,0.8514654040336609,0.8385847806930542,0.012762912549078465,1.1771198511123657,0.5332190990447998
4,26,0.4881967008113861,0.4803180992603302,0.007834142073988914,0.44469907879829407,0.08207450062036514
4,27,0.18040071427822113,0.17538514733314514,0.004997926764190197,0.17639990150928497,0.11832087486982346
4,28,0.6154006123542786,0.6091554760932922,0.0062249088659882545,0.20235441625118256,0.11384791880846024
4,29,0.7229480147361755,0.7160758972167969,0.006771259941160679,1.0083059072494507,0.1814892441034317
4,30,1.2352567911148071,1.2124056816101074,0.02270173653960228,1.4939359426498413,0.07207182794809341
4,31,1.2701281309127808,1.237863540649414,0.03195727616548538,3.0734596252441406,0.08820748329162598
4,32,0.019631797447800636,0.01922927424311638,0.0003906407509930432,0.11881167441606522,0.06357400119304657
4,33,0.40952789783477783,0.39082539081573486,0.01864377036690712,0.5874131321907043,0.032628290355205536
4,34,0.050098173320293427,0.049348607659339905,0.000722378958016634,0.2718801200389862,0.010578261688351631
4,35,0.02445363812148571,0.02414659783244133,0.00028373271925374866,0.23307020962238312,0.001437684753909707
4,36,0.4351932406425476,0.41838860511779785,0.016725698485970497,0.789540708065033,0.06301827728748322
4,37,0.38108208775520325,0.374528706073761,0.006498655304312706,0.5470600724220276,0.03528275340795517
4,38,1.027145266532898,0.9902487993240356,0.03676827996969223,1.2812093496322632,0.19054526090621948
4,39,0.7934563159942627,0.7733908295631409,0.0199867133051157,0.7879735827445984,0.18240675330162048
4,40,0.029201356694102287,0.028803866356611252,0.00037452689139172435,0.22962841391563416,0.0033020717091858387
4,41,0.03228677436709404,0.03191177546977997,0.0003519115853123367,0.2308647632598877,0.003146817209199071
4,42,0.2498605102300644,0.24425116181373596,0.00558573380112648,0.23619438707828522,0.041884880512952805
4,43,0.44841715693473816,0.43937206268310547,0.008994216099381447,0.5086118578910828,0.01921512931585312
4,44,1.063431739807129,1.0569612979888916,0.006407939363270998,0.6246370673179626,0.164806067943573
4,45,0.3282417953014374,0.320637971162796,0.007577767129987478,0.2604089677333832,0.029999012127518654
4,46,0.44547396898269653,0.43416857719421387,0.011251494288444519,0.5389543175697327,0.05919044092297554
4,47,0.3395054042339325,0.32338446378707886,0.01610955409705639,0.11397664994001389,0.07215168327093124
4,48,0.5241106152534485,0.5085741877555847,0.01547892577946186,0.5749654173851013,0.18825700879096985
4,49,0.5341451168060303,0.5218754410743713,0.01219856459647417,0.7109760046005249,0.184637188911438
4,50,0.8651886582374573,0.848796010017395,0.016313252970576286,0.7939946055412292,0.203961580991745
4,51,0.6537566184997559,0.6420050859451294,0.011658977717161179,0.9255266785621643,0.29349273443222046
4,52,0.25562572479248047,0.24845276772975922,0.007146866526454687,0.2608649432659149,0.07878413796424866
4,53,0.529731035232544,0.5190416574478149,0.010635622777044773,0.5378214120864868,0.02766786515712738
4,54,0.05312088876962662,0.05238950252532959,0.0007038142066448927,0.27570226788520813,0.008836016058921814
4,55,0.14122603833675385,0.13652491569519043,0.00468087662011385,0.2024649828672409,0.05070128291845322
4,56,0.13633985817432404,0.13216081261634827,0.004162541590631008,0.16503749787807465,0.036053746938705444
4,57,1.1923414468765259,1.1856753826141357,0.006583448499441147,0.8264229893684387,0.07201175391674042
4,58,0.23543834686279297,0.22796973586082458,0.007428927347064018,0.39688101410865784,0.024944987148046494
4,59,0.0248162392526865,0.024540498852729797,0.0002522535505704582,0.23487015068531036,0.00136354542337358
4,60,0.9396650195121765,0.9064904451370239,0.03305701166391373,1.1753648519515991,0.080515056848526
4,61,0.07556738704442978,0.07477278262376785,0.000767106597777456,0.2749774754047394,0.00987060833722353
4,62,0.42104431986808777,0.40857961773872375,0.01241888664662838,0.45816248655319214,0.06684543192386627
4,63,0.4601419270038605,0.4421635866165161,0.01784290373325348,1.3545314073562622,0.09957551211118698
4,64,0.4112716317176819,0.39102843403816223,0.02017217129468918,0.7100840210914612,0.04585888236761093
4,65,0.025494424626231194,0.025129659101366997,0.0003538572636898607,0.10907822847366333,0.09280809760093689
4,66,0.4597494900226593,0.45195698738098145,0.007748137228190899,0.4437136948108673,0.03827903792262077
4,67,1.155911922454834,1.118774652481079,0.0368078276515007,3.295386791229248,0.13332882523536682
4,68,0.052873291075229645,0.052088867872953415,0.0007618024246767163,0.22619205713272095,0.009285591542720795
4,69,0.8797467947006226,0.8534407615661621,0.026203930377960205,1.0213086605072021,0.06998878717422485
4,70,1.1193727254867554,1.111034870147705,0.008258010260760784,0.7992590069770813,0.21057716012001038
4,71,0.9386484622955322,0.9248936176300049,0.013621855527162552,1.3298062086105347,0.5267066955566406
4,72,0.13233813643455505,0.1284848153591156,0.003837600816041231,0.15713612735271454,0.055535443127155304
4,73,0.4445340931415558,0.4375384449958801,0.006948747206479311,0.4690503776073456,0.027084842324256897
4,74,0.06363069266080856,0.0628158450126648,0.0007886876119300723,0.2616099715232849,0.013730841688811779
4,75,0.14431507885456085,0.1388835310935974,0.00541334506124258,0.18201881647109985,0.15043139457702637
4,76,0.4298809766769409,0.4150301516056061,0.014767201617360115,0.8361312747001648,0.081479012966156
4,77,0.01775646209716797,0.0175674669444561,0.00016865960787981749,0.20335975289344788,0.0017905485583469272
4,78,1.1400893926620483,1.1176259517669678,0.02219911850988865,2.6430647373199463,0.3415178060531616
4,79,0.03270209580659866,0.027029890567064285,0.005671451799571514,0.007508145645260811,0.003136089537292719
4,80,1.2691079378128052,1.2399085760116577,0.028969502076506615,2.29790997505188,0.3142375349998474
4,81,1.0570305585861206,1.0485105514526367,0.008433911949396133,0.8604323863983154,0.41419070959091187
4,82,0.8705021739006042,0.8532947301864624,0.01710890419781208,0.9851372838020325,0.20427629351615906
4,83,1.2592096328735352,1.2184054851531982,0.04041872173547745,3.854016065597534,0.22348245978355408
4,84,0.13650454580783844,0.13208118081092834,0.004402896389365196,0.20474132895469666,0.08793970942497253
4,85,0.7519816756248474,0.7359309196472168,0.01596710830926895,0.8362653255462646,0.1332179605960846
4,86,0.9107810854911804,0.9019104838371277,0.00878092274069786,0.8971948027610779,0.280182421207428
4,87,0.957022488117218,0.9232921004295349,0.033607110381126404,1.2325001955032349,0.11276241391897202
4,88,0.1478632390499115,0.14366492629051208,0.004181552678346634,0.1676054298877716,0.03499144688248634
4,89,0.9636309146881104,0.9325639009475708,0.030898239463567734,1.6882680654525757,0.10634471476078033
4,90,0.37205323576927185,0.36545029282569885,0.006559857167303562,0.43100705742836,0.009630660526454449
4,91,0.024819280952215195,0.024612698704004288,0.00018915400141850114,0.17429375648498535,0.002005578950047493
4,92,0.5049371719360352,0.48912152647972107,0.015740681439638138,0.75002121925354,0.03983668237924576
4,93,0.03905985504388809,0.038621626794338226,0.0004264964663889259,0.11730407923460007,0.13772761821746826
4,94,0.04429557919502258,0.043858230113983154,0.00042622891487553716,0.11120598763227463,0.15960589051246643
4,95,0.047516871243715286,0.047142185270786285,0.000352920702425763,0.21765713393688202,0.003367477096617222
4,96,0.14156384766101837,0.1369163542985916,0.004626658745110035,0.20835267007350922,0.13136076927185059
4,97,0.23659491539001465,0.2304699420928955,0.006102644372731447,0.22317935526371002,0.04288431629538536
4,98,0.43581509590148926,0.4227261543273926,0.012988710775971413,1.0023714303970337,0.048199012875556946
4,99,0.022061049938201904,0.021728800609707832,0.00032104592537507415,0.11204095184803009,0.03149130195379257
4,100,1.0560697317123413,1.0237631797790527,0.031970031559467316,3.3654873371124268,0.1026146337389946
5,1,1.1567049026489258,1.1290652751922607,0.02740507572889328,2.346204996109009,0.13605639338493347
5,2,0.40556058287620544,0.3842591643333435,0.02117341384291649,1.280135154724121,0.028295500203967094
5,3,0.4660488963127136,0.4486193358898163,0.01736956462264061,0.5998368859291077,0.08606942743062973
5,4,0.38731229305267334,0.3698415756225586,0.01741647906601429,0.5424990057945251,0.02791149914264679
5,5,0.8588689565658569,0.8440656065940857,0.014728193171322346,0.7515175342559814,0.1642027199268341
5,6,0.38265830278396606,0.35987627506256104,0.022664973512291908,1.1705803871154785,0.04253538325428963
5,7,0.15161742269992828,0.14835400879383087,0.003247044747695327,0.16380634903907776,0.058711521327495575
5,8,0.2104637622833252,0.203145831823349,0.007294566370546818,0.233651265501976,0.02315109223127365
5,9,1.0085922479629517,0.9818620681762695,0.02644060179591179,2.8955020904541016,0.1772945374250412
5,10,0.1503991186618805,0.1477268636226654,0.0026560251135379076,0.1622212529182434,0.05394536256790161
5,11,0.047912225127220154,0.047764331102371216,0.00013067328836768866,0.1722385287284851,0.0024032010696828365
5,12,1.163109540939331,1.1414426565170288,0.021402113139629364,2.64744234085083,0.20226775109767914
5,13,0.13406112790107727,0.13047584891319275,0.003569573163986206,0.15698808431625366,0.05807347595691681
5,14,0.2321455031633377,0.2249411642551422,0.007176419720053673,0.27926191687583923,0.028743838891386986
5,15,0.4979360103607178,0.4898189306259155,0.008062046021223068,0.550382673740387,0.046979498118162155
5,16,0.26022908091545105,0.2541764974594116,0.006033291108906269,0.19283124804496765,0.06908650696277618
5,17,0.9411117434501648,0.9343376159667969,0.006699671503156424,0.7445282936096191,0.308131605386734
5,18,0.01779765821993351,0.017630860209465027,0.00014788599219173193,0.18912144005298615,0.001650625024922192
5,19,0.03578184172511101,0.035419248044490814,0.0003431961522437632,0.19399240612983704,0.006091870367527008
5,20,0.01949385181069374,0.01930839940905571,0.00016654186765663326,0.18911390006542206,0.0019330515060573816
5,21,0.01783541589975357,0.017664369195699692,0.00015245172835420817,0.18594294786453247,0.0018139854073524475
5,22,0.44768401980400085,0.440390020608902,0.007251362781971693,0.42632362246513367,0.0555441752076149
5,23,0.34746214747428894,0.33983922004699707,0.007565229199826717,0.5769358277320862,0.037918820977211
5,24,0.8059719800949097,0.7874016761779785,0.01849404163658619,0.7624481916427612,0.27171218395233154
5,25,0.2051251083612442,0.1994626224040985,0.005644658580422401,0.1781955510377884,0.014128623530268669
5,26,0.02232849970459938,0.022099286317825317,0.0002106988540617749,0.185146763920784,0.0013961239019408822
5,27,0.04983554035425186,0.04902767390012741,0.000806015741545707,0.01851857453584671,0.007644052151590586
5,28,0.2053428590297699,0.1992243081331253,0.006094860844314098,0.23697824776172638,0.013344584964215755
5,29,0.21325655281543732,0.20755606889724731,0.005679162684828043,0.2132776528596878,0.014113172888755798
5,30,1.0641820430755615,1.046114206314087,0.01787612959742546,1.9166452884674072,0.25480973720550537
5,31,0.024727556854486465,0.024354998022317886,0.0003598858311306685,0.1267327070236206,0.06465692818164825
5,32,0.02351810783147812,0.02319774031639099,0.0003079592133872211,0.12409583479166031,0.05735580623149872
5,33,1.0374982357025146,1.024074912071228,0.013232836499810219,1.9054771661758423,0.64989173412323
5,34,0.0168050155043602,0.016540389508008957,0.0002535113017074764,0.11114301532506943,0.048742327839136124
5,35,0.13629159331321716,0.13243377208709717,0.0038424567319452763,0.15367171168327332,0.06271326541900635
5,36,0.7122859954833984,0.6965749263763428,0.01565096341073513,0.6005461812019348,0.12635472416877747
5,37,0.2195485383272171,0.21363677084445953,0.005890410393476486,0.2135627120733261,0.009525835514068604
5,38,0.028664182871580124,0.028436698019504547,0.00021166230726521462,0.1582392007112503,0.002648415509611368
5,39,0.8165390491485596,0.8056390881538391,0.01077643409371376,1.2349047660827637,0.25371384620666504
5,40,0.04999343678355217,0.04930545389652252,0.0006684130057692528,0.19567157328128815,0.012314364314079285
5,41,0.8791406750679016,0.8646485805511475,0.01440868154168129,0.8338205814361572,0.1129848062992096
5,42,0.4400023818016052,0.4308815896511078,0.009075568988919258,0.45207342505455017,0.02567467838525772
5,43,1.167062759399414,1.128778338432312,0.03785605728626251,4.283597469329834,0.1337788701057434
5,44,0.34801915287971497,0.3411264419555664,0.006854352541267872,0.38353243470191956,0.024813998490571976
5,45,0.0317545123398304,0.03149135038256645,0.00024204245710279793,0.21120059490203857,0.002216327702626586
5,46,0.474139928817749,0.46234750747680664,0.011731378734111786,0.6104066967964172,0.08998290449380875
5,47,0.901528000831604,0.8704676032066345,0.03095199353992939,1.0842232704162598,0.09434053301811218
5,48,0.39589399099349976,0.3713985085487366,0.02440604567527771,0.8942435383796692,0.024279963225126266
5,49,0.4609268307685852,0.4532974362373352,0.0075537096709012985,0.7570855617523193,0.053687870502471924
5,50,0.051911674439907074,0.05158873647451401,0.00029862765222787857,0.24310912191867828,0.003971881233155727
5,51,0.04340481013059616,0.043025754392147064,0.00035540369572117925,0.23650217056274414,0.003836394753307104
5,52,0.4153398275375366,0.4050145447254181,0.010285037569701672,0.4024392068386078,0.048825159668922424
5,53,0.3682410418987274,0.3465702533721924,0.021580249071121216,0.9054301381111145,0.024964382871985435
5,54,0.459028035402298,0.4519929885864258,0.006982268299907446,0.527760922908783,0.03377335146069527
5,55,0.9107136130332947,0.894539475440979,0.0160935390740633,0.8058487176895142,0.13364121317863464
5,56,1.057327389717102,1.0481300354003906,0.009084928780794144,1.124100685119629,0.24770769476890564
5,57,0.18151919543743134,0.17704173922538757,0.004461850039660931,0.15602003037929535,0.015209777280688286
5,58,0.7599920630455017,0.7459396123886108,0.013979574665427208,0.7291420698165894,0.18044352531433105
5,59,1.0156136751174927,1.0050365924835205,0.01046755351126194,1.0954018831253052,0.3633834719657898
5,60,0.4356756806373596,0.42472851276397705,0.010897675529122353,0.49511873722076416,0.06109395623207092
5,61,0.7427939176559448,0.729088306427002,0.013635419309139252,0.7020831108093262,0.2157091349363327
5,62,1.0588756799697876,1.0368857383728027,0.02174285426735878,2.4712166786193848,0.2749735713005066
5,63,0.4570017457008362,0.4436231851577759,0.01322879921644926,1.4974961280822754,0.07498550415039062
5,64,0.0330340676009655,0.032823801040649414,0.00019129712018184364,0.18969964981079102,0.0015998457092791796
5,65,0.9313477873802185,0.9223188161849976,0.008934861049056053,0.9414305090904236,0.2604976296424866
5,66,0.4084804952144623,0.39621230959892273,0.01217283308506012,0.9533481597900391,0.05647831782698631
5,67,0.24416117370128632,0.23843643069267273,0.005702835042029619,0.21901902556419373,0.03847541660070419
5,68,0.6507745385169983,0.6403958201408386,0.010258972644805908,1.1977540254592896,0.2966299057006836
5,69,0.9597311615943909,0.9368789196014404,0.022539209574460983,3.1302289962768555,0.16876570880413055
5,70,0.13223931193351746,0.12847326695919037,0.003749138442799449,0.16911260783672333,0.06596435606479645
5,71,0.9534473419189453,0.9348516464233398,0.018491432070732117,1.0422542095184326,0.15841926634311676
5,72,1.2608964443206787,1.2290735244750977,0.0315607525408268,2.6211435794830322,0.16329118609428406
5,73,0.38917553424835205,0.38241666555404663,0.006716993637382984,0.41864487528800964,0.2627301514148712
5,74,0.050301115959882736,0.04967162013053894,0.0006052899407222867,0.24207328259944916,0.012063469737768173
5,75,0.6342938542366028,0.6209450364112854,0.013224572874605656,1.2422504425048828,0.2614188492298126
5,76,0.8548959493637085,0.8353642225265503,0.01931796222925186,2.1373138427734375,0.55154949426651
5,77,1.162937879562378,1.1410638093948364,0.021600671112537384,2.7336246967315674,0.1777515411376953
5,78,0.14928506314754486,0.14559398591518402,0.00365896406583488,0.32110220193862915,0.0820627361536026
5,79,0.04826150834560394,0.0476079061627388,0.0006325063295662403,0.2109624296426773,0.011335328221321106
5,80,0.1305035650730133,0.12684763967990875,0.0036431672051548958,0.1276031881570816,0.037422481924295425
5,81,1.28909170627594,1.2680327892303467,0.020668473094701767,3.9035606384277344,0.16404989361763
5,82,0.02400704100728035,0.023673798888921738,0.0003232146555092186,0.10025870054960251,0.03902704268693924
5,83,0.6635605096817017,0.6515401005744934,0.011900537647306919,1.1987485885620117,0.2867898941040039
5,84,0.4104008674621582,0.3894234299659729,0.02087142877280712,1.0601544380187988,0.09109239280223846
5,85,0.8283135890960693,0.8063888549804688,0.02185126766562462,0.7348397374153137,0.08137643337249756
5,86,0.37875819206237793,0.35733675956726074,0.021306702867150307,1.1474865674972534,0.05885247886180878
5,87,1.1106348037719727,1.0813382863998413,0.02900903858244419,2.8755483627319336,0.16551537811756134
5,88,0.44934508204460144,0.4386725127696991,0.010623090900480747,0.49467745423316956,0.0410696417093277
5,89,0.8962539434432983,0.8704929351806641,0.025658544152975082,1.0244734287261963,0.06750567257404327
5,90,0.40139564871788025,0.39045965671539307,0.010841123759746552,0.9487305879592896,0.06385566294193268
5,91,0.8990681171417236,0.878108024597168,0.02077898383140564,1.8108989000320435,0.44904935359954834
5,92,0.0055696084164083,0.005541113205254078,1.047646401275415e-05,0.180186927318573,0.0009441813454031944
5,93,1.0758061408996582,1.0539827346801758,0.021374914795160294,4.4850664138793945,0.09672828018665314
5,94,0.3905460238456726,0.368624746799469,0.021771928295493126,1.4932787418365479,0.028485296294093132
5,95,0.24935339391231537,0.24306979775428772,0.006263412535190582,0.20196129381656647,0.0836905688047409
5,96,0.046585313975811005,0.046219367533922195,0.00034390290966257453,0.22043518722057343,0.003895834553986788
5,97,0.9782964587211609,0.9627501964569092,0.015311775729060173,2.344893455505371,0.654761016368866
5,98,0.6955459117889404,0.6857950091362,0.009604796767234802,1.460791826248169,0.2899532914161682
5,99,0.8743741512298584,0.8476842641830444,0.026485290378332138,2.046476125717163,0.6417446136474609
5,100,0.21207080781459808,0.20621426403522491,0.005824570544064045,0.3197123408317566,0.020488034933805466
6,1,0.7317880988121033,0.7187117338180542,0.013001319020986557,0.7501742839813232,0.07229511439800262
6,2,0.25145378708839417,0.24682535231113434,0.004607168957591057,0.21281126141548157,0.03088223561644554
6,3,0.7591066360473633,0.7435087561607361,0.01552259549498558,0.7530098557472229,0.0700303390622139
6,4,1.0878713130950928,1.0796911716461182,0.008084563538432121,0.9563681483268738,0.2182905375957489
6,5,0.0286108385771513,0.02826373651623726,0.00032867403933778405,0.18426741659641266,0.0031463694758713245
6,6,0.4041731357574463,0.38870400190353394,0.015409398823976517,0.5973802208900452,0.04869569092988968
6,7,0.772537112236023,0.7544443607330322,0.0180143341422081,0.7841587662696838,0.19525867700576782
6,8,1.0317836999893188,1.0009405612945557,0.030721548944711685,1.2155455350875854,0.21074503660202026
6,9,0.8780227899551392,0.8554644584655762,0.022458571940660477,0.9974986910820007,0.13125936686992645
6,10,0.8779461979866028,0.8647820949554443,0.013076569885015488,0.8757823705673218,0.14620712399482727
6,11,1.0144219398498535,0.9802253246307373,0.03376689925789833,4.297945022583008,0.10164355486631393
6,12,0.351703017950058,0.34604713320732117,0.005627456121146679,0.2842097580432892,0.013678060844540596
6,13,0.02606605738401413,0.02588067576289177,0.0001668754848651588,0.18506231904029846,0.001586354337632656
6,14,0.031201468780636787,0.030896179378032684,0.0002846033894456923,0.20685738325119019,0.003417359897866845
6,15,0.7500531077384949,0.7331529855728149,0.016844389960169792,0.5573269128799438,0.05870196595788002
6,16,1.0162907838821411,0.990363359451294,0.025722738355398178,2.046741008758545,0.05458277463912964
6,17,0.02835545502603054,0.02812756597995758,0.00020555425726342946,0.22335518896579742,0.002084252890199423
6,18,0.438687264919281,0.42806679010391235,0.010516160167753696,1.0429401397705078,0.10843636095523834
6,19,0.4747454822063446,0.4639800786972046,0.010688332840800285,0.7706189751625061,0.06430768966674805
6,20,0.1496080905199051,0.14487627148628235,0.004713163711130619,0.1866137534379959,0.16445747017860413
6,21,0.01272922195494175,0.006220625247806311,0.006507729180157185,0.008679750375449657,0.003909576218575239
6,22,0.35002800822257996,0.3324158489704132,0.01752585545182228,0.86301189661026,0.03122563846409321
6,23,1.0560026168823242,1.0488183498382568,0.007058951072394848,1.253058910369873,0.23335492610931396
6,24,0.2022792100906372,0.1960906833410263,0.006169168744236231,0.19357284903526306,0.01540648378431797
6,25,0.6623451113700867,0.6526365876197815,0.009592409245669842,1.160802960395813,0.2769232988357544
6,26,0.043736301362514496,0.043447546660900116,0.0002702997880987823,0.18455134332180023,0.0043150437995791435
6,27,0.3931402862071991,0.37625834345817566,0.016836535185575485,0.4541310966014862,0.033267825841903687
6,28,0.37734454870224,0.370011568069458,0.00728997215628624,0.43016648292541504,0.03605513274669647
6,29,0.13735522329807281,0.13387908041477203,0.0034632920287549496,0.12838958203792572,0.07120594382286072
6,30,0.4523608982563019,0.4457292854785919,0.006578389089554548,0.5324114561080933,0.04122590273618698
6,31,0.3818230628967285,0.366463840007782,0.015312287025153637,0.46927204728126526,0.031170442700386047
6,32,0.04712053760886192,0.04651728272438049,0.000584469351451844,0.18786749243736267,0.01065746322274208
6,33,0.793013334274292,0.7798753976821899,0.01306583546102047,0.7211722135543823,0.13420778512954712
6,34,0.945672333240509,0.9331163763999939,0.012466765008866787,0.8916264176368713,0.14835083484649658
6,35,0.05467749014496803,0.05419016629457474,0.0004688315966632217,0.18492279946804047,0.01063457690179348
6,36,0.4863578975200653,0.4749423563480377,0.011364866979420185,0.5067732930183411,0.09869363903999329
6,37,0.6994257569313049,0.6895216703414917,0.009824583306908607,0.7953586578369141,0.07312629371881485
6,38,0.7278572916984558,0.7166928052902222,0.011106027290225029,0.5845627784729004,0.0686868280172348
6,39,0.04192882031202316,0.04163346812129021,0.0002775077009573579,0.17842957377433777,0.004192983731627464
6,40,0.03717689588665962,0.0368780642747879,0.0002803382812999189,0.18491850793361664,0.004590803291648626
6,41,0.014256822876632214,0.01399879902601242,0.0002464746357873082,0.11549607664346695,0.05429161339998245
6,42,0.016532331705093384,0.016376055777072906,0.0001372556434944272,0.19020088016986847,0.002324557863175869
6,43,0.4445784091949463,0.4346662759780884,0.009870655834674835,0.414734810590744,0.04139792546629906
6,44,0.45498836040496826,0.4487641453742981,0.006173958070576191,0.5025196671485901,0.04679948836565018
6,45,1.1572272777557373,1.1440671682357788,0.012845028191804886,3.1511456966400146,0.21269911527633667
6,46,0.685872495174408,0.675596296787262,0.01013898104429245,1.3721981048583984,0.3645860552787781
6,47,1.0236937999725342,1.0156160593032837,0.00794665701687336,1.3115030527114868,0.34317144751548767
6,48,0.4157184958457947,0.4063064455986023,0.009376317262649536,0.3572865426540375,0.058634646236896515
6,49,0.05319061502814293,0.05287022143602371,0.0002955556265078485,0.24835051596164703,0.004758545197546482
6,50,0.04093606024980545,0.04062364995479584,0.00030063887243159115,0.11773702502250671,0.1007763147354126
6,51,0.6442930698394775,0.6325827836990356,0.011599311605095863,1.1098558902740479,0.26180535554885864
6,52,0.1543203741312027,0.1501440703868866,0.004154898226261139,0.21415463089942932,0.08104203641414642
6,53,0.386782169342041,0.3713487386703491,0.015344499610364437,0.8893902897834778,0.031325869262218475
6,54,0.9516390562057495,0.9269307255744934,0.02456505224108696,1.4328994750976562,0.05790059641003609
6,55,0.9444894194602966,0.9301113486289978,0.014282763004302979,0.9531164765357971,0.06309505552053452
6,56,0.44589751958847046,0.4327472448348999,0.013085509650409222,0.6476096510887146,0.05179615691304207
6,57,0.9200794100761414,0.9117943048477173,0.00818425603210926,1.008492112159729,0.1951504647731781
6,58,0.45149585604667664,0.44027358293533325,0.011076139286160469,1.461235523223877,0.0437534861266613
6,59,0.016037680208683014,0.015682991594076157,0.0003415274550206959,0.1316201388835907,0.07024578750133514
6,60,0.39036262035369873,0.375698447227478,0.014623855240643024,0.40323102474212646,0.040108874440193176
6,61,0.2062888741493225,0.20143365859985352,0.004827937576919794,0.27280139923095703,0.018419746309518814
6,62,0.39120277762413025,0.3767576217651367,0.014405522495508194,0.39646926522254944,0.05319805070757866
6,63,0.7177422046661377,0.704698383808136,0.012898100540041924,1.4573256969451904,0.5118452310562134
6,64,0.016643213108181953,0.016324717551469803,0.00030677314498461783,0.11721646040678024,0.08417735993862152
6,65,0.1315607726573944,0.12800255417823792,0.0035447943955659866,0.13422361016273499,0.054871708154678345
6,66,0.020101476460695267,0.02007601037621498,1.6881129340617917e-05,0.08585744351148605,0.03932882100343704
6,67,1.1186704635620117,1.0761983394622803,0.04195748269557953,5.14607048034668,0.2553580403327942
6,68,0.440365731716156,0.4275808334350586,0.012738451361656189,0.4641973078250885,0.017441365867853165
6,69,0.1442001461982727,0.1413172036409378,0.0028617712669074535,0.2117433100938797,0.06847994029521942
6,70,0.024350080639123917,0.02403356321156025,0.0003047680947929621,0.11749868094921112,0.03186335414648056
6,71,0.6703410744667053,0.6597787141799927,0.010431894101202488,1.3046787977218628,0.25011786818504333
6,72,0.42172423005104065,0.41183939576148987,0.00978405773639679,1.0076502561569214,0.0533309206366539
6,73,0.8582364916801453,0.8425927758216858,0.01540721207857132,2.3653571605682373,0.751158595085144
6,74,1.0516263246536255,1.0261566638946533,0.02503490447998047,4.347738265991211,0.1853393018245697
6,75,0.018062632530927658,0.017905250191688538,0.00013934742310084403,0.18033809959888458,0.0026903636753559113
6,76,0.025869853794574738,0.025585588067770004,0.0002743561053648591,0.09909716248512268,0.11154112219810486
6,77,0.13167746365070343,0.1292235106229782,0.0024382497649639845,0.15699930489063263,0.1232297271490097
6,78,0.07396552711725235,0.07163168489933014,0.002333358395844698,0.004867653362452984,0.001095584942959249
6,79,0.36141037940979004,0.3450244665145874,0.0162971094250679,0.8881376385688782,0.031828656792640686
6,80,0.13970185816287994,0.1360839605331421,0.0036045375745743513,0.13365891575813293,0.0798577144742012
6,81,0.935280442237854,0.9308005571365356,0.004419415723532438,0.6052122116088867,0.07277241349220276
6,82,0.8788117170333862,0.8654956817626953,0.013208920136094093,1.0713014602661133,0.14017100632190704
6,83,0.43340757489204407,0.41717007756233215,0.01619628816843033,0.4121532142162323,0.04274185001850128
6,84,1.0409018993377686,1.0103375911712646,0.030133377760648727,4.309327602386475,0.15613552927970886
6,85,0.27807462215423584,0.2737165093421936,0.0043342225253582,0.23890484869480133,0.051906995475292206
6,86,0.7031816840171814,0.6912110447883606,0.011791341938078403,1.7926990985870361,0.258014976978302
6,87,0.43624719977378845,0.423940509557724,0.012250009924173355,0.5669696927070618,0.0762866735458374
6,88,0.24476538598537445,0.23997379839420319,0.004764297977089882,0.27283310890197754,0.013837682083249092
6,89,0.03610705956816673,0.0359700471162796,0.00012333260383456945,0.13678854703903198,0.0033635860309004784
6,90,1.0092359781265259,1.0001378059387207,0.00897005945444107,1.2818564176559448,0.12957966327667236
6,91,0.997106671333313,0.9711392521858215,0.025697894394397736,2.6951963901519775,0.25235646963119507
6,92,0.7400276064872742,0.7257692217826843,0.014189845882356167,0.6857413053512573,0.06589904427528381
6,93,0.45767077803611755,0.4486428201198578,0.008938291110098362,0.896727442741394,0.07862348109483719
6,94,0.744584321975708,0.7302627563476562,0.014244897291064262,0.7664901614189148,0.13515007495880127
6,95,1.1732335090637207,1.1437406539916992,0.029163863509893417,3.2904274463653564,0.19752958416938782
6,96,0.15850883722305298,0.1543111503124237,0.004181483760476112,0.16201134026050568,0.12472916394472122
6,97,0.013237714767456055,0.013210650533437729,9.422040420759004e-06,0.17642205953598022,0.0015152504201978445
6,98,1.1578975915908813,1.131697177886963,0.025697387754917145,5.031075477600098,0.28858858346939087
6,99,1.2578386068344116,1.2117772102355957,0.045568741858005524,4.927239418029785,0.24639812111854553
6,100,1.0867947340011597,1.044019103050232,0.042253345251083374,5.223007678985596,0.2033570408821106
7,1,0.44114306569099426,0.43285006284713745,0.008255572989583015,0.37417662143707275,0.03835476189851761
7,2,0.08758600801229477,0.08683611452579498,0.0007454210426658392,0.044698093086481094,0.009019823744893074
7,3,0.9771221876144409,0.9457165002822876,0.031120257452130318,2.8543503284454346,0.8003615736961365
7,4,1.2483352422714233,1.2151001691818237,0.03285074234008789,3.8434526920318604,0.1544070839881897
7,5,0.9240745306015015,0.8983747959136963,0.025585457682609558,1.1427156925201416,0.10148660838603973
7,6,0.40443041920661926,0.394286572933197,0.010048255324363708,0.9558647871017456,0.04566305875778198
7,7,0.029001984745264053,0.0287503432482481,0.00023234952823258936,0.19291459023952484,0.001565959770232439
7,8,0.49502551555633545,0.4874330163002014,0.007517325691878796,0.7515607476234436,0.030956480652093887
7,9,0.4278663694858551,0.4221143126487732,0.005691345781087875,0.606981635093689,0.030999984592199326
7,10,0.3950183093547821,0.3868628144264221,0.008117987774312496,0.3752100169658661,0.044256746768951416
7,11,0.24598552286624908,0.24078215658664703,0.0051841652020812035,0.19211244583129883,0.07032419741153717
7,12,0.08084089308977127,0.08006240427494049,0.0007733287056908011,0.05165790393948555,0.016116201877593994
7,13,0.026614831760525703,0.026432529091835022,0.00016109524585772306,0.21207205951213837,0.0027915160171687603
7,14,0.36494144797325134,0.35860568284988403,0.006255988031625748,0.7978160381317139,0.06160388141870499
7,15,0.14349998533725739,0.13794398307800293,0.0055411215871572495,0.14890702068805695,0.09628397226333618
7,16,0.022052893415093422,0.021829839795827866,0.00020200948347337544,0.2104368805885315,0.0019175634952262044
7,17,0.235439270734787,0.23133519291877747,0.004087626002728939,0.16456279158592224,0.04057222232222557
7,18,0.4131178855895996,0.40551167726516724,0.007569417357444763,0.3677143156528473,0.03062356263399124
7,19,0.4435908794403076,0.4295284152030945,0.013905048370361328,1.574016809463501,0.05568918585777283
7,20,0.021237613633275032,0.021081844344735146,0.00013734132517129183,0.18426863849163055,0.0022667597513645887
7,21,0.22317977249622345,0.21830616891384125,0.0048419819213449955,0.3161924481391907,0.01578131504356861
7,22,0.40711352229118347,0.39902663230895996,0.008056247606873512,0.30637499690055847,0.03484952077269554
7,23,0.8986090421676636,0.8832780718803406,0.015244534239172935,0.8640509843826294,0.1453063189983368
7,24,0.7572099566459656,0.742438554763794,0.01470364723354578,0.6779578924179077,0.12004771828651428
7,25,0.03616777062416077,0.0358462855219841,0.00030078794225119054,0.2069770246744156,0.008140036836266518
7,26,0.8933259844779968,0.8781304955482483,0.014984454959630966,2.110567569732666,0.14329485595226288
7,27,0.9832335710525513,0.9593925476074219,0.02373138628900051,1.0960098505020142,0.08861763775348663
7,28,0.12005194276571274,0.11703644692897797,0.0029984870925545692,0.1701151728630066,0.09274281561374664
7,29,0.4748532176017761,0.4694822430610657,0.0053079756908118725,0.6301034688949585,0.04731249436736107
7,30,0.4985169470310211,0.48718634247779846,0.011273926123976707,0.5669257640838623,0.06521537899971008
7,31,0.7364715337753296,0.7234896421432495,0.012919791042804718,0.6213621497154236,0.07976633310317993
7,32,1.1998389959335327,1.1757843494415283,0.02378966473042965,2.649820566177368,0.09565000236034393
7,33,0.4003930687904358,0.39079827070236206,0.0095065301284194,0.8827143907546997,0.06509217619895935
7,34,0.4338580071926117,0.4234127402305603,0.010295461863279343,1.4981697797775269,0.063681960105896
7,35,0.8649826049804688,0.8449395895004272,0.019865259528160095,1.7772856950759888,0.5740923285484314
7,36,0.38514113426208496,0.3722850978374481,0.012816639617085457,0.3938411474227905,0.03373799845576286
7,37,0.21055588126182556,0.20595191419124603,0.004581766203045845,0.222040057182312,0.016691120341420174
7,38,0.39542528986930847,0.38276246190071106,0.012576848268508911,0.8597293496131897,0.06299856305122375
7,39,0.024814529344439507,0.02465643733739853,0.0001403677451889962,0.1772443652153015,0.0026096836663782597
7,40,1.060359001159668,1.0386515855789185,0.021385733038187027,3.2158613204956055,0.15066270530223846
7,41,0.024110903963446617,0.02392498403787613,0.00016704481095075607,0.18875087797641754,0.002371146809309721
7,42,0.13294416666030884,0.13035178184509277,0.0025792368687689304,0.13140782713890076,0.05103205889463425
7,43,0.016360506415367126,0.01619860529899597,0.0001426698872819543,0.192310631275177,0.0022947341203689575
7,44,0.14350676536560059,0.13997222483158112,0.003512557363137603,0.21974042057991028,0.11247874796390533
7,45,0.056621138006448746,0.056053511798381805,0.0005429213051684201,0.24705137312412262,0.013820376247167587
7,46,1.0310263633728027,1.0072119235992432,0.023400910198688507,4.135636806488037,0.11300650238990784
7,47,0.3635295629501343,0.35024839639663696,0.013198794797062874,0.823716938495636,0.026654807850718498
7,48,0.1308700442314148,0.12721332907676697,0.0036335280165076256,0.23182502388954163,0.11138607561588287
7,49,0.05280229449272156,0.05223122611641884,0.0005470954347401857,0.23971933126449585,0.014905299991369247
7,50,0.9023737907409668,0.8890717625617981,0.013062157668173313,2.3984014987945557,0.4509604573249817
7,51,0.34120601415634155,0.33638980984687805,0.004793812055140734,0.2238275408744812,0.019306432455778122
7,52,0.8873060941696167,0.8739122748374939,0.013310750015079975,0.831063985824585,0.10507790744304657
7,53,0.34279412031173706,0.3386860489845276,0.004077407531440258,0.3065577745437622,0.02809731662273407
7,54,0.42522409558296204,0.4200253486633301,0.005150741897523403,0.48015809059143066,0.039300911128520966
7,55,0.5956718921661377,0.5859860181808472,0.00957978330552578,1.0606714487075806,0.2909921109676361
7,56,0.2359285205602646,0.2311338633298874,0.004776111803948879,0.18548449873924255,0.06098636984825134
7,57,0.05870924890041351,0.05818089470267296,0.0005037114024162292,0.24642769992351532,0.015283068642020226
7,58,0.19141054153442383,0.18761783838272095,0.003776517231017351,0.16186437010765076,0.019113954156637192
7,59,0.36204764246940613,0.346645325422287,0.015327820554375648,0.7449237108230591,0.023245535790920258
7,60,0.019155962392687798,0.018835285678505898,0.0003084593918174505,0.12217345833778381,0.038033198565244675
7,61,0.028417294844985008,0.02826804295182228,0.00013084421516396105,0.18408477306365967,0.0024000885896384716
7,62,0.024000326171517372,0.023944485932588577,3.8865269743837416e-05,0.16974107921123505,0.0010925957467406988
7,63,0.9825979471206665,0.9558261036872864,0.02640625834465027,3.656440019607544,0.10483506321907043
7,64,0.0294825229793787,0.029161546379327774,0.00029930160962976515,0.21676132082939148,0.0043840170837938786
7,65,0.019598478451371193,0.01928531378507614,0.0003005342441610992,0.1263127326965332,0.09032416343688965
7,66,0.05846339836716652,0.057900723069906235,0.0005384114920161664,0.24262267351150513,0.01968035101890564
7,67,0.3807580769062042,0.36670517921447754,0.01397104375064373,0.8187122344970703,0.03328901529312134
7,68,0.016774192452430725,0.016430888324975967,0.00033104579779319465,0.12258049845695496,0.07779736816883087
7,69,0.43163830041885376,0.42373228073120117,0.0077896034345030785,1.1641942262649536,0.0704910084605217
7,70,0.4598424434661865,0.45082736015319824,0.008961467072367668,0.5362493991851807,0.07535476982593536
7,71,0.025323519483208656,0.025090746581554413,0.00021329752053134143,0.1947641670703888,0.0023315385915338993
7,72,0.9019617438316345,0.8899296522140503,0.011962167918682098,0.6992331147193909,0.09127095341682434
7,73,0.26517581939697266,0.261355459690094,0.0038006703834980726,0.19701720774173737,0.03331734240055084
7,74,0.35397690534591675,0.34283092617988586,0.01108320988714695,0.6277269124984741,0.01931862346827984
7,75,0.40885865688323975,0.3997972905635834,0.008985865861177444,0.7547902464866638,0.04856553673744202
7,76,0.40561404824256897,0.39276450872421265,0.012811312451958656,0.38235852122306824,0.041469085961580276
7,77,0.6872474551200867,0.6730616688728333,0.014134751632809639,0.5100195407867432,0.13076065480709076
7,78,0.19479310512542725,0.19013100862503052,0.004637233912944794,0.24852746725082397,0.014608525671064854
7,79,0.9347062110900879,0.9139103293418884,0.020715363323688507,0.8053467869758606,0.1132105216383934
7,80,0.020572764798998833,0.020431818440556526,0.00012253294698894024,0.184131920337677,0.0021322439424693584
7,81,0.705781877040863,0.6952518224716187,0.010472919791936874,0.5716619491577148,0.10655438899993896
7,82,0.8877654075622559,0.8765739798545837,0.011018218472599983,1.7319152355194092,0.5082031488418579
7,83,0.4581543803215027,0.4473394751548767,0.01070363074541092,1.1127817630767822,0.07657606899738312
7,84,0.12225192040205002,0.11953707039356232,0.0027036701794713736,0.1118461936712265,0.03737509623169899
7,85,0.880123496055603,0.8639078140258789,0.01615099608898163,0.6466331481933594,0.04960170015692711
7,86,0.44171783328056335,0.43271180987358093,0.008962113410234451,0.43903648853302,0.04915348440408707
7,87,0.02247265726327896,0.022268205881118774,0.0001864711957750842,0.1798063963651657,0.0027920883148908615
7,88,0.12981922924518585,0.12655043601989746,0.003252991707995534,0.15795686841011047,0.06836330145597458
7,89,1.0429661273956299,1.027077555656433,0.015516235493123531,3.723198413848877,0.12424825131893158
7,90,0.4513310194015503,0.4432494640350342,0.00803377851843834,0.47777608036994934,0.07461036741733551
7,91,0.35615330934524536,0.3432415723800659,0.012833443470299244,0.7829763293266296,0.06306137144565582
7,92,0.055390048772096634,0.05479414761066437,0.0005743224173784256,0.2158203423023224,0.013367998413741589
7,93,0.9609782695770264,0.948300838470459,0.012485811486840248,1.9160436391830444,0.17752376198768616
7,94,0.419135183095932,0.41167935729026794,0.007415303494781256,0.4052063524723053,0.03862643241882324
7,95,0.19424864649772644,0.19031888246536255,0.0039142705500125885,0.15501819550991058,0.00833362527191639
7,96,0.4112263023853302,0.40178805589675903,0.009349227882921696,0.8902491331100464,0.055745746940374374
7,97,0.9753234386444092,0.9578692317008972,0.017370905727148056,0.8334486484527588,0.09365639090538025
7,98,0.7703472971916199,0.759795606136322,0.01048191636800766,0.698209285736084,0.09566778689622879
7,99,0.41186174750328064,0.39999207854270935,0.011759690940380096,1.0997579097747803,0.04999186098575592
7,100,0.9040812849998474,0.8840365409851074,0.019965870305895805,0.7883002758026123,0.07219178974628448
8,1,0.9148445129394531,0.9072583913803101,0.007476024329662323,1.1007250547409058,0.22477249801158905
8,2,0.961758553981781,0.9424825310707092,0.018986571580171585,2.894521951675415,0.09745260328054428
8,3,0.8558722138404846,0.8362056612968445,0.019598722457885742,0.6784420609474182,0.08436065912246704
8,4,0.05356529355049133,0.0529637485742569,0.0005785602261312306,0.22986488044261932,0.013602636754512787
8,5,0.9303469657897949,0.918917179107666,0.011313901282846928,1.158510446548462,0.18077607452869415
8,6,0.8962526917457581,0.883530855178833,0.012651795521378517,0.7005174160003662,0.16791874170303345
8,7,0.8816024661064148,0.8670159578323364,0.014406651258468628,1.798509120941162,0.7050739526748657
8,8,0.9000692367553711,0.8863334655761719,0.01365550048649311,0.8026125431060791,0.1471305787563324
8,9,0.9110470414161682,0.902006208896637,0.00890804547816515,1.3282208442687988,0.2955579459667206
8,10,0.2003553807735443,0.1964503675699234,0.003884764388203621,0.20249313116073608,0.011844778433442116
8,11,0.365469366312027,0.3579561710357666,0.007436893414705992,0.7629255652427673,0.03702269867062569
8,12,0.9897944927215576,0.9642319083213806,0.025175120681524277,3.875109910964966,0.14855384826660156
8,13,0.1455434411764145,0.14239278435707092,0.003127949545159936,0.2271377593278885,0.1269940733909607
8,14,0.13270026445388794,0.1295718103647232,0.0031153347808867693,0.131144180893898,0.06179044395685196
8,15,0.48362720012664795,0.4758385419845581,0.007715797051787376,0.7286071181297302,0.05376415327191353
8,16,0.048933111131191254,0.04836978018283844,0.0005412084283307195,0.22121793031692505,0.01432074699550867
8,17,0.709906816482544,0.6985639929771423,0.011277429759502411,0.6540831327438354,0.08620154112577438
8,18,0.9061474800109863,0.8874634504318237,0.01848474331200123,1.9923979043960571,0.09571713209152222
8,19,0.9915827512741089,0.960112452507019,0.03095346689224243,5.1683669090271,0.10513587296009064
8,20,0.021809810772538185,0.021656326949596405,0.00013548147398978472,0.18002216517925262,0.0025896166916936636
8,21,0.36144575476646423,0.3484122157096863,0.012939407490193844,0.9414092898368835,0.0194208063185215
8,22,0.4646872878074646,0.4535503387451172,0.01108319591730833,0.5375017523765564,0.08150604367256165
8,23,0.020059138536453247,0.019849108532071114,0.00018958967120852321,0.20440691709518433,0.002235958119854331
8,24,0.35677000880241394,0.3431459665298462,0.013549502938985825,0.745255172252655,0.01701396144926548
8,25,0.35643988847732544,0.3455132246017456,0.01085728406906128,0.6938495635986328,0.02339889481663704
8,26,1.2291450500488281,1.2052083015441895,0.02362271398305893,3.140230894088745,0.180622398853302
8,27,0.6159185171127319,0.6046860218048096,0.011114118620753288,1.1835492849349976,0.3009416460990906
8,28,0.8668495416641235,0.853592038154602,0.013186497613787651,0.7101206183433533,0.15798279643058777
8,29,0.9141994714736938,0.9081447124481201,0.005923205986618996,1.3156002759933472,0.358515202999115
8,30,1.1263971328735352,1.1042101383209229,0.02175801619887352,4.290248394012451,0.19443857669830322
8,31,0.3324902057647705,0.326067179441452,0.006388039328157902,0.3498172163963318,0.03903352469205856
8,32,0.40291696786880493,0.38992416858673096,0.012953272089362144,0.3952830135822296,0.04607322812080383
8,33,0.9041932225227356,0.8861380219459534,0.017979927361011505,0.7530672550201416,0.08852075040340424
8,34,1.0895315408706665,1.0655419826507568,0.023680640384554863,3.08821702003479,0.17612877488136292
8,35,0.13488078117370605,0.13119220733642578,0.0036739124916493893,0.14669421315193176,0.03964480757713318
8,36,0.7140728831291199,0.7019808292388916,0.012026505544781685,0.6554519534111023,0.06734785437583923
8,37,0.13508115708827972,0.13193398714065552,0.003134320490062237,0.12850219011306763,0.03996969014406204
8,38,1.0045548677444458,0.9795626401901245,0.024551749229431152,4.4050445556640625,0.11386121064424515
8,39,0.8785979151725769,0.866519570350647,0.01199718564748764,0.8120792508125305,0.09737499058246613
8,40,0.19632881879806519,0.19181086122989655,0.004500529728829861,0.1744016706943512,0.01870078593492508
8,41,0.22754104435443878,0.22366873919963837,0.003854274284094572,0.18027770519256592,0.05890601873397827
8,42,0.7255170941352844,0.714623212814331,0.010839263908565044,0.5458764433860779,0.08286017924547195
8,43,0.6209090352058411,0.6104585528373718,0.010328544303774834,1.2192198038101196,0.26860055327415466
8,44,0.40357255935668945,0.3966771364212036,0.006852257996797562,0.43149062991142273,0.03626900166273117
8,45,0.6729280948638916,0.6519030928611755,0.020993664860725403,0.3135148286819458,0.09498162567615509
8,46,0.014208807609975338,0.013952331617474556,0.0002440015523461625,0.12474521994590759,0.06560459733009338
8,47,0.7115612626075745,0.7000515460968018,0.011451012454926968,0.5869712829589844,0.07806114107370377
8,48,0.019586434587836266,0.019441768527030945,0.00012319962843321264,0.2146611362695694,0.002598018618300557
8,49,0.9054582715034485,0.8887576460838318,0.01660493016242981,0.956477165222168,0.0786827951669693
8,50,0.01394551433622837,0.013694949448108673,0.0002383686078246683,0.12196522206068039,0.06039610505104065
8,51,1.0323224067687988,1.0053033828735352,0.026629455387592316,3.895534038543701,0.16725268959999084
8,52,0.23414461314678192,0.22984065115451813,0.00428779749199748,0.16172726452350616,0.05106593668460846
8,53,0.37920963764190674,0.3675851821899414,0.011588895693421364,0.35544654726982117,0.03532741591334343
8,54,0.4189700484275818,0.40827450156211853,0.010593874379992485,1.0169819593429565,0.08137252926826477
8,55,0.14080215990543365,0.13698339462280273,0.003800432663410902,0.18322090804576874,0.1060335785150528
8,56,0.8521089553833008,0.8432230949401855,0.008738664910197258,1.472145676612854,0.3501840829849243
8,57,0.48003754019737244,0.4704703390598297,0.009510944597423077,0.5627036690711975,0.12176810204982758
8,58,0.029953597113490105,0.029686959460377693,0.0002483342250343412,0.18304836750030518,0.004213850945234299
8,59,0.414305180311203,0.40396741032600403,0.010298248380422592,0.39524248242378235,0.020886991173028946
8,60,0.4299435019493103,0.42175883054733276,0.008048973977565765,1.3568601608276367,0.03849872946739197
8,61,0.7309616208076477,0.7210086584091187,0.009884931147098541,0.6803506016731262,0.07000310719013214
8,62,0.4155181050300598,0.4084736108779907,0.006991545669734478,0.5296940207481384,0.023822041228413582
8,63,0.8850991129875183,0.867058515548706,0.017709169536828995,3.314227819442749,0.48425376415252686
8,64,0.19766783714294434,0.19335320591926575,0.004299084655940533,0.1554812639951706,0.008506596088409424
8,65,0.72984778881073,0.7191646695137024,0.010622158646583557,0.6099852323532104,0.10874763131141663
8,66,1.141606092453003,1.1212656497955322,0.020025309175252914,3.1522610187530518,0.13925015926361084
8,67,0.027672220021486282,0.027477674186229706,0.00017416923947166651,0.20377567410469055,0.0020404397509992123
8,68,0.4110095798969269,0.4025323987007141,0.008444767445325851,0.32421034574508667,0.06469802558422089
8,69,0.9651560187339783,0.9518294334411621,0.012982988730072975,3.436424732208252,0.1904069185256958
8,70,1.311049461364746,1.2849831581115723,0.025304200127720833,7.620917797088623,0.17920339107513428
8,71,0.9887126684188843,0.9654949903488159,0.023094527423381805,1.231602668762207,0.1246803030371666
8,72,0.6497857570648193,0.6306139230728149,0.019032180309295654,1.3964036703109741,0.24657247960567474
8,73,0.4542510509490967,0.4486335813999176,0.005551754962652922,0.6571627855300903,0.04702197015285492
8,74,0.02379774861037731,0.02359425649046898,0.00018472978263162076,0.18763211369514465,0.002310080686584115
8,75,0.01822584867477417,0.018189478665590286,1.97521731024608e-05,0.16619396209716797,0.0013450330588966608
8,76,0.8842388391494751,0.861717939376831,0.022340167313814163,1.8072788715362549,0.06195087358355522
8,77,0.35340750217437744,0.34896358847618103,0.004395839758217335,0.4808526635169983,0.033510722219944
8,78,0.7454342246055603,0.7326679229736328,0.01268467865884304,0.8159465193748474,0.08653053641319275
8,79,0.7108162641525269,0.6966437697410583,0.014105381444096565,0.6710593104362488,0.10044185072183609
8,80,0.45399704575538635,0.4433453679084778,0.010442010127007961,2.0967018604278564,0.12977193295955658
8,81,0.9111846685409546,0.8991429805755615,0.011786924675107002,2.5476396083831787,0.35755783319473267
8,82,0.043335337191820145,0.04229910299181938,0.001034625107422471,0.01609695702791214,0.020376082509756088
8,83,0.14351551234722137,0.13983914256095886,0.003663835348561406,0.12533153593540192,0.09353680908679962
8,84,0.3337063193321228,0.3261234760284424,0.007535542827099562,0.47307562828063965,0.05907842889428139
8,85,0.017012035474181175,0.016715630888938904,0.00028561250655911863,0.10793086886405945,0.07424433529376984
8,86,0.9069423079490662,0.8826601505279541,0.024187270551919937,0.9489222764968872,0.1015346497297287
8,87,0.9408615827560425,0.9139503240585327,0.026762694120407104,1.4851382970809937,0.08895474672317505
8,88,0.14555661380290985,0.14080941677093506,0.004711634013801813,0.35576295852661133,0.0612143948674202
8,89,0.9297428727149963,0.9073925614356995,0.022074470296502113,2.7586655616760254,0.06687028706073761
8,90,0.027685418725013733,0.027545124292373657,0.00012226316903252155,0.18031327426433563,0.003423455636948347
8,91,1.0060021877288818,0.9732399582862854,0.03212188556790352,6.4035325050354,0.09611924737691879
8,92,0.018178090453147888,0.01802019588649273,0.00013862070045433939,0.19275525212287903,0.002469666302204132
8,93,0.44167253375053406,0.4348103404045105,0.006672305054962635,1.8990992307662964,0.05817245692014694
8,94,0.4237639009952545,0.4128792881965637,0.010722138918936253,1.62482750415802,0.06362802535295486
8,95,1.1476383209228516,1.1106858253479004,0.03608886897563934,8.636821746826172,0.19894567131996155
8,96,1.2239408493041992,1.1983907222747803,0.025103546679019928,4.465351104736328,0.2228914201259613
8,97,0.36257755756378174,0.35108688473701477,0.011406345292925835,0.8435399532318115,0.04322085529565811
8,98,0.043107591569423676,0.04291556775569916,0.00016824979684315622,0.2377614825963974,0.0021814487408846617
8,99,1.1744307279586792,1.1449285745620728,0.029108483344316483,3.9366486072540283,0.22217069566249847
8,100,0.39043593406677246,0.3784456253051758,0.01194353960454464,0.46747320890426636,0.043410129845142365
9,1,0.13596242666244507,0.1334971934556961,0.00244811549782753,0.17126508057117462,0.09046085178852081
9,2,0.0226760134100914,0.022546740248799324,0.00011045137944165617,0.18821963667869568,0.0031468761153519154
9,3,1.2208716869354248,1.1909741163253784,0.029547421261668205,3.5017101764678955,0.13431955873966217
9,4,0.4627114534378052,0.45272374153137207,0.009936276823282242,0.514244556427002,0.05892810970544815
9,5,0.4426981508731842,0.4387056529521942,0.003943260293453932,0.49219271540641785,0.020969301462173462
9,6,0.37814685702323914,0.37252628803253174,0.0055488524958491325,0.7171037793159485,0.015648936852812767
9,7,0.8794543147087097,0.8683369159698486,0.01104186661541462,0.7554354071617126,0.10715122520923615
9,8,0.01790834404528141,0.01563606783747673,0.002271936973556876,0.0033983599860221148,0.0014828777639195323
9,9,0.127388134598732,0.12519386410713196,0.0021843616850674152,0.09914759546518326,0.05202750861644745
9,10,0.8896541595458984,0.8764416575431824,0.012987793423235416,2.247178554534912,0.16497892141342163
9,11,0.2159280627965927,0.2118702381849289,0.004038118291646242,0.1970619559288025,0.010841411538422108
9,12,0.334308922290802,0.32070013880729675,0.013563897460699081,0.44882553815841675,0.012943481095135212
9,13,0.22399914264678955,0.2207404375076294,0.0032443548552691936,0.14344905316829681,0.037166573107242584
9,14,0.015792889520525932,0.015473637729883194,0.0003072062972933054,0.1204567477107048,0.06472227722406387
9,15,0.8484257459640503,0.8346481323242188,0.013725005090236664,0.5264444351196289,0.06841595470905304
9,16,0.3427041172981262,0.33830055594444275,0.004373807460069656,0.29742780327796936,0.02990405634045601
9,17,0.4816563129425049,0.47645169496536255,0.005140133202075958,0.6450261473655701,0.04278898239135742
9,18,0.35827913880348206,0.3535934090614319,0.004611672833561897,0.7405245304107666,0.04435821622610092
9,19,0.23794260621070862,0.23391029238700867,0.004014522768557072,0.17796200513839722,0.06372109800577164
9,20,0.48450830578804016,0.47619152069091797,0.00827670469880104,0.4006929099559784,0.10967716574668884
9,21,0.04425044357776642,0.043967269361019135,0.00025843430194072425,0.24740049242973328,0.009081235155463219
9,22,0.12592388689517975,0.1236201822757721,0.0022928607650101185,0.10848267376422882,0.049569301307201385
9,23,0.13306596875190735,0.1302434206008911,0.002809212077409029,0.13340701162815094,0.04325122386217117
9,24,0.3978480100631714,0.3875541090965271,0.010261338204145432,0.3258195221424103,0.025665123015642166
9,25,0.41556039452552795,0.409618616104126,0.00589380506426096,0.47995540499687195,0.02171514555811882
9,26,0.02370571531355381,0.023596398532390594,8.904752030503005e-05,0.2026897668838501,0.0030251755379140377
9,27,0.34343236684799194,0.3315240740776062,0.011820774525403976,0.8751567006111145,0.019707970321178436
9,28,0.33477097749710083,0.33014732599258423,0.0045874034985899925,0.3623887598514557,0.03013947233557701
9,29,0.12682899832725525,0.12467865645885468,0.0021397778764367104,0.10571473836898804,0.051046792417764664
9,30,0.876243531703949,0.8637336492538452,0.01234297826886177,1.6691128015518188,0.5407035946846008
9,31,0.37389901280403137,0.3637374937534332,0.010105068795382977,0.5643824338912964,0.05527440458536148
9,32,0.4407300055027008,0.4350876808166504,0.005585019942373037,0.5729867219924927,0.07052822411060333
9,33,0.2582378685474396,0.25459569692611694,0.0036263507790863514,0.15839502215385437,0.07857979089021683
9,34,0.03205808624625206,0.03182324767112732,0.0002129844215232879,0.21853189170360565,0.004083674401044846
9,35,0.203069269657135,0.1993253380060196,0.003721855115145445,0.2207898050546646,0.006747460924088955
9,36,0.8269878029823303,0.8140620589256287,0.012876990251243114,0.4878280460834503,0.045110367238521576
9,37,0.01961536332964897,0.019485510885715485,0.00011118420661659911,0.18667441606521606,0.002113335533067584
9,38,0.030234381556510925,0.029977431520819664,0.00023656178382225335,0.203889399766922,0.004222353920340538
9,39,0.8882644772529602,0.8768455386161804,0.011346045881509781,0.7288334965705872,0.09452863782644272
9,40,0.858945906162262,0.8420401215553284,0.01667730137705803,2.284789800643921,0.4257146418094635
9,41,0.05702656880021095,0.05654739588499069,0.00045563402818515897,0.23540759086608887,0.01098821870982647
9,42,0.05141690373420715,0.050959497690200806,0.0004341215535532683,0.23283007740974426,0.011970279738307
9,43,0.04449865221977234,0.04407978057861328,0.00039652810664847493,0.2234443724155426,0.010464268736541271
9,44,0.990462064743042,0.9659682512283325,0.023986931890249252,5.0687055587768555,0.12410838901996613
9,45,0.4313240945339203,0.4249972105026245,0.006173424422740936,1.5344855785369873,0.0589461624622345
9,46,0.36413297057151794,0.3594057559967041,0.004672994837164879,0.5420231223106384,0.030630910769104958
9,47,0.4514313042163849,0.4419577121734619,0.009433970786631107,0.396003782749176,0.06729407608509064
9,48,0.03787190467119217,0.037640687078237534,0.00021217760513536632,0.19038677215576172,0.006002773530781269
9,49,0.9785274863243103,0.9655804634094238,0.012804368510842323,1.4265339374542236,0.1529179811477661
9,50,0.4186401963233948,0.41109615564346313,0.00742688961327076,1.171635389328003,0.05760439857840538
9,51,0.22902628779411316,0.22444944083690643,0.004547661170363426,0.2919183373451233,0.007305501960217953
9,52,0.8915798664093018,0.878288745880127,0.013206548988819122,0.8458768129348755,0.17003192007541656
9,53,0.8786532282829285,0.8637779355049133,0.014728580601513386,1.4667322635650635,0.12703631818294525
9,54,1.1077347993850708,1.0832953453063965,0.024128133431077003,3.1143105030059814,0.18359073996543884
9,55,0.05388825014233589,0.05334983393549919,0.0005134562961757183,0.2495960295200348,0.014142202213406563
9,56,0.9763868451118469,0.9670952558517456,0.009096086025238037,1.9549587965011597,0.3725491166114807
9,57,0.13448573648929596,0.13198637962341309,0.0024846072774380445,0.14752373099327087,0.06915287673473358
9,58,0.842115581035614,0.832207977771759,0.00985308364033699,0.5454868078231812,0.14891019463539124
9,59,0.38489365577697754,0.3768502175807953,0.008022396825253963,0.21032117307186127,0.04335720092058182
9,60,0.6201420426368713,0.6113601922988892,0.008646652102470398,1.3517526388168335,0.2671860456466675
9,61,0.3417983651161194,0.3380070924758911,0.00373870343901217,0.5258042216300964,0.03689522296190262
9,62,0.9099588394165039,0.8926246166229248,0.01725292205810547,0.8130033016204834,0.06885065138339996
9,63,0.435714989900589,0.424184650182724,0.011476884596049786,0.5346420407295227,0.04007699340581894
9,64,0.03263938054442406,0.03251221403479576,0.00010822863259818405,0.189379021525383,0.004176135174930096
9,65,0.8629706501960754,0.8461410999298096,0.016549304127693176,2.802633047103882,0.5171648263931274
9,66,0.6110691428184509,0.6010310053825378,0.009886292740702629,1.518894076347351,0.21212521195411682
9,67,0.5867065787315369,0.5765891075134277,0.010006396099925041,1.1108901500701904,0.19965708255767822
9,68,0.9043870568275452,0.8865009546279907,0.017622677609324455,2.6344611644744873,0.5648983716964722
9,69,0.020802568644285202,0.020618034526705742,0.00016117945779114962,0.23354217410087585,0.0025597482454031706
9,70,0.02068263292312622,0.020499955862760544,0.00015876421821303666,0.23913204669952393,0.0027061612345278263
9,71,1.1304901838302612,1.107978343963623,0.02215500921010971,3.5682015419006348,0.1124766618013382
9,72,0.3507508635520935,0.3409339189529419,0.009770703501999378,0.46257513761520386,0.009872031398117542
9,73,0.7193934917449951,0.7090886831283569,0.010234859772026539,0.6995053887367249,0.1321181207895279
9,74,0.9798321723937988,0.961917519569397,0.017796477302908897,1.1819629669189453,0.16252738237380981
9,75,0.03481786698102951,0.03457414358854294,0.0002202852483605966,0.23438581824302673,0.005082395859062672
9,76,0.028657566756010056,0.028037194162607193,0.0006190731073729694,0.013002260588109493,0.010679100640118122
9,77,0.01451733149588108,0.014271385036408901,0.00023415277246385813,0.11793650686740875,0.06073863059282303
9,78,0.45127126574516296,0.44475650787353516,0.006440396420657635,0.7434369921684265,0.07017824798822403
9,79,1.0511425733566284,1.0196402072906494,0.03080742061138153,6.950227737426758,0.17563942074775696
9,80,0.9757701754570007,0.9648171663284302,0.01072910986840725,2.238501787185669,0.3372267484664917
9,81,1.0050938129425049,0.9824667572975159,0.022144068032503128,4.830419063568115,0.11847089231014252
9,82,0.9282152652740479,0.915582537651062,0.012497350573539734,1.3535799980163574,0.10445442795753479
9,83,0.9858255386352539,0.9494659304618835,0.0359124019742012,4.47221565246582,0.12137340009212494
9,84,0.40573108196258545,0.39475908875465393,0.010928758420050144,0.4323350787162781,0.02427951991558075
9,85,0.35595110058784485,0.3448539972305298,0.01102855522185564,0.6855215430259705,0.019418299198150635
9,86,0.44216349720954895,0.43567878007888794,0.006398499943315983,0.8622203469276428,0.022665798664093018
9,87,1.04238760471344,1.0063620805740356,0.035402461886405945,6.230630874633789,0.13286572694778442
9,88,0.1319940984249115,0.12897366285324097,0.003003831021487713,0.16605107486248016,0.05843210220336914
9,89,0.6818933486938477,0.6711165904998779,0.010571304708719254,2.054825782775879,0.28375935554504395
9,90,0.13188600540161133,0.12911683320999146,0.0027557238936424255,0.13437560200691223,0.047139279544353485
9,91,0.7355245351791382,0.7228283882141113,0.012629269622266293,0.6689525842666626,0.14046195149421692
9,92,0.694118082523346,0.6825799345970154,0.01127973385155201,2.5841286182403564,0.3647522032260895
9,93,0.4200294017791748,0.4081825315952301,0.011805018410086632,0.4184953272342682,0.08132137358188629
9,94,0.4224129617214203,0.41518089175224304,0.007174653932452202,0.5742814540863037,0.05408375337719917
9,95,0.8837050199508667,0.8647588491439819,0.018646525219082832,2.9964311122894287,0.537734866142273
9,96,0.67982017993927,0.6693991422653198,0.010255581699311733,1.6546839475631714,0.1651894748210907
9,97,0.373556911945343,0.36970779299736023,0.0038086632266640663,0.4044106900691986,0.019992709159851074
9,98,0.35446834564208984,0.350131094455719,0.0042986199259757996,0.3862290680408478,0.01967884786427021
9,99,0.24468493461608887,0.24012239277362823,0.004542825277894735,0.1971123069524765,0.04524916410446167
9,100,0.02984779328107834,0.029578307643532753,0.0002485548611730337,0.2092999964952469,0.0063640763983130455
10,1,0.9287960529327393,0.9171496629714966,0.011542689055204391,1.0372081995010376,0.1632508486509323
10,2,0.8771377801895142,0.8623738288879395,0.01469760574400425,0.6631800532341003,0.11505599319934845
10,3,0.9648216962814331,0.9454762935638428,0.019208375364542007,1.3705122470855713,0.2117728292942047
10,4,0.03283367678523064,0.03269787132740021,0.00011518114479258657,0.206236332654953,0.006934529636055231
10,5,0.45206233859062195,0.44465094804763794,0.007250211201608181,1.6116373538970947,0.12801438570022583
10,6,0.015482453629374504,0.015347469598054886,0.00011469790479168296,0.20286017656326294,0.002983075799420476
10,7,0.9491630792617798,0.9399438500404358,0.008994548581540585,2.2472927570343018,0.2820475399494171
10,8,0.022791245952248573,0.022620296105742455,0.00015068004722706974,0.20269396901130676,0.004289345815777779
10,9,0.4083654284477234,0.39980852603912354,0.00840824656188488,1.4865398406982422,0.05711330473423004
10,10,0.7392272353172302,0.7291634678840637,0.009991273283958435,0.724605143070221,0.06250499933958054
10,11,0.02442183904349804,0.024240318685770035,0.0001611066109035164,0.20414040982723236,0.00499977171421051
10,12,0.9444453716278076,0.9305704832077026,0.01374564878642559,1.2924070358276367,0.12996812164783478
10,13,0.018472827970981598,0.018218712881207466,0.0002430410240776837,0.110728420317173,0.03426355868577957
10,14,0.3394300043582916,0.3339785635471344,0.00541213434189558,0.3929446339607239,0.061871372163295746
10,15,0.9564237594604492,0.942176878452301,0.013990339823067188,2.5652709007263184,0.44138646125793457
10,16,0.6671753525733948,0.6546266674995422,0.012345438823103905,2.0326905250549316,0.305597722530365
10,17,0.40971264243125916,0.39972490072250366,0.00995255634188652,0.3521033525466919,0.05673952400684357
10,18,0.020011190325021744,0.01983003132045269,0.00015739843365736306,0.237592414021492,0.003335996763780713
10,19,0.9623688459396362,0.9445465803146362,0.017700904980301857,1.2134573459625244,0.08146195113658905
10,20,0.13210374116897583,0.12839679419994354,0.003684528172016144,0.22406581044197083,0.054106205701828
10,21,0.4250829517841339,0.4192151725292206,0.005818573758006096,0.49215394258499146,0.027160895988345146
10,22,1.281939148902893,1.2477301359176636,0.033628709614276886,5.803568363189697,0.1445554792881012
10,23,0.26941627264022827,0.2637057900428772,0.005683730822056532,0.2675001621246338,0.028679724782705307
10,24,0.47071364521980286,0.45754992961883545,0.013090131804347038,0.7359387874603271,0.096824511885643
10,25,0.3680340647697449,0.3572072386741638,0.010747219435870647,0.7959892153739929,0.040845781564712524
10,26,1.0601085424423218,1.031933069229126,0.027501437813043594,6.740657329559326,0.16974890232086182
10,27,0.014317594468593597,0.014034869149327278,0.0002706268278416246,0.12098372727632523,0.07051722705364227
10,28,0.3771025836467743,0.3667457401752472,0.010323290713131428,0.3354988694190979,0.03874416649341583
10,29,0.9399091601371765,0.9255536198616028,0.013942747376859188,4.1281352043151855,0.08276908099651337
10,30,0.39531904458999634,0.38512545824050903,0.010158520191907883,0.3507848381996155,0.03022398054599762
10,31,0.6932048797607422,0.6827411651611328,0.010276298969984055,1.8741238117218018,0.2206629067659378
10,32,0.02042236179113388,0.02022911049425602,0.00017088258755393326,0.22368700802326202,0.002918615937232971
10,33,0.858437716960907,0.8486641645431519,0.009701704606413841,0.7182908058166504,0.07894358038902283
10,34,0.32965803146362305,0.32608628273010254,0.0035441070795059204,0.2764805257320404,0.03224729001522064
10,35,1.0873132944107056,1.0598831176757812,0.027086570858955383,3.43563175201416,0.18386921286582947
10,36,0.12357407808303833,0.12053900957107544,0.003023245371878147,0.11820521950721741,0.062189340591430664
10,37,0.24483409523963928,0.24132424592971802,0.0034910677932202816,0.18777690827846527,0.06385082751512527
10,38,0.022405728697776794,0.02218308113515377,0.00020057993242517114,0.22065919637680054,0.002629780676215887
10,39,0.46108075976371765,0.45493394136428833,0.00606066407635808,0.8616692423820496,0.04388270527124405
10,40,0.5954057574272156,0.5871405601501465,0.008125323802232742,1.39906644821167,0.21179991960525513
10,41,0.4209078252315521,0.41378334164619446,0.007018092088401318,1.0639268159866333,0.03532656654715538
10,42,0.9296659231185913,0.9110206365585327,0.018186461180448532,4.588390350341797,0.08042240142822266
10,43,1.2437044382095337,1.199476957321167,0.04366132616996765,5.660943984985352,0.1676519215106964
10,44,0.9014320969581604,0.8835989236831665,0.017741601914167404,0.9155126810073853,0.07731013745069504
10,45,0.95475834608078,0.943049430847168,0.011324387043714523,3.845184564590454,0.7792544364929199
10,46,0.1383766084909439,0.13581648468971252,0.002541640307754278,0.18472075462341309,0.08174587786197662
10,47,1.0370159149169922,1.0011954307556152,0.03519756719470024,6.228771209716797,0.12108804285526276
10,48,0.3628701865673065,0.3536798357963562,0.009128092788159847,0.6224476099014282,0.015269074589014053
10,49,0.2900357246398926,0.2874826192855835,0.0025184103287756443,0.34687960147857666,0.014647314324975014
10,50,0.42163529992103577,0.4136927127838135,0.007888531312346458,0.5407423973083496,0.0666159838438034
10,51,0.34027934074401855,0.3346308767795563,0.005606261547654867,0.42213574051856995,0.039237216114997864
10,52,0.24349871277809143,0.240019291639328,0.003458231221884489,0.2119041383266449,0.06568621098995209
10,53,1.0005967617034912,0.9887240529060364,0.011434144340455532,4.386168956756592,0.8715521693229675
10,54,0.4597349464893341,0.4504934847354889,0.009195396676659584,0.46068140864372253,0.08622760325670242
10,55,0.9027271866798401,0.8870519399642944,0.015616324730217457,0.5897707343101501,0.1023937314748764
10,56,0.016229379922151566,0.016102157533168793,0.00010718738485593349,0.20033976435661316,0.002531659323722124
10,57,0.01807364635169506,0.01782238855957985,0.00023950549075379968,0.11750736087560654,0.06348744034767151
10,58,0.6248236894607544,0.6160278916358948,0.008630640804767609,1.6515992879867554,0.21231845021247864
10,59,0.12332218885421753,0.12072460353374481,0.0025882816407829523,0.09303731471300125,0.038334768265485764
10,60,0.044843778014183044,0.04436424747109413,0.0004563037655316293,0.23226599395275116,0.011022748425602913
10,61,0.4423289895057678,0.4340493977069855,0.008240129798650742,0.39455315470695496,0.042301081120967865
10,62,0.014946017414331436,0.014702084474265575,0.00023322987544815987,0.10703088343143463,0.04308488592505455
10,63,0.22415970265865326,0.21971403062343597,0.004407311789691448,0.3835379481315613,0.012294210493564606
10,64,1.069612741470337,1.0388400554656982,0.030168570578098297,6.042113780975342,0.09291082620620728
10,65,1.2718884944915771,1.2487677335739136,0.022680748254060745,4.399733543395996,0.12881773710250854
10,66,0.20000508427619934,0.19661323726177216,0.003367801196873188,0.2405133992433548,0.014718343503773212
10,67,0.2011682540178299,0.19654527306556702,0.004601475782692432,0.2150166928768158,0.015818482264876366
10,68,0.15238125622272491,0.1481218934059143,0.004241183400154114,0.18183298408985138,0.14027288556098938
10,69,1.237030029296875,1.2233558893203735,0.012719463557004929,9.54631233215332,0.2212512195110321
10,70,0.41459277272224426,0.4074627161026001,0.007081556599587202,0.48499342799186707,0.049672164022922516
10,71,0.43886783719062805,0.42777806520462036,0.010897468775510788,1.9232141971588135,0.07620695233345032
10,72,0.8887807726860046,0.8765762448310852,0.012110640294849873,0.9389755129814148,0.1546855866909027
10,73,0.03125230595469475,0.031028764322400093,0.00020523923740256578,0.18300557136535645,0.004434607923030853
10,74,0.40371236205101013,0.39864251017570496,0.005045418161898851,0.24433639645576477,0.017996765673160553
10,75,0.029280666261911392,0.029029149562120438,0.00023274708655662835,0.1877017766237259,0.005212455987930298
10,76,1.1796631813049316,1.147221565246582,0.03186868503689766,5.729696750640869,0.22363677620887756
10,77,0.3913365602493286,0.3829389810562134,0.008363637141883373,0.3394956886768341,0.02536952495574951
10,78,0.021021241322159767,0.02083256095647812,0.00016857657465152442,0.20104321837425232,0.0017872797325253487
10,79,0.9144965410232544,0.8941372632980347,0.020245591178536415,1.1364426612854004,0.09497247636318207
10,80,0.1393420696258545,0.13587769865989685,0.003445724956691265,0.1864769607782364,0.05689788982272148
10,81,0.22908608615398407,0.2261025607585907,0.0029661497101187706,0.17374280095100403,0.05485425889492035
10,82,0.20498186349868774,0.2020493596792221,0.0029113255441188812,0.21168510615825653,0.012657061219215393
10,83,0.42740464210510254,0.41671624779701233,0.010573988780379295,1.1441553831100464,0.08119165897369385
10,84,0.1341499537229538,0.13117581605911255,0.0029598111286759377,0.14316114783287048,0.0866997167468071
10,85,0.05823475494980812,0.05776306986808777,0.0004453936708159745,0.262947142124176,0.013636957854032516
10,86,0.8444517254829407,0.8345450162887573,0.009841538965702057,0.6514970064163208,0.09704230725765228
10,87,0.030520504340529442,0.030189160257577896,0.0003294331836514175,0.01910371519625187,0.0025333520025014877
10,88,0.9826202988624573,0.9606612920761108,0.021407973021268845,5.510724067687988,0.10492614656686783
10,89,0.38170382380485535,0.37219154834747314,0.009478656575083733,0.3360472321510315,0.03578115999698639
10,90,0.22813372313976288,0.22473162412643433,0.0033882129937410355,0.13881735503673553,0.047413170337677
10,91,0.4449671506881714,0.43316495418548584,0.011748135089874268,0.5405691266059875,0.07186712324619293
10,92,0.4077635705471039,0.4000849723815918,0.007567690685391426,1.1088207960128784,0.05631551146507263
10,93,0.14039157330989838,0.12820027768611908,0.012188850902020931,0.024365130811929703,0.0091876070946455
10,94,0.8541018962860107,0.8437842130661011,0.010252950713038445,0.6471022963523865,0.09674125909805298
10,95,0.9907376766204834,0.9593284130096436,0.03075050748884678,6.587785720825195,0.12080056965351105
10,96,1.048804521560669,1.0236458778381348,0.02469514310359955,4.634305477142334,0.11581851541996002
10,97,0.08956488966941833,0.0891207754611969,0.00042223144555464387,0.2188340723514557,0.01564343459904194
10,98,0.043166641145944595,0.04300391674041748,0.0001429604017175734,0.1976451426744461,0.0037189973518252373
10,99,0.6536082029342651,0.6435103416442871,0.009954729117453098,1.4309213161468506,0.23234981298446655
10,100,0.26165199279785156,0.2586420774459839,0.002995847724378109,0.1405390053987503,0.03399806469678879
11,1,0.35279497504234314,0.34840258955955505,0.00432957336306572,0.6282324194908142,0.02385355532169342
11,2,0.210714191198349,0.20798611640930176,0.00270181056112051,0.2627776861190796,0.00516706146299839
11,3,0.8719771504402161,0.8597339391708374,0.012200472876429558,0.4275561273097992,0.031469814479351044
11,4,0.2635200619697571,0.2601080536842346,0.0033943408634513617,0.17661073803901672,0.019528785720467567
11,5,0.44285887479782104,0.4392260015010834,0.003574150148779154,0.587218165397644,0.01984955370426178
11,6,0.05373653024435043,0.05350571870803833,0.00021071171795483679,0.20102235674858093,0.005037982016801834
11,7,0.8338627815246582,0.8248981237411499,0.00880332663655281,1.6134908199310303,0.2383745014667511
11,8,0.05654523894190788,0.056002117693424225,0.0005163629539310932,0.26757028698921204,0.0127424206584692
11,9,0.7168905735015869,0.7068341970443726,0.010003864765167236,0.5251356363296509,0.172287255525589
11,10,0.3932381570339203,0.3871832489967346,0.0059658316895365715,0.8907673954963684,0.12545141577720642
11,11,0.4967217445373535,0.48723915219306946,0.009388761594891548,0.9381077885627747,0.11311859637498856
11,12,0.4331241250038147,0.4274706244468689,0.005592344328761101,0.6114490032196045,0.07863544672727585
11,13,0.42699962854385376,0.42276281118392944,0.004162757657468319,0.7404630184173584,0.04772094637155533
11,14,0.9832786917686462,0.9692239761352539,0.013787567615509033,2.6712396144866943,0.3142526149749756
11,15,0.9088126420974731,0.8913673162460327,0.01734018698334694,1.051679253578186,0.08890783041715622
11,16,0.14006921648979187,0.12253179401159286,0.017534222453832626,0.03204614296555519,0.008518564514815807
11,17,0.14802639186382294,0.14596791565418243,0.002047584857791662,0.10897929221391678,0.022745490074157715
11,18,1.1174417734146118,1.0896600484848022,0.027034897357225418,7.468484401702881,0.3249198794364929
11,19,0.3799436092376709,0.3651910424232483,0.014657894149422646,0.946679413318634,0.05215371400117874
11,20,0.06837218254804611,0.0678306445479393,0.0005197074497118592,0.21832729876041412,0.014645271934568882
11,21,0.48321834206581116,0.4723431468009949,0.010796906426548958,0.7829104661941528,0.12143228948116302
11,22,0.9246150255203247,0.9060525298118591,0.018386682495474815,1.7581822872161865,0.18752151727676392
11,23,1.029213309288025,1.0016146898269653,0.0270075686275959,5.9102606773376465,0.189704030752182
11,24,1.1734062433242798,1.1317965984344482,0.04053477570414543,10.749269485473633,0.12098647654056549
11,25,0.38160470128059387,0.37257274985313416,0.008962671272456646,0.6928960084915161,0.01713186502456665
11,26,0.04430264234542847,0.04406845569610596,0.0002172518870793283,0.16936659812927246,0.005088381934911013
11,27,0.9306122660636902,0.9145955443382263,0.01595117338001728,0.6554100513458252,0.07910101115703583
11,28,0.1339360922574997,0.13049642741680145,0.0034202844835817814,0.19385842978954315,0.10380737483501434
11,29,0.46141868829727173,0.4559873640537262,0.005384528078138828,0.4677939713001251,0.03653045743703842
11,30,0.34549349546432495,0.34109389781951904,0.004364301450550556,0.3528395891189575,0.03156483173370361
11,31,0.4002980887889862,0.39144545793533325,0.008824830874800682,0.27797383069992065,0.03129592165350914
11,32,0.3854674994945526,0.3753504455089569,0.01008039154112339,0.3665183484554291,0.03426920622587204
11,33,0.9774025082588196,0.9573395252227783,0.019519517198204994,5.4345808029174805,0.08769787847995758
11,34,0.37502947449684143,0.37122783064842224,0.0037728131283074617,0.2880599796772003,0.02979840338230133
11,35,0.19959908723831177,0.1967158019542694,0.0028716791421175003,0.11610953509807587,0.049537256360054016
11,36,0.980033278465271,0.9584542512893677,0.021137624979019165,4.414443492889404,0.07808806002140045
11,37,0.34998437762260437,0.3420535624027252,0.007870206609368324,0.6060817837715149,0.013857370242476463
11,38,0.05566874518990517,0.05550389736890793,0.000140009680762887,0.2483644336462021,0.002302106935530901
11,39,0.9404875636100769,0.9282587170600891,0.012173818424344063,0.5503409504890442,0.060829803347587585
11,40,0.04802985489368439,0.047712087631225586,0.0002915174118243158,0.26246535778045654,0.0049726273864507675
11,41,1.0810894966125488,1.067469596862793,0.01333891786634922,2.809519052505493,0.1367822289466858
11,42,0.6172834634780884,0.6087443828582764,0.008394358679652214,1.4471702575683594,0.266301691532135
11,43,0.2301008552312851,0.22498774528503418,0.005092494655400515,0.20613569021224976,0.05222166329622269
11,44,0.919794499874115,0.9066262245178223,0.013104904443025589,0.633678674697876,0.12826627492904663
11,45,0.028968991711735725,0.028748733922839165,0.000198127148905769,0.2213003933429718,0.004151325672864914
11,46,1.275763750076294,1.2443227767944336,0.030499713495373726,9.412405967712402,0.19381225109100342
11,47,0.2481970489025116,0.24540556967258453,0.0027727866545319557,0.18682076036930084,0.04718017578125
11,48,0.031025277450680733,0.03091583587229252,9.252170275431126e-05,0.16920702159404755,0.0019335543038323522
11,49,0.46918174624443054,0.4602767527103424,0.008851011283695698,0.5396047234535217,0.12751248478889465
11,50,1.0574820041656494,1.0289947986602783,0.02767782285809517,8.094684600830078,0.22657179832458496
11,51,0.8819364309310913,0.8643691539764404,0.01744863949716091,1.1861463785171509,0.14879640936851501
11,52,0.8692229986190796,0.8533844351768494,0.01577320322394371,0.6537584066390991,0.07381229847669601
11,53,0.031534355133771896,0.03133273497223854,0.00019061089551541954,0.11008299887180328,0.021809637546539307
11,54,0.06401611119508743,0.06390862166881561,9.261746890842915e-05,0.14868663251399994,0.0017075077630579472
11,55,1.0088677406311035,0.9892112016677856,0.019281063228845596,3.7553329467773438,0.45511767268180847
11,56,0.8776575922966003,0.8533442616462708,0.023824525997042656,4.88822603225708,0.5490357875823975
11,57,0.14540649950504303,0.143282949924469,0.002111012116074562,0.1253361999988556,0.05478496104478836
11,58,0.04134078323841095,0.04111453890800476,0.0002055092918453738,0.20735250413417816,0.004420450888574123
11,59,0.91399747133255,0.8993362188339233,0.014580931514501572,0.8036656379699707,0.13427305221557617
11,60,0.040945861488580704,0.040771033614873886,0.00015373469796031713,0.2109355330467224,0.002835693536326289
11,61,0.738958477973938,0.7302101254463196,0.008663658052682877,0.8470989465713501,0.0988435447216034
11,62,0.7343049645423889,0.7243003845214844,0.009940821677446365,0.6377280354499817,0.10175949335098267
11,63,0.415327250957489,0.409589946269989,0.00570019381120801,0.3709883391857147,0.043026767671108246
11,64,1.1758313179016113,1.1480684280395508,0.02728935144841671,4.734869480133057,0.18969601392745972
11,65,0.050059519708156586,0.049889881163835526,0.00016113072342704982,0.08510202169418335,0.10639171302318573
11,66,0.3451681137084961,0.33773428201675415,0.007385436445474625,0.48413294553756714,0.012778930366039276
11,67,0.40583670139312744,0.3968583345413208,0.008947468362748623,0.3091028332710266,0.020052704960107803
11,68,0.03395858779549599,0.033815693110227585,0.0001265514292754233,0.163412407040596,0.003235846059396863
11,69,0.033773813396692276,0.033636558800935745,0.00013084754755254835,0.06406821310520172,0.062369488179683685
11,70,0.04763678088784218,0.04721255972981453,0.0004051332944072783,0.190895676612854,0.013871569186449051
11,71,0.8645029067993164,0.8522250652313232,0.012214962393045425,0.6285721659660339,0.044661834836006165
11,72,0.01794619858264923,0.017853742465376854,7.775692210998386e-05,0.14700165390968323,0.002134546637535095
11,73,1.0811995267868042,1.0639290809631348,0.01677393540740013,4.965061187744141,0.10658757388591766
11,74,0.4152897894382477,0.4088526666164398,0.006348895840346813,0.8820393681526184,0.049866683781147
11,75,0.5303419232368469,0.5261862277984619,0.004138151649385691,0.17514730989933014,0.09329435229301453
11,76,0.4424744248390198,0.43166041374206543,0.010771475732326508,0.4254135191440582,0.06466701626777649
11,77,1.1241765022277832,1.1115226745605469,0.012359804473817348,2.9395172595977783,0.18359887599945068
11,78,0.21406392753124237,0.21066728234291077,0.003370259888470173,0.2639513313770294,0.006408523302525282
11,79,0.4001312255859375,0.3943753242492676,0.00573235098272562,0.23545922338962555,0.050356194376945496
11,80,0.028109798207879066,0.02796105295419693,0.00013071141438558698,0.18034647405147552,0.0016175680793821812
11,81,0.6632837057113647,0.6549913883209229,0.00824502669274807,0.47268301248550415,0.11375477910041809
11,82,0.014145424589514732,0.01396443136036396,0.00017156227841041982,0.09430327266454697,0.07067368924617767
11,83,0.347137987613678,0.33836260437965393,0.008732614107429981,0.4275367558002472,0.027114400640130043
11,84,0.5093243718147278,0.5038957595825195,0.00533938966691494,0.892483651638031,0.02048031985759735
11,85,0.046030279248952866,0.045848164707422256,0.0001655727537581697,0.16540125012397766,0.005038305185735226
11,86,0.036003246903419495,0.03594157472252846,4.719985372503288e-05,0.14471329748630524,0.0009001303697004914
11,87,0.1367148458957672,0.13373610377311707,0.0029667983762919903,0.11953255534172058,0.06270313262939453
11,88,0.33992257714271545,0.33466166257858276,0.005218410398811102,0.42510950565338135,0.044321414083242416
11,89,0.9084506630897522,0.8952221870422363,0.013165864162147045,0.6258146166801453,0.14509674906730652
11,90,0.8857136964797974,0.8667088747024536,0.01860900968313217,3.958604574203491,0.810248613357544
11,91,1.3703172206878662,1.305424451828003,0.06397230923175812,9.203790664672852,0.1945452094078064
11,92,0.01943446882069111,0.019355103373527527,7.921694486867636e-05,0.0014937061350792646,0.0004702583537437022
11,93,0.8609555959701538,0.8493854999542236,0.011204972863197327,3.6511638164520264,0.6666110157966614
11,94,0.1559005230665207,0.15541639924049377,0.00044985796557739377,0.34275785088539124,0.020223965868353844
11,95,0.4456448554992676,0.4389420747756958,0.006676055025309324,0.26721951365470886,0.09062608331441879
11,96,0.24791263043880463,0.24405594170093536,0.003837734926491976,0.18953628838062286,0.09155359864234924
11,97,0.42440882325172424,0.4155997633934021,0.008648702874779701,1.6036593914031982,0.05816371738910675
11,98,0.027078969404101372,0.026949148625135422,0.00010847393423318863,0.2134743630886078,0.0018713431200012565
11,99,1.0015971660614014,0.9829367399215698,0.018181879073381424,4.784714221954346,0.03371390700340271
11,100,0.6721692681312561,0.6639276146888733,0.00810656975954771,1.350831389427185,0.06683158874511719
12,1,0.44519177079200745,0.4376246929168701,0.007388141006231308,1.7894307374954224,0.022610243409872055
12,2,0.7062053084373474,0.6980218887329102,0.008133732713758945,0.49707701802253723,0.04806133359670639
12,3,0.4205409586429596,0.4136179983615875,0.006890992168337107,0.3198719024658203,0.04429348558187485
12,4,1.1660113334655762,1.1440064907073975,0.021571297198534012,4.335339069366455,0.17934660613536835
12,5,0.4021960198879242,0.3927440643310547,0.009432131424546242,0.19828291237354279,0.07859239727258682
12,6,0.04068299010396004,0.040534548461437225,0.00012616871390491724,0.2227214276790619,0.0046790181659162045
12,7,1.0791327953338623,1.055224061012268,0.023449920117855072,4.588682651519775,0.2813858985900879
12,8,0.024494009092450142,0.02430538646876812,0.00017916629440151155,0.09456051886081696,0.10559000074863434
12,9,0.1500287503004074,0.1477169692516327,0.0022938065230846405,0.1796557754278183,0.15549540519714355
12,10,0.028996024280786514,0.028828220441937447,0.00014850430306978524,0.1929933726787567,0.003938677720725536
12,11,0.9410554766654968,0.9164302945137024,0.02425079420208931,3.7440414428710938,0.11250607669353485
12,12,0.6575732827186584,0.6505731344223022,0.006870737764984369,1.2939356565475464,0.14306876063346863
12,13,1.1915709972381592,1.1791715621948242,0.01183667778968811,5.627586364746094,0.10375151038169861
12,14,0.8321678042411804,0.8201743364334106,0.011798681691288948,1.9478307962417603,0.2855808734893799
12,15,0.9384483098983765,0.9292047023773193,0.009089468978345394,1.5416476726531982,0.1737089455127716
12,16,0.7075042128562927,0.6967912912368774,0.010657773353159428,0.5515930652618408,0.10304898023605347
12,17,1.032745599746704,1.0076887607574463,0.024281209334731102,7.755499839782715,0.2534262537956238
12,18,0.371372252702713,0.36749938130378723,0.0038177194073796272,0.5517655611038208,0.017776736989617348
12,19,0.251839280128479,0.24861817061901093,0.003205935936421156,0.1516469120979309,0.017071256414055824
12,20,0.6474384069442749,0.6369885802268982,0.01029219664633274,1.576641321182251,0.3768203854560852
12,21,0.29077109694480896,0.2869219481945038,0.0038107247091829777,0.38420501351356506,0.016022127121686935
12,22,0.43827423453330994,0.42803293466567993,0.010059239342808723,1.8206866979599,0.07417283207178116
12,23,0.1302296221256256,0.12809818983078003,0.0021216431632637978,0.09788630157709122,0.04130440205335617
12,24,1.0312775373458862,1.006821870803833,0.024327993392944336,1.2771705389022827,0.2825535535812378
12,25,0.6530347466468811,0.6424316167831421,0.010387811809778214,2.1532089710235596,0.3196723461151123
12,26,0.1381695568561554,0.13599948585033417,0.002152254804968834,0.1782376617193222,0.04925919696688652
12,27,1.0113389492034912,0.9791216850280762,0.03133120760321617,8.86130428314209,0.12771058082580566
12,28,0.6973970532417297,0.6872032284736633,0.00991175975650549,2.820779323577881,0.16736775636672974
12,29,0.9590488076210022,0.9527351260185242,0.006118354387581348,1.9530495405197144,0.19841977953910828
12,30,0.6701701879501343,0.6571950316429138,0.012733298353850842,2.418637990951538,0.1715274453163147
12,31,0.031175905838608742,0.031010426580905914,0.00014042900875210762,0.2505113184452057,0.003513925475999713
12,32,0.377003937959671,0.3719184994697571,0.0050350371748209,0.503925085067749,0.05997269228100777
12,33,0.14694973826408386,0.1441064178943634,0.0028238904196769,0.19426634907722473,0.16678756475448608
12,34,0.029439067468047142,0.029279585927724838,0.00014624229515902698,0.13239970803260803,0.11863334476947784
12,35,0.028011908754706383,0.027895307168364525,8.950455230660737e-05,0.27097320556640625,0.003913940861821175
12,36,1.0731245279312134,1.0357612371444702,0.03653677925467491,8.264778137207031,0.2993817925453186
12,37,0.6508238315582275,0.6420542001724243,0.008525303564965725,2.443227529525757,0.3658313453197479
12,38,0.24141797423362732,0.23809689283370972,0.003300997894257307,0.20087018609046936,0.05833081901073456
12,39,0.22310379147529602,0.22010599076747894,0.0029738438315689564,0.23955264687538147,0.010153825394809246
12,40,0.6466057896614075,0.6357488632202148,0.010647880844771862,2.09041690826416,0.14943847060203552
12,41,0.3771871328353882,0.3712276518344879,0.005916657857596874,0.4281728267669678,0.1247573047876358
12,42,0.4982301890850067,0.49325472116470337,0.004892466124147177,0.829951822757721,0.017725573852658272
12,43,0.7350393533706665,0.7229138016700745,0.012054015882313251,0.7151984572410583,0.0518118217587471
12,44,1.090656042098999,1.0793057680130005,0.011100688949227333,2.496530532836914,0.2793703079223633
12,45,0.030203357338905334,0.03001675195991993,0.0001750184310367331,0.11587640643119812,0.0543912798166275
12,46,0.035870399326086044,0.03570721670985222,0.00014095540973357856,0.22230365872383118,0.00313925719819963
12,47,1.0874000787734985,1.0577950477600098,0.028895311057567596,7.09805965423584,0.38556867837905884
12,48,0.5261152982711792,0.5147049427032471,0.011165852658450603,2.4450056552886963,0.21873116493225098
12,49,0.15253932774066925,0.1491907238960266,0.003333820030093193,0.14787472784519196,0.11667656153440475
12,50,0.34132954478263855,0.3359682559967041,0.0053035300225019455,0.5775803327560425,0.06512279808521271
12,51,0.17222490906715393,0.16292276978492737,0.009268442168831825,0.3369028866291046,0.1281750649213791
12,52,0.2244449406862259,0.22044458985328674,0.003968437202274799,0.3192126154899597,0.005633430555462837
12,53,0.08403927087783813,0.08390507847070694,0.00011677162547130138,0.17416319251060486,0.015700433403253555
12,54,0.9297565221786499,0.9133361577987671,0.016324227675795555,0.961513876914978,0.0548725351691246
12,55,0.4089353382587433,0.40412741899490356,0.004783838056027889,0.2407902628183365,0.00845898874104023
12,56,0.44377315044403076,0.4386850893497467,0.005034234840422869,0.5383046865463257,0.01966182515025139
12,57,1.195046067237854,1.1688332557678223,0.025686461478471756,5.262514114379883,0.09462074935436249
12,58,1.1631494760513306,1.1393320560455322,0.023352541029453278,4.649454593658447,0.12096545100212097
12,59,0.020620977506041527,0.020459948107600212,0.00013636404764838517,0.2466578334569931,0.005113661754876375
12,60,0.9254042506217957,0.8988726139068604,0.02615289017558098,3.7875335216522217,0.693060040473938
12,61,0.03156740218400955,0.031407229602336884,0.00013285840395838022,0.27312925457954407,0.0032769013196229935
12,62,0.3439544439315796,0.3397800624370575,0.004142283461987972,0.3208223581314087,0.09664846211671829
12,63,0.035707004368305206,0.03549424558877945,0.00018484087195247412,0.27918869256973267,0.006219052709639072
12,64,0.44669172167778015,0.4346921145915985,0.011955882422626019,0.4372655153274536,0.1024371087551117
12,65,0.13182899355888367,0.13005048036575317,0.0017648153007030487,0.13698869943618774,0.0682905912399292
12,66,0.139679417014122,0.1379096806049347,0.0017572046490386128,0.1253848522901535,0.04713408648967743
12,67,0.03959326073527336,0.039393387734889984,0.0001759320730343461,0.23943540453910828,0.0069611347280442715
12,68,0.24028344452381134,0.23763883113861084,0.002630260307341814,0.1435171216726303,0.0392947793006897
12,69,0.43729332089424133,0.4339666962623596,0.0032796980813145638,0.469372034072876,0.025585368275642395
12,70,0.9862989187240601,0.9777247309684753,0.008437101729214191,1.3708183765411377,0.1940130591392517
12,71,0.9349484443664551,0.9155819416046143,0.01909349486231804,2.7297332286834717,0.09183686971664429
12,72,0.8771792650222778,0.8691143989562988,0.007935704663395882,1.2917991876602173,0.29782208800315857
12,73,0.4681311249732971,0.4617166519165039,0.006377399433404207,0.3707946538925171,0.12568198144435883
12,74,0.4580628573894501,0.4528883099555969,0.005109458230435848,0.6508550643920898,0.11330059915781021
12,75,0.4413700997829437,0.4332897663116455,0.008031060919165611,0.4926222562789917,0.10793276131153107
12,76,0.773637056350708,0.7624785900115967,0.011095408350229263,0.6305052042007446,0.19012568891048431
12,77,0.3558915853500366,0.3521556258201599,0.003642345778644085,0.936097264289856,0.046540517359972
12,78,1.2065999507904053,1.1789822578430176,0.02710612863302231,5.1146769523620605,0.17588356137275696
12,79,0.16084469854831696,0.1585269570350647,0.0023085526190698147,0.09200870245695114,0.01645437255501747
12,80,0.8939966559410095,0.8727971315383911,0.02088008262217045,3.194404363632202,0.5179862976074219
12,81,0.4725770652294159,0.4649953544139862,0.007519841659814119,0.6187571883201599,0.049107883125543594
12,82,0.08175431191921234,0.08140050619840622,0.00033039716072380543,0.23408588767051697,0.019310757517814636
12,83,0.3875369131565094,0.38375383615493774,0.003750354517251253,0.32728418707847595,0.007326108403503895
12,84,0.45725002884864807,0.44922345876693726,0.007829920388758183,1.966232180595398,0.028322864323854446
12,85,0.4133094549179077,0.40637052059173584,0.006902575492858887,0.36349260807037354,0.029752884060144424
12,86,0.9351749420166016,0.9222447872161865,0.012809989973902702,1.2015424966812134,0.1767221987247467
12,87,0.8838819265365601,0.8691815733909607,0.014475911855697632,2.2448689937591553,0.6936423778533936
12,88,0.07591553777456284,0.07570818066596985,0.00017645777552388608,0.30898517370224,0.006112717557698488
12,89,0.4524039626121521,0.44668036699295044,0.005652197171002626,0.7141559720039368,0.09245647490024567
12,90,0.053842827677726746,0.05367710068821907,0.00015316027565859258,0.125654935836792,0.16974550485610962
12,91,0.1502677947282791,0.14517676830291748,0.00507635623216629,0.14672863483428955,0.09536991268396378
12,92,1.1724296808242798,1.1535404920578003,0.018560269847512245,3.2886295318603516,0.10722295939922333
12,93,0.03888344764709473,0.0387469083070755,0.00011553566582733765,0.21001625061035156,0.0035479366779327393
12,94,0.049234144389629364,0.04910413175821304,0.00011025069397874177,0.1976131796836853,0.00449291430413723
12,95,0.14673033356666565,0.1440490484237671,0.0026632030494511127,0.18082037568092346,0.06299679726362228
12,96,0.024052094668149948,0.023856671527028084,0.00018590808031149209,0.09514176100492477,0.02517518773674965
12,97,0.38509780168533325,0.3797549605369568,0.005311405751854181,0.31428229808807373,0.029275842010974884
12,98,0.012315051630139351,0.012186963111162186,0.00011861446546390653,0.09474624693393707,0.0557367317378521
12,99,0.2002541869878769,0.19592690467834473,0.004295811988413334,0.31467053294181824,0.018852198496460915
12,100,0.4199453592300415,0.41384613513946533,0.006067609414458275,0.31632325053215027,0.0507638081908226
13,1,0.07271429896354675,0.07199686765670776,0.0007135668420232832,0.03868116810917854,0.015289099887013435
13,2,0.13634715974330902,0.13425171375274658,0.00208723871037364,0.08211004734039307,0.08352723717689514
13,3,0.46506333351135254,0.4570615887641907,0.007906198501586914,0.9553155899047852,0.062463097274303436
13,4,1.129381775856018,1.1075439453125,0.021440548822283745,3.9727323055267334,0.22722050547599792
13,5,0.4093645215034485,0.40187621116638184,0.007395514287054539,0.9281266331672668,0.05722935125231743
13,6,0.6961067914962769,0.685188889503479,0.010739251971244812,1.7861069440841675,0.29224538803100586
13,7,0.23458535969257355,0.23208680748939514,0.0024838000535964966,0.1475425660610199,0.035261791199445724
13,8,0.20642615854740143,0.20347410440444946,0.002932092407718301,0.19965243339538574,0.009961329400539398
13,9,0.03023347072303295,0.03006862848997116,0.00015395774971693754,0.10885047912597656,0.048658356070518494
13,10,0.8081741333007812,0.793304443359375,0.014563802629709244,3.058940887451172,0.3538361191749573
13,11,0.02598959021270275,0.02581026963889599,0.00016855774447321892,0.10763023793697357,0.04922465234994888
13,12,0.13271385431289673,0.1304699182510376,0.0022341699805110693,0.09754244238138199,0.03508923202753067
13,13,0.023907188326120377,0.023780645802617073,0.00010614677012199536,0.20395071804523468,0.0016851482214406133
13,14,0.020279115065932274,0.02012181468307972,0.0001363920164294541,0.20908664166927338,0.0021278895437717438
13,15,0.14412657916545868,0.1408155858516693,0.0032904327381402254,0.2055651843547821,0.11380486190319061
13,16,0.12558208405971527,0.12354180216789246,0.0020273830741643906,0.12901997566223145,0.09824250638484955
13,17,0.9057120084762573,0.8952751159667969,0.01038871519267559,0.4813286066055298,0.08280109614133835
13,18,0.6319368481636047,0.6232694387435913,0.00851975567638874,1.4766377210617065,0.2438988983631134
13,19,0.43353766202926636,0.42651861906051636,0.006982296239584684,0.3675652742385864,0.04397940635681152
13,20,1.2029210329055786,1.1822576522827148,0.02009768784046173,5.656847953796387,0.1442204862833023
13,21,0.9857860207557678,0.9762110114097595,0.009021924808621407,5.530611991882324,0.15434914827346802
13,22,0.36193278431892395,0.35235825181007385,0.009505173191428185,0.693454921245575,0.04769669473171234
13,23,0.4490179121494293,0.44348445534706116,0.005466042086482048,0.6740503311157227,0.056158214807510376
13,24,0.3648228645324707,0.3537617623806,0.010994022712111473,0.6709982752799988,0.05179408937692642
13,25,0.259280800819397,0.25579631328582764,0.00346203101798892,0.22458741068840027,0.07226645946502686
13,26,0.3572203516960144,0.35315555334091187,0.00402046600356698,0.4433393180370331,0.04833381623029709
13,27,0.32995811104774475,0.3179681897163391,0.011922170408070087,0.6773121953010559,0.021798474714159966
13,28,0.48690927028656006,0.48029467463493347,0.006466418970376253,1.4819098711013794,0.04216987267136574
13,29,0.6981014609336853,0.6904746294021606,0.007570317015051842,0.5649442076683044,0.07868102192878723
13,30,0.8072969913482666,0.7958719730377197,0.011328021064400673,0.9695003628730774,0.10210085660219193
13,31,1.133116364479065,1.1046864986419678,0.027824420481920242,6.0543413162231445,0.1448081135749817
13,32,0.13427340984344482,0.1309942603111267,0.0032595819793641567,0.19564396142959595,0.10315798223018646
13,33,0.43427786231040955,0.42964696884155273,0.004553055390715599,0.7783119082450867,0.029661063104867935
13,34,0.39906060695648193,0.39201176166534424,0.007011990994215012,0.36870813369750977,0.030996931716799736
13,35,0.13693632185459137,0.13433828949928284,0.002587252762168646,0.10767581313848495,0.05905626714229584
13,36,0.14363616704940796,0.13997113704681396,0.0036387131549417973,0.2630825340747833,0.10601365566253662
13,37,0.028359368443489075,0.028198406100273132,0.00014163368905428797,0.19329574704170227,0.005817413330078125
13,38,0.3661302626132965,0.35719677805900574,0.008927482180297375,0.05998913571238518,0.025246378034353256
13,39,0.12136085331439972,0.11932004988193512,0.002033492084592581,0.07311356067657471,0.03682071715593338
13,40,0.49611470103263855,0.48009443283081055,0.015929386019706726,0.908655047416687,0.088775135576725
13,41,0.13785193860530853,0.13532499969005585,0.0025049957912415266,0.2195412963628769,0.11679591983556747
13,42,0.7339488863945007,0.7242659330368042,0.009605972096323967,0.7703114151954651,0.10087001323699951
13,43,0.9716602563858032,0.938913106918335,0.0321483314037323,5.987939357757568,0.12274336814880371
13,44,0.4163226783275604,0.40906697511672974,0.0071717118844389915,0.8397523760795593,0.04658108949661255
13,45,1.1761101484298706,1.1645759344100952,0.010453455150127411,10.807912826538086,0.1404215395450592
13,46,0.4251612722873688,0.41784951090812683,0.007284275721758604,0.2747723162174225,0.02625441551208496
13,47,0.3173816204071045,0.3131999969482422,0.004151195753365755,0.3043253719806671,0.033657558262348175
13,48,0.4313772916793823,0.4252871870994568,0.006044974084943533,0.4510875940322876,0.031296808272600174
13,49,0.17138777673244476,0.16988490521907806,0.0014986414462327957,0.04230896010994911,0.04078173637390137
13,50,1.0926116704940796,1.063396692276001,0.028148770332336426,10.662459373474121,0.1376594603061676
13,51,1.0137224197387695,0.9809816479682922,0.0323203019797802,4.204715728759766,0.6501361727714539
13,52,0.7003887295722961,0.6880431771278381,0.012280900962650776,0.6464468240737915,0.07928729057312012
13,53,0.02381088212132454,0.02366449497640133,0.00013830987154506147,0.0807562842965126,0.0853932648897171
13,54,0.12478124350309372,0.12254463136196136,0.0022267578169703484,0.09854210168123245,0.05060261860489845
13,55,0.36905527114868164,0.35815754532814026,0.010805613361299038,0.9210517406463623,0.013590842485427856
13,56,0.9493018984794617,0.9266312122344971,0.022311896085739136,3.5875086784362793,0.10857664048671722
13,57,0.02875436842441559,0.028550881892442703,0.0001820274192141369,0.2145947515964508,0.006417621858417988
13,58,0.4270474314689636,0.4195396304130554,0.007373250089585781,1.3456032276153564,0.061725959181785583
13,59,0.4333406090736389,0.42642727494239807,0.006807921454310417,1.054118275642395,0.040293462574481964
13,60,1.0967847108840942,1.0690842866897583,0.02700875699520111,6.915928363800049,0.1960509717464447
13,61,0.9803528785705566,0.966681718826294,0.012786366045475006,8.847739219665527,0.13579246401786804
13,62,1.0221251249313354,0.9986463189125061,0.022988390177488327,4.904287815093994,0.17972636222839355
13,63,0.39009925723075867,0.37987133860588074,0.010204357095062733,0.23572951555252075,0.0449991412460804
13,64,0.22814980149269104,0.22378109395503998,0.0043329885229468346,0.35722073912620544,0.03584476560354233
13,65,0.9548701047897339,0.9414353966712952,0.013356884010136127,0.7786420583724976,0.10311912000179291
13,66,0.6894579529762268,0.6805753707885742,0.008827626705169678,0.5496683120727539,0.054367516189813614
13,67,1.0369175672531128,1.0095224380493164,0.026813745498657227,5.814011573791504,0.1184644103050232
13,68,0.14907217025756836,0.14689618349075317,0.002165309153497219,0.10679566115140915,0.01576980948448181
13,69,0.3896133601665497,0.38547104597091675,0.004116648342460394,0.25672268867492676,0.015135493129491806
13,70,0.9676268696784973,0.9451683759689331,0.021893315017223358,5.651793956756592,0.1150251105427742
13,71,0.1339038461446762,0.13216516375541687,0.0017309393733739853,0.07753206789493561,0.028916973620653152
13,72,0.34410831332206726,0.34039539098739624,0.0036770966835319996,0.35809260606765747,0.028523685410618782
13,73,1.0435904264450073,1.0262782573699951,0.016779359430074692,5.328600883483887,0.21791060268878937
13,74,0.2586829960346222,0.2574254870414734,0.0012476993724703789,0.09805072098970413,0.02149108052253723
13,75,1.0307799577713013,0.9976015686988831,0.0323522612452507,8.260823249816895,0.20386815071105957
13,76,0.48668718338012695,0.47735273838043213,0.009284098632633686,0.5033530592918396,0.11939985305070877
13,77,0.6559973955154419,0.6339467763900757,0.022033605724573135,0.16979479789733887,0.15583255887031555
13,78,0.5938544273376465,0.5834404826164246,0.01024205144494772,1.719140648841858,0.30618199706077576
13,79,1.3136955499649048,1.289503812789917,0.02373366802930832,4.581464767456055,0.14351162314414978
13,80,0.13705796003341675,0.13443416357040405,0.002608397975564003,0.15397348999977112,0.11914975196123123
13,81,0.8527090549468994,0.8392448425292969,0.013257489539682865,2.0668928623199463,0.43600478768348694
13,82,0.9819442629814148,0.9642845392227173,0.017217397689819336,4.423400402069092,0.13491079211235046
13,83,0.05801452696323395,0.057595930993556976,0.0003989288816228509,0.19666916131973267,0.011887740343809128
13,84,0.024408258497714996,0.02427031472325325,0.00012167653039796278,0.1626737415790558,0.0014466028660535812
13,85,0.4292810559272766,0.4202423095703125,0.008988887071609497,0.4985164999961853,0.04267176240682602
13,86,0.022127049043774605,0.022000057622790337,0.00011130950588267297,0.15682198107242584,0.002283365000039339
13,87,0.4466347396373749,0.4291544556617737,0.017465945333242416,0.1434563547372818,0.025203686207532883
13,88,1.0435792207717896,1.0032862424850464,0.039389386773109436,9.035567283630371,0.11593488603830338
13,89,0.030468439683318138,0.030298706144094467,0.00015199498739093542,0.17738178372383118,0.004006201401352882
13,90,0.22598768770694733,0.22305428981781006,0.0029042749665677547,0.2911689281463623,0.01981205865740776
13,91,0.2325446903705597,0.22874872386455536,0.0037838935386389494,0.12073715031147003,0.056575316935777664
13,92,0.04571159929037094,0.04532494395971298,0.00036634510615840554,0.2031162977218628,0.012279773131012917
13,93,1.0830225944519043,1.0651683807373047,0.01734747737646103,5.067625045776367,0.13178563117980957
13,94,0.02705562487244606,0.026971451938152313,6.770109757781029e-05,0.16471797227859497,0.002865089103579521
13,95,0.04752090945839882,0.04712585359811783,0.0003742992412298918,0.2075788378715515,0.013959524221718311
13,96,0.3474278151988983,0.33938857913017273,0.00799290370196104,0.4634307622909546,0.016008947044610977
13,97,0.024422358721494675,0.02433483861386776,6.922709144419059e-05,0.18293115496635437,0.002631973009556532
13,98,0.12116636335849762,0.11971336603164673,0.001446436159312725,0.0656346008181572,0.028872426599264145
13,99,1.0389660596847534,1.0067198276519775,0.031425394117832184,8.209310531616211,0.12306736409664154
13,100,0.4086657464504242,0.4021069407463074,0.006449330132454634,1.0947201251983643,0.07954324036836624
14,1,0.139354407787323,0.13711309432983398,0.0022199652157723904,0.21348652243614197,0.11233696341514587
14,2,0.13138490915298462,0.1297779381275177,0.00159437395632267,0.12596145272254944,0.011363331228494644
14,3,0.4081975519657135,0.40035343170166016,0.007755480706691742,0.8863007426261902,0.0944967195391655
14,4,0.13232213258743286,0.13004142045974731,0.0022736433893442154,0.07066253572702408,0.05521777272224426
14,5,0.19652314484119415,0.19367533922195435,0.0028252219781279564,0.2259594053030014,0.017655225470662117
14,6,0.19431553781032562,0.1912703812122345,0.003025231882929802,0.1992563009262085,0.013028804212808609
14,7,0.7350857257843018,0.7257180213928223,0.009317157790064812,0.5053014755249023,0.06847457587718964
14,8,0.04572202265262604,0.045376650989055634,0.00032367761014029384,0.21693505346775055,0.014487710781395435
14,9,0.9790040254592896,0.9693330526351929,0.00948546826839447,1.85494863986969,0.25759565830230713
14,10,0.9370332360267639,0.9274225234985352,0.009534306824207306,0.7641223669052124,0.13380086421966553
14,11,0.027104618027806282,0.026898860931396484,0.0001874217705335468,0.18335576355457306,0.006267393007874489
14,12,0.3343886435031891,0.3295401632785797,0.004802916198968887,0.4555879831314087,0.031772926449775696
14,13,0.4177166521549225,0.41297677159309387,0.004715643357485533,0.24224670231342316,0.039099276065826416
14,14,0.046288952231407166,0.045834410935640335,0.00043223914690315723,0.22304339706897736,0.01669294945895672
14,15,1.0012383460998535,0.985397219657898,0.01570187881588936,1.3928868770599365,0.29543018341064453
14,16,0.03941638395190239,0.03903018683195114,0.00036551401717588305,0.20681484043598175,0.013938698917627335
14,17,0.13341057300567627,0.1315692663192749,0.0018336283974349499,0.07672866433858871,0.033466123044490814
14,18,0.03202096372842789,0.031779028475284576,0.00022264939616434276,0.1928434520959854,0.009136296808719635
14,19,0.3261272609233856,0.32198548316955566,0.0041109975427389145,0.30772337317466736,0.026082459837198257
14,20,0.19818909466266632,0.19656813144683838,0.0016166428104043007,0.04315808787941933,0.011475114151835442
14,21,0.23686012625694275,0.23396632075309753,0.0028824438340961933,0.1135372444987297,0.054492175579071045
14,22,0.1436246931552887,0.14073695242404938,0.002868493553251028,0.19254355132579803,0.13821685314178467
14,23,0.984736979007721,0.9651670455932617,0.01945059560239315,1.1930893659591675,0.18483969569206238
14,24,0.1357371062040329,0.13318350911140442,0.0025447506923228502,0.08853902667760849,0.054087571799755096
14,25,0.06461691856384277,0.06416859477758408,0.0004201646661385894,0.28153008222579956,0.018701739609241486
14,26,0.8675660490989685,0.8583341240882874,0.00914420560002327,0.8774223327636719,0.10725205391645432
14,27,0.08497550338506699,0.08327465504407883,0.0016890495317056775,0.11802938580513,0.012071948498487473
14,28,0.05408542603254318,0.053604625165462494,0.00045259404578246176,0.28209277987480164,0.019615598022937775
14,29,0.440062940120697,0.43550699949264526,0.0044147660955786705,1.4117227792739868,0.017313044518232346
14,30,0.22724351286888123,0.22460749745368958,0.0026219524443149567,0.14072288572788239,0.046387575566768646
14,31,0.025685500353574753,0.025469353422522545,0.0001909951097331941,0.251517117023468,0.007026276551187038
14,32,0.632609486579895,0.6209044456481934,0.011522753164172173,1.8224971294403076,0.1995002031326294
14,33,0.24734598398208618,0.24603624641895294,0.0012987916124984622,0.10959211736917496,0.02167155221104622
14,34,0.8880834579467773,0.8800197839736938,0.007997892796993256,0.6583292484283447,0.08989958465099335
14,35,0.41914987564086914,0.4119874835014343,0.007115686312317848,0.46710896492004395,0.07215729355812073
14,36,0.031578660011291504,0.031466782093048096,9.932582179317251e-05,0.1254924237728119,0.10473500937223434
14,37,0.4111003279685974,0.4060201346874237,0.0050525180995464325,0.27684515714645386,0.08109760284423828
14,38,0.026416823267936707,0.026232222095131874,0.00017153704538941383,0.13064683973789215,0.07920614629983902
14,39,0.45987051725387573,0.45350727438926697,0.006260820664465427,1.0242489576339722,0.058800093829631805
14,40,1.0117686986923218,0.9989992380142212,0.012489266693592072,2.8017923831939697,0.23610246181488037
14,41,0.02686910331249237,0.026675023138523102,0.00016946281539276242,0.24616029858589172,0.008272569626569748
14,42,0.6296411752700806,0.6193249225616455,0.010133803822100163,1.8247379064559937,0.21305102109909058
14,43,0.13596126437187195,0.13334360718727112,0.002608650363981724,0.09000600874423981,0.029064366593956947
14,44,0.30882737040519714,0.3042878806591034,0.004506104625761509,0.3336939513683319,0.04213176667690277
14,45,1.1423685550689697,1.1253234148025513,0.016409967094659805,6.351154327392578,0.17775657773017883
14,46,0.41099655628204346,0.4057542085647583,0.005214901641011238,0.2745266854763031,0.0429404191672802
14,47,0.08124727010726929,0.07820215821266174,0.0030392096377909184,0.05904272198677063,0.01023864932358265
14,48,0.1325998306274414,0.1305842101573944,0.0020037759095430374,0.11847520619630814,0.051558077335357666
14,49,0.015087185427546501,0.01489692647010088,0.00017842825036495924,0.11830607801675797,0.07468167692422867
14,50,1.2052009105682373,1.1726453304290771,0.03198380768299103,5.717329025268555,0.2552558183670044
14,51,0.45593953132629395,0.44487056136131287,0.010970508679747581,0.9846810698509216,0.06290359795093536
14,52,0.019438132643699646,0.019309382885694504,0.00010511603613849729,0.23632392287254333,0.004269546829164028
14,53,0.42210158705711365,0.41585272550582886,0.006059864070266485,1.890084147453308,0.05799444764852524
14,54,0.4098536968231201,0.4039561152458191,0.005820263177156448,0.7730502486228943,0.03705786168575287
14,55,0.027377955615520477,0.02716159075498581,0.00019228883320465684,0.2407745122909546,0.007942399941384792
14,56,0.9149079322814941,0.8963713645935059,0.01820381172001362,3.327434778213501,0.42176562547683716
14,57,0.3616095781326294,0.35693925619125366,0.004573328886181116,0.9699881076812744,0.028906425461173058
14,58,0.324186772108078,0.3190659284591675,0.005083881318569183,0.369426965713501,0.1210567057132721
14,59,0.7310249209403992,0.7216240763664246,0.009337959811091423,0.6291143894195557,0.06221619248390198
14,60,0.9227542877197266,0.9140729308128357,0.008525209501385689,1.5616704225540161,0.14574819803237915
14,61,0.1293136477470398,0.12728826701641083,0.0020164363086223602,0.08940564841032028,0.06433131545782089
14,62,0.6539586186408997,0.6433659791946411,0.010406242683529854,1.863882064819336,0.37908753752708435
14,63,0.7411823272705078,0.7300029993057251,0.011123954318463802,0.5535581111907959,0.15857979655265808
14,64,0.4469597637653351,0.4399454891681671,0.006982753053307533,0.3153822422027588,0.07553698867559433
14,65,0.6120965480804443,0.6026367545127869,0.009305622428655624,1.5420441627502441,0.30233234167099
14,66,0.9634111523628235,0.9420783519744873,0.020641690120100975,6.910918712615967,0.094955213367939
14,67,0.7525709867477417,0.7420547008514404,0.010453682392835617,0.6257360577583313,0.06481774151325226
14,68,0.435985803604126,0.42623287439346313,0.009715165011584759,0.3777060806751251,0.05169018357992172
14,69,0.23104025423526764,0.2284449338912964,0.0025800028815865517,0.15313908457756042,0.030032332986593246
14,70,0.38385844230651855,0.3767288625240326,0.007106722332537174,0.22857700288295746,0.010986687615513802
14,71,0.8279851078987122,0.817513108253479,0.010277209803462029,1.9480304718017578,0.2462986409664154
14,72,0.017943082377314568,0.017842773348093033,7.950943108880892e-05,0.20800137519836426,0.004701843019574881
14,73,0.9400137066841125,0.9270545244216919,0.012661699205636978,2.9749462604522705,0.3445116877555847
14,74,0.03076648712158203,0.030577167868614197,0.00016506340762134641,0.2425621896982193,0.006398766301572323
14,75,0.2162884920835495,0.21078774333000183,0.005460007581859827,0.407331258058548,0.022832751274108887
14,76,0.016001513227820396,0.015838272869586945,0.0001523864339105785,0.10854300856590271,0.07243683189153671
14,77,0.9120662212371826,0.8968378305435181,0.01503384206444025,1.9456031322479248,0.16536785662174225
14,78,0.02222261391580105,0.02205878682434559,0.000141067779622972,0.22759003937244415,0.003492627991363406
14,79,0.43949252367019653,0.43089455366134644,0.008474070578813553,1.2388203144073486,0.04616468772292137
14,80,0.022316167131066322,0.022172674536705017,0.00012167395470896736,0.21818745136260986,0.004125266335904598
14,81,0.14308494329452515,0.13985741138458252,0.0032028474379330873,0.24693840742111206,0.11165397614240646
14,82,0.4434681236743927,0.4375320076942444,0.005858265794813633,0.7784503102302551,0.032699789851903915
14,83,0.46008187532424927,0.4462934732437134,0.013562745414674282,2.256617546081543,0.03080490231513977
14,84,0.9127024412155151,0.88431715965271,0.027861617505550385,5.236825942993164,0.7156623005867004
14,85,0.3301458954811096,0.32680413126945496,0.0032971929758787155,0.44590437412261963,0.031829584389925
14,86,0.8929709792137146,0.8816215395927429,0.011251210235059261,0.9825624823570251,0.11742479354143143
14,87,0.027054889127612114,0.026840347796678543,0.00020043454424012452,0.1410847157239914,0.06245468929409981
14,88,0.3829817473888397,0.3748553991317749,0.0081033231690526,0.23029477894306183,0.04103514924645424
14,89,0.36776024103164673,0.3611956834793091,0.006498092319816351,0.6644588112831116,0.04003984481096268
14,90,0.8829591274261475,0.8736176490783691,0.009265442378818989,0.7604575753211975,0.11345549672842026
14,91,0.3877709209918976,0.37879079580307007,0.008952433243393898,0.27691924571990967,0.04326515644788742
14,92,0.9830166697502136,0.9701566696166992,0.012702485546469688,1.5753264427185059,0.12197506427764893
14,93,0.6158849596977234,0.6099280714988708,0.005786005407571793,1.7087606191635132,0.25042256712913513
14,94,0.3944355845451355,0.3890054225921631,0.005404084455221891,0.2607685625553131,0.04371723160147667
14,95,0.2025216668844223,0.19926470518112183,0.003225893247872591,0.3107026219367981,0.011769907549023628
14,96,0.4688451290130615,0.46119457483291626,0.007597164250910282,0.5336622595787048,0.07812149822711945
14,97,0.24978198111057281,0.24678653478622437,0.0029800364281982183,0.15406876802444458,0.0655781626701355
14,98,0.4359215199947357,0.42923611402511597,0.006644154898822308,0.4125710725784302,0.0653095692396164
14,99,0.4217509329319,0.41324126720428467,0.008472893387079239,0.36763909459114075,0.04900747537612915
14,100,0.018802709877490997,0.018676772713661194,0.00010314835526514798,0.22789782285690308,0.002936138305813074
15,1,0.41433048248291016,0.40823468565940857,0.005993803031742573,1.0198652744293213,0.04391855746507645
15,2,1.0747876167297363,1.0596206188201904,0.014775152318179607,3.9186110496520996,0.04748331010341644
15,3,0.04877195879817009,0.04833802580833435,0.0004086436820216477,0.2529247999191284,0.014129087328910828
15,4,0.6121423840522766,0.6052863597869873,0.006733248941600323,1.2277976274490356,0.19819781184196472
15,5,1.1984044313430786,1.1882160902023315,0.009848044253885746,3.403886079788208,0.07677680999040604
15,6,0.23432818055152893,0.2310648113489151,0.003250947454944253,0.1242026686668396,0.043304577469825745
15,7,0.41234174370765686,0.4072872996330261,0.005032964050769806,0.21501652896404266,0.043251603841781616
15,8,0.05474803224205971,0.05433546006679535,0.00038674892857670784,0.2582251727581024,0.014957739040255547
15,9,0.748486340045929,0.7389219403266907,0.00948132574558258,0.8306736350059509,0.1443665623664856
15,10,0.13746698200702667,0.13535583019256592,0.002092539332807064,0.1860416978597641,0.09543825685977936
15,11,0.4360562860965729,0.42665958404541016,0.009308443404734135,0.8824302554130554,0.0462055541574955
15,12,0.14226268231868744,0.13916118443012238,0.003087193239480257,0.1429821252822876,0.060332611203193665
15,13,0.40039998292922974,0.39419570565223694,0.006169377360492945,0.34891682863235474,0.018751300871372223
15,14,1.1264513731002808,1.0986146926879883,0.02731189876794815,5.2481513023376465,0.2285638451576233
15,15,0.9766313433647156,0.9556267261505127,0.020887507125735283,1.1711769104003906,0.13046205043792725
15,16,0.45505765080451965,0.4418452978134155,0.01312165055423975,0.9069743156433105,0.07866241037845612
15,17,0.34199631214141846,0.3342306613922119,0.007695830427110195,0.6983028054237366,0.019213499501347542
15,18,0.37827837467193604,0.3759337067604065,0.0023215492255985737,0.23129364848136902,0.004410197027027607
15,19,0.3674239218235016,0.3594401478767395,0.007930389605462551,0.5338249802589417,0.01321222074329853
15,20,1.016042947769165,0.997477650642395,0.018218373879790306,3.4694104194641113,0.10392533242702484
15,21,1.2277721166610718,1.2154052257537842,0.011859681457281113,5.0717997550964355,0.12465836107730865
15,22,1.0505340099334717,1.0291635990142822,0.020960601046681404,4.098788738250732,0.1808270514011383
15,23,0.9465152025222778,0.9165487289428711,0.02942800708115101,5.384425163269043,0.1833043396472931
15,24,1.043872356414795,1.0181834697723389,0.025035850703716278,6.530389308929443,0.30078786611557007
15,25,1.2078083753585815,1.1772656440734863,0.02984813041985035,6.946557998657227,0.28454387187957764
15,26,0.5119256973266602,0.5038436651229858,0.008010693825781345,0.7134095430374146,0.16148672997951508
15,27,0.25818195939064026,0.25499433279037476,0.003175544086843729,0.12081629782915115,0.07726195454597473
15,28,0.5937591791152954,0.586307168006897,0.007318050134927034,1.3395096063613892,0.2220422923564911
15,29,0.1419207751750946,0.14016848802566528,0.0017316308803856373,0.20648293197155,0.05811382085084915
15,30,0.14523743093013763,0.14300696551799774,0.0022069590631872416,0.23499023914337158,0.04049420356750488
15,31,0.7676527500152588,0.7572238445281982,0.010366780683398247,0.6208529472351074,0.033581286668777466
15,32,0.02433319203555584,0.02419312484562397,0.00011731364793376997,0.2275431603193283,0.0025111790746450424
15,33,1.0927947759628296,1.0801377296447754,0.012339452281594276,3.1761820316314697,0.1817399114370346
15,34,1.2587558031082153,1.2331151962280273,0.024703476577997208,9.370779991149902,0.10019755363464355
15,35,0.44971489906311035,0.4420367479324341,0.0076123871840536594,0.6576938033103943,0.08698534220457077
15,36,0.37665224075317383,0.3679724335670471,0.008630793541669846,0.4901364743709564,0.1372482031583786
15,37,1.0034136772155762,0.9866410493850708,0.016365081071853638,4.0753278732299805,0.9250341057777405
15,38,0.26929837465286255,0.2647179961204529,0.004562517628073692,0.1783703863620758,0.1278122067451477
15,39,0.8722063302993774,0.8572190999984741,0.014877017587423325,1.1020468473434448,0.2013493776321411
15,40,0.23546092212200165,0.23212949931621552,0.0033136545680463314,0.1776181161403656,0.05403676629066467
15,41,0.4062628149986267,0.3994230628013611,0.006719924975186586,1.1983668804168701,0.04951809346675873
15,42,0.024979179725050926,0.024890176951885223,6.854292587377131e-05,0.2045927196741104,0.0021020444110035896
15,43,0.02618452161550522,0.026038900017738342,0.00013467142707668245,0.1095048189163208,0.023852761834859848
15,44,0.03454659879207611,0.034428518265485764,9.694952314021066e-05,0.21130305528640747,0.0019374219700694084
15,45,1.1442313194274902,1.1348876953125,0.009012660942971706,3.3090145587921143,0.17260614037513733
15,46,0.02123931609094143,0.021107643842697144,0.00010870384721783921,0.22967703640460968,0.0016650459729135036
15,47,0.021547265350818634,0.02135978266596794,0.00017621665028855205,0.11265705525875092,0.09590774774551392
15,48,0.7864296436309814,0.7715321779251099,0.014799298718571663,0.9815936088562012,0.14147484302520752
15,49,0.7088927030563354,0.6978181600570679,0.011006106622517109,0.6845213174819946,0.1358492076396942
15,50,0.15412238240242004,0.15107907354831696,0.0030207836534827948,0.22533489763736725,0.18163862824440002
15,51,0.03318735212087631,0.033049121499061584,0.00011344227095833048,0.2478710412979126,0.0022803382016718388
15,52,0.019812023267149925,0.01966850832104683,0.00013426427904050797,0.09250674396753311,0.08691586554050446
15,53,1.0263302326202393,1.0080002546310425,0.01758839190006256,7.4154438972473145,0.5777802467346191
15,54,0.24535290896892548,0.24337604641914368,0.0019620470702648163,0.14804573357105255,0.0045659104362130165
15,55,0.02865874581038952,0.028527144342660904,0.0001121541645261459,0.1944870948791504,0.0034483284689486027
15,56,0.9800318479537964,0.9539123177528381,0.025879770517349243,2.3975963592529297,0.08462047576904297
15,57,0.932366669178009,0.9148001670837402,0.017376609146595,1.8987512588500977,0.07434116303920746
15,58,0.4174003005027771,0.41085726022720337,0.006417195778340101,1.2584824562072754,0.035214900970458984
15,59,0.21058622002601624,0.20796087384223938,0.0026029967702925205,0.22351928055286407,0.008229936473071575
15,60,0.47291553020477295,0.4526452124118805,0.02017809823155403,0.9221671223640442,0.09393255412578583
15,61,0.1381770223379135,0.13607992231845856,0.002079225145280361,0.17882898449897766,0.12434598803520203
15,62,0.03680554777383804,0.036639254540205,0.00014237295545171946,0.23921296000480652,0.0048545971512794495
15,63,0.22921717166900635,0.22678963840007782,0.002414002548903227,0.13526009023189545,0.03762424737215042
15,64,0.3375437259674072,0.33451390266418457,0.003003216115757823,0.2660195231437683,0.021849490702152252
15,65,0.6228740215301514,0.6139426827430725,0.008755807764828205,1.7552205324172974,0.22331449389457703
15,66,0.02292797900736332,0.022835463285446167,7.059430208755657e-05,0.21921038627624512,0.007101305760443211
15,67,0.3289449214935303,0.3255615830421448,0.0033564483746886253,0.2686690390110016,0.024909667670726776
15,68,0.01817244663834572,0.01806671917438507,8.274565334431827e-05,0.22981056571006775,0.002388492925092578
15,69,0.021645737811923027,0.02151377499103546,0.0001076773987733759,0.24285171926021576,0.002063336316496134
15,70,0.027950938791036606,0.027758756652474403,0.00016735377721488476,0.24828201532363892,0.004857500083744526
15,71,0.8630307912826538,0.8423571586608887,0.020258214324712753,4.154566287994385,0.41056814789772034
15,72,0.4456654489040375,0.43723005056381226,0.008390633389353752,0.44775643944740295,0.026024572551250458
15,73,1.2524267435073853,1.2220978736877441,0.029642298817634583,6.865841865539551,0.1491229236125946
15,74,0.9265869855880737,0.9157561659812927,0.010681535117328167,1.4930769205093384,0.1397397816181183
15,75,0.12313874810934067,0.12114366888999939,0.0019850917160511017,0.09994517266750336,0.05677242949604988
15,76,1.0023950338363647,0.9729344844818115,0.028714656829833984,7.459497451782227,0.24312029778957367
15,77,0.9029500484466553,0.8845200538635254,0.01812782697379589,3.0219886302948,0.6614615321159363
15,78,0.024358205497264862,0.02422446757555008,0.00011068869207520038,0.23049068450927734,0.0020948462188243866
15,79,0.04610750451683998,0.04572991281747818,0.00035227020271122456,0.25320252776145935,0.01346491277217865
15,80,0.8885992169380188,0.878800094127655,0.009737404063344002,0.6168838143348694,0.15222476422786713
15,81,0.9938845038414001,0.9752036333084106,0.018193043768405914,4.878237724304199,0.5253455638885498
15,82,0.18561728298664093,0.18353092670440674,0.0020742861088365316,0.1206362396478653,0.009743554517626762
15,83,0.40303024649620056,0.39700430631637573,0.005951733328402042,0.7420384287834167,0.022392379119992256
15,84,0.036224547773599625,0.03611818701028824,8.771353168413043e-05,0.18647810816764832,0.0034894514828920364
15,85,0.13030505180358887,0.12877479195594788,0.0015177939785644412,0.12473750859498978,0.06048788130283356
15,86,0.46951213479042053,0.4647608995437622,0.004677362274378538,0.7387906312942505,0.028583381325006485
15,87,1.0928629636764526,1.0738160610198975,0.01869133859872818,3.5562314987182617,0.17273569107055664
15,88,1.180465817451477,1.1462876796722412,0.03307101130485535,11.070387840270996,0.21522313356399536
15,89,0.4369852840900421,0.4320971369743347,0.004826196003705263,0.6196213364601135,0.057301055639982224
15,90,0.9997733235359192,0.9786858558654785,0.02047865465283394,6.088019371032715,0.19767332077026367
15,91,1.2173259258270264,1.1869066953659058,0.029919464141130447,4.997477054595947,0.19168710708618164
15,92,0.02087392471730709,0.020718231797218323,0.00014536248636431992,0.10330092161893845,0.10101485997438431
15,93,1.0758543014526367,1.0639863014221191,0.010729696601629257,11.383769035339355,0.1893959641456604
15,94,0.4911215305328369,0.4806324243545532,0.010422999039292336,0.6610260009765625,0.10210572183132172
15,95,0.020301416516304016,0.020183010026812553,9.520690218778327e-05,0.23199594020843506,0.0020104930736124516
15,96,0.35959357023239136,0.3505345582962036,0.008984353393316269,0.7464117407798767,0.028793731704354286
15,97,0.42970946431159973,0.424755722284317,0.004907460883259773,0.46270766854286194,0.025862015783786774
15,98,0.14141181111335754,0.13861657679080963,0.0027669304981827736,0.2830198109149933,0.07592479884624481
15,99,0.3870772421360016,0.3796807825565338,0.0073653776198625565,0.3108585774898529,0.01940494030714035
15,100,0.03027781844139099,0.03009204939007759,0.00016255125228781253,0.2321760505437851,0.004716139752417803
16,1,0.6539141535758972,0.6405487656593323,0.013077085837721825,2.883317708969116,0.13711389899253845
16,2,0.006851761136204004,0.006787220481783152,6.444491009460762e-05,0.0009611312416382134,0.0008198076975531876
16,3,0.1289447546005249,0.12671343982219696,0.002223128452897072,0.08176309615373611,0.05963476747274399
16,4,0.02731199376285076,0.02715703472495079,0.00012904126197099686,0.25918006896972656,0.00396611075848341
16,5,0.43349379301071167,0.42940571904182434,0.003992161713540554,0.9589571952819824,0.0413341224193573
16,6,0.9255092144012451,0.9129289388656616,0.012443630956113338,1.3668886423110962,0.07437673211097717
16,7,0.9821164608001709,0.947666585445404,0.03371529281139374,7.345824718475342,0.10310417413711548
16,8,0.22365421056747437,0.21957576274871826,0.004034455865621567,0.43989986181259155,0.0297783724963665
16,9,0.9701092839241028,0.9536921977996826,0.016309013590216637,1.0808515548706055,0.09823618829250336
16,10,0.42167794704437256,0.41401126980781555,0.007638273760676384,0.2839261293411255,0.1041146069765091
16,11,0.6688293814659119,0.6544409990310669,0.01416313461959362,2.252692461013794,0.32769620418548584
16,12,0.05245630815625191,0.0520915612578392,0.0003364984877407551,0.28247207403182983,0.012408880516886711
16,13,0.9427439570426941,0.9300730228424072,0.012600000947713852,0.7095188498497009,0.07743889838457108
16,14,1.1855380535125732,1.1530866622924805,0.031692326068878174,7.591122150421143,0.11234554648399353
16,15,0.032769035547971725,0.0326898917555809,6.016783299855888e-05,0.18974922597408295,0.0036220690235495567
16,16,0.46158936619758606,0.4567231833934784,0.0048103127628564835,0.5587255954742432,0.01601090468466282
16,17,0.32984861731529236,0.3232390880584717,0.006563685834407806,0.45840540528297424,0.02054351195693016
16,18,0.7098024487495422,0.7020862698554993,0.007664274424314499,0.5190554261207581,0.08093984425067902
16,19,0.29587242007255554,0.29288172721862793,0.0029532150365412235,0.37496545910835266,0.009720759466290474
16,20,0.021882949396967888,0.02179746702313423,6.592609133804217e-05,0.19555938243865967,0.005629825405776501
16,21,0.43419885635375977,0.43105658888816833,0.003074112581089139,0.6816943883895874,0.04106805473566055
16,22,0.039148781448602676,0.03898879885673523,0.0001366336946375668,0.2334890514612198,0.00412916112691164
16,23,0.14208348095417023,0.1404263973236084,0.0016500147758051753,0.07061102241277695,0.08554694056510925
16,24,0.4175705015659332,0.41265541315078735,0.004882337059825659,0.32742103934288025,0.04734016954898834
16,25,0.4185594320297241,0.4122655689716339,0.006191103253513575,1.0274873971939087,0.07778036594390869
16,26,0.871088981628418,0.8608986139297485,0.009989960119128227,2.003751277923584,0.35187774896621704
16,27,0.02020147442817688,0.02005814202129841,0.00013512697478290647,0.08204661309719086,0.02575381100177765
16,28,0.032374974340200424,0.03220411390066147,0.0001516138727311045,0.19246651232242584,0.006770521868020296
16,29,0.7597546577453613,0.752765417098999,0.00664076954126358,3.4846296310424805,0.29189908504486084
16,30,1.1681485176086426,1.1420094966888428,0.025590188801288605,5.4879279136657715,0.1967899054288864
16,31,0.6909658312797546,0.6808701753616333,0.010046550072729588,0.49109500646591187,0.09117124229669571
16,32,0.39892154932022095,0.39425694942474365,0.004640007391571999,0.24583783745765686,0.015423805452883244
16,33,0.9949331283569336,0.970316469669342,0.023866863921284676,7.497618675231934,0.15027236938476562
16,34,0.3453381657600403,0.3404925763607025,0.0047546629793941975,0.9093340039253235,0.019503086805343628
16,35,0.04022414982318878,0.03984511271119118,0.0003544460632838309,0.2458907514810562,0.015159305185079575
16,36,0.9432533979415894,0.9305241107940674,0.012615361250936985,1.1387879848480225,0.17468379437923431
16,37,0.01570284739136696,0.015544706024229527,0.00014728866517543793,0.10851887613534927,0.061227332800626755
16,38,0.9151341915130615,0.9011498093605042,0.013631843961775303,3.5256154537200928,0.385631263256073
16,39,1.1134499311447144,1.0870563983917236,0.025573743507266045,8.197973251342773,0.21771875023841858
16,40,0.01723817177116871,0.017095135524868965,0.00013166505959816277,0.11371135711669922,0.08340772986412048
16,41,0.13433802127838135,0.1324462741613388,0.0018832485657185316,0.084976926445961,0.07000896334648132
16,42,0.3478909432888031,0.3400912582874298,0.0077302525751292706,0.6942601799964905,0.03934400901198387
16,43,0.14348934590816498,0.13814377784729004,0.005325124133378267,0.20439639687538147,0.12261150777339935
16,44,0.9561952948570251,0.9285616874694824,0.02721497416496277,4.186225891113281,0.5806497931480408
16,45,0.13113093376159668,0.12940624356269836,0.0017147930338978767,0.09898357838392258,0.030027495697140694
16,46,0.05006975308060646,0.049605682492256165,0.00043598382035270333,0.28085756301879883,0.019616615027189255
16,47,1.2873291969299316,1.2570058107376099,0.029705746099352837,6.176628112792969,0.1438017636537552
16,48,0.8853490948677063,0.8705552816390991,0.01440412551164627,3.896791696548462,0.2932136058807373
16,49,0.42424532771110535,0.4191129207611084,0.0050744349136948586,0.5797918438911438,0.029254024848341942
16,50,0.01567174308001995,0.015587398782372475,6.160694465506822e-05,0.2273639738559723,0.003556875977665186
16,51,0.12207705527544022,0.11969853937625885,0.0023708874359726906,0.0762903168797493,0.04285701364278793
16,52,0.4251919984817505,0.41831958293914795,0.006827948149293661,0.4446554183959961,0.05696624517440796
16,53,0.12197410315275192,0.12010575830936432,0.0018607170786708593,0.07625829428434372,0.0532989427447319
16,54,0.4431757926940918,0.4365069568157196,0.006633485667407513,0.35343262553215027,0.06079188734292984
16,55,0.008878051303327084,0.008770598098635674,9.711524762678891e-05,0.10337710380554199,0.07149883359670639
16,56,0.2620013356208801,0.25688785314559937,0.005083891563117504,0.2958199381828308,0.037884026765823364
16,57,0.23600591719150543,0.23303015530109406,0.002957538003101945,0.18224194645881653,0.06080375611782074
16,58,0.3277754783630371,0.32415974140167236,0.0035739541053771973,0.41783761978149414,0.04127423092722893
16,59,0.698897659778595,0.6820425987243652,0.01651860773563385,3.3648202419281006,0.36612600088119507
16,60,1.0954158306121826,1.0353718996047974,0.05848190188407898,15.619599342346191,0.22349441051483154
16,61,0.8851174116134644,0.8746721744537354,0.01034218817949295,1.0305418968200684,0.11533790081739426
16,62,0.034990377724170685,0.034845199435949326,0.00012319620873313397,0.21982528269290924,0.004425961058586836
16,63,0.44245806336402893,0.4379585087299347,0.004469419829547405,0.30124402046203613,0.013186143711209297
16,64,0.6336511969566345,0.6237983703613281,0.009653288871049881,1.9954279661178589,0.18063080310821533
16,65,0.25986120104789734,0.25765466690063477,0.0021938313730061054,0.1270287185907364,0.04325113445520401
16,66,0.0311470665037632,0.030946895480155945,0.0001732631935738027,0.2690820097923279,0.0055931489914655685
16,67,0.3793458342552185,0.3724777102470398,0.006845275871455669,0.22847121953964233,0.02960333786904812
16,68,0.41814079880714417,0.4117739498615265,0.006254446227103472,1.1240062713623047,0.07196696102619171
16,69,0.25405022501945496,0.25134921073913574,0.002681709360331297,0.19309106469154358,0.08512565493583679
16,70,0.027750911191105843,0.027590066194534302,0.00013104977551847696,0.29795190691947937,0.003348461352288723
16,71,0.38203346729278564,0.3764997720718384,0.005509836599230766,0.23856964707374573,0.052810706198215485
16,72,0.02760765329003334,0.027461104094982147,0.00011800718493759632,0.28541797399520874,0.0025329836644232273
16,73,0.04368375614285469,0.043265245854854584,0.0004181494587101042,0.0036061140708625317,0.005074749700725079
16,74,0.4076937139034271,0.40135693550109863,0.0062411753460764885,0.9559444785118103,0.055928461253643036
16,75,0.3493800461292267,0.34397605061531067,0.005314715672284365,0.8929398655891418,0.042459748685359955
16,76,0.6061640977859497,0.5986321568489075,0.007386976387351751,1.4497144222259521,0.22378990054130554
16,77,0.12596622109413147,0.12452497333288193,0.0014341843780130148,0.07067621499300003,0.048760417848825455
16,78,0.23257268965244293,0.2296329140663147,0.0029248525388538837,0.14915286004543304,0.019606798887252808
16,79,0.13147497177124023,0.12856686115264893,0.002886504400521517,0.2160387933254242,0.07041182368993759
16,80,0.3966962695121765,0.3918663263320923,0.00480436347424984,0.2556430697441101,0.024753868579864502
16,81,1.1254369020462036,1.104107141494751,0.020935647189617157,3.941190242767334,0.08653102815151215
16,82,0.43100062012672424,0.42467090487480164,0.006153504364192486,1.7623066902160645,0.02636244148015976
16,83,0.9441103935241699,0.922234058380127,0.021359097212553024,5.172619819641113,0.4181823134422302
16,84,0.40823572874069214,0.40189749002456665,0.00626153452321887,0.7670694589614868,0.036066684871912
16,85,0.37494221329689026,0.36821675300598145,0.006705368869006634,0.2008669078350067,0.02480262890458107
16,86,0.4047101140022278,0.40007930994033813,0.00460253469645977,0.2828693985939026,0.03310016542673111
16,87,0.39074498414993286,0.3844551742076874,0.0062521276995539665,0.37661513686180115,0.03430322930216789
16,88,0.9251012802124023,0.897801399230957,0.02678655833005905,5.133388519287109,0.7487273216247559
16,89,0.3639428913593292,0.3560635447502136,0.007814858108758926,0.6449065208435059,0.05262251943349838
16,90,0.13917961716651917,0.13665427267551422,0.0025017063599079847,0.23636537790298462,0.09150544553995132
16,91,0.8646173477172852,0.8265964984893799,0.03757748007774353,4.4333109855651855,0.5782655477523804
16,92,0.4461350440979004,0.4412636160850525,0.004838429391384125,0.3299538195133209,0.020053666085004807
16,93,1.01665198802948,1.010048508644104,0.006312362849712372,2.9112284183502197,0.24365034699440002
16,94,0.24608591198921204,0.24346059560775757,0.0026111293118447065,0.14187301695346832,0.02930181846022606
16,95,0.45383813977241516,0.44249841570854187,0.011283375322818756,0.5635064840316772,0.053541384637355804
16,96,0.36588382720947266,0.35735148191452026,0.008465629070997238,0.6674134731292725,0.022841181606054306
16,97,0.049940623342990875,0.049540042877197266,0.00037638586945831776,0.2419569194316864,0.016044359654188156
16,98,0.859014630317688,0.8462158441543579,0.012567605823278427,2.312286615371704,0.39643216133117676
16,99,0.923138439655304,0.902051568031311,0.020777028053998947,3.098191976547241,0.1540147364139557
16,100,0.34037935733795166,0.3353953957557678,0.00493985041975975,0.44113242626190186,0.061122797429561615
17,1,0.381925493478775,0.3747231364250183,0.0071805198676884174,0.21843108534812927,0.04837649315595627
17,2,0.42349621653556824,0.41855496168136597,0.004864698275923729,0.7655840516090393,0.04299723356962204
17,3,0.8913219571113586,0.8734467625617981,0.017549827694892883,3.253596067428589,0.37015414237976074
17,4,0.028023341670632362,0.02785538136959076,0.00014748411194887012,0.20476758480072021,0.005279762204736471
17,5,0.1307644248008728,0.1288878619670868,0.0018574143759906292,0.19155265390872955,0.08046424388885498
17,6,0.6687079668045044,0.6529440879821777,0.015488723292946815,2.7513809204101562,0.24503764510154724
17,7,0.13216254115104675,0.13043591380119324,0.0017183403251692653,0.0828355997800827,0.03174063190817833
17,8,0.19764986634254456,0.19503706693649292,0.0025819558650255203,0.3084327280521393,0.008369075134396553
17,9,0.015074923634529114,0.014897426590323448,0.00016594016051385552,0.11556817591190338,0.04495595023036003
17,10,0.8948410749435425,0.8722311854362488,0.022103043273091316,5.06836462020874,0.6021528244018555
17,11,1.0342868566513062,0.9983230829238892,0.03542226552963257,5.4155354499816895,0.17372006177902222
17,12,0.04796231538057327,0.04754890874028206,0.0003858726122416556,0.2753289043903351,0.014517895877361298
17,13,0.35696664452552795,0.3511778712272644,0.0057206107303500175,0.681536853313446,0.01141807809472084
17,14,0.3680996894836426,0.36131879687309265,0.006757479161024094,0.23415595293045044,0.0367039255797863
17,15,0.022666605189442635,0.0225154310464859,0.00012759462697431445,0.23579083383083344,0.002201818861067295
17,16,0.8537479043006897,0.8444730043411255,0.009240718558430672,0.3413413465023041,0.05645708739757538
17,17,0.08419215679168701,0.08370186388492584,0.0004853194986935705,0.04975726082921028,0.01238490454852581
17,18,0.32870540022850037,0.3254005014896393,0.003272967180237174,0.319185346364975,0.03590014576911926
17,19,0.9922100901603699,0.9774612188339233,0.014440178871154785,3.0871267318725586,0.31331050395965576
17,20,0.015802400186657906,0.015666276216506958,0.00012453773524612188,0.11585409194231033,0.08923718333244324
17,21,0.053236301988363266,0.052874237298965454,0.0003334406646899879,0.2862481474876404,0.0149818304926157
17,22,0.025771208107471466,0.025636162608861923,0.00011145033204229549,0.23596736788749695,0.002301075728610158
17,23,0.199692040681839,0.19626092910766602,0.0034029604867100716,0.2814193665981293,0.013567636720836163
17,24,0.38544321060180664,0.37859833240509033,0.006824132055044174,0.20743224024772644,0.034663476049900055
17,25,0.8550442457199097,0.8459098935127258,0.009066727012395859,0.6764063835144043,0.13454878330230713
17,26,0.4436129927635193,0.4353029727935791,0.00825725682079792,0.52759850025177,0.07830212265253067
17,27,1.1295983791351318,1.1053273677825928,0.02382838726043701,4.4263458251953125,0.14643479883670807
17,28,0.044995855540037155,0.04484626278281212,0.0001393391576129943,0.10251496732234955,0.011083783581852913
17,29,0.6618108153343201,0.6537279486656189,0.007737652864307165,3.4520952701568604,0.2052697390317917
17,30,0.045007579028606415,0.04487491026520729,0.00011470865138107911,0.1796146184206009,0.005618387833237648
17,31,0.1525687575340271,0.1510363519191742,0.0015225219540297985,0.09884659945964813,0.003010333515703678
17,32,0.7789991497993469,0.7527675032615662,0.026066800579428673,1.6488481760025024,0.1213201954960823
17,33,1.0441482067108154,1.026349663734436,0.01749745011329651,3.0118114948272705,0.1854289472103119
17,34,0.2853706479072571,0.28233301639556885,0.0030194451101124287,0.18171395361423492,0.11789944767951965
17,35,0.05460081622004509,0.054487649351358414,8.834093750920147e-05,0.24826523661613464,0.005197161342948675
17,36,0.06656964123249054,0.06635802984237671,0.00018513599934522063,0.2647065222263336,0.005658657290041447
17,37,0.407594233751297,0.4003375768661499,0.007232300005853176,0.24362322688102722,0.051300376653671265
17,38,0.2130141407251358,0.20997634530067444,0.003004123456776142,0.3367363512516022,0.009521424770355225
17,39,0.04727083817124367,0.046860381960868835,0.00038758301525376737,0.22872285544872284,0.016736414283514023
17,40,1.098877191543579,1.078395128250122,0.02011120319366455,3.7085587978363037,0.10511939972639084
17,41,0.45835772156715393,0.4509604275226593,0.007337529677897692,0.597465455532074,0.030587662011384964
17,42,0.36592042446136475,0.36015039682388306,0.005706779193133116,0.6324069499969482,0.009564967826008797
17,43,0.32382047176361084,0.3210192024707794,0.002785916905850172,0.15360233187675476,0.006325678434222937
17,44,0.7452256083488464,0.7349263429641724,0.010246899910271168,0.5236610770225525,0.0662613958120346
17,45,0.744989275932312,0.7371456623077393,0.0077859582379460335,0.5764564871788025,0.09304273128509521
17,46,0.22198496758937836,0.21973760426044464,0.0022268197499215603,0.20551474392414093,0.005399658344686031
17,47,0.374053955078125,0.366300106048584,0.0077333771623671055,0.20477770268917084,0.029121868312358856
17,48,0.4154508411884308,0.407406747341156,0.007992897182703018,0.5121524333953857,0.11743976175785065
17,49,0.47119784355163574,0.46527957916259766,0.005817053373903036,1.0119596719741821,0.0595906637609005
17,50,0.14193812012672424,0.1395462602376938,0.0023752618581056595,0.16603191196918488,0.15981188416481018
17,51,0.44889962673187256,0.43613874912261963,0.01256970502436161,1.911763310432434,0.06943664699792862
17,52,0.8960286378860474,0.8744797706604004,0.02123212441802025,3.1673951148986816,0.23035600781440735
17,53,0.34539735317230225,0.34275299310684204,0.0026083989068865776,0.35983049869537354,0.016533318907022476
17,54,0.8531383872032166,0.8456618189811707,0.007425941061228514,0.5060601234436035,0.1001492366194725
17,55,0.3512741029262543,0.3462260365486145,0.005010724067687988,0.37352028489112854,0.0075568342581391335
17,56,0.9905297160148621,0.9697563648223877,0.020274851471185684,4.984572410583496,0.15912479162216187
17,57,0.04198107868432999,0.041837066411972046,0.00012755962961819023,0.1645059883594513,0.008497646078467369
17,58,0.13963773846626282,0.13741964101791382,0.002200501039624214,0.17602631449699402,0.0663827508687973
17,59,0.031680528074502945,0.031511276960372925,0.00015129886742215604,0.17953042685985565,0.007081232033669949
17,60,0.38673362135887146,0.3781951069831848,0.008516499772667885,0.22029796242713928,0.03592972084879875
17,61,0.3516027629375458,0.34572798013687134,0.005821931175887585,0.5285205841064453,0.04094459116458893
17,62,0.481151819229126,0.47314363718032837,0.007962217554450035,0.459426611661911,0.12457078695297241
17,63,0.925106942653656,0.9080183506011963,0.016813352704048157,2.7528014183044434,0.6602147817611694
17,64,0.22663003206253052,0.2236877828836441,0.002920051570981741,0.22202114760875702,0.022090105339884758
17,65,0.3890535533428192,0.3836962580680847,0.005323430988937616,0.33847057819366455,0.025630615651607513
17,66,0.9804319143295288,0.9729480743408203,0.0074322763830423355,0.5158198475837708,0.030366254970431328
17,67,0.3588007092475891,0.35563600063323975,0.0031368678901344538,0.2782738506793976,0.013042926788330078
17,68,0.5915943384170532,0.5857518911361694,0.005736347753554583,1.060938835144043,0.1250077784061432
17,69,0.3558787703514099,0.3533879518508911,0.002457228023558855,0.33598124980926514,0.021545670926570892
17,70,1.0825053453445435,1.0690561532974243,0.013170765712857246,2.784562826156616,0.07660037279129028
17,71,0.4457152783870697,0.44091886281967163,0.004736797884106636,0.5959076285362244,0.0487307533621788
17,72,0.35180380940437317,0.34688490629196167,0.004884607624262571,0.3430498540401459,0.010479586198925972
17,73,0.16636648774147034,0.1647258698940277,0.001631920225918293,0.08704326301813126,0.11911018192768097
17,74,0.8383517265319824,0.8297591805458069,0.008552671410143375,0.3989543914794922,0.14416386187076569
17,75,0.05472817271947861,0.05458304286003113,0.00011789769632741809,0.2723003029823303,0.0035728276707232
17,76,0.030458521097898483,0.03037136234343052,6.337827653624117e-05,0.2377951741218567,0.0033313632011413574
17,77,0.4192694127559662,0.4146042764186859,0.0046395049430429935,0.25643250346183777,0.05889778211712837
17,78,0.9507699608802795,0.9301793575286865,0.020154055207967758,4.3655219078063965,0.11216448247432709
17,79,0.8554137349128723,0.8375070095062256,0.017618179321289062,2.8854496479034424,0.505673885345459
17,80,0.9035817384719849,0.8900696039199829,0.013256130740046501,2.5600838661193848,0.23224866390228271
17,81,0.3918699026107788,0.38698524236679077,0.004865048918873072,0.19615624845027924,0.00844704732298851
17,82,0.47296711802482605,0.4653348922729492,0.0075671859085559845,0.6503878831863403,0.04505482316017151
17,83,0.4515787363052368,0.4389069080352783,0.012617717497050762,0.5412521958351135,0.050443947315216064
17,84,0.3624827563762665,0.3573763966560364,0.0050554778426885605,0.5088021159172058,0.012373760342597961
17,85,0.3629012107849121,0.35190948843955994,0.010985417291522026,0.0632728859782219,0.023525260388851166
17,86,0.8903460502624512,0.8736904859542847,0.016363834962248802,2.91703724861145,0.5110244750976562
17,87,0.027567805722355843,0.027395304292440414,0.00015239175991155207,0.20108339190483093,0.005610445514321327
17,88,0.4078013300895691,0.39734742045402527,0.010387750342488289,0.6615082621574402,0.10060375928878784
17,89,0.564269483089447,0.5524098873138428,0.011749926954507828,1.0965070724487305,0.20375867187976837
17,90,0.14722128212451935,0.14520612359046936,0.0020063382107764482,0.0881664901971817,0.07904526591300964
17,91,0.13593927025794983,0.1339443325996399,0.001987032126635313,0.07906351238489151,0.05196721851825714
17,92,0.03347136080265045,0.03334076702594757,0.0001095044135581702,0.21089687943458557,0.003127029864117503
17,93,0.23787125945091248,0.23577716946601868,0.002084209816530347,0.09874821454286575,0.04932538792490959
17,94,0.44070154428482056,0.432544082403183,0.007973930798470974,1.835168719291687,0.026457685977220535
17,95,0.13803568482398987,0.1358618140220642,0.0021629894617944956,0.10884325206279755,0.04641947150230408
17,96,0.018480146303772926,0.018335875123739243,0.0001305954938288778,0.1367553323507309,0.0333082340657711
17,97,0.032468412071466446,0.03235092759132385,9.547868103254586e-05,0.22004957497119904,0.0041328659281134605
17,98,0.13273146748542786,0.1311822235584259,0.0015399351250380278,0.09316843003034592,0.040418270975351334
17,99,0.6197449564933777,0.6112701296806335,0.008332629688084126,1.422248363494873,0.16004425287246704
17,100,1.2192060947418213,1.1833367347717285,0.03491438925266266,9.550214767456055,0.05916308984160423
18,1,0.7157060503959656,0.7074934244155884,0.008146395906805992,0.6620656251907349,0.09515519440174103
18,2,1.0233405828475952,1.007375955581665,0.015457862988114357,5.067025184631348,0.1481320858001709
18,3,1.1731141805648804,1.1445307731628418,0.028081415221095085,5.020423889160156,0.15682460367679596
18,4,0.1702515184879303,0.17010651528835297,0.00010859957546927035,0.36403438448905945,0.01316123828291893
18,5,0.19282302260398865,0.19242703914642334,0.0003520772443152964,0.43894368410110474,0.01922442764043808
18,6,0.939260721206665,0.9151967763900757,0.023722175508737564,3.417656183242798,0.9715683460235596
18,7,0.06158105283975601,0.06123928353190422,0.00032716739224269986,0.14602871239185333,0.1296154111623764
18,8,0.44009697437286377,0.4324270784854889,0.007574268616735935,0.9563871026039124,0.07482656091451645
18,9,1.1841151714324951,1.1578288078308105,0.025689400732517242,5.970035552978516,0.0945708304643631
18,10,1.1321359872817993,1.1119588613510132,0.019767461344599724,4.09670352935791,0.07050520181655884
18,11,0.3329155445098877,0.3320830464363098,0.0008276072912849486,0.04882947355508804,0.0038414946757256985
18,12,1.1056594848632812,1.09389066696167,0.011458227410912514,3.105297803878784,0.10531330108642578
18,13,0.7227848768234253,0.7154313325881958,0.00728931650519371,0.642739474773407,0.040970586240291595
18,14,0.3523930311203003,0.34735262393951416,0.004943397361785173,0.9699483513832092,0.023303937166929245
18,15,0.5001962780952454,0.4834130108356476,0.016605107113718987,1.7813432216644287,0.09453912824392319
18,16,0.021825294941663742,0.021737705916166306,6.853024387964979e-05,0.19059140980243683,0.0024205241352319717
18,17,0.4936961829662323,0.48465538024902344,0.008855022490024567,1.8578606843948364,0.17868992686271667
18,18,0.49994558095932007,0.4931865334510803,0.006726318504661322,0.3272397816181183,0.14756768941879272
18,19,0.05245186761021614,0.052249468863010406,0.00017913852934725583,0.23261193931102753,0.005211393348872662
18,20,0.28021538257598877,0.2765500545501709,0.003587303450331092,0.7802273035049438,0.06373175978660583
18,21,0.4494713842868805,0.44393813610076904,0.005335729569196701,1.9751609563827515,0.11047391593456268
18,22,1.1762773990631104,1.1462829113006592,0.02948128618299961,5.131378650665283,0.3856261968612671
18,23,1.112872838973999,1.0640212297439575,0.047747716307640076,11.03829574584961,0.2688334584236145
18,24,0.7480653524398804,0.7352371215820312,0.012722047977149487,1.0613411664962769,0.08633363246917725
18,25,0.18208478391170502,0.18201419711112976,5.609806248685345e-05,0.14482980966567993,0.013005135580897331
18,26,0.2674950957298279,0.2657204270362854,0.0017598855774849653,0.14767833054065704,0.002831602469086647
18,27,0.9084845781326294,0.900029718875885,0.008257022127509117,1.9781405925750732,0.13082841038703918
18,28,0.251863569021225,0.2497958242893219,0.0020536682568490505,0.14078770577907562,0.016564050689339638
18,29,0.04898379370570183,0.048704780638217926,0.00025379215367138386,0.2522077262401581,0.016708936542272568
18,30,0.3507212996482849,0.34735482931137085,0.0033248779363930225,0.41593512892723083,0.04989851266145706
18,31,1.0496830940246582,1.0262126922607422,0.02298678644001484,4.8368072509765625,0.20319285988807678
18,32,1.1438462734222412,1.12453031539917,0.018912790343165398,4.0311994552612305,0.20561674237251282
18,33,1.225570797920227,1.2027770280838013,0.02238241210579872,4.113440036773682,0.2121666967868805
18,34,0.26306793093681335,0.26010382175445557,0.002946330700069666,0.17780405282974243,0.31536442041397095
18,35,0.15579241514205933,0.1556473672389984,0.00013090725406073034,0.1414438933134079,0.3451695442199707
18,36,0.4981728792190552,0.49109992384910583,0.007042168639600277,0.30780652165412903,0.15785987675189972
18,37,0.045919157564640045,0.04577147215604782,0.00011796584294643253,0.2972102165222168,0.005683697760105133
18,38,1.19127357006073,1.16899573802948,0.021875623613595963,4.02269172668457,0.13172665238380432
18,39,0.9235169887542725,0.9114007949829102,0.012017781846225262,0.9841899871826172,0.09322531521320343
18,40,0.9490786790847778,0.9375123381614685,0.011512786149978638,0.5351772904396057,0.044265251606702805
18,41,0.9228401184082031,0.912071943283081,0.010719762183725834,0.4839625954627991,0.03687670826911926
18,42,0.554345965385437,0.5484752655029297,0.005762442480772734,1.082659363746643,0.009090527892112732
18,43,0.22600650787353516,0.2223980873823166,0.0035731045063585043,0.35309141874313354,0.0041022999212145805
18,44,0.3529035151004791,0.34982797503471375,0.00305412826128304,0.2140834629535675,0.005341618321835995
18,45,0.5236592888832092,0.5189657211303711,0.004538324661552906,1.5527604818344116,0.018043821677565575
18,46,0.08994242548942566,0.08970925211906433,0.00021276601182762533,0.20404396951198578,0.018861103802919388
18,47,0.38918381929397583,0.37889423966407776,0.010260254144668579,0.2933773994445801,0.03685840964317322
18,48,0.027570193633437157,0.0274520106613636,9.374895307701081e-05,0.24434278905391693,0.004668889567255974
18,49,0.35352569818496704,0.34530237317085266,0.008157669566571712,0.6566354632377625,0.03164223954081535
18,50,0.5549917817115784,0.5497670769691467,0.005178866907954216,0.4585557281970978,0.0853915810585022
18,51,0.9035822153091431,0.8739699721336365,0.029279163107275963,3.3305978775024414,0.7961009740829468
18,52,0.032955341041088104,0.03287617862224579,5.2384559239726514e-05,0.267782062292099,0.002843282651156187
18,53,1.1311976909637451,1.118837594985962,0.01159643568098545,7.636569976806641,0.24140548706054688
18,54,0.0247309859842062,0.02463597059249878,6.942887557670474e-05,0.25586292147636414,0.0018306935671716928
18,55,0.6222754716873169,0.6131407022476196,0.008965780958533287,1.689805030822754,0.25720489025115967
18,56,0.8400165438652039,0.8291478753089905,0.010829726234078407,0.3892337679862976,0.1016359031200409
18,57,0.042291127145290375,0.04221000522375107,5.8946345234289765e-05,0.22175908088684082,0.001881639938801527
18,58,0.059672486037015915,0.059415124356746674,0.00023123723804019392,0.26125678420066833,0.00862719863653183
18,59,0.43889138102531433,0.4324774146080017,0.006349268835037947,0.6471438407897949,0.031102698296308517
18,60,0.7364069819450378,0.7270467877388,0.009310491383075714,0.4973594546318054,0.07447904348373413
18,61,0.34890642762184143,0.34624671936035156,0.002614825265482068,0.4486943781375885,0.035104602575302124
18,62,0.967695415019989,0.9551732540130615,0.012277210131287575,2.4496140480041504,0.234176903963089
18,63,0.9248843193054199,0.9065660238265991,0.018068769946694374,2.4948313236236572,0.378562331199646
18,64,0.21518146991729736,0.2120678424835205,0.0030917690601199865,0.21852779388427734,0.027548350393772125
18,65,0.02550429478287697,0.025407545268535614,7.254959200508893e-05,0.24199257791042328,0.002929624170064926
18,66,0.04398851469159126,0.04386338219046593,0.00010034650040324777,0.2478296309709549,0.0074591487646102905
18,67,0.9330018162727356,0.9153099060058594,0.017448728904128075,2.431976795196533,0.5324056148529053
18,68,1.0359927415847778,1.0165464878082275,0.019298680126667023,1.4762136936187744,0.23235690593719482
18,69,0.02512531913816929,0.025037948042154312,6.46567641524598e-05,0.22715316712856293,0.0026049548760056496
18,70,0.8872609734535217,0.8739773035049438,0.013196838088333607,0.8685547709465027,0.26859980821609497
18,71,0.675399899482727,0.6631113290786743,0.012057671323418617,2.3090686798095703,0.3676643967628479
18,72,0.35014814138412476,0.34620070457458496,0.0038952489849179983,0.5217731595039368,0.041069261729717255
18,73,0.3575195372104645,0.352517306804657,0.004968465305864811,0.33766305446624756,0.010185595601797104
18,74,0.3757592737674713,0.3704608678817749,0.005247050896286964,0.5135294795036316,0.013847941532731056
18,75,0.14673657715320587,0.14514712989330292,0.0015832274220883846,0.06212927773594856,0.02022547833621502
18,76,0.03960241749882698,0.03950081765651703,9.157549357041717e-05,0.100237175822258,0.012753608636558056
18,77,0.3401173949241638,0.334873229265213,0.005163715686649084,0.8044396638870239,0.00921018235385418
18,78,1.2695738077163696,1.2482929229736328,0.020878329873085022,4.025703430175781,0.0861392542719841
18,79,0.13143539428710938,0.1296498030424118,0.0017792369471862912,0.06346779316663742,0.06670963764190674
18,80,0.36530402302742004,0.35836121439933777,0.006885098293423653,0.5769109725952148,0.054014429450035095
18,81,0.028099561110138893,0.027980664744973183,9.799092367757112e-05,0.20906905829906464,0.00268791476264596
18,82,0.4428119659423828,0.43653079867362976,0.0061482773162424564,1.328818440437317,0.14909173548221588
18,83,0.06701620668172836,0.0666656419634819,0.0003498693695291877,0.006931604817509651,0.006841840222477913
18,84,0.050965066999197006,0.05068399757146835,0.0002566664479672909,0.24404022097587585,0.008841599337756634
18,85,0.25541186332702637,0.2528039216995239,0.0025893112178891897,0.18612384796142578,0.08741223812103271
18,86,0.40270256996154785,0.3965216279029846,0.006093010306358337,0.8793169856071472,0.11892358958721161
18,87,0.9993162155151367,0.9755353927612305,0.02330787666141987,4.729527473449707,0.521969199180603
18,88,0.6134118437767029,0.6037531495094299,0.009511679410934448,1.4703154563903809,0.24258343875408173
18,89,0.04334909841418266,0.043246082961559296,8.688039088156074e-05,0.16134469211101532,0.005817270837724209
18,90,0.133041113615036,0.13187247514724731,0.0011630577500909567,0.055949438363313675,0.022742845118045807
18,91,0.05849479138851166,0.05826066806912422,0.00021584417845588177,0.18279846012592316,0.013104484416544437
18,92,0.1371406614780426,0.13485771417617798,0.002274641767144203,0.08299586176872253,0.02600579895079136
18,93,0.3988756835460663,0.3951403498649597,0.0036510664504021406,0.8427963852882385,0.03852633386850357
18,94,0.494224488735199,0.4867022931575775,0.007451475132256746,0.7072509527206421,0.11804066598415375
18,95,0.8358427286148071,0.8261135220527649,0.009534288197755814,1.9493330717086792,0.2597086429595947
18,96,0.02045653574168682,0.02037779986858368,6.0294027207419276e-05,0.1844133734703064,0.002278053667396307
18,97,1.0678069591522217,1.045141339302063,0.022015608847141266,6.500597953796387,0.49759572744369507
18,98,0.3600415289402008,0.35652270913124084,0.0034665155690163374,0.5230206251144409,0.07821821421384811
18,99,0.014987525530159473,0.014923786744475365,4.4237691326998174e-05,0.19500967860221863,0.002118001226335764
18,100,0.6378146409988403,0.6272568702697754,0.010358253493905067,1.9952542781829834,0.3365775942802429
19,1,1.1031557321548462,1.076694130897522,0.02596670761704445,4.948543548583984,0.2444184422492981
19,2,0.24120649695396423,0.23918941617012024,0.0020015696063637733,0.1551000326871872,0.0702437087893486
19,3,0.025561628863215446,0.025437211617827415,0.00010321829176973552,0.21198074519634247,0.0041694603860378265
19,4,0.12551665306091309,0.12382013350725174,0.0016909665428102016,0.055594880133867264,0.037060514092445374
19,5,0.5571240782737732,0.5488384962081909,0.008185137994587421,1.004165530204773,0.04541847109794617
19,6,0.1308503895998001,0.12904585897922516,0.001790849957615137,0.136848583817482,0.05926213413476944
19,7,0.12478111684322357,0.1233510822057724,0.0014235724229365587,0.0646250918507576,0.03586064279079437
19,8,0.02211824804544449,0.022053677588701248,4.576357969199307e-05,0.1880626529455185,0.00242607737891376
19,9,0.9532948732376099,0.9379439949989319,0.014970166608691216,3.8070738315582275,0.2637939155101776
19,10,0.1409745216369629,0.13848114013671875,0.0024714875034987926,0.21883100271224976,0.12625433504581451
19,11,0.6967561841011047,0.6858444213867188,0.010808059945702553,1.0370614528656006,0.11277243494987488
19,12,0.3999229073524475,0.3925403356552124,0.00735792052000761,0.2464865893125534,0.06693792343139648
19,13,0.8433091044425964,0.8342889547348022,0.008685671724379063,3.3450615406036377,0.348331481218338
19,14,0.9064449071884155,0.8936225175857544,0.012759590521454811,0.6281248331069946,0.13479827344417572
19,15,0.6394503116607666,0.6245306730270386,0.014663447625935078,2.5615503787994385,0.28990596532821655
19,16,0.24396821856498718,0.241309255361557,0.0026376876048743725,0.2128119319677353,0.0724221020936966
19,17,0.34252122044563293,0.33656179904937744,0.005919134244322777,0.4029358923435211,0.03204333037137985
19,18,0.7698174715042114,0.754342794418335,0.015123244374990463,3.5145046710968018,0.213809996843338
19,19,0.13193927705287933,0.12973454594612122,0.0021933442912995815,0.11388054490089417,0.035633932799100876
19,20,0.9437861442565918,0.9127197265625,0.030367432162165642,6.9901251792907715,0.09338162839412689
19,21,0.12693901360034943,0.12546345591545105,0.0014682330656796694,0.0733335092663765,0.030200514942407608
19,22,0.42393553256988525,0.41899457573890686,0.004860802553594112,0.8016877174377441,0.02813005819916725
19,23,1.043075442314148,1.003810167312622,0.03845270350575447,8.124811172485352,0.10946415364742279
19,24,0.12719152867794037,0.12373553216457367,0.0034292545169591904,0.2674761116504669,0.11414564400911331
19,25,0.044349610805511475,0.04402877390384674,0.0002925076405517757,0.2832928001880646,0.017576996237039566
19,26,0.019476525485515594,0.01936407946050167,9.085037891054526e-05,0.2159491330385208,0.002346087247133255
19,27,0.7073962092399597,0.6962171196937561,0.011119723320007324,0.593755304813385,0.07316729426383972
19,28,0.019957849755883217,0.01984887756407261,8.701022306922823e-05,0.21962715685367584,0.0022377767600119114
19,29,0.0468757189810276,0.046502262353897095,0.0003447239869274199,0.2873263657093048,0.02285674214363098
19,30,0.1314563900232315,0.12906001508235931,0.0023881085216999054,0.0827321857213974,0.07023826986551285
19,31,0.04235174506902695,0.041980162262916565,0.00034328585024923086,0.2829693853855133,0.017765618860721588
19,32,0.19813956320285797,0.19535566866397858,0.0027560729067772627,0.278238445520401,0.015660500153899193
19,33,0.8905535340309143,0.8642659187316895,0.025722507387399673,5.650900840759277,0.53244948387146
19,34,0.3400023877620697,0.33580052852630615,0.00416470505297184,0.37163957953453064,0.01892920583486557
19,35,0.22917690873146057,0.226406067609787,0.0027600573375821114,0.10781881958246231,0.04300309717655182
19,36,0.3521146774291992,0.34749487042427063,0.004587545990943909,0.32247164845466614,0.01564999483525753
19,37,0.4546258747577667,0.4507902264595032,0.003696239087730646,1.3940505981445312,0.03405441343784332
19,38,0.4503176510334015,0.4441162049770355,0.006055944133549929,1.455077886581421,0.03334609419107437
19,39,1.132906436920166,1.0995527505874634,0.03257475793361664,7.788601875305176,0.09806697815656662
19,40,0.1262161284685135,0.12475535273551941,0.001454669632948935,0.0611422136425972,0.05339407920837402
19,41,0.34265202283859253,0.33897101879119873,0.0036551933735609055,0.25802889466285706,0.02905384823679924
19,42,0.9274629950523376,0.9198082685470581,0.007616015151143074,0.3869417607784271,0.09760071337223053
19,43,0.24418017268180847,0.24128903448581696,0.0028772084042429924,0.1393580138683319,0.07032578438520432
19,44,0.12654614448547363,0.12448976188898087,0.0020504523999989033,0.05927053466439247,0.06775718927383423
19,45,0.025973103940486908,0.02582409791648388,0.000129152147565037,0.19854271411895752,0.005602329969406128
19,46,0.42617711424827576,0.4216599464416504,0.00447262404486537,0.44559910893440247,0.04321768879890442
19,47,1.0030397176742554,0.9776030778884888,0.025047410279512405,3.8920233249664307,0.4243830442428589
19,48,0.04335888475179672,0.04298936575651169,0.0003468650975264609,0.22654975950717926,0.016487671062350273
19,49,0.3324759006500244,0.32964888215065,0.0027911257930099964,0.3588848412036896,0.04129183292388916
19,50,0.22956538200378418,0.22747769951820374,0.002073238603770733,0.14444410800933838,0.044818777590990067
19,51,0.7075742483139038,0.6972241997718811,0.01029900275170803,0.5101836919784546,0.11337300390005112
19,52,0.8885077834129333,0.8739994168281555,0.014414932578802109,0.9346548318862915,0.1302901655435562
19,53,0.132423996925354,0.13090534508228302,0.0015050343936309218,0.1361343413591385,0.05682835727930069
19,54,0.031061097979545593,0.030924098566174507,0.00011836507474072278,0.18633568286895752,0.007424365729093552
19,55,0.9427403211593628,0.9300553202629089,0.012543406337499619,1.4160035848617554,0.14655548334121704
19,56,0.015086045488715172,0.014966143295168877,0.00010966544505208731,0.10237386077642441,0.0523991622030735
19,57,0.39993128180503845,0.39600300788879395,0.003899573115631938,0.28703027963638306,0.03391120210289955
19,58,0.878193199634552,0.867336630821228,0.01074947975575924,1.0710798501968384,0.13654521107673645
19,59,0.013980154879391193,0.013848986476659775,0.00012040513684041798,0.10762970894575119,0.057597484439611435
19,60,0.40292492508888245,0.3971937894821167,0.005598288960754871,1.3287074565887451,0.042730942368507385
19,61,0.6001683473587036,0.5912562608718872,0.008721242658793926,1.9084666967391968,0.2539367079734802
19,62,0.6749122738838196,0.6595962047576904,0.015014970675110817,3.0113894939422607,0.2925938367843628
19,63,0.044402386993169785,0.04404231160879135,0.0003355065418872982,0.24568425118923187,0.018617141991853714
19,64,0.023253964260220528,0.023159943521022797,7.528206333518028e-05,0.18739105761051178,0.0028422041796147823
19,65,0.046273160725831985,0.04592040553689003,0.0003273507463745773,0.2540445327758789,0.017166435718536377
19,66,0.7321217060089111,0.7240002155303955,0.008064232766628265,0.5727399587631226,0.0816834345459938
19,67,1.2281337976455688,1.19584321975708,0.03172359615564346,5.669279098510742,0.1511533409357071
19,68,0.8621905446052551,0.85161292552948,0.01053275540471077,0.4488891065120697,0.09121973812580109
19,69,0.3931444585323334,0.38922566175460815,0.003896923502907157,0.21870267391204834,0.05486490577459335
19,70,0.04530641436576843,0.044886477291584015,0.00039202201878651977,0.2791345417499542,0.017808666452765465
19,71,0.017910920083522797,0.017788272351026535,0.00011026833089999855,0.12379056215286255,0.08451828360557556
19,72,0.43341192603111267,0.42867404222488403,0.004685362335294485,0.5249913334846497,0.0432107076048851
19,73,0.01942063495516777,0.01934449002146721,5.686486838385463e-05,0.19280533492565155,0.0024013551883399487
19,74,0.026163196191191673,0.026023028418421745,0.00011850873124785721,0.21658830344676971,0.004947761073708534
19,75,0.02159268595278263,0.021476779133081436,9.529048838885501e-05,0.2061520516872406,0.0025317000690847635
19,76,0.38978227972984314,0.3854237198829651,0.004330757539719343,0.27805474400520325,0.04191809147596359
19,77,0.04215485230088234,0.04183439165353775,0.00029338174499571323,0.2707829177379608,0.01742267608642578
19,78,0.019927561283111572,0.019827313721179962,7.915291644167155e-05,0.21094189584255219,0.0025243666023015976
19,79,0.8773999214172363,0.8613210916519165,0.016042394563555717,0.3640083074569702,0.10074259340763092
19,80,0.8316980004310608,0.8143354058265686,0.017076512798666954,2.8608510494232178,0.5027418732643127
19,81,0.43218573927879333,0.426740437746048,0.005410307552665472,0.3500080704689026,0.0332503616809845
19,82,0.9791900515556335,0.95716792345047,0.021156812086701393,8.653525352478027,0.0995941311120987
19,83,0.4250214695930481,0.41649872064590454,0.008401733823120594,1.2101885080337524,0.054421670734882355
19,84,0.9230875372886658,0.9093095064163208,0.013481920585036278,2.9610838890075684,0.2950025796890259
19,85,0.3437693119049072,0.3384005129337311,0.005333871580660343,0.3493645489215851,0.017472203820943832
19,86,0.40377113223075867,0.3992086946964264,0.004541678354144096,0.20766037702560425,0.05207029730081558
19,87,0.38708749413490295,0.3797353208065033,0.007330627180635929,0.21558725833892822,0.0503079891204834
19,88,0.23547109961509705,0.23271295428276062,0.0027428213506937027,0.15312692523002625,0.05768715962767601
19,89,0.9153867363929749,0.8944531679153442,0.020516710355877876,4.168850421905518,0.6100748777389526
19,90,0.45377862453460693,0.44522517919540405,0.008470968343317509,0.824571430683136,0.06202436983585358
19,91,0.013003897853195667,0.012861262075603008,0.00013100207434035838,0.11633650213479996,0.05624327063560486
19,92,0.02199837937951088,0.02191215008497238,6.735336501151323e-05,0.18875381350517273,0.003727112663909793
19,93,0.6220399737358093,0.6152640581130981,0.0065842499025166035,1.917037844657898,0.21242943406105042
19,94,0.92268306016922,0.9022207260131836,0.02002502605319023,4.373240947723389,0.10217708349227905
19,95,0.12336040288209915,0.12134835124015808,0.002005809685215354,0.06243452429771423,0.0320618599653244
19,96,0.907780647277832,0.8928884267807007,0.014487210661172867,4.050121307373047,0.3092406988143921
19,97,0.013794785365462303,0.013658788055181503,0.00012399093247950077,0.12006834894418716,0.059995390474796295
19,98,0.42218634486198425,0.4157068133354187,0.0063336994498968124,1.458219289779663,0.04540830850601196
19,99,0.13099728524684906,0.12575554847717285,0.005224797874689102,0.1694766730070114,0.11409960687160492
19,100,1.212507724761963,1.1808607578277588,0.030875692144036293,7.7131242752075195,0.2224271297454834
20,1,0.8972272276878357,0.8873345255851746,0.00983654335141182,0.561690628528595,0.10947293788194656
20,2,0.94307541847229,0.9246807098388672,0.018077515065670013,3.172454833984375,0.4446348547935486
20,3,0.04382921755313873,0.0434383824467659,0.0003626414109021425,0.2819449007511139,0.017543328925967216
20,4,0.9126744270324707,0.8992212414741516,0.013330105692148209,1.2307676076889038,0.16124114394187927
20,5,0.42214325070381165,0.4178920388221741,0.004090380389243364,1.6084184646606445,0.05727776139974594
20,6,0.41743630170822144,0.4121743440628052,0.00522196851670742,0.39997467398643494,0.04510682821273804
20,7,0.01091363187879324,0.010620467364788055,0.00027583801420405507,0.17326782643795013,0.002161240205168724
20,8,0.2341325879096985,0.2312530279159546,0.0028635398484766483,0.1601843684911728,0.05056043714284897
20,9,0.41114526987075806,0.40652644634246826,0.004591574892401695,0.27247166633605957,0.04322672635316849
20,10,0.43510812520980835,0.4286971986293793,0.00625999690964818,1.509202480316162,0.056842952966690063
20,11,0.9452457427978516,0.9022392630577087,0.042558588087558746,4.478688716888428,0.6375139355659485
20,12,1.201927900314331,1.1740342378616333,0.027341941371560097,5.517427921295166,0.1614244282245636
20,13,0.2093244343996048,0.20728886127471924,0.001999297644942999,0.36267760396003723,0.007055825088173151
20,14,0.014968630857765675,0.014839054085314274,0.0001164357818197459,0.13140565156936646,0.069120392203331
20,15,0.3529320955276489,0.3457905948162079,0.007120995316654444,0.20490357279777527,0.018961884081363678
20,16,0.016683174297213554,0.016602136194705963,6.049253715900704e-05,0.20545613765716553,0.0032360819168388844
20,17,0.7340676784515381,0.7281234860420227,0.005901997443288565,0.4218718707561493,0.05505414679646492
20,18,0.4240487813949585,0.4184489846229553,0.005473685916513205,1.2613255977630615,0.042412638664245605
20,19,0.01370095182210207,0.013625774532556534,5.286982195684686e-05,0.2230696678161621,0.0027051952201873064
20,20,0.4311280846595764,0.4243040382862091,0.006792265921831131,0.31763821840286255,0.03921123594045639
20,21,0.9714553356170654,0.9635331630706787,0.007626446895301342,2.9570841789245605,0.1216304674744606
20,22,0.8983940482139587,0.8907945156097412,0.007566186599433422,0.33312278985977173,0.08587208390235901
20,23,0.028663454577326775,0.028535563498735428,0.00010075415775645524,0.27136605978012085,0.0024193022400140762
20,24,0.2460663914680481,0.24297267198562622,0.00307648628950119,0.17228879034519196,0.0850105881690979
20,25,0.884285569190979,0.8775079846382141,0.00672959815710783,0.4796537458896637,0.14411316812038422
20,26,0.433694452047348,0.4275779724121094,0.005949255079030991,1.6720712184906006,0.09004494547843933
20,27,0.41751500964164734,0.4101058542728424,0.00730013195425272,1.0902085304260254,0.0721052885055542
20,28,0.8571966886520386,0.8455740213394165,0.011409483850002289,2.1317780017852783,0.28503477573394775
20,29,0.6165376901626587,0.6110904216766357,0.0052744606509804726,1.7277690172195435,0.22280463576316833
20,30,0.013340985402464867,0.013195114210247993,0.00013323932944331318,0.12631729245185852,0.050093479454517365
20,31,0.04057629033923149,0.040286581963300705,0.00026229440118186176,0.27414149045944214,0.016850877553224564
20,32,0.2387361377477646,0.2360273003578186,0.0026913462206721306,0.17493996024131775,0.030291173607110977
20,33,0.4868811070919037,0.47660815715789795,0.010126020759344101,1.4691282510757446,0.07649651169776917
20,34,0.13301292061805725,0.13035845756530762,0.0026363900396972895,0.18075430393218994,0.09191013127565384
20,35,0.3627060651779175,0.35827863216400146,0.004414661787450314,0.12789233028888702,0.02462577074766159
20,36,1.222468614578247,1.1821327209472656,0.03904734551906586,12.885540008544922,0.16590705513954163
20,37,0.1202029287815094,0.11852185428142548,0.0016747907502576709,0.062822125852108,0.03055177628993988
20,38,0.9695356488227844,0.946424126625061,0.022430095821619034,6.813906192779541,0.15302184224128723
20,39,0.37445497512817383,0.36715030670166016,0.007276065181940794,0.28602930903434753,0.018555406481027603
20,40,0.3531780540943146,0.3455556333065033,0.007561566308140755,0.6084338426589966,0.04386626183986664
20,41,0.4425724148750305,0.4366881251335144,0.00583063717931509,0.5363253355026245,0.04279433190822601
20,42,0.846423864364624,0.8304212093353271,0.015462251380085945,5.403652667999268,0.1322663128376007
20,43,0.132476806640625,0.12738561630249023,0.00507048424333334,0.2071278989315033,0.11664554476737976
20,44,0.45116129517555237,0.4423549473285675,0.008659256622195244,1.4711463451385498,0.049335554242134094
20,45,0.044110026210546494,0.04368827864527702,0.00038737969589419663,0.34368470311164856,0.021996572613716125
20,46,0.8860730528831482,0.8707743287086487,0.015145628713071346,1.5315375328063965,0.11982668936252594
20,47,0.8865745663642883,0.8722376823425293,0.014195375144481659,1.415045142173767,0.13158652186393738
20,48,0.4561278522014618,0.4413592219352722,0.014694858342409134,0.7376428246498108,0.06797966361045837
20,49,0.22005604207515717,0.21723712980747223,0.0027922550216317177,0.26655760407447815,0.01299385353922844
20,50,0.6588351726531982,0.6439254879951477,0.014589262194931507,3.2043514251708984,0.26923656463623047
20,51,0.44507819414138794,0.4311176538467407,0.013890840113162994,0.6972066760063171,0.04574768990278244
20,52,0.13446618616580963,0.13057303428649902,0.003864709520712495,0.28448787331581116,0.09709076583385468
20,53,0.025997983291745186,0.02581237070262432,0.0001600960677023977,0.25516489148139954,0.006483080796897411
20,54,0.219288632273674,0.2165716290473938,0.0027024683076888323,0.14532066881656647,0.03793369233608246
20,55,0.9051716923713684,0.8801433444023132,0.024650292471051216,3.7804501056671143,0.5363301038742065
20,56,0.8531397581100464,0.8250336647033691,0.027670323848724365,4.357938289642334,0.500794529914856
20,57,0.2005036324262619,0.19847038388252258,0.002013632794842124,0.19602525234222412,0.010358566418290138
20,58,0.4358341693878174,0.42983323335647583,0.005962280556559563,0.3864906132221222,0.04113520309329033
20,59,0.9244827628135681,0.9099832773208618,0.014154319651424885,3.45192551612854,0.3585085868835449
20,60,0.40871062874794006,0.4036116302013397,0.005007343366742134,0.9164167046546936,0.06428268551826477
20,61,0.8750210404396057,0.8651437163352966,0.009378938004374504,4.984370708465576,0.6170611381530762
20,62,0.026935307309031487,0.026763681322336197,0.00014663160254713148,0.24995405972003937,0.005681572947651148
20,63,0.3299374580383301,0.3238878846168518,0.006022692192345858,0.26894792914390564,0.022044774144887924
20,64,1.0019129514694214,0.9854791164398193,0.016069523990154266,3.6429922580718994,0.4209572970867157
20,65,0.7157889008522034,0.7079721689224243,0.007770044729113579,0.4666118323802948,0.09542709589004517
20,66,0.7694979906082153,0.7528060674667358,0.016205865889787674,4.860987663269043,0.3342176079750061
20,67,1.0805952548980713,1.028178095817566,0.05174924433231354,6.679242134094238,0.1875390261411667
20,68,0.7712117433547974,0.760199785232544,0.010937875136733055,0.7406824231147766,0.08612485229969025
20,69,0.46505969762802124,0.457469642162323,0.0074770585633814335,1.1300259828567505,0.050094909965991974
20,70,0.33579766750335693,0.33203017711639404,0.003718295134603977,0.49200692772865295,0.026520946994423866
20,71,0.019327403977513313,0.01923440769314766,7.332657696679235e-05,0.19668976962566376,0.004454814363270998
20,72,0.13083089888095856,0.12882046401500702,0.0020012827590107918,0.09141889959573746,0.038402337580919266
20,73,0.015511210076510906,0.015347111970186234,0.00015003517910372466,0.14062927663326263,0.06426608562469482
20,74,0.013901211321353912,0.013769563287496567,0.00011775307939387858,0.1389547437429428,0.07245785742998123
20,75,0.19270183145999908,0.19020971655845642,0.0024767371360212564,0.15373173356056213,0.008666892535984516
20,76,0.3830944299697876,0.3780788779258728,0.004923907574266195,0.916438639163971,0.04064147174358368
20,77,0.8707094192504883,0.8620144128799438,0.008592374622821808,1.0266026258468628,0.11867372691631317
20,78,0.40136778354644775,0.39655548334121704,0.004790282342582941,0.2201746702194214,0.04474759101867676
20,79,0.04487396404147148,0.0444246307015419,0.00041890324791893363,0.3043041229248047,0.02295145019888878
20,80,0.8185737133026123,0.7922399640083313,0.026094352826476097,2.393616199493408,0.10452737659215927
20,81,0.13652051985263824,0.13390959799289703,0.0025883179623633623,0.22598569095134735,0.12243159115314484
20,82,0.041579920798540115,0.041171845048666,0.0003769893664866686,0.310879647731781,0.019918613135814667
20,83,1.2484127283096313,1.2125285863876343,0.03526287153363228,6.212958812713623,0.1969732642173767
20,84,0.3521917164325714,0.34580719470977783,0.0063596973195672035,0.2482745349407196,0.018485572189092636
20,85,0.36843928694725037,0.3628508150577545,0.005561850033700466,0.2661448121070862,0.01934586465358734
20,86,0.2315133959054947,0.22884061932563782,0.0026603180449455976,0.12453080713748932,0.05466850474476814
20,87,0.019201848655939102,0.019099177792668343,8.119314588839188e-05,0.21477407217025757,0.004380868747830391
20,88,0.7285090684890747,0.7188214063644409,0.009629778563976288,0.57876056432724,0.10229387879371643
20,89,0.8266680240631104,0.8097423911094666,0.016632862389087677,2.9275548458099365,0.5615149140357971
20,90,0.024637581780552864,0.024479936808347702,0.00013334763934835792,0.24297301471233368,0.007579566910862923
20,91,0.24139729142189026,0.23842260241508484,0.0029641645960509777,0.10514146834611893,0.05180368572473526
20,92,0.9207109212875366,0.9095586538314819,0.011059231124818325,0.9302563071250916,0.07175701856613159
20,93,0.7211536169052124,0.7152653336524963,0.005842066835612059,0.4616455137729645,0.06680694222450256
20,94,0.2032632827758789,0.20117712020874023,0.002064197091385722,0.2195730209350586,0.006179896183311939
20,95,0.6911004781723022,0.6842758059501648,0.00678346399217844,0.4119274616241455,0.06816063821315765
20,96,0.18926289677619934,0.18722158670425415,0.0020252373069524765,0.16079692542552948,0.006534850224852562
20,97,0.8606113791465759,0.8476221561431885,0.012755876407027245,2.33363676071167,0.3016425371170044
20,98,0.014374760910868645,0.014290494844317436,6.118118471931666e-05,0.23084309697151184,0.0031343018636107445
20,99,0.9054198861122131,0.8821663856506348,0.022930262610316277,3.2322585582733154,0.4998207688331604
20,100,0.14573243260383606,0.1422756314277649,0.0034385155886411667,0.1829110085964203,0.15645737946033478
21,1,0.4551478624343872,0.4483094811439514,0.006682851351797581,1.5553029775619507,0.0958586186170578
21,2,0.4249923527240753,0.41795435547828674,0.006881957408040762,1.560500144958496,0.07359038293361664
21,3,0.8902381062507629,0.8806538581848145,0.00954944733530283,0.3478151261806488,0.10336261987686157
21,4,0.21091841161251068,0.2079494297504425,0.0029299913439899683,0.3900125324726105,0.012099985964596272
21,5,0.9609823822975159,0.950299859046936,0.010099775157868862,5.827335834503174,0.11102311313152313
21,6,0.4205032289028168,0.41388487815856934,0.0064736781641840935,1.4467462301254272,0.026558633893728256
21,7,0.3373115360736847,0.32694900035858154,0.010310837998986244,0.5171998143196106,0.04373402148485184
21,8,0.024330919608473778,0.024206696078181267,0.00010122029925696552,0.23003524541854858,0.004876965191215277
21,9,0.9797284603118896,0.956856369972229,0.022075794637203217,7.963024616241455,0.12375450134277344
21,10,0.014721323736011982,0.014591425657272339,0.00011470681056380272,0.1519044190645218,0.04495496302843094
21,11,0.3522242307662964,0.3443662226200104,0.007805413566529751,0.5259690880775452,0.01917477697134018
21,12,0.45357635617256165,0.44391995668411255,0.009604495950043201,0.5192515850067139,0.057437390089035034
21,13,0.33914071321487427,0.3363156318664551,0.002781584858894348,0.43506431579589844,0.0447998046875
21,14,0.8952678442001343,0.8733276724815369,0.021473441272974014,4.666903018951416,0.42344868183135986
21,15,0.13379241526126862,0.13187186419963837,0.0019113867310807109,0.09158090502023697,0.05173145607113838
21,16,0.2002456784248352,0.19749721884727478,0.002725595608353615,0.2285885214805603,0.01819780096411705
21,17,0.12575745582580566,0.12418580055236816,0.0015648265834897757,0.068229079246521,0.05007852241396904
21,18,0.8783625960350037,0.868168830871582,0.010115087032318115,0.7867990136146545,0.1344742774963379
21,19,0.2344202697277069,0.2312200963497162,0.003180352272465825,0.19821569323539734,0.0690583661198616
21,20,0.6598248481750488,0.6470298767089844,0.012510730884969234,2.8425095081329346,0.2911372780799866
21,21,0.3536916673183441,0.34850189089775085,0.00516509311273694,0.24676501750946045,0.01629941537976265
21,22,0.020817462354898453,0.020684681832790375,0.00010802478936966509,0.24756436049938202,0.0035482626408338547
21,23,0.06860337406396866,0.06621799618005753,0.0023848554119467735,0.005184203386306763,0.0062662214040756226
21,24,0.4522503614425659,0.4433369040489197,0.008711686357855797,2.0177242755889893,0.037119485437870026
21,25,0.1904611736536026,0.18840940296649933,0.0020343440119177103,0.17422157526016235,0.010799072682857513
21,26,0.9059378504753113,0.8974337577819824,0.008464155718684196,0.39958247542381287,0.06794396042823792
21,27,0.015833575278520584,0.015696905553340912,0.0001211537528433837,0.15515153110027313,0.08614297211170197
21,28,0.4497673213481903,0.4400363862514496,0.009690542705357075,0.4038502871990204,0.05602879077196121
21,29,0.034115880727767944,0.03394322097301483,0.00014410424046218395,0.2855413556098938,0.004523768089711666
21,30,0.2506716847419739,0.24783608317375183,0.0028163609094917774,0.1925877332687378,0.06819166243076324
21,31,0.7214846611022949,0.7121575474739075,0.009265953674912453,0.611686646938324,0.06973063945770264
21,32,1.187807559967041,1.166766881942749,0.02049817144870758,5.4251203536987305,0.11536449193954468
21,33,0.790463924407959,0.7731411457061768,0.016993878409266472,3.288712739944458,0.3205784559249878
21,34,0.009510960429906845,0.009492370299994946,7.299874141608598e-06,0.11290590465068817,0.05885583162307739
21,35,0.7203238010406494,0.7103798985481262,0.009886370971798897,0.5748879313468933,0.0765475183725357
21,36,0.12369464337825775,0.12199200689792633,0.001696949708275497,0.05686788633465767,0.04027377814054489
21,37,0.04747800529003143,0.047136757522821426,0.00031083953217603266,0.304110050201416,0.016659218817949295
21,38,0.8823778033256531,0.8599890470504761,0.022024264559149742,3.6449248790740967,0.5621497631072998
21,39,0.00993307027965784,0.00981466006487608,0.00010674069926608354,0.11669085919857025,0.05710276961326599
21,40,0.8691995143890381,0.8443944454193115,0.02428075484931469,5.243529796600342,0.49974530935287476
21,41,1.1012792587280273,1.080482006072998,0.02032805047929287,4.6925764083862305,0.12757283449172974
21,42,0.026635169982910156,0.026472536846995354,0.00013945373939350247,0.23179100453853607,0.005725231487303972
21,43,0.17465639114379883,0.17248833179473877,0.0021563805639743805,0.11677595227956772,0.01071268878877163
21,44,1.0520058870315552,1.0286730527877808,0.02282964251935482,5.031467914581299,0.17199921607971191
21,45,0.23365308344364166,0.23187682032585144,0.0017637014389038086,0.12556298077106476,0.050362296402454376
21,46,0.9779528379440308,0.9596428871154785,0.018006429076194763,3.034851551055908,0.3812893033027649
21,47,0.8820365071296692,0.8726876974105835,0.009309410117566586,0.3937658369541168,0.09724622964859009
21,48,0.13326266407966614,0.12992361187934875,0.0033172364346683025,0.21808567643165588,0.101816326379776
21,49,0.021365974098443985,0.021244987845420837,9.959612361853942e-05,0.21390490233898163,0.002858168911188841
21,50,0.028353363275527954,0.028330916538834572,2.092414433718659e-05,0.015226151794195175,0.003909616265445948
21,51,0.6277356147766113,0.6148519515991211,0.01261660922318697,2.6703872680664062,0.11863632500171661
21,52,0.19902820885181427,0.19627442955970764,0.0027245297096669674,0.2925644516944885,0.019453488290309906
21,53,0.8668391108512878,0.855114221572876,0.011356189846992493,3.6873362064361572,0.5439108610153198
21,54,0.33271917700767517,0.32887500524520874,0.0037890516687184572,0.5512732267379761,0.06270060688257217
21,55,1.0666477680206299,1.0348631143569946,0.031030654907226562,7.539548397064209,0.28388363122940063
21,56,0.12522903084754944,0.12268105149269104,0.002533972728997469,0.14000119268894196,0.09425799548625946
21,57,0.017770640552043915,0.017677385360002518,7.278866542037576e-05,0.20467643439769745,0.002854484599083662
21,58,1.213381052017212,1.1875600814819336,0.02530398592352867,5.170083045959473,0.14059022068977356
21,59,0.4994615614414215,0.4897683262825012,0.009569494053721428,1.2374314069747925,0.03176039084792137
21,60,0.030227666720747948,0.03003477305173874,0.0001691865618340671,0.2370864301919937,0.0055822934955358505
21,61,0.13823670148849487,0.13590151071548462,0.0023159747943282127,0.19217784702777863,0.07330973446369171
21,62,0.016236625611782074,0.01613394357264042,8.011887985048816e-05,0.2256331443786621,0.002791263163089752
21,63,0.8644871115684509,0.8497287034988403,0.01444160845130682,3.167954921722412,0.3341294229030609
21,64,0.7669919729232788,0.7508054375648499,0.01566583476960659,5.207056999206543,0.32908862829208374
21,65,1.1449551582336426,1.1202462911605835,0.024170001968741417,5.388697624206543,0.17442473769187927
21,66,0.05124668404459953,0.05074220895767212,0.00046754436334595084,0.3693075478076935,0.01838817074894905
21,67,0.8563050031661987,0.8395466804504395,0.016422642394900322,3.357135057449341,0.4212661385536194
21,68,0.39826467633247375,0.392805278301239,0.005438368301838636,0.21045571565628052,0.06224171817302704
21,69,0.017895204946398735,0.017794284969568253,7.517910853493959e-05,0.25741133093833923,0.003065339522436261
21,70,0.02865888923406601,0.02830757573246956,0.00032259366707876325,0.28720179200172424,0.011110259220004082
21,71,0.12023653090000153,0.11795799434185028,0.002270814962685108,0.07720299065113068,0.043851837515830994
21,72,0.42367976903915405,0.41769373416900635,0.005947341211140156,0.3868401348590851,0.03956004977226257
21,73,0.4147510826587677,0.40784308314323425,0.0067399656400084496,1.6804029941558838,0.033826254308223724
21,74,0.41677191853523254,0.41175639629364014,0.004977209493517876,0.3832316994667053,0.027954183518886566
21,75,0.01765943132340908,0.017562147229909897,7.587869913550094e-05,0.21405842900276184,0.0029313438571989536
21,76,0.32842475175857544,0.3250061869621277,0.003381832968443632,0.3675331473350525,0.02583221159875393
21,77,0.015101269818842411,0.014958220534026623,0.00013004579523112625,0.1300295889377594,0.05929465964436531
21,78,1.1209180355072021,1.086943507194519,0.03299769014120102,9.768409729003906,0.1738957017660141
21,79,0.25682905316352844,0.25351086258888245,0.003294182475656271,0.24031035602092743,0.06130057945847511
21,80,0.846595287322998,0.8294703364372253,0.016693755984306335,4.311657428741455,0.3661116361618042
21,81,0.08304816484451294,0.0821944922208786,0.0008492404595017433,0.04436422884464264,0.03745129704475403
21,82,0.2067587822675705,0.2044757455587387,0.0022419842425733805,0.41053465008735657,0.011243839748203754
21,83,0.4008679986000061,0.3948360085487366,0.006008706986904144,0.2327626347541809,0.04998259246349335
21,84,0.3899172246456146,0.38498201966285706,0.004911784548312426,0.23419685661792755,0.03878597915172577
21,85,0.42516207695007324,0.4217045307159424,0.0033405600115656853,1.1696969270706177,0.037844955921173096
21,86,0.7424108386039734,0.7313271760940552,0.011017665266990662,0.6600848436355591,0.08032523095607758
21,87,0.4127753674983978,0.4066028594970703,0.006056921556591988,1.1556204557418823,0.030851196497678757
21,88,0.678434431552887,0.6641255021095276,0.013934219256043434,3.7475204467773438,0.19768226146697998
21,89,0.6145356297492981,0.6024569272994995,0.011854080483317375,2.246206521987915,0.19228202104568481
21,90,0.26795563101768494,0.26571226119995117,0.002224117051810026,0.19258859753608704,0.042422059923410416
21,91,0.33960792422294617,0.33444851636886597,0.005105884280055761,0.5351487398147583,0.028784841299057007
21,92,1.1439037322998047,1.120912790298462,0.022406496107578278,5.844805717468262,0.14202791452407837
21,93,0.8529739379882812,0.8407958149909973,0.011810222640633583,3.6787803173065186,0.536169171333313
21,94,1.0481051206588745,1.0090968608856201,0.03781866282224655,11.896062850952148,0.1975138783454895
21,95,0.13441498577594757,0.1311435103416443,0.0032546264119446278,0.16859938204288483,0.12214100360870361
21,96,0.024125587195158005,0.024009039625525475,9.223840606864542e-05,0.2430909126996994,0.002226124284788966
21,97,0.9922534227371216,0.9665329456329346,0.025055792182683945,6.647026538848877,0.6207117438316345
21,98,0.8956243395805359,0.8851393461227417,0.01043337769806385,0.5162661671638489,0.11515748500823975
21,99,0.7122855186462402,0.6997785568237305,0.01243508793413639,0.7186552882194519,0.1109909638762474
21,100,0.024884933605790138,0.02475888840854168,0.00010485065286047757,0.21194875240325928,0.007925289683043957
22,1,0.3330038785934448,0.3301106095314026,0.002854017773643136,0.39250215888023376,0.03231210261583328
22,2,0.42008528113365173,0.41574376821517944,0.004290780983865261,0.5073420405387878,0.029196735471487045
22,3,1.0643202066421509,0.9911295175552368,0.07217036187648773,10.202971458435059,0.1476227045059204
22,4,0.017976155504584312,0.017893321812152863,6.357082747854292e-05,0.19263990223407745,0.0032663638703525066
22,5,0.43558651208877563,0.4317299723625183,0.0038329216185957193,0.23603233695030212,0.03972439095377922
22,6,0.9177587032318115,0.9010149836540222,0.016148660331964493,5.9502272605896,0.10523530095815659
22,7,0.33241379261016846,0.3260449767112732,0.006342038512229919,0.2676234841346741,0.028745785355567932
22,8,0.9091033935546875,0.8950201272964478,0.013729609549045563,3.5364956855773926,0.3461613059043884
22,9,0.22397540509700775,0.22184720635414124,0.0021143658086657524,0.13823597133159637,0.04828757792711258
22,10,0.13383027911186218,0.1315641552209854,0.002250343794003129,0.15778125822544098,0.10442660748958588
22,11,0.014585413970053196,0.014488449320197105,7.59004324208945e-05,0.2106507569551468,0.002707076957449317
22,12,0.015043324790894985,0.014953983016312122,6.801211566198617e-05,0.2132977396249771,0.0028327866457402706
22,13,0.34471991658210754,0.3398292660713196,0.004854751750826836,0.3591247498989105,0.024852488189935684
22,14,0.23764751851558685,0.23512119054794312,0.0025083543732762337,0.179655522108078,0.058686256408691406
22,15,0.7634045481681824,0.7474696636199951,0.015474965795874596,4.598843574523926,0.33322805166244507
22,16,0.013788665644824505,0.013700276613235474,6.705061969114468e-05,0.21338503062725067,0.0027586149517446756
22,17,0.41375282406806946,0.4057573676109314,0.007831983268260956,1.6346533298492432,0.046981360763311386
22,18,0.1270028054714203,0.1255502700805664,0.0014453320764005184,0.07202906906604767,0.043677929788827896
22,19,0.3878772258758545,0.38186049461364746,0.005994181614369154,0.22555743157863617,0.02355239912867546
22,20,0.019850701093673706,0.01970340497791767,0.00012418205733411014,0.23113895952701569,0.0032291363459080458
22,21,0.39959338307380676,0.39547446370124817,0.003978077322244644,1.4084882736206055,0.03902997076511383
22,22,0.13298405706882477,0.13026940822601318,0.0026979194954037666,0.16732050478458405,0.08997666090726852
22,23,0.20603635907173157,0.20356282591819763,0.0024450826458632946,0.28443261981010437,0.010578099638223648
22,24,0.3531116843223572,0.3458687663078308,0.007139032706618309,1.0387845039367676,0.04862452298402786
22,25,0.020793218165636063,0.020675580948591232,9.226411930285394e-05,0.2537270188331604,0.0024705741088837385
22,26,0.6826173663139343,0.6754628419876099,0.007095441222190857,0.5908693075180054,0.07408769428730011
22,27,0.4531119167804718,0.4423897862434387,0.010677474550902843,0.4464479386806488,0.04364518076181412
22,28,0.36116620898246765,0.35509300231933594,0.006023842841386795,0.49364039301872253,0.018407871946692467
22,29,0.6466452479362488,0.6292291879653931,0.017109360545873642,3.06748366355896,0.13451525568962097
22,30,0.03680817410349846,0.03663145750761032,0.000147831451613456,0.2888586223125458,0.004362286999821663
22,31,0.35077521204948425,0.3450627326965332,0.00566266430541873,0.49843060970306396,0.022929180413484573
22,32,0.12953567504882812,0.1261022686958313,0.0034265914000570774,0.0681176707148552,0.06755658984184265
22,33,1.0173323154449463,0.9921519160270691,0.024514853954315186,6.655894756317139,0.1717107594013214
22,34,0.3754194378852844,0.36947765946388245,0.005922273267060518,0.19502559304237366,0.040040623396635056
22,35,0.19999872148036957,0.19724461436271667,0.002734125591814518,0.19979310035705566,0.0062573254108428955
22,36,0.14008603990077972,0.13661961257457733,0.0034495906438678503,0.16836826503276825,0.06648952513933182
22,37,1.1500204801559448,1.1354715824127197,0.013759545981884003,7.894215106964111,0.12943828105926514
22,38,0.9343733787536621,0.916182279586792,0.01772167719900608,4.694368362426758,0.06472773849964142
22,39,0.3786640167236328,0.37342095375061035,0.0052222441881895065,0.20833954215049744,0.010178545489907265
22,40,0.8877930641174316,0.8759728670120239,0.011728405952453613,0.9182091355323792,0.10531114041805267
22,41,0.3842415511608124,0.37952083349227905,0.004699080251157284,0.21642330288887024,0.014028055593371391
22,42,0.3729635179042816,0.36803656816482544,0.0049088578671216965,0.18104059994220734,0.020257964730262756
22,43,0.04269607365131378,0.04231054335832596,0.00035723671317100525,0.2829511761665344,0.0176108218729496
22,44,0.46084868907928467,0.4492104649543762,0.011590313166379929,0.4791223108768463,0.11719031631946564
22,45,0.34881144762039185,0.34558331966400146,0.0031316163949668407,0.9649895429611206,0.05030597001314163
22,46,1.025460124015808,1.0010981559753418,0.023584648966789246,7.773886680603027,0.15696217119693756
22,47,0.19556313753128052,0.19311916828155518,0.0024119094014167786,0.32068419456481934,0.009332869201898575
22,48,0.632564127445221,0.6217447519302368,0.010622328147292137,1.9706883430480957,0.25165534019470215
22,49,0.018835945054888725,0.018759310245513916,5.5498112487839535e-05,0.21137094497680664,0.0038500644732266665
22,50,0.04412079602479935,0.043764010071754456,0.00032809877302497625,0.2868817448616028,0.016544584184885025
22,51,0.4834948480129242,0.4757678806781769,0.007687297649681568,0.3967554271221161,0.027331924065947533
22,52,0.8400321006774902,0.8319742679595947,0.008028898388147354,0.28883928060531616,0.05610097199678421
22,53,0.013795034028589725,0.01364975981414318,0.0001320273004239425,0.13247355818748474,0.06510749459266663
22,54,0.019415726885199547,0.019295532256364822,9.49023524299264e-05,0.2529315948486328,0.0027471971698105335
22,55,0.9457617402076721,0.928307294845581,0.017085745930671692,3.6871275901794434,0.37528419494628906
22,56,0.8272756934165955,0.8190451860427856,0.00820080190896988,0.2965685725212097,0.08580132573843002
22,57,0.6945487856864929,0.6873337030410767,0.007157658226788044,0.5737413763999939,0.11089394986629486
22,58,0.01640285551548004,0.01631871983408928,5.90287490922492e-05,0.2510606050491333,0.002968227257952094
22,59,0.8850961327552795,0.8723931312561035,0.012654965743422508,0.4801357090473175,0.1003476083278656
22,60,0.47898784279823303,0.4722672700881958,0.006611143238842487,1.0943195819854736,0.06362637877464294
22,61,0.9637614488601685,0.9518404006958008,0.011852381750941277,0.686440646648407,0.10474738478660583
22,62,0.2382195144891739,0.23561152815818787,0.0025929096154868603,0.15086717903614044,0.04913659393787384
22,63,0.9408366680145264,0.9150791168212891,0.02515309303998947,6.044637203216553,0.40933918952941895
22,64,0.024395549669861794,0.024316098541021347,5.74026234971825e-05,0.22047509253025055,0.0043875835835933685
22,65,1.1467750072479248,1.120180368423462,0.02603779174387455,5.568143367767334,0.14403143525123596
22,66,0.24748113751411438,0.24498504400253296,0.0024794689379632473,0.16627812385559082,0.04236850142478943
22,67,0.015077730640769005,0.014868952333927155,0.00019427179358899593,0.14506380259990692,0.04656185209751129
22,68,0.04443513974547386,0.0439765527844429,0.0004257548716850579,0.3282919228076935,0.019309021532535553
22,69,0.408576101064682,0.40398740768432617,0.00444401428103447,1.4467893838882446,0.046019211411476135
22,70,0.7647985816001892,0.754557728767395,0.010158173739910126,0.826446533203125,0.07800465822219849
22,71,1.0841413736343384,1.0598293542861938,0.02384687215089798,4.651763439178467,0.15448153018951416
22,72,0.1268623024225235,0.12318326532840729,0.0036628071684390306,0.16227751970291138,0.12488836795091629
22,73,0.1366366595029831,0.13356417417526245,0.0030489377677440643,0.23539945483207703,0.13841980695724487
22,74,0.9674139022827148,0.9433131814002991,0.0233019907027483,7.9870500564575195,0.11334319412708282
22,75,0.48503944277763367,0.47377946972846985,0.011088941246271133,1.71038818359375,0.06376730650663376
22,76,0.8861223459243774,0.8752983212471008,0.010748153552412987,0.7589739561080933,0.11062809824943542
22,77,0.4085327982902527,0.4044995903968811,0.003906451165676117,1.2675641775131226,0.054802726954221725
22,78,0.4026687741279602,0.3970259726047516,0.005534385330975056,1.0841948986053467,0.04763307422399521
22,79,0.8393864035606384,0.8191481828689575,0.01990804448723793,3.3013064861297607,0.5080976486206055
22,80,0.7889870405197144,0.7790722250938416,0.009821023792028427,0.9384129047393799,0.06732340157032013
22,81,0.7893759608268738,0.78304123878479,0.006295457482337952,0.3928258717060089,0.07221187651157379
22,82,0.3298982083797455,0.32680201530456543,0.0030462704598903656,0.49928879737854004,0.03790167719125748
22,83,1.1833075284957886,1.157090663909912,0.025750234723091125,4.665801525115967,0.15042762458324432
22,84,0.005939916707575321,0.005917971022427082,1.040740062308032e-05,0.11538002640008926,0.08860825002193451
22,85,0.050318941473960876,0.04998045042157173,0.00030622375197708607,0.3227011561393738,0.017650693655014038
22,86,0.33109766244888306,0.32654592394828796,0.004531446844339371,0.2028907686471939,0.025446105748414993
22,87,1.2096104621887207,1.1844146251678467,0.024761101230978966,4.346980571746826,0.1989605724811554
22,88,0.2287488728761673,0.22628895938396454,0.002444891259074211,0.1502663791179657,0.05701906234025955
22,89,0.8749173879623413,0.8663420677185059,0.00853242538869381,0.42906907200813293,0.09091810882091522
22,90,0.38095957040786743,0.3758414685726166,0.005089817568659782,0.282903254032135,0.024899441748857498
22,91,0.13087943196296692,0.12889021635055542,0.0019820542074739933,0.07161522656679153,0.03235631436109543
22,92,0.3399689495563507,0.3353644013404846,0.004532651510089636,0.7188552021980286,0.023613816127181053
22,93,0.9229295253753662,0.9126694202423096,0.009696470573544502,5.636100769042969,0.09739476442337036
22,94,1.121122121810913,1.092909574508667,0.027079753577709198,11.328869819641113,0.18272727727890015
22,95,0.44181594252586365,0.43643540143966675,0.005286664701998234,0.9387664198875427,0.03165845945477486
22,96,0.8913537859916687,0.881007194519043,0.010302791371941566,0.4377991855144501,0.08171351253986359
22,97,0.0265540461987257,0.02637474052608013,0.00015542702749371529,0.23878243565559387,0.00638993177562952
22,98,0.01992844045162201,0.019802095368504524,0.00010248123726341873,0.23863336443901062,0.00370260002091527
22,99,0.34073811769485474,0.333779901266098,0.006914312951266766,0.43897584080696106,0.019149087369441986
22,100,0.4168488085269928,0.4095498323440552,0.007200729101896286,0.9827105402946472,0.05047000199556351
23,1,0.975117027759552,0.9592070579528809,0.01568780466914177,2.221430778503418,0.1954730749130249
23,2,1.172357439994812,1.1373975276947021,0.034058406949043274,9.014607429504395,0.2174602448940277
23,3,0.38124871253967285,0.3745725750923157,0.006645054556429386,0.31075841188430786,0.03621673956513405
23,4,0.01963382214307785,0.019513919949531555,9.575200238032266e-05,0.2415056973695755,0.00332345231436193
23,5,0.9737504124641418,0.9626350402832031,0.010058175772428513,10.57194709777832,0.09589290618896484
23,6,0.14215154945850372,0.13880395889282227,0.0033091886434704065,0.38398876786231995,0.07777813076972961
23,7,0.020225025713443756,0.020079102367162704,0.0001234638039022684,0.22460219264030457,0.005984513089060783
23,8,0.20134073495864868,0.19860482215881348,0.002697994001209736,0.37924033403396606,0.012594230473041534
23,9,0.811506450176239,0.7963742017745972,0.01484470535069704,2.875173568725586,0.30945444107055664
23,10,0.7193577885627747,0.7120064496994019,0.00729646161198616,0.5491799712181091,0.07383223623037338
23,11,0.07493992149829865,0.07380922138690948,0.0011248079827055335,0.058937665075063705,0.01744702085852623
23,12,0.6349079012870789,0.6225045919418335,0.01214538048952818,2.5790274143218994,0.29273664951324463
23,13,0.42681261897087097,0.42089229822158813,0.005879921838641167,0.4041874408721924,0.050310321152210236
23,14,0.3459000289440155,0.3414546251296997,0.00440861564129591,0.36785364151000977,0.018211932852864265
23,15,0.02866622991859913,0.028557904064655304,8.038194937398657e-05,0.27944043278694153,0.0033826748840510845
23,16,0.03405524045228958,0.03390469402074814,0.00012102110486011952,0.29527759552001953,0.002795218722894788
23,17,0.9181327223777771,0.9081739187240601,0.009839009493589401,1.1981703042984009,0.08083483576774597
23,18,0.38375648856163025,0.3783767819404602,0.005352415144443512,0.272953063249588,0.035873450338840485
23,19,0.24733701348304749,0.24422895908355713,0.003093043342232704,0.15002547204494476,0.058862268924713135
23,20,0.031849704682826996,0.03153076022863388,0.0002935392258223146,0.2540607154369354,0.010387878865003586
23,21,1.0117830038070679,1.0001622438430786,0.010617366060614586,10.033304214477539,0.11249363422393799
23,22,0.9506525993347168,0.9293851852416992,0.02075091563165188,5.164740085601807,0.06419458985328674
23,23,0.8169736266136169,0.797717809677124,0.01890423521399498,3.516231060028076,0.2892177104949951
23,24,1.020870327949524,0.9908000230789185,0.029520420357584953,5.498973369598389,0.13605564832687378
23,25,0.19584478437900543,0.1937394142150879,0.0020879562944173813,0.17414768040180206,0.006188282743096352
23,26,0.4031817615032196,0.3987923264503479,0.004359973594546318,0.29477012157440186,0.023716099560260773
23,27,0.026398155838251114,0.026203472167253494,0.00017062429105862975,0.2406066358089447,0.007642492651939392
23,28,0.425397127866745,0.41692689061164856,0.008304256945848465,1.659806489944458,0.04648797959089279
23,29,0.020339425653219223,0.020191187039017677,0.00012277154019102454,0.25467488169670105,0.0030019651167094707
23,30,0.48981237411499023,0.47848057746887207,0.011237755417823792,0.9406358599662781,0.10725176334381104
23,31,0.7142419219017029,0.7035959959030151,0.01057961955666542,0.6630709767341614,0.13573333621025085
23,32,1.003998875617981,0.9737290143966675,0.029625210911035538,6.447139263153076,0.2228277325630188
23,33,0.13744188845157623,0.13464336097240448,0.0027714897878468037,0.2703405022621155,0.12527914345264435
23,34,0.3980175852775574,0.39197635650634766,0.005899648182094097,1.4158552885055542,0.0480094850063324
23,35,0.04621705785393715,0.04571639746427536,0.0004684981540776789,0.3216204047203064,0.01800614222884178
23,36,0.24817343056201935,0.24571193754673004,0.0024441899731755257,0.17295145988464355,0.04393176734447479
23,37,0.6834947466850281,0.677452027797699,0.00582761038094759,2.151134490966797,0.17617914080619812
23,38,0.5001329779624939,0.493757963180542,0.006332229822874069,0.42772406339645386,0.017872143536806107
23,39,1.0272479057312012,0.9933323860168457,0.03323210030794144,6.833990573883057,0.07044170796871185
23,40,0.4360657036304474,0.430016428232193,0.006013629958033562,0.35638588666915894,0.037795573472976685
23,41,1.1354267597198486,1.0999631881713867,0.034191496670246124,12.720361709594727,0.18219433724880219
23,42,0.04584099352359772,0.0454878956079483,0.0003196738543920219,0.3342209756374359,0.01678854413330555
23,43,0.8942738175392151,0.8772249221801758,0.016587644815444946,4.612783908843994,0.45095106959342957
23,44,0.46116992831230164,0.45434820652008057,0.006728282198309898,0.934235692024231,0.08085587620735168
23,45,0.8530821800231934,0.8434600830078125,0.009267350658774376,3.5478358268737793,0.4410209655761719
23,46,0.3890810012817383,0.38322657346725464,0.0058333734050393105,0.21035136282444,0.032448578625917435
23,47,0.2567332983016968,0.2534734904766083,0.003234120551496744,0.25689730048179626,0.05185101926326752
23,48,0.45595747232437134,0.4469848871231079,0.008768102154135704,2.0446999073028564,0.028050312772393227
23,49,0.9570647478103638,0.930573582649231,0.025691362097859383,7.998043537139893,0.1319098174571991
23,50,1.2044705152511597,1.1794166564941406,0.024553684517741203,5.001558303833008,0.168661430478096
23,51,0.937664270401001,0.9226663708686829,0.01490965485572815,0.8824144005775452,0.09506046026945114
23,52,0.45230942964553833,0.43968507647514343,0.012545456178486347,0.7889867424964905,0.07084296643733978
23,53,0.2024391144514084,0.20074066519737244,0.0016722913132980466,0.2614511251449585,0.004533717408776283
23,54,0.7462367415428162,0.7369510531425476,0.009226899594068527,0.5877378582954407,0.06257680803537369
23,55,0.12683379650115967,0.1255911886692047,0.0012320360401645303,0.10567496716976166,0.002755823777988553
23,56,0.13048575818538666,0.12787798047065735,0.0025939811021089554,0.1379614919424057,0.05061953887343407
23,57,0.38840508460998535,0.38401949405670166,0.004365555010735989,0.20032998919487,0.01527685672044754
23,58,0.23820486664772034,0.23588362336158752,0.0023018368519842625,0.19406715035438538,0.04349397122859955
23,59,0.9929026961326599,0.9624843597412109,0.03000212460756302,4.162010669708252,0.5955649018287659
23,60,0.4471650719642639,0.4419179856777191,0.00517372228205204,0.7336198091506958,0.0664563924074173
23,61,0.849233090877533,0.8379311561584473,0.010996410623192787,3.055507183074951,0.3570503890514374
23,62,0.020722057670354843,0.020597796887159348,9.699330985313281e-05,0.27267661690711975,0.0021247784607112408
23,63,0.9783546924591064,0.9643948078155518,0.013895256444811821,0.6462511420249939,0.15044556558132172
23,64,0.018450943753123283,0.018364109098911285,6.12095755059272e-05,0.2562377154827118,0.002236350439488888
23,65,0.8561763763427734,0.8356136083602905,0.01999228075146675,5.704516887664795,0.5249997973442078
23,66,0.8958150744438171,0.887017548084259,0.008725281804800034,0.7224807739257812,0.09597314894199371
23,67,0.8838786482810974,0.8734363317489624,0.010392576456069946,0.4976688027381897,0.08134294301271439
23,68,1.0308321714401245,1.007559061050415,0.022688116878271103,5.849504470825195,0.1185196191072464
23,69,0.19433994591236115,0.19166073203086853,0.002659077290445566,0.20131784677505493,0.03192264586687088
23,70,0.8413073420524597,0.8313806653022766,0.009817834943532944,1.0882047414779663,0.06619419902563095
23,71,0.3428790867328644,0.338919460773468,0.0039108213968575,0.4882652461528778,0.038575898855924606
23,72,0.017582247033715248,0.017494745552539825,6.134469003882259e-05,0.26156455278396606,0.001969492994248867
23,73,0.41467732191085815,0.40650972723960876,0.00799422524869442,1.7335313558578491,0.07711564004421234
23,74,0.881375253200531,0.865791916847229,0.015277259051799774,3.0604372024536133,0.4113503694534302
23,75,0.132016122341156,0.12802249193191528,0.003978138789534569,0.15503250062465668,0.13547559082508087
23,76,0.40254464745521545,0.3946143686771393,0.00790884904563427,0.21435849368572235,0.07582931220531464
23,77,0.7947899699211121,0.786484956741333,0.008218911476433277,0.8614820837974548,0.14043566584587097
23,78,0.7255675792694092,0.7153015732765198,0.010208455845713615,0.5757197141647339,0.11850415170192719
23,79,0.01373208872973919,0.013597182929515839,0.00012206804240122437,0.1283721923828125,0.05290304496884346
23,80,0.19178344309329987,0.18948666751384735,0.0022787037305533886,0.18076428771018982,0.014124557375907898
23,81,0.3499366044998169,0.34398436546325684,0.0059064533561468124,0.45774298906326294,0.038838207721710205
23,82,0.9560211896896362,0.9347314834594727,0.020804081112146378,4.85621976852417,0.23500119149684906
23,83,1.2019662857055664,1.1352921724319458,0.06573637574911118,9.37695598602295,0.15724441409111023
23,84,0.04617055878043175,0.04608631134033203,6.61587982904166e-05,0.18089592456817627,0.0070748599246144295
23,85,0.35295844078063965,0.34742724895477295,0.005480421707034111,0.5077327489852905,0.038973793387413025
23,86,0.8594475984573364,0.8481602668762207,0.011194396764039993,0.9295312166213989,0.1431613266468048
23,87,0.337625652551651,0.333426833152771,0.00415189191699028,0.4693078398704529,0.02221149578690529
23,88,0.4189697802066803,0.41437670588493347,0.0045659905299544334,0.27104896306991577,0.02658510021865368
23,89,0.4278471767902374,0.42352089285850525,0.004260554909706116,0.6572487354278564,0.04001140594482422
23,90,0.14136305451393127,0.1401313990354538,0.0012258478673174977,0.05812691152095795,0.009040727280080318
23,91,0.4656238555908203,0.45594435930252075,0.00955905020236969,1.2047032117843628,0.05926305055618286
23,92,0.35735809803009033,0.3514311909675598,0.005875038914382458,0.5185509324073792,0.041667640209198
23,93,0.9061267375946045,0.8933202028274536,0.012706481851637363,1.0005533695220947,0.2258162498474121
23,94,1.184052586555481,1.1475013494491577,0.0358278714120388,7.233270645141602,0.25651633739471436
23,95,0.0158900935202837,0.015790533274412155,7.484661909984425e-05,0.24714303016662598,0.0031069708056747913
23,96,1.22993004322052,1.203647494316101,0.02580021135509014,4.823802947998047,0.14112496376037598
23,97,0.7230966091156006,0.7164644598960876,0.006589990574866533,0.421231210231781,0.04708068072795868
23,98,0.04450033977627754,0.044115953147411346,0.00035262026358395815,0.3176576793193817,0.021839886903762817
23,99,0.3207632899284363,0.3180238902568817,0.002720859134569764,0.1852681189775467,0.03198528662323952
23,100,0.9263336062431335,0.9176710844039917,0.008624481968581676,0.3803540766239166,0.05183643475174904
24,1,0.3369682729244232,0.3346042335033417,0.0023328515235334635,0.31177762150764465,0.04418814182281494
24,2,0.9274452328681946,0.9121623635292053,0.014743473380804062,5.394069671630859,0.06873452663421631
24,3,0.4299710988998413,0.4249582588672638,0.004993984010070562,0.18875913321971893,0.04397236183285713
24,4,0.9275949597358704,0.9035001993179321,0.02365349978208542,4.41268253326416,0.6403751373291016
24,5,0.12838485836982727,0.12687280774116516,0.0014992074575275183,0.12844501435756683,0.10896576941013336
24,6,0.019374709576368332,0.0192694291472435,7.949997234391049e-05,0.2578102648258209,0.003050880739465356
24,7,1.1754474639892578,1.1499459743499756,0.025191113352775574,3.1041252613067627,0.13147717714309692
24,8,0.9071584343910217,0.8872194886207581,0.019860267639160156,0.7870599031448364,0.10940995812416077
24,9,0.9420787692070007,0.933464765548706,0.008524676784873009,0.8932414650917053,0.12770260870456696
24,10,0.1914784163236618,0.18941622972488403,0.002045641653239727,0.16545304656028748,0.015287146903574467
24,11,0.018885966390371323,0.018759604543447495,0.0001027065227390267,0.23656313121318817,0.004052768461406231
24,12,0.02098061330616474,0.020889829844236374,6.991780537646264e-05,0.2086515575647354,0.008956322446465492
24,13,0.41425248980522156,0.4104768633842468,0.0036587766371667385,1.168471097946167,0.022306449711322784
24,14,0.8199552893638611,0.8041102886199951,0.015551295131444931,2.9375452995300293,0.33563297986984253
24,15,0.8392568826675415,0.8306325078010559,0.008591469377279282,0.3287335932254791,0.07066185772418976
24,16,0.017945144325494766,0.017864778637886047,5.8881912991637364e-05,0.21484452486038208,0.004157377872616053
24,17,0.40431055426597595,0.39978206157684326,0.004489859566092491,0.386242151260376,0.027787668630480766
24,18,0.0070470101200044155,0.007021583616733551,5.193890956434188e-06,0.2023237943649292,0.001582557801157236
24,19,0.32336166501045227,0.3196033835411072,0.0037242984399199486,0.3396700918674469,0.040495991706848145
24,20,0.018228894099593163,0.01804479770362377,0.00017007911810651422,0.14016659557819366,0.08897222578525543
24,21,1.026335597038269,1.0146234035491943,0.011130153201520443,5.821284294128418,0.1820744127035141
24,22,0.030851881951093674,0.03066282719373703,0.00016069418052211404,0.2836039364337921,0.005133993923664093
24,23,0.02335483208298683,0.023219715803861618,0.00010804343037307262,0.270736426115036,0.002286314032971859
24,24,0.9676313400268555,0.9307423830032349,0.03600025177001953,8.886758804321289,0.13115070760250092
24,25,0.13183996081352234,0.1302993893623352,0.0015339958481490612,0.06576447933912277,0.04415454715490341
24,26,0.9324336051940918,0.911095142364502,0.020864222198724747,4.742397785186768,0.456908643245697
24,27,0.695456862449646,0.6866511106491089,0.008757973089814186,0.4779853820800781,0.056800130754709244
24,28,0.013310880400240421,0.013160020112991333,0.00013747267075814307,0.13387461006641388,0.04858928546309471
24,29,0.22744540870189667,0.22551056742668152,0.0019212994957342744,0.13542096316814423,0.04099634289741516
24,30,0.44702598452568054,0.43971285223960876,0.007259848993271589,0.5328292846679688,0.04401940852403641
24,31,1.212408185005188,1.1673808097839355,0.043900273740291595,11.271218299865723,0.1920316219329834
24,32,0.12289241701364517,0.12128031253814697,0.0016063980292528868,0.057038430124521255,0.04082795977592468
24,33,0.9294917583465576,0.9098930358886719,0.018901221454143524,6.975146293640137,0.16683171689510345
24,34,0.01634318009018898,0.016260167583823204,5.972594954073429e-05,0.23287269473075867,0.0032264492474496365
24,35,0.4317711889743805,0.42395204305648804,0.00774022564291954,0.7890589237213135,0.051198117434978485
24,36,0.9384856820106506,0.919216513633728,0.018750857561826706,5.18306827545166,0.43849658966064453
24,37,0.019812168553471565,0.019701987504959106,8.574833191232756e-05,0.24431733787059784,0.0026593205984681845
24,38,1.10487699508667,1.066828727722168,0.03669228404760361,13.559944152832031,0.22662454843521118
24,39,0.02066201902925968,0.020522112026810646,0.00011437680950621143,0.2552925646305084,0.003169944742694497
24,40,0.12198654562234879,0.12046724557876587,0.0015129456296563148,0.06353659182786942,0.0365961417555809
24,41,0.43978649377822876,0.43272632360458374,0.006919145584106445,1.4101303815841675,0.03897086903452873
24,42,0.3366730809211731,0.33337411284446716,0.0032525446731597185,0.4642395079135895,0.04024747759103775
24,43,0.01988404057919979,0.019751042127609253,0.0001064749521901831,0.2652418911457062,0.0031581600196659565
24,44,0.43161922693252563,0.4284999370574951,0.0030983146280050278,0.20993313193321228,0.032540902495384216
24,45,0.3388887345790863,0.33331364393234253,0.005528636276721954,0.46466153860092163,0.014462116174399853
24,46,0.9723761081695557,0.9384293556213379,0.03262344002723694,13.233281135559082,0.16402338445186615
24,47,0.10576508194208145,0.08353818953037262,0.022224701941013336,0.02194184437394142,0.029608527198433876
24,48,0.03391508385539055,0.0336943082511425,0.00020285657956264913,0.1791839450597763,0.13078419864177704
24,49,0.8471635580062866,0.836715042591095,0.010352987796068192,0.9556689262390137,0.15737223625183105
24,50,0.44768303632736206,0.4398215711116791,0.007804018910974264,0.5747307538986206,0.057680100202560425
24,51,0.01766386814415455,0.01753157004714012,0.00011604817700572312,0.16250084340572357,0.09065380692481995
24,52,0.4240778982639313,0.4170108437538147,0.006883689668029547,1.833664894104004,0.05525057017803192
24,53,0.43770936131477356,0.4339427053928375,0.0036924323067069054,0.7423655390739441,0.04466996341943741
24,54,1.1247689723968506,1.0894756317138672,0.034239232540130615,10.54061508178711,0.12246158719062805
24,55,0.3292970657348633,0.32390594482421875,0.005335461813956499,0.5568540096282959,0.029423121362924576
24,56,0.13988682627677917,0.13850939273834229,0.0013711214996874332,0.06316326558589935,0.0206899456679821
24,57,0.4739561080932617,0.4670649468898773,0.006830710917711258,0.6042951941490173,0.04769975692033768
24,58,0.2249448448419571,0.22288185358047485,0.0020523429848253727,0.10659975558519363,0.03678825497627258
24,59,0.8849126100540161,0.8709740042686462,0.013849133625626564,0.8944629430770874,0.06533068418502808
24,60,1.0133687257766724,0.9943186640739441,0.018758175894618034,2.9197885990142822,0.12953943014144897
24,61,0.6212485432624817,0.6122598648071289,0.008688442409038544,3.002267360687256,0.20926731824874878
24,62,0.017587509006261826,0.017499785870313644,6.348902388708666e-05,0.2423400580883026,0.005811735987663269
24,63,0.4741852283477783,0.462463915348053,0.011651684530079365,0.6961762309074402,0.07430078089237213
24,64,1.0084117650985718,0.9739860892295837,0.03369799628853798,7.27596378326416,0.5307815074920654
24,65,0.42086219787597656,0.41593337059020996,0.004890956450253725,0.37871500849723816,0.05112366005778313
24,66,1.1139651536941528,1.089494228363037,0.023749615997076035,7.21360445022583,0.1784815490245819
24,67,1.1667755842208862,1.1394246816635132,0.02676861733198166,5.82329797744751,0.17040205001831055
24,68,0.22573338449001312,0.22236239910125732,0.003325420431792736,0.45564401149749756,0.023381436243653297
24,69,0.3886222839355469,0.3841632902622223,0.004443288315087557,0.1571582406759262,0.06277283281087875
24,70,0.6580978631973267,0.6498048305511475,0.008246122859418392,0.4692040979862213,0.08765701949596405
24,71,0.22508350014686584,0.22274193167686462,0.0023319334723055363,0.09642636775970459,0.06387905776500702
24,72,1.2185308933258057,1.1866856813430786,0.03129120543599129,5.539095401763916,0.22800517082214355
24,73,0.9178504347801208,0.9061384201049805,0.011571989394724369,1.4003899097442627,0.09147125482559204
24,74,0.14888392388820648,0.1463688611984253,0.00248544430360198,0.29627111554145813,0.043163396418094635
24,75,0.4270334541797638,0.4221467971801758,0.004858396481722593,0.28252309560775757,0.008816655725240707
24,76,0.89699786901474,0.8878153562545776,0.009148763492703438,0.3371400535106659,0.07158955186605453
24,77,0.13388691842556,0.13258415460586548,0.0012911588419228792,0.11613679677248001,0.05076930671930313
24,78,0.38690003752708435,0.3826656639575958,0.004219145514070988,0.15222592651844025,0.010094121098518372
24,79,0.9055218696594238,0.8907394409179688,0.014339227229356766,4.432092666625977,0.444725900888443
24,80,0.40185075998306274,0.3964765667915344,0.005335885100066662,0.3829052448272705,0.04867921769618988
24,81,0.030062658712267876,0.029892899096012115,0.0001461123174522072,0.23647932708263397,0.005382149014621973
24,82,0.14124217629432678,0.13934609293937683,0.0018835552036762238,0.12536737322807312,0.17715366184711456
24,83,1.083495855331421,1.0377087593078613,0.04488338157534599,9.037548065185547,0.24320968985557556
24,84,0.7112710475921631,0.7024486064910889,0.008772044442594051,0.5043507814407349,0.13639476895332336
24,85,0.835929811000824,0.825753927230835,0.009860964491963387,3.149199962615967,0.3979552090167999
24,86,0.43009015917778015,0.42453545331954956,0.005454660393297672,1.0005836486816406,0.03518685698509216
24,87,0.4504953920841217,0.4437074065208435,0.006614554673433304,1.734075665473938,0.038889892399311066
24,88,1.1152931451797485,1.0662858486175537,0.047921277582645416,10.860260963439941,0.10011206567287445
24,89,0.39254066348075867,0.388139933347702,0.004317538812756538,0.8317934274673462,0.024450719356536865
24,90,0.9927115440368652,0.9676327705383301,0.024258486926555634,8.2030668258667,0.1397082507610321
24,91,0.3793916702270508,0.37380075454711914,0.005568398162722588,0.22518250346183777,0.017906485125422478
24,92,0.12962941825389862,0.12745188176631927,0.0021696072071790695,0.07932895421981812,0.051839374005794525
24,93,0.45798420906066895,0.4499768614768982,0.007946720346808434,0.6063128113746643,0.06542204320430756
24,94,0.8530370593070984,0.8251550197601318,0.027344323694705963,5.376715660095215,0.517292320728302
24,95,0.3273037075996399,0.32361680269241333,0.0036431916523724794,0.4371892511844635,0.048029229044914246
24,96,0.019958453252911568,0.0198543481528759,8.44101159600541e-05,0.1969597488641739,0.002633212599903345
24,97,1.1702630519866943,1.150659203529358,0.019133303314447403,4.705048084259033,0.13377127051353455
24,98,0.6602012515068054,0.6486065983772278,0.011305824853479862,2.8882498741149902,0.2921919822692871
24,99,0.9433480501174927,0.9070278406143188,0.03589332103729248,4.268902778625488,0.516284167766571
24,100,0.698822557926178,0.6886584162712097,0.01006702333688736,0.9710262417793274,0.11397874355316162
25,1,0.34316426515579224,0.34129536151885986,0.0018592864507809281,0.0961986556649208,0.02510802447795868
25,2,0.9353867173194885,0.9219046831130981,0.013237952254712582,2.440762758255005,0.14106860756874084
25,3,0.12527452409267426,0.12369394302368164,0.0015781780239194632,0.024001872166991234,0.017758691683411598
25,4,0.45231109857559204,0.44491586089134216,0.007311065681278706,0.8415284752845764,0.09753616899251938
25,5,0.41516250371932983,0.4087221026420593,0.006422513164579868,0.1789294183254242,0.0923703983426094
25,6,1.1729282140731812,1.148868441581726,0.023640751838684082,4.190029144287109,0.1503281146287918
25,7,1.213212013244629,1.1912314891815186,0.021521057933568954,4.594899654388428,0.13181018829345703
25,8,0.18917708098888397,0.18609943985939026,0.003051354084163904,0.2627875506877899,0.011606056243181229
25,9,0.3936688303947449,0.38954633474349976,0.004102746956050396,0.1975127011537552,0.024866148829460144
25,10,0.6212198138237,0.6090342998504639,0.011921467259526253,2.6405324935913086,0.23143388330936432
25,11,0.24317555129528046,0.24021929502487183,0.00294191250577569,0.14351339638233185,0.0372132807970047
25,12,0.859082043170929,0.8372794985771179,0.021524690091609955,2.77876615524292,0.4497685432434082
25,13,0.12864014506340027,0.12662187218666077,0.0019927378743886948,0.25540924072265625,0.0743541345000267
25,14,0.45463183522224426,0.4503098726272583,0.004300379194319248,0.21579426527023315,0.013603691011667252
25,15,0.22567559778690338,0.22355705499649048,0.0021059694699943066,0.12579162418842316,0.040689654648303986
25,16,0.026992687955498695,0.02680959366261959,0.00016154185868799686,0.21552632749080658,0.007615843787789345
25,17,0.013928934000432491,0.013785031624138355,0.00013218139065429568,0.11720684170722961,0.06228800117969513
25,18,1.1798338890075684,1.1558568477630615,0.02345399558544159,5.230427265167236,0.15458695590496063
25,19,0.452727347612381,0.4443984627723694,0.00824535358697176,0.8353380560874939,0.06374813616275787
25,20,0.029615145176649094,0.02941342256963253,0.00017576215032022446,0.2595897316932678,0.0056921676732599735
25,21,1.0360099077224731,1.0221278667449951,0.013284768909215927,5.972024440765381,0.5455324649810791
25,22,0.8185805082321167,0.8098403215408325,0.008701907470822334,0.382479727268219,0.08825363218784332
25,23,0.8416815996170044,0.8240206241607666,0.017262976616621017,3.9796290397644043,0.3870552182197571
25,24,0.38062867522239685,0.3752323389053345,0.005383114796131849,0.132424995303154,0.028135737404227257
25,25,0.22956052422523499,0.22728842496871948,0.002259043511003256,0.1306069791316986,0.07682663202285767
25,26,1.11042058467865,1.08697509765625,0.022830812260508537,6.146294116973877,0.16924461722373962
25,27,0.18143358826637268,0.1781926453113556,0.00321923173032701,0.21711933612823486,0.012431750074028969
25,28,0.04583856835961342,0.04538895934820175,0.0004222376737743616,0.2736912667751312,0.017553389072418213
25,29,0.031921062618494034,0.031768735498189926,0.000130668340716511,0.21659961342811584,0.00811905600130558
25,30,0.0481649711728096,0.04770011827349663,0.0004365056229289621,0.28344959020614624,0.01832132786512375
25,31,0.13637179136276245,0.13378317654132843,0.002570314332842827,0.18305279314517975,0.0742933377623558
25,32,0.0013455725274980068,0.0007306161569431424,0.0006149172550067306,0.00039134075632318854,0.0005678740562871099
25,33,0.026583973318338394,0.026436220854520798,0.00012118320591980591,0.2656835615634918,0.0063397702760994434
25,34,0.04492531716823578,0.04443681240081787,0.00045462168054655194,0.3388158679008484,0.01858951337635517
25,35,0.014648089185357094,0.014533057808876038,0.00010173479677177966,0.13296189904212952,0.06629730015993118
25,36,0.32320359349250793,0.3191750943660736,0.003984895534813404,0.4360044598579407,0.03861407935619354
25,37,0.19749759137630463,0.19528688490390778,0.0021714959293603897,0.39201489090919495,0.010465523228049278
25,38,1.0016813278198242,0.9790818691253662,0.022121364250779152,4.78107213973999,0.3511371612548828
25,39,0.021802300587296486,0.021691231057047844,8.386548142880201e-05,0.27203378081321716,0.003859776072204113
25,40,0.8897237181663513,0.8669500350952148,0.022204924374818802,5.687586784362793,0.3908945322036743
25,41,0.045001015067100525,0.04462059214711189,0.00034596369368955493,0.3445935845375061,0.016908865422010422
25,42,0.02349773980677128,0.023384496569633484,8.707343658898026e-05,0.26169541478157043,0.003937891684472561
25,43,0.3526296615600586,0.34538185596466064,0.007203143090009689,0.44685548543930054,0.020857179537415504
25,44,0.018233373761177063,0.018063779920339584,0.00015563744818791747,0.13957668840885162,0.056924931704998016
25,45,0.045526813715696335,0.04491375386714935,0.0005781523650512099,0.3490488529205322,0.021090025082230568
25,46,1.0442328453063965,1.0078399181365967,0.035469360649585724,9.235566139221191,0.24135911464691162
25,47,1.050880789756775,1.0115399360656738,0.038281749933958054,10.590205192565918,0.20061662793159485
25,48,0.029773321002721786,0.029624510556459427,0.00012490330846048892,0.23907744884490967,0.007855347357690334
25,49,0.1297292858362198,0.12751588225364685,0.0021986295469105244,0.14767147600650787,0.06643453240394592
25,50,0.025572970509529114,0.02546653524041176,8.298258035210893e-05,0.23452939093112946,0.004182985983788967
25,51,0.024091852828860283,0.023969266563653946,9.802920249057934e-05,0.24557530879974365,0.0030670207925140858
25,52,0.3320615589618683,0.32893988490104675,0.003084761556237936,0.36915186047554016,0.031040821224451065
25,53,0.015966251492500305,0.015836156904697418,0.00011540293780853972,0.14693386852741241,0.07796537131071091
25,54,0.889521062374115,0.8811498880386353,0.008233757689595222,1.3740090131759644,0.30403459072113037
25,55,0.02613544650375843,0.02596454881131649,0.00015524591435678303,0.15650978684425354,0.11448441445827484
25,56,0.988339364528656,0.9713706970214844,0.016527801752090454,4.409226417541504,0.0927993580698967
25,57,1.065833330154419,1.0526363849639893,0.012879019603133202,3.1792430877685547,0.15802033245563507
25,58,0.2127520740032196,0.2094656527042389,0.0032526084687560797,0.3380364775657654,0.03265800327062607
25,59,0.21738038957118988,0.21258869767189026,0.004745909478515387,0.4577682316303253,0.03271332383155823
25,60,0.38023728132247925,0.37583720684051514,0.004364009015262127,0.3605121970176697,0.12114334851503372
25,61,0.04032925143837929,0.04023241624236107,8.413004252361134e-05,0.12705107033252716,0.08039410412311554
25,62,0.030742507427930832,0.030659718438982964,5.857878932147287e-05,0.24210618436336517,0.004167795181274414
25,63,1.1852679252624512,1.160782814025879,0.02394270896911621,5.423858165740967,0.19902795553207397
25,64,0.2367558628320694,0.23443225026130676,0.0023132378701120615,0.10370539128780365,0.019716661423444748
25,65,0.8771875500679016,0.8676953315734863,0.009412688203155994,0.7953405380249023,0.11209321022033691
25,66,0.2634877562522888,0.2615746259689331,0.0019032817799597979,0.09849666059017181,0.005948404315859079
25,67,0.051911063492298126,0.051808059215545654,8.275295840576291e-05,0.2025214284658432,0.009264585562050343
25,68,0.03257858008146286,0.03249726817011833,6.043059329385869e-05,0.20878590643405914,0.005612766370177269
25,69,0.1371053159236908,0.134706050157547,0.002380823716521263,0.1844584345817566,0.11338546872138977
25,70,0.40757983922958374,0.40236568450927734,0.005198413506150246,0.15746334195137024,0.025911055505275726
25,71,0.9299373030662537,0.9009488821029663,0.02888178825378418,1.0660862922668457,0.18894511461257935
25,72,0.0762186124920845,0.07583339512348175,0.0003467995557002723,0.3841762840747833,0.016641318798065186
25,73,0.8685081005096436,0.8589608073234558,0.009470009244978428,0.7729145884513855,0.17603695392608643
25,74,0.6402425169944763,0.6268950700759888,0.013094654306769371,2.5279107093811035,0.3034151792526245
25,75,0.011604680679738522,0.011532796546816826,4.277170228306204e-05,0.29112517833709717,0.0025674509815871716
25,76,0.8600243926048279,0.8410887718200684,0.018615135923027992,3.2048299312591553,0.43295031785964966
25,77,0.13841868937015533,0.1346874237060547,0.0037146469112485647,0.1661767214536667,0.09367617964744568
25,78,0.12312527000904083,0.12151271104812622,0.0016064753290265799,0.06085415557026863,0.03343600034713745
25,79,0.900891900062561,0.8906700611114502,0.010149968788027763,0.7190662622451782,0.0712401270866394
25,80,1.1796875,1.1598740816116333,0.019375674426555634,4.377157211303711,0.0966663658618927
25,81,0.015761597082018852,0.01572888344526291,6.876521183585282e-06,0.2583678960800171,0.001560382777824998
25,82,0.42925143241882324,0.4242187440395355,0.004964976105839014,0.6770764589309692,0.04134257882833481
25,83,0.023006413131952286,0.022877102717757225,9.694012987893075e-05,0.32371118664741516,0.0026538041420280933
25,84,0.3567911386489868,0.35025864839553833,0.00642045121639967,1.1202775239944458,0.0668402761220932
25,85,0.8746060729026794,0.8654943704605103,0.00903270673006773,0.7895163893699646,0.17275109887123108
25,86,0.6577509641647339,0.6444073915481567,0.0131263118237257,2.172706127166748,0.3167686462402344
25,87,0.2065008282661438,0.204212486743927,0.0022539934143424034,0.34349480271339417,0.01189638115465641
25,88,0.9522700905799866,0.9379445314407349,0.013985680416226387,3.3987674713134766,0.3697165846824646
25,89,0.9733614921569824,0.945772647857666,0.02649814635515213,10.906970024108887,0.12543413043022156
25,90,0.2664836645126343,0.2641838788986206,0.002279335167258978,0.2044740617275238,0.061941247433423996
25,91,0.1902008056640625,0.18835249543190002,0.0018348069861531258,0.1350182741880417,0.007984630763530731
25,92,0.903278648853302,0.8736906051635742,0.029178762808442116,4.092807769775391,0.5420268774032593
25,93,1.0503196716308594,1.0341651439666748,0.015469199046492577,6.853569507598877,0.16669151186943054
25,94,0.3951282203197479,0.3912734389305115,0.0038309660740196705,0.23817001283168793,0.03431036323308945
25,95,0.14229968190193176,0.138563334941864,0.0037097446620464325,0.2659342885017395,0.08607892692089081
25,96,0.8478959202766418,0.8362323045730591,0.011618724092841148,0.44896697998046875,0.08612070977687836
25,97,0.9506692886352539,0.9261930584907532,0.023768175393342972,7.080716609954834,0.12448564916849136
25,98,0.8580339550971985,0.8354816436767578,0.021950095891952515,6.021620273590088,0.5488017201423645
25,99,0.9561139345169067,0.9402596950531006,0.015719400718808174,1.3481674194335938,0.094422847032547
25,100,0.908401608467102,0.8971090316772461,0.011229615658521652,0.6292847990989685,0.07757094502449036
26,1,0.7876405119895935,0.7792884111404419,0.008278434164822102,0.7369592189788818,0.05564945191144943
26,2,0.04401534050703049,0.04363831877708435,0.00034096153103746474,0.36060094833374023,0.016587045043706894
26,3,1.1027411222457886,1.0792090892791748,0.02305779978632927,4.741775035858154,0.13653993606567383
26,4,0.013731936924159527,0.013621045276522636,9.792388300411403e-05,0.12967385351657867,0.04646175354719162
26,5,0.8281024694442749,0.8205018639564514,0.007321547716856003,2.790925979614258,0.2800503373146057
26,6,1.2084828615188599,1.1797291040420532,0.0281769298017025,5.768975257873535,0.16859164834022522
26,7,0.8297697901725769,0.8198878169059753,0.009819085709750652,0.6290658712387085,0.1192162036895752
26,8,0.13015706837177277,0.12847982347011566,0.0016706711612641811,0.06568397581577301,0.07387232780456543
26,9,0.45705854892730713,0.452006459236145,0.005011370405554771,0.40701866149902344,0.08148364722728729
26,10,0.01583925262093544,0.01576017588376999,6.507903890451416e-05,0.139968603849411,0.08188561350107193
26,11,1.173755407333374,1.1472731828689575,0.02597840502858162,5.037734031677246,0.23738202452659607
26,12,0.422168105840683,0.4162464141845703,0.0057718753814697266,1.4980818033218384,0.05019299313426018
26,13,0.016288191080093384,0.016205541789531708,5.3521827794611454e-05,0.29128363728523254,0.0025951177813112736
26,14,0.0162790659815073,0.016151459887623787,0.00011419116344768554,0.1341511309146881,0.04097164422273636
26,15,0.7033066153526306,0.6946575045585632,0.008592326194047928,0.5682829022407532,0.06329133361577988
26,16,0.32818305492401123,0.3232588469982147,0.004891595803201199,0.3261859714984894,0.020209595561027527
26,17,0.7658955454826355,0.7496811151504517,0.01595478318631649,2.596475124359131,0.3078218996524811
26,18,0.4075698256492615,0.40416526794433594,0.0033809738233685493,0.23587532341480255,0.020102672278881073
26,19,0.3946584463119507,0.3903215527534485,0.004316623788326979,0.20279689133167267,0.02115592733025551
26,20,0.8337289690971375,0.8246792554855347,0.009017596952617168,0.3213357627391815,0.0893341451883316
26,21,0.22741392254829407,0.22564516961574554,0.0017570650670677423,0.11687075346708298,0.04723973572254181
26,22,1.2021747827529907,1.171067476272583,0.030438384041190147,6.689096450805664,0.19882556796073914
26,23,0.015772271901369095,0.015670616179704666,8.758839248912409e-05,0.1406729519367218,0.07357066124677658
26,24,0.8881283402442932,0.8620796203613281,0.025679629296064377,3.690760374069214,0.18232396245002747
26,25,0.3276786208152771,0.32494616508483887,0.002700116718187928,0.32324349880218506,0.0451495423913002
26,26,0.35999026894569397,0.35675591230392456,0.0031788130290806293,0.5555060505867004,0.05436483398079872
26,27,0.08945506066083908,0.08911275118589401,0.00034166156547144055,0.006495087407529354,0.01018469873815775
26,28,0.35617801547050476,0.351260781288147,0.004879239946603775,0.37989750504493713,0.03528442978858948
26,29,0.3687533140182495,0.3643531799316406,0.004388114437460899,0.11997580528259277,0.03678880259394646
26,30,0.12507599592208862,0.12376675009727478,0.0013034578878432512,0.057807859033346176,0.06207588315010071
26,31,0.3533892333507538,0.34880706667900085,0.004548861179500818,0.3332516849040985,0.02548588439822197
26,32,0.03503905236721039,0.03488646447658539,0.00011998910485999659,0.3260117173194885,0.005825567990541458
26,33,0.9917855858802795,0.9719161987304688,0.019346214830875397,5.231289386749268,0.4735085368156433
26,34,0.6461790204048157,0.6358972191810608,0.010107766836881638,1.7404537200927734,0.20077720284461975
26,35,0.0284405630081892,0.02829330787062645,0.00011695751891238615,0.30298173427581787,0.008108626119792461
26,36,0.3523045480251312,0.348533034324646,0.003713298588991165,0.582019031047821,0.028966298326849937
26,37,0.01746075414121151,0.017370641231536865,6.177052273415029e-05,0.2834280729293823,0.005805115215480328
26,38,0.7317355871200562,0.7250280380249023,0.006659913808107376,0.4759598970413208,0.05166083574295044
26,39,0.44395363330841064,0.43709859251976013,0.0066579533740878105,1.970929503440857,0.027931559830904007
26,40,0.2789320647716522,0.27100396156311035,0.007916184142231941,0.11931959539651871,0.028529582545161247
26,41,0.7274430394172668,0.7203253507614136,0.007058453280478716,0.5927278399467468,0.08621130883693695
26,42,0.8924179077148438,0.8747605085372925,0.017258400097489357,3.989691734313965,0.6350952982902527
26,43,0.3758229613304138,0.3707027733325958,0.0051047177985310555,0.15468046069145203,0.03228946775197983
26,44,0.8571231961250305,0.8410419821739197,0.015664782375097275,4.164331912994385,0.38893598318099976
26,45,0.20915424823760986,0.20657014846801758,0.0025501269847154617,0.33976835012435913,0.015935853123664856
26,46,0.022168124094605446,0.02205110713839531,8.339487249031663e-05,0.3362227976322174,0.005476397927850485
26,47,0.017446834594011307,0.017327938228845596,0.00010540254879742861,0.1349305361509323,0.039367981255054474
26,48,0.37210920453071594,0.36815357208251953,0.003936947323381901,0.18692094087600708,0.006563945673406124
26,49,0.04442625492811203,0.04407315328717232,0.0003169668489135802,0.36135172843933105,0.018899284303188324
26,50,1.1423166990280151,1.1263391971588135,0.015671882778406143,3.056317090988159,0.08018074929714203
26,51,0.791904866695404,0.7781976461410522,0.013393610715866089,3.1357765197753906,0.27386730909347534
26,52,0.3403131067752838,0.3359127640724182,0.004348123446106911,0.5222384333610535,0.04677727818489075
26,53,0.13181814551353455,0.13005295395851135,0.001757078105583787,0.08113616704940796,0.0668322741985321
26,54,0.1531345695257187,0.1494932770729065,0.0036171632818877697,0.2412620484828949,0.18233312666416168
26,55,0.01968572847545147,0.01958906278014183,6.617806502617896e-05,0.3048851788043976,0.0033862802665680647
26,56,0.4387289881706238,0.4306257963180542,0.007978466339409351,1.2472888231277466,0.055071160197257996
26,57,0.048053544014692307,0.04758279025554657,0.00043373717926442623,0.3701799213886261,0.021000485867261887
26,58,0.22601744532585144,0.22388380765914917,0.0021187206730246544,0.14923293888568878,0.053729280829429626
26,59,0.40021777153015137,0.3952832520008087,0.004906819202005863,0.27673402428627014,0.01519148051738739
26,60,0.030027905479073524,0.029876455664634705,0.00012669252464547753,0.2475711554288864,0.008818450383841991
26,61,0.029227741062641144,0.029072945937514305,0.0001302077725995332,0.24587781727313995,0.00891140103340149
26,62,0.02158519998192787,0.021466409787535667,9.474184480495751e-05,0.2404901385307312,0.004901917185634375
26,63,0.36438003182411194,0.35897427797317505,0.0053834496065974236,0.22281894087791443,0.01407274603843689
26,64,0.3583730459213257,0.35017848014831543,0.008147438988089561,0.4710324704647064,0.051590949296951294
26,65,1.284508228302002,1.2470473051071167,0.036688417196273804,7.724850177764893,0.35550791025161743
26,66,0.1336303949356079,0.13217726349830627,0.0014457559445872903,0.07375463843345642,0.04247505962848663
26,67,0.6188499331474304,0.6046093702316284,0.013987919315695763,2.526505470275879,0.2977953553199768
26,68,0.01830667071044445,0.018211130052804947,6.904038309585303e-05,0.26500561833381653,0.005745967384427786
26,69,0.02848684787750244,0.02832905203104019,0.0001285567122977227,0.29240432381629944,0.006004618480801582
26,70,0.953790009021759,0.9396156072616577,0.013924511149525642,2.498762607574463,0.24387146532535553
26,71,0.20607984066009521,0.20356959104537964,0.0024869837798178196,0.23258905112743378,0.01225472241640091
26,72,1.0780962705612183,1.050750732421875,0.026674365624785423,6.71160364151001,0.06139206886291504
26,73,0.4145321249961853,0.4097534418106079,0.004672626033425331,1.0607205629348755,0.04809381812810898
26,74,0.13451369106769562,0.13273955881595612,0.0017604944296181202,0.13638606667518616,0.12241463363170624
26,75,0.7735676169395447,0.7638088464736938,0.009698660112917423,0.6005359292030334,0.10360221564769745
26,76,0.43213701248168945,0.4240911602973938,0.008006205782294273,0.39642855525016785,0.04335908591747284
26,77,0.06666839122772217,0.06628178060054779,0.00034203106770291924,0.4457439184188843,0.01511632464826107
26,78,0.04313256964087486,0.042942605912685394,0.00015145732322707772,0.38504740595817566,0.005236275494098663
26,79,0.34301674365997314,0.33779841661453247,0.005165516398847103,0.5281901955604553,0.0687989592552185
26,80,0.2412288933992386,0.23835572600364685,0.002856871113181114,0.16296082735061646,0.06305013597011566
26,81,0.13435426354408264,0.13177771866321564,0.002562375972047448,0.1417165845632553,0.09427845478057861
26,82,0.9114993214607239,0.9003188014030457,0.011009007692337036,1.7146928310394287,0.07181344926357269
26,83,0.45554211735725403,0.4451126456260681,0.010303647257387638,1.258122444152832,0.01566675491631031
26,84,0.24699616432189941,0.2447783201932907,0.002202217001467943,0.1562713086605072,0.013751436024904251
26,85,0.9373311400413513,0.9293642044067383,0.007593595422804356,3.733539581298828,0.24689063429832458
26,86,0.558840811252594,0.5457019805908203,0.013110284693539143,0.28570520877838135,0.0412723571062088
26,87,0.34357473254203796,0.33926472067832947,0.004264656454324722,0.4537343978881836,0.027510352432727814
26,88,0.42575743794441223,0.41829144954681396,0.00733880465850234,1.271836757659912,0.05612343177199364
26,89,0.01902480237185955,0.018931038677692413,6.351635238388553e-05,0.3024829626083374,0.0034261385444551706
26,90,0.0219106487929821,0.021781545132398605,0.00011378512135706842,0.15317703783512115,0.10367842018604279
26,91,0.4687287509441376,0.45756494998931885,0.011048706248402596,1.1510833501815796,0.08486542105674744
26,92,0.36886799335479736,0.36118942499160767,0.00761402677744627,0.6456195712089539,0.056480154395103455
26,93,0.6685839891433716,0.6575814485549927,0.010682006366550922,3.2053050994873047,0.4267113208770752
26,94,0.9451707601547241,0.9285271167755127,0.01648951694369316,1.541515588760376,0.18496030569076538
26,95,0.9021875858306885,0.8608798980712891,0.0407189205288887,5.887846946716309,0.5742895603179932
26,96,0.8748058080673218,0.8632907867431641,0.011469230055809021,0.45792916417121887,0.04718039184808731
26,97,0.23940564692020416,0.23771633207798004,0.0016665933653712273,0.22728490829467773,0.004093920812010765
26,98,0.42849740386009216,0.42510950565338135,0.0033738610800355673,0.14027775824069977,0.017375025898218155
26,99,0.8518385887145996,0.8290063142776489,0.022553563117980957,2.787137746810913,0.26846548914909363
26,100,0.9840300679206848,0.9747447967529297,0.009074058383703232,2.1121578216552734,0.07700882852077484
27,1,0.015673533082008362,0.015564175322651863,9.643468365538865e-05,0.12922248244285583,0.04099894315004349
27,2,0.40782055258750916,0.40222781896591187,0.005475280806422234,1.174544095993042,0.10685013234615326
27,3,1.3138582706451416,1.2341177463531494,0.07856329530477524,11.772221565246582,0.27358368039131165
27,4,0.8924601674079895,0.8759592771530151,0.016072716563940048,4.282149314880371,0.6450842618942261
27,5,0.49450749158859253,0.48783940076828003,0.006644329056143761,0.23767274618148804,0.20481055974960327
27,6,0.44374212622642517,0.43786513805389404,0.005834192968904972,0.42789629101753235,0.14190633594989777
27,7,0.35090869665145874,0.34467536211013794,0.006175040267407894,0.5830461978912354,0.023374337702989578
27,8,0.8660481572151184,0.8443642854690552,0.021335601806640625,3.4825313091278076,0.6414577960968018
27,9,0.9220309853553772,0.9115592241287231,0.010404558852314949,0.6716243624687195,0.08825796842575073
27,10,0.9659526348114014,0.9439208507537842,0.02162216044962406,4.095909118652344,0.2626163363456726
27,11,0.9278304576873779,0.8928112983703613,0.03457663580775261,4.424877166748047,0.33588331937789917
27,12,0.08962447941303253,0.08939245343208313,0.00020863117242697626,0.23393580317497253,0.024056129157543182
27,13,1.1991734504699707,1.182934045791626,0.015419911593198776,8.194034576416016,0.11837850511074066
27,14,0.06551841646432877,0.06526190042495728,0.00023088729358278215,0.25629881024360657,0.023848257958889008
27,15,0.13227161765098572,0.13087910413742065,0.0013867022935301065,0.05813833326101303,0.013086235150694847
27,16,0.04318856820464134,0.04286617413163185,0.00029101112158969045,0.3138256371021271,0.019848058000206947
27,17,0.023146137595176697,0.023035798221826553,7.913463923614472e-05,0.3120451867580414,0.0040708184242248535
27,18,0.23801909387111664,0.2354777604341507,0.0025253547355532646,0.1598082035779953,0.08532926440238953
27,19,0.9689892530441284,0.9314978122711182,0.03707961365580559,4.11824369430542,1.0933085680007935
27,20,0.41107377409935,0.4033796787261963,0.007515186909586191,1.789093017578125,0.07325771450996399
27,21,0.3737160563468933,0.3688301146030426,0.004868720658123493,0.17229479551315308,0.038411520421504974
27,22,0.023212283849716187,0.02313227206468582,4.7564361011609435e-05,0.3244777321815491,0.0034000729210674763
27,23,1.1061010360717773,1.0708492994308472,0.03448895737528801,7.6284613609313965,0.2125059962272644
27,24,0.02630225010216236,0.026219891384243965,5.224521009949967e-05,0.30113503336906433,0.00444393465295434
27,25,0.4512651860713959,0.4469020664691925,0.004299486987292767,0.6362459063529968,0.024200471118092537
27,26,0.3623727560043335,0.35957011580467224,0.0027626443188637495,0.39991143345832825,0.018128229305148125
27,27,0.19364827871322632,0.19018301367759705,0.003434819635003805,0.3044878840446472,0.012032805941998959
27,28,0.4455472230911255,0.4378332495689392,0.007674245163798332,0.397233247756958,0.03424438089132309
27,29,0.8508651256561279,0.844370424747467,0.00642489455640316,0.697749674320221,0.11114847660064697
27,30,0.8378284573554993,0.8311392068862915,0.006654082797467709,0.3517468273639679,0.12568505108356476
27,31,0.12880593538284302,0.1262863576412201,0.0025069492403417826,0.12620232999324799,0.086636483669281
27,32,0.736721932888031,0.7286185026168823,0.008057651109993458,0.45774054527282715,0.10989579558372498
27,33,0.05621923878788948,0.05573097616434097,0.0004475379828363657,0.4072648584842682,0.01762327551841736
27,34,0.02824484184384346,0.028152242302894592,6.0019705415470526e-05,0.3257952332496643,0.006033147219568491
27,35,0.9833064675331116,0.9711054563522339,0.011928760446608067,2.7228009700775146,0.2937292456626892
27,36,0.046639323234558105,0.04632720723748207,0.0002755478781182319,0.3656778335571289,0.015367078594863415
27,37,0.3671577572822571,0.3572816252708435,0.009865311905741692,0.10805152356624603,0.02235741913318634
27,38,0.12884466350078583,0.12744998931884766,0.001388072269037366,0.06598956137895584,0.057045742869377136
27,39,0.027503950521349907,0.027337288483977318,0.00013588309229817241,0.3077879846096039,0.005277707241475582
27,40,1.130466341972351,1.1097216606140137,0.02043525129556656,3.0946147441864014,0.2086305022239685
27,41,0.4313409924507141,0.42587846517562866,0.005400573834776878,0.61949622631073,0.06530389189720154
27,42,0.6296284794807434,0.6168760657310486,0.012561550363898277,1.9087845087051392,0.28790104389190674
27,43,0.12687496840953827,0.12500154972076416,0.00186671013943851,0.06705819815397263,0.04276097193360329
27,44,1.0253359079360962,0.9953312277793884,0.029112575575709343,8.921984672546387,0.13321352005004883
27,45,0.8373129963874817,0.8288912773132324,0.008037982508540154,3.837588310241699,0.2510930299758911
27,46,1.1582059860229492,1.13816499710083,0.01956881582736969,4.721571922302246,0.1269453465938568
27,47,0.026586735621094704,0.026447180658578873,0.0001272678782697767,0.12288203090429306,0.024372119456529617
27,48,0.3987225294113159,0.39458492398262024,0.004122362472116947,0.15217623114585876,0.006656559184193611
27,49,0.6496546268463135,0.6351483464241028,0.014193869195878506,3.123749017715454,0.23222976922988892
27,50,0.014227190986275673,0.014119546860456467,9.451472578803077e-05,0.13129475712776184,0.05377088859677315
27,51,0.4897767901420593,0.470039427280426,0.019653309136629105,0.8403759598731995,0.07742464542388916
27,52,0.8464812636375427,0.8280044794082642,0.018064914271235466,4.118734359741211,0.38069894909858704
27,53,0.6819770336151123,0.6735451221466064,0.008376015350222588,0.5593413710594177,0.10407578200101852
27,54,0.8973155617713928,0.8861364126205444,0.011100582778453827,0.7854085564613342,0.125349760055542
27,55,0.8720793724060059,0.8486633896827698,0.023035913705825806,3.800539255142212,0.5950741767883301
27,56,0.33260783553123474,0.3288843333721161,0.0036864220164716244,0.37083160877227783,0.06638149917125702
27,57,0.8641481399536133,0.8569221496582031,0.007191057316958904,0.34931761026382446,0.08455916494131088
27,58,0.435698926448822,0.42914414405822754,0.00651152478531003,0.4323311150074005,0.02988910675048828
27,59,0.018545450642704964,0.018393615260720253,0.00013723729352932423,0.14597435295581818,0.08286070823669434
27,60,0.12754333019256592,0.12423479557037354,0.0032934360206127167,0.15102145075798035,0.10583034157752991
27,61,0.7918922901153564,0.7838249206542969,0.0077661992982029915,3.011873245239258,0.2909368872642517
27,62,0.8308180570602417,0.821164071559906,0.009546643123030663,1.0732375383377075,0.07501617074012756
27,63,0.01973870024085045,0.019622329622507095,9.003096783999354e-05,0.26338934898376465,0.0027484088204801083
27,64,0.1572607159614563,0.15218685567378998,0.005067013204097748,0.06852409243583679,0.014875601977109909
27,65,0.04651522636413574,0.046145617961883545,0.0003371675848029554,0.3243850767612457,0.01731027103960514
27,66,0.08018635958433151,0.0794132724404335,0.0007686527096666396,0.0443008728325367,0.03660036250948906
27,67,0.918038010597229,0.9056164026260376,0.012322960421442986,0.986262321472168,0.135413259267807
27,68,0.3374127149581909,0.3329803943634033,0.004380458500236273,0.5187068581581116,0.04906037449836731
27,69,0.01935126632452011,0.019243042916059494,8.240732859121636e-05,0.25816765427589417,0.003381891641765833
27,70,1.0308616161346436,0.9980083703994751,0.03186517953872681,9.880179405212402,0.14454302191734314
27,71,0.0463581345975399,0.04596405103802681,0.00036330445436760783,0.30778518319129944,0.018378019332885742
27,72,0.016236688941717148,0.016159452497959137,5.3752315579913557e-05,0.23484444618225098,0.0032843772787600756
27,73,0.4063338041305542,0.4013822674751282,0.004907218739390373,0.4432528018951416,0.0365062952041626
27,74,0.42394429445266724,0.4189733862876892,0.004879740532487631,0.9117351174354553,0.03550196439027786
27,75,0.9079442024230957,0.8842915296554565,0.022942114621400833,7.105712413787842,0.12458756566047668
27,76,0.3298853635787964,0.3261021375656128,0.0037378929555416107,0.4534289836883545,0.030061403289437294
27,77,0.382147878408432,0.37819093465805054,0.003935366868972778,0.21563437581062317,0.01691279001533985
27,78,0.3877379298210144,0.3838443160057068,0.0038748327642679214,0.18784889578819275,0.03368459641933441
27,79,0.2166757583618164,0.21349699795246124,0.0031522847712039948,0.26479196548461914,0.012581935152411461
27,80,0.32975003123283386,0.32476186752319336,0.004936441779136658,0.5171116590499878,0.033004019409418106
27,81,0.019740890711545944,0.019664812833070755,5.196588608669117e-05,0.24112814664840698,0.004111696965992451
27,82,0.12843367457389832,0.1259850561618805,0.002432294189929962,0.16337907314300537,0.10062803328037262
27,83,0.016331277787685394,0.01625826023519039,4.8907240852713585e-05,0.2410992830991745,0.0034643826074898243
27,84,0.4365844130516052,0.4287937581539154,0.007684973068535328,1.0568913221359253,0.049024052917957306
27,85,0.8638531565666199,0.8538544774055481,0.009869362227618694,1.293573021888733,0.11164092272520065
27,86,1.249785304069519,1.2148630619049072,0.034236036241054535,6.862009525299072,0.1857120245695114
27,87,0.01836123690009117,0.01818263716995716,0.0001621812698431313,0.16419941186904907,0.0863126665353775
27,88,0.205680713057518,0.20244070887565613,0.0032008024863898754,0.3921147286891937,0.025317303836345673
27,89,0.12320036441087723,0.12204280495643616,0.0011517263483256102,0.058360110968351364,0.05031386762857437
27,90,0.8796844482421875,0.8706569075584412,0.008986521512269974,0.4098702371120453,0.09953506290912628
27,91,0.41991156339645386,0.411964476108551,0.007817193865776062,1.29871666431427,0.03460385277867317
27,92,0.811850905418396,0.8014733195304871,0.01033688336610794,0.4069940447807312,0.07499802112579346
27,93,0.44780391454696655,0.44378048181533813,0.0038864868693053722,1.369401454925537,0.03105214238166809
27,94,0.2362339049577713,0.2341555505990982,0.002068031346425414,0.10333868861198425,0.045406751334667206
27,95,1.2119269371032715,1.1847566366195679,0.026588592678308487,5.8179240226745605,0.14630922675132751
27,96,0.23439520597457886,0.23192033171653748,0.0024611582048237324,0.13708871603012085,0.04787740111351013
27,97,0.3523339331150055,0.3475080728530884,0.004784346092492342,0.415229469537735,0.016416722908616066
27,98,0.8272523880004883,0.8094549179077148,0.01744046062231064,3.5701329708099365,0.40957385301589966
27,99,1.0715607404708862,1.0205433368682861,0.04996868222951889,10.487227439880371,0.2109917402267456
27,100,0.22515521943569183,0.22274020314216614,0.0024053186643868685,0.09700888395309448,0.05446380376815796
28,1,0.19246886670589447,0.19058626890182495,0.0018591962289065123,0.23389387130737305,0.010891268029808998
28,2,0.33934682607650757,0.33650368452072144,0.002796982182189822,0.46162593364715576,0.03852766007184982
28,3,0.9086145758628845,0.8938939571380615,0.014590827748179436,1.298375129699707,0.10738549381494522
28,4,0.33851608633995056,0.33331990242004395,0.005163619294762611,0.3257991373538971,0.016318630427122116
28,5,0.22749395668506622,0.2257249355316162,0.0017565563321113586,0.12466338276863098,0.0461142435669899
28,6,0.440658301115036,0.4333760738372803,0.007085318677127361,1.9689464569091797,0.0398196280002594
28,7,0.041019145399332047,0.04072306677699089,0.00026811627321876585,0.2796049416065216,0.01391545869410038
28,8,0.32962870597839355,0.3251020908355713,0.004477742128074169,0.4886571168899536,0.035089559853076935
28,9,0.129989355802536,0.12872114777565002,0.001262670150026679,0.0554611012339592,0.0461709201335907
28,10,0.5934629440307617,0.5834953188896179,0.009787099435925484,1.8052504062652588,0.24346321821212769
28,11,0.01239967904984951,0.012268409132957458,0.00011847482528537512,0.1279580295085907,0.058920055627822876
28,12,0.31113335490226746,0.3059791326522827,0.005138223059475422,0.15997086465358734,0.011630687862634659
28,13,0.4428768455982208,0.4369637966156006,0.005875235889106989,0.3780665397644043,0.06456593424081802
28,14,0.3807937204837799,0.3767167627811432,0.004054171498864889,0.22785666584968567,0.03211236000061035
28,15,0.04027159512042999,0.039904095232486725,0.0003373586805537343,0.301422655582428,0.014175347983837128
28,16,0.22248712182044983,0.21880751848220825,0.0036372472532093525,0.42352035641670227,0.013958378694951534
28,17,0.12328489124774933,0.12126202881336212,0.0019998764619231224,0.22988589107990265,0.09881740063428879
28,18,0.6573069095611572,0.6455508470535278,0.01154199056327343,2.1409339904785156,0.215394526720047
28,19,0.2532893717288971,0.25062012672424316,0.0026581650599837303,0.11096961051225662,0.05803176015615463
28,20,0.3213227689266205,0.3183840811252594,0.0029116584919393063,0.27018800377845764,0.03592945635318756
28,21,0.7147060632705688,0.708950936794281,0.005694608204066753,0.6050472259521484,0.06636068224906921
28,22,0.01827465184032917,0.018183032050728798,6.560880865436047e-05,0.26011011004447937,0.0026100671384483576
28,23,0.01133757270872593,0.01124219223856926,8.265677752206102e-05,0.12724003195762634,0.06502486765384674
28,24,0.6875559091567993,0.6786062717437744,0.0089038647711277,0.4574953019618988,0.0760684460401535
28,25,0.014199936762452126,0.014095541089773178,9.122063784161583e-05,0.1317524015903473,0.06874978542327881
28,26,0.7165985703468323,0.7100073099136353,0.006542736664414406,0.48497796058654785,0.09102950245141983
28,27,0.814876139163971,0.7961103916168213,0.018413912504911423,3.5186283588409424,0.3427972197532654
28,28,1.1639834642410278,1.1453990936279297,0.018100911751389503,4.83461332321167,0.1281202733516693
28,29,0.31667980551719666,0.29761630296707153,0.01904989406466484,0.1361130028963089,0.04564289003610611
28,30,0.014692258089780807,0.0145743228495121,0.00010462966019986197,0.13306103646755219,0.07921379804611206
28,31,0.8574293851852417,0.8465615510940552,0.010817729867994785,0.5013362169265747,0.17707136273384094
28,32,0.8632453680038452,0.8375424146652222,0.025356894358992577,3.4605982303619385,0.6056323647499084
28,33,0.014572297222912312,0.014469290152192116,8.97791251190938e-05,0.13227567076683044,0.07659108936786652
28,34,0.01430525816977024,0.014222937636077404,5.617865463136695e-05,0.26142194867134094,0.0030088191851973534
28,35,0.46147868037223816,0.4510166049003601,0.010415289551019669,0.4677801728248596,0.0748797059059143
28,36,0.01410639937967062,0.014032678678631783,4.8795162001624703e-05,0.24926000833511353,0.0036369634326547384
28,37,1.0144262313842773,1.0040535926818848,0.009357561357319355,10.150888442993164,0.11968401074409485
28,38,0.01995914801955223,0.019857745617628098,7.520549115724862e-05,0.2619646191596985,0.0050323051400482655
28,39,0.021297072991728783,0.021192949265241623,7.711206853855401e-05,0.2701264023780823,0.005360996350646019
28,40,0.6220402121543884,0.6108524799346924,0.010935092344880104,2.5264415740966797,0.19664055109024048
28,41,0.2302418202161789,0.22798889875411987,0.0022392133250832558,0.13710275292396545,0.051043011248111725
28,42,0.8452624082565308,0.830559253692627,0.014385990798473358,3.1717429161071777,0.3820455074310303
28,43,0.40534326434135437,0.3988668620586395,0.006432986352592707,0.4341088533401489,0.04655173420906067
28,44,0.020377714186906815,0.0202635545283556,8.377620542887598e-05,0.30382591485977173,0.0049606128595769405
28,45,0.7898513078689575,0.78240966796875,0.007360443472862244,0.8120691180229187,0.09672853350639343
28,46,0.015054660849273205,0.014954989776015282,8.556163811590523e-05,0.14109234511852264,0.043238215148448944
28,47,0.39790692925453186,0.393676221370697,0.004212777130305767,0.179443821310997,0.04987916722893715
28,48,0.1319730579853058,0.12881863117218018,0.0031327258329838514,0.2169787734746933,0.09920947253704071
28,49,0.8479120135307312,0.831960141658783,0.01570459082722664,2.472752094268799,0.49455922842025757
28,50,0.12772950530052185,0.12652935087680817,0.0011938792886212468,0.06271756440401077,0.040129996836185455
28,51,0.12566934525966644,0.12278782576322556,0.0028670825995504856,0.14444594085216522,0.07718577235937119
28,52,0.39739200472831726,0.3919610381126404,0.0053995708003640175,0.3137844204902649,0.021640997380018234
28,53,1.0640755891799927,1.0501179695129395,0.013498220592737198,4.5943169593811035,0.14444194734096527
28,54,0.3820798099040985,0.37815001606941223,0.003915579989552498,0.14212410151958466,0.022403063252568245
28,55,0.9511103630065918,0.9205750226974487,0.029905125498771667,6.301780700683594,0.15928277373313904
28,56,0.8231010437011719,0.8156775236129761,0.007395252585411072,0.2827441394329071,0.07382232695817947
28,57,0.8658283948898315,0.8495974540710449,0.015903260558843613,3.277015209197998,0.47936901450157166
28,58,0.4281160533428192,0.42421862483024597,0.003839543554931879,0.5786998271942139,0.0397215336561203
28,59,0.4258797764778137,0.4167494475841522,0.009097136557102203,0.33189529180526733,0.051956675946712494
28,60,0.020486922934651375,0.020267458632588387,0.00021919980645179749,0.0026469167787581682,0.00578483659774065
28,61,0.3367070257663727,0.3328391909599304,0.0038398527540266514,0.2799164652824402,0.016108769923448563
28,62,0.394173264503479,0.3899720013141632,0.004178110975772142,0.23158498108386993,0.03687756508588791
28,63,0.01535898819565773,0.015271659009158611,6.056385609554127e-05,0.26765236258506775,0.00382020091637969
28,64,1.163251280784607,1.1429622173309326,0.019820217043161392,4.6880364418029785,0.1431681513786316
28,65,0.12012924998998642,0.11891075223684311,0.0012131233233958483,0.05368884280323982,0.039650000631809235
28,66,0.011802836321294308,0.011718884110450745,7.020855991868302e-05,0.13743381202220917,0.0580529049038887
28,67,0.40815630555152893,0.4028741419315338,0.005259182304143906,0.22966070473194122,0.05088498443365097
28,68,0.9325953125953674,0.91375732421875,0.01840328425168991,4.346837043762207,0.5761435031890869
28,69,0.2227914184331894,0.22109834849834442,0.0016819348093122244,0.11132822930812836,0.06470869481563568
28,70,0.015279869548976421,0.015193900093436241,6.038096398697235e-05,0.2558790147304535,0.0039597004652023315
28,71,0.19914047420024872,0.1962020844221115,0.0029184785671532154,0.199115589261055,0.012188802473247051
28,72,0.031283650547266006,0.03083868697285652,0.0004174911882728338,0.2747350335121155,0.01051928848028183
28,73,0.017175989225506783,0.017064644023776054,9.808757022256032e-05,0.1325812190771103,0.030074236914515495
28,74,1.0096067190170288,0.9897549152374268,0.01934244856238365,5.093267440795898,0.1610667109489441
28,75,0.24565570056438446,0.24296799302101135,0.002673196606338024,0.1451985388994217,0.05279303714632988
28,76,0.04526884853839874,0.044842153787612915,0.0003943354240618646,0.3235921561717987,0.021207723766565323
28,77,0.4106442630290985,0.40718767046928406,0.0033335662446916103,1.2302619218826294,0.030919261276721954
28,78,0.3271423578262329,0.32410335540771484,0.0030042564030736685,0.34755003452301025,0.04159858077764511
28,79,0.9406073093414307,0.9233618974685669,0.016830936074256897,4.14469575881958,0.38890182971954346
28,80,0.8586220145225525,0.8398008346557617,0.0182960145175457,5.251939296722412,0.42790430784225464
28,81,0.02915004827082157,0.029023248702287674,9.744007547851652e-05,0.29358989000320435,0.005723342299461365
28,82,0.9204673171043396,0.9061930179595947,0.013946271501481533,3.280099868774414,0.14346224069595337
28,83,0.43919461965560913,0.427265465259552,0.01168359350413084,2.455612897872925,0.0636206865310669
28,84,0.4061915874481201,0.4007137715816498,0.005363511852920055,1.142791748046875,0.0550757497549057
28,85,0.8642817139625549,0.8554812669754028,0.008717736229300499,0.8270865678787231,0.13265539705753326
28,86,0.3879980444908142,0.3834206163883209,0.004552827216684818,0.24601387977600098,0.03725399076938629
28,87,0.7403878569602966,0.729137659072876,0.01118493638932705,0.6528042554855347,0.08510211110115051
28,88,0.41599565744400024,0.4107378125190735,0.005132895428687334,1.2495616674423218,0.03897405415773392
28,89,0.04559614136815071,0.04520481824874878,0.0003583085199352354,0.33014485239982605,0.024535512551665306
28,90,0.8693448901176453,0.8454643487930298,0.023406287655234337,4.742981433868408,0.4050629138946533
28,91,0.2109397053718567,0.2066519409418106,0.004242736380547285,0.4502865672111511,0.01454220525920391
28,92,0.6393241286277771,0.6281201839447021,0.010873101651668549,3.3084566593170166,0.24756014347076416
28,93,0.3856254518032074,0.3815721869468689,0.004037600941956043,0.15668340027332306,0.012288065627217293
28,94,0.9832992553710938,0.9593356847763062,0.023490358144044876,4.732048511505127,0.47427207231521606
28,95,1.1622817516326904,1.1205976009368896,0.04067261144518852,10.114716529846191,0.1490550935268402
28,96,0.020018065348267555,0.019898273050785065,9.374021465191618e-05,0.26052364706993103,0.0031608515419065952
28,97,0.913756251335144,0.9030965566635132,0.010527145117521286,1.325718879699707,0.09056572616100311
28,98,0.12481274455785751,0.12360347807407379,0.00120343582239002,0.058344706892967224,0.04414823278784752
28,99,0.19153068959712982,0.18900877237319946,0.002507824683561921,0.14095363020896912,0.011994477361440659
28,100,0.01899833232164383,0.018884990364313126,8.816319314064458e-05,0.251794695854187,0.002971233567222953
29,1,0.19621261954307556,0.19409148395061493,0.0020937698427587748,0.2735833525657654,0.011744676157832146
29,2,0.13117919862270355,0.12888756394386292,0.002276371465995908,0.15261301398277283,0.08998068422079086
29,3,0.42494773864746094,0.415963739156723,0.0088310232385993,1.5297871828079224,0.03679654002189636
29,4,0.8051685690879822,0.7849505543708801,0.019815105944871902,4.029261112213135,0.44998621940612793
29,5,0.7245680689811707,0.7173236608505249,0.007184378802776337,0.6004993319511414,0.08375118672847748
29,6,0.8111101388931274,0.8030765056610107,0.007996010594069958,0.37582430243492126,0.07323868572711945
29,7,0.7424083352088928,0.7325656414031982,0.009745804592967033,0.9690624475479126,0.07220416516065598
29,8,0.4381851851940155,0.43324172496795654,0.0048057921230793,1.376500129699707,0.023356754332780838
29,9,0.35834822058677673,0.3538373112678528,0.004471054300665855,0.3984353840351105,0.010614091530442238
29,10,1.1200933456420898,1.0891938209533691,0.029847895726561546,10.516371726989746,0.20346498489379883
29,11,1.0188994407653809,0.9814469814300537,0.036281343549489975,11.711496353149414,0.14785373210906982
29,12,0.12485956400632858,0.1236308217048645,0.0012237618211656809,0.04977384954690933,0.03613133728504181
29,13,0.02539605274796486,0.02526099793612957,0.00011100679694209248,0.24048219621181488,0.00492501724511385
29,14,0.12028410285711288,0.11895096302032471,0.0013278163969516754,0.05327144265174866,0.04033592715859413
29,15,1.1496464014053345,1.1226067543029785,0.026405656710267067,6.338984966278076,0.17945608496665955
29,16,1.1922770738601685,1.1602363586425781,0.031232114881277084,8.086179733276367,0.2017272412776947
29,17,0.014059169217944145,0.013939782977104187,0.00010640335676725954,0.12982814013957977,0.06672509014606476
29,18,0.9141967296600342,0.890367865562439,0.02325083315372467,5.780704021453857,0.39052239060401917
29,19,0.4384894073009491,0.4329567551612854,0.005508625879883766,0.2403230369091034,0.052458539605140686
29,20,0.03997840732336044,0.03949712589383125,0.00048080840497277677,0.004732690751552582,0.007165358401834965
29,21,0.8708462119102478,0.85938960313797,0.010879851877689362,5.76739501953125,0.43100836873054504
29,22,0.42590102553367615,0.4191701412200928,0.006541707552969456,1.8919621706008911,0.07088355720043182
29,23,0.6108426451683044,0.5983113050460815,0.012304628267884254,2.267328977584839,0.30226224660873413
29,24,0.4209098219871521,0.41472989320755005,0.006024541798979044,1.5538870096206665,0.06343488395214081
29,25,0.31324753165245056,0.31137222051620483,0.0018688554409891367,0.06470035016536713,0.036780692636966705
29,26,0.912604570388794,0.9008969068527222,0.01154894195497036,1.5871778726577759,0.09329059720039368
29,27,0.723146378993988,0.713316798210144,0.009762680158019066,0.6687453985214233,0.08511551469564438
29,28,0.13037839531898499,0.12767422199249268,0.0026890402659773827,0.151402547955513,0.08284075558185577
29,29,0.8575088381767273,0.8493393659591675,0.008091233670711517,0.7826962471008301,0.09610997885465622
29,30,0.49520620703697205,0.4859919548034668,0.009015178307890892,1.9908593893051147,0.05268944799900055
29,31,1.0214872360229492,0.9860666394233704,0.03473518788814545,6.854862689971924,0.15672412514686584
29,32,0.7644217610359192,0.7450230121612549,0.018737999722361565,6.607986927032471,0.26089975237846375
29,33,0.1342529058456421,0.13181616365909576,0.0024203085340559483,0.16441911458969116,0.10804367065429688
29,34,0.4624004364013672,0.45653000473976135,0.005813651252537966,0.5677021741867065,0.054113976657390594
29,35,1.08235764503479,0.9965329170227051,0.08423687517642975,15.879137992858887,0.12838256359100342
29,36,0.012376045808196068,0.012260179966688156,0.00010399904567748308,0.11867307871580124,0.056998856365680695
29,37,0.6443570256233215,0.6378557085990906,0.006307951174676418,1.9333902597427368,0.22078993916511536
29,38,0.8843553066253662,0.8650158643722534,0.018930260092020035,4.091611385345459,0.3855684697628021
29,39,0.7209811806678772,0.7133545279502869,0.007582200225442648,0.44452834129333496,0.09946533292531967
29,40,0.2168276309967041,0.213107630610466,0.0036786377895623446,0.41366150975227356,0.0333695113658905
29,41,0.013187717646360397,0.013090986758470535,8.52678349474445e-05,0.11462949961423874,0.06793227046728134
29,42,1.1328076124191284,1.1133334636688232,0.018968071788549423,5.060703754425049,0.14328385889530182
29,43,0.9045169353485107,0.8957468271255493,0.008729612454771996,0.40448668599128723,0.09812682121992111
29,44,0.8260027766227722,0.8186705112457275,0.0072830552235245705,0.49255141615867615,0.11566194891929626
29,45,0.024380672723054886,0.02428372949361801,7.674242806388065e-05,0.20200005173683167,0.005080820992588997
29,46,0.1320139467716217,0.13036349415779114,0.0016442020423710346,0.06236642971634865,0.03730635344982147
29,47,0.046204108744859695,0.04576684534549713,0.0004108112188987434,0.2645188271999359,0.021947968751192093
29,48,0.019893553107976913,0.01982131414115429,5.333262379281223e-05,0.18905264139175415,0.00490982411429286
29,49,0.5715818405151367,0.5617680549621582,0.009676221758127213,1.3754628896713257,0.24196791648864746
29,50,0.02000657096505165,0.019886480644345284,9.831444913288578e-05,0.21776093542575836,0.004496556241065264
29,51,0.016077494248747826,0.015980174764990807,7.654150249436498e-05,0.20777414739131927,0.00356979644857347
29,52,0.8954039812088013,0.8713834285736084,0.023618407547473907,4.021739482879639,0.6201425194740295
29,53,1.138438105583191,1.123970627784729,0.013771571218967438,6.958855628967285,0.19121438264846802
29,54,0.9237141013145447,0.9039574265480042,0.019330868497490883,4.25831413269043,0.14930877089500427
29,55,0.3447617292404175,0.34058940410614014,0.004143984522670507,0.2835617661476135,0.03288866579532623
29,56,0.20171596109867096,0.1986745446920395,0.0030148557852953672,0.2655430734157562,0.016919787973165512
29,57,0.3234821856021881,0.32019007205963135,0.0032741930335760117,0.17915718257427216,0.01695943810045719
29,58,0.13056837022304535,0.12877613306045532,0.0017796129686757922,0.12621892988681793,0.07793700695037842
29,59,0.39128315448760986,0.3873721659183502,0.0038965842686593533,0.14395225048065186,0.02311762236058712
29,60,0.01288522407412529,0.012817412614822388,4.635402001440525e-05,0.21457938849925995,0.003253751900047064
29,61,0.8553306460380554,0.8443223237991333,0.010595230385661125,4.131414890289307,0.4425487518310547
29,62,0.9688745737075806,0.9517245292663574,0.016540443524718285,6.0957746505737305,0.08130393922328949
29,63,0.7063770890235901,0.6973394155502319,0.008978728204965591,0.5894150733947754,0.07431897521018982
29,64,1.0556273460388184,1.0290838479995728,0.0255560465157032,9.873857498168945,0.1446940004825592
29,65,0.4110533595085144,0.404414564371109,0.0065043605864048,1.344315767288208,0.061746593564748764
29,66,0.34012657403945923,0.33723390102386475,0.0028480682522058487,0.44606223702430725,0.05939088761806488
29,67,0.9198510646820068,0.8930680751800537,0.026268670335412025,5.143320083618164,0.39953604340553284
29,68,0.3904992341995239,0.38572627305984497,0.0047525521367788315,0.20420247316360474,0.03497948870062828
29,69,1.1652497053146362,1.1476802825927734,0.016721263527870178,8.481366157531738,0.1618138700723648
29,70,1.1161679029464722,1.091871976852417,0.023801207542419434,4.947628974914551,0.15629415214061737
29,71,0.02643132396042347,0.02629539743065834,0.00010789149382617325,0.2803444564342499,0.001828290056437254
29,72,0.029429586604237556,0.02926463447511196,0.0001366397482343018,0.2831256091594696,0.005040943622589111
29,73,0.44973224401474,0.44245171546936035,0.007087960839271545,1.9257066249847412,0.04347921907901764
29,74,0.8369048237800598,0.8276485204696655,0.009198487736284733,0.5783564448356628,0.11070676147937775
29,75,0.019879091531038284,0.019760750234127045,9.239144856110215e-05,0.2595058083534241,0.0035659393761307
29,76,0.020680664107203484,0.02056523784995079,9.001204307423905e-05,0.25413328409194946,0.0036062919534742832
29,77,1.1889803409576416,1.1686291694641113,0.01971358433365822,6.375636577606201,0.18558889627456665
29,78,1.1607717275619507,1.1298497915267944,0.030231568962335587,6.903807163238525,0.17745742201805115
29,79,0.014894227497279644,0.01475615706294775,0.0001253283699043095,0.12742452323436737,0.03927922248840332
29,80,0.42128628492355347,0.4171693027019501,0.004081604536622763,0.35366949439048767,0.022703416645526886
29,81,0.8965960144996643,0.8851072192192078,0.011325557716190815,1.6324914693832397,0.0779162049293518
29,82,0.19428201019763947,0.19235551357269287,0.0019023837521672249,0.24110233783721924,0.007525027729570866
29,83,0.9729645848274231,0.9358579516410828,0.03660822659730911,4.983935832977295,0.13791918754577637
29,84,0.9146358370780945,0.8986561298370361,0.015667634084820747,3.121159553527832,0.35206249356269836
29,85,0.3236719071865082,0.3201841115951538,0.003472450189292431,0.1535574197769165,0.014841791242361069
29,86,0.23805058002471924,0.23533695936203003,0.0027017800603061914,0.11850258708000183,0.08232133090496063
29,87,0.1958501935005188,0.19301271438598633,0.0028149872086942196,0.22487564384937286,0.016354886814951897
29,88,0.13681314885616302,0.1352681815624237,0.0015374820213764906,0.07478838413953781,0.08501774072647095
29,89,0.022829243913292885,0.022716810926795006,8.17611871752888e-05,0.30671828985214233,0.002523435978218913
29,90,0.020530730485916138,0.02042420022189617,7.830695540178567e-05,0.28222984075546265,0.002573304809629917
29,91,0.8859105110168457,0.8762814998626709,0.009580916725099087,0.48111942410469055,0.08521963655948639
29,92,0.21942393481731415,0.21690616011619568,0.0024899833370000124,0.27787503600120544,0.004500776529312134
29,93,0.9132289886474609,0.901023268699646,0.011730261147022247,4.754888534545898,0.545031726360321
29,94,0.12867571413516998,0.127401202917099,0.0012684711255133152,0.060367390513420105,0.022697169333696365
29,95,0.010358800180256367,0.007854266092181206,0.0025044067297130823,0.0012763029662892222,0.0012858622940257192
29,96,0.4364655315876007,0.4081804156303406,0.028263438493013382,0.21673257648944855,0.02846967801451683
29,97,0.8906608819961548,0.8808216452598572,0.00976339541375637,0.7584260702133179,0.11442682147026062
29,98,0.4401680827140808,0.4329684376716614,0.007147661410272121,0.5197136998176575,0.07797519862651825
29,99,0.7048402428627014,0.6945686340332031,0.010220927186310291,0.506889283657074,0.12044809013605118
29,100,0.05098623037338257,0.05078473687171936,0.00016769731882959604,0.3379462659358978,0.004547434393316507
30,1,0.1495688557624817,0.14636127650737762,0.0031718616373836994,0.3571493327617645,0.15895313024520874
30,2,0.3422068953514099,0.33812734484672546,0.004006579052656889,0.7299171686172485,0.04777948558330536
30,3,1.1775904893875122,1.0993237495422363,0.07689258456230164,13.741232872009277,0.15860672295093536
30,4,0.020447492599487305,0.020345158874988556,7.357983122346923e-05,0.28753790259361267,0.00425389688462019
30,5,0.02186618745326996,0.021750157698988914,8.820668153930455e-05,0.2782183885574341,0.005079630762338638
30,6,0.01871798373758793,0.018595430999994278,0.00010930685675702989,0.13245096802711487,0.027895163744688034
30,7,0.37049296498298645,0.3666691184043884,0.003800667356699705,0.23197486996650696,0.00901087000966072
30,8,0.026403270661830902,0.02626880258321762,0.00010507186379982159,0.29395875334739685,0.007897939532995224
30,9,0.3384617269039154,0.335147887468338,0.00326385791413486,0.49987465143203735,0.04176555573940277
30,10,0.8526570796966553,0.831489086151123,0.020820969715714455,3.470067024230957,0.4833453893661499
30,11,0.8648879528045654,0.8443507552146912,0.020098496228456497,4.386878490447998,0.3796139359474182
30,12,0.43889573216438293,0.4319676160812378,0.006752626039087772,1.754826545715332,0.05257692188024521
30,13,0.43184852600097656,0.427047997713089,0.004762080032378435,0.38458555936813354,0.04528557136654854
30,14,0.584151029586792,0.5744331479072571,0.009565124288201332,1.5275453329086304,0.21179673075675964
30,15,0.12652309238910675,0.12429438531398773,0.0022163880057632923,0.12328913807868958,0.09828150272369385
30,16,0.8980421423912048,0.8913172483444214,0.0066697015427052975,0.5517044067382812,0.08565272390842438
30,17,0.2561267614364624,0.2530134618282318,0.00308443745598197,0.2885739207267761,0.02935168333351612
30,18,0.4297716021537781,0.42574894428253174,0.0039962767623364925,0.263648122549057,0.049931690096855164
30,19,0.42706963419914246,0.42012447118759155,0.006874277722090483,0.7089078426361084,0.04303796589374542
30,20,0.679924726486206,0.6697332262992859,0.009911973029375076,2.795173168182373,0.1587173342704773
30,21,0.7910194993019104,0.7858346700668335,0.005151278339326382,0.33558595180511475,0.05864516273140907
30,22,0.13850408792495728,0.13718712329864502,0.0013114700559526682,0.054927337914705276,0.03760644048452377
30,23,0.4720376133918762,0.46371451020240784,0.008264399133622646,0.5870786309242249,0.07853621989488602
30,24,0.9337145090103149,0.9206314086914062,0.012871652841567993,2.114976167678833,0.1068473756313324
30,25,0.8591830134391785,0.8510208129882812,0.00811152346432209,0.5066850781440735,0.07890459895133972
30,26,0.1467098593711853,0.14528433978557587,0.0014146710745990276,0.10853273421525955,0.05368192866444588
30,27,0.03842448070645332,0.03827643394470215,0.00012059485743520781,0.2745095193386078,0.007800517603754997
30,28,0.027714263647794724,0.027628954499959946,6.101789404056035e-05,0.2429053783416748,0.00381392240524292
30,29,0.4090983271598816,0.40485912561416626,0.004214913584291935,0.24283446371555328,0.03957916796207428
30,30,0.3237832486629486,0.32075077295303345,0.003006445709615946,0.2603146731853485,0.05165516212582588
30,31,0.022306468337774277,0.022128615528345108,0.00016268141916953027,0.1517113745212555,0.0991259291768074
30,32,0.3715461790561676,0.3662344813346863,0.005280178040266037,0.315448522567749,0.040004849433898926
30,33,0.9007040858268738,0.8816775679588318,0.01853252574801445,4.93998384475708,0.4145635962486267
30,34,0.46053147315979004,0.4536304175853729,0.006850481498986483,0.5056018829345703,0.07950783520936966
30,35,0.26904621720314026,0.26540738344192505,0.003618603339418769,0.2024909406900406,0.05432659387588501
30,36,0.35023772716522217,0.3458016514778137,0.004388917237520218,0.47135722637176514,0.03454954922199249
30,37,0.8415322303771973,0.8312669992446899,0.010185273364186287,0.7992447018623352,0.147175133228302
30,38,0.837795615196228,0.8275029063224792,0.010223902761936188,0.6880359649658203,0.13898628950119019
30,39,0.48594051599502563,0.4745708107948303,0.011292180977761745,0.7752289175987244,0.0622393935918808
30,40,0.018267380073666573,0.018159905448555946,9.318428055848926e-05,0.14290767908096313,0.06057654321193695
30,41,0.8861137628555298,0.8770811557769775,0.00898644607514143,0.46161767840385437,0.08933631330728531
30,42,0.206775963306427,0.20374196767807007,0.0029929112643003464,0.41077694296836853,0.005966568365693092
30,43,0.7750000357627869,0.7629306316375732,0.01198931597173214,0.8010010123252869,0.09748048335313797
30,44,0.8812321424484253,0.871759295463562,0.009409911930561066,0.6294186115264893,0.10575781017541885
30,45,0.0208976399153471,0.020789485424757004,8.335016173077747e-05,0.2480536550283432,0.002531843725591898
30,46,0.3327023386955261,0.328998327255249,0.0036541426088660955,0.4985237121582031,0.041940249502658844
30,47,0.3986881971359253,0.3932468891143799,0.005397810600697994,0.43514344096183777,0.036059603095054626
30,48,0.4199734032154083,0.41324037313461304,0.006590904202312231,1.4214080572128296,0.05256051570177078
30,49,0.6816097497940063,0.6755738854408264,0.00598676223307848,0.491079181432724,0.07826459407806396
30,50,0.34054797887802124,0.33752208948135376,0.0030031490605324507,0.22741490602493286,0.009185465052723885
30,51,0.14431528747081757,0.1392330378293991,0.005054084118455648,0.28165221214294434,0.11701346933841705
30,52,0.12791641056537628,0.12563391029834747,0.0022696186788380146,0.12878920137882233,0.10672134906053543
30,53,0.41005605459213257,0.4065791666507721,0.0033347909338772297,1.421064853668213,0.05242105945944786
30,54,0.3682832419872284,0.3641672730445862,0.004104679450392723,0.11285260319709778,0.02916080504655838
30,55,0.012946580536663532,0.012698233127593994,0.0002467114245519042,0.016364121809601784,0.0018628034740686417
30,56,1.048349380493164,1.029961347579956,0.017913181334733963,4.748187065124512,0.3230142891407013
30,57,0.4442029595375061,0.43986251950263977,0.004306531511247158,0.3390357792377472,0.03793443739414215
30,58,1.2023543119430542,1.1821401119232178,0.019803382456302643,4.108001708984375,0.1405806541442871
30,59,0.19758546352386475,0.1934654712677002,0.004080514423549175,0.39479392766952515,0.023264791816473007
30,60,0.16015870869159698,0.15591345727443695,0.00422086613252759,0.24378430843353271,0.19633278250694275
30,61,0.025742502883076668,0.025672178715467453,4.3967171222902834e-05,0.26356980204582214,0.0024035321548581123
30,62,0.04848911240696907,0.04806891828775406,0.0003877776034642011,0.32416871190071106,0.013907283544540405
30,63,0.3392348885536194,0.3354174494743347,0.003789064474403858,0.2837897837162018,0.05580301582813263
30,64,0.017933884635567665,0.017848344519734383,7.510506839025766e-05,0.10433871299028397,0.03730233013629913
30,65,1.079034686088562,1.0464210510253906,0.03146280348300934,11.508323669433594,0.2601017951965332
30,66,1.0359587669372559,1.0055991411209106,0.029661571606993675,6.980875015258789,0.7190570831298828
30,67,1.2491806745529175,1.1532812118530273,0.09431343525648117,15.8603515625,0.2059757560491562
30,68,0.9155347347259521,0.8979564905166626,0.01708545722067356,4.9283833503723145,0.20779182016849518
30,69,0.147986501455307,0.1477930247783661,0.00017517882224638015,0.18301235139369965,0.018107496201992035
30,70,0.24608156085014343,0.2442431002855301,0.0018202190985903144,0.18235164880752563,0.012446526437997818
30,71,0.272483229637146,0.27118444442749023,0.001292860135436058,0.05919062718749046,0.008353130891919136
30,72,0.38238444924354553,0.37883979082107544,0.0034911739639937878,0.5349802374839783,0.016280416399240494
30,73,0.15425214171409607,0.15328720211982727,0.0009598235483281314,0.05107801780104637,0.04101169481873512
30,74,0.26255467534065247,0.26061534881591797,0.0019285217858850956,0.10808712244033813,0.11616434156894684
30,75,0.029706653207540512,0.029662854969501495,1.0088640010508243e-05,0.3370935320854187,0.006927961483597755
30,76,1.284491777420044,1.2644597291946411,0.019684268161654472,3.477447986602783,0.24446538090705872
30,77,0.17560429871082306,0.17429304122924805,0.0013053759466856718,0.05885167792439461,0.13024082779884338
30,78,0.05143024027347565,0.051292747259140015,0.00010015743464464322,0.37335583567619324,0.0030462737195193768
30,79,0.7450258135795593,0.7353194952011108,0.009650398045778275,0.558935821056366,0.1487444043159485
30,80,0.03405415639281273,0.033945292234420776,7.662572897970676e-05,0.3223955035209656,0.004160271026194096
30,81,0.1445230394601822,0.14283262193202972,0.001678744563832879,0.1166442260146141,0.07052096724510193
30,82,0.40643101930618286,0.40330952405929565,0.0031088492833077908,0.12624283134937286,0.01458723098039627
30,83,0.4706277847290039,0.46467748284339905,0.005885990336537361,0.6431305408477783,0.02822478488087654
30,84,0.4062855541706085,0.40339598059654236,0.002873184159398079,0.16389231383800507,0.013132963329553604
30,85,0.7192150950431824,0.7131523489952087,0.006013636477291584,0.491183876991272,0.042572759091854095
30,86,0.14058281481266022,0.13948482275009155,0.0010941160144284368,0.03878363221883774,0.016727445647120476
30,87,0.3336523473262787,0.33083996176719666,0.002783267293125391,0.2911773920059204,0.01934461109340191
30,88,1.0999480485916138,1.0729074478149414,0.026342155411839485,6.983949184417725,0.22533240914344788
30,89,0.01422614324837923,0.014156445860862732,6.163259240565822e-05,0.08065669983625412,0.054570965468883514
30,90,0.02457428351044655,0.024499855935573578,4.7239976993296295e-05,0.2718704640865326,0.0019867937080562115
30,91,0.8787955045700073,0.8460123538970947,0.03231523931026459,4.679088592529297,0.6996867656707764
30,92,0.02058035135269165,0.020519791170954704,3.4276767109986395e-05,0.26283201575279236,0.0011171243386343122
30,93,0.3750329315662384,0.3704908490180969,0.004512827843427658,0.292670339345932,0.07580405473709106
30,94,0.8913791179656982,0.878966748714447,0.012350495904684067,0.6188865900039673,0.12532475590705872
30,95,0.02033643238246441,0.02027539536356926,3.5944165574619547e-05,0.2509375810623169,0.0013287236215546727
30,96,0.03589269146323204,0.0358068123459816,5.952386709395796e-05,0.26355716586112976,0.0034521841444075108
30,97,1.0825169086456299,1.064450740814209,0.01770881935954094,3.573660135269165,0.11090382933616638
30,98,0.023976778611540794,0.02392292395234108,2.9443996027112007e-05,0.24410715699195862,0.0022570514120161533
30,99,0.13754668831825256,0.1359049677848816,0.0016381561290472746,0.035618025809526443,0.02505313605070114
30,100,0.8987120389938354,0.8890810012817383,0.0095359580591321,0.9504576921463013,0.07004591822624207
31,1,0.9514468908309937,0.9340803623199463,0.01699824258685112,3.6829349994659424,0.23405542969703674
31,2,0.014463270083069801,0.014391597360372543,6.27915287623182e-05,0.08881280571222305,0.05505264550447464
31,3,0.9123747944831848,0.8962593078613281,0.016026034951210022,0.8943873643875122,0.10178802907466888
31,4,0.5115776658058167,0.4965997338294983,0.014900632202625275,0.7730491757392883,0.11607539653778076
31,5,0.02035841904580593,0.02029597759246826,3.23201747960411e-05,0.30121496319770813,0.0014763372018933296
31,6,0.5058835744857788,0.499336838722229,0.006447686348110437,0.9904366135597229,0.0871061235666275
31,7,0.1351127177476883,0.1335686445236206,0.0015379782998934388,0.06098216027021408,0.07270480692386627
31,8,0.8521813750267029,0.8406776189804077,0.01140944566577673,0.942771852016449,0.10994318127632141
31,9,0.4121191203594208,0.4075509309768677,0.004524749703705311,0.43447110056877136,0.03469032049179077
31,10,0.12931542098522186,0.12818673253059387,0.0011245857458561659,0.04102986305952072,0.020785832777619362
31,11,1.0745728015899658,1.0191469192504883,0.05440077930688858,10.25045108795166,0.09411837160587311
31,12,1.0885580778121948,1.061255931854248,0.026717524975538254,5.846002578735352,0.2881224751472473
31,13,0.1983792632818222,0.1966625154018402,0.0016967682167887688,0.1998298168182373,0.007414464373141527
31,14,0.4071885049343109,0.4040868282318115,0.003080318681895733,0.21369829773902893,0.02470506727695465
31,15,0.17492586374282837,0.1732773333787918,0.0016331904334947467,0.15327335894107819,0.008390609174966812
31,16,0.6997320055961609,0.6905055046081543,0.009169407188892365,0.5711038112640381,0.08540205657482147
31,17,0.684185266494751,0.6751616597175598,0.0089152492582798,1.0833672285079956,0.09720492362976074
31,18,0.35117048025131226,0.34705910086631775,0.004071029834449291,0.40349534153938293,0.010955208912491798
31,19,1.0113742351531982,0.9766331315040588,0.03390644118189812,8.347506523132324,0.1872636079788208
31,20,0.8933416604995728,0.8782863020896912,0.01492568664252758,1.297081708908081,0.19082960486412048
31,21,0.19824548065662384,0.19654226303100586,0.0016846534563228488,0.18572331964969635,0.01737077161669731
31,22,0.8591468930244446,0.8359847068786621,0.02280062809586525,3.6156179904937744,0.42954450845718384
31,23,0.42804789543151855,0.4244955778121948,0.0035350164398550987,0.17307491600513458,0.027894534170627594
31,24,0.25183340907096863,0.2497830092906952,0.002038166858255863,0.12222152948379517,0.029949374496936798
31,25,0.03882883861660957,0.03873942047357559,6.378904799930751e-05,0.25628986954689026,0.0033460878767073154
31,26,0.0461944118142128,0.04595879465341568,0.00020463616237975657,0.30978989601135254,0.014736583456397057
31,27,0.044738855212926865,0.0444585457444191,0.00024778165970928967,0.32529720664024353,0.015424909070134163
31,28,1.0304621458053589,1.0164892673492432,0.013797128573060036,1.7573646306991577,0.12077227234840393
31,29,0.6845739483833313,0.6793286800384521,0.005206796806305647,0.38448214530944824,0.06663452088832855
31,30,0.4405260384082794,0.435235857963562,0.005207655485719442,0.8252887725830078,0.0601595863699913
31,31,1.1011463403701782,1.0726686716079712,0.028001759201288223,4.75838565826416,0.22413226962089539
31,32,0.5989696383476257,0.5876448154449463,0.01109590195119381,2.2893123626708984,0.3744111657142639
31,33,0.03480140492320061,0.03469650447368622,7.423704664688557e-05,0.30663180351257324,0.0017668996006250381
31,34,0.03170284256339073,0.03161380812525749,7.667583122383803e-05,0.12357053905725479,0.09948962181806564
31,35,0.1306552290916443,0.1289108395576477,0.0017392047448083758,0.051890451461076736,0.06146910786628723
31,36,0.4330921173095703,0.42847609519958496,0.004557444714009762,0.5858713984489441,0.03989945724606514
31,37,0.934485912322998,0.9266022443771362,0.007840934209525585,0.4274163246154785,0.05666147917509079
31,38,0.20857757329940796,0.2063862383365631,0.002160073723644018,0.31259843707084656,0.008389928378164768
31,39,0.024070121347904205,0.023985158652067184,7.546111010015011e-05,0.09501392394304276,0.02223101630806923
31,40,0.622564971446991,0.6111245155334473,0.011231587268412113,2.088625907897949,0.15686377882957458
31,41,0.9194735884666443,0.898185670375824,0.020745277404785156,5.426653861999512,0.4375646114349365
31,42,0.3452800512313843,0.3425018787384033,0.0027508405037224293,0.2733688950538635,0.006732015870511532
31,43,0.8530195951461792,0.8413834571838379,0.011571310460567474,0.6487101316452026,0.08635324239730835
31,44,0.33420059084892273,0.3307134509086609,0.00345204072073102,0.3509681820869446,0.03843303769826889
31,45,0.4337891936302185,0.43061357736587524,0.0031417279969900846,0.3388250768184662,0.057796869426965714
31,46,0.9240828156471252,0.9142176508903503,0.00978641863912344,0.7872669696807861,0.1277206689119339
31,47,0.27893152832984924,0.24158667027950287,0.03732818737626076,0.16654689610004425,0.023942749947309494
31,48,0.899013340473175,0.8783121109008789,0.020362239331007004,3.3900134563446045,0.7984377145767212
31,49,0.13137300312519073,0.12967893481254578,0.0016825199127197266,0.11552619189023972,0.12473203241825104
31,50,0.05006194859743118,0.04982288181781769,0.00021246893447823822,0.26597699522972107,0.014912450686097145
31,51,0.12957657873630524,0.12819859385490417,0.0013731780927628279,0.0480634942650795,0.05689738690853119
31,52,0.23167285323143005,0.22990299761295319,0.0017590546049177647,0.10806481540203094,0.0451958030462265
31,53,0.35213685035705566,0.3497695326805115,0.002350246999412775,0.17071816325187683,0.017850235104560852
31,54,0.187128484249115,0.18533408641815186,0.001773008843883872,0.213866725564003,0.010609200224280357
31,55,0.7566015720367432,0.7510318756103516,0.00553913414478302,0.3058009147644043,0.04790490120649338
31,56,0.8932209610939026,0.8870032429695129,0.006190733052790165,0.2698431611061096,0.0489363968372345
31,57,0.04814799502491951,0.0480915829539299,3.9103331801015884e-05,0.17309367656707764,0.0049167475663125515
31,58,0.03747308626770973,0.03739931434392929,5.439133747131564e-05,0.19377818703651428,0.004511591978371143
31,59,0.980180025100708,0.9590595960617065,0.02079317346215248,3.2723090648651123,0.3952428996562958
31,60,0.46070587635040283,0.4557713568210602,0.0049089714884757996,0.25548553466796875,0.0912732481956482
31,61,0.7616038918495178,0.7553648948669434,0.005935007706284523,3.040053367614746,0.336645245552063
31,62,0.028483552858233452,0.028392907232046127,6.478215073002502e-05,0.2586323618888855,0.0012907951604574919
31,63,1.1805565357208252,1.161271572113037,0.01892866939306259,3.5633087158203125,0.18338727951049805
31,64,0.9511239528656006,0.9286013841629028,0.022193778306245804,3.287670135498047,0.6710052490234375
31,65,0.7708801031112671,0.758229672908783,0.012382041662931442,2.6842668056488037,0.4047582745552063
31,66,0.2599566876888275,0.2573263645172119,0.0026152420323342085,0.15080013871192932,0.11692771315574646
31,67,0.937846302986145,0.9257364869117737,0.012035053223371506,0.747650146484375,0.1813620775938034
31,68,0.024677539244294167,0.024553408846259117,9.804472210817039e-05,0.26086899638175964,0.004093349911272526
31,69,0.046475742012262344,0.04616799205541611,0.00027600477915257215,0.31747546792030334,0.01845116913318634
31,70,1.0429275035858154,1.0137176513671875,0.028475964441895485,7.338334560394287,0.10618555545806885
31,71,0.6364529132843018,0.6245632767677307,0.011632286012172699,2.573974370956421,0.17242512106895447
31,72,1.1360294818878174,1.1014515161514282,0.03381658345460892,7.613533973693848,0.09854267537593842
31,73,0.6636386513710022,0.6512254476547241,0.012104025110602379,3.091656446456909,0.18137326836585999
31,74,0.9275844097137451,0.9172201156616211,0.010306887328624725,0.5739471912384033,0.08986742794513702
31,75,0.9268250465393066,0.9080273509025574,0.01866513304412365,1.325382113456726,0.1275528371334076
31,76,0.9521706104278564,0.921375036239624,0.029928885400295258,8.667390823364258,0.1263386309146881
31,77,0.9999154806137085,0.9862483739852905,0.012549754232168198,11.173677444458008,0.17939084768295288
31,78,0.4173218905925751,0.412742018699646,0.004506287164986134,0.7357185482978821,0.03812320530414581
31,79,0.017392272129654884,0.017308171838521957,6.0373909946065396e-05,0.2372724562883377,0.0022067739628255367
31,80,0.2420058399438858,0.23929335176944733,0.0026962165720760822,0.16276726126670837,0.055248767137527466
31,81,0.7661116719245911,0.7551013231277466,0.010885411873459816,1.2495836019515991,0.12542548775672913
31,82,1.0068833827972412,0.978948712348938,0.027052368968725204,8.822183609008789,0.16318395733833313
31,83,0.2006434053182602,0.19764432311058044,0.0029722382314503193,0.26836439967155457,0.019835036247968674
31,84,0.39849165081977844,0.3939392864704132,0.004530521109700203,0.21844734251499176,0.03604302555322647
31,85,0.856878936290741,0.8436368107795715,0.012550028041005135,6.920705318450928,0.49783897399902344
31,86,0.029905349016189575,0.02975725755095482,0.00012235325993970037,0.25737833976745605,0.0059189689345657825
31,87,0.9058075547218323,0.8842000961303711,0.02149876393377781,1.0871258974075317,0.1034410297870636
31,88,0.029495369642972946,0.02935146540403366,0.00011771648132707924,0.26187074184417725,0.0064548347145318985
31,89,0.016378128901124,0.01625196263194084,0.00011240247113164514,0.1376355141401291,0.05458669736981392
31,90,0.012613020837306976,0.012508736923336983,9.06611603568308e-05,0.13622437417507172,0.06024647504091263
31,91,0.7672359347343445,0.747275710105896,0.01974598690867424,2.142261028289795,0.09041568636894226
31,92,0.3354776203632355,0.3318330645561218,0.003604648634791374,0.39917024970054626,0.05084848403930664
31,93,0.4162675440311432,0.4122495651245117,0.00399186834692955,0.2611055374145508,0.07610072195529938
31,94,0.1904272884130478,0.18791021406650543,0.0024915551766753197,0.25523659586906433,0.02800467237830162
31,95,0.03063233382999897,0.03048068657517433,0.00012035851977998391,0.31288042664527893,0.005108008161187172
31,96,0.35105565190315247,0.34714165329933167,0.0038644825108349323,0.494968444108963,0.06007206439971924
31,97,0.6958522796630859,0.6880886554718018,0.007699818350374699,0.6380307078361511,0.13899968564510345
31,98,0.019457390531897545,0.01936531998217106,6.42311861156486e-05,0.27839598059654236,0.003021280048415065
31,99,0.4611450731754303,0.4503769278526306,0.010716727934777737,0.5140405893325806,0.06794992834329605
31,100,1.200178861618042,1.1678824424743652,0.03150274604558945,7.937427520751953,0.18957950174808502
32,1,0.9129576086997986,0.8923585414886475,0.020081358030438423,5.177532196044922,0.34507495164871216
32,2,0.4020839035511017,0.3990929126739502,0.002962907776236534,0.28062328696250916,0.01573907397687435
32,3,0.01659770868718624,0.016495920717716217,8.979503763839602e-05,0.11993546783924103,0.03958534449338913
32,4,1.2111544609069824,1.1823625564575195,0.028019443154335022,7.725098133087158,0.1640809327363968
32,5,0.019922452047467232,0.01984863169491291,4.9619979108683765e-05,0.24199970066547394,0.00427706865593791
32,6,0.4064183831214905,0.40279194712638855,0.00360745657235384,0.1899443119764328,0.02992735244333744
32,7,0.8761799335479736,0.8639659881591797,0.012124944478273392,0.8898279070854187,0.1856703758239746
32,8,0.39101800322532654,0.3859730660915375,0.0050262147560715675,0.18706676363945007,0.044259801506996155
32,9,0.44351276755332947,0.43563157320022583,0.007830988615751266,0.5021019577980042,0.08202054351568222
32,10,0.9721240997314453,0.9419931173324585,0.029124021530151367,10.069725036621094,0.18671874701976776
32,11,1.147206425666809,1.110917091369629,0.03571416810154915,5.752336025238037,0.16739383339881897
32,12,0.8823595643043518,0.8732879161834717,0.009033208712935448,0.38452741503715515,0.07277978956699371
32,13,0.4781469702720642,0.4722653031349182,0.005827021319419146,0.5467045307159424,0.025824468582868576
32,14,0.13246390223503113,0.13080909848213196,0.0016369392396882176,0.1786685287952423,0.057640984654426575
32,15,0.3383130729198456,0.33521169424057007,0.003082093084231019,0.19289009273052216,0.008655942976474762
32,16,0.627219021320343,0.6135820150375366,0.013428468257188797,2.085566997528076,0.22580954432487488
32,17,0.9460223317146301,0.9389164447784424,0.0070642996579408646,0.41581404209136963,0.08009257912635803
32,18,0.6223093867301941,0.6123949289321899,0.009731512516736984,1.8291441202163696,0.24816808104515076
32,19,0.4018939137458801,0.3976433277130127,0.004230179358273745,0.20412921905517578,0.0379798486828804
32,20,0.01965510845184326,0.019571561366319656,5.6373042752966285e-05,0.2717467248439789,0.0029300805181264877
32,21,0.8921974897384644,0.8684114217758179,0.023276839405298233,5.092136859893799,0.1521904468536377
32,22,0.4421418607234955,0.43653273582458496,0.005518640391528606,0.9046598672866821,0.04412231221795082
32,23,0.12805262207984924,0.1258467435836792,0.002194238593801856,0.11630789935588837,0.10990048944950104
32,24,0.4016605019569397,0.3971678912639618,0.004472747445106506,0.1985761970281601,0.0526069737970829
32,25,0.1298547089099884,0.12865398824214935,0.001195326680317521,0.054002974182367325,0.05708058550953865
32,26,0.9844623804092407,0.9633767604827881,0.02037275955080986,7.128427505493164,0.14137867093086243
32,27,0.04069371521472931,0.04036286100745201,0.00029777552117593586,0.33076000213623047,0.021305182948708534
32,28,1.131937026977539,1.1068122386932373,0.02465551346540451,4.692718505859375,0.1645386517047882
32,29,1.1403254270553589,1.1253912448883057,0.014007054269313812,9.27049732208252,0.21441242098808289
32,30,0.43941545486450195,0.4321977496147156,0.007075720466673374,1.419713020324707,0.02559361420571804
32,31,0.12364967912435532,0.12107627093791962,0.002559052314609289,0.14359642565250397,0.06940291821956635
32,32,0.05299787595868111,0.04842276871204376,0.004574822261929512,0.002856737934052944,0.0016018038149923086
32,33,0.4299467206001282,0.42500609159469604,0.004850913770496845,0.897088348865509,0.03958097845315933
32,34,0.01463798526674509,0.014547232538461685,6.166796083562076e-05,0.29085659980773926,0.0039579132571816444
32,35,0.4874412715435028,0.4728274941444397,0.014549652114510536,0.641251266002655,0.13108786940574646
32,36,0.6863481998443604,0.670968234539032,0.015105778351426125,2.7416956424713135,0.4009341597557068
32,37,0.05957469344139099,0.05924300104379654,0.000294293015031144,0.3739733099937439,0.02232631854712963
32,38,0.024956276640295982,0.024831945076584816,9.351770131615922e-05,0.3081350326538086,0.0038435212336480618
32,39,0.8529710173606873,0.8356105089187622,0.016900816932320595,4.596944808959961,0.29999840259552
32,40,1.0675082206726074,1.0400896072387695,0.026683926582336426,7.346916675567627,0.08501191437244415
32,41,1.019973635673523,0.996933102607727,0.022185545414686203,8.549986839294434,0.08999334275722504
32,42,0.019782328978180885,0.019705485552549362,5.052364576840773e-05,0.2631980776786804,0.0052788215689361095
32,43,0.44528016448020935,0.43929147720336914,0.005956926383078098,0.3176719546318054,0.02341526746749878
32,44,0.8938440680503845,0.8687477111816406,0.024651963263750076,4.444406032562256,0.5453408360481262
32,45,0.431172639131546,0.42649009823799133,0.004640826024115086,0.4172239899635315,0.04810777306556702
32,46,0.40982329845428467,0.4055750370025635,0.004228533245623112,0.1973595917224884,0.05225134640932083
32,47,0.017103318125009537,0.01695994660258293,0.00012950095697306097,0.1387130618095398,0.08182559907436371
32,48,0.2586127817630768,0.2560198903083801,0.002580990083515644,0.11879178136587143,0.06978915631771088
32,49,1.1326850652694702,1.1038174629211426,0.0278814435005188,9.862135887145996,0.22082263231277466
32,50,0.35550081729888916,0.3516508936882019,0.0038194479420781136,0.30480578541755676,0.048329949378967285
32,51,0.9224045872688293,0.9124743938446045,0.009886588901281357,0.4362616539001465,0.08436702191829681
32,52,0.6515548825263977,0.6357369422912598,0.01550518162548542,3.127326011657715,0.05853686109185219
32,53,0.1909952461719513,0.18942216038703918,0.0015518219443038106,0.2126483917236328,0.005476062186062336
32,54,0.14182424545288086,0.13991808891296387,0.0018905078759416938,0.15644240379333496,0.04718346893787384
32,55,0.39722487330436707,0.3939398527145386,0.0032683820463716984,0.1662997454404831,0.01954680308699608
32,56,0.7949227094650269,0.7775750160217285,0.016919473186135292,4.282083511352539,0.29013681411743164
32,57,0.13700512051582336,0.1345650851726532,0.002421801909804344,0.18234388530254364,0.08152402937412262
32,58,0.8768046498298645,0.8552850484848022,0.02107568457722664,4.439227104187012,0.5440089702606201
32,59,0.6904008388519287,0.6709674000740051,0.01907031424343586,3.6311376094818115,0.29879945516586304
32,60,0.7534837126731873,0.7425649166107178,0.01082069706171751,0.9813597202301025,0.11362363398075104
32,61,0.03258741647005081,0.025466792285442352,0.007120431400835514,0.0019306766334921122,0.004043453838676214
32,62,0.8837103843688965,0.8736040592193604,0.010054188780486584,0.5216233134269714,0.09438583254814148
32,63,0.8552692532539368,0.8332225680351257,0.021696163341403008,3.505415916442871,0.5761765241622925
32,64,1.1499617099761963,1.103825569152832,0.04463767632842064,14.98460578918457,0.16734009981155396
32,65,0.2455509603023529,0.2435726821422577,0.0019616624340415,0.16607804596424103,0.06148418411612511
32,66,0.8825715184211731,0.8748170733451843,0.00770761352032423,0.4686499834060669,0.08028221130371094
32,67,0.43442437052726746,0.42635512351989746,0.00797906331717968,0.9017809629440308,0.04251159355044365
32,68,0.35820144414901733,0.3538450598716736,0.00430444348603487,0.519308865070343,0.03857661783695221
32,69,0.9992684721946716,0.986714243888855,0.0120315533131361,5.226562023162842,0.16793978214263916
32,70,0.04154108464717865,0.041245799511671066,0.00025688455207273364,0.3839953541755676,0.013770424760878086
32,71,0.027624549344182014,0.02748919278383255,0.00010244440636597574,0.32913461327552795,0.005038749426603317
32,72,0.01723228022456169,0.017163105309009552,4.0975326555781066e-05,0.28200286626815796,0.002637227065861225
32,73,0.13268393278121948,0.13137087225914001,0.001306341728195548,0.0672144889831543,0.05526290088891983
32,74,0.570705235004425,0.5608357191085815,0.009708099998533726,1.6138200759887695,0.25927072763442993
32,75,0.4425768554210663,0.4320911765098572,0.010265940800309181,2.197328567504883,0.049703508615493774
32,76,0.4116567075252533,0.40547990798950195,0.00601555360481143,1.6125205755233765,0.043477557599544525
32,77,0.01570359244942665,0.01563456282019615,4.2443749407539144e-05,0.2658569812774658,0.002197147347033024
32,78,0.01579052209854126,0.01571766287088394,4.6384699089685455e-05,0.2647372782230377,0.0023069907911121845
32,79,0.8513721227645874,0.8424786329269409,0.00885085016489029,0.425996869802475,0.12011316418647766
32,80,1.1036244630813599,1.0686538219451904,0.03420489653944969,7.658596992492676,0.17866197228431702
32,81,0.9129742980003357,0.9036477208137512,0.009199966676533222,1.2658835649490356,0.09004385024309158
32,82,0.015393691137433052,0.015325849875807762,4.0936261939350516e-05,0.2690538167953491,0.0020658615976572037
32,83,0.8552383184432983,0.8248867392539978,0.030031034722924232,3.205601692199707,0.5387956500053406
32,84,0.45124179124832153,0.4460468292236328,0.005113877356052399,0.8108885884284973,0.03689296916127205
32,85,1.1156420707702637,1.104231834411621,0.011038495227694511,3.7165544033050537,0.1289784461259842
32,86,0.4483272135257721,0.44299352169036865,0.005294294096529484,0.393851637840271,0.04384961724281311
32,87,0.12151774764060974,0.11931610107421875,0.0021899952553212643,0.11651632934808731,0.08542294800281525
32,88,0.3898172080516815,0.3866526782512665,0.0031482724007219076,0.162767231464386,0.039172302931547165
32,89,0.2213887721300125,0.21994484961032867,0.0014347806572914124,0.0914078950881958,0.04289102554321289
32,90,0.9537925720214844,0.9340285658836365,0.019362619146704674,4.013547420501709,0.35970211029052734
32,91,0.043493468314409256,0.04314550757408142,0.0003126276424154639,0.35332682728767395,0.02045901119709015
32,92,0.04461730271577835,0.04418575018644333,0.00039515396929346025,0.3639955520629883,0.020922310650348663
32,93,0.02212890237569809,0.022044893354177475,5.528920155484229e-05,0.2872026264667511,0.0036358532961457968
32,94,0.9398659467697144,0.9127922058105469,0.026581689715385437,4.9202165603637695,0.5407288670539856
32,95,0.021033398807048798,0.020960992202162743,4.578127482091077e-05,0.2662467062473297,0.004150536376982927
32,96,0.23577441275119781,0.23343278467655182,0.0023256391286849976,0.1599201261997223,0.04553646594285965
32,97,0.019410626962780952,0.019336648285388947,4.7239213017746806e-05,0.26740846037864685,0.003890545107424259
32,98,0.4256163239479065,0.42122507095336914,0.004352891817688942,0.38347259163856506,0.05087234452366829
32,99,0.4262183904647827,0.41932249069213867,0.006803087890148163,0.9279148578643799,0.04303176328539848
32,100,0.22839359939098358,0.22620484232902527,0.0021745236590504646,0.1423456370830536,0.04693112149834633
33,1,0.04870150610804558,0.04830900579690933,0.00035692070377990603,0.3558105528354645,0.024123849347233772
33,2,0.8207358717918396,0.8030151128768921,0.01734372414648533,3.7708868980407715,0.356171190738678
33,3,0.12595133483409882,0.12443527579307556,0.0015105197671800852,0.05546250939369202,0.04770385101437569
33,4,0.7548454999923706,0.7403746247291565,0.014009152539074421,4.617118835449219,0.2960914075374603
33,5,0.3808509409427643,0.376811146736145,0.00402371771633625,0.1605236977338791,0.026878196746110916
33,6,0.016137637197971344,0.016054734587669373,5.540332495002076e-05,0.27499932050704956,0.004412699490785599
33,7,0.12000486999750137,0.1187019944190979,0.0012978536542505026,0.05021597072482109,0.03572993725538254
33,8,0.40316957235336304,0.39906546473503113,0.004076932091265917,0.27189600467681885,0.037750475108623505
33,9,0.6163241863250732,0.6040510535240173,0.01203770563006401,2.3543622493743896,0.2394578903913498
33,10,0.346422016620636,0.3428126573562622,0.003584100864827633,0.2528499960899353,0.03171953931450844
33,11,0.026738706976175308,0.02655845135450363,0.00014808241394348443,0.3217352032661438,0.01064348965883255
33,12,0.4440758228302002,0.43922126293182373,0.00483118649572134,0.2337053269147873,0.03310815617442131
33,13,0.9347631335258484,0.9220632314682007,0.01226429920643568,4.3561015129089355,0.3416541814804077
33,14,0.3625240623950958,0.35832124948501587,0.004185869358479977,0.16964946687221527,0.024958398193120956
33,15,1.25065279006958,1.220131278038025,0.029905568808317184,6.1600446701049805,0.1885162889957428
33,16,0.37434545159339905,0.36964690685272217,0.004683554172515869,0.14994625747203827,0.0319175198674202
33,17,0.47714072465896606,0.468792200088501,0.008270835503935814,0.7770046591758728,0.09553354978561401
33,18,0.8878133893013,0.869490921497345,0.017821062356233597,5.013936519622803,0.16249677538871765
33,19,0.014886328019201756,0.014788900502026081,6.726139690726995e-05,0.3016658127307892,0.0042861029505729675
33,20,0.013612411916255951,0.013529106974601746,5.372409214032814e-05,0.2958095967769623,0.004186127334833145
33,21,0.01459747925400734,0.014513485133647919,5.427272481028922e-05,0.29721441864967346,0.0043143779039382935
33,22,0.12972642481327057,0.12771549820899963,0.001997730229049921,0.13208381831645966,0.0783514603972435
33,23,0.9899600744247437,0.9574986696243286,0.031574223190546036,8.871658325195312,0.1405567228794098
33,24,0.4163479804992676,0.41161656379699707,0.004694990813732147,0.3640785813331604,0.03112053871154785
33,25,0.49298739433288574,0.48478126525878906,0.008078424260020256,1.2771745920181274,0.0363260842859745
33,26,0.604604959487915,0.5934608578681946,0.010932652279734612,2.114711284637451,0.25375956296920776
33,27,0.17886003851890564,0.17668378353118896,0.002159764990210533,0.16500122845172882,0.012219145894050598
33,28,0.13857097923755646,0.13567358255386353,0.0028842731844633818,0.13127876818180084,0.12355764210224152
33,29,0.43543264269828796,0.4303879141807556,0.005019528325647116,0.25206342339515686,0.061084307730197906
33,30,0.017854491248726845,0.017763391137123108,5.846729618497193e-05,0.3263373076915741,0.003166774520650506
33,31,0.01623878814280033,0.016119742766022682,0.00010231780470348895,0.1672765463590622,0.08677035570144653
33,32,0.015703732147812843,0.015622743405401707,5.008619336877018e-05,0.30903351306915283,0.003870596643537283
33,33,0.012902411632239819,0.012783125042915344,0.00010352191020501778,0.15764382481575012,0.05942906439304352
33,34,0.4008883535861969,0.3978555500507355,0.0030146311037242413,0.1816820651292801,0.03034665435552597
33,35,0.027869706973433495,0.027682580053806305,0.00015559833263978362,0.3152833580970764,0.010001354850828648
33,36,0.08679033815860748,0.086249440908432,0.0005375674227252603,0.03327096253633499,0.020242856815457344
33,37,0.020670458674430847,0.020566605031490326,7.365545025095344e-05,0.30199572443962097,0.005657919682562351
33,38,1.11967134475708,1.0923130512237549,0.026271764189004898,10.864416122436523,0.19266058504581451
33,39,0.7684822678565979,0.7592380046844482,0.009186184965074062,0.5807660818099976,0.09526088833808899
33,40,0.05422593280673027,0.05375007539987564,0.0004365203785710037,0.39333978295326233,0.02366972342133522
33,41,0.4897182285785675,0.4833362102508545,0.006291435565799475,0.905705988407135,0.07208901643753052
33,42,0.9645019173622131,0.9399289488792419,0.023533761501312256,10.392058372497559,0.11249199509620667
33,43,0.01563517563045025,0.015540552325546741,6.424405728466809e-05,0.3037967085838318,0.0028157595079392195
33,44,0.19114503264427185,0.1891319751739502,0.0019824784249067307,0.3057194650173187,0.00833657942712307
33,45,0.13292433321475983,0.13149583339691162,0.0014222550671547651,0.06250882893800735,0.04011860489845276
33,46,0.023333992809057236,0.020725125446915627,0.002608693204820156,0.0017478225054219365,0.0007774973637424409
33,47,1.1825391054153442,1.1537317037582397,0.028226006776094437,5.813997745513916,0.14831016957759857
33,48,0.41818833351135254,0.4128298759460449,0.005239158868789673,1.193056583404541,0.04302454739809036
33,49,0.4523512125015259,0.44490402936935425,0.007390991784632206,0.5617055296897888,0.06561870127916336
33,50,0.9148025512695312,0.9033480286598206,0.01132776029407978,1.2676557302474976,0.13855230808258057
33,51,1.2796753644943237,1.1608445644378662,0.1170814037322998,17.494266510009766,0.24486635625362396
33,52,0.6525790095329285,0.6390665769577026,0.013215897604823112,2.965501308441162,0.3246626853942871
33,53,0.86468905210495,0.8503561615943909,0.013724498450756073,6.083738327026367,0.45353779196739197
33,54,0.018910575658082962,0.018826451152563095,5.080077244201675e-05,0.333245187997818,0.0024001069832593203
33,55,0.38202857971191406,0.3769301474094391,0.005085185170173645,0.13232402503490448,0.03287622705101967
33,56,1.0098539590835571,0.9888518452644348,0.0203561931848526,6.459005355834961,0.06176234409213066
33,57,1.0494842529296875,1.020163655281067,0.028283286839723587,10.373567581176758,0.10209788382053375
33,58,0.20031018555164337,0.19843794405460358,0.001834102557040751,0.38131973147392273,0.008209673687815666
33,59,0.04283163696527481,0.04245709627866745,0.00033895307569764555,0.35589173436164856,0.017779938876628876
33,60,0.3497227728366852,0.3465234935283661,0.003174257930368185,0.25021591782569885,0.013112137094140053
33,61,0.4211437404155731,0.41775399446487427,0.0033709146082401276,0.18826058506965637,0.024412527680397034
33,62,0.018052635714411736,0.017980612814426422,4.5113447413314134e-05,0.26910147070884705,0.004023002926260233
33,63,0.020005812868475914,0.019901294261217117,7.539076614193618e-05,0.29127731919288635,0.003619150724261999
33,64,0.993464469909668,0.9696447253227234,0.023183997720479965,6.357457160949707,0.10612031817436218
33,65,0.4510616958141327,0.4463675022125244,0.004661089275032282,0.3309939503669739,0.061527006328105927
33,66,0.47372642159461975,0.4686964452266693,0.00499098002910614,0.39024004340171814,0.07467140257358551
33,67,0.021422838792204857,0.02131800353527069,7.413601997541264e-05,0.306994765996933,0.0025441928301006556
33,68,0.5847192406654358,0.5745155215263367,0.010027365759015083,1.7639836072921753,0.21775703132152557
33,69,0.19289778172969818,0.19090893864631653,0.0019563427194952965,0.32498234510421753,0.015358628705143929
33,70,0.41645827889442444,0.41204506158828735,0.004338585771620274,0.7462676763534546,0.042536526918411255
33,71,0.959197998046875,0.9358837604522705,0.022780045866966248,5.342008590698242,0.09913100302219391
33,72,0.8459874987602234,0.8168945908546448,0.028670359402894974,4.225170135498047,0.4187317490577698
33,73,0.3743762969970703,0.3706527352333069,0.0037011601962149143,0.22403058409690857,0.02578381448984146
33,74,0.8453400731086731,0.8276742696762085,0.017290335148572922,3.7544496059417725,0.3038256764411926
33,75,0.025220520794391632,0.025080904364585876,0.00011175634426763281,0.2785947620868683,0.006945749279111624
33,76,0.22090469300746918,0.2177358865737915,0.003128726501017809,0.40077200531959534,0.014491637237370014
33,77,0.13024386763572693,0.1289789378643036,0.0012585647637024522,0.06364341080188751,0.05438971891999245
33,78,0.38322150707244873,0.3787362277507782,0.004456697031855583,0.28595176339149475,0.032904304563999176
33,79,0.012930545955896378,0.012811152264475822,0.00010561931412667036,0.13774235546588898,0.06598392128944397
33,80,0.026018809527158737,0.025880422443151474,0.00010901239875238389,0.2937437891960144,0.006257686764001846
33,81,0.04693220928311348,0.046615611761808395,0.0002823089889716357,0.342891663312912,0.019470319151878357
33,82,0.9695943593978882,0.9500094652175903,0.01918090134859085,4.040121555328369,0.24984170496463776
33,83,0.43966567516326904,0.42819494009017944,0.011427883990108967,0.42849183082580566,0.07629785686731339
33,84,0.23226222395896912,0.23024863004684448,0.0020041351672261953,0.09458168596029282,0.026200734078884125
33,85,0.8557473421096802,0.8428596258163452,0.012449778616428375,4.379062652587891,0.5186504125595093
33,86,0.03524533286690712,0.035119976848363876,9.920304000843316e-05,0.26149970293045044,0.009245294146239758
33,87,0.13432753086090088,0.13312217593193054,0.0012004317250102758,0.04924672842025757,0.015889892354607582
33,88,0.022365950047969818,0.022297605872154236,4.3807041947729886e-05,0.24536821246147156,0.003355452325195074
33,89,0.25660666823387146,0.2547484338283539,0.00183539476711303,0.22835849225521088,0.01778067648410797
33,90,0.9853009581565857,0.9678453207015991,0.016951415687799454,5.041754245758057,0.3386686146259308
33,91,0.4666041135787964,0.46015501022338867,0.006420045625418425,0.2905990481376648,0.04038877785205841
33,92,0.8991516828536987,0.8866001963615417,0.012414669618010521,1.367918848991394,0.14435596764087677
33,93,0.3688315451145172,0.36531221866607666,0.003471570322290063,0.477379709482193,0.13274748623371124
33,94,0.44461217522621155,0.4385857582092285,0.005983940325677395,0.42473524808883667,0.08261027932167053
33,95,0.1832667887210846,0.1802184134721756,0.003040180541574955,0.08198823034763336,0.17913168668746948
33,96,0.16198323667049408,0.15623660385608673,0.005728018470108509,0.18607616424560547,0.2002955973148346
33,97,0.22640037536621094,0.22432951629161835,0.0020601358264684677,0.1073324978351593,0.08329890668392181
33,98,0.013965840451419353,0.013855373486876488,9.1485635493882e-05,0.18981631100177765,0.05785283446311951
33,99,0.3818175196647644,0.3760148882865906,0.005755595862865448,0.47024083137512207,0.013482245616614819
33,100,0.9195602536201477,0.890283465385437,0.0287054143846035,5.71358585357666,0.3156167268753052
34,1,0.16446395218372345,0.1635626256465912,0.0008966437308117747,0.04673681780695915,0.008011497557163239
34,2,0.04142386093735695,0.041315995156764984,9.307274012826383e-05,0.14793990552425385,0.010779079981148243
34,3,0.3606312572956085,0.35662519931793213,0.003983893431723118,0.2218492180109024,0.011821672320365906
34,4,0.3977459967136383,0.39409786462783813,0.003631213679909706,0.16916321218013763,0.006822899915277958
34,5,0.9439941644668579,0.9311801791191101,0.012472795322537422,3.411672353744507,0.16277876496315002
34,6,0.9111082553863525,0.8962219953536987,0.014616034924983978,2.702549457550049,0.1202741414308548
34,7,0.44825616478919983,0.4436408579349518,0.004596522077918053,0.18764358758926392,0.06118647754192352
34,8,1.2155520915985107,1.188126802444458,0.026962798088788986,4.624955654144287,0.2315833568572998
34,9,0.06951752305030823,0.06905718892812729,0.00041939725633710623,0.4093356430530548,0.019781559705734253
34,10,0.8808306455612183,0.8626378774642944,0.01786503754556179,3.27691388130188,0.8366395235061646
34,11,0.020122582092881203,0.020031016319990158,6.20657519903034e-05,0.29500535130500793,0.0025152103044092655
34,12,0.364265114068985,0.36118578910827637,0.0030584940686821938,0.20839938521385193,0.0386841706931591
34,13,0.7165274620056152,0.7117335796356201,0.00475276168435812,0.4111045002937317,0.05959635227918625
34,14,0.9941803216934204,0.9750945568084717,0.01846999302506447,6.157838344573975,0.08179019391536713
34,15,0.4390570819377899,0.433019757270813,0.006010056473314762,0.27255120873451233,0.03658343479037285
34,16,0.13349130749702454,0.1317247450351715,0.0017533903010189533,0.1317826360464096,0.04696871340274811
34,17,0.2633052170276642,0.26164519786834717,0.0016459416365250945,0.14058101177215576,0.024156861007213593
34,18,0.8440861105918884,0.8265387415885925,0.017213808372616768,3.335273504257202,0.24409544467926025
34,19,0.14017416536808014,0.1369922161102295,0.0031677591614425182,0.1419091522693634,0.0817219465970993
34,20,0.35684460401535034,0.3528311252593994,0.003971362952142954,0.42119041085243225,0.05041426047682762
34,21,0.04179942607879639,0.04153076559305191,0.00023697128926869482,0.31691408157348633,0.014797680079936981
34,22,0.417677640914917,0.4132818579673767,0.004353509284555912,0.4227103888988495,0.10730256140232086
34,23,0.3334938883781433,0.32831162214279175,0.0051336330361664295,0.48636308312416077,0.06179758906364441
34,24,0.1295483410358429,0.127930149435997,0.0016124867834150791,0.05712505429983139,0.07890006899833679
34,25,0.8245655298233032,0.803290843963623,0.020765691995620728,5.090291976928711,0.39996427297592163
34,26,0.4222109317779541,0.4159022569656372,0.006119873840361834,1.8878896236419678,0.04352446272969246
34,27,0.4447427988052368,0.4341251254081726,0.010404634289443493,2.130309820175171,0.03524542599916458
34,28,0.45003461837768555,0.4452904462814331,0.004680676385760307,0.6349689960479736,0.019387708976864815
34,29,1.0746957063674927,1.0620591640472412,0.012053134851157665,5.83440637588501,0.11507056653499603
34,30,0.37917202711105347,0.37559938430786133,0.0035565393045544624,0.16087479889392853,0.020233336836099625
34,31,0.3309680223464966,0.32725101709365845,0.003683587536215782,0.334204763174057,0.018795326352119446
34,32,0.9899735450744629,0.9669365882873535,0.022524544969201088,5.124505996704102,0.38074296712875366
34,33,0.8778354525566101,0.8680497407913208,0.009689093567430973,0.9662297368049622,0.1344972401857376
34,34,0.4146512448787689,0.4100046157836914,0.0045689125545322895,0.7773076295852661,0.04784119874238968
34,35,0.048462070524692535,0.0479547381401062,0.0004736358532682061,0.33693501353263855,0.021161815151572227
34,36,0.4302506446838379,0.42501962184906006,0.005139566957950592,0.91478031873703,0.067215695977211
34,37,1.230223536491394,1.2125681638717651,0.016011957079172134,16.43474578857422,0.23600611090660095
34,38,0.4083629548549652,0.404296875,0.004004509653896093,0.6158209443092346,0.058332644402980804
34,39,1.121722936630249,1.0705989599227905,0.049481041729450226,16.429399490356445,0.24090620875358582
34,40,0.8629008531570435,0.8372324705123901,0.025177672505378723,4.907107830047607,0.3527316749095917
34,41,0.8695082068443298,0.8591070175170898,0.010309618897736073,0.9154002666473389,0.10384230315685272
34,42,0.3479258120059967,0.3450082540512085,0.0028705932199954987,0.4695778787136078,0.023022083565592766
34,43,0.4446594715118408,0.43858709931373596,0.005998319014906883,0.7405127882957458,0.0284443236887455
34,44,0.9253662824630737,0.8978342413902283,0.02686392515897751,6.680863857269287,0.10531683266162872
34,45,0.37649354338645935,0.37375980615615845,0.002665675710886717,0.680659830570221,0.04132235422730446
34,46,0.9704302549362183,0.942723274230957,0.02687940001487732,8.275520324707031,0.14544369280338287
34,47,1.1578502655029297,1.1336758136749268,0.023643676191568375,5.307666778564453,0.13011646270751953
34,48,0.22487100958824158,0.22294414043426514,0.0019150697626173496,0.11806381493806839,0.054733552038669586
34,49,0.12810291349887848,0.12613609433174133,0.001955282874405384,0.1153709813952446,0.12082809209823608
34,50,0.8240697979927063,0.8155876398086548,0.008414650335907936,0.6754964590072632,0.16079476475715637
34,51,0.4487898647785187,0.44014135003089905,0.008565761148929596,0.8276220560073853,0.05599026754498482
34,52,0.35343098640441895,0.34929633140563965,0.004104421474039555,0.30228856205940247,0.04335111007094383
34,53,0.6884538531303406,0.6819967031478882,0.006406182888895273,0.5099060535430908,0.11121107637882233
34,54,0.4188065826892853,0.413780152797699,0.004970187321305275,0.5624215006828308,0.03386698663234711
34,55,0.2588150203227997,0.2564290761947632,0.0023684529587626457,0.17499800026416779,0.03387102484703064
34,56,0.5059557557106018,0.49901992082595825,0.006766302045434713,1.6951674222946167,0.031770575791597366
34,57,0.012787213549017906,0.012710713781416416,6.53436582069844e-05,0.1115666925907135,0.04487520456314087
34,58,0.8684905767440796,0.847649097442627,0.020440541207790375,4.009878635406494,0.3292296528816223
34,59,0.02469433657824993,0.024606497958302498,6.374772056005895e-05,0.24091707170009613,0.004250613506883383
34,60,0.8893707394599915,0.8711572885513306,0.017698338255286217,5.150813102722168,0.36913859844207764
34,61,0.3388064205646515,0.334450900554657,0.004327869974076748,0.27666735649108887,0.025157062336802483
34,62,0.6452046632766724,0.6262747645378113,0.018613308668136597,3.1659510135650635,0.28551816940307617
34,63,0.018761849030852318,0.01865839585661888,7.605101563967764e-05,0.27401888370513916,0.00233695050701499
34,64,0.43345263600349426,0.40157487988471985,0.031851522624492645,0.2623897194862366,0.0350644513964653
34,65,0.22472932934761047,0.22245128452777863,0.002264617942273617,0.13422606885433197,0.08080528676509857
34,66,0.39888516068458557,0.3937036395072937,0.005098285619169474,0.8323001861572266,0.08431310206651688
34,67,0.8844054937362671,0.8536651730537415,0.030032474547624588,7.07867431640625,0.4798615574836731
34,68,0.1349574625492096,0.13138049840927124,0.0035593847278505564,0.17585502564907074,0.11797595024108887
34,69,1.11062490940094,1.0920352935791016,0.017920393496751785,6.692375659942627,0.16227376461029053
34,70,0.021334771066904068,0.021228207275271416,7.927065598778427e-05,0.27293962240219116,0.0028641987591981888
34,71,0.02217954397201538,0.02207852527499199,7.443135837092996e-05,0.2658815085887909,0.00305837020277977
34,72,0.45493650436401367,0.448177695274353,0.006622095126658678,1.3670498132705688,0.027742899954319
34,73,0.13301831483840942,0.13095124065876007,0.002043075393885374,0.24006202816963196,0.056799933314323425
34,74,0.7001979947090149,0.6940621137619019,0.006084848195314407,0.5100563764572144,0.04328889399766922
34,75,0.7078037261962891,0.6980360150337219,0.009706452488899231,0.6124845743179321,0.05384540557861328
34,76,0.852208137512207,0.844243049621582,0.007902663201093674,0.6238462328910828,0.08173979818820953
34,77,0.12211538106203079,0.12094588577747345,0.0011644813930615783,0.050135720521211624,0.05636848509311676
34,78,0.45625877380371094,0.4499606490135193,0.006260650232434273,0.3746567368507385,0.039982348680496216
34,79,0.9408248066902161,0.9243578314781189,0.016206681728363037,2.6027932167053223,0.1279924511909485
34,80,0.8528403639793396,0.842606782913208,0.010166567750275135,0.6697456240653992,0.15555530786514282
34,81,0.1363396942615509,0.1341821402311325,0.0021414519287645817,0.16107183694839478,0.14149844646453857
34,82,0.9284367561340332,0.9202893972396851,0.008097163401544094,0.5018709301948547,0.1148291528224945
34,83,1.161431908607483,1.1126471757888794,0.04789773374795914,8.870074272155762,0.20309007167816162
34,84,0.8550856709480286,0.8397977948188782,0.014894060790538788,3.9383392333984375,0.347777783870697
34,85,0.4086299240589142,0.40499234199523926,0.003536393167451024,1.0117872953414917,0.05246683955192566
34,86,0.014542199671268463,0.014449942857027054,7.874019502196461e-05,0.13516436517238617,0.07455877214670181
34,87,1.0878063440322876,1.0430485010147095,0.04364251717925072,11.15347957611084,0.12045693397521973
34,88,0.025594884529709816,0.025476355105638504,8.971799979917705e-05,0.28811225295066833,0.007577108684927225
34,89,0.021164260804653168,0.021073397248983383,6.28328270977363e-05,0.28030386567115784,0.0050581106916069984
34,90,0.04357120394706726,0.04318802431225777,0.00034925577347166836,0.33923083543777466,0.019597070291638374
34,91,0.41512563824653625,0.4094969630241394,0.005596127361059189,0.3255709707736969,0.026365406811237335
34,92,0.9421481490135193,0.9105290174484253,0.030869070440530777,7.500423908233643,0.11216143518686295
34,93,0.7241109609603882,0.7159276604652405,0.00812078919261694,0.6254324913024902,0.07629476487636566
34,94,0.017136916518211365,0.017051056027412415,5.8458030252950266e-05,0.2740234136581421,0.003818681463599205
34,95,0.9612364172935486,0.9326879978179932,0.027577582746744156,9.708558082580566,0.15088260173797607
34,96,1.0071356296539307,0.9765275716781616,0.02977915294468403,8.288446426391602,0.13743793964385986
34,97,0.5978003144264221,0.5861852765083313,0.011402476578950882,2.1253044605255127,0.2455458641052246
34,98,0.015230115503072739,0.01515701413154602,4.441995042725466e-05,0.28680965304374695,0.003074913751333952
34,99,0.2058824598789215,0.201635479927063,0.004196333698928356,0.5064836740493774,0.015524930320680141
34,100,0.3941972851753235,0.3896465003490448,0.004528474994003773,0.22316017746925354,0.045296624302864075
35,1,0.3476592004299164,0.34513968229293823,0.0024815150536596775,0.37987494468688965,0.04104527831077576
35,2,0.35254910588264465,0.34885188937187195,0.003619674127548933,0.7754519581794739,0.035819001495838165
35,3,0.4443175196647644,0.4358390271663666,0.008329778909683228,1.487078309059143,0.03861653804779053
35,4,1.1945974826812744,1.1776585578918457,0.0165263582020998,4.125401973724365,0.09046722203493118
35,5,0.19405466318130493,0.1920035481452942,0.0020190048962831497,0.32113251090049744,0.01401495561003685
35,6,0.014926503412425518,0.014837244525551796,6.254726031329483e-05,0.26711714267730713,0.0027500963769853115
35,7,0.021269984543323517,0.02114754542708397,9.397299436386675e-05,0.2846677899360657,0.0024924813769757748
35,8,0.004497935529798269,0.004373583942651749,0.0001014752488117665,0.22876597940921783,0.0016672918573021889
35,9,0.8733177185058594,0.8666185140609741,0.0066656987182796,0.3348725140094757,0.09732630103826523
35,10,0.20508722960948944,0.20196086168289185,0.00308604771271348,0.4032038748264313,0.019080370664596558
35,11,0.9154638648033142,0.8904169797897339,0.024487067013978958,5.598011016845703,0.47230207920074463
35,12,0.013973649591207504,0.013898918405175209,4.92831677547656e-05,0.2544848322868347,0.002476185094565153
35,13,0.015396252274513245,0.01527225412428379,0.00010844376811292022,0.15553916990756989,0.0741662085056305
35,14,0.39692896604537964,0.39138156175613403,0.005419565364718437,1.2786043882369995,0.039636217057704926
35,15,0.9085547924041748,0.8883951902389526,0.019863693043589592,2.959094524383545,0.1006588265299797
35,16,0.6873524188995361,0.678568959236145,0.008732889778912067,0.5055674314498901,0.0638711005449295
35,17,0.34022340178489685,0.3371258080005646,0.0030431640334427357,0.5441839694976807,0.025858648121356964
35,18,0.6448978781700134,0.6304289102554321,0.014223190024495125,2.4575583934783936,0.21883301436901093
35,19,0.022186631336808205,0.022081248462200165,7.990447920747101e-05,0.2547854483127594,0.0034395887050777674
35,20,0.016859205439686775,0.016773037612438202,6.17738623986952e-05,0.24392758309841156,0.003045607591047883
35,21,1.096207857131958,1.0784815549850464,0.017150629311800003,5.756594181060791,0.1820850372314453
35,22,0.019378624856472015,0.019275249913334846,7.498564082197845e-05,0.283888041973114,0.002543263603001833
35,23,1.1234122514724731,1.0975849628448486,0.025206463411450386,6.208711624145508,0.1828881800174713
35,24,0.13720206916332245,0.1340494155883789,0.003123617498204112,0.2903662621974945,0.11896040290594101
35,25,0.8909867405891418,0.8791561722755432,0.011556033045053482,2.7455544471740723,0.1752309501171112
35,26,1.1213161945343018,1.0929694175720215,0.027390237897634506,9.565179824829102,0.195592001080513
35,27,0.6068190932273865,0.595613956451416,0.011039363220334053,1.6576672792434692,0.2718138098716736
35,28,0.030120739713311195,0.0299475509673357,0.00013918985496275127,0.3399900197982788,0.004828263074159622
35,29,0.02044445089995861,0.020341500639915466,7.118032954167575e-05,0.31768834590911865,0.0023784437216818333
35,30,0.6326189637184143,0.6196088790893555,0.01279367320239544,2.164367914199829,0.24830102920532227
35,31,0.0198313370347023,0.019731121137738228,7.003368955338374e-05,0.3018249571323395,0.002845190465450287
35,32,0.924070417881012,0.8990477323532104,0.02439933829009533,6.233206272125244,0.330874502658844
35,33,0.01195299718528986,0.011879095807671547,5.909583342145197e-05,0.14805316925048828,0.054478250443935394
35,34,0.43734580278396606,0.4331504702568054,0.004165646620094776,0.2969779372215271,0.02945666015148163
35,35,0.008780251257121563,0.008747145533561707,3.304734855191782e-05,0.0005856183706782758,0.00025871963589452207
35,36,0.2358948290348053,0.23362500965595245,0.002257943619042635,0.11870106309652328,0.04558272287249565
35,37,0.03522922843694687,0.03371100872755051,0.0015160201583057642,0.021988006308674812,0.0035552261397242546
35,38,0.018732961267232895,0.018631882965564728,7.047873077681288e-05,0.306000292301178,0.0031434972770512104
35,39,0.028262905776500702,0.028088849037885666,0.0001412868732586503,0.3276861310005188,0.005814669653773308
35,40,0.049535952508449554,0.049138110131025314,0.00036044250009581447,0.3739830255508423,0.018044818192720413
35,41,0.4370724856853485,0.4307301640510559,0.006300341337919235,0.4199054539203644,0.055448103696107864
35,42,0.02053510956466198,0.020427655428647995,7.563217513961717e-05,0.318214476108551,0.002853658515959978
35,43,0.8299151659011841,0.8218995332717896,0.007984369993209839,0.31206896901130676,0.08041717112064362
35,44,0.32503870129585266,0.320103257894516,0.004872601944953203,0.6284416317939758,0.042360637336969376
35,45,0.24007372558116913,0.23808357119560242,0.0019756928086280823,0.14463496208190918,0.04641427844762802
35,46,0.9581676125526428,0.947946310043335,0.01016036793589592,0.6091825366020203,0.08460840582847595
35,47,0.1314818114042282,0.12977758049964905,0.0016978220082819462,0.06409665197134018,0.040639057755470276
35,48,0.04361409693956375,0.04329320043325424,0.0002876984653994441,0.3319905400276184,0.018006451427936554
35,49,0.9317964315414429,0.9190562963485718,0.012612365186214447,1.2779486179351807,0.1005234569311142
35,50,0.38695982098579407,0.383156418800354,0.00378225976601243,0.21120265126228333,0.018951788544654846
35,51,0.021264318376779556,0.021170660853385925,6.628778646700084e-05,0.2736962139606476,0.006082569248974323
35,52,0.38598641753196716,0.3809604048728943,0.005001388490200043,0.24627703428268433,0.03466859459877014
35,53,0.8406088948249817,0.8243238925933838,0.015855535864830017,4.294274806976318,0.5852407217025757
35,54,0.4104360044002533,0.40542346239089966,0.004973406437784433,0.3912124037742615,0.0409613661468029
35,55,0.40248021483421326,0.3976188004016876,0.004752026405185461,1.0938732624053955,0.0436093732714653
35,56,0.3765842020511627,0.3719783425331116,0.004593598190695047,0.12240231782197952,0.02996095083653927
35,57,0.13015291094779968,0.12895411252975464,0.0011930540204048157,0.057459477335214615,0.04656887799501419
35,58,1.1953554153442383,1.173351764678955,0.021552223712205887,4.514654636383057,0.1368596851825714
35,59,0.4371970295906067,0.4262332022190094,0.010854469612240791,1.0935146808624268,0.038473449647426605
35,60,1.2200367450714111,1.1931098699569702,0.02640913426876068,5.177446365356445,0.1300167590379715
35,61,0.1943930834531784,0.1922675222158432,0.00210183160379529,0.23721617460250854,0.013570185750722885
35,62,0.021134816110134125,0.02102457731962204,7.852163253119215e-05,0.31716665625572205,0.0036390386521816254
35,63,0.8665868043899536,0.8568873405456543,0.009662773460149765,0.3672805428504944,0.10560548305511475
35,64,0.8744975328445435,0.8635134100914001,0.010890863835811615,0.9326499104499817,0.15181413292884827
35,65,0.8979941606521606,0.8709982633590698,0.02631845697760582,6.7749176025390625,0.38206642866134644
35,66,0.13372625410556793,0.1314910650253296,0.0022218478843569756,0.13342177867889404,0.08141925930976868
35,67,0.40697067975997925,0.400246262550354,0.00661824643611908,1.0616235733032227,0.03512805700302124
35,68,0.13052387535572052,0.12798719108104706,0.002523124450817704,0.13565640151500702,0.07358066737651825
35,69,0.806534469127655,0.795009434223175,0.011087417602539062,4.3760294914245605,0.38205641508102417
35,70,0.3798723816871643,0.3756348490715027,0.00421832874417305,0.19205299019813538,0.023068774491548538
35,71,0.44629141688346863,0.44033282995224,0.005794620141386986,1.6397007703781128,0.04295787960290909
35,72,1.167746663093567,1.1427240371704102,0.02437502145767212,6.4769110679626465,0.19518443942070007
35,73,0.17721223831176758,0.17537866532802582,0.0018169395625591278,0.16631008684635162,0.01261757779866457
35,74,0.018919488415122032,0.018816810101270676,7.373774860752746e-05,0.28940555453300476,0.002527661621570587
35,75,0.04179764166474342,0.04136117920279503,0.0004013972938992083,0.35065212845802307,0.016908125951886177
35,76,0.21090306341648102,0.2078266441822052,0.003040485782548785,0.3593021631240845,0.014913482591509819
35,77,0.33745908737182617,0.3348658084869385,0.0025779115967452526,0.1538592129945755,0.013356534764170647
35,78,0.01106483768671751,0.010986236855387688,6.54485629638657e-05,0.13152313232421875,0.06607252359390259
35,79,0.020490653812885284,0.02038504183292389,7.837839075364172e-05,0.27232885360717773,0.002341791521757841
35,80,0.012769454158842564,0.012676579877734184,7.974399341037497e-05,0.1313072293996811,0.061458930373191833
35,81,0.013658268377184868,0.013560447841882706,8.469722524750978e-05,0.13123725354671478,0.06013498455286026
35,82,0.8990111947059631,0.8928960561752319,0.006083745509386063,0.3138495683670044,0.07159217447042465
35,83,0.3485012650489807,0.34432196617126465,0.004127558786422014,0.5174839496612549,0.03607182949781418
35,84,0.02624640427529812,0.026119498535990715,9.886272891890258e-05,0.2804219126701355,0.005966293625533581
35,85,0.34854960441589355,0.34577202796936035,0.0027580433525145054,0.19516690075397491,0.02205619215965271
35,86,0.31987231969833374,0.31742000579833984,0.0024344059638679028,0.1791304647922516,0.04254044592380524
35,87,0.23772239685058594,0.23566927015781403,0.0020377086475491524,0.15422657132148743,0.05818772315979004
35,88,0.0471872054040432,0.04680626839399338,0.0003463119501248002,0.34626859426498413,0.01901218295097351
35,89,0.01837841235101223,0.018292084336280823,5.86392343393527e-05,0.2768791615962982,0.0023927197325974703
35,90,0.8370941281318665,0.8213043212890625,0.015437639318406582,3.5214407444000244,0.3548150658607483
35,91,0.3427550196647644,0.33864036202430725,0.0040954714640975,0.19189180433750153,0.025061897933483124
35,92,0.3907221257686615,0.3866819739341736,0.004024080000817776,0.1606801301240921,0.04506082832813263
35,93,0.015179810114204884,0.015109000727534294,4.4591593905352056e-05,0.2621738910675049,0.0027655442245304585
35,94,0.8426955938339233,0.8337520360946655,0.008866852149367332,0.7670314311981201,0.11710092425346375
35,95,0.3687363266944885,0.363933265209198,0.0047889696434140205,0.14107099175453186,0.029377907514572144
35,96,0.7191958427429199,0.7102018594741821,0.00893462635576725,0.593635618686676,0.08027222007513046
35,97,0.33193692564964294,0.32906949520111084,0.0028253383934497833,0.4207894206047058,0.035897307097911835
35,98,0.12076213955879211,0.11967606842517853,0.0010812163818627596,0.048548243939876556,0.0352267362177372
35,99,0.3330739438533783,0.32853931188583374,0.0044883135706186295,0.46318626403808594,0.03666837513446808
35,100,0.19538941979408264,0.19313405454158783,0.002214607549831271,0.4075658917427063,0.0074811093509197235
36,1,0.8922010064125061,0.8690431714057922,0.022701311856508255,4.56540060043335,0.5912102460861206
36,2,0.04147225245833397,0.04116208851337433,0.00027598434826359153,0.34179139137268066,0.01866784319281578
36,3,0.3597923815250397,0.35566985607147217,0.0041114576160907745,0.11066377907991409,0.019496630877256393
36,4,0.7671589851379395,0.7579798698425293,0.009105399250984192,0.7375571131706238,0.0782080814242363
36,5,0.19466295838356018,0.1926221400499344,0.002005522372201085,0.35302937030792236,0.009264476597309113
36,6,0.3557496964931488,0.352009117603302,0.0037142420187592506,0.26348876953125,0.016028905287384987
36,7,0.019358012825250626,0.019260745495557785,6.839534034952521e-05,0.2887369692325592,0.00358778634108603
36,8,0.4134213924407959,0.40898701548576355,0.0043145762756466866,1.1979564428329468,0.04414186254143715
36,9,0.22614271938800812,0.22451625764369965,0.0016132197342813015,0.13241760432720184,0.061484239995479584
36,10,0.7270116806030273,0.7204808592796326,0.006473627872765064,0.57208251953125,0.08606290072202682
36,11,0.9484646916389465,0.9233534932136536,0.024836257100105286,2.749798059463501,0.16177740693092346
36,12,0.015073325484991074,0.014869753271341324,0.00020328967366367579,0.002821870381012559,0.004837089218199253
36,13,1.0166164636611938,1.0070629119873047,0.008832260966300964,7.213099479675293,0.148326575756073
36,14,0.15313152968883514,0.14888812601566315,0.004236514680087566,0.06890721619129181,0.014094267040491104
36,15,0.9159201979637146,0.9043868780136108,0.011389474384486675,1.4382779598236084,0.14510010182857513
36,16,0.3976968228816986,0.39358142018318176,0.004022474400699139,0.929224967956543,0.06051964685320854
36,17,0.8709095120429993,0.8530271649360657,0.017424065619707108,4.583067893981934,0.4976220726966858
36,18,0.24889075756072998,0.2463594526052475,0.002500982489436865,0.3032153844833374,0.03143155202269554
36,19,0.6909151673316956,0.6817097663879395,0.00915224477648735,0.5318385362625122,0.08901675790548325
36,20,0.12490854412317276,0.12238787114620209,0.0025057545863091946,0.14915035665035248,0.09496185183525085
36,21,0.4219375550746918,0.3957253098487854,0.026188593357801437,0.23658837378025055,0.03172484412789345
36,22,1.092710256576538,1.0674073696136475,0.024821139872074127,4.817295551300049,0.16528983414173126
36,23,0.02195204608142376,0.0218332689255476,8.646902278997004e-05,0.3230665922164917,0.0027112390380352736
36,24,0.12134508043527603,0.11919260025024414,0.0021400931291282177,0.1238902285695076,0.1034538671374321
36,25,1.0729330778121948,1.0463032722473145,0.02570244111120701,9.27324390411377,0.19352427124977112
36,26,0.43099814653396606,0.42565345764160156,0.005266321357339621,0.7836863398551941,0.0516875684261322
36,27,0.7271595001220703,0.7170326709747314,0.010045880451798439,0.8095253705978394,0.07287292927503586
36,28,1.0282673835754395,1.0116242170333862,0.016339821740984917,3.0336968898773193,0.12664896249771118
36,29,1.0046476125717163,0.9935959577560425,0.009931991808116436,11.196321487426758,0.1281985640525818
36,30,0.4792339503765106,0.4707103967666626,0.008376389741897583,1.471531629562378,0.03647066652774811
36,31,0.042871348559856415,0.04246702045202255,0.0003669499419629574,0.37379682064056396,0.02407364547252655
36,32,0.8539165258407593,0.8334144353866577,0.01983698084950447,6.651242256164551,0.29004183411598206
36,33,0.08502355962991714,0.08441868424415588,0.0006013313541188836,0.03546945005655289,0.025076160207390785
36,34,1.0728625059127808,1.0454219579696655,0.026917509734630585,5.231379508972168,0.165538489818573
36,35,0.2009245753288269,0.19685481488704681,0.004032998811453581,0.3676098883152008,0.02095598727464676
36,36,0.34296175837516785,0.3380453884601593,0.004892941098660231,0.2343660593032837,0.032281313091516495
36,37,0.32213592529296875,0.3193794786930084,0.0026410487480461597,1.1538517475128174,0.05266580730676651
36,38,0.2264128178358078,0.22427518665790558,0.0021256241016089916,0.1201477199792862,0.06599315255880356
36,39,0.23297443985939026,0.2301786094903946,0.0027782367542386055,0.17599621415138245,0.05909837782382965
36,40,0.3809661269187927,0.37665310502052307,0.004294821992516518,0.18207477033138275,0.019162992015480995
36,41,0.4608886241912842,0.45484459400177,0.006001411005854607,0.4262489676475525,0.04304082691669464
36,42,0.44338831305503845,0.4383665919303894,0.0049303132109344006,0.9141189455986023,0.025714904069900513
36,43,1.0160982608795166,0.9815605878829956,0.03403245657682419,5.052471160888672,0.14061662554740906
36,44,0.8906373381614685,0.86810302734375,0.022056467831134796,4.778249263763428,0.38291025161743164
36,45,0.010992820374667645,0.010903116315603256,7.371788524324074e-05,0.15986019372940063,0.06031589210033417
36,46,0.12354326993227005,0.12228785455226898,0.001249934546649456,0.054805539548397064,0.04605485126376152
36,47,1.0959837436676025,1.0520519018173218,0.04289575666189194,10.360222816467285,0.24675366282463074
36,48,0.025655396282672882,0.025505591183900833,0.00011791830183938146,0.31887173652648926,0.008579590357840061
36,49,0.9676826596260071,0.9581512808799744,0.009473398327827454,0.5800753831863403,0.1234719306230545
36,50,0.8993470072746277,0.8905073404312134,0.008762488141655922,0.7717368006706238,0.1569329798221588
36,51,0.8720011115074158,0.8592551946640015,0.01267915777862072,0.6673263907432556,0.1219647228717804
36,52,0.7002713084220886,0.6922510266304016,0.007974443957209587,0.45817121863365173,0.06835557520389557
36,53,0.44220367074012756,0.43871909379959106,0.0034450311213731766,0.3956116735935211,0.024785596877336502
36,54,0.3275642693042755,0.3245760500431061,0.002954040188342333,0.34196773171424866,0.026749666780233383
36,55,0.04396573081612587,0.04351792484521866,0.00041121337562799454,0.3659343123435974,0.020858708769083023
36,56,0.7453713417053223,0.7377831935882568,0.007545398082584143,0.4274391233921051,0.06906791031360626
36,57,0.047362182289361954,0.04703673720359802,0.0002872563200071454,0.38187190890312195,0.019415397197008133
36,58,0.404870867729187,0.40009766817092896,0.0046659959480166435,1.0718905925750732,0.05338340997695923
36,59,0.8940470218658447,0.8712002038955688,0.02258329465985298,2.6353840827941895,0.4825819134712219
36,60,0.402921587228775,0.39843934774398804,0.004459559917449951,0.22689031064510345,0.054396115243434906
36,61,0.8630794882774353,0.8524725437164307,0.010131340473890305,4.756042003631592,0.41253653168678284
36,62,0.12837940454483032,0.12711074948310852,0.0012623874936252832,0.06274693459272385,0.07177574187517166
36,63,0.2727415859699249,0.2664778232574463,0.0061964914202690125,0.6725302338600159,0.04002009332180023
36,64,0.12912069261074066,0.127645805478096,0.0014689466916024685,0.05950905382633209,0.06234220415353775
36,65,0.012781854718923569,0.012675812467932701,8.989036723505706e-05,0.16152213513851166,0.05774114280939102
36,66,1.1422452926635742,1.1170594692230225,0.024612465873360634,5.733983516693115,0.1675005555152893
36,67,0.3659605085849762,0.36165088415145874,0.004296868108212948,0.1275278627872467,0.02087704837322235
36,68,0.38609275221824646,0.3824990391731262,0.0035750819370150566,0.18623344600200653,0.019671764224767685
36,69,0.41261833906173706,0.40865370631217957,0.003935053013265133,0.29605865478515625,0.022568903863430023
36,70,0.4599372148513794,0.4516425132751465,0.008240182884037495,0.5451406240463257,0.07797712087631226
36,71,0.24901734292507172,0.24594679474830627,0.003055801149457693,0.14749525487422943,0.03033328801393509
36,72,0.1333436667919159,0.131876140832901,0.0014620746951550245,0.05461159721016884,0.020255431532859802
36,73,0.13292032480239868,0.131795734167099,0.001118627144023776,0.05961372330784798,0.026558147743344307
36,74,0.3933723270893097,0.3889078199863434,0.00443457905203104,0.2992711067199707,0.023101791739463806
36,75,0.9475504755973816,0.9373552799224854,0.010127522982656956,0.6767129898071289,0.09256263077259064
36,76,0.02025005780160427,0.02013133466243744,8.821407391224056e-05,0.3050840198993683,0.0026390226557850838
36,77,0.9454607367515564,0.9337297677993774,0.011228560470044613,5.023952007293701,0.1654052585363388
36,78,0.23939289152622223,0.23701901733875275,0.002357063116505742,0.1681482195854187,0.07139605283737183
36,79,0.8667597770690918,0.8455823659896851,0.020836681127548218,3.4071364402770996,0.5409207344055176
36,80,0.12815633416175842,0.1266043484210968,0.0015464408788830042,0.055494654923677444,0.06014895439147949
36,81,0.332412451505661,0.32954391837120056,0.0028488831594586372,0.19627903401851654,0.013552496209740639
36,82,0.4518808424472809,0.44764068722724915,0.004214545711874962,0.25594988465309143,0.04920189827680588
36,83,0.4281901717185974,0.4207993745803833,0.0073081511072814465,0.8263095021247864,0.053792331367731094
36,84,0.8601604104042053,0.8527998924255371,0.007330513559281826,0.2997569143772125,0.0588291771709919
36,85,0.01650351658463478,0.016429975628852844,4.7651774366386235e-05,0.2588854730129242,0.0026869503781199455
36,86,0.39824816584587097,0.3945199251174927,0.003708865260705352,0.19360233843326569,0.03520344942808151
36,87,1.1868913173675537,1.1687246561050415,0.01773640140891075,4.302377223968506,0.11996392160654068
36,88,0.018531035631895065,0.018436776474118233,6.622948421863839e-05,0.280294269323349,0.0026706596836447716
36,89,0.7594122886657715,0.7510120868682861,0.0083216093480587,0.7862076163291931,0.11607512831687927
36,90,0.34029051661491394,0.33620142936706543,0.004057249054312706,0.3182712495326996,0.026648201048374176
36,91,1.2314634323120117,1.1370972394943237,0.09279532730579376,15.708717346191406,0.2384515255689621
36,92,0.22575034201145172,0.22370189428329468,0.002038591308519244,0.09852096438407898,0.05145345255732536
36,93,0.8813140392303467,0.8703567981719971,0.010606295429170132,3.509490489959717,0.11433109641075134
36,94,0.9978644847869873,0.9619683623313904,0.034792184829711914,11.039505004882812,0.15197698771953583
36,95,0.04262234643101692,0.04225005954504013,0.00034263049019500613,0.29656630754470825,0.018799223005771637
36,96,0.33002930879592896,0.32612186670303345,0.0038614857476204634,0.45948344469070435,0.02109621837735176
36,97,1.1232926845550537,1.097057580947876,0.02567782811820507,5.572872638702393,0.13861539959907532
36,98,0.6552687287330627,0.6414094567298889,0.013503131456673145,3.561612844467163,0.23433169722557068
36,99,0.017745167016983032,0.01767009310424328,5.185378540772945e-05,0.23219971358776093,0.0031047912780195475
36,100,0.138718381524086,0.13630709052085876,0.00239450391381979,0.16789937019348145,0.07136982679367065
37,1,0.424628347158432,0.4193705916404724,0.005174347199499607,0.8342870473861694,0.03860927373170853
37,2,0.026116732507944107,0.025978386402130127,0.00010904209921136498,0.29303887486457825,0.005303667858242989
37,3,0.4128015637397766,0.4056381583213806,0.007071307394653559,0.920769214630127,0.059501729905605316
37,4,0.34610188007354736,0.3416635990142822,0.004347316920757294,0.909518301486969,0.06010310351848602
37,5,0.9710482358932495,0.962894856929779,0.007983124814927578,1.702278971672058,0.13518735766410828
37,6,0.4814769923686981,0.4739716351032257,0.007385697681456804,1.1966241598129272,0.06681002676486969
37,7,0.0073508620262146,0.007272450253367424,6.532018596772105e-05,0.13091444969177246,0.10523073375225067
37,8,0.016697147861123085,0.016617383807897568,6.58651115372777e-05,0.13898706436157227,0.07978276908397675
37,9,0.8575252890586853,0.8363884091377258,0.02072187513113022,4.149994373321533,0.40815022587776184
37,10,0.35456252098083496,0.35147011280059814,0.003070124192163348,0.22282618284225464,0.010644533671438694
37,11,0.7766490578651428,0.7671834230422974,0.009408879093825817,0.5671699047088623,0.08285538852214813
37,12,0.8897829651832581,0.8784517049789429,0.011189045384526253,1.4223370552062988,0.0799567699432373
37,13,0.8422231674194336,0.8309082984924316,0.010936572216451168,3.7832179069519043,0.3510470986366272
37,14,0.6690220236778259,0.6587663292884827,0.01020838599652052,0.4733896553516388,0.06115858256816864
37,15,0.2058168649673462,0.20303261280059814,0.002742617391049862,0.41627123951911926,0.00869915634393692
37,16,0.3544890582561493,0.3507710099220276,0.0036896876990795135,0.2837258279323578,0.019390804693102837
37,17,0.012584651820361614,0.012483891099691391,8.853897452354431e-05,0.1222129687666893,0.05121679604053497
37,18,0.3946513235569,0.3906251788139343,0.003929390572011471,0.9675666093826294,0.042809873819351196
37,19,0.35969653725624084,0.35445958375930786,0.00520600751042366,0.3094189763069153,0.02985474467277527
37,20,0.22237983345985413,0.2202533781528473,0.0021141571924090385,0.12288108468055725,0.050597451627254486
37,21,0.4251657724380493,0.421762615442276,0.0033002025447785854,1.0296908617019653,0.04931453615427017
37,22,0.04315251484513283,0.04285021871328354,0.0002705088700167835,0.3178829252719879,0.01793549954891205
37,23,0.019627880305051804,0.019536204636096954,6.465251499321312e-05,0.2702355682849884,0.0026869713328778744
37,24,0.4154965281486511,0.410849392414093,0.004490293096750975,1.5686378479003906,0.04578929394483566
37,25,0.02536521665751934,0.025236021727323532,0.00010148754518013448,0.27706995606422424,0.006337951403111219
37,26,0.44793781638145447,0.44109055399894714,0.006797672249376774,0.4960130751132965,0.07008197903633118
37,27,0.27176305651664734,0.26936858892440796,0.002379304263740778,0.1516365110874176,0.01785152591764927
37,28,0.019551262259483337,0.019450698047876358,7.200833351816982e-05,0.2855624258518219,0.0030222111381590366
37,29,0.893983781337738,0.8856028914451599,0.008334939368069172,0.45954808592796326,0.11013689637184143
37,30,0.19361339509487152,0.19157475233078003,0.0020207983907312155,0.1785503476858139,0.012632995843887329
37,31,0.015286888927221298,0.0152085330337286,4.8966219765134156e-05,0.2938949763774872,0.002298457082360983
37,32,0.02133699133992195,0.021234124898910522,7.150140299927443e-05,0.3136601448059082,0.002786061493679881
37,33,0.720028817653656,0.7126473784446716,0.007324306759983301,0.571765661239624,0.08762157708406448
37,34,0.6174899935722351,0.60578852891922,0.011489445343613625,2.1200947761535645,0.26219642162323
37,35,0.2517411708831787,0.24843212962150574,0.003288388717919588,0.20644736289978027,0.0512169748544693
37,36,0.012693080119788647,0.012606335803866386,7.211165211629122e-05,0.14632652699947357,0.04815392196178436
37,37,0.040841590613126755,0.04055961221456528,0.00024751847377046943,0.3445846438407898,0.01888125017285347
37,38,0.013290196657180786,0.013155627995729446,0.00011967327736783773,0.1489529013633728,0.04544205963611603
37,39,0.4051058888435364,0.40080684423446655,0.004226216580718756,0.7284848690032959,0.03696950152516365
37,40,0.920447826385498,0.8960392475128174,0.023812783882021904,5.958363056182861,0.3271693289279938
37,41,0.09323007613420486,0.09245522320270538,0.0007646236335858703,0.10230457782745361,0.01844698190689087
37,42,0.3263664245605469,0.3235447406768799,0.0027847217861562967,0.36968353390693665,0.056921571493148804
37,43,0.7076618075370789,0.6976263523101807,0.00997693557292223,0.5851647853851318,0.10453426837921143
37,44,0.2156783938407898,0.2123289406299591,0.003316253423690796,0.3319563865661621,0.022050946950912476
37,45,0.444409042596817,0.4386900067329407,0.005685150623321533,0.33888235688209534,0.047835975885391235
37,46,0.8141154050827026,0.7914661169052124,0.02217715047299862,4.721097469329834,0.45073816180229187
37,47,0.22775444388389587,0.22560766339302063,0.0021348660811781883,0.11915744096040726,0.06141330674290657
37,48,0.36449864506721497,0.36077573895454407,0.0037116985768079758,0.11194156855344772,0.027925867587327957
37,49,0.02026538737118244,0.020157791674137115,7.917186303529888e-05,0.28424137830734253,0.0038359849713742733
37,50,0.8795132040977478,0.872261106967926,0.00717744417488575,0.7459650039672852,0.07447226345539093
37,51,0.7304737567901611,0.7225673198699951,0.007855887524783611,0.5056909918785095,0.055378034710884094
37,52,0.08784227818250656,0.08694389462471008,0.0008945162408053875,0.03868290036916733,0.007486460730433464
37,53,1.2076481580734253,1.1934351921081543,0.013617333024740219,5.956411361694336,0.1569601595401764
37,54,0.4471617639064789,0.440431147813797,0.006692381110042334,0.3825046718120575,0.06557095050811768
37,55,1.128976583480835,1.1076353788375854,0.020940622314810753,4.005171775817871,0.1951761096715927
37,56,0.9567000269889832,0.9377976655960083,0.018600162118673325,3.0218398571014404,0.2172006517648697
37,57,0.20035022497177124,0.198312446475029,0.002018130850046873,0.19651438295841217,0.020483344793319702
37,58,1.0392858982086182,1.0074104070663452,0.030697274953126907,11.782251358032227,0.19269397854804993
37,59,0.031767599284648895,0.03157958388328552,0.00015532536781392992,0.32690516114234924,0.005719367414712906
37,60,0.8853582143783569,0.8606650233268738,0.02416500821709633,5.281424522399902,0.40365564823150635
37,61,0.01450389251112938,0.014354384504258633,0.00013247030437923968,0.1703769564628601,0.07525599747896194
37,62,0.4084618389606476,0.4041684865951538,0.004250695928931236,0.42655059695243835,0.0251457542181015
37,63,0.38136395812034607,0.3775816261768341,0.0037674428895115852,0.14892086386680603,0.01575593091547489
37,64,0.8464970588684082,0.8370559811592102,0.00937901996076107,0.6203871965408325,0.06503048539161682
37,65,0.3471388518810272,0.3435615003108978,0.0035505914129316807,0.26776862144470215,0.009605448693037033
37,66,0.8263073563575745,0.8047488927841187,0.021082505583763123,4.759237766265869,0.31582897901535034
37,67,0.8390185236930847,0.8154243230819702,0.023056086152791977,5.381125450134277,0.35138046741485596
37,68,0.3891810476779938,0.3841888904571533,0.00496879406273365,0.2335449755191803,0.042376983910799026
37,69,0.13093648850917816,0.12957271933555603,0.0013579297810792923,0.058451566845178604,0.07103798538446426
37,70,0.35934826731681824,0.354758083820343,0.004560457076877356,0.29725387692451477,0.04565206542611122
37,71,0.45073407888412476,0.4428483843803406,0.007751707453280687,1.3397881984710693,0.05649734288454056
37,72,0.9188141822814941,0.9077074527740479,0.011060825549066067,0.45924660563468933,0.12633927166461945
37,73,0.3660549819469452,0.3624875545501709,0.0035504288971424103,0.16980382800102234,0.025916069746017456
37,74,0.35422420501708984,0.3510436713695526,0.00315562030300498,0.24922901391983032,0.018918510526418686
37,75,0.017305860295891762,0.017217416316270828,7.646316953469068e-05,0.11979755759239197,0.034760117530822754
37,76,0.05153152719140053,0.05122068151831627,0.0002824935654643923,0.28353527188301086,0.020338814705610275
37,77,0.13174135982990265,0.1306675672531128,0.0010638710809871554,0.09925547987222672,0.0503619983792305
37,78,0.013446064665913582,0.013333492912352085,9.934297122526914e-05,0.13228534162044525,0.048347361385822296
37,79,0.27774474024772644,0.27205559611320496,0.005679443944245577,0.09700555354356766,0.01839965023100376
37,80,0.8210945725440979,0.8051681518554688,0.015680983662605286,2.4544777870178223,0.5479109883308411
37,81,0.030370909720659256,0.0301913321018219,0.000148891587741673,0.30685004591941833,0.006135918200016022
37,82,0.6069904565811157,0.5978031158447266,0.009030752815306187,1.5658822059631348,0.3189352750778198
37,83,0.019322091713547707,0.019242240116000175,5.1946502935606986e-05,0.27904123067855835,0.003246681299060583
37,84,0.8878223299980164,0.8690834641456604,0.018397994339466095,3.408757209777832,0.5497375726699829
37,85,0.029651500284671783,0.02950827032327652,0.00011325158266117796,0.29980021715164185,0.005752858705818653
37,86,0.02009052038192749,0.01999562978744507,6.731493340339512e-05,0.27576717734336853,0.003030208870768547
37,87,0.840008556842804,0.8243201971054077,0.015338771045207977,3.4956836700439453,0.3173867464065552
37,88,0.04101916402578354,0.040671683847904205,0.00031559664057567716,0.31884652376174927,0.016431987285614014
37,89,1.2378636598587036,1.212363839149475,0.024831779301166534,6.68049430847168,0.1237218901515007
37,90,0.9313985109329224,0.9224565029144287,0.008868270553648472,0.7370280623435974,0.13752204179763794
37,91,0.958817183971405,0.9279661178588867,0.02994856983423233,9.02485179901123,0.1368757039308548
37,92,0.41126611828804016,0.40615272521972656,0.004978143144398928,1.3523262739181519,0.03929910808801651
37,93,0.12096791714429855,0.11984631419181824,0.0011160208377987146,0.055803317576646805,0.03893563523888588
37,94,0.9596362113952637,0.9134232997894287,0.045685309916734695,5.275999546051025,0.6755012273788452
37,95,0.4011710286140442,0.3976944088935852,0.0034500304609537125,0.26576220989227295,0.015582754276692867
37,96,0.39679083228111267,0.3931664526462555,0.0036002262495458126,0.24146926403045654,0.015041103586554527
37,97,0.409097820520401,0.4059095084667206,0.0031631644815206528,0.2515600323677063,0.016320951282978058
37,98,0.35756969451904297,0.35459470748901367,0.0029464438557624817,0.28538501262664795,0.013370366767048836
37,99,0.01919347606599331,0.019116690382361412,5.536565004149452e-05,0.21420709788799286,0.00329437549225986
37,100,0.4335211515426636,0.4288363456726074,0.004623909946531057,0.6087421178817749,0.045066505670547485
38,1,0.3575005531311035,0.35417652130126953,0.0032473283354192972,0.7671931982040405,0.0559033565223217
38,2,0.8788131475448608,0.8633537292480469,0.015129325911402702,3.3006904125213623,0.37867751717567444
38,3,0.7343932390213013,0.7256225347518921,0.008726772852241993,0.4394768476486206,0.14063428342342377
38,4,0.025025520473718643,0.0249270461499691,7.035610178718343e-05,0.2811938226222992,0.0020417138002812862
38,5,1.0640109777450562,1.0519477128982544,0.011681323871016502,3.8195929527282715,0.1421279013156891
38,6,0.052517108619213104,0.03726326674222946,0.015249799005687237,0.04041079431772232,0.007275172509253025
38,7,0.4032694697380066,0.3984588384628296,0.004788083489984274,0.2256343811750412,0.07741771638393402
38,8,0.3916449248790741,0.3873923420906067,0.004235704429447651,0.16868290305137634,0.05952032655477524
38,9,0.020365992560982704,0.02027023956179619,7.003690552664921e-05,0.25716516375541687,0.0032808256801217794
38,10,0.042227745056152344,0.041990820318460464,0.00020791287533938885,0.2901340126991272,0.013872073963284492
38,11,1.1236072778701782,1.0609827041625977,0.06166937202215195,9.551920890808105,0.12745465338230133
38,12,0.12806852161884308,0.126994788646698,0.0010693222284317017,0.04412829875946045,0.018869919702410698
38,13,0.1427326798439026,0.14022746682167053,0.002472200430929661,0.33011144399642944,0.06797125935554504
38,14,0.025498108938336372,0.025434274226427078,4.0504237404093146e-05,0.23329590260982513,0.00756687019020319
38,15,0.37923479080200195,0.37512892484664917,0.004093891009688377,0.11993440985679626,0.024859555065631866
38,16,0.012031132355332375,0.011949330568313599,6.909568037372082e-05,0.12706470489501953,0.06364593654870987
38,17,0.013425924815237522,0.013333475217223167,7.911712600616738e-05,0.13333167135715485,0.07154866307973862
38,18,0.6526784896850586,0.6366755962371826,0.0156702883541584,3.3256752490997314,0.2453073114156723
38,19,0.23987005650997162,0.23712261021137238,0.002732096239924431,0.15349289774894714,0.044917576014995575
38,20,0.7291486859321594,0.719720721244812,0.009363723918795586,0.6422779560089111,0.10229499638080597
38,21,0.4777359664440155,0.47060006856918335,0.0069821784272789955,1.5372802019119263,0.07943500578403473
38,22,0.1266723871231079,0.1256963312625885,0.0009712525061331689,0.04793886840343475,0.04562396556138992
38,23,0.955061674118042,0.9366626143455505,0.017769455909729004,6.295835971832275,0.08255241811275482
38,24,0.2379581481218338,0.23632363975048065,0.0016251825727522373,0.09321279078722,0.03344018757343292
38,25,0.3422343134880066,0.3393368721008301,0.002873336663469672,0.24121136963367462,0.01029619388282299
38,26,0.44553884863853455,0.44026413559913635,0.005134423729032278,1.4027843475341797,0.04839453846216202
38,27,0.7683575749397278,0.7594349384307861,0.008857165463268757,0.6545597314834595,0.07294780761003494
38,28,0.020711461082100868,0.020610343664884567,7.141388778109103e-05,0.2970394194126129,0.0026542157866060734
38,29,0.5925329923629761,0.5863999724388123,0.005976414307951927,1.565893292427063,0.2260569930076599
38,30,0.015754075720906258,0.015654519200325012,7.184853166108951e-05,0.2770797610282898,0.002678930526599288
38,31,0.23129349946975708,0.22938120365142822,0.0018997584702447057,0.12531660497188568,0.06712055951356888
38,32,0.019331762567162514,0.019232966005802155,8.32551158964634e-05,0.1554224044084549,0.09620381891727448
38,33,0.12858881056308746,0.12756380438804626,0.0010196951916441321,0.05311369150876999,0.06160632520914078
38,34,0.018953194841742516,0.01886635273694992,5.8200683270115405e-05,0.286411851644516,0.003161144908517599
38,35,0.40702271461486816,0.4010050296783447,0.005923009477555752,0.9466894865036011,0.04298650100827217
38,36,0.809421956539154,0.8001704216003418,0.009180333465337753,0.7123876810073853,0.08005663007497787
38,37,0.01382451318204403,0.013745145872235298,6.639730418100953e-05,0.129693865776062,0.04446748271584511
38,38,0.71709144115448,0.7093732953071594,0.007663249038159847,0.5487447381019592,0.06593850255012512
38,39,1.1386839151382446,1.1162357330322266,0.02190791256725788,5.4031476974487305,0.13106030225753784
38,40,0.8844388723373413,0.8741371631622314,0.010252775624394417,0.48942625522613525,0.09111703932285309
38,41,0.04401038587093353,0.04364917427301407,0.00032881234074011445,0.3240070343017578,0.019606705754995346
38,42,0.9984392523765564,0.9713175296783447,0.026046456769108772,10.752912521362305,0.13334780931472778
38,43,0.2049684077501297,0.20249447226524353,0.0024451110512018204,0.288211852312088,0.002820751164108515
38,44,0.012771213427186012,0.012689650058746338,6.819842383265495e-05,0.13364467024803162,0.05267777293920517
38,45,0.12329646944999695,0.12217287719249725,0.001117998268455267,0.055921293795108795,0.05155480280518532
38,46,0.22980456054210663,0.22785870730876923,0.0019361039157956839,0.09739205241203308,0.04608815163373947
38,47,0.6902585029602051,0.6792314052581787,0.010964962653815746,0.6210744976997375,0.11102063953876495
38,48,0.2053021639585495,0.20329755544662476,0.0019814269617199898,0.23181825876235962,0.005869298242032528
38,49,0.1230638176202774,0.12205085158348083,0.0010078118648380041,0.051566895097494125,0.048669882118701935
38,50,0.3890862464904785,0.38541269302368164,0.0036526969633996487,0.208566352725029,0.037936724722385406
38,51,0.8561280965805054,0.845538854598999,0.010544529184699059,0.4471338987350464,0.10021565854549408
38,52,1.011885166168213,0.9909170866012573,0.020647525787353516,3.205138683319092,0.16133981943130493
38,53,1.048099160194397,1.0332973003387451,0.013710686936974525,10.911636352539062,0.19199346005916595
38,54,0.8934393525123596,0.8656026124954224,0.02723417989909649,6.025378704071045,0.32570338249206543
38,55,0.32569825649261475,0.3222930431365967,0.003360869362950325,0.4434848129749298,0.029133159667253494
38,56,0.6969907879829407,0.6880608797073364,0.008869031444191933,0.6085500717163086,0.08388186991214752
38,57,0.34029465913772583,0.3355522155761719,0.0047007775865495205,0.4167424142360687,0.03215048089623451
38,58,0.8372750282287598,0.8117979764938354,0.02489573135972023,5.813216209411621,0.5483250617980957
38,59,0.044063396751880646,0.04363298416137695,0.0003919159062206745,0.3849826753139496,0.022057073190808296
38,60,0.8714333176612854,0.8395119905471802,0.03143753483891487,4.837910175323486,0.5220767259597778
38,61,0.8326969742774963,0.8204168677330017,0.01194201223552227,3.3809635639190674,0.46950244903564453
38,62,0.019569003954529762,0.01947890594601631,6.19621787336655e-05,0.2813462018966675,0.0031981063075363636
38,63,0.45596522092819214,0.45061537623405457,0.005317844916135073,0.32016217708587646,0.041716497391462326
38,64,1.1193530559539795,1.0685462951660156,0.04944772273302078,13.590319633483887,0.171580970287323
38,65,0.13266505300998688,0.1317034512758255,0.000956050876993686,0.055583707988262177,0.04360990971326828
38,66,0.9631118774414062,0.943244457244873,0.019122783094644547,7.446408748626709,0.10971970856189728
38,67,1.1250200271606445,1.0747047662734985,0.049499668180942535,8.15667724609375,0.19234472513198853
38,68,0.4325733482837677,0.42427051067352295,0.008264580741524696,0.382617324590683,0.06823612749576569
38,69,1.0373672246932983,1.0224558115005493,0.014244914054870605,6.665280342102051,0.2039394974708557
38,70,0.3434520661830902,0.33981847763061523,0.0036114086396992207,0.22169235348701477,0.023007072508335114
38,71,0.8887858390808105,0.868675947189331,0.019712146371603012,3.977407932281494,0.3513731360435486
38,72,0.12696847319602966,0.12458758801221848,0.002366598229855299,0.14283931255340576,0.09284467250108719
38,73,1.1278066635131836,1.0913360118865967,0.03534553945064545,11.250730514526367,0.2155487835407257
38,74,0.396749347448349,0.39286887645721436,0.003862472018226981,0.18011082708835602,0.019827594980597496
38,75,0.34087905287742615,0.3352651596069336,0.005508321337401867,1.0556421279907227,0.048386454582214355
38,76,0.024692002683877945,0.02453925833106041,0.00011949717008974403,0.3324590027332306,0.0075582582503557205
38,77,0.025879379361867905,0.025722021237015724,0.00012370279000606388,0.33656197786331177,0.008181186392903328
38,78,1.0723873376846313,1.045487880706787,0.02640535682439804,4.940977096557617,0.15072956681251526
38,79,0.005901239812374115,0.005854271352291107,2.2138683561934158e-05,0.2482992559671402,0.0018215395975857973
38,80,0.40171167254447937,0.3970201015472412,0.004579347092658281,1.1224862337112427,0.03906499594449997
38,81,0.9706950783729553,0.9600083827972412,0.010571064427495003,1.156078815460205,0.079410120844841
38,82,0.6148725152015686,0.6051864624023438,0.009505202062427998,1.8084073066711426,0.2195032835006714
38,83,0.023211505264043808,0.023090001195669174,8.699583122506738e-05,0.3450741469860077,0.0030162432231009007
38,84,0.32387930154800415,0.3207838237285614,0.0030712999869138002,0.24167591333389282,0.056386325508356094
38,85,0.8850495219230652,0.8782920837402344,0.006725401617586613,0.3200547993183136,0.06934820115566254
38,86,0.32528382539749146,0.3224162757396698,0.002836698666214943,0.3083338141441345,0.05044455826282501
38,87,0.8439395427703857,0.8282915353775024,0.015356635674834251,2.9137072563171387,0.3580021262168884
38,88,0.025166409090161324,0.025037545710802078,9.489053627476096e-05,0.339734822511673,0.0064314925111830235
38,89,0.19279217720031738,0.19056838750839233,0.002196058165282011,0.27726396918296814,0.014262666925787926
38,90,0.978721559047699,0.9544476270675659,0.023286594077944756,9.8737211227417,0.10189862549304962
38,91,1.152605652809143,1.13338041305542,0.018798884004354477,4.263971328735352,0.14243489503860474
38,92,0.02660400979220867,0.026465438306331635,0.00010654854850145057,0.3202283978462219,0.009144719690084457
38,93,0.1945158690214157,0.1928245723247528,0.0016661322442814708,0.2516267001628876,0.007952173240482807
38,94,0.8792819976806641,0.8573105335235596,0.02144450694322586,5.269500255584717,0.4060271084308624
38,95,0.12378677725791931,0.12126393616199493,0.0025063944049179554,0.16441749036312103,0.09148545563220978
38,96,0.3288267254829407,0.32551366090774536,0.00327975582331419,0.33304327726364136,0.03645201399922371
38,97,0.1341511607170105,0.13163238763809204,0.0024983095936477184,0.2046448141336441,0.11758896708488464
38,98,0.9659889340400696,0.9419219493865967,0.023530183359980583,5.367980480194092,0.6231610774993896
38,99,0.8918507099151611,0.8746536374092102,0.01707546040415764,1.2158507108688354,0.15291902422904968
38,100,0.43354618549346924,0.42577868700027466,0.007641842123121023,1.2565399408340454,0.041029248386621475
39,1,0.8244686722755432,0.8168489933013916,0.007590057328343391,0.29600465297698975,0.07611137628555298
39,2,0.43407511711120605,0.42676442861557007,0.007166823372244835,1.438490867614746,0.04059629514813423
39,3,0.043057698756456375,0.042654428631067276,0.0003656435292214155,0.3762662410736084,0.021579328924417496
39,4,0.8903562426567078,0.8754235506057739,0.014743344858288765,1.8936119079589844,0.08863618969917297
39,5,0.35053831338882446,0.3479818105697632,0.0025126775726675987,0.4385170042514801,0.037189044058322906
39,6,0.3986360430717468,0.39348483085632324,0.005024115554988384,1.2709881067276,0.032821714878082275
39,7,0.33621731400489807,0.33310413360595703,0.00308997742831707,0.2322588711977005,0.013184535317122936
39,8,0.9340927600860596,0.9096600413322449,0.02389007993042469,5.42656946182251,0.10462653636932373
39,9,0.7387815713882446,0.7296267747879028,0.009062394499778748,0.923652172088623,0.09149777889251709
39,10,1.005926251411438,0.9877143502235413,0.01770779862999916,5.0415472984313965,0.18754664063453674
39,11,0.04530717432498932,0.044839903712272644,0.00042846985161304474,0.3880373537540436,0.020519431680440903
39,12,0.016273871064186096,0.016186082735657692,5.8265344705432653e-05,0.2952311336994171,0.002708981279283762
39,13,0.37873178720474243,0.3755183517932892,0.0031934629660099745,0.1996954381465912,0.04660346359014511
39,14,0.7758307456970215,0.7676711082458496,0.008101529441773891,0.5808683037757874,0.08473476767539978
39,15,0.8943260312080383,0.8749629259109497,0.0189778171479702,3.852557420730591,0.32607558369636536
39,16,1.1255594491958618,1.0883458852767944,0.0363590344786644,8.544541358947754,0.17585162818431854
39,17,1.104422688484192,1.0769420862197876,0.026695100590586662,7.854579448699951,0.2024403214454651
39,18,0.3074987530708313,0.30243903398513794,0.005024613346904516,0.3511558771133423,0.14971065521240234
39,19,0.01905030757188797,0.01896265335381031,5.9956248151138425e-05,0.27698105573654175,0.004409657325595617
39,20,0.4775903820991516,0.46720296144485474,0.010339571163058281,0.47876080870628357,0.08308713138103485
39,21,0.02057868428528309,0.020488690584897995,6.330705946311355e-05,0.2668554484844208,0.004563375376164913
39,22,0.4650890827178955,0.45651257038116455,0.008520074188709259,0.564346969127655,0.06299971044063568
39,23,0.8429116606712341,0.82185959815979,0.020566590130329132,4.855062961578369,0.3913007974624634
39,24,0.1324084848165512,0.12924517691135406,0.003141996683552861,0.21313975751399994,0.07702833414077759
39,25,0.028137553483247757,0.02800050750374794,0.00010926761024165899,0.2777811288833618,0.0086554866284132
39,26,0.44130274653434753,0.4375534653663635,0.003727815579622984,0.21443839371204376,0.029423557221889496
39,27,0.9497565031051636,0.9167835712432861,0.032477639615535736,4.9532084465026855,0.4583112597465515
39,28,0.014843346551060677,0.014767149463295937,4.983209873898886e-05,0.26364874839782715,0.0031999442726373672
39,29,0.8982385993003845,0.8844839930534363,0.013057995587587357,6.965734481811523,0.48440587520599365
39,30,0.8876916766166687,0.8792018890380859,0.008426446467638016,0.633305013179779,0.09006784856319427
39,31,0.8688288927078247,0.8501530885696411,0.01838388293981552,2.919548273086548,0.5356576442718506
39,32,0.13554179668426514,0.13340136408805847,0.002126414095982909,0.14016421139240265,0.1270134150981903
39,33,0.8688012957572937,0.8475885391235352,0.020581187680363655,6.3156890869140625,0.4386609196662903
39,34,1.1142934560775757,1.0936744213104248,0.020185347646474838,4.336535930633545,0.1555282175540924
39,35,0.341107577085495,0.3377837538719177,0.0033075138926506042,0.16300871968269348,0.01816886104643345
39,36,0.5012161731719971,0.49306246638298035,0.008076267316937447,0.7740899324417114,0.04032854735851288
39,37,0.13058429956436157,0.1294284164905548,0.0011489719618111849,0.0691906213760376,0.06699123978614807
39,38,0.12194675207138062,0.12081021815538406,0.00113123026676476,0.05307760834693909,0.05756533145904541
39,39,0.04520038142800331,0.0447419248521328,0.0004174964560661465,0.40959984064102173,0.0196550115942955
39,40,0.3270232677459717,0.32316964864730835,0.0038089260924607515,0.4469238519668579,0.04539034143090248
39,41,0.3327377736568451,0.3298029899597168,0.0029173027724027634,0.17491111159324646,0.02474476769566536
39,42,0.8841652870178223,0.8765268325805664,0.007601424120366573,0.3700587749481201,0.08470205217599869
39,43,0.8883706331253052,0.8744139671325684,0.013861464336514473,0.9520114660263062,0.11202714592218399
39,44,0.4035939872264862,0.39800310134887695,0.005519994534552097,0.7090960144996643,0.017186496406793594
39,45,0.421133816242218,0.41798949241638184,0.0029877712950110435,1.5654667615890503,0.014139646664261818
39,46,0.22571063041687012,0.2239462435245514,0.0017526422161608934,0.11743274331092834,0.01531948521733284
39,47,0.41300660371780396,0.4077753722667694,0.005120467394590378,1.1077823638916016,0.03408382460474968
39,48,0.021877573803067207,0.021764889359474182,7.783946057315916e-05,0.3484496772289276,0.0033562080934643745
39,49,1.0566743612289429,1.0297614336013794,0.026115193963050842,7.976933002471924,0.22684915363788605
39,50,0.9877581596374512,0.962935209274292,0.02384036034345627,9.825611114501953,0.15540680289268494
39,51,0.021023912355303764,0.020945053547620773,4.318080027587712e-05,0.3567790389060974,0.0029379348270595074
39,52,0.8078930377960205,0.7988107204437256,0.009016420692205429,0.6589568257331848,0.12127424776554108
39,53,0.951732873916626,0.9434661865234375,0.007401526905596256,8.65133285522461,0.11019961535930634
39,54,0.3527049124240875,0.34977829456329346,0.002906110603362322,0.20493359863758087,0.01959625631570816
39,55,0.9359732866287231,0.9023152589797974,0.03332509100437164,3.3294718265533447,0.16696175932884216
39,56,1.190848708152771,1.1640852689743042,0.02608766406774521,6.758419036865234,0.14082032442092896
39,57,0.41314896941185,0.40859001874923706,0.004528576973825693,0.303677499294281,0.08384336531162262
39,58,0.3403438925743103,0.3376652002334595,0.002657150849699974,0.21549876034259796,0.07681697607040405
39,59,0.12288353592157364,0.12127740681171417,0.001600657356902957,0.054702192544937134,0.05829072743654251
39,60,0.044919244945049286,0.044378165155649185,0.0004959498764947057,0.45127883553504944,0.02279171347618103
39,61,0.32558298110961914,0.32275769114494324,0.0027793936897069216,0.4589037597179413,0.05457039177417755
39,62,0.04477228224277496,0.044348008930683136,0.0003832253278233111,0.41049647331237793,0.024300798773765564
39,63,0.04427386820316315,0.04387788847088814,0.0003565459337551147,0.3943214416503906,0.023052778095006943
39,64,0.01808992028236389,0.01798310875892639,9.105351637117565e-05,0.1575813889503479,0.033288683742284775
39,65,0.01684076339006424,0.016734177246689796,9.08041765796952e-05,0.1578243523836136,0.03635544329881668
39,66,0.4804460108280182,0.46982502937316895,0.010409342125058174,2.1161835193634033,0.04818214476108551
39,67,0.42147913575172424,0.40842756628990173,0.012791607528924942,2.59976863861084,0.03915616124868393
39,68,0.8596649169921875,0.8407884836196899,0.018741250038146973,1.3519797325134277,0.14332827925682068
39,69,0.4571925401687622,0.44681793451309204,0.010301855392754078,0.7275192141532898,0.07331937551498413
39,70,0.04408787190914154,0.04357967525720596,0.0004682400031015277,0.39956673979759216,0.023123715072870255
39,71,0.8845694065093994,0.8301023840904236,0.05351664870977402,9.503687858581543,0.17700955271720886
39,72,0.025621598586440086,0.025479799136519432,0.00011170643847435713,0.3009316325187683,0.00743317324668169
39,73,0.9103505611419678,0.902002215385437,0.00829394068568945,0.5442003011703491,0.08116963505744934
39,74,0.42369920015335083,0.4191800355911255,0.004453220404684544,0.6593968272209167,0.04226461425423622
39,75,0.9386585354804993,0.9039133787155151,0.03373025730252266,10.148712158203125,0.10713998973369598
39,76,0.42470768094062805,0.42038828134536743,0.00418706564232707,1.3232461214065552,0.04447876289486885
39,77,1.0196081399917603,1.006134271621704,0.01292462833225727,5.492274761199951,0.1545484960079193
39,78,0.021334895864129066,0.0212430227547884,6.678554200334474e-05,0.25088435411453247,0.002808384597301483
39,79,0.32252493500709534,0.31995052099227905,0.0025523733347654343,0.22039714455604553,0.05292323976755142
39,80,0.12905792891979218,0.12812131643295288,0.0009324061102233827,0.0419953316450119,0.04528900235891342
39,81,0.8379799723625183,0.8199781179428101,0.017647312954068184,3.545551061630249,0.38980263471603394
39,82,0.8818069696426392,0.8645427227020264,0.016904592514038086,3.5962841510772705,0.551811933517456
39,83,0.13009048998355865,0.12885069847106934,0.0012324335984885693,0.07361935079097748,0.03895550221204758
39,84,0.9349053502082825,0.9147276282310486,0.019737036898732185,4.406609535217285,0.3912659287452698
39,85,1.066440224647522,1.0520380735397339,0.013353976421058178,10.482362747192383,0.1998492032289505
39,86,0.48498162627220154,0.4770248830318451,0.007789139170199633,1.676006555557251,0.03982459008693695
39,87,0.9648891687393188,0.9268082976341248,0.037563201040029526,5.1765899658203125,0.5572983622550964
39,88,1.112214207649231,1.0813519954681396,0.030288133770227432,5.7407917976379395,0.17027801275253296
39,89,0.3418745994567871,0.33862215280532837,0.0032011920120567083,0.512544572353363,0.03353714942932129
39,90,0.34652629494667053,0.3423478901386261,0.004076930694282055,1.014715552330017,0.03769636154174805
39,91,0.9003841280937195,0.8883665204048157,0.011930105276405811,0.8747104406356812,0.11573971807956696
39,92,0.8838396072387695,0.8729859590530396,0.010779923759400845,0.7373677492141724,0.07973623275756836
39,93,0.7772091031074524,0.7670873403549194,0.009736103937029839,3.8565926551818848,0.37618446350097656
39,94,0.013773495331406593,0.013687856495380402,7.297538832062855e-05,0.1266283392906189,0.07328680902719498
39,95,0.5847455859184265,0.5746133327484131,0.00993786845356226,1.9434864521026611,0.24658162891864777
39,96,0.38580963015556335,0.38050591945648193,0.005276654846966267,0.2707065939903259,0.04045414179563522
39,97,0.19789966940879822,0.19566835463047028,0.0022078310139477253,0.23490633070468903,0.017512720078229904
39,98,0.38210469484329224,0.3786390423774719,0.0034519729670137167,0.1367167830467224,0.024117570370435715
39,99,0.024675745517015457,0.02458161674439907,6.808278703829274e-05,0.2604445517063141,0.0050701359286904335
39,100,0.6173354387283325,0.6087915301322937,0.008372846990823746,1.7106893062591553,0.17134693264961243
40,1,0.8650255799293518,0.8454564809799194,0.018992744386196136,5.7635626792907715,0.33230650424957275
40,2,1.0722095966339111,1.0548617839813232,0.016993779689073563,3.5401852130889893,0.11056675016880035
40,3,0.024565650150179863,0.02443414181470871,0.00010255579400109127,0.28952157497406006,0.007638146635144949
40,4,0.9461345076560974,0.9343580007553101,0.011694464832544327,0.8199743628501892,0.11788728088140488
40,5,0.2404414415359497,0.23848499357700348,0.0019393677357584238,0.1707070916891098,0.08461098372936249
40,6,0.46983209252357483,0.4624766409397125,0.007289639674127102,0.6579816341400146,0.08045360445976257
40,7,0.018785925582051277,0.018680470064282417,7.549566362285987e-05,0.2996140122413635,0.0036488003097474575
40,8,0.6206737160682678,0.6085336804389954,0.01189441792666912,2.4563512802124023,0.34124428033828735
40,9,0.39101818203926086,0.3866329789161682,0.004367068875581026,0.18105114996433258,0.027816491201519966
40,10,0.32786843180656433,0.32472890615463257,0.003099570283666253,0.39975714683532715,0.0247734934091568
40,11,0.35455322265625,0.3477788269519806,0.006661460734903812,1.1292473077774048,0.022446159273386
40,12,0.026269221678376198,0.02617047354578972,7.334151450777426e-05,0.2540739178657532,0.006135111674666405
40,13,0.2271958291530609,0.2255679816007614,0.0016134963370859623,0.14343684911727905,0.043783992528915405
40,14,0.3724890947341919,0.3682340979576111,0.004240780137479305,0.1421404480934143,0.020117605105042458
40,15,0.840905487537384,0.8322021961212158,0.008634833618998528,0.6851245164871216,0.10444407165050507
40,16,1.1669412851333618,1.134798526763916,0.031300727277994156,8.42026424407959,0.1815674901008606
40,17,1.091610312461853,1.0681452751159668,0.02299473062157631,4.702528476715088,0.17874851822853088
40,18,0.784282922744751,0.7748238444328308,0.00937889888882637,0.8015252351760864,0.14074788987636566
40,19,1.1393523216247559,1.1147862672805786,0.024116218090057373,4.499025821685791,0.17665085196495056
40,20,0.40814611315727234,0.40353164076805115,0.004598063416779041,0.16431671380996704,0.0759848803281784
40,21,0.7820822596549988,0.7758733034133911,0.006167606450617313,0.413372278213501,0.11486989259719849
40,22,0.45184752345085144,0.4473447799682617,0.004475591238588095,0.2713739573955536,0.02698276750743389
40,23,0.2370721697807312,0.23475822806358337,0.002302353736013174,0.11597500741481781,0.08403195440769196
40,24,0.014374526217579842,0.014289816841483116,7.16729846317321e-05,0.1303693801164627,0.0668444111943245
40,25,0.2171667069196701,0.2153884917497635,0.0017671145033091307,0.11104794591665268,0.05935687571763992
40,26,0.8508471250534058,0.8329484462738037,0.01739729940891266,5.013658046722412,0.38251060247421265
40,27,0.02991599217057228,0.02977694198489189,0.00011124787852168083,0.2780247926712036,0.009459402412176132
40,28,0.35042604804039,0.3461063504219055,0.004223253577947617,0.9643513560295105,0.026366479694843292
40,29,0.23550258576869965,0.23393717408180237,0.0015550977550446987,0.10317135602235794,0.03201574832201004
40,30,0.27356502413749695,0.2671542465686798,0.006398907862603664,0.11853338032960892,0.01967417076230049
40,31,0.019132092595100403,0.019037604331970215,6.347890303004533e-05,0.31009143590927124,0.0034407274797558784
40,32,0.376529723405838,0.3724192976951599,0.004095994867384434,0.14412054419517517,0.02619924582540989
40,33,0.13771848380565643,0.13648873567581177,0.001222959952428937,0.06788584589958191,0.01331089437007904
40,34,0.015102456323802471,0.015045663341879845,4.387550870887935e-05,0.1291717141866684,0.08297432959079742
40,35,1.0348985195159912,0.9904627203941345,0.04385398328304291,5.818096160888672,0.18871726095676422
40,36,0.7180219888687134,0.7094800472259521,0.008486386388540268,0.5553231239318848,0.09028978645801544
40,37,0.20160052180290222,0.19924107193946838,0.0023233769461512566,0.36076346039772034,0.02546130120754242
40,38,0.8894637823104858,0.8701411485671997,0.01924155279994011,0.8107514381408691,0.10303319990634918
40,39,0.023439910262823105,0.023339856415987015,6.84823899064213e-05,0.31571435928344727,0.00757211446762085
40,40,0.13094189763069153,0.1291654407978058,0.0017657913267612457,0.10670410096645355,0.06595997512340546
40,41,0.00596144562587142,0.005902767647057772,5.8616522437660024e-05,0.0006151132402010262,0.0018136757425963879
40,42,1.0122884511947632,0.9983260631561279,0.013580478727817535,3.819791555404663,0.12891274690628052
40,43,0.43476176261901855,0.4284857511520386,0.006249620579183102,0.2639963626861572,0.04509403556585312
40,44,0.20944929122924805,0.2074238359928131,0.0019954130984842777,0.30041080713272095,0.012879077345132828
40,45,0.23746077716350555,0.23562009632587433,0.0018240513745695353,0.1662902981042862,0.05688963085412979
40,46,0.2602376639842987,0.2555975317955017,0.0046145496889948845,0.2556881606578827,0.0378597229719162
40,47,0.43045124411582947,0.4241114854812622,0.006257867440581322,0.8191034197807312,0.052666984498500824
40,48,0.026457278057932854,0.02632543444633484,9.867604239843786e-05,0.3316902816295624,0.007134202867746353
40,49,0.4429604113101959,0.4380604028701782,0.004801623988896608,0.9838274717330933,0.057705238461494446
40,50,0.014318444766104221,0.014246022328734398,4.3304986320436e-05,0.2911771237850189,0.003656787797808647
40,51,0.42670658230781555,0.4212964177131653,0.005385162308812141,0.250175416469574,0.025275185704231262
40,52,0.12524926662445068,0.1229180246591568,0.0023183361627161503,0.12903107702732086,0.07670772075653076
40,53,0.7213570475578308,0.7147984504699707,0.006504878401756287,0.5371072292327881,0.08103077113628387
40,54,0.7243332266807556,0.7162007093429565,0.008066276088356972,0.6622008085250854,0.08312255144119263
40,55,0.31966057419776917,0.31541240215301514,0.004230383783578873,0.17779679596424103,0.026429064571857452
40,56,1.2066198587417603,1.185001015663147,0.021158292889595032,4.604579448699951,0.14867079257965088
40,57,1.1116691827774048,1.0910015106201172,0.020233742892742157,4.338833808898926,0.154666930437088
40,58,0.25792360305786133,0.25596919655799866,0.001936059445142746,0.18347671627998352,0.03893611952662468
40,59,0.013734142296016216,0.013638759031891823,8.259629248641431e-05,0.12786850333213806,0.041972190141677856
40,60,0.979194700717926,0.9522926211357117,0.026123706251382828,7.783519268035889,0.1734897494316101
40,61,0.6039099097251892,0.5969488620758057,0.006765318568795919,1.957209825515747,0.24281319975852966
40,62,0.4348207116127014,0.4275176227092743,0.007089979015290737,2.131108045578003,0.035353053361177444
40,63,0.9310517311096191,0.9124847650527954,0.01812618225812912,4.407829761505127,0.41629862785339355
40,64,1.124065637588501,1.1034057140350342,0.020224101841449738,4.358715534210205,0.16692572832107544
40,65,0.04886358231306076,0.04854118078947067,0.00028297665994614363,0.39423316717147827,0.01957857981324196
40,66,0.016091501340270042,0.01600607857108116,5.499672988662496e-05,0.30425941944122314,0.002756850328296423
40,67,0.8279829025268555,0.7999722957611084,0.027689019218087196,3.215543031692505,0.5900505781173706
40,68,0.36708593368530273,0.36335811018943787,0.003717267420142889,0.10562632232904434,0.018227066844701767
40,69,0.12598870694637299,0.12445478141307831,0.0015223664231598377,0.11561644077301025,0.07529409229755402
40,70,0.36716729402542114,0.3641497492790222,0.003003183752298355,0.1437654048204422,0.00899430736899376
40,71,0.6992354393005371,0.6914522051811218,0.007736439350992441,0.46761229634284973,0.04349416494369507
40,72,0.33275461196899414,0.3281046152114868,0.004604087211191654,0.45889216661453247,0.038874976336956024
40,73,1.050752878189087,1.0244050025939941,0.025359757244586945,9.881705284118652,0.12870730459690094
40,74,0.19600504636764526,0.19379565119743347,0.002174816560000181,0.3458806574344635,0.013371743261814117
40,75,0.6814674139022827,0.662752628326416,0.01843269169330597,2.8212814331054688,0.26114073395729065
40,76,0.23303619027137756,0.23066194355487823,0.002359973266720772,0.14272993803024292,0.07583008706569672
40,77,0.8659345507621765,0.8598416447639465,0.006059694569557905,0.33208543062210083,0.08860103785991669
40,78,0.1357393115758896,0.13311441242694855,0.002598715480417013,0.26175278425216675,0.11915510892868042
40,79,0.8496361374855042,0.841183066368103,0.008394129574298859,0.5895182490348816,0.1165013462305069
40,80,0.18947476148605347,0.18758288025856018,0.0018742731772363186,0.17605721950531006,0.009356549009680748
40,81,0.02245858870446682,0.022371463477611542,6.204772216733545e-05,0.2507663369178772,0.0033263685181736946
40,82,0.8624030947685242,0.8555043935775757,0.006863316521048546,0.353931725025177,0.09394922107458115
40,83,0.8667743802070618,0.8550815582275391,0.011614406481385231,0.7842669486999512,0.10478024184703827
40,84,0.020660879090428352,0.02047235146164894,0.00018798583187162876,0.005420514848083258,0.0016843491466715932
40,85,0.9680817127227783,0.956316351890564,0.01122848130762577,5.368655681610107,0.49572744965553284
40,86,0.9484453797340393,0.9238654375076294,0.02410925179719925,4.707207679748535,0.3594650626182556
40,87,0.4596153795719147,0.44898170232772827,0.010574856773018837,0.5881925821304321,0.0698285922408104
40,88,0.4648846983909607,0.45686471462249756,0.007862714119255543,1.5726810693740845,0.05567779019474983
40,89,0.12815997004508972,0.12706167995929718,0.0010922841029241681,0.06003190204501152,0.05679246038198471
40,90,0.026262400671839714,0.02612050250172615,0.00011290486145298928,0.2899462580680847,0.006298653781414032
40,91,0.405292272567749,0.39732906222343445,0.007911836728453636,0.5139078497886658,0.033229436725378036
40,92,0.838525116443634,0.8273437023162842,0.011131368577480316,0.5003989338874817,0.0969809889793396
40,93,0.04168679192662239,0.04140964150428772,0.0002458422095514834,0.31308233737945557,0.01841704174876213
40,94,0.044399846345186234,0.04388967156410217,0.000477047695312649,0.33126920461654663,0.02104697749018669
40,95,0.8742426037788391,0.8419996500015259,0.031605303287506104,6.376520156860352,0.426664263010025
40,96,0.04512608051300049,0.044798895716667175,0.00029663191526196897,0.3055064082145691,0.019780348986387253
40,97,0.20304493606090546,0.20125670731067657,0.001760857179760933,0.2736752927303314,0.007170288823544979
40,98,0.9382193088531494,0.9185934662818909,0.018944095820188522,6.817535400390625,0.08063841611146927
40,99,0.8532856702804565,0.8318185210227966,0.020998820662498474,4.683140277862549,0.3283954858779907
40,100,0.01943921484053135,0.019328370690345764,8.33722879178822e-05,0.2747226655483246,0.0026475717313587666
41,1,0.8619312644004822,0.8436411023139954,0.017755679786205292,5.344492435455322,0.4182029664516449
41,2,0.8294652700424194,0.8124396800994873,0.01663697324693203,3.8863308429718018,0.41742458939552307
41,3,0.23229463398456573,0.23008574545383453,0.0022002579644322395,0.08624482154846191,0.09184779226779938
41,4,0.8585524559020996,0.8507086038589478,0.007792125456035137,0.5173446536064148,0.12684333324432373
41,5,0.021286074072122574,0.02120310440659523,6.749700696673244e-05,0.15473110973834991,0.10118481516838074
41,6,0.04635683819651604,0.045941852033138275,0.0003782366111408919,0.36749932169914246,0.01965813711285591
41,7,0.04758834466338158,0.047069188207387924,0.00048227698425762355,0.3687891960144043,0.02316334657371044
41,8,0.3698394298553467,0.36412790417671204,0.005703634582459927,0.0789351612329483,0.018197789788246155
41,9,0.23197096586227417,0.2306603193283081,0.0013000050093978643,0.1063404455780983,0.028027426451444626
41,10,0.9356314539909363,0.9112310409545898,0.02343236282467842,9.68026351928711,0.08649085462093353
41,11,0.3305388391017914,0.32565340399742126,0.0048108515329658985,0.7459522485733032,0.01690300554037094
41,12,0.024073468521237373,0.023992158472537994,5.5895387049531564e-05,0.25413089990615845,0.006184571422636509
41,13,0.40400660037994385,0.40111833810806274,0.0028652711771428585,0.2297854870557785,0.02188665047287941
41,14,0.3543599545955658,0.350552499294281,0.0037809889763593674,0.26475051045417786,0.02244357019662857
41,15,0.8689056634902954,0.8367063999176025,0.03177866339683533,4.205611705780029,0.7604228854179382
41,16,0.01584159955382347,0.01577157899737358,5.544184386963025e-05,0.14578358829021454,0.09086339175701141
41,17,0.39220669865608215,0.388715922832489,0.0034754525404423475,0.15325994789600372,0.04131809622049332
41,18,0.7295154929161072,0.7230814695358276,0.006386086344718933,0.4791286587715149,0.08702407777309418
41,19,0.37956884503364563,0.37552571296691895,0.004019050858914852,0.24067232012748718,0.026274563744664192
41,20,1.1962897777557373,1.1759698390960693,0.019911522045731544,4.0836076736450195,0.12264090776443481
41,21,0.032528530806303024,0.029937297105789185,0.002590542659163475,0.006889356300234795,0.002917184494435787
41,22,0.37257230281829834,0.3698527216911316,0.002707496751099825,0.12063059955835342,0.012418543919920921
41,23,0.13127858936786652,0.12904638051986694,0.0022209943272173405,0.112216055393219,0.053490184247493744
41,24,0.2335212230682373,0.2316925823688507,0.0018177852034568787,0.10841701924800873,0.02940082550048828
41,25,0.41619279980659485,0.41189977526664734,0.00425951462239027,0.3349252939224243,0.03875678777694702
41,26,0.38869091868400574,0.3849286735057831,0.0037220900412648916,0.4013720750808716,0.03332100808620453
41,27,0.42643073201179504,0.4195087254047394,0.00682669784873724,0.9530274271965027,0.03858836740255356
41,28,0.11871230602264404,0.11701598763465881,0.0016863306518644094,0.09994298219680786,0.035183221101760864
41,29,0.4768461585044861,0.470207154750824,0.006591008976101875,0.4797392189502716,0.09195206314325333
41,30,0.015998195856809616,0.015915105119347572,5.172796954866499e-05,0.31364020705223083,0.001840793527662754
41,31,0.016523854807019234,0.01643686182796955,7.274828385561705e-05,0.14246290922164917,0.08456554263830185
41,32,0.27784642577171326,0.27438002824783325,0.003442187560722232,0.24190282821655273,0.07868625223636627
41,33,0.8841766119003296,0.8674907088279724,0.01632409170269966,3.6178932189941406,0.4675362706184387
41,34,0.9802460074424744,0.9565510749816895,0.022883709520101547,8.112004280090332,0.13270261883735657
41,35,1.1327623128890991,1.1073720455169678,0.02483733370900154,5.528844356536865,0.15872275829315186
41,36,0.20507261157035828,0.20332543551921844,0.001716874074190855,0.30301788449287415,0.006472327746450901
41,37,0.6585226655006409,0.6509467959403992,0.007296444848179817,2.7941484451293945,0.23567761480808258
41,38,0.22593510150909424,0.22398263216018677,0.0019404501654207706,0.12031972408294678,0.030334841459989548
41,39,1.0361465215682983,0.9953228235244751,0.04013682156801224,6.869314670562744,0.1664888709783554
41,40,0.9012107253074646,0.8847861289978027,0.01606236770749092,3.622284412384033,0.2903190553188324
41,41,0.8405036330223083,0.8230501413345337,0.017108364030718803,3.4509153366088867,0.31065717339515686
41,42,1.1325210332870483,1.1106876134872437,0.021344680339097977,4.888007164001465,0.169240802526474
41,43,0.8892478346824646,0.8748992681503296,0.014253553003072739,0.9502971172332764,0.16797612607479095
41,44,0.2070782631635666,0.2043677270412445,0.0026780548505485058,0.32478761672973633,0.014197774231433868
41,45,0.32280629873275757,0.3123369812965393,0.010432283394038677,0.37042808532714844,0.171733558177948
41,46,0.02885754033923149,0.0285517405718565,0.0002746522077359259,0.311477929353714,0.008794392459094524
41,47,0.4038664698600769,0.39943772554397583,0.004399189725518227,0.2954943776130676,0.05178534612059593
41,48,0.9342988133430481,0.9120002388954163,0.02161446213722229,6.840745449066162,0.4109188914299011
41,49,0.9018248319625854,0.8925189971923828,0.009221633896231651,0.8419272303581238,0.13993903994560242
41,50,0.02006966806948185,0.019987626001238823,5.3853989811614156e-05,0.28187692165374756,0.0020037938375025988
41,51,0.14367540180683136,0.1425265371799469,0.001144859939813614,0.040096692740917206,0.01702732965350151
41,52,0.019141683354973793,0.01904604583978653,6.562106136698276e-05,0.3001672625541687,0.0018629480618983507
41,53,0.38708704710006714,0.38277074694633484,0.0043007074855268,0.15578356385231018,0.04934406653046608
41,54,0.32907387614250183,0.3255820870399475,0.003450283780694008,0.41529297828674316,0.06485495716333389
41,55,0.015452466905117035,0.015379459597170353,4.5003078412264585e-05,0.2800397574901581,0.0018200157210230827
41,56,1.104003667831421,1.0575556755065918,0.04489922523498535,15.487571716308594,0.22291319072246552
41,57,0.12328670918941498,0.12160210311412811,0.0016642354894429445,0.2037144899368286,0.09847722947597504
41,58,0.8624739646911621,0.8556137084960938,0.006824655458331108,0.3556528687477112,0.06644394993782043
41,59,0.8584646582603455,0.8327130079269409,0.02514246106147766,6.092203140258789,0.3609333038330078
41,60,0.43053388595581055,0.42364728450775146,0.006695516407489777,1.9109828472137451,0.024824723601341248
41,61,0.43908795714378357,0.43488168716430664,0.004176490008831024,0.29770833253860474,0.021016858518123627
41,62,0.33275243639945984,0.32916051149368286,0.0035348935052752495,0.5703433752059937,0.03356865793466568
41,63,0.33451196551322937,0.3315272331237793,0.0029673371464014053,0.17392598092556,0.01773657649755478
41,64,0.43388479948043823,0.42896097898483276,0.004897579550743103,0.2622711658477783,0.03955649584531784
41,65,0.3304571807384491,0.3276166319847107,0.002809923840686679,0.30631011724472046,0.062139611691236496
41,66,0.020363152027130127,0.0202728770673275,6.066026980988681e-05,0.29615041613578796,0.004528265446424484
41,67,0.4525777995586395,0.441922128200531,0.010480673983693123,1.7498693466186523,0.06889219582080841
41,68,0.8495494723320007,0.8413140177726746,0.008207157254219055,0.28319936990737915,0.09502074122428894
41,69,0.3823252320289612,0.37870049476623535,0.003561100922524929,0.6362473964691162,0.05074100196361542
41,70,0.9053439497947693,0.8953262567520142,0.009883085265755653,1.3459281921386719,0.09089537709951401
41,71,0.029435042291879654,0.029314372688531876,9.30729293031618e-05,0.27596768736839294,0.010874619707465172
41,72,0.9606267809867859,0.9298564195632935,0.029948174953460693,8.221738815307617,0.09547361731529236
41,73,0.049248408526182175,0.04889914393424988,0.0003160951309837401,0.3316950500011444,0.025552935898303986
41,74,1.164594292640686,1.1398433446884155,0.024130478501319885,6.204589366912842,0.15914714336395264
41,75,0.9995191693305969,0.9627885818481445,0.03601779788732529,7.128146171569824,0.5942766070365906
41,76,0.8857795000076294,0.8751538991928101,0.010544868186116219,0.8069126009941101,0.1314273476600647
41,77,0.31970494985580444,0.31762081384658813,0.0020622150041162968,0.21937468647956848,0.04998014122247696
41,78,0.9782393574714661,0.9499952793121338,0.027321707457304,9.223871231079102,0.2380325198173523
41,79,0.8529154658317566,0.831373929977417,0.021111711859703064,4.298084259033203,0.4703323245048523
41,80,0.17450685799121857,0.17257991433143616,0.0019119479693472385,0.14994947612285614,0.014377396553754807
41,81,1.124281883239746,1.096144437789917,0.02725948765873909,8.779664039611816,0.19801758229732513
41,82,0.4025632441043854,0.39996248483657837,0.002583601512014866,0.17179784178733826,0.01959514245390892
41,83,0.36366239190101624,0.36025702953338623,0.0033862527925521135,0.19092798233032227,0.024464111775159836
41,84,0.02318069152534008,0.023107202723622322,4.508401616476476e-05,0.28406262397766113,0.00414977315813303
41,85,0.6149876713752747,0.6097639799118042,0.005052856169641018,1.7081950902938843,0.16209079325199127
41,86,0.32913967967033386,0.32630598545074463,0.0027873774524778128,0.4632279872894287,0.041155945509672165
41,87,0.375093936920166,0.3716011047363281,0.0034812556114047766,0.11569968611001968,0.021839037537574768
41,88,0.12208513170480728,0.11985073983669281,0.0022241834085434675,0.10206709802150726,0.09657440334558487
41,89,0.42956170439720154,0.4256279170513153,0.0038984986022114754,0.35285821557044983,0.05533209815621376
41,90,0.1305335909128189,0.1295919120311737,0.0009365507867187262,0.051317740231752396,0.05876785144209862
41,91,0.3592439591884613,0.3553227186203003,0.0038992525078356266,0.21991029381752014,0.03132230415940285
41,92,1.0573713779449463,1.0124224424362183,0.0438377819955349,11.111583709716797,0.11792401969432831
41,93,0.6484840512275696,0.6255037188529968,0.022928351536393166,0.5197252631187439,0.0980178564786911
41,94,0.4337855279445648,0.4283335208892822,0.0054223863407969475,0.29626867175102234,0.057089559733867645
41,95,0.014494197443127632,0.01441517099738121,4.300284490454942e-05,0.3602323830127716,0.0030036908574402332
41,96,0.6871514320373535,0.6774502992630005,0.009633361361920834,0.6779109239578247,0.06797124445438385
41,97,0.6185630559921265,0.6047501564025879,0.01353329885751009,2.7961065769195557,0.23284152150154114
41,98,0.8781259655952454,0.8689563870429993,0.009097743779420853,0.7181404829025269,0.10686470568180084
41,99,0.0416545495390892,0.04129606857895851,0.0003162507200613618,0.42231518030166626,0.017113108187913895
41,100,0.4911182224750519,0.47953343391418457,0.011318936944007874,2.658620595932007,0.054144732654094696
42,1,0.22627337276935577,0.2243480086326599,0.0019085454987362027,0.16821612417697906,0.050010476261377335
42,2,0.9313356280326843,0.9230269193649292,0.008255932480096817,0.527658998966217,0.08536916971206665
42,3,0.0159609317779541,0.015851221978664398,9.552588744554669e-05,0.14183369278907776,0.03378068655729294
42,4,0.6901214122772217,0.680446982383728,0.009609839878976345,0.646144688129425,0.06056885048747063
42,5,0.7208554148674011,0.7141070365905762,0.006683812476694584,0.6454870104789734,0.07100668549537659
42,6,0.38497987389564514,0.37992554903030396,0.004937013611197472,1.1730839014053345,0.02471291646361351
42,7,0.4412022531032562,0.4324917197227478,0.008655047975480556,0.5549331307411194,0.05914654582738876
42,8,0.8665030002593994,0.8447399139404297,0.02139272913336754,3.7039711475372314,0.5477052330970764
42,9,0.4445860981941223,0.43977415561676025,0.004778032191097736,0.3391256332397461,0.06442180275917053
42,10,0.3480204641819,0.3433362543582916,0.004583263304084539,1.0095512866973877,0.05157934129238129
42,11,0.41234076023101807,0.40750008821487427,0.0048197670839726925,0.20885054767131805,0.045672014355659485
42,12,0.4371589124202728,0.4315017759799957,0.005629618652164936,0.2752090096473694,0.056752901524305344
42,13,0.019909946247935295,0.019826587289571762,5.379437789088115e-05,0.29563015699386597,0.0023777286987751722
42,14,0.32661423087120056,0.3237169086933136,0.0028837129939347506,0.136082723736763,0.01912136748433113
42,15,0.890302836894989,0.8791694045066833,0.010992150753736496,1.4127867221832275,0.11065200716257095
42,16,0.22547544538974762,0.22366565465927124,0.0017994000809267163,0.10387330502271652,0.05247313901782036
42,17,0.9849612712860107,0.9631134867668152,0.02118363417685032,6.6415300369262695,0.16032269597053528
42,18,0.39567646384239197,0.39225897192955017,0.0033280858770012856,0.8941009044647217,0.03375060483813286
42,19,0.01681063137948513,0.01673639751970768,5.0093571189790964e-05,0.241392120718956,0.003174805548042059
42,20,0.25986170768737793,0.2577367424964905,0.002107003005221486,0.1798252910375595,0.05765759199857712
42,21,0.4218219220638275,0.4174397587776184,0.004194207023829222,1.8797385692596436,0.05405205115675926
42,22,0.2333836555480957,0.23129911720752716,0.002071823924779892,0.1271595060825348,0.06512301415205002
42,23,0.9388226866722107,0.9285821914672852,0.010128669440746307,1.1184608936309814,0.16052469611167908
42,24,0.1228865459561348,0.12163190543651581,0.0012488281354308128,0.058105453848838806,0.059758689254522324
42,25,0.7966225147247314,0.7787644863128662,0.017475290223956108,3.827133893966675,0.3868759274482727
42,26,0.34100258350372314,0.33723747730255127,0.0037388575728982687,0.26246020197868347,0.017711129039525986
42,27,0.42338502407073975,0.41464534401893616,0.00865190476179123,0.8776679039001465,0.03595048934221268
42,28,0.3805253803730011,0.37635961174964905,0.004077519290149212,0.882459819316864,0.03693561255931854
42,29,0.8151171803474426,0.8052684664726257,0.00936397910118103,4.847733020782471,0.35298168659210205
42,30,0.015485681593418121,0.015411941334605217,4.878907202510163e-05,0.24950847029685974,0.0029092077165842056
42,31,0.7394790649414062,0.7292102575302124,0.010209251195192337,0.5952016711235046,0.10532675683498383
42,32,0.841283917427063,0.8232816457748413,0.017471306025981903,5.309380531311035,0.3804684579372406
42,33,0.7435149550437927,0.7267665863037109,0.016366584226489067,3.817659854888916,0.33104419708251953
42,34,0.9844495058059692,0.9601590633392334,0.023524297401309013,7.661487579345703,0.12302553653717041
42,35,0.4234379827976227,0.4147810637950897,0.008554944768548012,1.019783616065979,0.03468675538897514
42,36,0.14628750085830688,0.14528970420360565,0.0009920182637870312,0.0578443743288517,0.007039371877908707
42,37,0.3367271423339844,0.3342503309249878,0.002430092077702284,0.4673454165458679,0.03908250480890274
42,38,0.9471638202667236,0.9295550584793091,0.0172848142683506,3.239758253097534,0.13996416330337524
42,39,0.4751589298248291,0.46739423274993896,0.007723538670688868,0.41167253255844116,0.035765424370765686
42,40,0.028460858389735222,0.028360724449157715,6.601612403756008e-05,0.3411869406700134,0.0020066513679921627
42,41,0.4504106640815735,0.4456350803375244,0.0047391424886882305,0.36444586515426636,0.06529751420021057
42,42,0.8641912341117859,0.8573713302612305,0.00678509334102273,0.348207950592041,0.11050261557102203
42,43,0.020444372668862343,0.02034948766231537,6.29881105851382e-05,0.31897667050361633,0.0021459204144775867
42,44,0.017622243613004684,0.017538655549287796,5.27698575751856e-05,0.308183878660202,0.0022575370967388153
42,45,0.4171675145626068,0.41357874870300293,0.003436887636780739,1.5187183618545532,0.054811008274555206
42,46,0.02526254393160343,0.025126885622739792,0.00010571760503808036,0.299394816160202,0.006716968957334757
42,47,0.38054969906806946,0.3768559694290161,0.0036786545533686876,0.15075069665908813,0.014415374025702477
42,48,0.37519997358322144,0.3711753487586975,0.004007173702120781,0.17452239990234375,0.011673158966004848
42,49,0.973445475101471,0.951440691947937,0.021452248096466064,5.52509880065918,0.43175390362739563
42,50,0.02475489303469658,0.024676138535141945,5.272923590382561e-05,0.26025375723838806,0.005258135963231325
42,51,0.7064408659934998,0.6983263492584229,0.008066853508353233,0.47662848234176636,0.07797539234161377
42,52,1.0155718326568604,0.9695077538490295,0.04492935538291931,11.34789752960205,0.17112988233566284
42,53,0.1838492751121521,0.1824481189250946,0.001378016546368599,0.23138509690761566,0.011539061553776264
42,54,0.7254757285118103,0.7177597880363464,0.007659482304006815,0.564628541469574,0.10919973254203796
42,55,0.18554148077964783,0.18356558680534363,0.0019535478204488754,0.22348430752754211,0.01336614415049553
42,56,0.012580005452036858,0.01248537190258503,8.006964344531298e-05,0.14564219117164612,0.06562851369380951
42,57,1.210287094116211,1.1825282573699951,0.02705267071723938,7.0621562004089355,0.17112621665000916
42,58,1.1836565732955933,1.1519770622253418,0.030622953549027443,10.5657958984375,0.20780214667320251
42,59,0.9483569860458374,0.912179172039032,0.03496835008263588,12.094501495361328,0.1287289708852768
42,60,0.9367479681968689,0.909591794013977,0.026338711380958557,8.1747407913208,0.12530829012393951
42,61,0.8888103365898132,0.8798209428787231,0.008272827602922916,7.1653733253479,0.10114961862564087
42,62,0.1285540610551834,0.12595602869987488,0.0025822422467172146,0.15797725319862366,0.07358144968748093
42,63,0.013294262811541557,0.01320978719741106,7.059023482725024e-05,0.1388518214225769,0.040631003677845
42,64,0.8545302748680115,0.844811201095581,0.009644187986850739,0.7488428950309753,0.08660878241062164
42,65,0.9734273552894592,0.9482179880142212,0.02440379373729229,8.055553436279297,0.09998887032270432
42,66,0.7068610191345215,0.6994259357452393,0.007373708300292492,0.6139569282531738,0.07636758685112
42,67,0.6517072319984436,0.6346487402915955,0.016776081174612045,2.8240203857421875,0.31649523973464966
42,68,0.4125625193119049,0.40823742747306824,0.004295101389288902,0.2998649775981903,0.04096408188343048
42,69,0.3832876980304718,0.379783034324646,0.003442157059907913,0.6249722242355347,0.05489828810095787
42,70,0.4546739161014557,0.44799262285232544,0.006641412153840065,0.39864614605903625,0.0698968917131424
42,71,0.6926853060722351,0.6843129396438599,0.008324158377945423,0.4822923541069031,0.08561861515045166
42,72,0.995797872543335,0.9596704244613647,0.03495322912931442,11.742143630981445,0.11029698699712753
42,73,0.04235014319419861,0.04207814484834671,0.00023988643079064786,0.32112935185432434,0.017911098897457123
42,74,0.40231800079345703,0.3994002938270569,0.0028943116776645184,0.23387181758880615,0.02440907247364521
42,75,0.45079392194747925,0.44355475902557373,0.0072045037522912025,0.346497505903244,0.04032653570175171
42,76,0.016600782051682472,0.016524627804756165,5.1139199058525264e-05,0.2501528561115265,0.003081884700804949
42,77,0.012059376575052738,0.011942015960812569,0.00010395207209512591,0.1340816617012024,0.06368307024240494
42,78,0.8889855146408081,0.8636461496353149,0.02464073710143566,6.98650598526001,0.4048326909542084
42,79,0.381056010723114,0.3773299753665924,0.003710745368152857,0.15294472873210907,0.031029541045427322
42,80,0.019123708829283714,0.019030636176466942,6.399360427167267e-05,0.2907940149307251,0.0032476703636348248
42,81,0.8894365429878235,0.8815563917160034,0.007811706513166428,0.6844961643218994,0.0825037732720375
42,82,0.20541200041770935,0.2034062296152115,0.001982466084882617,0.23304378986358643,0.024127017706632614
42,83,0.12876145541667938,0.1271684616804123,0.0015876477118581533,0.05347321555018425,0.05551237612962723
42,84,0.011391786858439445,0.011332194320857525,3.199680577381514e-05,0.27595916390419006,0.002680964535102248
42,85,0.015152262523770332,0.015036962926387787,9.985112410504371e-05,0.15448521077632904,0.07095083594322205
42,86,0.6136271953582764,0.5970478057861328,0.016304221004247665,2.751993417739868,0.2679049074649811
42,87,0.22278255224227905,0.22081947326660156,0.0019533506128937006,0.09725955128669739,0.049960073083639145
42,88,0.982008159160614,0.9548946619033813,0.026165671646595,9.478057861328125,0.16245612502098083
42,89,0.5010969042778015,0.493577241897583,0.00735694682225585,1.626970648765564,0.05209439992904663
42,90,0.437627911567688,0.4296870231628418,0.007732872851192951,2.0801985263824463,0.030958160758018494
42,91,0.8791041970252991,0.8680510520935059,0.010981779545545578,0.7132993340492249,0.09825171530246735
42,92,0.044116925448179245,0.043668489903211594,0.0004084680986125022,0.3996879458427429,0.01709999144077301
42,93,0.8616353273391724,0.8492202162742615,0.011828775517642498,5.863080024719238,0.41566091775894165
42,94,0.13044673204421997,0.12860363721847534,0.0018310982268303633,0.12002022564411163,0.12318862974643707
42,95,0.5453886389732361,0.52824866771698,0.017110498622059822,0.2944100499153137,0.10882915556430817
42,96,0.8599770665168762,0.8300768136978149,0.029415346682071686,4.848697662353516,0.5417089462280273
42,97,0.04342387616634369,0.04307927191257477,0.00030458762194029987,0.4001566171646118,0.020719235762953758
42,98,0.0389883890748024,0.03868694603443146,0.0002627078793011606,0.387347936630249,0.018627610057592392
42,99,1.265141248703003,1.1812806129455566,0.0824355036020279,14.251781463623047,0.14604035019874573
42,100,0.23105356097221375,0.22881543636322021,0.0022229033056646585,0.15218806266784668,0.04599993675947189
43,1,0.6011292338371277,0.5925695896148682,0.008402841165661812,1.5681596994400024,0.20848754048347473
43,2,0.9904286861419678,0.9694247245788574,0.02026941627264023,7.3456315994262695,0.12246637046337128
43,3,0.353924036026001,0.34917107224464417,0.004727361723780632,0.2561396062374115,0.035052668303251266
43,4,0.40556445717811584,0.3990849256515503,0.006448466330766678,0.31042975187301636,0.0694836676120758
43,5,0.04106965661048889,0.040758341550827026,0.0002744364901445806,0.3688128590583801,0.021343780681490898
43,6,0.04510914906859398,0.04462480917572975,0.00044520702795125544,0.3913319408893585,0.024425489827990532
43,7,0.25046059489250183,0.24739746749401093,0.003038804978132248,0.24306581914424896,0.04568858444690704
43,8,0.885336697101593,0.8732372522354126,0.01199302077293396,1.063755989074707,0.12377786636352539
43,9,0.6059134602546692,0.5929892063140869,0.012634766288101673,2.894700050354004,0.2669338583946228
43,10,0.19085991382598877,0.18792682886123657,0.0028846871573477983,0.483959436416626,0.014251941815018654
43,11,0.8476414680480957,0.8231912851333618,0.023913566023111343,5.366436958312988,0.4181574285030365
43,12,0.33292266726493835,0.3293134272098541,0.0035892780870199203,0.19978846609592438,0.01877511292695999
43,13,0.13132934272289276,0.12961408495903015,0.0016992778982967138,0.15979577600955963,0.09630776941776276
43,14,0.8816263675689697,0.850650429725647,0.030574727803468704,4.011932373046875,0.47830164432525635
43,15,0.12367881089448929,0.12165223062038422,0.0020158246625214815,0.10755539685487747,0.07968884706497192
43,16,0.019782647490501404,0.0196881964802742,6.313970516202971e-05,0.31311148405075073,0.0039154463447630405
43,17,0.12858380377292633,0.12712585926055908,0.0014471712056547403,0.10776593536138535,0.0835874155163765
43,18,0.02557358704507351,0.025435198098421097,0.00010534193279454485,0.3304694890975952,0.0075223008170723915
43,19,0.350297749042511,0.34754297137260437,0.002739723538979888,0.15041731297969818,0.01314094103872776
43,20,1.1595546007156372,1.1235785484313965,0.03478072211146355,11.953614234924316,0.180482417345047
43,21,0.8923686742782593,0.8864552974700928,0.005860385484993458,0.5297280550003052,0.07663272321224213
43,22,0.4327031970024109,0.4281988739967346,0.004482069984078407,0.22255496680736542,0.04872531816363335
43,23,0.009175295941531658,0.009081171825528145,7.887434912845492e-05,0.15249766409397125,0.08717872202396393
43,24,0.19493988156318665,0.1925327330827713,0.0023747808299958706,0.32372140884399414,0.01453113928437233
43,25,0.9650521874427795,0.936821699142456,0.026994671672582626,12.358564376831055,0.12698940932750702
43,26,1.138064980506897,1.111342430114746,0.026147430762648582,5.751171112060547,0.17704465985298157
43,27,0.12164264172315598,0.1202574297785759,0.0013806336792185903,0.045718688517808914,0.032585881650447845
43,28,0.9323846101760864,0.9196732640266418,0.012600744143128395,1.106093168258667,0.11754913628101349
43,29,1.105932354927063,1.091015100479126,0.01436035055667162,5.569896697998047,0.16326001286506653
43,30,1.240592360496521,1.2074346542358398,0.03253733739256859,6.204103946685791,0.19404399394989014
43,31,0.12267010658979416,0.12152418494224548,0.0011407333659008145,0.051881905645132065,0.029820717871189117
43,32,0.9211268424987793,0.9091575741767883,0.011867821216583252,1.0147303342819214,0.14951257407665253
43,33,0.4422554075717926,0.4371822476387024,0.004985093139111996,0.8806770443916321,0.04673166573047638
43,34,0.6840967535972595,0.6780419945716858,0.006002636160701513,0.5209868550300598,0.09603320062160492
43,35,0.012793616391718388,0.012694182805716991,8.588972559664398e-05,0.13543793559074402,0.04799190163612366
43,36,0.12185598909854889,0.12055601924657822,0.0012954816920682788,0.04485782980918884,0.04065532237291336
43,37,0.6086134910583496,0.6028221249580383,0.005589473061263561,2.0187127590179443,0.26803743839263916
43,38,0.3761008381843567,0.3724628686904907,0.0036252697464078665,0.12710215151309967,0.024936746805906296
43,39,0.6921632885932922,0.6841121912002563,0.008006993681192398,0.44136857986450195,0.08255047351121902
43,40,0.020359449088573456,0.020294014364480972,4.2537347326288e-05,0.22897562384605408,0.003320370800793171
43,41,0.015655335038900375,0.015567736700177193,7.454984734067693e-05,0.13048571348190308,0.049281731247901917
43,42,1.1263915300369263,1.1049635410308838,0.020895913243293762,5.320379734039307,0.15854009985923767
43,43,0.4387892782688141,0.4283543527126312,0.010329026728868484,1.0587764978408813,0.03804392367601395
43,44,0.12712381780147552,0.12617018818855286,0.0009486426133662462,0.04995020478963852,0.038254112005233765
43,45,0.7197843194007874,0.7135665416717529,0.0061430721543729305,0.7465652823448181,0.08293870091438293
43,46,0.9605993628501892,0.936790943145752,0.023174747824668884,6.3365068435668945,0.1709088683128357
43,47,0.9111318588256836,0.890536904335022,0.02011273242533207,4.822213172912598,0.38448745012283325
43,48,0.020185701549053192,0.020083056762814522,7.309742068173364e-05,0.29547861218452454,0.0024835518561303616
43,49,0.439003050327301,0.43324753642082214,0.00563684431836009,1.1866371631622314,0.06195836141705513
43,50,0.015221551060676575,0.015077276155352592,0.00012896255066152662,0.15312837064266205,0.07151605188846588
43,51,0.9455034732818604,0.907180666923523,0.03776191174983978,5.6086039543151855,0.5467654466629028
43,52,0.3906358778476715,0.3863784670829773,0.0041483985260128975,1.0900681018829346,0.04575464874505997
43,53,0.3288489580154419,0.3259994685649872,0.002797743072733283,0.5173953175544739,0.03945902734994888
43,54,0.346911758184433,0.34310582280158997,0.003749252762645483,0.5667576193809509,0.04007811099290848
43,55,0.5571877360343933,0.548854649066925,0.008182325400412083,1.5071407556533813,0.2036663442850113
43,56,0.728020191192627,0.7184599041938782,0.009496098384261131,0.641873836517334,0.06829097867012024
43,57,0.020020192489027977,0.01991843432188034,7.061568612698466e-05,0.3114115297794342,0.0024307789281010628
43,58,0.12471321225166321,0.12378674000501633,0.000921505328733474,0.049713391810655594,0.043723031878471375
43,59,0.028849542140960693,0.028604600578546524,0.0002420893288217485,0.028520366176962852,0.005436484701931477
43,60,0.5740084052085876,0.564882755279541,0.008926378563046455,1.9925529956817627,0.2512304186820984
43,61,0.022148478776216507,0.022037353366613388,7.830938557162881e-05,0.32815608382225037,0.0018997606821358204
43,62,0.02771093137562275,0.024694662541151047,0.0030157300643622875,0.005386935081332922,0.008229495957493782
43,63,0.3160562515258789,0.31236037611961365,0.0036796447820961475,0.16250377893447876,0.01441606692969799
43,64,0.8853259086608887,0.864059329032898,0.020910188555717468,3.5640478134155273,0.43583568930625916
43,65,0.23637518286705017,0.23417595028877258,0.0021832892671227455,0.15948247909545898,0.06262089312076569
43,66,0.12829700112342834,0.12656399607658386,0.0017198084387928247,0.13203243911266327,0.10042624920606613
43,67,0.8477262258529663,0.8289204835891724,0.018249869346618652,5.558655261993408,0.31919291615486145
43,68,0.0238837581127882,0.02375025302171707,0.00010288511111866683,0.30620136857032776,0.005618772469460964
43,69,1.007612705230713,0.9958603382110596,0.01093820296227932,8.141762733459473,0.5288984775543213
43,70,0.4510449469089508,0.44641706347465515,0.004595410078763962,0.3248087167739868,0.04357662796974182
43,71,0.34513041377067566,0.3394582271575928,0.005586281884461641,0.8588873744010925,0.04828954488039017
43,72,0.013186024501919746,0.013116704300045967,4.278213236830197e-05,0.265377402305603,0.0030991495586931705
43,73,1.1908493041992188,1.1365370750427246,0.05227680876851082,20.354156494140625,0.2702588438987732
43,74,0.3219062089920044,0.31869786977767944,0.003161925356835127,0.4640420377254486,0.04459846019744873
43,75,0.019483886659145355,0.019369017332792282,8.42735607875511e-05,0.3059508502483368,0.0037505105137825012
43,76,0.13383880257606506,0.1304454356431961,0.0033691732678562403,0.24194885790348053,0.09041373431682587
43,77,0.08347350358963013,0.08207130432128906,0.0013980490621179342,0.04148049280047417,0.03085700422525406
43,78,0.18307586014270782,0.1811506748199463,0.0019043650245293975,0.20814470946788788,0.006476598791778088
43,79,0.25791898369789124,0.25537192821502686,0.0025272760540246964,0.19788192212581635,0.06086527556180954
43,80,0.12389644235372543,0.12247055768966675,0.0014139401027932763,0.1194687932729721,0.08420030772686005
43,81,0.4702630341053009,0.4663641154766083,0.003869124921038747,0.29806530475616455,0.02397545799612999
43,82,0.24831297993659973,0.246136873960495,0.0021609447430819273,0.15156149864196777,0.08012330532073975
43,83,0.027765218168497086,0.02757991850376129,0.0001508942514192313,0.344046413898468,0.005117622669786215
43,84,0.962220311164856,0.9402851462364197,0.021598178893327713,3.3702447414398193,0.4721287488937378
43,85,1.0122556686401367,0.9999692440032959,0.011103862896561623,11.825243949890137,0.15757137537002563
43,86,0.9336097836494446,0.9244370460510254,0.00912792980670929,0.44845789670944214,0.11004022508859634
43,87,0.24391452968120575,0.2415357232093811,0.0023655532859265804,0.13250946998596191,0.08152320981025696
43,88,1.1918951272964478,1.1603069305419922,0.03100213035941124,5.860470294952393,0.1917102038860321
43,89,0.031004631891846657,0.0308670774102211,0.00010455984738655388,0.3299402892589569,0.008009769022464752
43,90,0.7133685350418091,0.7048549056053162,0.008446944877505302,0.6671629548072815,0.09471140056848526
43,91,0.7033645510673523,0.6932845115661621,0.010021139867603779,0.588711142539978,0.08402629941701889
43,92,0.13061152398586273,0.12892702221870422,0.0016777068376541138,0.06793595850467682,0.030115220695734024
43,93,0.3274970054626465,0.3250025808811188,0.0024368432350456715,0.5756809115409851,0.0189785435795784
43,94,0.3365728557109833,0.3328547477722168,0.003675849875435233,0.4225122928619385,0.02041410095989704
43,95,0.9162103533744812,0.8878952264785767,0.02755456417798996,7.605301856994629,0.5604145526885986
43,96,0.877740204334259,0.8681411743164062,0.00955148134380579,0.47545528411865234,0.09881682693958282
43,97,0.03035876341164112,0.030215714126825333,0.00010555257176747546,0.37496206164360046,0.004988631699234247
43,98,0.46382880210876465,0.4577382206916809,0.006048818118870258,0.4173857271671295,0.10441255569458008
43,99,0.016455529257655144,0.016368459910154343,5.2424511522985995e-05,0.3464603126049042,0.0020045617129653692
43,100,0.23471499979496002,0.23270204663276672,0.002001384738832712,0.11562192440032959,0.05536029860377312
44,1,0.4148324131965637,0.4110320806503296,0.0037730662152171135,0.2726782560348511,0.04472273588180542
44,2,0.7241741418838501,0.7172038555145264,0.006905263289809227,0.6504655480384827,0.07297305762767792
44,3,0.13228720426559448,0.12864314019680023,0.0036290991120040417,0.14955879747867584,0.08783304691314697
44,4,0.3775353729724884,0.3740527629852295,0.003463365603238344,0.19237510859966278,0.028039835393428802
44,5,0.8655513525009155,0.8547744750976562,0.010483996011316776,2.929072380065918,0.45368313789367676
44,6,0.13068148493766785,0.12914487719535828,0.0015241724904626608,0.12444958090782166,0.12359533458948135
44,7,0.3379395306110382,0.3338592052459717,0.004032443277537823,0.47903263568878174,0.07645748555660248
44,8,0.8420037627220154,0.8191854953765869,0.022511601448059082,3.066382884979248,0.5757614374160767
44,9,0.6933969259262085,0.6868496537208557,0.006497310474514961,0.4996739327907562,0.0920964777469635
44,10,0.6210036277770996,0.6112412214279175,0.009574413299560547,1.8801127672195435,0.2822636663913727
44,11,0.639815628528595,0.6275309324264526,0.012021372094750404,2.6332595348358154,0.2688335180282593
44,12,0.021628882735967636,0.02152988128364086,6.311197648756206e-05,0.3589021861553192,0.0027445401065051556
44,13,0.6497225165367126,0.6410880088806152,0.00839187204837799,2.42630672454834,0.23570838570594788
44,14,0.3590452969074249,0.35587456822395325,0.003150458913296461,0.20259900391101837,0.008938683196902275
44,15,0.3664804995059967,0.36175718903541565,0.004705231171101332,0.18103398382663727,0.021921757608652115
44,16,0.8928472399711609,0.8830749988555908,0.009634173475205898,1.3802047967910767,0.07608428597450256
44,17,0.9152672290802002,0.8989022374153137,0.015939859673380852,4.25166654586792,0.0953063890337944
44,18,0.01316545158624649,0.01308201253414154,6.970310641918331e-05,0.13736069202423096,0.07009272277355194
44,19,0.44288092851638794,0.4337581396102905,0.009011414833366871,1.1135683059692383,0.06573808938264847
44,20,0.019686412066221237,0.01959579437971115,5.788281123386696e-05,0.32734861969947815,0.004359567072242498
44,21,0.6547039151191711,0.646225094795227,0.00808919221162796,3.896315097808838,0.2537325620651245
44,22,1.1041654348373413,1.067460536956787,0.035650283098220825,10.546099662780762,0.1716924011707306
44,23,1.2241758108139038,1.19358491897583,0.029943101108074188,6.47800350189209,0.15271776914596558
44,24,1.0022963285446167,0.9672743678092957,0.033878982067108154,11.429621696472168,0.15952396392822266
44,25,0.027738839387893677,0.027677327394485474,3.5631706850836053e-05,0.25879189372062683,0.007493672426789999
44,26,1.1493254899978638,1.1292001008987427,0.019661404192447662,4.639173984527588,0.1603165566921234
44,27,0.014572491869330406,0.014487320557236671,7.261581049533561e-05,0.12554918229579926,0.036013808101415634
44,28,0.40633901953697205,0.40114983916282654,0.00507677998393774,1.1241815090179443,0.03876776993274689
44,29,0.992485761642456,0.9824453592300415,0.009231945499777794,8.08499526977539,0.15010137856006622
44,30,0.04609230160713196,0.045526765286922455,0.0005251411348581314,0.40398091077804565,0.021327225491404533
44,31,0.04690169915556908,0.04651506617665291,0.0003481103340163827,0.38523441553115845,0.02054065652191639
44,32,0.6478114128112793,0.6349170207977295,0.012625401839613914,2.689892530441284,0.2969602942466736
44,33,0.18883980810642242,0.1868482232093811,0.001971852034330368,0.19726815819740295,0.020965803414583206
44,34,0.9249358773231506,0.9138967394828796,0.010932451114058495,1.0671550035476685,0.13276496529579163
44,35,0.6985355019569397,0.6908198595046997,0.007669264916330576,0.4638579785823822,0.07498325407505035
44,36,0.3978065550327301,0.3939056098461151,0.0038607632741332054,0.4018106460571289,0.015559043735265732
44,37,0.39889904856681824,0.3960636854171753,0.0027296373154968023,1.05743408203125,0.028588293120265007
44,38,0.34981879591941833,0.3441529870033264,0.0055616265162825584,1.0419788360595703,0.038080260157585144
44,39,0.004384130705147982,0.004310449119657278,5.861499812453985e-05,0.15066450834274292,0.0756787657737732
44,40,0.013741565868258476,0.013668989762663841,4.2107280023628846e-05,0.30468684434890747,0.002536661457270384
44,41,0.6157980561256409,0.6035900712013245,0.011972731910645962,2.352731943130493,0.3176514506340027
44,42,0.42588454484939575,0.4209439158439636,0.004892747849225998,0.479028582572937,0.061826951801776886
44,43,0.845456063747406,0.8328790664672852,0.012511411681771278,0.655562698841095,0.15309113264083862
44,44,0.015891442075371742,0.01581011340022087,5.2126295486232266e-05,0.29201874136924744,0.0021655212622135878
44,45,0.13740015029907227,0.13540907204151154,0.0019745524041354656,0.1652032881975174,0.0996452122926712
44,46,0.3348735272884369,0.3315504789352417,0.00330016715452075,0.22891199588775635,0.021917171776294708
44,47,0.6898853778839111,0.6825155019760132,0.007325534243136644,0.4436478614807129,0.05139815807342529
44,48,0.030759703367948532,0.030648622661828995,8.261697075795382e-05,0.2846311926841736,0.005485718138515949
44,49,0.4271779954433441,0.42147910594940186,0.005605928134173155,0.9296464920043945,0.026153642684221268
44,50,0.1349186897277832,0.1326828896999359,0.0022089388221502304,0.2687109410762787,0.08185164630413055
44,51,0.9290971755981445,0.9017894864082336,0.02702246606349945,2.8519070148468018,0.3810425400733948
44,52,0.4579498767852783,0.45184004306793213,0.00606685783714056,0.4297559857368469,0.06389875710010529
44,53,0.6155973076820374,0.6086341142654419,0.006768218241631985,1.9499460458755493,0.27445703744888306
44,54,0.3385668992996216,0.33498361706733704,0.003546580672264099,0.3670823276042938,0.0847359448671341
44,55,0.024581944569945335,0.024480106309056282,6.891471275594085e-05,0.3292449116706848,0.0016805119812488556
44,56,0.9519811868667603,0.9404367208480835,0.011464209295809269,0.8023332953453064,0.099846750497818
44,57,0.1960379034280777,0.1938631385564804,0.002138379728421569,0.3639557957649231,0.016579970717430115
44,58,0.015786530449986458,0.015729421749711037,3.066167118959129e-05,0.2644743025302887,0.0022978102788329124
44,59,0.5918430089950562,0.5821594595909119,0.00962712150067091,0.5643848776817322,0.0736558586359024
44,60,0.025449594482779503,0.025335945188999176,8.523088763467968e-05,0.28418198227882385,0.005792377050966024
44,61,0.38292691111564636,0.3795519173145294,0.0033586942590773106,0.16288554668426514,0.02245684340596199
44,62,0.8373948931694031,0.8125554323196411,0.024281514808535576,5.579648971557617,0.35613399744033813
44,63,0.0038699733559042215,0.003736847545951605,0.00010810085223056376,0.2502496540546417,0.0009728868026286364
44,64,0.86164790391922,0.8337857127189636,0.027371075004339218,4.911717414855957,0.6300115585327148
44,65,0.9630070328712463,0.940850019454956,0.021456915885210037,7.00126314163208,0.12394291162490845
44,66,0.3821655809879303,0.37754547595977783,0.004534109495580196,0.8601005673408508,0.07020115852355957
44,67,0.1306845098733902,0.12921226024627686,0.001466581947170198,0.05669230595231056,0.07158979773521423
44,68,0.12596051394939423,0.12331078946590424,0.0026352587155997753,0.14470064640045166,0.10400311648845673
44,69,0.019976802170276642,0.019883010536432266,6.314358324743807e-05,0.30647391080856323,0.002800850896164775
44,70,0.3704095184803009,0.36740803718566895,0.0029866043478250504,0.1487991064786911,0.014093277044594288
44,71,0.9162139892578125,0.8975920081138611,0.018028903752565384,5.930418491363525,0.23385512828826904
44,72,1.0886328220367432,1.0601112842559814,0.0278377253562212,6.838304042816162,0.1408979892730713
44,73,0.37983691692352295,0.37646645307540894,0.0033538052812218666,0.16645373404026031,0.020918235182762146
44,74,0.9888579845428467,0.9613145589828491,0.026516597718000412,10.267951011657715,0.1283482164144516
44,75,0.19955061376094818,0.1965540200471878,0.002954747062176466,0.41836661100387573,0.016060177236795425
44,76,0.41686272621154785,0.41086187958717346,0.005823133513331413,1.7770166397094727,0.05673075467348099
44,77,0.020511172711849213,0.02039366587996483,8.336901373695582e-05,0.3413861393928528,0.004178082570433617
44,78,1.1311266422271729,1.0987358093261719,0.03172469884157181,6.662003517150879,0.24169686436653137
44,79,0.12248741835355759,0.12124508619308472,0.0012376400409266353,0.04695212468504906,0.040247440338134766
44,80,0.572808563709259,0.561556875705719,0.011048142798244953,2.0354385375976562,0.2360999435186386
44,81,0.9597720503807068,0.9376533031463623,0.021664239466190338,4.545074939727783,0.5962117910385132
44,82,0.9199137687683105,0.911365270614624,0.008433264680206776,1.1520345211029053,0.053977370262145996
44,83,0.027222130447626114,0.027123257517814636,6.577945896424353e-05,0.33094456791877747,0.006595898419618607
44,84,0.023432308807969093,0.023336168378591537,6.131768896011636e-05,0.3482228219509125,0.0059332894161343575
44,85,0.0143862534314394,0.014271927066147327,9.8297736258246e-05,0.1602928638458252,0.05147452652454376
44,86,0.01971845142543316,0.019598275423049927,8.026999421417713e-05,0.39904913306236267,0.0038588996976614
44,87,0.43704044818878174,0.43151137232780457,0.005506472662091255,0.22603343427181244,0.04674537479877472
44,88,1.2657151222229004,1.2492318153381348,0.01617804914712906,3.05271577835083,0.13574934005737305
44,89,0.8958877921104431,0.8794540166854858,0.01605040580034256,3.834035634994507,0.5165921449661255
44,90,0.8585231900215149,0.8504372239112854,0.008000641129910946,0.8535122275352478,0.19491294026374817
44,91,0.369470477104187,0.3640140891075134,0.005444807931780815,0.11604862660169601,0.04684315621852875
44,92,0.1976935863494873,0.19554448127746582,0.0021206801757216454,0.28425008058547974,0.017704475671052933
44,93,1.0258442163467407,1.0103566646575928,0.014741250313818455,7.462813377380371,0.19488178193569183
44,94,0.4208727478981018,0.414898544549942,0.005843302700668573,1.309015154838562,0.024667851626873016
44,95,0.3739790916442871,0.3707103729248047,0.003253465984016657,0.1524730920791626,0.006699633784592152
44,96,0.4398304522037506,0.43168139457702637,0.008110102266073227,0.38952067494392395,0.054515767842531204
44,97,0.13667303323745728,0.13562685251235962,0.0010402026819065213,0.059804517775774,0.017490224912762642
44,98,0.42443785071372986,0.4201076030731201,0.004241062328219414,0.8919588327407837,0.021438900381326675
44,99,0.12509705126285553,0.1217736229300499,0.003311519045382738,0.11906247586011887,0.07808119058609009
44,100,0.8455690741539001,0.8377737998962402,0.007764804642647505,0.30462977290153503,0.0742461085319519
45,1,0.999286413192749,0.9753419160842896,0.023171767592430115,7.7274041175842285,0.1560988426208496
45,2,0.9074837565422058,0.89911288022995,0.008283080533146858,0.878029465675354,0.10307566821575165
45,3,0.6997202634811401,0.6913145780563354,0.008352743461728096,0.5291851162910461,0.12335614860057831
45,4,0.9118441343307495,0.90253084897995,0.00923099648207426,0.822982132434845,0.17703939974308014
45,5,0.8903323411941528,0.8827532529830933,0.007416220381855965,1.6283129453659058,0.1288471668958664
45,6,0.35689470171928406,0.3536800742149353,0.00318927108310163,0.2536330819129944,0.0440424308180809
45,7,0.43311914801597595,0.4258090853691101,0.007133308798074722,1.7675265073776245,0.10598647594451904
45,8,0.24420621991157532,0.2417241334915161,0.002464819233864546,0.17274625599384308,0.09042219817638397
45,9,0.9442797303199768,0.9280474185943604,0.015688244253396988,5.440924644470215,0.06142250448465347
45,10,0.01755773089826107,0.017486074939370155,4.052318763569929e-05,0.3113273084163666,0.001833225367590785
45,11,0.9692280888557434,0.9590288996696472,0.010099301114678383,0.9991954565048218,0.036317236721515656
45,12,0.3499309718608856,0.3464089035987854,0.0035012690350413322,0.20788756012916565,0.008253572508692741
45,13,0.3977220952510834,0.3951621949672699,0.0025220802053809166,0.37829867005348206,0.012362442910671234
45,14,0.02096208930015564,0.020863141864538193,6.828382902313024e-05,0.3066316246986389,0.0027784898411482573
45,15,0.8673079013824463,0.8389450311660767,0.027731304988265038,6.315544605255127,0.351176381111145
45,16,0.22207367420196533,0.21977725625038147,0.0022802436724305153,0.1616237312555313,0.057637933641672134
45,17,0.023218916729092598,0.02315162867307663,5.3840332839172333e-05,0.13448601961135864,0.11348581314086914
45,18,0.03281081095337868,0.03267215937376022,0.00010438190656714141,0.34268414974212646,0.004269524477422237
45,19,0.9578436017036438,0.8987380266189575,0.05841762572526932,6.879392147064209,0.5102519989013672
45,20,0.1312733143568039,0.12970662117004395,0.001560994889587164,0.05698660388588905,0.06734359264373779
45,21,1.078102469444275,1.0657339096069336,0.01199115440249443,3.774400472640991,0.1542096734046936
45,22,0.2667674720287323,0.264146625995636,0.002599903615191579,0.20936830341815948,0.037039678543806076
45,23,0.7057723999023438,0.6976049542427063,0.008123823441565037,0.4360174834728241,0.07205908000469208
45,24,0.726456880569458,0.7187433838844299,0.007669700309634209,0.438268780708313,0.07264173775911331
45,25,0.4451994001865387,0.4395119845867157,0.005512158386409283,1.752793788909912,0.022773798555135727
45,26,0.34193718433380127,0.33869850635528564,0.0031966841779649258,0.41988593339920044,0.019666627049446106
45,27,1.1599770784378052,1.1339911222457886,0.02557557076215744,4.1049580574035645,0.13813656568527222
45,28,0.05055921524763107,0.050343576818704605,0.00021513525280170143,0.005045345518738031,0.005066001787781715
45,29,0.014564142562448978,0.014491620473563671,4.246611933922395e-05,0.3005547523498535,0.0016713433433324099
45,30,0.4736546277999878,0.4682353138923645,0.00538609828799963,0.3321995437145233,0.137142151594162
45,31,0.6402456164360046,0.628798246383667,0.01122273225337267,2.246501922607422,0.3527502417564392
45,32,0.13722138106822968,0.1356443166732788,0.0015712766908109188,0.0578523688018322,0.09199073910713196
45,33,0.7229375839233398,0.7165288925170898,0.006355333141982555,0.5335392355918884,0.12490169703960419
45,34,0.8570373058319092,0.848755955696106,0.008186685852706432,0.9462719559669495,0.10003076493740082
45,35,0.4051935374736786,0.39858585596084595,0.006514335982501507,0.9333967566490173,0.03401678800582886
45,36,0.12935014069080353,0.12718361616134644,0.0021554860286414623,0.11038995534181595,0.04771142452955246
45,37,0.9438650608062744,0.9369288682937622,0.0063195968978106976,6.166263580322266,0.052580319344997406
45,38,0.13045275211334229,0.1295216828584671,0.0009261513478122652,0.0491621308028698,0.01883527636528015
45,39,1.2401530742645264,1.2150745391845703,0.024450697004795074,6.278831481933594,0.08085449039936066
45,40,0.44203153252601624,0.43516775965690613,0.00674264132976532,1.2113802433013916,0.04362954944372177
45,41,1.0369868278503418,1.0146372318267822,0.021725591272115707,6.240080833435059,0.10999643802642822
45,42,0.4813908338546753,0.4719301462173462,0.009229728952050209,2.309720277786255,0.09023426473140717
45,43,0.016489312052726746,0.016387635841965675,8.690253889653832e-05,0.1477518081665039,0.06893998384475708
45,44,0.1404108852148056,0.13842907547950745,0.0019748439081013203,0.06959740072488785,0.09507647156715393
45,45,0.04240001365542412,0.042089156806468964,0.000271851837169379,0.3900373578071594,0.016586951911449432
45,46,0.38366392254829407,0.3769720792770386,0.0066502769477665424,0.41571855545043945,0.05077484995126724
45,47,0.8992851972579956,0.8744924664497375,0.024172022938728333,6.207472801208496,0.27624407410621643
45,48,0.3470354378223419,0.34218788146972656,0.004812466911971569,0.3506309986114502,0.02986772730946541
45,49,0.335599422454834,0.3325239419937134,0.003025946905836463,0.4952765107154846,0.023784883320331573
45,50,0.02068351022899151,0.020589783787727356,8.190575317712501e-05,0.11820240318775177,0.026883631944656372
45,51,0.39570173621177673,0.3918136954307556,0.00386881735175848,0.192156121134758,0.021087314933538437
45,52,0.702407717704773,0.6925702095031738,0.009769733063876629,0.6774352192878723,0.06787188351154327
45,53,1.1234678030014038,1.1008484363555908,0.02197033353149891,6.489188194274902,0.18541038036346436
45,54,0.9047293663024902,0.8799182772636414,0.024357503280043602,4.536187171936035,0.38655656576156616
45,55,0.8237717747688293,0.7891129851341248,0.034352436661720276,3.0638890266418457,0.10770473629236221
45,56,0.9621607661247253,0.9453933238983154,0.01666000857949257,1.0741902589797974,0.1748054474592209
45,57,0.33791977167129517,0.3347175121307373,0.003175647696480155,0.2662780284881592,0.025541093200445175
45,58,0.4391748607158661,0.43259918689727783,0.006425855681300163,1.4981147050857544,0.14568892121315002
45,59,0.7389162182807922,0.7257359027862549,0.013094982132315636,0.8537880778312683,0.13930802047252655
45,60,0.24188055098056793,0.2391894906759262,0.0026606579776853323,0.3039436340332031,0.024570245295763016
45,61,0.014257051981985569,0.014126996509730816,0.00011297405580990016,0.17081157863140106,0.07689701020717621
45,62,0.46302536129951477,0.4572024941444397,0.00572134368121624,1.015443205833435,0.02663310058414936
45,63,0.01833684928715229,0.018227320164442062,9.520310413790867e-05,0.14325691759586334,0.02895447239279747
45,64,0.2507476508617401,0.24929934740066528,0.0014406298287212849,0.07673171162605286,0.021145518869161606
45,65,0.23061244189739227,0.22879904508590698,0.0017725517973303795,0.4084749221801758,0.003970700781792402
45,66,0.022999940440058708,0.022910509258508682,6.00015846430324e-05,0.2942902147769928,0.00605476601049304
45,67,0.38821154832839966,0.3848727345466614,0.0033156333956867456,0.23186565935611725,0.007395363412797451
45,68,0.4039291739463806,0.39933323860168457,0.004566296469420195,0.2964989244937897,0.060686856508255005
45,69,0.3862534761428833,0.3822171986103058,0.004019469954073429,0.1680380254983902,0.07083557546138763
45,70,0.9408186674118042,0.9102699160575867,0.030016455799341202,5.322474002838135,0.4556373953819275
45,71,0.7226206660270691,0.7143614292144775,0.008207318373024464,0.5191295742988586,0.10741792619228363
45,72,0.4098207354545593,0.40392231941223145,0.0058809323236346245,0.1748066395521164,0.08604355901479721
45,73,0.47446098923683167,0.4668465852737427,0.007452858611941338,1.6156409978866577,0.07055428624153137
45,74,0.2074434757232666,0.2046586275100708,0.0027372557669878006,0.476004034280777,0.010741488076746464
45,75,0.026985088363289833,0.026840392500162125,0.00011134991655126214,0.3334573209285736,0.01013576053082943
45,76,1.236323595046997,1.2157706022262573,0.020129209384322166,4.238204002380371,0.0850585326552391
45,77,0.33700835704803467,0.3351059556007385,0.0018821991980075836,0.20209884643554688,0.008113537915050983
45,78,0.15823853015899658,0.15644577145576477,0.0017818281194195151,0.10944457352161407,0.04056951031088829
45,79,0.05191529169678688,0.05176723748445511,0.0001201518825837411,0.2790224254131317,0.020244482904672623
45,80,0.8760150671005249,0.8670566082000732,0.008928120136260986,0.30349624156951904,0.091492660343647
45,81,0.4151183068752289,0.4116935133934021,0.0034000598825514317,0.2473512440919876,0.028422851115465164
45,82,0.9290530681610107,0.9171144962310791,0.011851361952722073,0.8722735047340393,0.13391585648059845
45,83,0.01966148428618908,0.019552195444703102,7.615162030560896e-05,0.3313719630241394,0.005904708988964558
45,84,0.017593352124094963,0.017471568658947945,0.00010720932914409786,0.1457405835390091,0.09001364558935165
45,85,0.9563872814178467,0.9447004199028015,0.010753395035862923,9.334416389465332,0.14853748679161072
45,86,0.45012301206588745,0.44261109828948975,0.0072769830003380775,2.349224090576172,0.033591121435165405
45,87,0.14344081282615662,0.1421400010585785,0.0012957912404090166,0.05016136169433594,0.03817532956600189
45,88,0.8039674162864685,0.793087899684906,0.010816331021487713,0.6319077014923096,0.09092548489570618
45,89,0.3954524099826813,0.3926742970943451,0.0027635423466563225,0.14566630125045776,0.027361828833818436
45,90,0.4034578204154968,0.4001075327396393,0.003330028150230646,0.2026635855436325,0.03779078274965286
45,91,0.35527172684669495,0.35204216837882996,0.003212212584912777,0.1735278218984604,0.0468318946659565
45,92,0.43005627393722534,0.4245963990688324,0.0053546857088804245,1.0520365238189697,0.05320378765463829
45,93,0.8263935446739197,0.8148934245109558,0.011052570305764675,4.4758100509643555,0.37991732358932495
45,94,0.02335210330784321,0.023222748190164566,0.00011507386807352304,0.14280594885349274,0.08412677049636841
45,95,0.4837971329689026,0.4764063358306885,0.00726424902677536,1.2653261423110962,0.04235389828681946
45,96,0.9263846278190613,0.901804506778717,0.02400244027376175,5.7766594886779785,0.2905012369155884
45,97,0.03138188645243645,0.031262584030628204,8.818446804070845e-05,0.31116676330566406,0.007135570514947176
45,98,0.24166539311408997,0.24005497992038727,0.001594684086740017,0.15731824934482574,0.03720814734697342
45,99,0.9006520509719849,0.8925985097885132,0.008009225130081177,0.4435006380081177,0.07085555046796799
45,100,0.36849161982536316,0.3650069236755371,0.003473067656159401,0.11609426140785217,0.01769135147333145
46,1,0.856855034828186,0.8505192995071411,0.006306922994554043,0.28763285279273987,0.07112571597099304
46,2,0.9219123721122742,0.897419810295105,0.023869480937719345,6.230815410614014,0.5449224710464478
46,3,0.04436609521508217,0.0431545227766037,0.0012103331973776221,0.012402975000441074,0.013394808396697044
46,4,0.44734781980514526,0.4409642219543457,0.006175484973937273,2.0812273025512695,0.06624677032232285
46,5,0.1864658147096634,0.18467403948307037,0.0017681785393506289,0.2360706478357315,0.012936362065374851
46,6,0.24205738306045532,0.24018940329551697,0.0018564469646662474,0.11540485173463821,0.05905679613351822
46,7,0.40416693687438965,0.40089988708496094,0.003249356523156166,0.17708194255828857,0.03977593779563904
46,8,0.3864101767539978,0.3819923996925354,0.004391790367662907,0.2598733901977539,0.031029539182782173
46,9,0.12615293264389038,0.12522166967391968,0.0009266393026337028,0.04624518007040024,0.05924323946237564
46,10,0.5748606324195862,0.5659911632537842,0.008694355376064777,1.7512110471725464,0.19583562016487122
46,11,0.016530191525816917,0.016459476202726364,4.288081981940195e-05,0.27835431694984436,0.0026865587569773197
46,12,0.9831722378730774,0.9497299790382385,0.032726336270570755,7.158909797668457,0.10696028918027878
46,13,0.023213626816868782,0.02314179763197899,4.325516783865169e-05,0.2857424020767212,0.004108072258532047
46,14,0.42185842990875244,0.41664427518844604,0.005124480463564396,0.8967625498771667,0.027521800249814987
46,15,0.41987884044647217,0.4159820079803467,0.0037972494028508663,0.9957807660102844,0.028357721865177155
46,16,0.4743397831916809,0.46727144718170166,0.0069425227120518684,1.2581260204315186,0.04214199632406235
46,17,0.37172406911849976,0.36902984976768494,0.0026804134249687195,0.13790462911128998,0.02517569437623024
46,18,0.19908612966537476,0.1970818191766739,0.0019623611588031054,0.4194221794605255,0.015433330088853836
46,19,1.1770163774490356,1.1474920511245728,0.029038287699222565,4.860334396362305,0.1752009391784668
46,20,0.023448392748832703,0.023310257121920586,0.00012220785720273852,0.15928301215171814,0.10648982226848602
46,21,0.8750640153884888,0.8677324056625366,0.007245256565511227,0.8633976578712463,0.1298401653766632
46,22,0.027194516733288765,0.027095355093479156,6.337154627544805e-05,0.35790586471557617,0.0013044538209214807
46,23,0.959341287612915,0.925169050693512,0.0334361270070076,7.361195087432861,0.13586650788784027
46,24,0.6307934522628784,0.6179354786872864,0.012611513957381248,2.4643757343292236,0.26828086376190186
46,25,1.0875240564346313,1.0589364767074585,0.02791876345872879,6.687381744384766,0.18025489151477814
46,26,0.513486385345459,0.5090880990028381,0.004366153851151466,0.32102248072624207,0.058238789439201355
46,27,0.36492016911506653,0.36165401339530945,0.0032571451738476753,0.08996576070785522,0.008844366297125816
46,28,0.027994820848107338,0.02789212390780449,7.357678259722888e-05,0.2912060022354126,0.005400512367486954
46,29,0.9022783637046814,0.8953430652618408,0.0068597132340073586,0.7558175325393677,0.07583308964967728
46,30,0.39921849966049194,0.39589354395866394,0.0032987932208925486,0.26174187660217285,0.024517318233847618
46,31,0.19223687052726746,0.1907626837491989,0.0014534592628479004,0.2073454111814499,0.004339848645031452
46,32,0.6972234845161438,0.6907483339309692,0.006433962844312191,0.41199448704719543,0.0769471824169159
46,33,0.9775707721710205,0.9574079513549805,0.019647445529699326,5.154262065887451,0.5700019598007202
46,34,0.015829039737582207,0.015771402046084404,4.566893039736897e-05,0.1196923553943634,0.07148891687393188
46,35,0.7275956869125366,0.7202544808387756,0.007292710244655609,0.48545554280281067,0.08494192361831665
46,36,0.3874222934246063,0.38426876068115234,0.0031413265969604254,0.12219401448965073,0.03846832364797592
46,37,0.014589515514671803,0.014533529058098793,4.39626892330125e-05,0.12023000419139862,0.06488272547721863
46,38,0.8867626786231995,0.8797733783721924,0.006952777970582247,0.36539506912231445,0.07575748860836029
46,39,0.6224413514137268,0.610512912273407,0.011720805428922176,2.0763518810272217,0.20918087661266327
46,40,0.01668575033545494,0.01663200557231903,2.6133900973945856e-05,0.27610161900520325,0.001966713462024927
46,41,0.4108949601650238,0.4065593183040619,0.004240222275257111,0.954130232334137,0.033228106796741486
46,42,0.04136815294623375,0.04115194082260132,0.00018280748918186873,0.3340300917625427,0.011422364041209221
46,43,0.3644622266292572,0.3600018620491028,0.00443305354565382,0.273123562335968,0.02256298065185547
46,44,0.442960649728775,0.435906320810318,0.0070227691903710365,0.31556496024131775,0.052232541143894196
46,45,0.08352164179086685,0.08195225894451141,0.0015654177404940128,0.039670106023550034,0.034176621586084366
46,46,0.8594115376472473,0.8358403444290161,0.023090781643986702,4.804315090179443,0.39361026883125305
46,47,0.3599412441253662,0.3549503684043884,0.004961915779858828,0.28968000411987305,0.031193263828754425
46,48,0.8503990769386292,0.8413568735122681,0.008995091542601585,0.47060951590538025,0.11684036254882812
46,49,1.1165872812271118,1.0856800079345703,0.02996237203478813,9.447970390319824,0.21392673254013062
46,50,0.4779168367385864,0.46865859627723694,0.009022972546517849,2.3525960445404053,0.07857094705104828
46,51,0.12145151942968369,0.1201060563325882,0.0013399649178609252,0.05497448518872261,0.04897969216108322
46,52,1.21504545211792,1.1636109352111816,0.04995489493012428,14.796390533447266,0.19209060072898865
46,53,0.9168320894241333,0.9084088206291199,0.008356287144124508,0.6697285175323486,0.08833006024360657
46,54,0.8739433288574219,0.8630848526954651,0.010774862952530384,0.8360966444015503,0.09583151340484619
46,55,0.4024091064929962,0.39746251702308655,0.0048263901844620705,1.201820731163025,0.027744296938180923
46,56,0.12137003988027573,0.12024348974227905,0.001121701207011938,0.048513930290937424,0.035640899091959
46,57,0.22601953148841858,0.2243257462978363,0.001676511368714273,0.17276182770729065,0.044992029666900635
46,58,0.22772939503192902,0.2260063886642456,0.0017066687578335404,0.16326689720153809,0.05172666907310486
46,59,0.3683566749095917,0.36474430561065674,0.003599543124437332,0.1281585544347763,0.020818103104829788
46,60,1.1561415195465088,1.1223890781402588,0.032893866300582886,8.585018157958984,0.1895337998867035
46,61,1.146405577659607,1.1268402338027954,0.018772952258586884,7.924018383026123,0.1766398549079895
46,62,0.9613264799118042,0.9304577112197876,0.02983446978032589,10.34337043762207,0.17115166783332825
46,63,0.02954953722655773,0.029404811561107635,0.00010620641114655882,0.3851920962333679,0.004576076753437519
46,64,0.028564007952809334,0.028422219678759575,0.00010362172906752676,0.3816818594932556,0.005098408088088036
46,65,0.7391237616539001,0.7344329357147217,0.004646139219403267,0.44693514704704285,0.0563826821744442
46,66,0.9508978128433228,0.9332346320152283,0.016885150223970413,7.780064105987549,0.07560021430253983
46,67,0.013833868317306042,0.013697627931833267,0.00012088270159438252,0.1535796970129013,0.06379127502441406
46,68,0.12342957407236099,0.12135718762874603,0.0020626666955649853,0.09721039235591888,0.096051424741745
46,69,0.37433773279190063,0.37172242999076843,0.0026056324131786823,0.09647782146930695,0.0212404802441597
46,70,0.3934932351112366,0.390177845954895,0.003296291222795844,0.19117039442062378,0.030721358954906464
46,71,0.40899327397346497,0.4052548408508301,0.003717392450198531,0.21043333411216736,0.03161538764834404
46,72,0.4075292646884918,0.4039992094039917,0.003498953767120838,0.31110823154449463,0.03241688013076782
46,73,0.8979673385620117,0.8928185105323792,0.005124559160321951,0.24253647029399872,0.09366507083177567
46,74,0.8835625052452087,0.8770959973335266,0.006409577094018459,0.5689709782600403,0.12910686433315277
46,75,0.6534577012062073,0.6400344371795654,0.013198697939515114,2.2456767559051514,0.22661906480789185
46,76,0.362007200717926,0.35809263586997986,0.003894887398928404,0.19665910303592682,0.0442681647837162
46,77,0.014661265537142754,0.01459489669650793,3.594847657950595e-05,0.3042110502719879,0.0026813861913979053
46,78,0.35076940059661865,0.34767115116119385,0.0030781670939177275,0.2009417712688446,0.036167241632938385
46,79,0.44112396240234375,0.43532633781433105,0.005770417861640453,0.27214547991752625,0.06142707169055939
46,80,0.9956762194633484,0.9638302326202393,0.030799023807048798,10.469697952270508,0.13926738500595093
46,81,0.38621607422828674,0.3829503357410431,0.0032496610656380653,0.16049356758594513,0.033652156591415405
46,82,0.3274669051170349,0.32482701539993286,0.0026235124096274376,0.16384737193584442,0.016760453581809998
46,83,0.8770724534988403,0.849233865737915,0.027450915426015854,3.876727819442749,0.43574559688568115
46,84,0.43181151151657104,0.4255286753177643,0.00625636288896203,0.26458457112312317,0.03667444735765457
46,85,0.8615560531616211,0.8494434356689453,0.011536339297890663,5.7625627517700195,0.35399329662323
46,86,0.9180810451507568,0.9070385694503784,0.01093981508165598,1.0264509916305542,0.16703978180885315
46,87,0.4316982328891754,0.4231063425540924,0.0083158565685153,2.7604339122772217,0.09061616659164429
46,88,0.4349527955055237,0.4253794550895691,0.009307902306318283,2.654572010040283,0.0807163342833519
46,89,0.025744231417775154,0.025642678141593933,6.43423554720357e-05,0.372101753950119,0.003711753524839878
46,90,0.7309920191764832,0.7218723297119141,0.009042030200362206,0.7767574787139893,0.11184364557266235
46,91,0.9617052674293518,0.9452869296073914,0.016311854124069214,1.0653489828109741,0.11396854370832443
46,92,1.1223877668380737,1.09739351272583,0.02449018880724907,5.039992809295654,0.14606308937072754
46,93,0.03595558926463127,0.035897135734558105,3.3261298085562885e-05,0.25191375613212585,0.010400312021374702
46,94,0.24948576092720032,0.24827495217323303,0.001200410770252347,0.10399094969034195,0.00666804239153862
46,95,0.44709640741348267,0.4410087466239929,0.006058031693100929,0.2963181436061859,0.019811488687992096
46,96,0.4584537148475647,0.4535653591156006,0.0047975145280361176,0.9084473848342896,0.022060604766011238
46,97,0.4907914698123932,0.48477646708488464,0.005923788994550705,0.9121757745742798,0.04863104969263077
46,98,0.4294416010379791,0.4253350794315338,0.004024842754006386,0.8169217705726624,0.06801863014698029
46,99,1.0620245933532715,1.0190085172653198,0.04201734811067581,9.987626075744629,0.19687391817569733
46,100,0.8264426589012146,0.8111218214035034,0.015080686658620834,2.401259422302246,0.6834867000579834
47,1,0.6992290019989014,0.6930731534957886,0.006108633708208799,0.4718908965587616,0.126780167222023
47,2,0.05984707176685333,0.05974798649549484,5.2472434617811814e-05,0.46612823009490967,0.003124003764241934
47,3,0.329231858253479,0.3261367678642273,0.003079605521634221,0.15495659410953522,0.04051382839679718
47,4,0.3851168751716614,0.3808899223804474,0.004195506684482098,0.3144533932209015,0.042303405702114105
47,5,0.9473799467086792,0.9411936402320862,0.006098765879869461,0.8753373622894287,0.06324492394924164
47,6,0.025795770809054375,0.025716006755828857,4.423979407874867e-05,0.3552384078502655,0.005625142715871334
47,7,0.8420446515083313,0.836715579032898,0.005305721424520016,0.23352298140525818,0.037658192217350006
47,8,0.34694144129753113,0.3435264825820923,0.0033609981182962656,0.5397517085075378,0.019853245466947556
47,9,0.6886246800422668,0.6812747716903687,0.007248313166201115,1.0156188011169434,0.03948592394590378
47,10,0.0415140762925148,0.04122144728899002,0.0002522483409848064,0.4038347899913788,0.017936520278453827
47,11,0.03244708105921745,0.031252671033144,0.0011936422670260072,0.007657031994313002,0.012918880209326744
47,12,0.20393308997154236,0.20155099034309387,0.0023453827016055584,0.36713138222694397,0.01962141878902912
47,13,0.821643054485321,0.8102401494979858,0.01112328004091978,2.795839548110962,0.48972153663635254
47,14,0.46891745924949646,0.4618258774280548,0.007046285085380077,0.4528687596321106,0.13164320588111877
47,15,0.35775694251060486,0.35400184988975525,0.003742351895198226,0.12764132022857666,0.02164335548877716
47,16,0.02024191990494728,0.02015579864382744,5.365756805986166e-05,0.3246331512928009,0.004141828510910273
47,17,0.4284016191959381,0.4223472476005554,0.005921925883740187,1.3242743015289307,0.03920772671699524
47,18,1.0111428499221802,0.9990272521972656,0.011878827586770058,2.367690324783325,0.10683128237724304
47,19,0.4093097150325775,0.40518879890441895,0.004093724302947521,0.27173835039138794,0.01777585595846176
47,20,0.7006095051765442,0.6933037042617798,0.0072599006816744804,0.45886823534965515,0.05926668643951416
47,21,0.831525981426239,0.8225218653678894,0.008744734339416027,2.594224214553833,0.33070993423461914
47,22,0.6036993861198425,0.5930367112159729,0.01048887800425291,1.7381350994110107,0.23719634115695953
47,23,0.23684291541576385,0.2346186339855194,0.002208475722000003,0.1581498682498932,0.06498153507709503
47,24,0.13733486831188202,0.13369220495224,0.0036224541254341602,0.20198892056941986,0.1471676528453827
47,25,0.020926550030708313,0.020840920507907867,5.4775628086645156e-05,0.3085554838180542,0.002407121006399393
47,26,0.07772453874349594,0.07709525525569916,0.0006230089347809553,0.06272272020578384,0.011654859408736229
47,27,0.7609740495681763,0.7518527507781982,0.009022918529808521,0.9842793345451355,0.13575950264930725
47,28,0.11672383546829224,0.11582575738430023,0.0008857581997290254,0.12322576344013214,0.004983784165233374
47,29,1.0794386863708496,1.0658442974090576,0.012830052524805069,7.6442389488220215,0.18916280567646027
47,30,0.6729923486709595,0.6611832976341248,0.011754215694963932,0.5485274791717529,0.10152353346347809
47,31,0.7375611066818237,0.7251713275909424,0.01230975054204464,0.8006148338317871,0.11009231209754944
47,32,0.44460228085517883,0.43511059880256653,0.00942939706146717,0.622829258441925,0.06298227608203888
47,33,0.4467455744743347,0.44123589992523193,0.005465342663228512,0.44337016344070435,0.051230840384960175
47,34,0.3730405867099762,0.37047502398490906,0.002553844591602683,0.11722558736801147,0.01413058117032051
47,35,0.04610993340611458,0.045827716588974,0.00025094920420087874,0.31268084049224854,0.016156353056430817
47,36,0.015508429147303104,0.015411119908094406,8.423553663305938e-05,0.1307358741760254,0.05535455048084259
47,37,0.0268747266381979,0.026748687028884888,9.79564938461408e-05,0.28083357214927673,0.0051742312498390675
47,38,0.4515100121498108,0.44586074352264404,0.005522659979760647,1.2660287618637085,0.037127941846847534
47,39,0.8546472787857056,0.8275931477546692,0.026577506214380264,4.765709400177002,0.39380133152008057
47,40,0.3257357180118561,0.3222154378890991,0.0034789438359439373,0.41330090165138245,0.04041307047009468
47,41,0.9312836527824402,0.9152947068214417,0.015465524047613144,5.234731674194336,0.10341525077819824
47,42,0.020196761935949326,0.020106658339500427,5.8721008826978505e-05,0.31380993127822876,0.0016082918737083673
47,43,0.8508588671684265,0.83946692943573,0.011320816352963448,0.71115642786026,0.10880307853221893
47,44,0.34335964918136597,0.3397686779499054,0.003566692117601633,0.242983877658844,0.022163309156894684
47,45,0.33634573221206665,0.33344367146492004,0.002852431498467922,0.4960659146308899,0.06680071353912354
47,46,1.055501103401184,1.0256096124649048,0.029173679649829865,7.17777681350708,0.5437137484550476
47,47,0.41941118240356445,0.41411343216896057,0.005211337469518185,0.8643261790275574,0.059224583208560944
47,48,0.9774184226989746,0.9465587735176086,0.029964318498969078,8.95350170135498,0.12119355797767639
47,49,0.23495988547801971,0.23334312438964844,0.001605874509550631,0.10888585448265076,0.06027683615684509
47,50,0.7090213894844055,0.7019741535186768,0.006986441556364298,0.6082150340080261,0.06708447635173798
47,51,1.0266412496566772,0.9819833040237427,0.0437164232134819,9.414899826049805,0.14012691378593445
47,52,0.3107815086841583,0.3069900870323181,0.003778968472033739,0.1247219666838646,0.007858581840991974
47,53,0.3537116050720215,0.35003942251205444,0.0036481611896306276,0.24031369388103485,0.013297488912940025
47,54,0.12401851266622543,0.1230003833770752,0.0010140184313058853,0.04111652448773384,0.03033418208360672
47,55,0.3482103943824768,0.3448287844657898,0.0033568162471055984,0.24783627688884735,0.0159573033452034
47,56,0.22101786732673645,0.21941955387592316,0.0015881811268627644,0.1013076975941658,0.03786522150039673
47,57,0.9903132915496826,0.9662663340568542,0.023065540939569473,9.814119338989258,0.1331198811531067
47,58,0.02665991149842739,0.02656049281358719,6.88828295096755e-05,0.30535411834716797,0.005487661808729172
47,59,0.4419512152671814,0.4334757924079895,0.008324585855007172,1.508439540863037,0.047440506517887115
47,60,0.40177157521247864,0.3976207673549652,0.004073679447174072,0.7711583971977234,0.04266655445098877
47,61,0.4386959373950958,0.43563345074653625,0.0029757884331047535,0.866834282875061,0.0461018942296505
47,62,0.008662317879498005,0.007218077313154936,0.0014441149542108178,0.0012572265695780516,0.0018696553306654096
47,63,0.5869572758674622,0.5779078602790833,0.008882135152816772,1.6732419729232788,0.24947091937065125
47,64,0.9807694554328918,0.9482437968254089,0.03193846717476845,5.87164306640625,0.6747318506240845
47,65,0.35649991035461426,0.3539377748966217,0.002539433538913727,0.22714687883853912,0.02473513036966324
47,66,0.8762301206588745,0.868687093257904,0.007478527259081602,0.6451183557510376,0.10286638885736465
47,67,0.026444895192980766,0.026310786604881287,0.00010568559810053557,0.28422433137893677,0.007161695510149002
47,68,0.9116355776786804,0.9031866788864136,0.00837099552154541,0.7793189287185669,0.11480934172868729
47,69,1.0546396970748901,1.0414063930511475,0.011859240010380745,13.739781379699707,0.16446173191070557
47,70,0.12640094757080078,0.12443533539772034,0.0019518474582582712,0.13765014708042145,0.0909358412027359
47,71,0.12236824631690979,0.12090592086315155,0.0014572591753676534,0.050649337470531464,0.049526397138834
47,72,0.12711061537265778,0.12586921453475952,0.0012353931088000536,0.06003279983997345,0.056855250149965286
47,73,0.34195879101753235,0.33848631381988525,0.0034132665023207664,0.5921213626861572,0.04831169545650482
47,74,0.04058017581701279,0.04031272232532501,0.00023273614351637661,0.34717363119125366,0.016735102981328964
47,75,0.8612762689590454,0.8330380916595459,0.02764231339097023,5.9585371017456055,0.4512569308280945
47,76,0.4187007546424866,0.41396862268447876,0.004696064628660679,0.3606601357460022,0.03595263510942459
47,77,1.0028389692306519,0.9892613887786865,0.012340168468654156,12.373699188232422,0.18205606937408447
47,78,0.23996341228485107,0.2379544973373413,0.001991747412830591,0.17165550589561462,0.02204282581806183
47,79,0.13338778913021088,0.13233277201652527,0.001049932325258851,0.050881277769804,0.020559899508953094
47,80,0.1393590122461319,0.1354680359363556,0.003874352900311351,0.16636797785758972,0.053120918571949005
47,81,0.02627604454755783,0.02618885412812233,5.669049278367311e-05,0.30500051379203796,0.005951661616563797
47,82,0.3815668523311615,0.37854593992233276,0.003006748389452696,0.14151932299137115,0.024750832468271255
47,83,0.7184833884239197,0.7103123664855957,0.00811287946999073,0.5810011029243469,0.07926108688116074
47,84,0.38657528162002563,0.382291316986084,0.004267172887921333,0.16790713369846344,0.040365442633628845
47,85,0.021259792149066925,0.021171316504478455,5.332227374310605e-05,0.3515397906303406,0.001843155361711979
47,86,0.12858429551124573,0.126836895942688,0.0017334670992568135,0.13932232558727264,0.10135270655155182
47,87,0.02004111371934414,0.01994618959724903,6.160307384561747e-05,0.33321690559387207,0.001935957232490182
47,88,0.13287822902202606,0.1305444985628128,0.0023159533739089966,0.17778447270393372,0.09471239149570465
47,89,0.392680823802948,0.3894748389720917,0.0031781906727701426,0.27791962027549744,0.03607475012540817
47,90,0.012288970872759819,0.012215077877044678,5.964023876003921e-05,0.14253419637680054,0.05130715295672417
47,91,1.190593957901001,1.1536569595336914,0.03610333055257797,8.336259841918945,0.12495550513267517
47,92,0.4129959046840668,0.4083542823791504,0.004535767249763012,1.0586482286453247,0.03222504258155823
47,93,0.20313002169132233,0.20137955248355865,0.00170965027064085,0.40812283754348755,0.009623348712921143
47,94,0.830011248588562,0.8070807456970215,0.022513508796691895,4.170223236083984,0.30545294284820557
47,95,0.12834906578063965,0.12699425220489502,0.0013490042183548212,0.058149755001068115,0.07121941447257996
47,96,0.634295642375946,0.6207668781280518,0.0132910693064332,2.3768584728240967,0.3028365671634674
47,97,0.9206041097640991,0.9017021656036377,0.018508993089199066,3.9296181201934814,0.14887264370918274
47,98,0.11935519427061081,0.11755257099866867,0.0017885447014123201,0.14078037440776825,0.11084747314453125
47,99,0.04261384531855583,0.04220907762646675,0.00037243994302116334,0.3232822120189667,0.017320401966571808
47,100,0.019680218771100044,0.019608352333307266,4.5161119487602264e-05,0.2670454978942871,0.0034892288967967033
48,1,0.6764047741889954,0.6706480979919434,0.005706656724214554,0.49992185831069946,0.055352263152599335
48,2,0.7943927645683289,0.7750993967056274,0.01888250559568405,4.108419418334961,0.2844591736793518
48,3,0.4697248339653015,0.46043652296066284,0.009224523790180683,0.6377291083335876,0.05737178027629852
48,4,0.9302037954330444,0.9040849804878235,0.025492500513792038,6.263522148132324,0.11014631390571594
48,5,0.5911035537719727,0.5840190649032593,0.006909344345331192,1.7513492107391357,0.21036410331726074
48,6,0.12315087020397186,0.12218378484249115,0.000962581776548177,0.04500759020447731,0.034338388592004776
48,7,0.9881042838096619,0.9540849328041077,0.032902926206588745,11.1644926071167,0.12779390811920166
48,8,1.1265653371810913,1.1041309833526611,0.02203328348696232,4.0105791091918945,0.1796678900718689
48,9,0.9074605107307434,0.8989707827568054,0.008437814190983772,0.5189955234527588,0.10685024410486221
48,10,0.3360627293586731,0.3331126868724823,0.0029034402687102556,0.46606823801994324,0.03706669807434082
48,11,0.02459760755300522,0.024481605738401413,8.774572052061558e-05,0.28256088495254517,0.00638018362224102
48,12,0.3538084030151367,0.3505672812461853,0.0032159676775336266,0.25162655115127563,0.022946830838918686
48,13,0.8680195212364197,0.8576018810272217,0.009764648042619228,6.529886245727539,0.32058629393577576
48,14,0.42671796679496765,0.4206594228744507,0.005944075994193554,1.1446304321289062,0.040340714156627655
48,15,0.20701190829277039,0.20485906302928925,0.0021131769753992558,0.3966466784477234,0.01233268715441227
48,16,0.08519958704710007,0.08379451930522919,0.0014013079926371574,0.037635114043951035,0.033089615404605865
48,17,0.16916242241859436,0.16757255792617798,0.0015735817141830921,0.16291144490242004,0.011766093783080578
48,18,0.015530371107161045,0.015456313267350197,4.507276389631443e-05,0.2898479402065277,0.0030385362915694714
48,19,0.02729668654501438,0.027136649936437607,0.00012760076788254082,0.324363112449646,0.006325964815914631
48,20,0.13110758364200592,0.12964126467704773,0.0014602907467633486,0.060378819704055786,0.06209619343280792
48,21,0.9165180325508118,0.9048784971237183,0.010935766622424126,7.037693023681641,0.09747722744941711
48,22,0.012105641886591911,0.0120019456371665,8.743864600546658e-05,0.1625695377588272,0.06278420984745026
48,23,0.014276054687798023,0.01419782917946577,4.957541386829689e-05,0.2865002751350403,0.003323310986161232
48,24,0.33735135197639465,0.3338554799556732,0.003465467132627964,0.3040265738964081,0.015126178041100502
48,25,0.6365240216255188,0.6178947687149048,0.01826140098273754,3.678741931915283,0.24377906322479248
48,26,0.48969021439552307,0.47751128673553467,0.011888880282640457,2.9004921913146973,0.0418526828289032
48,27,0.31761929392814636,0.314289927482605,0.0032906036358326674,0.387874960899353,0.038236942142248154
48,28,0.9183357954025269,0.8820922374725342,0.035284288227558136,9.592761993408203,0.46804681420326233
48,29,0.1930028647184372,0.19102251529693604,0.0019417166477069259,0.38634127378463745,0.018648922443389893
48,30,0.9329109191894531,0.926268458366394,0.006588642951101065,0.5384337306022644,0.0624554269015789
48,31,0.13919700682163239,0.13734900951385498,0.0018347350414842367,0.13254699110984802,0.1116865947842598
48,32,0.6183207035064697,0.6098038554191589,0.008327862247824669,1.889819860458374,0.23555631935596466
48,33,0.42739105224609375,0.4245750904083252,0.002798935864120722,0.1702420562505722,0.05278313159942627
48,34,0.4286731779575348,0.42548537254333496,0.0031710402108728886,0.16784405708312988,0.05337102711200714
48,35,0.13163994252681732,0.13026370108127594,0.001371087389998138,0.05154290795326233,0.06745153665542603
48,36,0.42917752265930176,0.42579352855682373,0.003335390705615282,0.4859926998615265,0.05717336758971214
48,37,0.4199896454811096,0.4174904525279999,0.002418172312900424,0.8103218078613281,0.045684829354286194
48,38,0.8761579990386963,0.870702862739563,0.005421576555818319,0.3358227014541626,0.11992870271205902
48,39,0.8357333540916443,0.8303748369216919,0.005337255075573921,0.2124953716993332,0.07743361592292786
48,40,0.4449293315410614,0.4393247663974762,0.005469942465424538,1.346312403678894,0.03274939954280853
48,41,0.02977369911968708,0.029667792841792107,7.854136492824182e-05,0.2736337184906006,0.008637504652142525
48,42,0.32468655705451965,0.321993350982666,0.002667364664375782,0.25853100419044495,0.02622218057513237
48,43,0.7707458734512329,0.7540724277496338,0.01632576435804367,3.4766697883605957,0.27618080377578735
48,44,0.41786131262779236,0.41306519508361816,0.004687582142651081,1.085445761680603,0.028610359877347946
48,45,0.881860613822937,0.872957706451416,0.008628941141068935,2.739514112472534,0.4933328330516815
48,46,0.3537693917751312,0.3494885563850403,0.004256453365087509,0.24364475905895233,0.029202770441770554
48,47,0.4607933461666107,0.45337438583374023,0.007282308302819729,1.3663424253463745,0.04528038203716278
48,48,0.8328255414962769,0.8229624032974243,0.009800886735320091,0.6225229501724243,0.10687284171581268
48,49,0.4211524426937103,0.41317757964134216,0.007772226817905903,2.0261917114257812,0.04339373856782913
48,50,0.44701921939849854,0.4408145546913147,0.006165622733533382,0.3903450667858124,0.0622917041182518
48,51,0.8779069781303406,0.8668278455734253,0.011030823923647404,0.48250553011894226,0.0975847989320755
48,52,0.1261071413755417,0.1247948706150055,0.001305252080783248,0.07016874104738235,0.05361451953649521
48,53,0.19919073581695557,0.19720210134983063,0.0019415763672441244,0.47057563066482544,0.012550000101327896
48,54,0.22322684526443481,0.2205103635787964,0.002698352560400963,0.1813315451145172,0.049908481538295746
48,55,0.01964525505900383,0.01954738236963749,6.481580203399062e-05,0.3305574953556061,0.003544144332408905
48,56,1.1636701822280884,1.1216541528701782,0.040921565145254135,10.944928169250488,0.2038058042526245
48,57,0.870097279548645,0.86235111951828,0.007706039119511843,0.40106895565986633,0.07841065526008606
48,58,0.1200292631983757,0.11879976093769073,0.0012230626307427883,0.06437844783067703,0.048249322921037674
48,59,0.22785784304141998,0.22523832321166992,0.002599174389615655,0.20345769822597504,0.04937908053398132
48,60,0.9256566762924194,0.9014866352081299,0.02362588420510292,5.4416046142578125,0.5630040168762207
48,61,0.024712679907679558,0.024566754698753357,0.00011385751713532954,0.32067376375198364,0.006646027788519859
48,62,0.013582008890807629,0.013511770404875278,4.123664984945208e-05,0.29001012444496155,0.0024657349567860365
48,63,1.0888960361480713,1.0620064735412598,0.0261225625872612,7.669427394866943,0.1704501211643219
48,64,0.17883490025997162,0.17643602192401886,0.0023794611915946007,0.1942349672317505,0.01046886295080185
48,65,0.8850085735321045,0.8718999624252319,0.01279621571302414,3.123877763748169,0.17897605895996094
48,66,0.014438032172620296,0.01437847875058651,4.407793312566355e-05,0.15476174652576447,0.08003364503383636
48,67,0.9082434773445129,0.8613376617431641,0.04642004519701004,4.857491970062256,0.6351311802864075
48,68,0.32223930954933167,0.31895413994789124,0.0032416577450931072,0.43523287773132324,0.04559886083006859
48,69,0.13895751535892487,0.13673922419548035,0.002197088673710823,0.2119835615158081,0.11679788678884506
48,70,0.322151780128479,0.31916993856430054,0.0029638148844242096,0.180429145693779,0.012579627335071564
48,71,0.38720354437828064,0.3831592798233032,0.004022025503218174,0.22239352762699127,0.034203726798295975
48,72,0.04243921488523483,0.04211002215743065,0.0002957984688691795,0.33394014835357666,0.019536081701517105
48,73,1.0932259559631348,1.0773212909698486,0.015613033436238766,2.916191577911377,0.12646639347076416
48,74,0.4367169439792633,0.4315949082374573,0.0050396788865327835,0.8234221935272217,0.03658977150917053
48,75,0.02805142104625702,0.027924370020627975,9.724499250296503e-05,0.2980554699897766,0.010692235082387924
48,76,1.1577093601226807,1.1379235982894897,0.019247278571128845,5.384679317474365,0.17495682835578918
48,77,0.04112391173839569,0.040894437581300735,0.00019576321938075125,0.33708474040031433,0.017550580203533173
48,78,0.02598358690738678,0.02587410993874073,7.869333785492927e-05,0.30784717202186584,0.007620824500918388
48,79,0.021333100274205208,0.021244019269943237,5.8015364629682153e-05,0.31065747141838074,0.004703303333371878
48,80,0.850701630115509,0.8329368233680725,0.017487501725554466,2.772947311401367,0.6448735594749451
48,81,0.23726758360862732,0.23525682091712952,0.0019919441547244787,0.18819883465766907,0.05528765916824341
48,82,0.016294654458761215,0.01622914709150791,3.5924778785556555e-05,0.2958172857761383,0.0035390262492001057
48,83,0.12497568875551224,0.12371137738227844,0.0012592627899721265,0.0505174957215786,0.040522802621126175
48,84,0.9449876546859741,0.9227873086929321,0.021576853469014168,6.234719753265381,0.1262156367301941
48,85,0.42673230171203613,0.42298057675361633,0.003636674489825964,1.1502779722213745,0.038612835109233856
48,86,0.026047568768262863,0.025903306901454926,0.00010981749801430851,0.3444358706474304,0.00696670264005661
48,87,0.8651200532913208,0.8565310835838318,0.00852490309625864,0.6405574083328247,0.0914522111415863
48,88,0.9991946220397949,0.9729088544845581,0.02556970715522766,7.160845756530762,0.09617902338504791
48,89,0.21500927209854126,0.21331638097763062,0.001677479362115264,0.15403082966804504,0.03089253604412079
48,90,0.013720802962779999,0.013649405911564827,3.80969577236101e-05,0.3330003619194031,0.0025751511566340923
48,91,0.47323372960090637,0.46237578988075256,0.01080409623682499,0.5385547280311584,0.06927844136953354
48,92,0.3992689847946167,0.39378291368484497,0.005371116101741791,1.1494544744491577,0.06820498406887054
48,93,0.029826033860445023,0.025283217430114746,0.004542256705462933,0.005588737782090902,0.007922806777060032
48,94,0.013753841631114483,0.013682687655091286,3.726392242242582e-05,0.33890002965927124,0.002440754324197769
48,95,0.014763811603188515,0.014688245952129364,4.213399370200932e-05,0.3343128263950348,0.0027113985270261765
48,96,0.7250599265098572,0.7162948846817017,0.008704770356416702,0.6023756265640259,0.09000345319509506
48,97,0.9789556860923767,0.9564159512519836,0.021894797682762146,6.449090003967285,0.15918134152889252
48,98,0.6906548142433167,0.6838619709014893,0.0067456853576004505,0.4713084399700165,0.07765170931816101
48,99,0.7259958386421204,0.7180616855621338,0.007886459119617939,0.4771169424057007,0.0804809033870697
48,100,0.6982142925262451,0.6905339956283569,0.0076196640729904175,0.6060084104537964,0.07164185494184494
49,1,0.017163103446364403,0.017104756087064743,2.9959745006635785e-05,0.28386396169662476,0.0037573659792542458
49,2,0.3800320029258728,0.3759446442127228,0.0040391674265265465,0.48180076479911804,0.03320769965648651
49,3,0.8566220998764038,0.8255521059036255,0.030687198042869568,3.8276333808898926,0.37998253107070923
49,4,0.9946938157081604,0.970123827457428,0.023848026990890503,7.220141887664795,0.13159236311912537
49,5,0.04796817898750305,0.047561682760715485,0.00036780687514692545,0.3869054317474365,0.019912995398044586
49,6,0.8360954523086548,0.8208439946174622,0.014846226200461388,4.052290439605713,0.49273255467414856
49,7,0.12338865548372269,0.12226511538028717,0.0011181142181158066,0.05420442670583725,0.05374246835708618
49,8,0.12453779578208923,0.12308474630117416,0.001447570975869894,0.054775215685367584,0.04702117666602135
49,9,0.9147719144821167,0.8958733081817627,0.018200553953647614,6.980447769165039,0.13198085129261017
49,10,0.8890507221221924,0.8804436326026917,0.008545070886611938,0.6199598908424377,0.16239053010940552
49,11,0.020085426047444344,0.02001136541366577,4.630628973245621e-05,0.27754637598991394,0.005258156917989254
49,12,0.6257901191711426,0.6145030856132507,0.011019377037882805,2.6767354011535645,0.2040504515171051
49,13,0.32102543115615845,0.31836891174316406,0.002634970471262932,0.2154466211795807,0.011860596016049385
49,14,0.018529243767261505,0.01841825619339943,9.60980833042413e-05,0.1489078551530838,0.033824995160102844
49,15,0.25097987055778503,0.24871040880680084,0.0022487114183604717,0.20755305886268616,0.039445407688617706
49,16,0.015939978882670403,0.015868186950683594,4.15063404943794e-05,0.30284643173217773,0.0035110036842525005
49,17,0.6264216899871826,0.6164019107818604,0.009796055033802986,2.2368249893188477,0.25309818983078003
49,18,0.9817366600036621,0.9617538452148438,0.019338497892022133,6.443456649780273,0.11622229218482971
49,19,0.6084007024765015,0.5974743366241455,0.010754257440567017,1.7213982343673706,0.3163345456123352
49,20,0.41280415654182434,0.4073876738548279,0.005300083663314581,1.1641510725021362,0.08854943513870239
49,21,0.024291088804602623,0.024196751415729523,5.705667717847973e-05,0.37280258536338806,0.00323496013879776
49,22,1.0855591297149658,1.0575151443481445,0.027324020862579346,7.199947834014893,0.17719045281410217
49,23,0.8544589877128601,0.8446205258369446,0.009759830310940742,0.7860459089279175,0.1319100558757782
49,24,0.022469088435173035,0.022360440343618393,7.280688441824168e-05,0.3584067225456238,0.0031964811496436596
49,25,0.017295673489570618,0.017154501751065254,0.0001409424439771101,0.0022864206694066525,0.004133366979658604
49,26,0.02442007325589657,0.024272553622722626,0.0001139713276643306,0.3354746103286743,0.008666029199957848
49,27,1.0204776525497437,0.972182035446167,0.04769771546125412,5.979257583618164,0.1512131690979004
49,28,0.4051154553890228,0.40039002895355225,0.00458437018096447,1.4106048345565796,0.027068890631198883
49,29,0.3391088843345642,0.3362845182418823,0.0027754874899983406,0.488872766494751,0.03364439308643341
49,30,0.26677805185317993,0.260833203792572,0.005865534767508507,0.7931192517280579,0.028260845690965652
49,31,0.9412562847137451,0.9295587539672852,0.011587847024202347,1.0965514183044434,0.1427733600139618
49,32,0.9126400947570801,0.9024338722229004,0.01010761596262455,0.9856835603713989,0.14644084870815277
49,33,0.1171058639883995,0.11614888906478882,0.0009538378799334168,0.03137480467557907,0.020213838666677475
49,34,0.8634507060050964,0.8546122312545776,0.008752549067139626,0.8594667315483093,0.14327149093151093
49,35,0.9648818969726562,0.9281742572784424,0.03586325794458389,8.443831443786621,0.15564873814582825
49,36,0.022510571405291557,0.02242049016058445,7.396354340016842e-05,0.16116775572299957,0.10227188467979431
49,37,0.6418402194976807,0.6331651210784912,0.008439939469099045,2.3515233993530273,0.2802885174751282
49,38,0.952804684638977,0.9443780183792114,0.008352391421794891,0.7425052523612976,0.08615805208683014
49,39,1.215987205505371,1.1807174682617188,0.03440886735916138,8.608739852905273,0.15129801630973816
49,40,0.9645088911056519,0.9319528937339783,0.031798891723155975,7.570891380310059,0.111760213971138
49,41,0.7872185707092285,0.7691844701766968,0.017640545964241028,3.9357666969299316,0.35063669085502625
49,42,0.014511793851852417,0.014446789398789406,3.3690208510961384e-05,0.31313517689704895,0.0030188551172614098
49,43,0.04538341611623764,0.0450892299413681,0.0002580259751994163,0.3616105616092682,0.017630118876695633
49,44,0.8659882545471191,0.8406791687011719,0.024712011218070984,5.970659255981445,0.3768186569213867
49,45,0.025272037833929062,0.02515289932489395,8.734776929486543e-05,0.3179181218147278,0.00905381329357624
49,46,0.3474888503551483,0.34284114837646484,0.004605121910572052,0.4257715344429016,0.026263223960995674
49,47,0.6886307597160339,0.671405553817749,0.017149943858385086,0.7530347108840942,0.0715794563293457
49,48,0.44085079431533813,0.4334424138069153,0.007262779399752617,1.4562219381332397,0.04132882505655289
49,49,0.8720613121986389,0.8624555468559265,0.009550925344228745,0.5481240749359131,0.0934755876660347
49,50,0.6029755473136902,0.5901758074760437,0.012569459155201912,2.302640438079834,0.183152973651886
49,51,0.4427364766597748,0.4319705367088318,0.010716008022427559,0.4990672469139099,0.053391195833683014
49,52,0.2299743890762329,0.22825336456298828,0.0017106146551668644,0.10412808507680893,0.02208816632628441
49,53,0.4274035096168518,0.42245715856552124,0.004913646262139082,0.32701683044433594,0.04164818301796913
49,54,0.9592408537864685,0.9350833892822266,0.02327101305127144,8.864350318908691,0.09205698221921921
49,55,0.02376692369580269,0.0236868467181921,5.334515299182385e-05,0.26732009649276733,0.005354151129722595
49,56,0.23473812639713287,0.2331334948539734,0.0015958389267325401,0.0878603532910347,0.049758732318878174
49,57,0.04385343939065933,0.04351547360420227,0.0003028899955097586,0.35075584053993225,0.018262216821312904
49,58,0.02088729850947857,0.020799122750759125,5.8433077356312424e-05,0.2974330186843872,0.0027737226337194443
49,59,0.02177225798368454,0.021678589284420013,6.281401147134602e-05,0.30854129791259766,0.003198810387402773
49,60,0.38904494047164917,0.3858645558357239,0.003170398995280266,0.0998782068490982,0.03091059997677803
49,61,0.8907411098480225,0.8643447160720825,0.025795359164476395,6.010578632354736,0.1744973361492157
49,62,0.9260414242744446,0.9170663952827454,0.008927538990974426,0.47478070855140686,0.11705814301967621
49,63,0.026104412972927094,0.025952808558940887,0.00012078875442966819,0.308147668838501,0.008220793679356575
49,64,1.0294743776321411,0.9845396280288696,0.04363921284675598,12.95521354675293,0.16082413494586945
49,65,0.9074078798294067,0.8977846503257751,0.009476943872869015,1.4624813795089722,0.09773797541856766
49,66,1.184312343597412,1.1561487913131714,0.027398765087127686,7.647977352142334,0.17756685614585876
49,67,0.3273327052593231,0.3243553042411804,0.002943452913314104,0.33957919478416443,0.02370629645884037
49,68,0.1372932493686676,0.13482865691184998,0.0024514582473784685,0.13123907148838043,0.06264447420835495
49,69,0.13181933760643005,0.13025376200675964,0.0015506898052990437,0.14885005354881287,0.07994559407234192
49,70,0.40149399638175964,0.39025169610977173,0.011153674684464931,0.8862600922584534,0.03242235630750656
49,71,0.3303530216217041,0.32592931389808655,0.004367905668914318,0.5580079555511475,0.04848068207502365
49,72,0.23863916099071503,0.23636125028133392,0.0022650030441582203,0.12909823656082153,0.07625237107276917
49,73,0.9507232308387756,0.9273003339767456,0.02261688932776451,8.060513496398926,0.1363724172115326
49,74,0.42134976387023926,0.41599029302597046,0.005247312132269144,1.1214368343353271,0.05872734636068344
49,75,0.01970854215323925,0.01961226761341095,6.376138480845839e-05,0.3251316249370575,0.00336970086209476
49,76,0.42142894864082336,0.41525799036026,0.0060690767131745815,1.0188614130020142,0.04318208247423172
49,77,0.13184912502765656,0.1302313208580017,0.0016037679743021727,0.14037682116031647,0.09511175751686096
49,78,0.013698871247470379,0.0136331208050251,4.16275579482317e-05,0.24123218655586243,0.0019392881076782942
49,79,0.9019340872764587,0.8832579851150513,0.018153220415115356,5.229264259338379,0.3118528127670288
49,80,0.23089858889579773,0.22878669202327728,0.002096396405249834,0.15492640435695648,0.05427590012550354
49,81,0.42823526263237,0.4212394952774048,0.0068506342358887196,1.4512834548950195,0.05052535980939865
49,82,1.1513079404830933,1.1300979852676392,0.020717410370707512,4.925369739532471,0.17586800456047058
49,83,0.01771165058016777,0.017604827880859375,7.256242679432034e-05,0.3425896167755127,0.003192016389220953
49,84,0.023176925256848335,0.02304857224225998,9.08627116587013e-05,0.3748966157436371,0.0034883765038102865
49,85,0.9355869293212891,0.9260543584823608,0.009364355355501175,1.6821773052215576,0.16020816564559937
49,86,1.1537301540374756,1.12400221824646,0.02909279242157936,6.351803779602051,0.18889594078063965
49,87,0.13353532552719116,0.13006973266601562,0.0034534302540123463,0.12152662873268127,0.10056412220001221
49,88,0.8725298047065735,0.865598738193512,0.00690412288531661,0.26941314339637756,0.058365799486637115
49,89,0.20166455209255219,0.19945427775382996,0.0021683345548808575,0.4194483160972595,0.014685550704598427
49,90,0.23080772161483765,0.2293979525566101,0.0013962392695248127,0.13526342809200287,0.035237036645412445
49,91,0.7658483982086182,0.758527398109436,0.007275277748703957,0.45706281065940857,0.05673586577177048
49,92,0.4275081157684326,0.42404597997665405,0.0034433635883033276,0.18772633373737335,0.022214513272047043
49,93,0.43487295508384705,0.43096524477005005,0.00378976808860898,1.1791887283325195,0.040730878710746765
49,94,0.021667184308171272,0.0215393528342247,9.006022446556017e-05,0.37769976258277893,0.004686195403337479
49,95,0.359772652387619,0.35653311014175415,0.0032183844596147537,0.21171104907989502,0.03545161336660385
49,96,0.8653436303138733,0.8559093475341797,0.00935794971883297,0.7636256814002991,0.10786768049001694
49,97,0.12903542816638947,0.1274392008781433,0.0015828487230464816,0.13385437428951263,0.14251375198364258
49,98,0.7215885519981384,0.7159807085990906,0.005559021141380072,0.4883088171482086,0.09182631969451904
49,99,0.8992221355438232,0.8736258745193481,0.025029994547367096,5.6624274253845215,0.4386278986930847
49,100,0.43707653880119324,0.43264320492744446,0.004395903088152409,0.37433376908302307,0.02742127701640129
50,1,0.9771122336387634,0.9537585973739624,0.022779036313295364,5.7460737228393555,0.522093653678894
50,2,0.021448852494359016,0.021344004198908806,6.986223888816312e-05,0.3498595058917999,0.007328245788812637
50,3,0.42628127336502075,0.42079734802246094,0.0054499986581504345,0.33924880623817444,0.022813111543655396
50,4,0.42559748888015747,0.41920918226242065,0.006190486717969179,1.9783000946044922,0.03260379284620285
50,5,0.41278040409088135,0.4090971052646637,0.0036373797338455915,0.45915257930755615,0.03649342060089111
50,6,0.38111868500709534,0.3772529065608978,0.0038497126661241055,0.16058775782585144,0.031886566430330276
50,7,0.8730500340461731,0.8454349637031555,0.027198269963264465,4.168356418609619,0.6242797374725342
50,8,0.39874666929244995,0.3936236500740051,0.005074194632470608,0.48813897371292114,0.04426686838269234
50,9,0.43047061562538147,0.4229191541671753,0.007389962673187256,1.6149647235870361,0.05714830383658409
50,10,0.785720705986023,0.7645041942596436,0.020756792277097702,4.59755802154541,0.34324389696121216
50,11,0.3517663776874542,0.3488275110721588,0.00291798310354352,0.20894064009189606,0.009563127532601357
50,12,0.044003669172525406,0.04364221170544624,0.00032321258913725615,0.3824272155761719,0.01853533834218979
50,13,0.8703263998031616,0.8648791313171387,0.005393090657889843,0.5418181419372559,0.0726853683590889
50,14,0.5809020400047302,0.5722461938858032,0.008531689643859863,1.241602897644043,0.1894262284040451
50,15,0.12048313766717911,0.11872462928295135,0.0017481287941336632,0.10375634580850601,0.09063637256622314
50,16,0.015951504930853844,0.015850789844989777,8.498612442053854e-05,0.1572871208190918,0.059813033789396286
50,17,0.8519205451011658,0.8453755378723145,0.006498180329799652,0.4684124290943146,0.08235416561365128
50,18,0.21039879322052002,0.20803242921829224,0.0023378245532512665,0.2852831780910492,0.0395367369055748
50,19,0.041800275444984436,0.04145084321498871,0.0003116810694336891,0.3775347173213959,0.017631378024816513
50,20,0.13699856400489807,0.13467636704444885,0.0023055365309119225,0.1666090488433838,0.11929675936698914
50,21,0.04235589876770973,0.04204580932855606,0.00027318790671415627,0.3690365254878998,0.017460230737924576
50,22,0.043991461396217346,0.04359736293554306,0.00035739265149459243,0.3670673072338104,0.01874919980764389
50,23,0.9651105403900146,0.9223342537879944,0.04192609339952469,8.502256393432617,0.1099613606929779
50,24,0.125348761677742,0.12322124093770981,0.002115305047482252,0.12218419462442398,0.06653207540512085
50,25,1.0087138414382935,0.9902732968330383,0.017726074904203415,7.143673419952393,0.11204259097576141
50,26,0.3615933954715729,0.3587847650051117,0.0027916384860873222,0.16994118690490723,0.012747764587402344
50,27,0.12742172181606293,0.12362627685070038,0.0037812143564224243,0.14225144684314728,0.06630977988243103
50,28,0.9071842432022095,0.8930949568748474,0.013952435925602913,1.3685760498046875,0.10015690326690674
50,29,0.34865155816078186,0.34548112750053406,0.0031386397313326597,0.3180818557739258,0.03043171763420105
50,30,0.4559212923049927,0.44997331500053406,0.005911623127758503,0.3635425567626953,0.07809638231992722
50,31,0.016290854662656784,0.01619577780365944,7.993110193638131e-05,0.15145477652549744,0.03838527575135231
50,32,0.9569103121757507,0.9365640878677368,0.019603200256824493,7.430051803588867,0.10390817373991013
50,33,0.6809739470481873,0.6743033528327942,0.00660581374540925,0.6477160453796387,0.07517412304878235
50,34,0.3936985433101654,0.38956305384635925,0.004029957577586174,1.0551764965057373,0.03753354027867317
50,35,0.6158864498138428,0.6033164858818054,0.012337453663349152,2.325138807296753,0.25519558787345886
50,36,0.9452691078186035,0.9247704744338989,0.01993042789399624,5.681826591491699,0.10270542651414871
50,37,0.02716636471450329,0.027026526629924774,0.00010767165804281831,0.32165467739105225,0.006185116246342659
50,38,0.9239341020584106,0.8993920683860779,0.02401694469153881,5.251421928405762,0.39430469274520874
50,39,0.026027677580714226,0.025876324623823166,0.00011875241762027144,0.32600638270378113,0.005606873892247677
50,40,0.3255927860736847,0.32298657298088074,0.002586764981970191,0.19462460279464722,0.015826385468244553
50,41,0.8473573327064514,0.839957594871521,0.007341221906244755,0.5855172276496887,0.12131673097610474
50,42,0.025901926681399345,0.02575712651014328,0.00011222431203350425,0.325756311416626,0.0062910811975598335
50,43,0.23105356097221375,0.22858065366744995,0.0024587924126535654,0.14117607474327087,0.0690336674451828
50,44,1.164923906326294,1.1347358226776123,0.02940097078680992,7.871495723724365,0.1590917855501175
50,45,0.3271291255950928,0.32137858867645264,0.00572182098403573,0.28740331530570984,0.029599053785204887
50,46,0.90409916639328,0.8938159942626953,0.01014266349375248,1.4049036502838135,0.08435720950365067
50,47,0.4558616280555725,0.4480348825454712,0.007675679866224527,1.510744571685791,0.043766118586063385
50,48,0.12967585027217865,0.12876461446285248,0.0009065276244655252,0.04702475666999817,0.03444432467222214
50,49,0.01331912912428379,0.013248272240161896,5.781936488347128e-05,0.130374938249588,0.04262853041291237
50,50,0.03999100625514984,0.03972582146525383,0.00023345915542449802,0.3172397315502167,0.020943406969308853
50,51,0.5842844843864441,0.577081024646759,0.007175090257078409,0.2837788760662079,0.10401352494955063
50,52,0.01929842308163643,0.019184615463018417,8.342146611539647e-05,0.3038531243801117,0.004046003334224224
50,53,0.12741214036941528,0.1256086528301239,0.0017885402776300907,0.14950193464756012,0.11114335060119629
50,54,0.12315275520086288,0.12054404616355896,0.0026039197109639645,0.047931522130966187,0.049730658531188965
50,55,0.2090696543455124,0.20619386434555054,0.0028293845243752003,0.46405458450317383,0.011333636939525604
50,56,0.506790041923523,0.497842013835907,0.008724379353225231,2.2361271381378174,0.05401406064629555
50,57,0.36373770236968994,0.3614179491996765,0.002311753574758768,0.0797538161277771,0.026662059128284454
50,58,0.5826877355575562,0.5707619190216064,0.011656017042696476,2.697660207748413,0.2771688997745514
50,59,0.026058055460453033,0.025958241894841194,7.324769103433937e-05,0.26564520597457886,0.0056541310623288155
50,60,0.7310953736305237,0.723459005355835,0.007577857468277216,0.5854151844978333,0.06725363433361053
50,61,0.9973782300949097,0.9864441156387329,0.009789709933102131,11.444168090820312,0.13049784302711487
50,62,0.716279923915863,0.7089599370956421,0.007265624590218067,0.5438828468322754,0.06320451200008392
50,63,0.01627327688038349,0.016176141798496246,8.440296369371936e-05,0.12733261287212372,0.041278302669525146
50,64,0.02666659839451313,0.0265717301517725,6.833850056864321e-05,0.26529595255851746,0.004627055488526821
50,65,0.3836461305618286,0.3808799684047699,0.0027006478048861027,0.6549721360206604,0.03993061184883118
50,66,0.9142281413078308,0.8947017192840576,0.019148405641317368,3.7798807621002197,0.7493484020233154
50,67,0.01923474110662937,0.019120987504720688,8.393422467634082e-05,0.29819414019584656,0.002720084274187684
50,68,0.8650174736976624,0.8407142162322998,0.023690734058618546,6.1252360343933105,0.4483831524848938
50,69,0.3755486011505127,0.3724104166030884,0.0031261229887604713,0.12080767005681992,0.035262610763311386
50,70,0.014687683433294296,0.014582497999072075,8.942498243413866e-05,0.15760385990142822,0.07940583676099777
50,71,0.02102217823266983,0.02091296948492527,8.046846051001921e-05,0.2874036729335785,0.0027859113179147243
50,72,0.12467990070581436,0.12381729483604431,0.0008581400034017861,0.04461418837308884,0.022924598306417465
50,73,0.48879146575927734,0.48469045758247375,0.004055780358612537,0.4524663984775543,0.026426982134580612
50,74,0.4305988550186157,0.427232027053833,0.003343783551827073,0.2303168624639511,0.024454981088638306
50,75,0.8922171592712402,0.8824892044067383,0.009672155603766441,0.558023989200592,0.11859490722417831
50,76,0.3971318304538727,0.393155574798584,0.003947507590055466,0.2876105010509491,0.036110926419496536
50,77,1.1015442609786987,1.088106393814087,0.012646550312638283,7.912952899932861,0.19371168315410614
50,78,0.7593327164649963,0.7504870295524597,0.008784232661128044,0.6144552826881409,0.13826709985733032
50,79,0.39116984605789185,0.386380136013031,0.004753895103931427,0.3581514358520508,0.05186579376459122
50,80,1.2297780513763428,1.2034295797348022,0.025771070271730423,5.774472236633301,0.17713549733161926
50,81,0.1956334412097931,0.1930750608444214,0.002513699699193239,0.4467865824699402,0.012107791379094124
50,82,0.13064828515052795,0.12851864099502563,0.002111093606799841,0.18558205664157867,0.10949327051639557
50,83,0.9542832374572754,0.9195050001144409,0.03387366607785225,9.045568466186523,0.134324312210083
50,84,0.7649077773094177,0.7544200420379639,0.010389896109700203,0.9782053232192993,0.09584315121173859
50,85,0.3177649676799774,0.30736929178237915,0.010354269295930862,0.41397950053215027,0.1223708838224411
50,86,0.39762061834335327,0.3942085802555084,0.0033869037870317698,0.2511695325374603,0.010548396967351437
50,87,0.3683578670024872,0.36520689725875854,0.0031401109881699085,0.10846707969903946,0.007170693948864937
50,88,0.12654352188110352,0.12440752238035202,0.002123299054801464,0.12699957191944122,0.055023692548274994
50,89,0.018892429769039154,0.01881222054362297,4.9571455747354776e-05,0.3063873052597046,0.0029525705613195896
50,90,0.1223292276263237,0.12144021689891815,0.0008843056857585907,0.04698319360613823,0.039936840534210205
50,91,1.2371577024459839,1.215781331062317,0.02078702300786972,5.893510341644287,0.11300872266292572
50,92,0.8813930153846741,0.8744547367095947,0.006908172741532326,0.30094173550605774,0.09537480771541595
50,93,0.1447802037000656,0.14299915730953217,0.0017670933157205582,0.13940903544425964,0.1764909327030182
50,94,0.03138231486082077,0.031306345015764236,4.208503378322348e-05,0.3388548195362091,0.006281499285250902
50,95,0.13783703744411469,0.13656172156333923,0.0012694364413619041,0.05888582020998001,0.09788064658641815
50,96,0.2501228153705597,0.2473217248916626,0.002784424927085638,0.16668273508548737,0.07528842985630035
50,97,0.4996940493583679,0.4927741289138794,0.006867413409054279,0.5252205729484558,0.11534836888313293
50,98,0.86651211977005,0.8592926263809204,0.007178789936006069,0.40682095289230347,0.0705195814371109
50,99,1.0251400470733643,1.0062460899353027,0.01850520633161068,3.8879382610321045,0.09823766350746155
50,100,0.16960583627223969,0.16883790493011475,0.000763518619351089,0.044041384011507034,0.007378782611340284
51,1,0.07506339997053146,0.07500573992729187,3.69586305168923e-05,0.2069919854402542,0.013019012287259102
51,2,0.9674959182739258,0.9523734450340271,0.014769824221730232,3.5261573791503906,0.07803261280059814
51,3,1.1308337450027466,1.0974488258361816,0.03280182182788849,5.8310747146606445,0.11276958882808685
51,4,0.8722549676895142,0.8637962937355042,0.008380208164453506,0.7843653559684753,0.12116292119026184
51,5,0.05759420990943909,0.057192303240299225,0.0003654927131719887,0.3641569912433624,0.01357552781701088
51,6,0.40004435181617737,0.39541637897491455,0.004610934294760227,0.17033837735652924,0.09819354861974716
51,7,0.03331471607089043,0.03321526572108269,6.68374850647524e-05,0.32609620690345764,0.0014154133386909962
51,8,0.888804018497467,0.8793413639068604,0.009397759102284908,0.6488774418830872,0.2423201948404312
51,9,0.026158710941672325,0.02604813128709793,8.204804908018559e-05,0.2853250503540039,0.0049308668822050095
51,10,0.3988175392150879,0.39641261100769043,0.002392473164945841,0.12456140667200089,0.026772895827889442
51,11,0.035907864570617676,0.03585291653871536,3.335731162223965e-05,0.21590082347393036,0.006364330183714628
51,12,0.3663257360458374,0.36366522312164307,0.002652825554832816,0.07689155638217926,0.005731295794248581
51,13,0.29269540309906006,0.28943708539009094,0.0032496368512511253,0.08686893433332443,0.0077398475259542465
51,14,0.9330888390541077,0.9242293834686279,0.008812228217720985,0.4721066355705261,0.1054229885339737
51,15,0.14241139590740204,0.14061075448989868,0.0017859082436189055,0.1474234163761139,0.048215076327323914
51,16,0.4547327160835266,0.44946664571762085,0.005171056836843491,0.9500151872634888,0.037764906883239746
51,17,0.8282227516174316,0.8153505921363831,0.012621595524251461,2.505688428878784,0.5138715505599976
51,18,1.0085870027542114,0.9855306148529053,0.022179681807756424,8.766586303710938,0.14965718984603882
51,19,0.44687288999557495,0.43691369891166687,0.009858854115009308,1.0034366846084595,0.06290940940380096
51,20,0.1300625503063202,0.12894631922245026,0.0011120035778731108,0.04231258109211922,0.06442099064588547
51,21,0.0183043722063303,0.018209774047136307,7.87856406532228e-05,0.1581193506717682,0.09288236498832703
51,22,0.40774640440940857,0.402327299118042,0.005336269736289978,0.8282070159912109,0.045832253992557526
51,23,0.13484276831150055,0.13336291909217834,0.0014678651932626963,0.11981676518917084,0.06949543952941895
51,24,0.26606282591819763,0.26221907138824463,0.0038165561854839325,0.2720259428024292,0.030231840908527374
51,25,0.8704156875610352,0.8642610311508179,0.0061270673759281635,0.27594879269599915,0.057773981243371964
51,26,0.020286904647946358,0.020204614847898483,5.214576958678663e-05,0.3014364242553711,0.0037761207204312086
51,27,0.013728555291891098,0.013595424592494965,0.00011739623732864857,0.15734583139419556,0.06218161806464195
51,28,0.6004572510719299,0.5902298092842102,0.010021807625889778,2.0564725399017334,0.1876116394996643
51,29,0.40596169233322144,0.40229707956314087,0.0036403685808181763,0.24269889295101166,0.04923635721206665
51,30,0.9243141412734985,0.8860236406326294,0.03792066499590874,3.698697805404663,0.15899142622947693
51,31,0.03097044862806797,0.030830366536974907,0.00010352449316997081,0.3655727207660675,0.005913460627198219
51,32,0.38907328248023987,0.3841070830821991,0.004951986018568277,0.14213594794273376,0.051071226596832275
51,33,0.4137471914291382,0.40733736753463745,0.006277698092162609,1.321105718612671,0.06399200856685638
51,34,0.20230409502983093,0.20003646612167358,0.0022359995637089014,0.316295862197876,0.018944989889860153
51,35,0.042697396129369736,0.04221551865339279,0.0004448193358257413,0.3706013262271881,0.02289605513215065
51,36,0.20166444778442383,0.19892354309558868,0.002705800347030163,0.35103535652160645,0.007297431584447622
51,37,0.6457521319389343,0.6371841430664062,0.008273934945464134,2.940307140350342,0.1866612434387207
51,38,0.12686465680599213,0.12592940032482147,0.0009302322869189084,0.05015666037797928,0.029986606910824776
51,39,0.4197225868701935,0.4144602417945862,0.005137226544320583,1.250968098640442,0.028405625373125076
51,40,0.04623797908425331,0.045637886971235275,0.0005621096934191883,0.37984132766723633,0.023346073925495148
51,41,1.0068647861480713,0.984410285949707,0.021654460579156876,8.000261306762695,0.16846750676631927
51,42,0.14071455597877502,0.13840647041797638,0.0022913264110684395,0.16770783066749573,0.13650408387184143
51,43,0.40866619348526,0.39858323335647583,0.009939903393387794,1.430660367012024,0.056696631014347076
51,44,0.8764294981956482,0.8665503263473511,0.00979507714509964,0.8408243060112,0.1591448187828064
51,45,0.35755303502082825,0.3544479012489319,0.0030854560900479555,0.19677382707595825,0.04013862460851669
51,46,0.9618139266967773,0.9426447749137878,0.018574880436062813,5.942519187927246,0.13045406341552734
51,47,0.9438729882240295,0.922237753868103,0.021073609590530396,5.616477012634277,0.35373735427856445
51,48,0.11624590307474136,0.114637091755867,0.0015992786502465606,0.09526832401752472,0.07778120785951614
51,49,0.9773316979408264,0.9544791579246521,0.022237246856093407,6.153166770935059,0.5137680768966675
51,50,0.024854522198438644,0.02471783012151718,0.00010459707118570805,0.3209609091281891,0.00804143212735653
51,51,0.7773150205612183,0.7680355906486511,0.009213607758283615,0.6580904722213745,0.08626962453126907
51,52,0.11895931512117386,0.11771763861179352,0.001239550532773137,0.021198146045207977,0.021434230729937553
51,53,0.809842050075531,0.7971731424331665,0.012155806645751,5.130582332611084,0.44468069076538086
51,54,0.3881790041923523,0.38503050804138184,0.003134263912215829,0.14258615672588348,0.035791296511888504
51,55,0.8578397035598755,0.8331174850463867,0.024342656135559082,3.7954115867614746,0.6232850551605225
51,56,0.6048380732536316,0.5950769186019897,0.009586120955646038,1.7507566213607788,0.2634889483451843
51,57,0.47470659017562866,0.4707568287849426,0.003914286382496357,0.3545871675014496,0.03682135418057442
51,58,0.047954149544239044,0.0475785955786705,0.0003335556830279529,0.4199937582015991,0.02549976482987404
51,59,0.19640852510929108,0.19435328245162964,0.0020385095849633217,0.16727584600448608,0.015609076246619225
51,60,0.8127294778823853,0.806755542755127,0.005949592217803001,0.24300822615623474,0.04974205046892166
51,61,0.22822576761245728,0.22698624432086945,0.001228707260452211,0.1081312969326973,0.038038529455661774
51,62,0.42250290513038635,0.4188019037246704,0.003618875052779913,0.8212307691574097,0.022988323122262955
51,63,0.35352498292922974,0.3510759770870209,0.0024295304901897907,0.19449341297149658,0.014094453305006027
51,64,0.04144374281167984,0.041148629039525986,0.00025791843654587865,0.3719542622566223,0.023366674780845642
51,65,1.1562418937683105,1.1366944313049316,0.019034013152122498,5.134490966796875,0.14275482296943665
51,66,0.9704540967941284,0.9518519639968872,0.01818617805838585,4.160028457641602,0.49386709928512573
51,67,0.61689692735672,0.6062029600143433,0.010486679151654243,2.0728518962860107,0.28616130352020264
51,68,0.24413862824440002,0.2419193685054779,0.002206563949584961,0.1269117146730423,0.07586943358182907
51,69,0.6288548111915588,0.6216191053390503,0.007009846158325672,2.2584030628204346,0.3139655292034149
51,70,0.04254961013793945,0.0422297939658165,0.00028158765053376555,0.382293701171875,0.021616902202367783
51,71,0.8594178557395935,0.8470860719680786,0.012237580493092537,0.9419180154800415,0.15525978803634644
51,72,0.4207130968570709,0.4153459072113037,0.005260795820504427,1.0639833211898804,0.026514634490013123
51,73,0.35522034764289856,0.3517236113548279,0.0034449496306478977,0.5180275440216064,0.023875728249549866
51,74,0.9371190071105957,0.9268093109130859,0.010239196941256523,0.7051679491996765,0.11794720590114594
51,75,0.18801099061965942,0.1857546865940094,0.0022372202947735786,0.1909269392490387,0.006596431136131287
51,76,0.2545469403266907,0.25203078985214233,0.0024967757053673267,0.19366289675235748,0.039950352162122726
51,77,0.9252020716667175,0.9141491055488586,0.01080494374036789,2.480306386947632,0.14051613211631775
51,78,0.435875803232193,0.42934781312942505,0.006408296525478363,1.1969674825668335,0.043768782168626785
51,79,0.01417209580540657,0.014094294980168343,4.752906534122303e-05,0.30271586775779724,0.0027330333832651377
51,80,0.978638768196106,0.9358099102973938,0.041875652968883514,9.53190803527832,0.18970048427581787
51,81,0.04650235176086426,0.046146564185619354,0.00031724025029689074,0.38546985387802124,0.01772816851735115
51,82,0.3875598907470703,0.38350796699523926,0.003979346714913845,0.725578248500824,0.058609697967767715
51,83,0.38055405020713806,0.37718337774276733,0.003355657681822777,0.1501968652009964,0.034032441675662994
51,84,0.47752058506011963,0.4714958071708679,0.005900542251765728,1.2424870729446411,0.04581135883927345
51,85,0.013227725401520729,0.013172425329685211,4.209131293464452e-05,0.13209371268749237,0.044077664613723755
51,86,0.9715995788574219,0.9550385475158691,0.01574648916721344,8.14539623260498,0.1087350994348526
51,87,0.4212617576122284,0.4183238446712494,0.0028754337690770626,0.624664843082428,0.02841864340007305
51,88,0.9635456204414368,0.9421924352645874,0.02101728320121765,3.3586325645446777,0.3716072142124176
51,89,0.3986465632915497,0.39559221267700195,0.003040781244635582,0.13549621403217316,0.0251062773168087
51,90,0.3356042802333832,0.3333143889904022,0.00227570254355669,0.1418015956878662,0.034562379121780396
51,91,1.1841965913772583,1.104797601699829,0.07807924598455429,13.197160720825195,0.21925635635852814
51,92,0.9125885963439941,0.8980438709259033,0.014407637529075146,1.370690107345581,0.10566659271717072
51,93,0.8622139692306519,0.8488281965255737,0.012901600450277328,4.84194803237915,0.5499544143676758
51,94,0.12804578244686127,0.12709495425224304,0.0009457389824092388,0.05098358914256096,0.04159592092037201
51,95,0.41669464111328125,0.4120033383369446,0.0046676453202962875,0.2366059273481369,0.031129159033298492
51,96,0.3741171658039093,0.3705148696899414,0.0035887802951037884,0.13539399206638336,0.016184931620955467
51,97,0.23781222105026245,0.2360098659992218,0.001783359213732183,0.18991632759571075,0.04393589869141579
51,98,0.85567307472229,0.845504879951477,0.010036986321210861,1.3117783069610596,0.09662725031375885
51,99,0.026119349524378777,0.025996461510658264,9.309736196883023e-05,0.29790350794792175,0.00597380381077528
51,100,0.017852265387773514,0.017787346616387367,3.72649883502163e-05,0.2765377461910248,0.002817162312567234
52,1,0.45936253666877747,0.45245468616485596,0.006854909006506205,0.5292733311653137,0.08071698993444443
52,2,0.38281700015068054,0.37934041023254395,0.003457985119894147,0.18601083755493164,0.04449250549077988
52,3,0.020008794963359833,0.01990794762969017,6.92984031047672e-05,0.31549912691116333,0.0023603651206940413
52,4,0.700317919254303,0.690136194229126,0.01011018455028534,0.7151862978935242,0.07968588918447495
52,5,0.1285395473241806,0.1268334686756134,0.0016824350459501147,0.236408069729805,0.10864400118589401
52,6,0.9527493715286255,0.9436451196670532,0.009017686359584332,0.8653528094291687,0.0834755077958107
52,7,1.1264543533325195,1.1032437086105347,0.0227191299200058,4.914872169494629,0.14243978261947632
52,8,0.358447790145874,0.3545900583267212,0.0038325826171785593,0.2515428066253662,0.0195014551281929
52,9,0.7146808505058289,0.708460807800293,0.006165330298244953,0.5471836924552917,0.0770336240530014
52,10,0.3431321680545807,0.3406626582145691,0.0024488004855811596,0.20707498490810394,0.022229056805372238
52,11,0.12573647499084473,0.12397761642932892,0.0017536119557917118,0.052494268864393234,0.0821077972650528
52,12,0.37240907549858093,0.3683605194091797,0.0040356856770813465,0.1286916434764862,0.03707849979400635
52,13,1.0529834032058716,1.0405067205429077,0.01206653006374836,4.10206937789917,0.1459088921546936
52,14,0.7323067784309387,0.7259108424186707,0.006346509791910648,0.49383631348609924,0.06422117352485657
52,15,0.22013945877552032,0.21845990419387817,0.0016704276204109192,0.0913051888346672,0.045978397130966187
52,16,0.6849958300590515,0.6741347312927246,0.010813887231051922,0.4721342921257019,0.04820093512535095
52,17,0.1870955526828766,0.18572454154491425,0.0013535893522202969,0.17412720620632172,0.00830712541937828
52,18,0.5712067484855652,0.563902735710144,0.007158063817769289,1.459970474243164,0.19066175818443298
52,19,0.43257108330726624,0.4268386960029602,0.005705355666577816,0.2702770233154297,0.043234385550022125
52,20,1.091097354888916,1.0584051609039307,0.031964756548404694,7.274393081665039,0.20434460043907166
52,21,0.9293264150619507,0.9212988018989563,0.007921762764453888,1.058484435081482,0.1584761142730713
52,22,0.38989803194999695,0.38659197092056274,0.0032887663692235947,0.17283964157104492,0.03618290647864342
52,23,0.9322499632835388,0.9122529029846191,0.01948772370815277,5.093246936798096,0.13570430874824524
52,24,0.19781114161014557,0.19591623544692993,0.0018728754948824644,0.22025375068187714,0.012020585127174854
52,25,0.8550645709037781,0.8488107323646545,0.006225720513612032,0.28157883882522583,0.09251126646995544
52,26,0.13015154004096985,0.1293163299560547,0.000830030650831759,0.05179699882864952,0.03026612102985382
52,27,0.027711505070328712,0.027612809091806412,7.019565964583308e-05,0.28500768542289734,0.008135221898555756
52,28,0.2168228030204773,0.21453428268432617,0.00225119199603796,0.3732680678367615,0.008769814856350422
52,29,0.013716128654778004,0.013648035004734993,5.5246469855774194e-05,0.12848038971424103,0.04591191187500954
52,30,0.020068060606718063,0.019980933517217636,5.762154978583567e-05,0.29505446553230286,0.00413003284484148
52,31,0.3287241458892822,0.32465481758117676,0.004016540478914976,0.5277221202850342,0.03882931172847748
52,32,0.791716992855072,0.7766047716140747,0.014731877483427525,3.80342173576355,0.3446984887123108
52,33,0.42527031898498535,0.419079065322876,0.006090037524700165,1.0121370553970337,0.06084681302309036
52,34,0.7027291655540466,0.696560800075531,0.006110265851020813,0.5813205242156982,0.09770374000072479
52,35,0.22897760570049286,0.2263990342617035,0.0025658486410975456,0.12722355127334595,0.0799262672662735
52,36,0.33161652088165283,0.32785964012145996,0.0037360023707151413,0.20902830362319946,0.018913228064775467
52,37,0.19656099379062653,0.19442793726921082,0.0021000432316213846,0.3300563097000122,0.022532284259796143
52,38,0.33720964193344116,0.32350823283195496,0.013684272766113281,0.1713569462299347,0.02985500916838646
52,39,0.03940572589635849,0.039122480899095535,0.0002477675734553486,0.3547425866127014,0.016572043299674988
52,40,0.12944670021533966,0.1270805150270462,0.002351197646930814,0.14993616938591003,0.09979318082332611
52,41,0.13356363773345947,0.13144144415855408,0.0021084335166960955,0.1375875025987625,0.09656844288110733
52,42,0.474199503660202,0.4652217626571655,0.008737800642848015,2.3992624282836914,0.0520637072622776
52,43,0.11721490323543549,0.11587024480104446,0.0013403405901044607,0.04321729391813278,0.03033548593521118
52,44,0.0769093707203865,0.07599976658821106,0.0009034145041368902,0.06195036694407463,0.00830790400505066
52,45,0.3946790397167206,0.3917170763015747,0.0028598858043551445,1.0205950736999512,0.03829903155565262
52,46,0.4348646402359009,0.42554640769958496,0.009058093652129173,2.601508378982544,0.05828828737139702
52,47,1.1181210279464722,1.0947108268737793,0.0228563379496336,5.538888931274414,0.16986799240112305
52,48,0.4403478503227234,0.43476635217666626,0.005552877672016621,0.2860434949398041,0.049008142203092575
52,49,0.0495336540043354,0.049245886504650116,0.0002463159034959972,0.4145021140575409,0.01708323135972023
52,50,0.6771226525306702,0.6621429920196533,0.014642296358942986,3.373609781265259,0.2736307382583618
52,51,0.44010230898857117,0.4277641773223877,0.012163153849542141,1.7497140169143677,0.0407574400305748
52,52,0.901037871837616,0.8782856464385986,0.022434230893850327,3.1797237396240234,0.4660774767398834
52,53,0.8852832913398743,0.8786835670471191,0.006440458353608847,1.5925787687301636,0.074974924325943
52,54,0.898055374622345,0.8765254020690918,0.021146835759282112,3.8313984870910645,0.49468982219696045
52,55,0.04239911958575249,0.042034536600112915,0.00032520253444090486,0.39381110668182373,0.02044028230011463
52,56,0.8327983617782593,0.8129904270172119,0.019370853900909424,4.370701789855957,0.36093950271606445
52,57,0.7228407859802246,0.7095725536346436,0.012985996901988983,2.8224399089813232,0.10091647505760193
52,58,0.424933522939682,0.4194251000881195,0.005383559502661228,1.2487117052078247,0.044921450316905975
52,59,1.2411741018295288,1.1489412784576416,0.09075742959976196,14.754876136779785,0.2424924075603485
52,60,0.34603554010391235,0.34249675273895264,0.0035096744541078806,0.2911246120929718,0.027695879340171814
52,61,0.4199986457824707,0.4158748686313629,0.004019774030894041,1.0402042865753174,0.0482865571975708
52,62,0.33478984236717224,0.3311643898487091,0.003603210672736168,0.22236697375774384,0.023805802688002586
52,63,0.11937889456748962,0.1180444061756134,0.0013290861388668418,0.054035186767578125,0.04887663945555687
52,64,0.45936909317970276,0.4478496015071869,0.011460654437541962,0.5882577896118164,0.06193222850561142
52,65,0.018633434548974037,0.018534623086452484,6.478658178821206e-05,0.3402484357357025,0.007129584439098835
52,66,0.815839946269989,0.8049609661102295,0.010729148983955383,1.4984477758407593,0.0933084785938263
52,67,0.3443070650100708,0.3410721719264984,0.0032250937074422836,0.09800026565790176,0.008194114081561565
52,68,0.33247101306915283,0.3290281593799591,0.003398934844881296,0.43937385082244873,0.021708328276872635
52,69,0.3450794816017151,0.34223324060440063,0.0028092842549085617,0.3695046901702881,0.010600758716464043
52,70,1.149975299835205,1.104076862335205,0.044695086777210236,12.032711029052734,0.2768137454986572
52,71,1.0156621932983398,0.9818050861358643,0.033059023320674896,7.981088638305664,0.22556640207767487
52,72,0.5822995901107788,0.5720745325088501,0.010001769289374352,2.23302960395813,0.3464851379394531
52,73,0.05231838300824165,0.051769956946372986,0.0005027986480854452,0.45629018545150757,0.025919262319803238
52,74,1.2029865980148315,1.1710165739059448,0.030661264434456825,13.087944030761719,0.16121390461921692
52,75,1.111703634262085,1.0518957376480103,0.058913275599479675,8.946914672851562,0.14983874559402466
52,76,0.221321240067482,0.21953314542770386,0.0017777765169739723,0.10317496210336685,0.04864608123898506
52,77,0.014263497665524483,0.01417927909642458,5.1398943469394e-05,0.3282005488872528,0.0040720440447330475
52,78,0.8790879845619202,0.8714621663093567,0.007586165796965361,0.3962216079235077,0.08164836466312408
52,79,0.011977759189903736,0.01184171438217163,0.00011841511877719313,0.17630155384540558,0.05865883827209473
52,80,0.13587716221809387,0.13273084163665771,0.00312507851049304,0.21245963871479034,0.1080503836274147
52,81,0.026485277339816093,0.026294328272342682,0.00015741944662295282,0.3353019952774048,0.00940033420920372
52,82,0.948124885559082,0.9157135486602783,0.03156410530209541,8.472344398498535,0.5647345185279846
52,83,0.8953039646148682,0.8867925405502319,0.008475065231323242,0.3637695908546448,0.08331987261772156
52,84,0.3418672978878021,0.33827441930770874,0.003553356509655714,0.39523932337760925,0.022109247744083405
52,85,0.012570860795676708,0.012463646940886974,9.194851736538112e-05,0.15265730023384094,0.05685535818338394
52,86,0.0195941012352705,0.019501805305480957,6.111057882662863e-05,0.31186643242836,0.0030759144574403763
52,87,0.36144691705703735,0.3584507703781128,0.002986766630783677,0.0939512699842453,0.020605942234396935
52,88,0.3347339332103729,0.331928014755249,0.00278228591196239,0.23636621236801147,0.007641986012458801
52,89,0.4091585576534271,0.406488835811615,0.002649261150509119,0.20462371408939362,0.031722113490104675
52,90,0.360016405582428,0.35802528262138367,0.0019842972978949547,0.06825627386569977,0.05252562463283539
52,91,0.2284686267375946,0.22589893639087677,0.0025605657137930393,0.09125149250030518,0.07042057812213898
52,92,0.6943302154541016,0.6874149441719055,0.006687740795314312,2.275106906890869,0.19657960534095764
52,93,0.12904523313045502,0.12815091013908386,0.0008894142229110003,0.049050457775592804,0.05643994361162186
52,94,0.026951810345053673,0.026784587651491165,0.00013513809244614094,0.32083162665367126,0.005186703987419605
52,95,0.01804768480360508,0.017979322001338005,3.9557387935929e-05,0.28805848956108093,0.0026064864359796047
52,96,0.446701318025589,0.44116270542144775,0.005440494976937771,0.9812358617782593,0.04644155502319336
52,97,0.3585924506187439,0.35598599910736084,0.002587713534012437,0.18756364285945892,0.03137965872883797
52,98,0.4280960261821747,0.42252081632614136,0.005426619201898575,1.4860689640045166,0.04237489774823189
52,99,0.041300199925899506,0.040934886783361435,0.0003337430243846029,0.3157120645046234,0.01909855380654335
52,100,0.9237321615219116,0.909866213798523,0.01337670348584652,4.892403602600098,0.2471006065607071
53,1,0.7248036861419678,0.7128536105155945,0.011687856167554855,2.6218454837799072,0.08593294024467468
53,2,1.0557245016098022,1.0290203094482422,0.025847554206848145,8.566465377807617,0.18682625889778137
53,3,1.0489758253097534,0.9935283064842224,0.05470401793718338,7.434772968292236,0.22708258032798767
53,4,0.4360370635986328,0.42771852016448975,0.008073041215538979,2.4552090167999268,0.1223638653755188
53,5,0.4424176514148712,0.4351992905139923,0.006922698579728603,2.95658278465271,0.1178085133433342
53,6,0.029844749718904495,0.029736971482634544,7.105551776476204e-05,0.36721330881118774,0.002675069961696863
53,7,0.9043519496917725,0.8926434516906738,0.01162659004330635,0.8190194964408875,0.13050755858421326
53,8,0.1256214827299118,0.12445549666881561,0.0011605836916714907,0.05415387079119682,0.024161674082279205
53,9,0.5145426392555237,0.5041957497596741,0.010094898752868176,2.5201635360717773,0.03229523450136185
53,10,0.6988739371299744,0.6930205821990967,0.005806697532534599,0.46662554144859314,0.05293051525950432
53,11,0.38444191217422485,0.3816166818141937,0.002814323641359806,0.10906265676021576,0.005778102669864893
53,12,0.44568297266960144,0.4384569227695465,0.007194189354777336,0.31848734617233276,0.043246567249298096
53,13,0.12751498818397522,0.12683771550655365,0.0006732966867275536,0.0397280789911747,0.02065407484769821
53,14,1.155454397201538,1.137164831161499,0.017952848225831985,3.367445945739746,0.14104247093200684
53,15,0.12920458614826202,0.1281196027994156,0.0010799802839756012,0.05008292943239212,0.05802258104085922
53,16,0.35839104652404785,0.3542507588863373,0.004062950611114502,0.773227334022522,0.06218443438410759
53,17,0.3102204501628876,0.30786189436912537,0.0023269883822649717,0.3156679570674896,0.05533774197101593
53,18,0.2644094228744507,0.2612036466598511,0.0031217089854180813,0.8407480120658875,0.05485689267516136
53,19,0.3652641773223877,0.36137980222702026,0.0038615067023783922,0.22859084606170654,0.051088184118270874
53,20,0.02710643596947193,0.02696908265352249,0.00010590385500108823,0.31448495388031006,0.005322433076798916
53,21,0.3175143301486969,0.3157653510570526,0.0017280015163123608,0.2099149376153946,0.03900539502501488
53,22,0.042041126638650894,0.041769929230213165,0.0002393642789684236,0.31832194328308105,0.015655729919672012
53,23,0.02158898301422596,0.021504921838641167,5.497354140970856e-05,0.29087600111961365,0.004133089445531368
53,24,0.43768808245658875,0.43290936946868896,0.0047107962891459465,0.6792923808097839,0.027648240327835083
53,25,0.4005616009235382,0.39793825149536133,0.0026016877964138985,0.21667248010635376,0.019685599952936172
53,26,0.18226023018360138,0.18089637160301208,0.0013481181813403964,0.1573602557182312,0.00680136401206255
53,27,0.8368095755577087,0.8171708583831787,0.019201811403036118,4.3688273429870605,0.4310404658317566
53,28,0.3622693121433258,0.3594980537891388,0.002760679926723242,0.10568290948867798,0.024518299847841263
53,29,1.0852211713790894,1.071579933166504,0.012656514532864094,9.84616470336914,0.20106180012226105
53,30,0.025882843881845474,0.025765616446733475,8.448145672446117e-05,0.3274490535259247,0.006196782924234867
53,31,0.21255742013454437,0.21028386056423187,0.0022372140083462,0.36344194412231445,0.014033953659236431
53,32,0.806912899017334,0.7957015037536621,0.011121569201350212,0.8984518647193909,0.10776619613170624
53,33,0.3862798810005188,0.38360124826431274,0.0026682675816118717,0.10384739190340042,0.031244665384292603
53,34,0.13905367255210876,0.136264368891716,0.0027626091614365578,0.2668840289115906,0.11954480409622192
53,35,0.02768699824810028,0.027560409158468246,9.190959826810285e-05,0.3467788100242615,0.007929153740406036
53,36,0.8440107703208923,0.8333338499069214,0.010595978237688541,0.8094174265861511,0.0977642834186554
53,37,0.626689612865448,0.6161210536956787,0.010230939835309982,3.376162528991699,0.28167590498924255
53,38,0.12338459491729736,0.12248395383358002,0.0008968136971816421,0.03831413388252258,0.02201978489756584
53,39,0.9960253238677979,0.9622995853424072,0.03304719552397728,6.785408020019531,0.13970902562141418
53,40,0.6499490141868591,0.6374210119247437,0.012278277426958084,2.4974961280822754,0.23724669218063354
53,41,0.8960477113723755,0.8894360065460205,0.0065689776092767715,0.42736268043518066,0.06525483727455139
53,42,0.34871602058410645,0.34613290429115295,0.0025614709593355656,0.21629829704761505,0.008949639275670052
53,43,0.13939711451530457,0.13644647598266602,0.002938774647191167,0.11865293234586716,0.07851413637399673
53,44,0.7908185124397278,0.7847691178321838,0.006019441410899162,0.29991278052330017,0.12998849153518677
53,45,1.1721199750900269,1.160893201828003,0.010839438065886497,3.8726518154144287,0.15709993243217468
53,46,0.9891106486320496,0.9688072204589844,0.019701626151800156,6.018451690673828,0.1486249417066574
53,47,0.045137230306863785,0.044878002256155014,0.00022715071099810302,0.32080143690109253,0.011671220883727074
53,48,0.4030800759792328,0.3980978727340698,0.0049400064162909985,0.42191874980926514,0.04052697867155075
53,49,0.21587000787258148,0.21418960392475128,0.0016470702830702066,0.33331218361854553,0.006548600271344185
53,50,1.003454566001892,0.9848973751068115,0.018060941249132156,4.9625420570373535,0.16978758573532104
53,51,0.03269191458821297,0.03262101486325264,4.444822116056457e-05,0.2645387351512909,0.007456336170434952
53,52,0.44947636127471924,0.44295433163642883,0.006332043558359146,1.9000270366668701,0.023558149114251137
53,53,1.069793462753296,1.055487036705017,0.013841086998581886,4.654298782348633,0.1477186679840088
53,54,0.025504006072878838,0.01456545665860176,0.010938119143247604,0.004303866997361183,0.005202287808060646
53,55,0.12651221454143524,0.12449444830417633,0.00200616754591465,0.11587324738502502,0.08415085077285767
53,56,0.9482470154762268,0.9292995929718018,0.01862107589840889,3.263612747192383,0.16075806319713593
53,57,0.020339692011475563,0.020095184445381165,0.0002436991489958018,0.008076741360127926,0.003900248557329178
53,58,0.13312369585037231,0.13112227618694305,0.0019791400991380215,0.22270631790161133,0.12826189398765564
53,59,0.016443556174635887,0.016366127878427505,4.7220601118169725e-05,0.30208516120910645,0.0018430701456964016
53,60,0.4258888065814972,0.42053908109664917,0.0052403416484594345,1.0936861038208008,0.06252163648605347
53,61,0.13837414979934692,0.13654890656471252,0.0018013278022408485,0.23923349380493164,0.1166858822107315
53,62,0.31928572058677673,0.3162694275379181,0.002970390021800995,0.4590136706829071,0.03861421346664429
53,63,0.3602839708328247,0.3570519983768463,0.0032216166146099567,0.10330500453710556,0.021575037389993668
53,64,0.023825442418456078,0.023745696991682053,5.1653318223543465e-05,0.28092634677886963,0.004314844496548176
53,65,0.8352782130241394,0.8292627930641174,0.005963340401649475,0.5208099484443665,0.08161002397537231
53,66,0.044193144887685776,0.04394526034593582,0.00021692356676794589,0.309614896774292,0.01862936094403267
53,67,0.1970241218805313,0.19438475370407104,0.0026063837576657534,0.32991722226142883,0.006209259852766991
53,68,0.011257218196988106,0.011184753850102425,5.795391189167276e-05,0.1451004594564438,0.06136640906333923
53,69,0.012369216419756413,0.01230700220912695,4.738775169244036e-05,0.14826813340187073,0.0661078691482544
53,70,1.0330007076263428,1.0078355073928833,0.024406997486948967,7.582253456115723,0.17804288864135742
53,71,0.12822924554347992,0.12730351090431213,0.0009205937385559082,0.05140722543001175,0.05869431048631668
53,72,0.014879785478115082,0.014804644510149956,4.5566783228423446e-05,0.2957403063774109,0.0027131065726280212
53,73,0.04285931959748268,0.042501647025346756,0.0003215414471924305,0.3613150119781494,0.019861839711666107
53,74,0.9495491981506348,0.9282351732254028,0.020599115639925003,7.148842811584473,0.13499590754508972
53,75,0.8979921340942383,0.8865585327148438,0.011317582800984383,1.1596158742904663,0.09468180686235428
53,76,0.33136996626853943,0.3273884057998657,0.003935849294066429,0.4571349620819092,0.03226142376661301
53,77,0.12034036219120026,0.11960072070360184,0.0007349076913669705,0.047311242669820786,0.030056774616241455
53,78,0.3874935805797577,0.3825511932373047,0.0049023712053895,0.4001271426677704,0.03181285411119461
53,79,0.016405606642365456,0.016323070973157883,5.2143936045467854e-05,0.3039183020591736,0.0027593071572482586
53,80,0.9004477262496948,0.8647814989089966,0.035236433148384094,4.297850131988525,0.42189496755599976
53,81,0.23305051028728485,0.23144924640655518,0.0015854471130296588,0.15812081098556519,0.06427325308322906
53,82,0.018101146444678307,0.01801924780011177,6.489465886261314e-05,0.17003311216831207,0.10167627036571503
53,83,0.951741635799408,0.9399969577789307,0.011638658121228218,1.060194730758667,0.11639221012592316
53,84,0.23280736804008484,0.23043593764305115,0.002355714561417699,0.15716031193733215,0.07370041310787201
53,85,0.7202112674713135,0.7139184474945068,0.006239066831767559,0.5373449325561523,0.11449649184942245
53,86,0.040712084621191025,0.04043515399098396,0.00024094930267892778,0.3598320782184601,0.01916508376598358
53,87,0.8956394791603088,0.8686536550521851,0.02665504813194275,3.307270050048828,0.5406566858291626
53,88,1.0057328939437866,0.9797760248184204,0.025435008108615875,5.218963146209717,0.15601345896720886
53,89,0.13298435509204865,0.1322355568408966,0.0007438358734361827,0.04958656057715416,0.025258023291826248
53,90,0.3454189598560333,0.34294599294662476,0.002448795363306999,0.24175365269184113,0.01816084422171116
53,91,0.8500607013702393,0.8331209421157837,0.016550781205296516,3.889524221420288,0.3038885295391083
53,92,0.032885558903217316,0.03285278379917145,9.257177225663327e-06,0.23517319560050964,0.0037378701381385326
53,93,0.44502973556518555,0.43966764211654663,0.0053232950158417225,0.3879563510417938,0.06237342953681946
53,94,0.47324302792549133,0.46709802746772766,0.006085206754505634,0.597790002822876,0.07134696841239929
53,95,0.44818904995918274,0.442335307598114,0.005748497787863016,1.0521715879440308,0.060302264988422394
53,96,0.6122206449508667,0.6014834642410278,0.010528518818318844,2.0869076251983643,0.32197943329811096
53,97,0.04691271856427193,0.04651297256350517,0.000360320380423218,0.39425259828567505,0.023066245019435883
53,98,0.019861191511154175,0.01975584216415882,7.161261601140723e-05,0.33736249804496765,0.0029852110892534256
53,99,0.19994425773620605,0.19742810726165771,0.0024901824072003365,0.2597503662109375,0.014324299991130829
53,100,0.19579951465129852,0.19384530186653137,0.001929471385665238,0.24737632274627686,0.01055300235748291
54,1,0.7386012077331543,0.7319868206977844,0.006549167446792126,0.6520341634750366,0.05362403392791748
54,2,0.02142837829887867,0.021336210891604424,6.001939618727192e-05,0.32147589325904846,0.0045671588741242886
54,3,0.1201874166727066,0.1193142682313919,0.0008687878143973649,0.04355752468109131,0.02653684839606285
54,4,0.026025597006082535,0.025868145748972893,0.00012364228314254433,0.3380867540836334,0.007293275557458401
54,5,0.3814513087272644,0.3786163926124573,0.00281871622428298,0.1621253490447998,0.02880692295730114
54,6,0.7192776799201965,0.711817741394043,0.007404005154967308,0.5590071082115173,0.07626546174287796
54,7,0.9042609333992004,0.8669519424438477,0.036708682775497437,6.003006458282471,0.5647225379943848
54,8,0.3691962957382202,0.3654532730579376,0.00372692896053195,0.16093018651008606,0.031907372176647186
54,9,1.1615345478057861,1.1338081359863281,0.02710316702723503,6.232364654541016,0.1307995617389679
54,10,0.014979833737015724,0.014900851994752884,4.496394831221551e-05,0.3401782810688019,0.0026526961009949446
54,11,1.1774224042892456,1.0918691158294678,0.08407877385616302,14.744718551635742,0.20788906514644623
54,12,0.3331097364425659,0.3297257423400879,0.0033644172362983227,0.1959402710199356,0.018412886187434196
54,13,0.6180990934371948,0.6113985180854797,0.006493842229247093,2.0668771266937256,0.28028804063796997
54,14,0.024167964234948158,0.024043813347816467,8.984284795587882e-05,0.3430810570716858,0.006667116656899452
54,15,1.021539330482483,0.9924993515014648,0.028339266777038574,7.006646633148193,0.17227387428283691
54,16,0.1926787793636322,0.1909567415714264,0.0016910037957131863,0.3103749752044678,0.008022870868444443
54,17,1.0928221940994263,1.0594303607940674,0.03212004154920578,12.718792915344238,0.1440274566411972
54,18,0.4308270215988159,0.4252394437789917,0.005430952180176973,1.566038727760315,0.028738806024193764
54,19,1.068096399307251,0.9842766523361206,0.0822673961520195,15.523516654968262,0.1688365340232849
54,20,0.1777789294719696,0.17640113830566406,0.0013615924399346113,0.16195616126060486,0.008047719486057758
54,21,0.603172779083252,0.5866320133209229,0.016354158520698547,1.865971326828003,0.21580585837364197
54,22,0.435526967048645,0.4310460686683655,0.004449907690286636,0.3098735511302948,0.02843804657459259
54,23,0.39982524514198303,0.3951818346977234,0.004600010346621275,0.43395286798477173,0.02759157493710518
54,24,0.012950504198670387,0.012863026931881905,7.254854426719248e-05,0.14929553866386414,0.06745128333568573
54,25,0.01521800272166729,0.015147771686315536,3.978739550802857e-05,0.30443859100341797,0.002294270321726799
54,26,0.9112268090248108,0.9029488563537598,0.008200326934456825,0.7759386301040649,0.11167502403259277
54,27,0.36207643151283264,0.3579351007938385,0.004128575790673494,0.12762756645679474,0.030390722677111626
54,28,0.00808354839682579,0.008047260344028473,1.0009611287387088e-05,0.26277756690979004,0.0013959778007119894
54,29,0.42740771174430847,0.42376357316970825,0.0035344804637134075,1.0968378782272339,0.03999042510986328
54,30,0.8473037481307983,0.8274178504943848,0.019572362303733826,3.135143518447876,0.624358057975769
54,31,0.19929096102714539,0.1967601627111435,0.0025048786774277687,0.2592029869556427,0.01799609884619713
54,32,0.36228176951408386,0.3573625683784485,0.004850128199905157,0.690714418888092,0.0353069044649601
54,33,0.36950182914733887,0.3664541244506836,0.0030294465832412243,0.18280838429927826,0.016623370349407196
54,34,1.1259350776672363,1.1035828590393066,0.021762173622846603,5.900834560394287,0.13742515444755554
54,35,0.10791177302598953,0.10678957402706146,0.0011181995505467057,0.040015172213315964,0.021417763084173203
54,36,0.4078860878944397,0.4034155607223511,0.004441827069967985,0.2869257926940918,0.034607406705617905
54,37,0.43701398372650146,0.4335097074508667,0.0034555154852569103,0.4875373840332031,0.04503772035241127
54,38,0.8553289175033569,0.8335238695144653,0.021403493359684944,4.015425682067871,0.4041382074356079
54,39,0.04858388006687164,0.048137117177248,0.00040504802018404007,0.4171721637248993,0.01860012859106064
54,40,0.0211262796074152,0.021028777584433556,6.30981958238408e-05,0.34402793645858765,0.0023155068047344685
54,41,0.12246235460042953,0.12156493961811066,0.000892756856046617,0.046549275517463684,0.04128023982048035
54,42,0.018103204667568207,0.018016178160905838,5.462891567731276e-05,0.32396289706230164,0.003176468890160322
54,43,0.015559467487037182,0.01549531426280737,3.444639150984585e-05,0.2970677316188812,0.003168952651321888
54,44,0.3899935781955719,0.3833049535751343,0.006599745713174343,0.8885970711708069,0.04148778319358826
54,45,0.9039260149002075,0.8955442309379578,0.007731244899332523,6.505186080932617,0.09690918773412704
54,46,0.04120395705103874,0.04085468500852585,0.00031354970997199416,0.35721826553344727,0.01703636348247528
54,47,0.7673481106758118,0.7571926712989807,0.010068153031170368,0.8725948929786682,0.07770849764347076
54,48,0.44643688201904297,0.43810442090034485,0.008296391926705837,0.3604917824268341,0.049569740891456604
54,49,0.04307854548096657,0.04272344335913658,0.0003177299804519862,0.37370890378952026,0.01452556811273098
54,50,0.3876686096191406,0.3850284218788147,0.002622501691803336,0.17665697634220123,0.02303474396467209
54,51,1.0115543603897095,0.9672291278839111,0.04367276653647423,6.523930549621582,0.14854678511619568
54,52,0.05505342409014702,0.05484069883823395,0.0002119039127137512,0.00820934772491455,0.00309190945699811
54,53,1.1153005361557007,1.1027135848999023,0.012127287685871124,4.59708833694458,0.1398748904466629
54,54,1.0072758197784424,0.9795220494270325,0.0267488993704319,10.047861099243164,0.1453043818473816
54,55,0.4046463072299957,0.4012129008769989,0.003406126983463764,0.27257367968559265,0.0202752985060215
54,56,0.02229270525276661,0.022203799337148666,6.582209607586265e-05,0.23082885146141052,0.0016663968563079834
54,57,0.4135339856147766,0.4089707136154175,0.004440537188202143,1.227246642112732,0.03799606114625931
54,58,0.8839827179908752,0.874505877494812,0.009390750899910927,0.8605194091796875,0.12147178500890732
54,59,0.8297640085220337,0.8086189031600952,0.020654771476984024,4.902792930603027,0.4312991499900818
54,60,0.2029004544019699,0.20107421278953552,0.0018075888510793447,0.1865324229001999,0.024826588109135628
54,61,0.9104418158531189,0.8977493047714233,0.012225493788719177,4.669973850250244,0.6934914588928223
54,62,0.24328501522541046,0.24117648601531982,0.002091876696795225,0.16658499836921692,0.06814746558666229
54,63,0.31883734464645386,0.3150988519191742,0.003699712920933962,0.3877274692058563,0.04744723439216614
54,64,0.36750349402427673,0.36451199650764465,0.002982168458402157,0.09341096878051758,0.025224024429917336
54,65,0.9144468307495117,0.8886139392852783,0.02510105073451996,7.318502902984619,0.4920370578765869
54,66,0.8897758722305298,0.8805087804794312,0.009188009425997734,0.7910170555114746,0.12036681175231934
54,67,0.02153247594833374,0.02145935781300068,4.673645889852196e-05,0.26381605863571167,0.002310923533514142
54,68,0.018012963235378265,0.01796085014939308,2.6974572392646223e-05,0.2513740658760071,0.0021579074673354626
54,69,0.4325237572193146,0.42911022901535034,0.003291583154350519,1.2195041179656982,0.03883817046880722
54,70,0.020206758752465248,0.020120250061154366,5.8234370953869075e-05,0.282740980386734,0.001894093118607998
54,71,0.38384515047073364,0.3792875409126282,0.004538200329989195,0.19404937326908112,0.03564385324716568
54,72,0.015398824587464333,0.015344059094786644,2.6942838303511962e-05,0.27822020649909973,0.001653733546845615
54,73,0.01514864806085825,0.015086563304066658,3.4054981369990855e-05,0.2803020775318146,0.0015727155841886997
54,74,0.18782582879066467,0.18567778170108795,0.002104467712342739,0.4359143376350403,0.007569159846752882
54,75,0.3579840362071991,0.35009467601776123,0.007776152342557907,1.1322364807128906,0.05753065645694733
54,76,0.025834567844867706,0.025686103850603104,0.00011645710765151307,0.3200776278972626,0.004789538215845823
54,77,0.34261181950569153,0.33873602747917175,0.003848050953820348,0.2774902880191803,0.034496746957302094
54,78,0.3476293087005615,0.3417762517929077,0.005745825357735157,1.072289228439331,0.0433686263859272
54,79,0.2170841544866562,0.21460965275764465,0.0024617500603199005,0.12758314609527588,0.029869111254811287
54,80,0.4242189824581146,0.41763824224472046,0.0064737387001514435,1.0698045492172241,0.03659836947917938
54,81,0.3511573374271393,0.3485899269580841,0.002553003840148449,0.1440761238336563,0.01720050722360611
54,82,0.34683525562286377,0.3430745303630829,0.0037050582468509674,0.5566688179969788,0.03416457027196884
54,83,0.12450289726257324,0.12346872687339783,0.0010297116823494434,0.04453166574239731,0.03456553444266319
54,84,0.12462347000837326,0.12365154176950455,0.0009675268083810806,0.04405350983142853,0.037395574152469635
54,85,0.8304203748703003,0.8165262937545776,0.013415971770882607,4.781082630157471,0.3279677629470825
54,86,0.13004150986671448,0.12816721200942993,0.0018574772402644157,0.16817380487918854,0.09125421196222305
54,87,0.8589540123939514,0.8368642330169678,0.021387282758951187,7.025075435638428,0.35178667306900024
54,88,0.016068285331130028,0.01599890924990177,3.913783439202234e-05,0.30237478017807007,0.0014860830269753933
54,89,0.20315763354301453,0.20145902037620544,0.0016682235291227698,0.30382758378982544,0.018166575580835342
54,90,0.016729509457945824,0.01662495732307434,8.930436888476834e-05,0.15246811509132385,0.08247607946395874
54,91,1.1692408323287964,1.1300086975097656,0.03853149712085724,7.006048202514648,0.1552695631980896
54,92,0.3728692829608917,0.3695812225341797,0.003278057323768735,0.10001379251480103,0.024636493995785713
54,93,0.015688110142946243,0.015613190829753876,4.642877320293337e-05,0.2849085032939911,0.002572897356003523
54,94,0.22061416506767273,0.219049870967865,0.0015550432726740837,0.09252431988716125,0.04734070226550102
54,95,0.8788871169090271,0.8589646816253662,0.019621213898062706,3.0126636028289795,0.43354177474975586
54,96,0.32468125224113464,0.32182440161705017,0.0028238482773303986,0.33005836606025696,0.03554785996675491
54,97,0.12188807874917984,0.12044453620910645,0.001432350487448275,0.11192969232797623,0.08127981424331665
54,98,0.8534970283508301,0.8359694480895996,0.017124665901064873,4.029372215270996,0.3518906831741333
54,99,0.5798839330673218,0.5690601468086243,0.01069663092494011,1.2712531089782715,0.2593153715133667
54,100,0.9643040299415588,0.9314150810241699,0.03193695843219757,9.51998233795166,0.16848811507225037
55,1,0.41564634442329407,0.4107271432876587,0.004822910763323307,0.9630076885223389,0.06494805961847305
55,2,0.7158628106117249,0.7086029052734375,0.007199892774224281,0.600318968296051,0.09344817698001862
55,3,0.3772585690021515,0.3740521967411041,0.0031959996558725834,0.1037571132183075,0.028458749875426292
55,4,0.3228732943534851,0.3176010251045227,0.005185513757169247,0.8674679398536682,0.03878265619277954
55,5,0.0250516589730978,0.02492954023182392,8.531198545824736e-05,0.3680597245693207,0.007460877299308777
55,6,0.019881581887602806,0.019787149503827095,5.8386969612911344e-05,0.36045148968696594,0.00430225720629096
55,7,0.8743099570274353,0.8634505271911621,0.010783851146697998,0.7557166814804077,0.08893785625696182
55,8,0.13312217593193054,0.12978366017341614,0.003317562397569418,0.2095792144536972,0.08715495467185974
55,9,0.12965282797813416,0.12892194092273712,0.0007260876009240746,0.04796144738793373,0.0420617014169693
55,10,0.1217440590262413,0.12103022634983063,0.0007090814178809524,0.047569043934345245,0.04054270684719086
55,11,0.24446627497673035,0.24177265167236328,0.0026769479736685753,0.16672618687152863,0.05025690793991089
55,12,0.441094309091568,0.432670533657074,0.00838751532137394,0.36273398995399475,0.06078946590423584
55,13,0.12425676733255386,0.12280518561601639,0.0014312493149191141,0.2032911777496338,0.11969523131847382
55,14,0.4343741834163666,0.4288451075553894,0.00541179534047842,1.172809362411499,0.048228561878204346
55,15,0.6598042249679565,0.6465405821800232,0.012927266769111156,3.363457679748535,0.29353752732276917
55,16,0.4903745651245117,0.47982412576675415,0.010467085987329483,0.8336091041564941,0.06397102773189545
55,17,0.12272366136312485,0.12140148133039474,0.001311635714955628,0.10541805624961853,0.07299607992172241
55,18,0.04142342135310173,0.041120462119579315,0.0002619446604512632,0.4101470410823822,0.018855281174182892
55,19,0.8965254426002502,0.8858052492141724,0.010654740035533905,0.6545228958129883,0.06349822878837585
55,20,0.41137367486953735,0.4076541066169739,0.003654747735708952,0.6482870578765869,0.02823694422841072
55,21,0.012666001915931702,0.012598603032529354,5.219504237174988e-05,0.15203605592250824,0.058602433651685715
55,22,0.3388007581233978,0.3365050256252289,0.002282954752445221,0.1277073621749878,0.007334261201322079
55,23,0.8430868983268738,0.8361631631851196,0.006898556370288134,0.2518181800842285,0.0712508112192154
55,24,0.6629021763801575,0.6563971042633057,0.006465911865234375,0.3913441300392151,0.07410246133804321
55,25,0.9448602199554443,0.9292389154434204,0.015168581157922745,4.527150630950928,0.11807558685541153
55,26,0.0255083329975605,0.025402195751667023,6.908702198415995e-05,0.3704935908317566,0.0020995447412133217
55,27,0.19383087754249573,0.19128702580928802,0.002514982596039772,0.2885703444480896,0.012924483977258205
55,28,1.1747334003448486,1.1365070343017578,0.03721046447753906,10.158915519714355,0.21517547965049744
55,29,0.4367673099040985,0.4333111643791199,0.0033720959909260273,0.8405129313468933,0.05231362208724022
55,30,1.0165208578109741,0.9848673343658447,0.030976518988609314,6.769830703735352,0.1644008904695511
55,31,0.888784646987915,0.8807938098907471,0.007956337183713913,0.34519097208976746,0.07426071912050247
55,32,0.5004199743270874,0.4924497604370117,0.00776567542925477,2.0457019805908203,0.03298721835017204
55,33,0.20316854119300842,0.20183038711547852,0.0013067664112895727,0.31374409794807434,0.0032094246707856655
55,34,1.0331143140792847,1.004469633102417,0.027690622955560684,9.540083885192871,0.18426138162612915
55,35,0.19819319248199463,0.1957899034023285,0.0023675551638007164,0.3573446273803711,0.007356489077210426
55,36,1.0964343547821045,1.0500458478927612,0.044619686901569366,17.68773078918457,0.20038142800331116
55,37,1.12523353099823,1.1106810569763184,0.013879369013011456,6.730970859527588,0.1621103435754776
55,38,0.850162148475647,0.8261029124259949,0.02348928712308407,5.6992011070251465,0.5299615859985352
55,39,0.8635944724082947,0.8509877920150757,0.012577330693602562,0.29327571392059326,0.10619239509105682
55,40,0.13976053893566132,0.13749812543392181,0.002247943775728345,0.14474721252918243,0.1469767540693283
55,41,0.41239428520202637,0.4088795483112335,0.003487355075776577,0.2737693786621094,0.06234625726938248
55,42,0.01412168238312006,0.014059699140489101,3.077025030506775e-05,0.3121297359466553,0.0015671126311644912
55,43,0.4281238317489624,0.4240482449531555,0.004058404825627804,0.17189417779445648,0.02838524803519249
55,44,0.22731974720954895,0.2256321907043457,0.0016741350991651416,0.13419564068317413,0.04145866259932518
55,45,0.1991269290447235,0.19778244197368622,0.00131513481028378,0.2936173975467682,0.007073059678077698
55,46,0.9888899922370911,0.9735116958618164,0.015096152201294899,2.8219783306121826,0.2768622040748596
55,47,0.2319992631673813,0.23025010526180267,0.0017356335883960128,0.13525012135505676,0.03912106901407242
55,48,0.4036870002746582,0.39952024817466736,0.004081330262124538,0.8540772199630737,0.03850765526294708
55,49,0.025044037029147148,0.024932347238063812,7.977789937285706e-05,0.31912124156951904,0.005621809512376785
55,50,0.3490702509880066,0.3460240960121155,0.003024329198524356,0.21823358535766602,0.046587102115154266
55,51,0.1919703185558319,0.19006170332431793,0.001886130077764392,0.22482602298259735,0.017590824514627457
55,52,1.0612725019454956,1.0072054862976074,0.0526898056268692,13.771674156188965,0.1822282373905182
55,53,0.48236706852912903,0.4759519100189209,0.006339045241475105,0.7610568404197693,0.08942516148090363
55,54,0.3719925284385681,0.369170218706131,0.002807453740388155,0.1485237032175064,0.00933762639760971
55,55,0.19821882247924805,0.19667840003967285,0.0015176127199083567,0.22809277474880219,0.005187000147998333
55,56,0.1965731382369995,0.19499383866786957,0.0015489847864955664,0.30308204889297485,0.005449830554425716
55,57,0.025269560515880585,0.025212464854121208,3.2747338991612196e-05,0.24348101019859314,0.003998028114438057
55,58,1.1470260620117188,1.120337724685669,0.02605176717042923,6.366018295288086,0.11420025676488876
55,59,0.3697332739830017,0.366701602935791,0.0030071758665144444,0.24510404467582703,0.006803728640079498
55,60,0.1405842900276184,0.13837595283985138,0.0021898995619267225,0.18436138331890106,0.11536724865436554
55,61,0.6640047430992126,0.6530458927154541,0.010574132204055786,3.84755802154541,0.36063000559806824
55,62,0.023646876215934753,0.023471340537071228,0.00015853889635764062,0.16996920108795166,0.11605505645275116
55,63,0.030768634751439095,0.03066651150584221,6.770683830836788e-05,0.34416231513023376,0.002154494170099497
55,64,0.01890856958925724,0.018835635855793953,4.254782106727362e-05,0.3038509786128998,0.0023208861239254475
55,65,0.833008348941803,0.8252220153808594,0.007725762668997049,0.6056287884712219,0.11369207501411438
55,66,0.3278895914554596,0.3251807689666748,0.002658714074641466,0.501002311706543,0.04208403825759888
55,67,0.861293613910675,0.8531414270401001,0.00811181403696537,0.4035428464412689,0.0690934881567955
55,68,0.13576523959636688,0.13369786739349365,0.0020564477890729904,0.10920930653810501,0.05104740709066391
55,69,1.049991250038147,1.034557580947876,0.013631200417876244,18.024660110473633,0.17192333936691284
55,70,0.6995217204093933,0.6917928457260132,0.007663243915885687,0.6560344696044922,0.04785040766000748
55,71,0.7432180047035217,0.7347613573074341,0.00836783368140459,0.8878991603851318,0.05779588967561722
55,72,0.3833909034729004,0.37988078594207764,0.003493580035865307,0.16531500220298767,0.014948055148124695
55,73,0.030957259237766266,0.030867528170347214,6.388236943166703e-05,0.2584701478481293,0.006745029240846634
55,74,0.01717325672507286,0.017114952206611633,3.2819403713801876e-05,0.2548518478870392,0.002651446033269167
55,75,0.23491007089614868,0.23228293657302856,0.0026107446756213903,0.16397027671337128,0.06398849934339523
55,76,0.9035943150520325,0.8771193027496338,0.025737900286912918,7.371386528015137,0.5033527612686157
55,77,0.40306639671325684,0.4002012610435486,0.0027563809417188168,1.0876094102859497,0.08627241849899292
55,78,0.8457267880439758,0.8215474486351013,0.023634683340787888,5.446630954742432,0.46494585275650024
55,79,0.8685958981513977,0.8425554037094116,0.025665339082479477,3.7514917850494385,0.6335204839706421
55,80,0.22858712077140808,0.2269105166196823,0.001667130971327424,0.09480953216552734,0.04605899378657341
55,81,0.0488261841237545,0.048504918813705444,0.0002876922662835568,0.3357207179069519,0.0125194750726223
55,82,0.023681476712226868,0.023622829467058182,3.228905552532524e-05,0.2635771632194519,0.0034534696023911238
55,83,0.616720974445343,0.608350932598114,0.008232910186052322,1.3713665008544922,0.13573729991912842
55,84,0.9551231861114502,0.9402687549591064,0.014384881593286991,4.695897102355957,0.2342056930065155
55,85,0.7600372433662415,0.7319175004959106,0.027853988111019135,2.657745838165283,0.09962135553359985
55,86,0.4573848247528076,0.45279574394226074,0.004556197673082352,0.32884785532951355,0.10150319337844849
55,87,0.8408941030502319,0.8201323747634888,0.020247044041752815,5.1467814445495605,0.4547368884086609
55,88,0.44590428471565247,0.44017550349235535,0.005699159577488899,0.29628556966781616,0.1472148299217224
55,89,0.2578204572200775,0.2552652955055237,0.0025368703063577414,0.1829228699207306,0.13570711016654968
55,90,0.020647507160902023,0.02057306095957756,3.339618706377223e-05,0.41050371527671814,0.002804315183311701
55,91,1.0243531465530396,0.9920368194580078,0.03195345401763916,3.6288251876831055,0.21611660718917847
55,92,0.033015333116054535,0.032907262444496155,7.183419802458957e-05,0.362369179725647,0.011478397995233536
55,93,0.9506670236587524,0.9374765157699585,0.012281455099582672,9.090041160583496,0.12628686428070068
55,94,0.05877961590886116,0.0586874857544899,6.160757038742304e-05,0.30522194504737854,0.014909867197275162
55,95,0.057065028697252274,0.056961484253406525,7.123548857634887e-05,0.32310524582862854,0.01643463410437107
55,96,0.0557565838098526,0.05539783090353012,0.0003190821735188365,0.3966946005821228,0.020076286047697067
55,97,0.9107130765914917,0.8878226280212402,0.022337637841701508,5.528534889221191,0.3004388213157654
55,98,1.0708731412887573,1.040673017501831,0.029008513316512108,11.916282653808594,0.15755930542945862
55,99,0.05563175678253174,0.055377282202243805,0.0002028407179750502,0.5163140296936035,0.005292894318699837
55,100,0.4434411823749542,0.43594491481781006,0.0073603736236691475,1.3589590787887573,0.0808948278427124
56,1,1.1658871173858643,1.1383816003799438,0.026792719960212708,7.128115177154541,0.195929616689682
56,2,0.23626989126205444,0.23415115475654602,0.0020987833850085735,0.19954171776771545,0.0922551304101944
56,3,0.2321692258119583,0.22919262945652008,0.0029602698050439358,0.16333673894405365,0.07504136860370636
56,4,0.3478175103664398,0.34363842010498047,0.0041634500958025455,0.15660360455513,0.03249911963939667
56,5,0.02917994000017643,0.029085932299494743,5.702780617866665e-05,0.36979812383651733,0.005903036333620548
56,6,0.09953417629003525,0.09831834584474564,0.0012125486973673105,0.032785698771476746,0.014578067697584629
56,7,0.42501071095466614,0.4206605553627014,0.004289524629712105,0.6062484383583069,0.009229341521859169
56,8,0.027429798617959023,0.027365852147340775,3.4360040444880724e-05,0.29586705565452576,0.009846758097410202
56,9,0.6270449757575989,0.6142895221710205,0.012515517883002758,2.3988397121429443,0.23903322219848633
56,10,0.6824356913566589,0.6757714748382568,0.006613750010728836,0.5049824118614197,0.07143584638834
56,11,0.4410851001739502,0.4354493021965027,0.0055924286134541035,0.433570921421051,0.023800723254680634
56,12,0.017815666273236275,0.017723852768540382,7.892744906712323e-05,0.1288578361272812,0.09653571993112564
56,13,0.8648895621299744,0.8519303798675537,0.012531420215964317,4.277745246887207,0.692121148109436
56,14,0.613076388835907,0.6008545756340027,0.011976540088653564,2.4525318145751953,0.3146741986274719
56,15,0.12623552978038788,0.1245507225394249,0.0016744370805099607,0.10364346206188202,0.07591862976551056
56,16,0.8216181993484497,0.8040576577186584,0.01708775758743286,4.727692604064941,0.35095492005348206
56,17,0.33048152923583984,0.32828497886657715,0.0021830140613019466,0.13520477712154388,0.006773925386369228
56,18,0.4766974449157715,0.472330242395401,0.00432597566395998,0.4122332036495209,0.021994052454829216
56,19,0.01838569901883602,0.0183500275015831,3.36287594109308e-05,0.020439062267541885,0.0018057611305266619
56,20,1.0501002073287964,1.0170502662658691,0.03230900317430496,7.408597946166992,0.19905465841293335
56,21,0.05687742680311203,0.056391723453998566,0.00043822088628076017,0.47484079003334045,0.025308940559625626
56,22,1.1680948734283447,1.1447559595108032,0.022929305210709572,4.096124172210693,0.20944693684577942
56,23,0.239955335855484,0.23753568530082703,0.002399628981947899,0.20025648176670074,0.07989131659269333
56,24,0.018670273944735527,0.018592054024338722,4.367001020000316e-05,0.34550154209136963,0.00254494184628129
56,25,0.462263822555542,0.45720720291137695,0.005019431933760643,0.3720581829547882,0.1233552098274231
56,26,0.2042292356491089,0.2024209052324295,0.0017797916661947966,0.2853552997112274,0.00533534400165081
56,27,0.3252350986003876,0.32171398401260376,0.0034817876294255257,0.3934442102909088,0.024234004318714142
56,28,0.23211437463760376,0.23012398183345795,0.0019744988530874252,0.15896429121494293,0.028128989040851593
56,29,0.7183136343955994,0.7117942571640015,0.006436531897634268,0.8285550475120544,0.10505444556474686
56,30,0.12407787144184113,0.12102773785591125,0.003039429197087884,0.10704248398542404,0.052277736365795135
56,31,0.014572343789041042,0.0144716901704669,8.501483534928411e-05,0.1563834249973297,0.06075161695480347
56,32,0.13755765557289124,0.13475586473941803,0.002783762291073799,0.18032954633235931,0.12283739447593689
56,33,0.014424359425902367,0.014344122260808945,6.41031438135542e-05,0.16133856773376465,0.06512384861707687
56,34,0.029699916020035744,0.029560033231973648,0.00010735660907812417,0.3252592086791992,0.006255366373807192
56,35,0.925248920917511,0.8934537172317505,0.031365767121315,4.294710159301758,0.3501889407634735
56,36,0.9340593218803406,0.9112893342971802,0.02228030003607273,4.897156715393066,0.2915014326572418
56,37,0.9314644932746887,0.9221125841140747,0.008234652690589428,11.172468185424805,0.134407639503479
56,38,0.7648804187774658,0.7433856725692749,0.021064449101686478,4.30259895324707,0.3832314908504486
56,39,0.05095101520419121,0.05048057809472084,0.00042901464621536434,0.4142077565193176,0.017132554203271866
56,40,0.43899667263031006,0.43111690878868103,0.007844064384698868,0.3569895923137665,0.10126862674951553
56,41,0.9097633957862854,0.8815526366233826,0.027517251670360565,6.934998989105225,0.41447532176971436
56,42,0.9642465710639954,0.9526599645614624,0.011456426233053207,1.3018972873687744,0.11857433617115021
56,43,1.1077053546905518,1.0855337381362915,0.021756790578365326,4.148333549499512,0.12157799303531647
56,44,0.02159385196864605,0.02153869718313217,3.069221565965563e-05,0.24461579322814941,0.0023940522223711014
56,45,0.8468682765960693,0.8407185077667236,0.006098595913499594,0.5117758512496948,0.0755791962146759
56,46,0.4172379672527313,0.41379258036613464,0.003366630058735609,0.7875605821609497,0.0242728553712368
56,47,1.1113938093185425,1.072399616241455,0.03808978572487831,9.04478645324707,0.12800732254981995
56,48,0.01399925071746111,0.013903960585594177,8.319709013449028e-05,0.12092819064855576,0.055555954575538635
56,49,0.9898306131362915,0.9633699655532837,0.025527026504278183,9.336275100708008,0.18631434440612793
56,50,0.24399161338806152,0.24241384863853455,0.001563733909279108,0.14030258357524872,0.05914203077554703
56,51,0.029029086232185364,0.028781700879335403,0.0002467367157805711,0.00647346256300807,0.008315347135066986
56,52,0.9367896318435669,0.905545711517334,0.030237751081585884,10.061649322509766,0.1477460265159607
56,53,0.39080730080604553,0.3872416913509369,0.0035501548554748297,0.15476106107234955,0.059333495795726776
56,54,0.9777440428733826,0.9474304914474487,0.029569312930107117,7.442113399505615,0.2356378436088562
56,55,0.5014504790306091,0.49103182554244995,0.010208475403487682,2.101936101913452,0.051626477390527725
56,56,0.9144135117530823,0.9025049209594727,0.011801318265497684,1.07272207736969,0.13079601526260376
56,57,1.0217548608779907,1.0006165504455566,0.0205378457903862,6.004802703857422,0.10572633147239685
56,58,0.9126109480857849,0.9032350778579712,0.009271516464650631,1.0436043739318848,0.10366643965244293
56,59,0.8585140109062195,0.8502604961395264,0.008213702589273453,0.39809486269950867,0.06879684329032898
56,60,0.022869277745485306,0.02280024252831936,4.397837619762868e-05,0.25056931376457214,0.00459103612229228
56,61,0.3919050991535187,0.3892759084701538,0.002603465225547552,0.257243812084198,0.01801258698105812
56,62,0.8910820484161377,0.8639789819717407,0.02678404562175274,3.1899771690368652,0.45276325941085815
56,63,0.019387969747185707,0.01930255815386772,5.7495111832395196e-05,0.27916815876960754,0.0025151788722723722
56,64,0.7888660430908203,0.7803567051887512,0.00847037136554718,0.38952040672302246,0.11055474728345871
56,65,0.014093915931880474,0.01402966771274805,5.1376744522713125e-05,0.12871454656124115,0.07284136116504669
56,66,1.1151777505874634,1.0970690250396729,0.017764830961823463,3.439401149749756,0.14603650569915771
56,67,1.0021226406097412,0.9581447839736938,0.04277108609676361,12.06762981414795,0.1338195651769638
56,68,0.41271501779556274,0.40823110938072205,0.0044549028389155865,0.2898721694946289,0.04013620316982269
56,69,1.1480180025100708,1.1338191032409668,0.013693323358893394,5.055776596069336,0.16167327761650085
56,70,0.12642687559127808,0.12539610266685486,0.0010250762570649385,0.05691133067011833,0.056020576506853104
56,71,0.12658880650997162,0.123999685049057,0.002574465237557888,0.14669400453567505,0.0994662195444107
56,72,0.0191346425563097,0.01905536651611328,4.6193072194000706e-05,0.33082348108291626,0.0029482662212103605
56,73,0.0163232684135437,0.016252435743808746,3.970674879383296e-05,0.3112598955631256,0.003094874322414398
56,74,0.8464317917823792,0.8274606466293335,0.018687736243009567,2.8341751098632812,0.48523104190826416
56,75,0.12774528563022614,0.1265513002872467,0.0011884862324222922,0.05494195595383644,0.029766391962766647
56,76,0.6268484592437744,0.6122543811798096,0.014255010522902012,3.3906307220458984,0.19890910387039185
56,77,0.2601092457771301,0.2560007572174072,0.0040759071707725525,0.3257584869861603,0.02623600699007511
56,78,0.3480997681617737,0.3443412184715271,0.0037300600670278072,0.28486397862434387,0.01516795251518488
56,79,0.8739384412765503,0.8533915281295776,0.02002570778131485,5.2116522789001465,0.3878549337387085
56,80,1.0367432832717896,0.9952414035797119,0.04023585096001625,12.659989356994629,0.18522588908672333
56,81,0.032064039260149,0.03192516416311264,0.00010037368338089436,0.38502630591392517,0.005374639295041561
56,82,0.9089129567146301,0.899243950843811,0.00958004966378212,0.8893140554428101,0.1113889068365097
56,83,0.726743221282959,0.7185823917388916,0.008112172596156597,0.4862414300441742,0.10350792109966278
56,84,0.4252672791481018,0.4200075566768646,0.005234163720160723,0.2557432949542999,0.051325343549251556
56,85,0.3232162296772003,0.3210909366607666,0.002088158391416073,0.3714154064655304,0.05229196697473526
56,86,0.4390931725502014,0.4336298108100891,0.005362002179026604,1.0135724544525146,0.05187210813164711
56,87,0.33118557929992676,0.32784754037857056,0.0033214541617780924,0.16574007272720337,0.016125528141856194
56,88,0.9876290559768677,0.9595377445220947,0.02709304727613926,9.982693672180176,0.12488453835248947
56,89,0.9573343992233276,0.9402655363082886,0.016667693853378296,4.0116167068481445,0.2958744168281555
56,90,0.017921697348356247,0.017840903252363205,4.876409002463333e-05,0.32030606269836426,0.003242520382627845
56,91,0.33248499035835266,0.3284885287284851,0.003972806967794895,0.23669907450675964,0.01988060399889946
56,92,0.020899584516882896,0.02079816162586212,6.679441867163405e-05,0.34628844261169434,0.003120274282991886
56,93,0.9040374159812927,0.8953765034675598,0.008554857224225998,1.0602205991744995,0.14626444876194
56,94,0.9186939597129822,0.908743143081665,0.009890385903418064,0.6041355729103088,0.10522420704364777
56,95,0.3226189911365509,0.3186010718345642,0.003977634944021702,0.40279871225357056,0.04196019470691681
56,96,0.9395495057106018,0.9242995977401733,0.015141285955905914,1.0861560106277466,0.11795336753129959
56,97,0.4152192771434784,0.40836137533187866,0.006711403839290142,1.4651644229888916,0.03815340995788574
56,98,0.23300933837890625,0.23085235059261322,0.0021324544213712215,0.2452528178691864,0.04351552948355675
56,99,0.018519625067710876,0.018410997465252876,7.28828163119033e-05,0.3574426770210266,0.0038067279383540154
56,100,0.44165506958961487,0.4343051314353943,0.007168644107878208,1.8129425048828125,0.03531099483370781
57,1,0.23659440875053406,0.2348281443119049,0.0017450926825404167,0.2116822600364685,0.04634646326303482
57,2,0.17878389358520508,0.17680624127388,0.001955245155841112,0.22409886121749878,0.018376890569925308
57,3,0.8248963952064514,0.796639084815979,0.027607779949903488,6.494865417480469,0.4275578260421753
57,4,0.8803976774215698,0.8719687461853027,0.008345246315002441,0.8368791937828064,0.075715571641922
57,5,0.12499511986970901,0.12418622523546219,0.0008040958782657981,0.04799601808190346,0.05182383209466934
57,6,0.013105850666761398,0.013001685030758381,8.912217163015157e-05,0.15044046938419342,0.05374099314212799
57,7,0.04237473011016846,0.04197555407881737,0.0003620444913394749,0.3712919354438782,0.020367365330457687
57,8,0.01644349843263626,0.01637774333357811,3.5792232665698975e-05,0.2996208965778351,0.0025533228181302547
57,9,0.01326968614012003,0.013179355300962925,7.51772167859599e-05,0.1515386402606964,0.05607757717370987
57,10,0.016405729576945305,0.016308460384607315,6.740937533322722e-05,0.2986011505126953,0.004495986737310886
57,11,0.02496984414756298,0.024792449548840523,0.00014552311040461063,0.31871694326400757,0.0065932245925068855
57,12,0.013633145950734615,0.013569808565080166,3.4153552405769005e-05,0.29184043407440186,0.001995454076677561
57,13,0.042581621557474136,0.0421866700053215,0.0003583200159482658,0.36630120873451233,0.0198802687227726
57,14,0.4374633729457855,0.43390852212905884,0.0035262894816696644,0.2855314314365387,0.038513027131557465
57,15,0.0034033001866191626,0.003294151509180665,8.316841558553278e-05,0.25980067253112793,0.0010979240760207176
57,16,0.04341248422861099,0.04310345649719238,0.00027445622254163027,0.3457176089286804,0.019629135727882385
57,17,0.3172219693660736,0.31572431325912476,0.0014789679553359747,0.1869804859161377,0.041104577481746674
57,18,0.16384200751781464,0.16317284107208252,0.0006663972162641585,0.02771010808646679,0.027999863028526306
57,19,0.014027856290340424,0.013954641297459602,5.771256473963149e-05,0.155026376247406,0.0748775452375412
57,20,0.849801242351532,0.8365131616592407,0.012961446307599545,3.266397714614868,0.4151627719402313
57,21,0.02848208323121071,0.028325924649834633,0.00012110709212720394,0.3505154848098755,0.005451061762869358
57,22,0.6899255514144897,0.6842002868652344,0.005684349685907364,0.4090973436832428,0.09706619381904602
57,23,0.012052968144416809,0.01196784246712923,6.990067049628124e-05,0.1522514820098877,0.060228705406188965
57,24,0.8702556490898132,0.8624405264854431,0.007746108807623386,0.6899628043174744,0.12659811973571777
57,25,0.8438126444816589,0.8275036215782166,0.015948358923196793,3.6066699028015137,0.5461721420288086
57,26,0.33018913865089417,0.3271356225013733,0.0029963154811412096,0.5719547867774963,0.02831013686954975
57,27,0.44587481021881104,0.4408933222293854,0.004955699667334557,0.25773879885673523,0.026711585000157356
57,28,0.9061950445175171,0.8859161734580994,0.0196375772356987,6.413050651550293,0.08254523575305939
57,29,0.4467768967151642,0.44272539019584656,0.003847953397780657,2.035554885864258,0.04057884216308594
57,30,0.43361639976501465,0.4245630204677582,0.008845994248986244,2.0739974975585938,0.03882511705160141
57,31,0.041029270738363266,0.04069569706916809,0.0002939464175142348,0.3962612748146057,0.018163373693823814
57,32,0.3459281325340271,0.34291213750839233,0.0029915173072367907,0.2445899397134781,0.022854119539260864
57,33,0.4290657937526703,0.4254743754863739,0.0035624622832983732,0.28954923152923584,0.03856687620282173
57,34,0.32627132534980774,0.3227381110191345,0.0034755216911435127,0.5770848393440247,0.04539564251899719
57,35,0.010656289756298065,0.0105917789041996,4.7710429498692974e-05,0.1679985672235489,0.06147008016705513
57,36,0.04439796134829521,0.043980587273836136,0.00037384932511486113,0.435271292924881,0.01900884509086609
57,37,1.1381863355636597,1.124365210533142,0.013302984647452831,5.180508613586426,0.13411331176757812
57,38,0.317814439535141,0.31488192081451416,0.0029065341223031282,0.25979092717170715,0.04840320348739624
57,39,1.0875320434570312,1.0637396574020386,0.023255040869116783,5.373579978942871,0.15788112580776215
57,40,0.011819792911410332,0.011756656691432,4.7068515414139256e-05,0.16068193316459656,0.05767519399523735
57,41,0.015306913293898106,0.015234338119626045,3.552848284016363e-05,0.37047210335731506,0.0035562394186854362
57,42,1.0683794021606445,1.0437605381011963,0.02417212352156639,4.467517852783203,0.17292547225952148
57,43,0.41851717233657837,0.40879690647125244,0.009588885121047497,1.31374990940094,0.05260038748383522
57,44,0.621300995349884,0.6109604835510254,0.01013192068785429,2.085989475250244,0.2753294110298157
57,45,0.04313771426677704,0.04272039234638214,0.0003773974603973329,0.39923471212387085,0.021564889699220657
57,46,0.4113304316997528,0.4062628746032715,0.004920722916722298,1.4683996438980103,0.0314171202480793
57,47,0.0273688156157732,0.027251742780208588,8.245430944953114e-05,0.3461945652961731,0.008037231862545013
57,48,0.4280405640602112,0.4232892692089081,0.004728343803435564,0.22934678196907043,0.04174153134226799
57,49,0.8922448754310608,0.8852645754814148,0.006911794655025005,0.685149073600769,0.11490938067436218
57,50,0.45511409640312195,0.4514477252960205,0.003638764377683401,0.2758549451828003,0.05732960253953934
57,51,0.018452689051628113,0.018362199887633324,5.378799687605351e-05,0.367010235786438,0.0027657323516905308
57,52,0.8706569075584412,0.8525732159614563,0.01763172447681427,4.520087718963623,0.39501044154167175
57,53,0.8947275876998901,0.8868727684020996,0.007265870925039053,5.889660358428955,0.11142975091934204
57,54,0.7945263981819153,0.7779440879821777,0.01620415225625038,3.7815723419189453,0.42645642161369324
57,55,0.008115563541650772,0.007585379295051098,0.0005266308435238898,0.035528186708688736,0.0022409490775316954
57,56,0.7653974890708923,0.7472531795501709,0.017743222415447235,4.010725498199463,0.39365869760513306
57,57,0.3307882845401764,0.32724636793136597,0.003480372251942754,0.6154600977897644,0.051931530237197876
57,58,0.47207191586494446,0.4644910395145416,0.007502368651330471,0.7851027846336365,0.06798173487186432
57,59,0.815500020980835,0.8085019588470459,0.006973414681851864,0.2464875429868698,0.07498560845851898
57,60,0.018739130347967148,0.018630143254995346,7.117602217476815e-05,0.3781261444091797,0.003359586466103792
57,61,0.7089439630508423,0.7029681205749512,0.00591534748673439,0.604858934879303,0.06312751770019531
57,62,0.358867347240448,0.3547855615615845,0.004003491252660751,0.7827668190002441,0.037550829350948334
57,63,0.40107762813568115,0.3970798850059509,0.003971896134316921,0.25824421644210815,0.02625727653503418
57,64,0.32934343814849854,0.32446664571762085,0.004815931897610426,0.6085801720619202,0.040907036513090134
57,65,0.8353208899497986,0.8273173570632935,0.007933726534247398,0.6981327533721924,0.0928528904914856
57,66,0.4107111990451813,0.40481704473495483,0.00573444738984108,1.5972429513931274,0.05787976086139679
57,67,0.45136559009552,0.44348251819610596,0.007842853665351868,0.4021962881088257,0.058303430676460266
57,68,0.12684045732021332,0.1253560185432434,0.001478823833167553,0.056214168667793274,0.07010272890329361
57,69,0.130056232213974,0.12889021635055542,0.0011597804259508848,0.06234126165509224,0.06993187963962555
57,70,0.13603314757347107,0.1337980329990387,0.0022176329512149096,0.1747225970029831,0.1174757331609726
57,71,0.6132968664169312,0.6017311811447144,0.011276936158537865,2.8869709968566895,0.19666875898838043
57,72,0.01468258909881115,0.014608221128582954,4.103218816453591e-05,0.33335989713668823,0.002848339267075062
57,73,0.3386300206184387,0.3344111144542694,0.0041594672948122025,0.5942734479904175,0.041973456740379333
57,74,0.025565173476934433,0.02541150152683258,0.00011918987729586661,0.3448215425014496,0.007568834349513054
57,75,0.9163225889205933,0.8848932981491089,0.031069424003362656,3.599177837371826,0.3401574492454529
57,76,0.8750991225242615,0.8527736663818359,0.021722136065363884,6.033100128173828,0.31308817863464355
57,77,0.12220415472984314,0.12061908096075058,0.0015711217420175672,0.13952356576919556,0.10148526728153229
57,78,0.13092367351055145,0.12976768612861633,0.0011496327351778746,0.0634509027004242,0.06747870147228241
57,79,0.047401901334524155,0.0469510592520237,0.0004078056081198156,0.43036767840385437,0.02052922360599041
57,80,0.40852636098861694,0.4022791385650635,0.006188659928739071,0.5854985117912292,0.05571654438972473
57,81,1.152045726776123,1.1160576343536377,0.03483925014734268,11.48770809173584,0.2638983130455017
57,82,1.1951285600662231,1.1679105758666992,0.026521315798163414,6.9662299156188965,0.1896522343158722
57,83,0.8251600861549377,0.8050743341445923,0.019598109647631645,4.876523971557617,0.3386826515197754
57,84,0.18239109218120575,0.18146252632141113,0.0009124251082539558,0.1613137573003769,0.00334746902808547
57,85,0.6628245115280151,0.6553407907485962,0.007217363454401493,2.6636435985565186,0.2009892612695694
57,86,0.6003316640853882,0.5903549194335938,0.009796755388379097,1.8003504276275635,0.16659894585609436
57,87,0.24590352177619934,0.24417805671691895,0.0017103594727814198,0.15107621252536774,0.017304297536611557
57,88,0.9960217475891113,0.9821661710739136,0.013679349794983864,1.762328863143921,0.13031241297721863
57,89,0.45454877614974976,0.4479369521141052,0.006465064361691475,1.4673395156860352,0.046524111181497574
57,90,0.9289728999137878,0.9098721146583557,0.018679551780223846,4.212003707885742,0.5781043767929077
57,91,0.014512816444039345,0.014303873293101788,0.00018717534840106964,0.21767757833003998,0.07034038007259369
57,92,0.39917129278182983,0.39478200674057007,0.0043687219731509686,0.20566372573375702,0.08015210926532745
57,93,0.8389946222305298,0.8300032615661621,0.008841825649142265,1.4954427480697632,0.1785304844379425
57,94,0.04319304600358009,0.04276270419359207,0.00037689023884013295,0.5345061421394348,0.024219196289777756
57,95,0.04047253355383873,0.03997191786766052,0.00045042147394269705,0.5019519925117493,0.024078726768493652
57,96,0.38373515009880066,0.37933599948883057,0.004375035408884287,0.24097350239753723,0.021100997924804688
57,97,1.016711711883545,0.9926862120628357,0.02321825921535492,8.072269439697266,0.16277405619621277
57,98,0.032847605645656586,0.03277524933218956,3.929546073777601e-05,0.33061206340789795,0.008881059475243092
57,99,0.029461463913321495,0.02939414232969284,3.486067726043984e-05,0.3246096670627594,0.00755501352250576
57,100,0.029177052900195122,0.02903047204017639,0.00011019711382687092,0.36382490396499634,0.013772916048765182
58,1,0.6892127990722656,0.6811971664428711,0.007956777699291706,0.5881896615028381,0.09083839505910873
58,2,0.01967741549015045,0.019582903012633324,5.494255310622975e-05,0.3956989347934723,0.002748775063082576
58,3,0.015544433146715164,0.015393290668725967,0.00013353966642171144,0.17603041231632233,0.06803767383098602
58,4,0.4776061475276947,0.46659237146377563,0.010837008245289326,1.7674319744110107,0.08113011717796326
58,5,0.02560248412191868,0.02550164982676506,6.388613837771118e-05,0.36948278546333313,0.001391274039633572
58,6,0.4149816036224365,0.40880638360977173,0.00599508173763752,1.8011871576309204,0.047880686819553375
58,7,0.20329399406909943,0.2007540464401245,0.002503880299627781,0.3606070876121521,0.026058422401547432
58,8,0.026257049292325974,0.026104871183633804,0.00012389750918373466,0.2828080356121063,0.008058127015829086
58,9,0.04657870531082153,0.04627842456102371,0.0002726982638705522,0.2758326232433319,0.027199577540159225
58,10,0.14103975892066956,0.14029663801193237,0.0007380259921774268,0.05091439560055733,0.01056169718503952
58,11,0.19253189861774445,0.19091051816940308,0.0016006252262741327,0.20762258768081665,0.013088880106806755
58,12,0.030376845970749855,0.030079159885644913,0.00026952166808769107,0.2816503345966339,0.010340230539441109
58,13,0.6912988424301147,0.6852487921714783,0.005997274536639452,0.5277847647666931,0.06832339614629745
58,14,0.7314016819000244,0.7235924005508423,0.007723295595496893,0.859937310218811,0.09146782010793686
58,15,0.014799332246184349,0.014712048694491386,7.450429257005453e-05,0.12779557704925537,0.07704043388366699
58,16,0.8478413224220276,0.8270753622055054,0.02034304291009903,4.228790283203125,0.32914894819259644
58,17,0.018427368253469467,0.01836981624364853,4.398473538458347e-05,0.13567280769348145,0.09376131743192673
58,18,0.03177616372704506,0.031698618084192276,4.5498622057493776e-05,0.3204845190048218,0.000935759861022234
58,19,1.143580675125122,1.0914769172668457,0.050800252705812454,13.035831451416016,0.19568604230880737
58,20,0.012529248371720314,0.01243857853114605,7.810842362232506e-05,0.12561285495758057,0.05878472700715065
58,21,0.2319129854440689,0.2303316295146942,0.0015674536116421223,0.13896119594573975,0.051670871675014496
58,22,0.4665431082248688,0.45927727222442627,0.00720216054469347,0.6367425322532654,0.06882511079311371
58,23,0.13026757538318634,0.12926726043224335,0.0009949251543730497,0.05395437404513359,0.029015272855758667
58,24,0.021999290212988853,0.02194814197719097,2.544115523051005e-05,0.25706061720848083,0.004679703153669834
58,25,1.0508625507354736,1.0207796096801758,0.02908393368124962,9.989969253540039,0.18822693824768066
58,26,0.44503873586654663,0.4396030604839325,0.005400749854743481,0.34920161962509155,0.0591668039560318
58,27,0.3690102696418762,0.3651510179042816,0.0038462106604129076,0.13048310577869415,0.014806382358074188
58,28,0.34582358598709106,0.3395501971244812,0.006148155778646469,1.2522047758102417,0.03234859183430672
58,29,0.020431803539395332,0.020360231399536133,4.247581455274485e-05,0.2909689247608185,0.0026661530137062073
58,30,0.5160998702049255,0.4943496584892273,0.0215250663459301,2.25134539604187,0.08253257721662521
58,31,0.23316194117069244,0.23106497526168823,0.002082326216623187,0.14633147418498993,0.05609402060508728
58,32,1.0357694625854492,1.0077588558197021,0.027249420061707497,7.611708641052246,0.1608966588973999
58,33,0.22411252558231354,0.222674161195755,0.001427041832357645,0.11324901878833771,0.06062442809343338
58,34,0.6946399807929993,0.68907630443573,0.005511918570846319,0.5173305869102478,0.0961962342262268
58,35,0.6918055415153503,0.6850395202636719,0.006720664910972118,0.45329853892326355,0.0868762880563736
58,36,0.3388550281524658,0.33624863624572754,0.002588460687547922,0.17953026294708252,0.020268995314836502
58,37,0.4122854173183441,0.410063236951828,0.002154008485376835,0.6816171407699585,0.030632855370640755
58,38,0.8664270043373108,0.8468865156173706,0.019147440791130066,3.9305648803710938,0.31876182556152344
58,39,0.12574753165245056,0.1239827424287796,0.001754951081238687,0.09833652526140213,0.0662752091884613
58,40,0.3329979181289673,0.3296576738357544,0.0033208399545401335,0.1941378265619278,0.018802985548973083
58,41,0.011961758136749268,0.011896369978785515,5.3377509175334126e-05,0.12010617554187775,0.05031518638134003
58,42,0.01131883729249239,0.01124113891273737,6.549888348672539e-05,0.1219949945807457,0.05483860522508621
58,43,0.18562598526477814,0.18352055549621582,0.002086111344397068,0.1931292712688446,0.020635411143302917
58,44,0.40124207735061646,0.3978440761566162,0.0033791926689445972,0.1879090815782547,0.03877805918455124
58,45,0.7219513058662415,0.7144196629524231,0.00744914636015892,0.825028657913208,0.10718822479248047
58,46,1.0069528818130493,0.9799942374229431,0.02600724808871746,9.514313697814941,0.13998572528362274
58,47,0.9684720039367676,0.936608076095581,0.03135243058204651,5.11513090133667,0.640927791595459
58,48,0.1951947659254074,0.19356028735637665,0.001603678334504366,0.3080662786960602,0.010225003585219383
58,49,0.4371336102485657,0.4319709837436676,0.005059846676886082,1.0278279781341553,0.02887703850865364
58,50,0.8296139240264893,0.8100417852401733,0.019092056900262833,4.8003435134887695,0.36233025789260864
58,51,1.1822741031646729,1.1464152336120605,0.03511245548725128,7.464269638061523,0.1368410289287567
58,52,0.4355335831642151,0.4299701452255249,0.005372288636863232,1.9115744829177856,0.03641859441995621
58,53,0.8473280072212219,0.8403299450874329,0.0069280825555324554,0.6996625661849976,0.13125726580619812
58,54,0.38337671756744385,0.3783569931983948,0.004980067722499371,0.3967941105365753,0.04427698999643326
58,55,0.4715864360332489,0.46453580260276794,0.007016474846750498,0.3416706919670105,0.0706271231174469
58,56,1.1955615282058716,1.1675788164138794,0.027338683605194092,6.440764904022217,0.19134864211082458
58,57,0.13699758052825928,0.13462099432945251,0.0023501517716795206,0.2644048035144806,0.1554073989391327
58,58,0.8688632249832153,0.8592833280563354,0.00950682908296585,0.7308946251869202,0.1948995590209961
58,59,0.13049569725990295,0.12913715839385986,0.0013532316079363227,0.05298986658453941,0.05984640121459961
58,60,0.018570013344287872,0.018498113378882408,4.358051955932751e-05,0.2831953167915344,0.0020851155277341604
58,61,0.8814698457717896,0.8731043934822083,0.00816566776484251,1.9978280067443848,0.08759705722332001
58,62,1.0668097734451294,1.0435632467269897,0.02280665561556816,4.3992462158203125,0.11268840730190277
58,63,0.022492319345474243,0.022437935695052147,3.0486042305710725e-05,0.2389795482158661,0.0033656074665486813
58,64,0.8942142128944397,0.8834934830665588,0.010624699294567108,0.9602093696594238,0.08693356812000275
58,65,0.33040446043014526,0.32642555236816406,0.0038866745308041573,0.9222798347473145,0.022450875490903854
58,66,0.012387589551508427,0.012333440594375134,4.252577491570264e-05,0.11622808873653412,0.047273196280002594
58,67,0.4397636651992798,0.4340137839317322,0.005708674900233746,0.41208335757255554,0.0405224934220314
58,68,0.8812474608421326,0.8721510767936707,0.009053915739059448,0.424981951713562,0.09908590465784073
58,69,0.40393978357315063,0.4006936252117157,0.0032313268166035414,0.1484045535326004,0.05426345020532608
58,70,1.0264002084732056,0.9861128926277161,0.03890662640333176,13.806392669677734,0.18204659223556519
58,71,0.020619016140699387,0.020552489906549454,3.4573116863612086e-05,0.31953155994415283,0.0015068340580910444
58,72,0.35695880651474,0.35390394926071167,0.0030443058349192142,0.10542530566453934,0.030255887657403946
58,73,0.25442320108413696,0.2527402639389038,0.0016656434163451195,0.1729755997657776,0.05508597195148468
58,74,0.6201503276824951,0.6079919934272766,0.011909319087862968,2.490499258041382,0.20496267080307007
58,75,0.014214054681360722,0.01413930393755436,6.360464612953365e-05,0.11146329343318939,0.03677403926849365
58,76,0.016294389963150024,0.016238652169704437,2.829943514370825e-05,0.27438119053840637,0.0030062836594879627
58,77,0.7340618371963501,0.72320955991745,0.010398169979453087,4.541197776794434,0.2226436734199524
58,78,0.9928418397903442,0.9613004922866821,0.03054513782262802,9.962242126464844,0.13180950284004211
58,79,0.323281466960907,0.32047098875045776,0.0027750697918236256,0.35399627685546875,0.03785216063261032
58,80,0.9450854659080505,0.9109514951705933,0.0330313965678215,11.025404930114746,0.0921204686164856
58,81,0.4125176668167114,0.4087892174720764,0.003696796949952841,0.3163822293281555,0.04097414016723633
58,82,1.1353453397750854,1.1107875108718872,0.02406611666083336,4.916977882385254,0.21271491050720215
58,83,1.0209544897079468,0.9979814291000366,0.0227307491004467,2.4234108924865723,0.2601766884326935
58,84,0.45154690742492676,0.44373905658721924,0.007610431406646967,1.9742507934570312,0.09510490298271179
58,85,0.026522383093833923,0.026370685547590256,0.000116211551357992,0.35485461354255676,0.0059373145923018456
58,86,1.149080753326416,1.1252232789993286,0.02339559979736805,4.6179304122924805,0.14156638085842133
58,87,0.9216641187667847,0.9033691883087158,0.017844349145889282,4.506147861480713,0.402179479598999
58,88,0.013956218957901001,0.013890649192035198,5.436237552203238e-05,0.11207621544599533,0.0366763100028038
58,89,0.3418644368648529,0.3397478461265564,0.00208489503711462,0.3169984817504883,0.016487831249833107
58,90,0.04384055733680725,0.04346805810928345,0.0003406933683436364,0.31808337569236755,0.026049483567476273
58,91,0.14895017445087433,0.1478736698627472,0.0010707203764468431,0.05778016895055771,0.007386625744402409
58,92,0.013439523987472057,0.01335983257740736,4.467726103030145e-05,0.3501385450363159,0.0029037413187325
58,93,0.02312711626291275,0.02301095798611641,7.580979581689462e-05,0.40347909927368164,0.0028182221576571465
58,94,1.1235922574996948,1.0961607694625854,0.026909133419394493,5.224253177642822,0.14258812367916107
58,95,0.2281694859266281,0.22594323754310608,0.0022130918223410845,0.13152861595153809,0.0768570750951767
58,96,0.3247322738170624,0.3212413787841797,0.003473058808594942,0.17807216942310333,0.018253281712532043
58,97,1.12004554271698,1.0994575023651123,0.02003331109881401,5.546708106994629,0.14873547852039337
58,98,0.3177434504032135,0.3148038387298584,0.0029078475199639797,0.3175903856754303,0.055874865502119064
58,99,0.01838753931224346,0.0182962529361248,5.237339064478874e-05,0.38913291692733765,0.002357793040573597
58,100,0.06962915509939194,0.0686832070350647,0.0009386644815094769,0.07289396971464157,0.010724223218858242
59,1,0.1207028403878212,0.11991512030363083,0.0007833788986317813,0.043436199426651,0.035369113087654114
59,2,0.2362099289894104,0.23447328805923462,0.0017189823556691408,0.17659874260425568,0.049634285271167755
59,3,0.11488977074623108,0.11297081410884857,0.0019074635347351432,0.11499416083097458,0.07341451942920685
59,4,0.3241136372089386,0.32110005617141724,0.0029746578074991703,0.3893243968486786,0.032800525426864624
59,5,0.004054699093103409,0.0037569557316601276,0.000265411363216117,0.3233165144920349,0.0016210784669965506
59,6,0.3504076600074768,0.3473961353302002,0.0029893391765654087,0.2218482941389084,0.02287505567073822
59,7,1.059306025505066,1.0393682718276978,0.019581051543354988,3.5666723251342773,0.11706018447875977
59,8,0.2270163595676422,0.22502100467681885,0.001979172695428133,0.16175474226474762,0.059766482561826706
59,9,0.42713823914527893,0.4232757091522217,0.003836069256067276,0.26450106501579285,0.04263927787542343
59,10,0.7357559204101562,0.7290418744087219,0.006667178124189377,0.4683365523815155,0.08707502484321594
59,11,0.8595873117446899,0.8529277443885803,0.0066312942653894424,0.2826961874961853,0.07790970802307129
59,12,0.9818251729011536,0.952732264995575,0.02812984772026539,9.630528450012207,0.17345881462097168
59,13,0.8434793949127197,0.8303712606430054,0.012370364740490913,7.377909183502197,0.4712321162223816
59,14,0.36532047390937805,0.36181461811065674,0.00348768662661314,0.18176037073135376,0.028530869632959366
59,15,0.1250075250864029,0.12243327498435974,0.002569543430581689,0.04710835590958595,0.048535045236349106
59,16,1.1202729940414429,1.0813672542572021,0.037525441497564316,13.803271293640137,0.1713796705007553
59,17,0.9582324028015137,0.9388706088066101,0.01859496533870697,7.6682329177856445,0.09024326503276825
59,18,0.42259833216667175,0.4154122471809387,0.007021170575171709,1.649216651916504,0.036887168884277344
59,19,0.03856170177459717,0.038174569606781006,0.0003497725701890886,0.37360504269599915,0.019563637673854828
59,20,0.9311944246292114,0.9211955070495605,0.00994032807648182,0.5860500335693359,0.0998309999704361
59,21,0.8743941783905029,0.8670178651809692,0.007331542670726776,0.4476490020751953,0.09167444705963135
59,22,0.8919009566307068,0.8833823204040527,0.00846024975180626,0.5842391848564148,0.08785484731197357
59,23,0.40050724148750305,0.3971714973449707,0.003317655995488167,0.1808440238237381,0.020545586943626404
59,24,0.017205601558089256,0.017126567661762238,4.746264312416315e-05,0.31572607159614563,0.0034166229888796806
59,25,0.19680288434028625,0.19491101801395416,0.001863757730461657,0.28103259205818176,0.010870352387428284
59,26,0.36276471614837646,0.35885483026504517,0.0038205995224416256,0.8927958607673645,0.02770821750164032
59,27,0.12493369728326797,0.12390049546957016,0.0010281316936016083,0.05071243643760681,0.030552230775356293
59,28,0.02820178121328354,0.028037462383508682,0.00012935572885908186,0.3496304750442505,0.004915823228657246
59,29,0.49452847242355347,0.48700767755508423,0.0074474988505244255,0.7328110337257385,0.05047999322414398
59,30,0.8790662288665771,0.8573805093765259,0.021114539355039597,5.712038040161133,0.1477227509021759
59,31,0.07998927682638168,0.05315789580345154,0.02682805061340332,0.03328961506485939,0.0209491103887558
59,32,0.33302533626556396,0.32679346203804016,0.006197577808052301,0.3429756462574005,0.03575386106967926
59,33,0.8557341694831848,0.8490402698516846,0.006661852356046438,0.32049500942230225,0.08721981942653656
59,34,0.42806124687194824,0.4245518743991852,0.0034704392310231924,0.38934075832366943,0.033319342881441116
59,35,0.4158365726470947,0.40741658210754395,0.008257854729890823,1.6213159561157227,0.03942058980464935
59,36,0.22145189344882965,0.21978479623794556,0.0016574684996157885,0.09624592214822769,0.045829884707927704
59,37,0.025136714801192284,0.025015251711010933,9.049539221450686e-05,0.3096809685230255,0.004727601073682308
59,38,0.9310612678527832,0.9226387739181519,0.008374374359846115,0.48118650913238525,0.09156384319067001
59,39,0.4202493131160736,0.41605567932128906,0.004072013311088085,1.2163279056549072,0.03748783469200134
59,40,0.04341656342148781,0.04308237135410309,0.000299992534564808,0.3419683277606964,0.014463759027421474
59,41,0.3833653926849365,0.38119035959243774,0.002165494952350855,0.09540315717458725,0.014802614226937294
59,42,0.12882205843925476,0.12794345617294312,0.0008731195121072233,0.054900310933589935,0.03349548578262329
59,43,0.018561240285634995,0.018481582403182983,4.991197420167737e-05,0.2974551320075989,0.0018499866127967834
59,44,0.1970708817243576,0.19589276611804962,0.0011623461032286286,0.15763390064239502,0.004673512186855078
59,45,0.34465503692626953,0.34197553992271423,0.0026618060655891895,0.1769285500049591,0.01882275566458702
59,46,0.20104295015335083,0.19952420890331268,0.001496142242103815,0.2260034829378128,0.007377477362751961
59,47,0.12904851138591766,0.1270904839038849,0.0019460825715214014,0.11945855617523193,0.0948914885520935
59,48,1.1296275854110718,1.1142889261245728,0.015018446370959282,3.202209711074829,0.11417923122644424
59,49,0.830424427986145,0.8245106339454651,0.005869298242032528,0.44498521089553833,0.10420946776866913
59,50,0.3352443277835846,0.3328891396522522,0.002320364583283663,0.34820106625556946,0.0447489470243454
59,51,0.3778817057609558,0.3750939667224884,0.002773431595414877,0.14308133721351624,0.029357826337218285
59,52,0.397227019071579,0.3936678171157837,0.0035365086514502764,0.22688047587871552,0.04003066569566727
59,53,0.3426877558231354,0.3404187560081482,0.002217634115368128,0.5137100219726562,0.04906107485294342
59,54,0.3807479739189148,0.37804028391838074,0.0026981953997164965,0.09516669809818268,0.02960560843348503
59,55,0.6926037669181824,0.6831812858581543,0.009362876415252686,0.5960161685943604,0.09204281866550446
59,56,0.9171981811523438,0.9026685953140259,0.014392685145139694,1.3694162368774414,0.1778811365365982
59,57,0.9645832777023315,0.9384530782699585,0.025311604142189026,8.185953140258789,0.12432806193828583
59,58,0.7667748332023621,0.7580645084381104,0.008643937297165394,0.6638824343681335,0.087622731924057
59,59,0.027766317129135132,0.027642369270324707,9.495485574007034e-05,0.2899389863014221,0.006477617658674717
59,60,0.4669850766658783,0.4584123492240906,0.008525731042027473,0.47008979320526123,0.06638660281896591
59,61,0.25358912348747253,0.2523554265499115,0.0012226765975356102,0.11021649092435837,0.038108959794044495
59,62,1.096747636795044,1.0653612613677979,0.030194304883480072,11.921256065368652,0.12546876072883606
59,63,0.8982160687446594,0.8692997694015503,0.02855100855231285,3.6529595851898193,0.5785101056098938
59,64,1.0729888677597046,1.017350435256958,0.05404531955718994,15.930923461914062,0.18943150341510773
59,65,0.9965261220932007,0.9719358682632446,0.02388725057244301,7.030064582824707,0.17188496887683868
59,66,0.13053476810455322,0.12875434756278992,0.0017586975591257215,0.2172277718782425,0.10773861408233643
59,67,0.8481025099754333,0.840592086315155,0.0074621764943003654,0.48215973377227783,0.11513184010982513
59,68,0.8188031315803528,0.7983471155166626,0.019984539598226547,4.714588642120361,0.4206767976284027
59,69,0.44808515906333923,0.44437116384506226,0.003570971777662635,1.430322527885437,0.06271031498908997
59,70,0.6735909581184387,0.6680086851119995,0.00554274208843708,0.3951830565929413,0.07564802467823029
59,71,0.8896879553794861,0.8836362957954407,0.006026262417435646,0.25407981872558594,0.07711714506149292
59,72,1.2440340518951416,1.2183208465576172,0.025215141475200653,4.980037212371826,0.17848366498947144
59,73,0.12703317403793335,0.12618759274482727,0.0008405882399529219,0.04997972398996353,0.054391901940107346
59,74,0.025395426899194717,0.02526983432471752,9.081352618522942e-05,0.34779122471809387,0.006498918868601322
59,75,0.41606882214546204,0.4071483016014099,0.008789768442511559,1.3074082136154175,0.04759901762008667
59,76,0.2992326021194458,0.29511064291000366,0.004079347476363182,0.4263010025024414,0.033585235476493835
59,77,0.3889256715774536,0.3857600688934326,0.0031334615778177977,0.32136252522468567,0.029708322137594223
59,78,0.014168987981975079,0.014072749763727188,8.109286136459559e-05,0.15145078301429749,0.048225969076156616
59,79,0.018829137086868286,0.0187480878084898,4.683688166551292e-05,0.34213709831237793,0.004257006570696831
59,80,0.025084102526307106,0.024968769401311874,8.152448572218418e-05,0.33809611201286316,0.00696604186668992
59,81,0.18177267909049988,0.18002226948738098,0.001730517135001719,0.19897174835205078,0.007507461588829756
59,82,0.39536911249160767,0.3916470408439636,0.0036804773844778538,0.4161171019077301,0.03627129644155502
59,83,0.4012744128704071,0.39340147376060486,0.007783746812492609,0.8918493986129761,0.04628244787454605
59,84,0.932939887046814,0.9205337762832642,0.012293167412281036,1.1294845342636108,0.2093779444694519
59,85,0.01455299835652113,0.014490760862827301,3.132177880615927e-05,0.30914929509162903,0.002642592880874872
59,86,0.04187905788421631,0.041555680334568024,0.00028773315716534853,0.3564310073852539,0.016168557107448578
59,87,0.8834372162818909,0.8592201471328735,0.023814642801880836,4.024593830108643,0.5103287696838379
59,88,0.047261279076337814,0.041563957929611206,0.005697057582437992,0.002648651599884033,0.002384557155892253
59,89,0.13322560489177704,0.13234110176563263,0.0008755618473514915,0.08943502604961395,0.03158416226506233
59,90,0.4353685677051544,0.43136066198349,0.003917963244020939,0.8994469046592712,0.03682858869433403
59,91,0.3333975672721863,0.32975926995277405,0.0035934322513639927,0.44847211241722107,0.04479092359542847
59,92,0.2359554022550583,0.23386122286319733,0.002082063816487789,0.12109119445085526,0.06573373079299927
59,93,0.4460202753543854,0.44338494539260864,0.0026163719594478607,0.18967053294181824,0.039119116961956024
59,94,0.675293505191803,0.6637723445892334,0.011270983144640923,2.501490831375122,0.2012019157409668
59,95,0.8693207502365112,0.8632599115371704,0.006019545719027519,0.4131026566028595,0.09251389652490616
59,96,1.019667387008667,0.9963483214378357,0.022835038602352142,4.839539051055908,0.12875035405158997
59,97,0.8677024841308594,0.8628498315811157,0.004826130345463753,0.2650032341480255,0.09261028468608856
59,98,0.048202577978372574,0.04810519516468048,5.599875294137746e-05,0.41383033990859985,0.002337164245545864
59,99,0.4592136740684509,0.4477928876876831,0.0112015251070261,2.1926190853118896,0.10714759677648544
59,100,0.4219566285610199,0.4167802929878235,0.00513062160462141,0.45725128054618835,0.05939645692706108
60,1,0.4206613004207611,0.4142184257507324,0.0062739672139286995,1.6892482042312622,0.04943177103996277
60,2,0.3563336730003357,0.35161399841308594,0.004614241421222687,1.054284930229187,0.033903539180755615
60,3,0.029467472806572914,0.029357153922319412,7.999489025678486e-05,0.30324360728263855,0.011840784922242165
60,4,0.02614735998213291,0.026084983721375465,3.2222800655290484e-05,0.3015460968017578,0.008976886048913002
60,5,0.13856960833072662,0.1378294825553894,0.0007357452413998544,0.04377839341759682,0.01582941971719265
60,6,0.42586085200309753,0.41942036151885986,0.006273236591368914,1.6725925207138062,0.01647474803030491
60,7,0.8996539115905762,0.8790037035942078,0.02005613222718239,5.940948009490967,0.35589873790740967
60,8,0.13213802874088287,0.12857899069786072,0.003539344994351268,0.1970345377922058,0.11854706704616547
60,9,0.4070112407207489,0.4023391604423523,0.004636202938854694,0.35895809531211853,0.03785822540521622
60,10,0.0285091083496809,0.02843027375638485,4.060402716277167e-05,0.382306843996048,0.0017487421864643693
60,11,0.8774014711380005,0.8612040281295776,0.016078470274806023,1.189573049545288,0.1921219527721405
60,12,0.44034555554389954,0.4321534037590027,0.007948402315378189,2.437530279159546,0.06246199458837509
60,13,1.1340243816375732,1.1147558689117432,0.018464744091033936,8.037540435791016,0.1934041529893875
60,14,0.8500794768333435,0.8269497752189636,0.022728096693754196,4.016376972198486,0.49817925691604614
60,15,0.4392865300178528,0.4334889054298401,0.005664237774908543,1.3338041305541992,0.027702968567609787
60,16,0.044571880251169205,0.04432735592126846,0.0002113863010890782,0.331355482339859,0.017022326588630676
60,17,0.23299740254878998,0.2318754941225052,0.0011143276933580637,0.0757867842912674,0.0377911701798439
60,18,1.250787377357483,1.2327122688293457,0.0176900215446949,3.8499321937561035,0.09020489454269409
60,19,0.3041924238204956,0.30229896306991577,0.0018746888963505626,0.1878678798675537,0.044484853744506836
60,20,0.4504285156726837,0.4456271231174469,0.004778744652867317,0.2265017330646515,0.06193173676729202
60,21,0.3451058566570282,0.3435647785663605,0.0015074056573212147,0.33678460121154785,0.061308443546295166
60,22,0.3893802762031555,0.3846982717514038,0.004655327647924423,0.26682958006858826,0.0594625361263752
60,23,0.015891199931502342,0.015824832022190094,5.2743602282134816e-05,0.13623538613319397,0.0679733157157898
60,24,0.5080590844154358,0.5003466606140137,0.007543202023953199,1.692124843597412,0.0620686411857605
60,25,0.21203599870204926,0.2108469158411026,0.0011730171972885728,0.16060473024845123,0.009446144104003906
60,26,0.3382703959941864,0.335490882396698,0.0027592743281275034,0.20231856405735016,0.01893225684762001
60,27,0.8462556004524231,0.8370636105537415,0.00914253480732441,0.49498578906059265,0.06893044710159302
60,28,0.028401263058185577,0.02835678681731224,3.364872100064531e-05,0.10827253013849258,0.016230296343564987
60,29,0.9130584001541138,0.9035286903381348,0.009040485136210918,4.8923516273498535,0.42254185676574707
60,30,0.03394326567649841,0.033880919218063354,3.649207064881921e-05,0.2585323750972748,0.006934687495231628
60,31,0.726898729801178,0.7175948023796082,0.009243883192539215,0.6004663705825806,0.07601864635944366
60,32,0.4130510687828064,0.4085770845413208,0.0043964991346001625,0.7747601270675659,0.032974857836961746
60,33,1.1845767498016357,1.1524356603622437,0.0311269573867321,10.140786170959473,0.291631281375885
60,34,0.797717809677124,0.7791458368301392,0.018139280378818512,4.326535224914551,0.4910414218902588
60,35,0.017560485750436783,0.01744576171040535,9.856568067334592e-05,0.16157571971416473,0.09681069105863571
60,36,0.4410872459411621,0.4358212947845459,0.005071508698165417,1.944248914718628,0.06816843897104263
60,37,0.4506433606147766,0.4468042850494385,0.0036892974749207497,1.4979503154754639,0.04830683767795563
60,38,0.8629592657089233,0.8366524577140808,0.025746498256921768,5.603134632110596,0.3797413110733032
60,39,0.7882581949234009,0.7702651619911194,0.017540572211146355,4.524438858032227,0.35682371258735657
60,40,0.991397500038147,0.9574077725410461,0.03297368437051773,10.160426139831543,0.20605164766311646
60,41,0.01475153025239706,0.01467856951057911,4.2090658098459244e-05,0.3087017238140106,0.002450217492878437
60,42,0.026232723146677017,0.026103928685188293,9.517549187876284e-05,0.3361920118331909,0.006592715159058571
60,43,0.9333802461624146,0.8910501003265381,0.04177863150835037,5.515317440032959,0.5074652433395386
60,44,1.1319135427474976,1.0999820232391357,0.03098376840353012,9.477730751037598,0.20866037905216217
60,45,0.7877124547958374,0.781324028968811,0.006309464108198881,0.7896835803985596,0.11079560220241547
60,46,0.406851589679718,0.4011225998401642,0.005612610839307308,1.163758635520935,0.043495260179042816
60,47,0.6574607491493225,0.6465264558792114,0.010647380724549294,2.8694405555725098,0.25546979904174805
60,48,1.2018547058105469,1.1657646894454956,0.03517194464802742,9.180279731750488,0.16884830594062805
60,49,1.005908489227295,0.9882954359054565,0.017109958454966545,5.030717849731445,0.16185028851032257
60,50,0.9570138454437256,0.9273803234100342,0.028503451496362686,11.300573348999023,0.15948481857776642
60,51,0.8325539231300354,0.8127256631851196,0.019165024161338806,6.632455348968506,0.3179135322570801
60,52,0.01620658114552498,0.016122452914714813,5.122446600580588e-05,0.329039603471756,0.003938878420740366
60,53,0.13708476722240448,0.13389968872070312,0.003168579190969467,0.1648937463760376,0.09068094938993454
60,54,0.761988639831543,0.7377967238426208,0.023721134290099144,4.70733642578125,0.3100535273551941
60,55,0.046674806624650955,0.04606394097208977,0.0005681787151843309,0.42687875032424927,0.02670137956738472
60,56,1.1395809650421143,1.108241081237793,0.030699871480464935,6.399901390075684,0.16994905471801758
60,57,0.3743900954723358,0.3706413805484772,0.0037154131568968296,0.332973837852478,0.04153444617986679
60,58,0.25845828652381897,0.25630152225494385,0.002124819904565811,0.31958797574043274,0.030034378170967102
60,59,0.23554083704948425,0.2328818142414093,0.0026384990196675062,0.2052287757396698,0.05644279718399048
60,60,0.025860171765089035,0.02569114789366722,0.0001316067937295884,0.3741764724254608,0.008346578106284142
60,61,0.9304947853088379,0.922248125076294,0.008191008120775223,0.5566038489341736,0.11151546984910965
60,62,0.02452949807047844,0.024428708478808403,6.374265649355948e-05,0.3704530596733093,0.007079454138875008
60,63,0.838124692440033,0.8167046308517456,0.02096436358988285,4.556925296783447,0.3759986460208893
60,64,0.8889884352684021,0.8804525136947632,0.0084680849686265,0.6781584024429321,0.1370689570903778
60,65,1.011070966720581,0.985884428024292,0.02424573339521885,9.407964706420898,0.13075566291809082
60,66,0.3254300653934479,0.32248109579086304,0.0029194094240665436,0.29551181197166443,0.025306617841124535
60,67,1.021162509918213,0.9797998666763306,0.04070867970585823,6.540399074554443,0.15591920912265778
60,68,0.7991677522659302,0.7813431024551392,0.017335332930088043,4.8928070068359375,0.3185282349586487
60,69,0.020171405747532845,0.020100655034184456,3.908470171154477e-05,0.31666505336761475,0.006400601007044315
60,70,0.6415475010871887,0.6283019781112671,0.013000416569411755,2.4510130882263184,0.221441388130188
60,71,0.4547525644302368,0.4465969204902649,0.008085096254944801,0.70530766248703,0.05574401468038559
60,72,0.11550657451152802,0.11343669891357422,0.002057425444945693,0.12448273599147797,0.0811309814453125
60,73,0.9225003719329834,0.9121964573860168,0.010160181671380997,1.4368890523910522,0.13838650286197662
60,74,0.11864753812551498,0.11768927425146103,0.0009535691351629794,0.046923067420721054,0.05431944504380226
60,75,0.25345346331596375,0.25014182925224304,0.0032872240990400314,0.24401281774044037,0.06567555665969849
60,76,0.14012981951236725,0.13881446421146393,0.0013076327741146088,0.07717421650886536,0.011501431465148926
60,77,0.9215825200080872,0.9080674648284912,0.013167498633265495,3.4754912853240967,0.6813788414001465
60,78,0.12245086580514908,0.12143175303936005,0.001014364417642355,0.04743122309446335,0.054656367748975754
60,79,0.018531493842601776,0.018431810662150383,6.124711944721639e-05,0.38434934616088867,0.004383831284940243
60,80,0.4397270083427429,0.4340539872646332,0.005639777053147554,0.3324325680732727,0.05566972494125366
60,81,0.4894183278083801,0.47995346784591675,0.009220157749950886,2.447044610977173,0.04394280165433884
60,82,0.40547096729278564,0.4011940360069275,0.0042291609570384026,0.4777403473854065,0.02115214243531227
60,83,0.7680148482322693,0.758676290512085,0.009240423329174519,0.9809479713439941,0.07756899297237396
60,84,0.13045775890350342,0.12666727602481842,0.0037685732822865248,0.21906577050685883,0.0885857418179512
60,85,0.01928030513226986,0.019181227311491966,6.151276465971023e-05,0.37565797567367554,0.004264770075678825
60,86,0.8603398203849792,0.8357118964195251,0.024060845375061035,5.670566082000732,0.39424747228622437
60,87,0.12688769400119781,0.1243254691362381,0.002547623822465539,0.1459915190935135,0.10654209554195404
60,88,0.19729487597942352,0.19462069869041443,0.0026464946568012238,0.2768128216266632,0.021329570561647415
60,89,0.32874974608421326,0.3247910141944885,0.0038967751897871494,0.6196708679199219,0.04651960730552673
60,90,0.3404887616634369,0.33722224831581116,0.003246346954256296,0.20164698362350464,0.033324554562568665
60,91,0.6084961295127869,0.5958683490753174,0.012437218800187111,1.9053705930709839,0.2701435685157776
60,92,0.12803471088409424,0.12546834349632263,0.0025490676052868366,0.17303800582885742,0.07863940298557281
60,93,0.34195345640182495,0.3389398157596588,0.00299273943528533,0.2090325951576233,0.016756029799580574
60,94,0.11839661747217178,0.11770197749137878,0.0006908485083840787,0.03790048882365227,0.020611906424164772
60,95,0.4563472270965576,0.44931161403656006,0.006898588500916958,1.370408058166504,0.028116043657064438
60,96,0.045385733246803284,0.044855836778879166,0.0004903408116661012,0.39555788040161133,0.021785441786050797
60,97,0.8905026912689209,0.8796048164367676,0.010720795020461082,1.7710615396499634,0.08363544195890427
60,98,0.0034223590046167374,0.003402871545404196,3.6149197057966376e-06,0.1587250977754593,0.07313984632492065
60,99,0.31555482745170593,0.31122130155563354,0.0042845094576478004,0.49034953117370605,0.04450511932373047
60,100,1.0443404912948608,0.9950420260429382,0.04803412780165672,12.643823623657227,0.14720147848129272
61,1,0.8771488666534424,0.8684247136116028,0.008637495338916779,0.8669445514678955,0.1460096836090088
61,2,0.9677851796150208,0.9438050389289856,0.02346935123205185,5.108374118804932,0.5803796052932739
61,3,0.45432743430137634,0.4453187584877014,0.00896337442100048,0.4529888927936554,0.06719247251749039
61,4,0.13731060922145844,0.13412854075431824,0.0031645391136407852,0.17523883283138275,0.13989803194999695
61,5,0.2245519757270813,0.22258764505386353,0.0019462394993752241,0.18087735772132874,0.07370910793542862
61,6,0.6252745985984802,0.6092916131019592,0.01564885675907135,3.341416597366333,0.2669922113418579
61,7,0.7224039435386658,0.713281512260437,0.009055272676050663,0.6719217896461487,0.07349829375743866
61,8,0.39278048276901245,0.38939958810806274,0.0033651823177933693,0.15704463422298431,0.023599300533533096
61,9,0.027525296434760094,0.02738562598824501,0.00010658711835276335,0.3308238387107849,0.007842247374355793
61,10,0.7620123028755188,0.7549548149108887,0.006979772821068764,0.7774048447608948,0.05601877719163895
61,11,0.23315882682800293,0.23155245184898376,0.001592996995896101,0.13380134105682373,0.026409504935145378
61,12,0.12373903393745422,0.12213270366191864,0.0015963271725922823,0.10003959387540817,0.06277783960103989
61,13,0.6822038292884827,0.6775254011154175,0.0046325307339429855,0.4586624801158905,0.07018637657165527
61,14,0.13112999498844147,0.1292722225189209,0.0018445756286382675,0.13199268281459808,0.09795272350311279
61,15,1.088437557220459,1.0471603870391846,0.04035308212041855,9.24052619934082,0.17144078016281128
61,16,0.9772781133651733,0.9499325752258301,0.026616429910063744,7.290706157684326,0.18220417201519012
61,17,0.9304531216621399,0.9126325845718384,0.017198380082845688,6.221297740936279,0.13891762495040894
61,18,0.580550491809845,0.573786735534668,0.006709892302751541,0.5386412739753723,0.12562990188598633
61,19,0.7754472494125366,0.7670537829399109,0.00834348239004612,0.4999152421951294,0.12886612117290497
61,20,0.13687515258789062,0.13493674993515015,0.0019275522790849209,0.1084447056055069,0.12274827063083649
61,21,0.9195330142974854,0.9137918949127197,0.005673649720847607,0.6749027371406555,0.12930355966091156
61,22,0.6243168115615845,0.6158133745193481,0.008353199809789658,1.5028387308120728,0.24154961109161377
61,23,0.4197768568992615,0.41571176052093506,0.004037582315504551,0.2751714587211609,0.04469544440507889
61,24,0.19931961596012115,0.196889728307724,0.002402644604444504,0.2723303437232971,0.016658319160342216
61,25,0.43146494030952454,0.428372859954834,0.003066818229854107,0.2527090013027191,0.03634301573038101
61,26,0.040218085050582886,0.03989509120583534,0.00028891785768792033,0.3407529592514038,0.016475781798362732
61,27,0.848758339881897,0.840954065322876,0.007770107593387365,0.34152257442474365,0.0854107141494751
61,28,0.4019244313240051,0.39742231369018555,0.004410462453961372,0.9163535237312317,0.03073509782552719
61,29,0.8352086544036865,0.8262009620666504,0.008580276742577553,4.274021625518799,0.2717403173446655
61,30,0.3396346867084503,0.3358820676803589,0.003699728986248374,0.529059886932373,0.042672090232372284
61,31,1.0399494171142578,1.012813925743103,0.026461388915777206,6.741488933563232,0.18590201437473297
61,32,0.38972532749176025,0.3849995732307434,0.004708573687821627,0.1718043088912964,0.05226200819015503
61,33,0.26221296191215515,0.25905469059944153,0.0031279241666197777,0.3034089505672455,0.07470971345901489
61,34,0.4039475619792938,0.39886021614074707,0.004965116735547781,1.2220485210418701,0.06350468099117279
61,35,0.013311401009559631,0.013160265982151031,0.0001337137073278427,0.1742158979177475,0.06736201047897339
61,36,0.882375955581665,0.8703689575195312,0.011919783428311348,0.8721780180931091,0.16663020849227905
61,37,0.026424147188663483,0.026292121037840843,9.627068357076496e-05,0.35755062103271484,0.00962586048990488
61,38,0.3407175540924072,0.33594566583633423,0.0047357045114040375,0.3616775870323181,0.01928161084651947
61,39,0.3731667101383209,0.36623382568359375,0.006923547014594078,0.09313946217298508,0.01435991283506155
61,40,0.4536873400211334,0.44425565004348755,0.009379951283335686,0.517393946647644,0.04944855719804764
61,41,0.19939343631267548,0.19760675728321075,0.0017504541901871562,0.3621995151042938,0.003698625136166811
61,42,1.0321290493011475,0.9985800385475159,0.03272806107997894,8.21025276184082,0.6063699722290039
61,43,0.8918419480323792,0.8620016574859619,0.02889401838183403,9.463098526000977,0.4316231608390808
61,44,0.015878308564424515,0.01579548791050911,5.1608421927085146e-05,0.31212154030799866,0.0026376768946647644
61,45,0.014517134055495262,0.01445101946592331,3.462046151980758e-05,0.3149471879005432,0.00201238039880991
61,46,0.1953071504831314,0.19345426559448242,0.0018345704302191734,0.1831444650888443,0.024360980838537216
61,47,0.34911447763442993,0.34585335850715637,0.003237687051296234,0.23438815772533417,0.0334494411945343
61,48,0.23253439366817474,0.23073667287826538,0.0017846827395260334,0.13039039075374603,0.06473030894994736
61,49,0.21578434109687805,0.21429437398910522,0.0014609229983761907,0.290355920791626,0.024087168276309967
61,50,0.8984426856040955,0.8807071447372437,0.017298024147748947,4.374797821044922,0.4170096814632416
61,51,0.12244488298892975,0.12155815958976746,0.0008822614327073097,0.0446217842400074,0.03823450580239296
61,52,0.8804293870925903,0.8677411675453186,0.012406866997480392,2.813098907470703,0.141031414270401
61,53,0.014144448563456535,0.01378682442009449,0.00035400668275542557,0.03617424517869949,0.0014148708432912827
61,54,0.4399363696575165,0.4346523880958557,0.005251709837466478,0.3228113055229187,0.05351967737078667
61,55,0.023958763107657433,0.016724295914173126,0.007234062999486923,0.0040402584709227085,0.0026200837455689907
61,56,1.0194751024246216,0.9768120646476746,0.04193013161420822,7.32851505279541,0.7188466191291809
61,57,0.3268163502216339,0.3226414918899536,0.0041107251308858395,0.6412577033042908,0.043278418481349945
61,58,0.8446745872497559,0.8194692134857178,0.024623556062579155,5.817835330963135,0.3919931650161743
61,59,0.43971917033195496,0.4307078719139099,0.008887525647878647,1.2378109693527222,0.04176369681954384
61,60,0.12479956448078156,0.12270703911781311,0.0020783734507858753,0.14145684242248535,0.06990867853164673
61,61,0.2104189544916153,0.20899227261543274,0.0013790992088615894,0.47580963373184204,0.0038006026297807693
61,62,0.4215947985649109,0.41483235359191895,0.006596531253308058,1.6590557098388672,0.036041371524333954
61,63,0.4063110947608948,0.4004864990711212,0.0056798262521624565,1.447664737701416,0.037675466388463974
61,64,0.4176807403564453,0.41213303804397583,0.005454888567328453,0.9281024932861328,0.042219191789627075
61,65,0.4333096146583557,0.4274921417236328,0.005710843484848738,1.0662992000579834,0.05579756572842598
61,66,0.015649346634745598,0.015577699989080429,5.6194265198428184e-05,0.15452466905117035,0.08541937917470932
61,67,0.046137917786836624,0.04575015977025032,0.00035613877116702497,0.3162127733230591,0.014109808020293713
61,68,0.016307737678289413,0.01624457538127899,3.81480494979769e-05,0.25013357400894165,0.0010940178763121367
61,69,0.020621193572878838,0.020540686324238777,5.415156192611903e-05,0.2635727822780609,0.0011797009501606226
61,70,1.043717861175537,1.0281164646148682,0.015085713006556034,5.157583713531494,0.06711035966873169
61,71,0.027053970843553543,0.026941101998090744,8.670717215863988e-05,0.2616165578365326,0.004089144989848137
61,72,0.45454299449920654,0.44717681407928467,0.007223325781524181,1.4282790422439575,0.04138513654470444
61,73,0.3778546154499054,0.375129759311676,0.002712635789066553,0.12229374051094055,0.030002716928720474
61,74,0.829908013343811,0.8213385343551636,0.008404689840972424,1.647847294807434,0.3560897707939148
61,75,0.8384324908256531,0.8287365436553955,0.009645720012485981,0.5023800730705261,0.12755265831947327
61,76,0.15393665432929993,0.15274779498577118,0.0011813074816018343,0.07552409172058105,0.005206278059631586
61,77,0.014555993489921093,0.01449277438223362,3.480013401713222e-05,0.2841958999633789,0.0015740240924060345
61,78,0.9256935715675354,0.9066529273986816,0.018648341298103333,3.9231371879577637,0.5939570665359497
61,79,0.4783933162689209,0.46815988421440125,0.010177679359912872,0.5577473044395447,0.10334280133247375
61,80,0.9645827412605286,0.9296606779098511,0.03386784344911575,10.54256820678711,0.18325573205947876
61,81,0.4313437342643738,0.4248531758785248,0.006351425778120756,1.3913836479187012,0.09801346063613892
61,82,0.4132699966430664,0.4066283106803894,0.006488966755568981,1.527173638343811,0.06420856714248657
61,83,0.251109778881073,0.2480059415102005,0.003080897033214569,0.22957921028137207,0.04008086025714874
61,84,0.328006386756897,0.324721097946167,0.0032462177332490683,0.39066529273986816,0.02144445851445198
61,85,0.41227200627326965,0.4090748429298401,0.0031444691121578217,0.5269652605056763,0.016095178201794624
61,86,0.017678692936897278,0.017596295103430748,6.430470239138231e-05,0.18094292283058167,0.04476837068796158
61,87,0.25074276328086853,0.24850121140480042,0.0022184946574270725,0.23074840009212494,0.043084703385829926
61,88,0.4056587219238281,0.40220165252685547,0.0034270365722477436,0.3003937304019928,0.029750436544418335
61,89,0.19947880506515503,0.19721493124961853,0.00220939121209085,0.5448268055915833,0.012946531176567078
61,90,0.9016309976577759,0.8950847387313843,0.006508876569569111,0.37361958622932434,0.046940259635448456
61,91,0.3777550458908081,0.3741803765296936,0.003564664861187339,0.1000780239701271,0.05805419385433197
61,92,1.0138481855392456,0.9883456230163574,0.024887029081583023,6.155259609222412,0.08785487711429596
61,93,0.8509550094604492,0.8405823111534119,0.00999101996421814,3.8171331882476807,0.29095369577407837
61,94,0.19854319095611572,0.19663935899734497,0.0018791081383824348,0.24722936749458313,0.030646082013845444
61,95,0.16258729994297028,0.16123080253601074,0.0013493949081748724,0.07109036296606064,0.1490510106086731
61,96,0.7925755381584167,0.7749693393707275,0.017175203189253807,4.3099236488342285,0.4243294894695282
61,97,0.408622682094574,0.4033649265766144,0.005130207631736994,1.2756825685501099,0.08612915873527527
61,98,0.03551647439599037,0.03541431576013565,9.860534919425845e-05,0.03553474694490433,0.004064514301717281
61,99,0.020371681079268456,0.020288947969675064,5.2179646445438266e-05,0.3055286705493927,0.005506404675543308
61,100,0.34518375992774963,0.3414110839366913,0.0037160345818847418,0.566552460193634,0.026403754949569702
62,1,0.8913419246673584,0.8806911706924438,0.010554776526987553,0.9598585963249207,0.10005027055740356
62,2,0.21047338843345642,0.20933136343955994,0.0011155781103298068,0.26452893018722534,0.003325054654851556
62,3,0.9207629561424255,0.8935866355895996,0.026572514325380325,6.037682056427002,0.5402425527572632
62,4,0.4513460695743561,0.4413682818412781,0.009928500279784203,0.49287402629852295,0.051549237221479416
62,5,0.43981796503067017,0.4081045985221863,0.0316820852458477,0.31297266483306885,0.022888612002134323
62,6,0.2752370536327362,0.26954180002212524,0.0056835198774933815,0.11729121953248978,0.026340201497077942
62,7,0.3417578339576721,0.3372083604335785,0.004518225789070129,0.3123525083065033,0.0314926952123642
62,8,0.14954815804958344,0.14813585579395294,0.0014063733397051692,0.05932840704917908,0.08163801580667496
62,9,0.20034833252429962,0.19876447319984436,0.001566175022162497,0.17694999277591705,0.023067347705364227
62,10,0.9036091566085815,0.8920663595199585,0.011480869725346565,0.6190815567970276,0.16238528490066528
62,11,0.8490885496139526,0.8374195694923401,0.011594540439546108,0.7442411780357361,0.17120613157749176
62,12,0.4005120098590851,0.3964086174964905,0.00406758114695549,0.3582380414009094,0.025385446846485138
62,13,0.4772336184978485,0.47124892473220825,0.005937743932008743,0.46933114528656006,0.043079182505607605
62,14,0.33503806591033936,0.3328481912612915,0.0021584320347756147,0.3145121932029724,0.019091246649622917
62,15,0.018549954518675804,0.018477989360690117,5.7498542446410283e-05,0.14467382431030273,0.02931416966021061
62,16,0.2363203912973404,0.23489081859588623,0.0014166103210300207,0.12963441014289856,0.038894832134246826
62,17,0.026012666523456573,0.02588196098804474,9.437016706215218e-05,0.3633427321910858,0.00900301057845354
62,18,0.01971036195755005,0.019618358463048935,5.471207987284288e-05,0.37291938066482544,0.003126602154225111
62,19,0.026024986058473587,0.025885771960020065,9.952232358045876e-05,0.396911084651947,0.006862864829599857
62,20,0.028311586007475853,0.02817019820213318,0.0001012317807180807,0.40156176686286926,0.0067735705524683
62,21,0.022951260209083557,0.022841595113277435,7.219657709356397e-05,0.3746960461139679,0.0024728761054575443
62,22,0.8935514092445374,0.8853139281272888,0.008165480569005013,0.7202109694480896,0.060622889548540115
62,23,0.8509001731872559,0.8426138758659363,0.008223608136177063,0.6267586350440979,0.0794283002614975
62,24,0.4517379105091095,0.4455312192440033,0.006078809499740601,1.278751254081726,0.04734042286872864
62,25,0.04230572655797005,0.04204663634300232,0.00022331325453706086,0.3577914834022522,0.024290168657898903
62,26,0.5895117521286011,0.5781413912773132,0.011166241019964218,2.041191816329956,0.23961564898490906
62,27,0.3832206726074219,0.3786456286907196,0.004552258178591728,0.22792291641235352,0.03004290908575058
62,28,0.23624086380004883,0.2342683970928192,0.001959456829354167,0.13011349737644196,0.04368291050195694
62,29,0.9703906774520874,0.9601166248321533,0.009129878133535385,11.44188117980957,0.1233101561665535
62,30,0.2086787223815918,0.20661130547523499,0.0020362071227282286,0.31198588013648987,0.007580667734146118
62,31,0.4201454818248749,0.41547372937202454,0.004583504516631365,0.882546067237854,0.029190711677074432
62,32,0.6500016450881958,0.6351187229156494,0.014599442481994629,2.8345892429351807,0.26497799158096313
62,33,0.43859800696372986,0.4335622787475586,0.004997433163225651,0.3828601539134979,0.07508707046508789
62,34,0.12574663758277893,0.12488213181495667,0.0008596181869506836,0.048870593309402466,0.03464420884847641
62,35,0.12713250517845154,0.12421154975891113,0.002908335067331791,0.12627646327018738,0.07159921526908875
62,36,0.010627069510519505,0.010577925480902195,3.512560942908749e-05,0.14018386602401733,0.06193067133426666
62,37,0.6620781421661377,0.6523482799530029,0.009373077191412449,3.5677740573883057,0.2681904435157776
62,38,0.02914563938975334,0.029027391225099564,8.647803770145401e-05,0.3176990747451782,0.005467430222779512
62,39,0.4264300763607025,0.4201410412788391,0.006184627301990986,1.0438613891601562,0.050385117530822754
62,40,0.013423354364931583,0.013369561173021793,2.490389670128934e-05,0.2888997495174408,0.0016720920102670789
62,41,0.40301230549812317,0.3989108204841614,0.004019420128315687,0.8208345770835876,0.043818652629852295
62,42,0.015243775211274624,0.015183300711214542,3.254320108680986e-05,0.27931079268455505,0.002167557366192341
62,43,0.34252509474754333,0.3381611704826355,0.004336141515523195,0.2778985798358917,0.009237999096512794
62,44,0.045411206781864166,0.044758282601833344,0.0006162148783914745,0.36709922552108765,0.02079327404499054
62,45,0.36406174302101135,0.3614009916782379,0.0026474716141819954,0.13302738964557648,0.02245820127427578
62,46,0.013322670944035053,0.013260025531053543,4.847034142585471e-05,0.14175088703632355,0.04973042011260986
62,47,0.2362590730190277,0.23383395373821259,0.002405536361038685,0.19586047530174255,0.05474701523780823
62,48,0.42294377088546753,0.4171932339668274,0.005616986658424139,1.3355823755264282,0.04517798125743866
62,49,0.3915629982948303,0.38783571124076843,0.0036896653473377228,0.37598469853401184,0.04921378940343857
62,50,0.9354966282844543,0.9248068332672119,0.01056944951415062,1.2036908864974976,0.11344873905181885
62,51,0.8306873440742493,0.8002297878265381,0.02979760617017746,6.59915018081665,0.2940886914730072
62,52,0.13477860391139984,0.13241231441497803,0.0023582761641591787,0.08023398369550705,0.06255461275577545
62,53,0.12966996431350708,0.12868690490722656,0.0009776016231626272,0.05458802357316017,0.06232451647520065
62,54,0.12558765709400177,0.12445241212844849,0.0011296410812065005,0.05600414425134659,0.054870810359716415
62,55,0.015293046832084656,0.015228795818984509,3.439969805185683e-05,0.298521488904953,0.002096712589263916
62,56,0.02851557917892933,0.028397709131240845,8.636396523797885e-05,0.31507188081741333,0.008874759078025818
62,57,0.02454034797847271,0.02443048357963562,7.886805542511865e-05,0.30996689200401306,0.006081975996494293
62,58,0.40993210673332214,0.4063517451286316,0.0035483676474541426,0.3200528621673584,0.029611380770802498
62,59,0.9946704506874084,0.9510519504547119,0.04301353916525841,6.049625873565674,0.5340993404388428
62,60,0.9735074639320374,0.9381054043769836,0.03427218645811081,11.298439025878906,0.17790371179580688
62,61,0.936149001121521,0.9249202013015747,0.010424689389765263,8.041433334350586,0.12330523878335953
62,62,0.6929382085800171,0.6854289770126343,0.007452570833265781,0.566807210445404,0.07116237282752991
62,63,0.14757435023784637,0.14493101835250854,0.002632598392665386,0.10729533433914185,0.0372103750705719
62,64,0.9269157648086548,0.9137985706329346,0.01286478340625763,2.5241565704345703,0.09706331044435501
62,65,0.8587469458580017,0.8428360223770142,0.015559529885649681,3.513897657394409,0.2911565601825714
62,66,0.02232022024691105,0.022251129150390625,4.104615072719753e-05,0.2804553210735321,0.005872388835996389
62,67,0.12469559162855148,0.12270469963550568,0.0019799841102212667,0.10911055654287338,0.0825987309217453
62,68,0.028141913935542107,0.027978738769888878,0.0001282818557228893,0.3489200472831726,0.006070978473871946
62,69,0.693518340587616,0.6879358291625977,0.005534877069294453,0.476411908864975,0.12916919589042664
62,70,1.0268466472625732,0.9964770078659058,0.02952219545841217,8.474946022033691,0.20594704151153564
62,71,0.027607370167970657,0.027375806123018265,0.0001965511910384521,0.3501206338405609,0.00520764384418726
62,72,1.0512586832046509,1.0187304019927979,0.03183840960264206,6.898125648498535,0.6243941783905029
62,73,0.39711451530456543,0.3936571478843689,0.0034283469431102276,0.29038259387016296,0.03867209702730179
62,74,1.1941674947738647,1.1605274677276611,0.032801929861307144,8.380109786987305,0.17221030592918396
62,75,0.4607754051685333,0.45077380537986755,0.009946877136826515,0.5473139882087708,0.06949391961097717
62,76,0.9868394732475281,0.944002628326416,0.0418800488114357,9.567872047424316,0.1517009437084198
62,77,0.9856549501419067,0.9739879369735718,0.010648487135767937,10.185126304626465,0.1107681393623352
62,78,0.40271663665771484,0.40007445216178894,0.0026228202041238546,0.19370269775390625,0.010103748179972172
62,79,0.43289169669151306,0.4280815124511719,0.00471650343388319,0.9367351531982422,0.022955602034926414
62,80,0.3793107271194458,0.37673789262771606,0.002563250018283725,0.09601105004549026,0.010118069127202034
62,81,0.04355425760149956,0.04320063441991806,0.0003184201195836067,0.35202568769454956,0.02401338890194893
62,82,0.9084171056747437,0.8867337703704834,0.02120037004351616,4.829712390899658,0.4902903735637665
62,83,0.03901228308677673,0.038658417761325836,0.00031782922451384366,0.3603527843952179,0.01638161763548851
62,84,0.7259624600410461,0.7188225388526917,0.007095552980899811,0.4436463415622711,0.07539109885692596
62,85,0.41093993186950684,0.40785646438598633,0.0030008163303136826,0.8265093564987183,0.058791227638721466
62,86,0.8833523392677307,0.8592376708984375,0.023578863590955734,5.357653617858887,0.40843772888183594
62,87,1.1446480751037598,1.1263591051101685,0.01795269176363945,3.363184928894043,0.12000057101249695
62,88,0.04671406373381615,0.04631470888853073,0.00036206041113473475,0.3729225993156433,0.01873934268951416
62,89,1.1567078828811646,1.1357183456420898,0.02052180841565132,4.6773176193237305,0.1676580309867859
62,90,0.9865268468856812,0.960956335067749,0.025058545172214508,5.119500160217285,0.7051723003387451
62,91,0.02031913585960865,0.02022218517959118,6.487612699856982e-05,0.32074159383773804,0.004281733650714159
62,92,0.12735937535762787,0.1248994916677475,0.0024476503022015095,0.1223665326833725,0.0979706346988678
62,93,0.021829525008797646,0.021743636578321457,5.578809214057401e-05,0.3010108470916748,0.00597259309142828
62,94,1.1945592164993286,1.1638002395629883,0.03023931384086609,5.195888996124268,0.17204877734184265
62,95,1.1305655241012573,1.095412254333496,0.034174732863903046,9.786259651184082,0.21283037960529327
62,96,0.2564351260662079,0.2539292573928833,0.0024842452257871628,0.21641448140144348,0.04030279070138931
62,97,1.0920532941818237,1.0700780153274536,0.02149834856390953,4.769594192504883,0.13421572744846344
62,98,0.8059543967247009,0.7855263352394104,0.019999153912067413,4.288861274719238,0.37974756956100464
62,99,0.017506299540400505,0.017423134297132492,5.386246630223468e-05,0.29302307963371277,0.004207414574921131
62,100,0.42730602622032166,0.42234140634536743,0.004811200313270092,1.5342942476272583,0.04233352839946747
63,1,0.8762362599372864,0.8519889116287231,0.023610180243849754,6.371612548828125,0.37516912817955017
63,2,0.4211709499359131,0.41459032893180847,0.006467799656093121,1.1283798217773438,0.05201488733291626
63,3,0.772422194480896,0.7548002600669861,0.017155595123767853,4.663351058959961,0.39539796113967896
63,4,1.1699953079223633,1.1475863456726074,0.021939963102340698,4.690273761749268,0.16968145966529846
63,5,0.12564651668071747,0.12478180229663849,0.000859307125210762,0.05414783954620361,0.059653058648109436
63,6,1.0190962553024292,0.9893712997436523,0.028855882585048676,8.690268516540527,0.15498578548431396
63,7,0.37809863686561584,0.37435439229011536,0.003730165073648095,0.1405831128358841,0.03363601118326187
63,8,1.09412682056427,1.0684759616851807,0.025118280202150345,5.326114654541016,0.15243017673492432
63,9,0.13034650683403015,0.12947070598602295,0.0008699470199644566,0.05854139104485512,0.0369102917611599
63,10,0.9062461256980896,0.8944205045700073,0.011510735377669334,3.1487252712249756,0.09077047556638718
63,11,1.1091662645339966,1.0412969589233398,0.06680363416671753,10.65670108795166,0.16024354100227356
63,12,0.2614583969116211,0.25930726528167725,0.00213551614433527,0.15614943206310272,0.013667615130543709
63,13,0.19944798946380615,0.19799765944480896,0.0014109705807641149,0.3935627341270447,0.005837492179125547
63,14,0.041073769330978394,0.04067113995552063,0.0003645807155407965,0.3804912269115448,0.024207627400755882
63,15,0.12032736837863922,0.11929958313703537,0.0010230735642835498,0.047053128480911255,0.04338037222623825
63,16,0.048948533833026886,0.048356231302022934,0.0005499847466126084,0.423202246427536,0.027533747255802155
63,17,0.4250284433364868,0.41956180334091187,0.005364696029573679,1.0194334983825684,0.06353774666786194
63,18,0.7692512273788452,0.7632229924201965,0.005972781218588352,0.5542447566986084,0.09836030006408691
63,19,0.8754929304122925,0.8677284717559814,0.0077247279696166515,0.3975643813610077,0.08679637312889099
63,20,0.1243443414568901,0.12352461367845535,0.0008154691313393414,0.04259386658668518,0.033434413373470306
63,21,0.3841249644756317,0.3818000257015228,0.0023134956136345863,0.11458488553762436,0.020694058388471603
63,22,0.8360133767127991,0.8302434682846069,0.005737176164984703,0.32736292481422424,0.10105891525745392
63,23,0.8696768283843994,0.8630276918411255,0.006622891407459974,0.26210686564445496,0.06864723563194275
63,24,0.2281755656003952,0.22602953016757965,0.0021317843347787857,0.14245997369289398,0.0404227152466774
63,25,0.6009882092475891,0.5928254127502441,0.008011100813746452,1.516924500465393,0.1971396505832672
63,26,0.4362277388572693,0.43146246671676636,0.004617585334926844,1.4768577814102173,0.0322515070438385
63,27,0.34599336981773376,0.34316882491111755,0.0028059573378413916,0.18601584434509277,0.025155022740364075
63,28,0.13101963698863983,0.12838619947433472,0.0026192860677838326,0.14162395894527435,0.08457335829734802
63,29,0.8040869235992432,0.7947914004325867,0.008909775875508785,3.8574092388153076,0.33066660165786743
63,30,0.9308140277862549,0.910152018070221,0.020091384649276733,5.706799507141113,0.379602313041687
63,31,1.0563596487045288,1.036504864692688,0.019523410126566887,3.3142354488372803,0.16663303971290588
63,32,0.3548847436904907,0.35117679834365845,0.0036823172122240067,0.2563515305519104,0.0349709652364254
63,33,0.34658104181289673,0.3439018130302429,0.002658476587384939,0.20741388201713562,0.03000989928841591
63,34,0.01810062676668167,0.01799669861793518,6.041929736966267e-05,0.4350956678390503,0.0036293696612119675
63,35,0.4234429895877838,0.4150356948375702,0.008375370875000954,0.3191767930984497,0.04740560054779053
63,36,0.0310179702937603,0.03081507980823517,0.00015660923963878304,0.4628145396709442,0.010471832007169724
63,37,0.8454374670982361,0.8384228944778442,0.0069781760685145855,0.364315927028656,0.07790650427341461
63,38,0.9568135142326355,0.9449899792671204,0.011745555326342583,0.7796885967254639,0.10023563355207443
63,39,0.4155552387237549,0.40972936153411865,0.005618917755782604,2.0693609714508057,0.03974219411611557
63,40,1.184097170829773,1.1515038013458252,0.03199170157313347,6.016680717468262,0.14307314157485962
63,41,0.4220610558986664,0.4181254804134369,0.0038913690950721502,0.4418541193008423,0.029835931956768036
63,42,1.004427194595337,0.9771701693534851,0.02617281675338745,10.842202186584473,0.10995432734489441
63,43,0.6295835971832275,0.6121724843978882,0.01713429018855095,2.7679731845855713,0.2874373495578766
63,44,0.01776137575507164,0.017662232741713524,6.425961328204721e-05,0.3488333821296692,0.007488677743822336
63,45,0.39971640706062317,0.3971140384674072,0.0025813612155616283,0.21013128757476807,0.02982524409890175
63,46,1.0969995260238647,1.0779249668121338,0.018575133755803108,4.993095874786377,0.12280400097370148
63,47,0.12877300381660461,0.1279921531677246,0.0007763367029838264,0.04516272991895676,0.05326669663190842
63,48,0.8982149362564087,0.8770027160644531,0.02050751820206642,7.047080039978027,0.4616331458091736
63,49,0.342353492975235,0.34099650382995605,0.0013455022126436234,0.1147361695766449,0.00630828645080328
63,50,0.013011453673243523,0.01291399821639061,8.346854883711785e-05,0.1398678869009018,0.0749235451221466
63,51,0.9058683514595032,0.8998576998710632,0.005978845991194248,0.3185461461544037,0.09836380928754807
63,52,0.34468334913253784,0.342813104391098,0.0018598539754748344,0.10391070693731308,0.015304969623684883
63,53,0.020629020407795906,0.020544108003377914,5.403529212344438e-05,0.3087639808654785,0.0028874485287815332
63,54,0.41334155201911926,0.40978187322616577,0.0035301351454108953,0.29524296522140503,0.04968713968992233
63,55,0.016431095078587532,0.0163639634847641,3.9182363252621144e-05,0.2794908583164215,0.003371075028553605
63,56,0.23747479915618896,0.23603494465351105,0.0014279292663559318,0.11926194280385971,0.052105702459812164
63,57,0.3317456543445587,0.3297956585884094,0.0019367811037227511,0.13190807402133942,0.01954626478254795
63,58,0.04098235070705414,0.04069192707538605,0.00026080175302922726,0.2962416410446167,0.017112229019403458
63,59,1.1372950077056885,1.114885926246643,0.02201424539089203,3.947901487350464,0.1764402985572815
63,60,0.9143136739730835,0.8908246755599976,0.0231154952198267,3.735109329223633,0.5763734579086304
63,61,0.4643174111843109,0.46046721935272217,0.0038097910583019257,0.4042077958583832,0.0491606742143631
63,62,0.1054498478770256,0.10283096134662628,0.002613226417452097,0.05665947496891022,0.004264528863132
63,63,1.1480307579040527,1.1117732524871826,0.03540508821606636,8.524404525756836,0.17836891114711761
63,64,0.03919760137796402,0.038956981152296066,0.0002064351865556091,0.3418160378932953,0.017510008066892624
63,65,0.1255555897951126,0.12486111372709274,0.0006899584550410509,0.045221880078315735,0.05158281326293945
63,66,0.8764850497245789,0.8684719204902649,0.007935558445751667,0.7752960920333862,0.12230883538722992
63,67,0.20295754075050354,0.19992268085479736,0.003000251017510891,0.3462139666080475,0.02059963345527649
63,68,0.8447203040122986,0.821580171585083,0.022444607689976692,6.9552788734436035,0.3977818489074707
63,69,1.1689634323120117,1.1529520750045776,0.014787808060646057,12.23575496673584,0.20485126972198486
63,70,0.3255923092365265,0.3201906979084015,0.005375583190470934,0.2602866590023041,0.03687438741326332
63,71,0.015342374332249165,0.015268267132341862,3.945379285141826e-05,0.3465403914451599,0.0022085411474108696
63,72,0.5980356931686401,0.5867257118225098,0.011102819815278053,2.071622610092163,0.23346742987632751
63,73,0.910129964351654,0.8851633071899414,0.024199217557907104,7.674393177032471,0.3575618863105774
63,74,0.8718109726905823,0.8656136393547058,0.006164821330457926,0.32483136653900146,0.06597431004047394
63,75,0.013275335542857647,0.013209789991378784,3.496930003166199e-05,0.30576634407043457,0.0019476802553981543
63,76,0.017515456303954124,0.01736963726580143,0.0001456089230487123,0.0021112626418471336,0.00341355474665761
63,77,0.19747360050678253,0.19595158100128174,0.0014935759827494621,0.2845146358013153,0.022950634360313416
63,78,0.24807986617088318,0.24623435735702515,0.0018325007986277342,0.13010534644126892,0.08391916006803513
63,79,1.1911189556121826,1.1647613048553467,0.025821521878242493,5.361178874969482,0.15896406769752502
63,80,0.4071347415447235,0.4026947617530823,0.004374238662421703,0.6573490500450134,0.0565720796585083
63,81,1.156655192375183,1.1301383972167969,0.025875356048345566,6.41459846496582,0.14773675799369812
63,82,0.3430488407611847,0.3402417004108429,0.002779881004244089,0.2727659344673157,0.023125622421503067
63,83,0.4130994379520416,0.40795421600341797,0.005107926204800606,0.3729216158390045,0.023379569873213768
63,84,0.4672878384590149,0.4597618281841278,0.007474570535123348,0.5143694877624512,0.05479301139712334
63,85,0.021982431411743164,0.02187512256205082,8.243068441515788e-05,0.24876853823661804,0.003748862771317363
63,86,0.012981094419956207,0.012893286533653736,7.539564103353769e-05,0.12412737309932709,0.039537373930215836
63,87,0.025526873767375946,0.025416657328605652,8.313888974953443e-05,0.27077531814575195,0.006627592258155346
63,88,0.01503241527825594,0.014967137947678566,3.898910654243082e-05,0.262883722782135,0.002130062784999609
63,89,0.11509451270103455,0.11435773223638535,0.0007343332981690764,0.02443232759833336,0.013327079825103283
63,90,0.4753999710083008,0.4705445170402527,0.004805823788046837,0.4962420165538788,0.0749480128288269
63,91,0.032094404101371765,0.0317637175321579,0.00029514016932807863,0.3554533123970032,0.011353391222655773
63,92,0.22924748063087463,0.2273581326007843,0.0018776750657707453,0.11668715626001358,0.07976745814085007
63,93,0.3853254020214081,0.38252097368240356,0.0027888419572263956,0.1557203233242035,0.03968026116490364
63,94,0.42375877499580383,0.4184432029724121,0.0052400738932192326,0.7549870610237122,0.04323085770010948
63,95,0.016062891110777855,0.015989400446414948,4.4847431126981974e-05,0.2864437699317932,0.002919030375778675
63,96,0.3731192946434021,0.37038904428482056,0.002717085648328066,0.1316416710615158,0.011609965935349464
63,97,1.1304879188537598,1.0917096138000488,0.037305980920791626,14.723125457763672,0.16966179013252258
63,98,0.33569106459617615,0.3334415555000305,0.0022094801533967257,0.4002090394496918,0.018418464809656143
63,99,0.22584490478038788,0.22389410436153412,0.0019381078891456127,0.12688739597797394,0.02735092118382454
63,100,0.013940577395260334,0.013839710503816605,8.609014912508428e-05,0.14776235818862915,0.04842057079076767
64,1,0.32811057567596436,0.3245677947998047,0.0034842249006032944,0.5856542587280273,0.04088514298200607
64,2,0.34817925095558167,0.34462660551071167,0.003522205166518688,0.3043103516101837,0.0269190464168787
64,3,0.4469508230686188,0.43616700172424316,0.010738981887698174,0.4485068917274475,0.07562814652919769
64,4,0.6311454772949219,0.6187340617179871,0.01215797197073698,2.534557819366455,0.33686190843582153
64,5,0.013818888925015926,0.013733942061662674,6.582045170944184e-05,0.1912657469511032,0.11690052598714828
64,6,0.33479994535446167,0.3314831256866455,0.0032693720422685146,0.4744759202003479,0.05304697901010513
64,7,0.016803378239274025,0.016645781695842743,0.00013991535524837673,0.17681531608104706,0.07352012395858765
64,8,0.938876211643219,0.9125150442123413,0.025700222700834274,6.609703540802002,0.06952691078186035
64,9,0.66617751121521,0.6528099179267883,0.01308371964842081,2.8392016887664795,0.1931931972503662
64,10,0.4074643552303314,0.40390533208847046,0.003489977214485407,0.6904213428497314,0.02742638625204563
64,11,1.142396092414856,1.0739798545837402,0.06720961630344391,12.066612243652344,0.1667686104774475
64,12,0.3771415948867798,0.3742346465587616,0.0028971307910978794,0.09798642992973328,0.029302183538675308
64,13,0.420249879360199,0.41700828075408936,0.0031639328226447105,0.7766665816307068,0.05045038461685181
64,14,1.0036101341247559,0.9852142333984375,0.017856141552329063,5.397441864013672,0.17544130980968475
64,15,0.8812054991722107,0.87483811378479,0.006337239407002926,0.3015519976615906,0.09195324778556824
64,16,0.01850876957178116,0.01842428185045719,5.122338916407898e-05,0.3326519727706909,0.002816484309732914
64,17,1.184749960899353,1.1562188863754272,0.027542967349290848,9.881196975708008,0.17894858121871948
64,18,0.38525816798210144,0.38298681378364563,0.0022569620050489902,0.1438824087381363,0.023217327892780304
64,19,0.012559899128973484,0.0124953119084239,4.972342139808461e-05,0.14863863587379456,0.0448177307844162
64,20,0.12478770315647125,0.1238413155078888,0.0009419562993571162,0.04434400796890259,0.028322987258434296
64,21,0.020356910303235054,0.020276397466659546,4.902095679426566e-05,0.3149228096008301,0.004021971952170134
64,22,0.6839746236801147,0.676227331161499,0.007657085545361042,0.901591956615448,0.06522363424301147
64,23,0.4378634989261627,0.431657999753952,0.00617945846170187,0.26059019565582275,0.032249126583337784
64,24,0.1181212067604065,0.11641204357147217,0.0016976085025817156,0.11556049436330795,0.09219971299171448
64,25,0.0031110902782529593,0.003077900968492031,3.255486262787599e-06,0.29933953285217285,0.001149043790064752
64,26,0.3245370090007782,0.32161447405815125,0.0028742768336087465,0.4826306104660034,0.05687037855386734
64,27,0.12452802062034607,0.1229381412267685,0.0015845049638301134,0.05371634662151337,0.06211621314287186
64,28,0.8981906175613403,0.8659312129020691,0.03164718300104141,6.121931552886963,0.7025048136711121
64,29,0.42149707674980164,0.41759657859802246,0.0037960498593747616,1.0446560382843018,0.05072091519832611
64,30,0.9197594523429871,0.8929014205932617,0.026377223432064056,4.8082194328308105,0.39491304755210876
64,31,1.154961347579956,1.1298052072525024,0.024541109800338745,6.149938583374023,0.17117199301719666
64,32,0.41087856888771057,0.4041052460670471,0.006654090713709593,1.1925183534622192,0.025941088795661926
64,33,0.4144236743450165,0.4097887873649597,0.004539243411272764,0.9563670754432678,0.024662740528583527
64,34,0.044381625950336456,0.044058896601200104,0.0002864709822461009,0.3625936806201935,0.01898503117263317
64,35,0.12912289798259735,0.12799832224845886,0.0011196373961865902,0.049258872866630554,0.03198781609535217
64,36,0.42499029636383057,0.4212644696235657,0.003704877570271492,0.209445983171463,0.0340423583984375
64,37,0.01189807802438736,0.011805415153503418,7.636703958269209e-05,0.16296640038490295,0.05629666522145271
64,38,0.6327657699584961,0.6232808828353882,0.009331313893198967,1.5362685918807983,0.2615851163864136
64,39,0.3992811441421509,0.395176500082016,0.004080429207533598,0.24218840897083282,0.05244894325733185
64,40,0.20757292211055756,0.20502805709838867,0.002514124847948551,0.307381808757782,0.017047006636857986
64,41,0.9067544937133789,0.9012721180915833,0.005452703684568405,0.2967759668827057,0.10625644028186798
64,42,0.8674457669258118,0.8608165979385376,0.006547161377966404,0.820115327835083,0.12702733278274536
64,43,0.01614675484597683,0.016076482832431793,4.041457214043476e-05,0.2985897362232208,0.00237063504755497
64,44,0.020057499408721924,0.019972680136561394,5.310738197294995e-05,0.3171244263648987,0.0029152471106499434
64,45,1.180457592010498,1.1692105531692505,0.0107011329382658,5.45805025100708,0.13850919902324677
64,46,0.937748372554779,0.9288758039474487,0.008794242516160011,0.7831863164901733,0.13259217143058777
64,47,0.01898643746972084,0.018897060304880142,5.6633605709066615e-05,0.32742998003959656,0.0027694690506905317
64,48,0.4222942292690277,0.4153579771518707,0.006905015092343092,0.31243717670440674,0.0689174011349678
64,49,0.015190839767456055,0.015123216435313225,3.648935307865031e-05,0.31134462356567383,0.0022957136388868093
64,50,1.1838690042495728,1.1553359031677246,0.027776531875133514,7.565654277801514,0.19583560526371002
64,51,0.3161114454269409,0.31166791915893555,0.004401598125696182,0.41928157210350037,0.04495074227452278
64,52,0.6026166081428528,0.5915268659591675,0.010869831778109074,2.1985886096954346,0.25878506898880005
64,53,0.6910037994384766,0.6839258670806885,0.006998645141720772,0.7924895286560059,0.08497007191181183
64,54,0.04108135402202606,0.0407276414334774,0.0003193164593540132,0.3439745008945465,0.01995028555393219
64,55,0.17240585386753082,0.1705082207918167,0.001872785622254014,0.2483731061220169,0.008569305762648582
64,56,0.026237953454256058,0.0261300727725029,7.659985567443073e-05,0.31282010674476624,0.0057509709149599075
64,57,0.3793884515762329,0.37592506408691406,0.003374229185283184,0.8917584419250488,0.031089209020137787
64,58,1.0594691038131714,1.032043218612671,0.02688591554760933,5.4004292488098145,0.13091230392456055
64,59,0.40579187870025635,0.3982205390930176,0.007515978999435902,0.5536559820175171,0.03718508407473564
64,60,0.4590931832790375,0.45017486810684204,0.008755240589380264,1.6307824850082397,0.05454253405332565
64,61,0.45088356733322144,0.44660085439682007,0.004252206534147263,0.3050364851951599,0.043931521475315094
64,62,0.347540020942688,0.344010591506958,0.003505009924992919,0.2441827952861786,0.02367519959807396
64,63,0.030022185295820236,0.029882729053497314,0.00010526884580031037,0.3418651223182678,0.0043065715581178665
64,64,1.0379372835159302,1.0049543380737305,0.03206489980220795,9.18039321899414,0.11671896278858185
64,65,0.016703611239790916,0.01663496345281601,3.844053208013065e-05,0.30205589532852173,0.001432838849723339
64,66,0.013141586445271969,0.013076016679406166,5.275481817079708e-05,0.1281510442495346,0.05479959398508072
64,67,0.8631408214569092,0.8534048199653625,0.009661799296736717,0.7422665953636169,0.07675988972187042
64,68,0.4214901328086853,0.41563060879707336,0.005761016625910997,0.9849390387535095,0.03301684558391571
64,69,0.20674413442611694,0.20532748103141785,0.0013764031464233994,0.4025475084781647,0.009891288354992867
64,70,0.12953510880470276,0.12809114158153534,0.0014327222015708685,0.11246611177921295,0.061239954084157944
64,71,0.8937506079673767,0.8858764171600342,0.007796441204845905,0.777073085308075,0.09979921579360962
64,72,0.3404002785682678,0.3365369439125061,0.003816453507170081,0.46893128752708435,0.04270686209201813
64,73,0.9839703440666199,0.964184582233429,0.019169066101312637,6.166530132293701,0.11358368396759033
64,74,0.4371803104877472,0.43041741847991943,0.006564430892467499,1.984440565109253,0.06715818494558334
64,75,0.1301821768283844,0.12707677483558655,0.003089431207627058,0.15975326299667358,0.11929579079151154
64,76,0.45427206158638,0.4468305706977844,0.007397295907139778,0.44197097420692444,0.07122772932052612
64,77,0.324811190366745,0.3218963146209717,0.002899150364100933,0.1573881059885025,0.026170356199145317
64,78,0.43453431129455566,0.4298318028450012,0.004667297005653381,0.3524112105369568,0.05900184065103531
64,79,0.1937500685453415,0.19156286120414734,0.0021451995708048344,0.4199941158294678,0.009620431810617447
64,80,0.829238772392273,0.8198678493499756,0.00930798053741455,0.6295345425605774,0.09678897261619568
64,81,0.2294580042362213,0.22763845324516296,0.0017993003129959106,0.20247022807598114,0.0382014736533165
64,82,0.3969303071498871,0.39299410581588745,0.0039009731262922287,0.35221877694129944,0.026181383058428764
64,83,1.0663114786148071,1.016270399093628,0.04934823140501976,6.9288716316223145,0.14537128806114197
64,84,0.12502755224704742,0.12400681525468826,0.001015094923786819,0.05643938109278679,0.04433608427643776
64,85,1.0411449670791626,1.0316762924194336,0.008789577521383762,6.791684150695801,0.40129154920578003
64,86,0.883898913860321,0.8734073042869568,0.01042420044541359,0.6743209362030029,0.09144791960716248
64,87,0.8685470819473267,0.8590390682220459,0.00946605484932661,0.4194009602069855,0.0990130603313446
64,88,0.20399369299411774,0.20143842697143555,0.0025200066156685352,0.3525770604610443,0.024214550852775574
64,89,0.39755070209503174,0.39356014132499695,0.003951225429773331,0.3932468593120575,0.04640506953001022
64,90,0.039994847029447556,0.03967905789613724,0.0002787640260066837,0.37023845314979553,0.01945226825773716
64,91,0.4393559694290161,0.4243111312389374,0.014757271856069565,2.8756675720214844,0.0475899800658226
64,92,0.5979766845703125,0.5857988595962524,0.011924659833312035,2.5315961837768555,0.23221507668495178
64,93,0.6126499772071838,0.6025162935256958,0.009832784533500671,3.0088162422180176,0.23856282234191895
64,94,0.01557185035198927,0.015509027987718582,4.8549845814704895e-05,0.14272795617580414,0.04104781523346901
64,95,0.6219573616981506,0.6087892651557922,0.012917809188365936,2.5025644302368164,0.21811935305595398
64,96,0.020849987864494324,0.020762696862220764,5.9692032664315775e-05,0.27598094940185547,0.0028938811738044024
64,97,0.12976157665252686,0.12906131148338318,0.0006960492464713752,0.04216170683503151,0.035397015511989594
64,98,0.689970076084137,0.6831718683242798,0.006737114861607552,0.6108560562133789,0.07882533967494965
64,99,0.018373362720012665,0.01828877255320549,5.4356616601580754e-05,0.30235254764556885,0.001789318979717791
64,100,0.7202855348587036,0.7121131420135498,0.00812285766005516,0.4953847825527191,0.10650916397571564
65,1,0.18768543004989624,0.18628300726413727,0.001386802876368165,0.15615935623645782,0.016388896852731705
65,2,1.137952208518982,1.08939790725708,0.04678959399461746,17.646127700805664,0.2932279706001282
65,3,0.6474761366844177,0.6348056793212891,0.012467954307794571,2.0249199867248535,0.28535032272338867
65,4,0.574444591999054,0.5673195123672485,0.0070229172706604,1.0214935541152954,0.2076120674610138
65,5,0.42873555421829224,0.4262489080429077,0.002389433328062296,0.9720141887664795,0.036148034036159515
65,6,0.12764565646648407,0.1270403265953064,0.0006016017287038267,0.03720533847808838,0.03195761889219284
65,7,0.38316619396209717,0.3804088830947876,0.0027066380716860294,0.5067237615585327,0.02922617644071579
65,8,1.1737127304077148,1.1506528854370117,0.02238343469798565,6.764406681060791,0.12065938860177994
65,9,0.17054525017738342,0.16942626237869263,0.0011052761692553759,0.13708455860614777,0.0076899416744709015
65,10,0.015767792239785194,0.015695316717028618,4.075559991179034e-05,0.31720632314682007,0.0017685990314930677
65,11,0.04772716388106346,0.04734105244278908,0.00034687231527641416,0.3924025297164917,0.019100259989500046
65,12,0.6492424011230469,0.6389016509056091,0.010060319676995277,2.8044393062591553,0.3028339743614197
65,13,0.3455464243888855,0.3430974781513214,0.0023958387318998575,0.5311697125434875,0.05723155289888382
65,14,0.1293298602104187,0.12835943698883057,0.0009650441352277994,0.05374053865671158,0.05960533022880554
65,15,0.024712499231100082,0.024571407586336136,0.00010955675679724663,0.31535089015960693,0.006441034842282534
65,16,0.8571693301200867,0.8481799364089966,0.008929125033318996,0.6024730205535889,0.10561688244342804
65,17,0.2265738993883133,0.22500349581241608,0.0015559822786599398,0.14428074657917023,0.029837021604180336
65,18,0.012790543958544731,0.012737184762954712,3.912209649570286e-05,0.14237508177757263,0.04232687130570412
65,19,0.22514411807060242,0.22331023216247559,0.0018229075940325856,0.10978227853775024,0.03153470158576965
65,20,0.35565459728240967,0.35138651728630066,0.004239105619490147,0.2897460460662842,0.013076548464596272
65,21,0.40665724873542786,0.40330249071121216,0.003204534761607647,1.5022293329238892,0.047254905104637146
65,22,0.6164833307266235,0.604250967502594,0.012037406675517559,1.9499481916427612,0.299347847700119
65,23,0.2502509355545044,0.24760718643665314,0.0026216674596071243,0.22068846225738525,0.06594449281692505
65,24,0.01337857823818922,0.01331696193665266,3.075720087508671e-05,0.30859652161598206,0.002127415733411908
65,25,0.07191963493824005,0.07140368223190308,0.0005102744325995445,0.05675049498677254,0.010982975363731384
65,26,0.427457720041275,0.4237012267112732,0.0037199449725449085,0.36536315083503723,0.054347917437553406
65,27,0.18058723211288452,0.17867565155029297,0.0018906134646385908,0.20973309874534607,0.011735236272215843
65,28,0.33322519063949585,0.32893794775009155,0.0042180391028523445,0.6920114159584045,0.053333938121795654
65,29,0.4259086549282074,0.39388811588287354,0.03198811411857605,0.3243483603000641,0.031104251742362976
65,30,0.912643313407898,0.8921264410018921,0.019851073622703552,6.658048629760742,0.11194874346256256
65,31,0.04864394664764404,0.04815159738063812,0.00045296127791516483,0.3938775062561035,0.025399886071681976
65,32,0.012850944884121418,0.012751888483762741,6.781843694625422e-05,0.3123817443847656,0.003883406287059188
65,33,0.353099524974823,0.34950828552246094,0.003515233751386404,0.7600576281547546,0.05409439653158188
65,34,0.7131380438804626,0.7071317434310913,0.005952260456979275,0.540614128112793,0.08166089653968811
65,35,0.9042648077011108,0.8955889940261841,0.00862624030560255,0.4960341155529022,0.09529362618923187
65,36,0.0373082309961319,0.03696335479617119,0.00031186267733573914,0.33014506101608276,0.019926808774471283
65,37,0.8851637840270996,0.8787063360214233,0.006405757740139961,0.516478955745697,0.08318141847848892
65,38,0.34255731105804443,0.3390622138977051,0.003415013663470745,0.8008143305778503,0.0381438285112381
65,39,1.0213860273361206,0.9909420013427734,0.029612703248858452,8.314220428466797,0.14406675100326538
65,40,0.5432519912719727,0.5288224220275879,0.01439704466611147,0.3256160020828247,0.08200494945049286
65,41,0.04022430256009102,0.03993327543139458,0.00025585919502191246,0.351673424243927,0.021167799830436707
65,42,0.9113951921463013,0.8935087323188782,0.017439553514122963,4.46911096572876,0.11786824464797974
65,43,0.023691663518548012,0.023545846343040466,0.0001116692801588215,0.3414808511734009,0.00802004523575306
65,44,0.41215845942497253,0.4073261022567749,0.0047232829965651035,1.090653657913208,0.04941597208380699
65,45,0.11992330849170685,0.11909067630767822,0.0008272877312265337,0.05341104418039322,0.042831532657146454
65,46,0.4351614713668823,0.4296284317970276,0.005502503830939531,0.3054865300655365,0.04650671035051346
65,47,0.7174334526062012,0.7069586515426636,0.010399552062153816,0.751987874507904,0.08391359448432922
65,48,0.04125320911407471,0.040809378027915955,0.0004044530796818435,0.39377135038375854,0.022448047995567322
65,49,0.21752454340457916,0.21587438881397247,0.0016387952491641045,0.11351169645786285,0.05409165471792221
65,50,0.3468376696109772,0.3438792824745178,0.002933297771960497,0.2509804368019104,0.022451132535934448
65,51,0.45044490694999695,0.4391019940376282,0.011177461594343185,1.6547563076019287,0.044255103915929794
65,52,0.8465160131454468,0.8173812627792358,0.028589297086000443,5.45448112487793,0.4998020529747009
65,53,0.32839569449424744,0.3257949948310852,0.002552610356360674,0.4808776378631592,0.03755901753902435
65,54,1.1741268634796143,1.143630027770996,0.029778581112623215,7.1827216148376465,0.17595002055168152
65,55,0.24872872233390808,0.2463224232196808,0.002391703426837921,0.1460208147764206,0.05248209089040756
65,56,0.3480789065361023,0.34495291113853455,0.0031070485711097717,0.18964864313602448,0.019638311117887497
65,57,0.8616894483566284,0.8557112216949463,0.0059443386271595955,0.3390340805053711,0.07634441554546356
65,58,0.025366591289639473,0.025229528546333313,0.00010117058991454542,0.35890406370162964,0.00806009117513895
65,59,0.012968757189810276,0.012814845889806747,0.00013665694859810174,0.17254695296287537,0.05849938094615936
65,60,0.12208755314350128,0.12111397087574005,0.000969022570643574,0.04559987038373947,0.04075562208890915
65,61,0.02542325295507908,0.0252743698656559,0.00011234363046241924,0.3653981685638428,0.007922441698610783
65,62,0.22963111102581024,0.22782939672470093,0.001786520704627037,0.1520516723394394,0.05748292803764343
65,63,0.8824863433837891,0.8756320476531982,0.006794962100684643,0.593039333820343,0.11520399153232574
65,64,1.0362533330917358,1.023207426071167,0.01284177228808403,2.0412380695343018,0.11574365943670273
65,65,0.8582085371017456,0.851809024810791,0.006342839449644089,0.5669920444488525,0.11944274604320526
65,66,0.025273462757468224,0.02512933313846588,0.00010939254570985213,0.34735962748527527,0.008184287697076797
65,67,1.0020705461502075,0.9561527967453003,0.0452168770134449,7.008514404296875,0.17385141551494598
65,68,0.6409438252449036,0.6323257088661194,0.008448699489235878,1.6941311359405518,0.27291375398635864
65,69,0.837308406829834,0.830910325050354,0.00634628813713789,0.5178390741348267,0.13079944252967834
65,70,0.928841769695282,0.9182736873626709,0.010470010340213776,0.9806705117225647,0.155656635761261
65,71,0.9442974925041199,0.9323873519897461,0.011825226247310638,0.8495348691940308,0.11097948998212814
65,72,0.40924587845802307,0.40418729186058044,0.004955323413014412,1.0326833724975586,0.04094557464122772
65,73,0.947648823261261,0.928400993347168,0.018617134541273117,6.3067193031311035,0.11045673489570618
65,74,0.9191624522209167,0.9112210273742676,0.007884801365435123,0.5661823153495789,0.09278843551874161
65,75,0.04238509759306908,0.04197564721107483,0.00037391349906101823,0.3553480803966522,0.020870931446552277
65,76,0.7406851649284363,0.7326397895812988,0.007984778843820095,0.6060049533843994,0.07862547039985657
65,77,0.39917147159576416,0.39604470133781433,0.0030806302092969418,0.46138638257980347,0.032362200319767
65,78,1.185582160949707,1.161771297454834,0.023313995450735092,4.968047618865967,0.15247920155525208
65,79,0.6380977034568787,0.6272866725921631,0.01057504303753376,2.359736919403076,0.24333587288856506
65,80,0.015511955134570599,0.015441245399415493,3.770002876990475e-05,0.3300994634628296,0.0026645842008292675
65,81,1.1584573984146118,1.129599928855896,0.028057735413312912,7.997999668121338,0.19441837072372437
65,82,0.423109769821167,0.41706958413124084,0.005931560881435871,1.086207628250122,0.07060707360506058
65,83,0.8698629140853882,0.8610574007034302,0.00876560714095831,0.3994130492210388,0.10317611694335938
65,84,0.8870009779930115,0.8764312267303467,0.010492824018001556,0.76934415102005,0.09562252461910248
65,85,0.32466065883636475,0.31857752799987793,0.006055081263184547,0.28039416670799255,0.03941529989242554
65,86,0.938180148601532,0.928625762462616,0.00947216060012579,0.8223431706428528,0.07772649824619293
65,87,0.3225928246974945,0.31954145431518555,0.0030207608360797167,0.3060181736946106,0.01899220235645771
65,88,0.6545112133026123,0.6397577524185181,0.014730030670762062,0.23423902690410614,0.06741835176944733
65,89,0.021076103672385216,0.020990613847970963,5.384601536206901e-05,0.3164396584033966,0.0031502293422818184
65,90,0.9378777742385864,0.9166227579116821,0.02038734033703804,8.676466941833496,0.08874617516994476
65,91,0.9025500416755676,0.880123496055603,0.021956127136945724,4.704024314880371,0.3890119194984436
65,92,0.8380466103553772,0.8145702481269836,0.02313528209924698,3.410810708999634,0.6099125146865845
65,93,0.8442583084106445,0.834929347038269,0.009246934205293655,0.8199438452720642,0.203760027885437
65,94,0.39430147409439087,0.3896191716194153,0.00466530118137598,0.16977852582931519,0.09045358002185822
65,95,0.42309102416038513,0.415952205657959,0.006985892541706562,1.5290714502334595,0.11107146739959717
65,96,0.882488489151001,0.8705817461013794,0.011821724474430084,0.8497338891029358,0.14813849329948425
65,97,0.3339981734752655,0.32936355471611023,0.004540288355201483,0.9433115124702454,0.04240739345550537
65,98,0.30140769481658936,0.29805418848991394,0.0032913389150053263,0.6215908527374268,0.02453598380088806
65,99,0.34316566586494446,0.3387932777404785,0.004309140145778656,0.6325472593307495,0.01591462269425392
65,100,0.41848134994506836,0.4133445620536804,0.004996675066649914,1.4008915424346924,0.011965882033109665
66,1,0.25020766258239746,0.24794408679008484,0.002235077554360032,0.2848249673843384,0.04185567423701286
66,2,0.2408897578716278,0.2386554628610611,0.002217578701674938,0.16719023883342743,0.02777229994535446
66,3,0.03237112984061241,0.032115958631038666,0.0002114170347340405,0.4375220239162445,0.004316325299441814
66,4,0.4616096019744873,0.45597806572914124,0.005599270574748516,0.3227020502090454,0.03070347011089325
66,5,0.8864747285842896,0.8803716897964478,0.006051966920495033,0.5106508135795593,0.0640544593334198
66,6,0.8859617114067078,0.8783764243125916,0.007543236017227173,0.42012593150138855,0.08012063801288605
66,7,0.0436699241399765,0.043563827872276306,6.091237810323946e-05,0.4518480598926544,0.002093093004077673
66,8,0.0444861575961113,0.04435357451438904,8.933585195336491e-05,0.43247419595718384,0.003279212862253189
66,9,1.0422730445861816,1.0155545473098755,0.026024363934993744,6.941356658935547,0.48957347869873047
66,10,0.43567803502082825,0.4305054247379303,0.005073952954262495,0.9865922331809998,0.06412386894226074
66,11,0.13311977684497833,0.12926073372364044,0.0038406529929488897,0.18383915722370148,0.06614215672016144
66,12,0.12972860038280487,0.12802889943122864,0.001689583994448185,0.10123464465141296,0.04874280095100403
66,13,0.031989943236112595,0.03187398612499237,9.584217332303524e-05,0.20116716623306274,0.0025567058473825455
66,14,0.617466151714325,0.6060879230499268,0.011168332770466805,2.0986084938049316,0.17099756002426147
66,15,0.7261295914649963,0.7190313339233398,0.007054619491100311,0.43656080961227417,0.07579991221427917
66,16,0.3517986536026001,0.34868213534355164,0.003098099259659648,0.1841992288827896,0.037384871393442154
66,17,0.3326621353626251,0.33046895265579224,0.002177745569497347,0.15443575382232666,0.03503497689962387
66,18,0.013751238584518433,0.013698181137442589,2.6593903385219164e-05,0.26463451981544495,0.0012749485904350877
66,19,0.812140703201294,0.793282151222229,0.0184320118278265,4.265251636505127,0.40689414739608765
66,20,0.1280195266008377,0.12669536471366882,0.001318599097430706,0.05564409866929054,0.0590941458940506
66,21,0.1250375211238861,0.12420808523893356,0.0008248888188973069,0.0454150065779686,0.0518951490521431
66,22,1.0085453987121582,0.9857500791549683,0.022128425538539886,6.6680755615234375,0.167709082365036
66,23,0.019641585648059845,0.0195576511323452,5.611278902506456e-05,0.27821511030197144,0.003792957868427038
66,24,0.045427028089761734,0.04500135779380798,0.00039513682713732123,0.30530935525894165,0.02433641254901886
66,25,0.6740448474884033,0.6686086654663086,0.005391263402998447,0.44929617643356323,0.04825285077095032
66,26,0.19605793058872223,0.19475454092025757,0.0012788245221599936,0.24566955864429474,0.009009229950606823
66,27,0.744269609451294,0.7147479057312012,0.029198812320828438,3.228747606277466,0.10788826644420624
66,28,0.8555808067321777,0.84732586145401,0.008188800886273384,0.6618208289146423,0.10680805146694183
66,29,0.901266872882843,0.8935011625289917,0.007670606952160597,0.9512434005737305,0.14522689580917358
66,30,0.45142853260040283,0.4459388256072998,0.005455869249999523,0.33830130100250244,0.06923679262399673
66,31,0.9392697811126709,0.9134958982467651,0.025401143357157707,3.7278285026550293,0.7113109827041626
66,32,0.8847135901451111,0.8602935075759888,0.024057699367403984,3.624042272567749,0.6886889338493347
66,33,0.03749379888176918,0.03732764720916748,0.00012423217413015664,0.419203519821167,0.0050335293635725975
66,34,0.34956201910972595,0.34693554043769836,0.0026056901551783085,0.2080938220024109,0.01798907481133938
66,35,0.32877713441848755,0.325744092464447,0.003012407338246703,0.20631606876850128,0.013090567663311958
66,36,0.04706498980522156,0.04664956033229828,0.0003716506762430072,0.43780919909477234,0.022697709500789642
66,37,0.6911590099334717,0.6857080459594727,0.005402971524745226,0.47998082637786865,0.06932849436998367
66,38,0.3391820788383484,0.33654776215553284,0.002616179408505559,0.18155108392238617,0.010471144691109657
66,39,0.020941205322742462,0.02085920423269272,4.768839789903723e-05,0.3431212902069092,0.004238549619913101
66,40,0.017608990892767906,0.017552480101585388,2.512745777494274e-05,0.31383994221687317,0.00340401753783226
66,41,0.42839109897613525,0.4250675439834595,0.003298339433968067,0.2521202266216278,0.043239280581474304
66,42,0.4394184947013855,0.43617600202560425,0.0032179937697947025,0.24511848390102386,0.053727470338344574
66,43,0.01879584789276123,0.018711719661951065,4.821638867724687e-05,0.35910889506340027,0.0033038693945854902
66,44,0.44056376814842224,0.4337958097457886,0.006573015358299017,1.949337124824524,0.0649491399526596
66,45,0.0247906856238842,0.02468579262495041,6.834861414972693e-05,0.36546027660369873,0.005885316990315914
66,46,0.2165524661540985,0.21430176496505737,0.002238312503322959,0.12380034476518631,0.04633902385830879
66,47,0.026188118383288383,0.02606627531349659,8.530177728971466e-05,0.36542168259620667,0.006882428657263517
66,48,1.1958494186401367,1.17481529712677,0.020629193633794785,4.049923896789551,0.15831667184829712
66,49,1.2266582250595093,1.205047607421875,0.02118503861129284,4.256120204925537,0.16919401288032532
66,50,1.1682827472686768,1.14474356174469,0.023010559380054474,5.286041736602783,0.19765453040599823
66,51,0.8870011568069458,0.8665347099304199,0.01994583010673523,5.205730438232422,0.38110461831092834
66,52,1.0845286846160889,1.036384105682373,0.04701495170593262,11.296499252319336,0.24763384461402893
66,53,0.23319171369075775,0.22355502843856812,0.00961388647556305,0.22791610658168793,0.28390032052993774
66,54,1.14431631565094,1.1117428541183472,0.03183113783597946,7.423060894012451,0.177751824259758
66,55,0.02346184104681015,0.023392338305711746,3.738396480912343e-05,0.3211929202079773,0.006911178585141897
66,56,0.3652229905128479,0.3627498745918274,0.002465007593855262,0.08120424300432205,0.010205359198153019
66,57,0.04981398209929466,0.049443893134593964,0.0003335149958729744,0.3657468855381012,0.021556004881858826
66,58,0.834925651550293,0.8288105726242065,0.006071973592042923,0.4312172830104828,0.09824938327074051
66,59,0.1243302971124649,0.12335953861474991,0.0009664612007327378,0.04300033673644066,0.029507003724575043
66,60,0.015689559280872345,0.015612869523465633,4.1280924051534384e-05,0.3540923595428467,0.003644658252596855
66,61,1.2523610591888428,1.237504243850708,0.013434245251119137,14.225138664245605,0.15344500541687012
66,62,0.23587097227573395,0.2339671403169632,0.0018873773515224457,0.16448433697223663,0.08363655209541321
66,63,0.031102195382118225,0.030906757339835167,0.00015167260426096618,0.4376479685306549,0.0069755446165800095
66,64,0.3974916636943817,0.3931111693382263,0.004291442222893238,0.890381395816803,0.08765509724617004
66,65,0.02875557355582714,0.028579216450452805,0.00013415972352959216,0.4219856858253479,0.008126193657517433
66,66,0.3562361001968384,0.35152560472488403,0.004661862272769213,0.4862941801548004,0.04198985546827316
66,67,0.9040030837059021,0.8883786201477051,0.015480704605579376,1.437576174736023,0.09887419641017914
66,68,0.02519945427775383,0.02510593645274639,5.9302350564394146e-05,0.342142790555954,0.009585156105458736
66,69,0.451713889837265,0.44790536165237427,0.0035995133221149445,2.090083599090576,0.025724073871970177
66,70,0.9227046370506287,0.9082610011100769,0.01434941217303276,0.9425773024559021,0.07979502528905869
66,71,0.9565065503120422,0.9350724816322327,0.021274806931614876,1.5927691459655762,0.0868668481707573
66,72,0.011518068611621857,0.011450108140707016,5.4290267144097015e-05,0.1366998702287674,0.04454817622900009
66,73,0.020081957802176476,0.01997925341129303,6.666868284810334e-05,0.3603575825691223,0.005389693193137646
66,74,0.6009038090705872,0.5852173566818237,0.015383349731564522,3.0309085845947266,0.26229366660118103
66,75,0.014370475895702839,0.014285101555287838,4.934598473482765e-05,0.36027970910072327,0.002882440108805895
66,76,0.20649129152297974,0.20368921756744385,0.0027731850277632475,0.2889333665370941,0.023699115961790085
66,77,0.324794739484787,0.32311344146728516,0.0016546552069485188,0.2663425803184509,0.055574286729097366
66,78,0.014675074256956577,0.014579210430383682,8.13797814771533e-05,0.14483699202537537,0.07408259809017181
66,79,0.014648054726421833,0.014570513740181923,4.609593452187255e-05,0.31444892287254333,0.0027974997647106647
66,80,0.7888674736022949,0.781012237071991,0.00777093879878521,0.8428105115890503,0.09283129870891571
66,81,0.03716389089822769,0.03694629669189453,0.0001856709277490154,0.3192141354084015,0.01548615749925375
66,82,1.0095123052597046,0.9769270420074463,0.03116515278816223,14.20110034942627,0.11319306492805481
66,83,0.8782376646995544,0.8622229099273682,0.01570652425289154,3.082329034805298,0.07914777100086212
66,84,0.6897665858268738,0.6837036609649658,0.00602643983438611,0.3646373450756073,0.056200891733169556
66,85,0.8337982296943665,0.8204475045204163,0.01267680712044239,6.738993167877197,0.30991584062576294
66,86,1.1220347881317139,1.0708088874816895,0.049829091876745224,13.967486381530762,0.18880711495876312
66,87,0.34454092383384705,0.34168973565101624,0.002784439828246832,0.6675461530685425,0.024915892630815506
66,88,0.9475389719009399,0.9025365114212036,0.04418565332889557,8.168352127075195,0.5194380879402161
66,89,0.012037709355354309,0.011971733532845974,5.2252864406909794e-05,0.13722938299179077,0.05984260141849518
66,90,0.4324893355369568,0.42823517322540283,0.0041596489027142525,0.9451315402984619,0.057079561054706573
66,91,0.5897436141967773,0.5818432569503784,0.007779557723551989,1.2079647779464722,0.28872090578079224
66,92,0.8912038207054138,0.8759193420410156,0.014945482835173607,3.3894269466400146,0.41251280903816223
66,93,0.5875479578971863,0.5832681655883789,0.004169856198132038,1.0993999242782593,0.2690964937210083
66,94,0.8671020269393921,0.8599268794059753,0.007124684751033783,0.5045841336250305,0.16310718655586243
66,95,0.4286971092224121,0.42349445819854736,0.005182291381061077,0.2036515176296234,0.0668477714061737
66,96,0.7989029884338379,0.7843106985092163,0.014185961335897446,4.063002586364746,0.3226456642150879
66,97,0.021972864866256714,0.02189667336642742,4.538092980510555e-05,0.3080952763557434,0.003945769276469946
66,98,0.8610593676567078,0.8551223874092102,0.005881700664758682,0.5524815917015076,0.09453415870666504
66,99,0.43026185035705566,0.424368679523468,0.005867422092705965,0.2574775815010071,0.047917626798152924
66,100,1.060059905052185,1.038723349571228,0.020909417420625687,4.270731449127197,0.1489018201828003
67,1,1.1537855863571167,1.129950761795044,0.023264091461896896,5.707754611968994,0.17709973454475403
67,2,0.857243537902832,0.849969208240509,0.007217704318463802,0.5663496851921082,0.12133806943893433
67,3,0.8800167441368103,0.8697381019592285,0.010209158062934875,0.694762647151947,0.12831324338912964
67,4,0.9134693741798401,0.9029619693756104,0.010412411764264107,0.9498838782310486,0.14005796611309052
67,5,0.36628204584121704,0.3629666268825531,0.0033037487883120775,0.116771399974823,0.04092349112033844
67,6,0.18551990389823914,0.18324604630470276,0.002242117188870907,0.31743842363357544,0.01297370158135891
67,7,0.7921817898750305,0.7729415893554688,0.018776999786496162,4.632071495056152,0.3495345413684845
67,8,0.02501397579908371,0.024875080212950706,0.00010315004328731447,0.3574535846710205,0.005269139539450407
67,9,0.8335199952125549,0.8123905658721924,0.02058812603354454,5.413316249847412,0.3390047550201416
67,10,0.03930582478642464,0.03896474838256836,0.0003043204778805375,0.3675626814365387,0.015687856823205948
67,11,0.9172808527946472,0.9096053242683411,0.007616156246513128,0.5937999486923218,0.08080102503299713
67,12,0.0423952117562294,0.0420498326420784,0.00030816905200481415,0.3720645606517792,0.018342196941375732
67,13,0.9156801700592041,0.9096479415893555,0.00598172377794981,0.5045881867408752,0.0888124331831932
67,14,0.4915500581264496,0.4809185862541199,0.010407432913780212,2.240161895751953,0.05795943737030029
67,15,0.28788235783576965,0.27223852276802063,0.01563411019742489,0.0972280353307724,0.04436464235186577
67,16,0.4663892686367035,0.4590686857700348,0.0072787669487297535,0.41805556416511536,0.06400942802429199
67,17,0.38227808475494385,0.3774343729019165,0.004739674739539623,1.040442943572998,0.04977196455001831
67,18,0.37745267152786255,0.37391334772109985,0.003519820049405098,0.19502104818820953,0.03461108356714249
67,19,0.2361907809972763,0.2331373393535614,0.003034149296581745,0.1929376870393753,0.05982689931988716
67,20,1.0052512884140015,0.9787819981575012,0.02582196146249771,6.473496913909912,0.21293440461158752
67,21,0.009695673361420631,0.0037272335030138493,0.005968250334262848,0.0018988220253959298,0.0025584024842828512
67,22,0.3532254993915558,0.34944841265678406,0.0037472699768841267,0.2981627881526947,0.020755115896463394
67,23,0.9839474558830261,0.9530356526374817,0.029847269877791405,10.645686149597168,0.1048097014427185
67,24,0.012568121775984764,0.012504929676651955,5.0440834456821904e-05,0.12751485407352448,0.04356255382299423
67,25,0.01844838820397854,0.01837039738893509,4.8235255235340446e-05,0.2975567877292633,0.0046941437758505344
67,26,0.19500324130058289,0.19344502687454224,0.0015319980448111892,0.2621432840824127,0.004353316966444254
67,27,0.9379009008407593,0.9216489791870117,0.016130661591887474,1.2123748064041138,0.12611696124076843
67,28,0.012430835515260696,0.01232567336410284,9.048148058354855e-05,0.14680582284927368,0.0567614771425724
67,29,0.3354395627975464,0.3330591320991516,0.002330900402739644,0.49518629908561707,0.04343986511230469
67,30,0.3955165445804596,0.39028507471084595,0.005098847672343254,1.326319932937622,0.05020405352115631
67,31,0.017016179859638214,0.0169328972697258,4.673520743381232e-05,0.3654631972312927,0.002580308821052313
67,32,0.13689255714416504,0.1343243420124054,0.0025475118309259415,0.20691519975662231,0.1269296258687973
67,33,0.027516039088368416,0.02736712619662285,0.00011213702237000689,0.36775147914886475,0.007325333543121815
67,34,0.9425233006477356,0.9322112798690796,0.010219297371804714,0.9273059964179993,0.10897161066532135
67,35,0.1263902187347412,0.12535689771175385,0.0010290825739502907,0.042314015328884125,0.02572808228433132
67,36,0.7228367924690247,0.6975439786911011,0.024896780028939247,3.96042799949646,0.10815267264842987
67,37,0.8929892778396606,0.8846853375434875,0.007798695005476475,5.052462577819824,0.0965263694524765
67,38,1.1466044187545776,1.1192712783813477,0.026786593720316887,5.466125965118408,0.1633434146642685
67,39,0.12765465676784515,0.12675265967845917,0.0008982302970252931,0.03772218897938728,0.023047056049108505
67,40,0.45322999358177185,0.4469303786754608,0.006158224307000637,1.4137521982192993,0.03159470483660698
67,41,0.011592878960072994,0.011521905660629272,5.7491321058478206e-05,0.13481785356998444,0.05334203690290451
67,42,0.04249320924282074,0.04218317195773125,0.0002755585592240095,0.3447832763195038,0.018677199259400368
67,43,0.6798549294471741,0.6598890423774719,0.019673865288496017,2.9202980995178223,0.33852875232696533
67,44,0.3838311433792114,0.38055485486984253,0.003264443948864937,0.11820714175701141,0.030526068061590195
67,45,0.02519376203417778,0.025068052113056183,9.569792018737644e-05,0.3001275062561035,0.0061662583611905575
67,46,0.22630751132965088,0.2248484194278717,0.0014490927569568157,0.09997081756591797,0.04011759161949158
67,47,0.5961559414863586,0.587618350982666,0.00838433112949133,1.5325486660003662,0.26048797369003296
67,48,0.12451698631048203,0.1237405389547348,0.0007718639099039137,0.045831650495529175,0.0312124602496624
67,49,0.045667652040719986,0.045197635889053345,0.0004379771708045155,0.32038214802742004,0.0203007273375988
67,50,0.18900157511234283,0.18752197921276093,0.001457243226468563,0.22354386746883392,0.009529205039143562
67,51,0.12746083736419678,0.12465835362672806,0.0027926103211939335,0.09873077273368835,0.07133953273296356
67,52,0.015509366989135742,0.015438571572303772,4.281037035980262e-05,0.27985337376594543,0.0022942698560655117
67,53,0.8613207340240479,0.8514314889907837,0.009428450837731361,4.607765197753906,0.41669851541519165
67,54,0.6523040533065796,0.6414440870285034,0.010647688060998917,2.1227738857269287,0.31314727663993835
67,55,0.014252335764467716,0.014176457189023495,4.394465213408694e-05,0.319339394569397,0.0019494998268783092
67,56,0.8074705004692078,0.7865999341011047,0.0203420240432024,5.284886360168457,0.42656198143959045
67,57,0.43953579664230347,0.43521493673324585,0.004273761063814163,0.4707978367805481,0.044444553554058075
67,58,0.7545246481895447,0.7467674016952515,0.007675196044147015,0.820874035358429,0.0908522829413414
67,59,0.8148256540298462,0.7856740951538086,0.028535019606351852,6.165408134460449,0.38075190782546997
67,60,0.32580041885375977,0.32265156507492065,0.0031199483200907707,0.2891753315925598,0.029939118772745132
67,61,0.9914778470993042,0.9825029373168945,0.008733130060136318,2.417569875717163,0.14068207144737244
67,62,0.22900764644145966,0.21986126899719238,0.009128856472671032,0.17530833184719086,0.23004943132400513
67,63,0.859947919845581,0.848345160484314,0.011496997438371181,1.0571469068527222,0.08914190530776978
67,64,0.3869558870792389,0.3840782642364502,0.00285974214784801,0.17868207395076752,0.03445178270339966
67,65,0.39341646432876587,0.39069032669067383,0.002709766384214163,0.1636514812707901,0.025716770440340042
67,66,0.017608242109417915,0.01752643845975399,4.793548578163609e-05,0.33868443965911865,0.002283321227878332
67,67,0.9195890426635742,0.8963103294372559,0.022689945995807648,5.887694835662842,0.36589348316192627
67,68,0.121024489402771,0.11888209730386734,0.002128541935235262,0.13852864503860474,0.08632175624370575
67,69,0.013079337775707245,0.01299276016652584,7.154219929361716e-05,0.15035170316696167,0.05508536100387573
67,70,0.8698668479919434,0.8617008924484253,0.0081225810572505,0.4341076612472534,0.08939291536808014
67,71,0.04163893312215805,0.04119141027331352,0.00041209562914445996,0.3542601466178894,0.0173703171312809
67,72,0.01267247460782528,0.012512906454503536,0.00014509691391140223,0.14471256732940674,0.055274926126003265
67,73,0.3728240430355072,0.3703456223011017,0.002466455800458789,0.11961483210325241,0.01831435039639473
67,74,0.4350276291370392,0.4294036626815796,0.0055283308029174805,0.9562358856201172,0.04297197610139847
67,75,0.8603532910346985,0.8346737623214722,0.024885214865207672,7.942723274230957,0.41626906394958496
67,76,0.6994593143463135,0.6917059421539307,0.007694753352552652,0.585974931716919,0.06735798716545105
67,77,0.01892353966832161,0.016253303736448288,0.0026696287095546722,0.006065059453248978,0.0018936829874292016
67,78,0.18707363307476044,0.185524582862854,0.001532232970930636,0.16829314827919006,0.01202954351902008
67,79,0.04204873368144035,0.04157142713665962,0.00044405064545571804,0.33257409930229187,0.019845619797706604
67,80,0.9188449382781982,0.9053174257278442,0.013353944756090641,1.7358609437942505,0.12953142821788788
67,81,0.11549801379442215,0.1143263429403305,0.0011613997630774975,0.10271251201629639,0.03861555829644203
67,82,0.8734608292579651,0.8673809766769409,0.006046724040061235,0.33151745796203613,0.08095156401395798
67,83,0.10297263413667679,0.10211993008852005,0.0008500435505993664,0.026567693799734116,0.019356850534677505
67,84,0.39172759652137756,0.388388991355896,0.003316328627988696,0.22249850630760193,0.04117114096879959
67,85,0.3917422890663147,0.3891509175300598,0.0025611810851842165,0.3019237220287323,0.042652569711208344
67,86,0.026127850636839867,0.025994665920734406,9.590426634531468e-05,0.37281107902526855,0.0056944978423416615
67,87,0.46033933758735657,0.45356485247612,0.00672714039683342,0.47352343797683716,0.07445241510868073
67,88,0.8872454166412354,0.8623275756835938,0.02423601597547531,6.818312168121338,0.415261447429657
67,89,0.41619497537612915,0.41354480385780334,0.0026311390101909637,0.19057372212409973,0.02556738629937172
67,90,0.024636751040816307,0.02449677884578705,0.00010606779687805101,0.33903196454048157,0.008112344890832901
67,91,0.20835959911346436,0.20533165335655212,0.002991866786032915,0.36080870032310486,0.011913374997675419
67,92,0.04185876250267029,0.04132983088493347,0.0004930311697535217,0.3590245544910431,0.02084057591855526
67,93,0.4443798065185547,0.44146764278411865,0.002775793196633458,1.363829493522644,0.04114564508199692
67,94,0.0438738614320755,0.04328544810414314,0.000548032287042588,0.403828889131546,0.024125948548316956
67,95,0.12289254367351532,0.1220596432685852,0.0008285586955025792,0.04346373677253723,0.041885193437337875
67,96,0.34354454278945923,0.34072190523147583,0.0028029424138367176,0.1969783902168274,0.016921760514378548
67,97,0.4450094699859619,0.4385470449924469,0.00630524754524231,1.5716825723648071,0.04882018268108368
67,98,0.3381710350513458,0.3354087769985199,0.002741639269515872,0.2062879204750061,0.019724566489458084
67,99,0.2047315090894699,0.20186464488506317,0.002834802959114313,0.32074421644210815,0.019953124225139618
67,100,0.31606900691986084,0.3134582042694092,0.0025835800915956497,0.27218642830848694,0.05122101306915283
68,1,0.013998165726661682,0.013915255665779114,4.905215973849408e-05,0.33858469128608704,0.0023525527212768793
68,2,0.7939156293869019,0.7766879200935364,0.016874469816684723,3.5324463844299316,0.43864041566848755
68,3,0.41854873299598694,0.4103466272354126,0.00810975395143032,0.9236270189285278,0.04100482910871506
68,4,0.026654379442334175,0.02653176710009575,8.799653733149171e-05,0.3461504280567169,0.007616040296852589
68,5,0.9140969514846802,0.9077950119972229,0.006246193777769804,0.55732262134552,0.0772084891796112
68,6,0.22256778180599213,0.2207929939031601,0.0017625668551772833,0.12222971022129059,0.03746171295642853
68,7,0.043686848133802414,0.043259043246507645,0.0003904711629729718,0.37333235144615173,0.020877819508314133
68,8,0.010820400901138783,0.010750647634267807,5.3134222980588675e-05,0.1661943793296814,0.05406149476766586
68,9,0.190856471657753,0.1890907883644104,0.0017365930834785104,0.29090285301208496,0.01072766911238432
68,10,0.9280489683151245,0.9037812948226929,0.023270530626177788,9.97142219543457,0.107015460729599
68,11,0.12373150140047073,0.12057622522115707,0.003141431137919426,0.13846062123775482,0.10582235455513
68,12,0.3648656904697418,0.3614826202392578,0.0033685185480862856,0.1455019861459732,0.023118095472455025
68,13,0.18244171142578125,0.18117395043373108,0.0012493121903389692,0.18444430828094482,0.01006814744323492
68,14,0.019312266260385513,0.01920599862933159,7.047445978969336e-05,0.35791870951652527,0.003361277049407363
68,15,0.12187591195106506,0.1197827011346817,0.0020791487768292427,0.1406005471944809,0.081654854118824
68,16,0.024916421622037888,0.02477020025253296,0.00011240018648095429,0.33822327852249146,0.0066316863521933556
68,17,0.7751800417900085,0.7666840553283691,0.00841146893799305,0.8450080156326294,0.09202535450458527
68,18,0.2185954600572586,0.2171684354543686,0.001414507976733148,0.12523406744003296,0.046901095658540726
68,19,0.9239862561225891,0.8907405734062195,0.03219643235206604,10.491995811462402,0.12542499601840973
68,20,0.11996765434741974,0.11912298202514648,0.0008399604703299701,0.04705800861120224,0.03568461537361145
68,21,0.44805628061294556,0.4432373642921448,0.004778697155416012,0.4024563431739807,0.05012758821249008
68,22,0.6066154837608337,0.5941156148910522,0.012258565053343773,2.41265606880188,0.25489264726638794
68,23,0.047838810831308365,0.036435164511203766,0.011399975046515465,0.03667925298213959,0.0055567678064107895
68,24,0.011957623064517975,0.011865808628499508,7.579740486107767e-05,0.16016742587089539,0.06427915394306183
68,25,0.01134419720619917,0.011276181787252426,5.188876821193844e-05,0.16126830875873566,0.06763096153736115
68,26,0.025460025295615196,0.02533682808279991,8.762151992414147e-05,0.35576847195625305,0.0056999363005161285
68,27,0.19210407137870789,0.19010832905769348,0.001968726050108671,0.2700847387313843,0.008589719422161579
68,28,0.9059461951255798,0.8932558298110962,0.012594979256391525,0.953953206539154,0.14792485535144806
68,29,0.39952969551086426,0.3968844413757324,0.002597857266664505,0.47394701838493347,0.02301955036818981
68,30,0.9232629537582397,0.9097662568092346,0.013233153149485588,2.6359570026397705,0.11007539927959442
68,31,0.4303525388240814,0.42445266246795654,0.0058691189624369144,0.30765485763549805,0.05260560289025307
68,32,0.8577975630760193,0.8485915660858154,0.009140213951468468,0.6580257415771484,0.11860962212085724
68,33,0.4035234749317169,0.4008442461490631,0.0026589573826640844,0.2027544230222702,0.02203936129808426
68,34,0.19557902216911316,0.19409401714801788,0.001462998567149043,0.22005651891231537,0.008746996521949768
68,35,0.6858689188957214,0.6776332855224609,0.008146397769451141,0.8920990824699402,0.07622694224119186
68,36,0.7709733843803406,0.7623631954193115,0.008548812940716743,0.6140512228012085,0.10311329364776611
68,37,0.6841228008270264,0.6789718866348267,0.005080829374492168,0.7010195851325989,0.08903777599334717
68,38,0.01912643015384674,0.019027210772037506,6.265622505452484e-05,0.3656453490257263,0.0031177985947579145
68,39,0.4577389657497406,0.45157620310783386,0.006120830774307251,0.4194333553314209,0.06180785223841667
68,40,0.41837596893310547,0.41281551122665405,0.005459836684167385,1.006131887435913,0.040670327842235565
68,41,0.19487600028514862,0.19309283792972565,0.0017598052509129047,0.2335250973701477,0.010109136812388897
68,42,0.8661539554595947,0.8419138789176941,0.02362368069589138,6.163431644439697,0.36897701025009155
68,43,0.9132521152496338,0.9034276008605957,0.009747393429279327,0.7714213728904724,0.08566111326217651
68,44,0.3372771143913269,0.3335666060447693,0.0036807418800890446,0.2976447343826294,0.0151692945510149
68,45,0.3295511305332184,0.327322393655777,0.0021811742335557938,0.47568655014038086,0.034459106624126434
68,46,0.4381040632724762,0.4314112961292267,0.006553612183779478,1.3914084434509277,0.05051251873373985
68,47,0.8401097059249878,0.8167629837989807,0.022686980664730072,6.597699165344238,0.42126157879829407
68,48,0.11909737437963486,0.11734546720981598,0.0017393368761986494,0.12566134333610535,0.08409480005502701
68,49,1.1901226043701172,1.1500897407531738,0.03865313529968262,13.79702377319336,0.19883568584918976
68,50,0.013450226746499538,0.013381728902459145,3.4346256143180653e-05,0.34151691198349,0.002808181568980217
68,51,0.31527772545814514,0.3120768070220947,0.0031616673804819584,0.39253368973731995,0.03815635293722153
68,52,0.23714596033096313,0.2353995144367218,0.0017318876925855875,0.14557312428951263,0.0499589703977108
68,53,0.34000569581985474,0.33756035566329956,0.0023801634088158607,0.6518828272819519,0.04234537482261658
68,54,0.3395945131778717,0.33600977063179016,0.003553546965122223,0.31215694546699524,0.015346871688961983
68,55,0.12247788161039352,0.12156079709529877,0.0009120674803853035,0.05016331747174263,0.045384254306554794
68,56,0.019922005012631416,0.019807931035757065,7.569775334559381e-05,0.3837518095970154,0.0030030859634280205
68,57,0.3805921971797943,0.3775880038738251,0.002987166866660118,0.17008374631404877,0.024435199797153473
68,58,0.9184117317199707,0.9099030494689941,0.008445657789707184,0.6300069093704224,0.09144596755504608
68,59,0.1789262443780899,0.1768205761909485,0.0020826919935643673,0.22971463203430176,0.01411140151321888
68,60,1.0084624290466309,0.9874868392944336,0.020657144486904144,3.1841278076171875,0.14176800847053528
68,61,0.12313690036535263,0.1223258525133133,0.0008057983359321952,0.05248988792300224,0.03734458237886429
68,62,0.3437686562538147,0.33984723687171936,0.0038858894258737564,0.3552458882331848,0.02415601722896099
68,63,0.6226456761360168,0.6089626550674438,0.013392915949225426,2.901252031326294,0.21323633193969727
68,64,0.5978570580482483,0.5865575075149536,0.01106327772140503,2.3629090785980225,0.22657527029514313
68,65,0.19653449952602386,0.1949709951877594,0.0015396066009998322,0.23900817334651947,0.009573793038725853
68,66,0.8684317469596863,0.8498808145523071,0.01806619018316269,4.847836494445801,0.4582805633544922
68,67,0.9410930871963501,0.9101021885871887,0.030238403007388115,7.525261402130127,0.12910252809524536
68,68,0.8673858046531677,0.8582013249397278,0.009106798097491264,0.7768226265907288,0.11872982233762741
68,69,1.0333490371704102,1.0187294483184814,0.013962799683213234,6.568357467651367,0.5422125458717346
68,70,0.33912771940231323,0.3354492485523224,0.003582780249416828,0.9570012092590332,0.04247365891933441
68,71,0.322404146194458,0.31937891244888306,0.00298982672393322,0.3541516661643982,0.04390177130699158
68,72,1.1696767807006836,1.134033203125,0.034675538539886475,9.68038272857666,0.21794284880161285
68,73,0.6287405490875244,0.6160076856613159,0.012482049874961376,2.5083227157592773,0.3029286861419678
68,74,0.852996289730072,0.8452633023262024,0.007670756429433823,0.6225354075431824,0.14311254024505615
68,75,0.038900088518857956,0.03855538368225098,0.00030777143547311425,0.3693196177482605,0.018312277272343636
68,76,0.41571009159088135,0.41194283962249756,0.0036807325668632984,0.865161657333374,0.03494757413864136
68,77,0.4355672597885132,0.4332260191440582,0.0023076431825757027,0.3358631730079651,0.027849413454532623
68,78,0.1847647726535797,0.18346938490867615,0.0012784512946382165,0.16935507953166962,0.009998936206102371
68,79,0.015384402126073837,0.015310781076550484,3.902610478689894e-05,0.3459535241127014,0.0023005767725408077
68,80,0.6864798665046692,0.6801393032073975,0.006298989988863468,0.41526132822036743,0.06401778757572174
68,81,1.1881803274154663,1.1683416366577148,0.019423604011535645,4.151261329650879,0.13694635033607483
68,82,0.3293624520301819,0.32643863558769226,0.0028880233876407146,0.35805144906044006,0.06528183072805405
68,83,0.18790704011917114,0.18555065989494324,0.0023339553736150265,0.22432619333267212,0.022908350452780724
68,84,0.41149383783340454,0.4068352282047272,0.004542150534689426,1.164642095565796,0.07767537236213684
68,85,0.4349771738052368,0.4317925274372101,0.0030762404203414917,1.0843462944030762,0.06277073174715042
68,86,0.041250426322221756,0.04088757932186127,0.0003263546386733651,0.3649135231971741,0.019449405372142792
68,87,1.0949528217315674,1.0706257820129395,0.023661140352487564,6.659268856048584,0.17212751507759094
68,88,0.03108183853328228,0.030975157395005226,7.590683526359499e-05,0.3077508211135864,0.012466870248317719
68,89,0.8468313217163086,0.8256758451461792,0.020639128983020782,5.163796901702881,0.4748203158378601
68,90,0.94502854347229,0.926692545413971,0.017825299873948097,5.106841564178467,0.13824987411499023
68,91,0.03164948523044586,0.03155122697353363,6.638973718509078e-05,0.3186970055103302,0.010700042359530926
68,92,0.1457139253616333,0.14398083090782166,0.0017174410168081522,0.15639381110668182,0.04800206422805786
68,93,0.4269372820854187,0.42408305406570435,0.0027285045944154263,1.2574973106384277,0.025693535804748535
68,94,0.7342000603675842,0.7280372381210327,0.006098460406064987,0.6436452865600586,0.08764230459928513
68,95,0.9183871150016785,0.89696204662323,0.02098694071173668,4.381653785705566,0.5726184844970703
68,96,0.3702121675014496,0.36433857679367065,0.00579470070078969,0.7888240218162537,0.0914490818977356
68,97,0.8888982534408569,0.8808220624923706,0.008004692383110523,0.7150475382804871,0.20753717422485352
68,98,0.39671680331230164,0.3920310139656067,0.004655732307583094,0.30068808794021606,0.07790984213352203
68,99,0.4397379457950592,0.4287818670272827,0.01079777255654335,1.5829710960388184,0.07189381122589111
68,100,1.150972843170166,1.131831169128418,0.01866861619055271,4.730157852172852,0.1384829878807068
69,1,0.854195237159729,0.8376048803329468,0.016252530738711357,3.3784663677215576,0.464519202709198
69,2,0.8278780579566956,0.82193523645401,0.005913926754146814,0.28887543082237244,0.06454095989465714
69,3,0.0290145855396986,0.028858866542577744,0.00011601253936532885,0.39706453680992126,0.012955690734088421
69,4,0.725153923034668,0.7166637182235718,0.008408604189753532,0.8162540197372437,0.04832250252366066
69,5,0.837878942489624,0.8220981359481812,0.015151657164096832,6.291135311126709,0.4477989077568054
69,6,0.9664256572723389,0.9514151811599731,0.01477560494095087,2.3482937812805176,0.12589001655578613
69,7,0.8705069422721863,0.8415842652320862,0.02845037542283535,4.723355770111084,0.5693597197532654
69,8,0.02567238360643387,0.02552689239382744,0.00010512601875234395,0.40366247296333313,0.012080992572009563
69,9,0.015198980458080769,0.015115063637495041,4.4396503653842956e-05,0.3952113389968872,0.0047393981367349625
69,10,0.1183423101902008,0.11694331467151642,0.0013870549155399203,0.11942864954471588,0.04395155608654022
69,11,0.02563764527440071,0.02543448470532894,0.00016032764688134193,0.42833560705184937,0.009304225444793701
69,12,0.013778986409306526,0.013693524524569511,6.651013973169029e-05,0.1895160675048828,0.08865683525800705
69,13,0.1280238926410675,0.1270889937877655,0.0009292009053751826,0.05687633901834488,0.04592925310134888
69,14,0.9254785776138306,0.9074620604515076,0.01770334504544735,3.1315793991088867,0.7042455077171326
69,15,0.12509703636169434,0.12350636720657349,0.001577695133164525,0.1297769695520401,0.08531966060400009
69,16,0.37783539295196533,0.3743295967578888,0.003483507549390197,0.2229585200548172,0.010544550605118275
69,17,0.3918217420578003,0.38836151361465454,0.003388000186532736,0.7224457859992981,0.02094414085149765
69,18,0.13529932498931885,0.13341662287712097,0.0018623634241521358,0.20339158177375793,0.10200271755456924
69,19,0.8987987637519836,0.873500645160675,0.024953335523605347,3.44810152053833,0.5684432983398438
69,20,0.6588317155838013,0.6467517018318176,0.011707838624715805,3.7219314575195312,0.2901514172554016
69,21,0.907298743724823,0.9006195664405823,0.006603810004889965,0.7532240152359009,0.11094479262828827
69,22,0.6957620978355408,0.6886952519416809,0.007000813726335764,0.6602956652641296,0.08782976120710373
69,23,0.8000308871269226,0.7795116901397705,0.020035583525896072,4.836165428161621,0.30959033966064453
69,24,0.814486563205719,0.7899509072303772,0.024120308458805084,4.153408050537109,0.4608639180660248
69,25,0.9443303346633911,0.933133602142334,0.011024746112525463,1.7193422317504883,0.1398223340511322
69,26,0.21340925991535187,0.21109187602996826,0.00226990575902164,0.47468698024749756,0.007446310482919216
69,27,0.6868599653244019,0.6771993637084961,0.00958501361310482,0.7555837035179138,0.09434312582015991
69,28,0.045829351991415024,0.045179836452007294,0.000601688283495605,0.4782857298851013,0.021544890478253365
69,29,0.43409785628318787,0.4293481111526489,0.00471622496843338,0.3351336121559143,0.060878295451402664
69,30,0.31350189447402954,0.31044793128967285,0.0030178651213645935,0.3608761727809906,0.04014284908771515
69,31,0.38081735372543335,0.3759062588214874,0.004803171381354332,1.0792051553726196,0.04433050751686096
69,32,0.13271702826023102,0.1315646469593048,0.0011449959129095078,0.07396243512630463,0.0699707567691803
69,33,0.0022151265293359756,0.0021953219547867775,2.841402192643727e-06,0.16963177919387817,0.08605149388313293
69,34,0.8518989682197571,0.8312217593193054,0.020131921395659447,5.452483177185059,0.3873029351234436
69,35,0.3771694302558899,0.3741350769996643,0.0030211065895855427,0.1324378103017807,0.019616391509771347
69,36,0.718254029750824,0.7103777527809143,0.007828522473573685,0.47727781534194946,0.08445806801319122
69,37,1.164559006690979,1.1521278619766235,0.01197953149676323,4.515417575836182,0.14786778390407562
69,38,0.3298293650150299,0.3266788721084595,0.003098053392022848,0.5246689319610596,0.029560651630163193
69,39,0.945219874382019,0.9328789710998535,0.012261335738003254,0.7954822778701782,0.10115610063076019
69,40,0.9063220024108887,0.8886944055557251,0.017358586192131042,2.6896984577178955,0.10082697868347168
69,41,0.340508371591568,0.3381490111351013,0.002342552412301302,0.1682080179452896,0.015612715855240822
69,42,0.12188589572906494,0.12114591896533966,0.0007350231753662229,0.04953739419579506,0.04995043948292732
69,43,0.3594481348991394,0.3564106225967407,0.0030216998420655727,0.1582532376050949,0.01700442098081112
69,44,0.9377815127372742,0.9265849590301514,0.011093830689787865,1.0272819995880127,0.1310361623764038
69,45,0.042359791696071625,0.04197313264012337,0.0003497587749734521,0.36898115277290344,0.015845119953155518
69,46,0.9560419321060181,0.9351894855499268,0.02021697163581848,6.354803562164307,0.10956167429685593
69,47,0.37104812264442444,0.36804163455963135,0.0029869272839277983,0.19550533592700958,0.02553759515285492
69,48,0.35329103469848633,0.3500511348247528,0.003213842399418354,0.2605378031730652,0.014985512010753155
69,49,0.614459216594696,0.6034718155860901,0.010767661035060883,2.197917938232422,0.2461605668067932
69,50,0.3638108968734741,0.36175721883773804,0.002044843742623925,0.08827542513608932,0.020015286281704903
69,51,0.043833713978528976,0.04307756945490837,0.0007192799239419401,0.36864063143730164,0.02130008488893509
69,52,0.8552041053771973,0.8472915887832642,0.00787549838423729,0.37002623081207275,0.09275135397911072
69,53,0.41548407077789307,0.41138991713523865,0.004060532432049513,0.3362559378147125,0.04855801910161972
69,54,1.2204148769378662,1.1872817277908325,0.03244839608669281,6.847787857055664,0.19391505420207977
69,55,0.12992273271083832,0.12749123573303223,0.002415057271718979,0.16433405876159668,0.09706799685955048
69,56,1.1209335327148438,1.095093011856079,0.025331512093544006,5.090019226074219,0.19140106439590454
69,57,0.21986882388591766,0.2187252938747406,0.001133706420660019,0.0982154980301857,0.03474622219800949
69,58,0.4362089931964874,0.4326142966747284,0.0035660257562994957,0.28663235902786255,0.04779903218150139
69,59,0.8913745284080505,0.8847237825393677,0.0066170720383524895,0.3367622196674347,0.08692934364080429
69,60,0.34296271204948425,0.3397442102432251,0.0031712327618151903,0.4725857973098755,0.03415386378765106
69,61,0.01401493325829506,0.013954692520201206,3.0437829991569743e-05,0.29803264141082764,0.0017824884271249175
69,62,0.013311135582625866,0.013247795403003693,3.2868942071218044e-05,0.3047063946723938,0.001541988691315055
69,63,0.013108811341226101,0.01299345027655363,0.00010103948443429545,0.1432202160358429,0.06901150941848755
69,64,0.6529406309127808,0.6428216695785522,0.009918460622429848,2.0048797130584717,0.2916189730167389
69,65,0.8362065553665161,0.8214461803436279,0.014390453696250916,3.698911666870117,0.32428455352783203
69,66,0.026155516505241394,0.02600827068090439,0.00011263784836046398,0.3460845351219177,0.006582614034414291
69,67,0.43871837854385376,0.43183189630508423,0.006801416166126728,0.850554347038269,0.05115220695734024
69,68,0.12144765257835388,0.12081789970397949,0.000625185202807188,0.04569254443049431,0.03591807186603546
69,69,0.41921186447143555,0.41665613651275635,0.002428676700219512,1.2704002857208252,0.031600579619407654
69,70,1.0170292854309082,0.9889177083969116,0.02713213674724102,9.79422664642334,0.17573097348213196
69,71,0.3651084303855896,0.3620331287384033,0.003063586074858904,0.11705755442380905,0.015375708229839802
69,72,0.8781185150146484,0.8678374886512756,0.010188175365328789,0.928659975528717,0.1266152709722519
69,73,0.190031960606575,0.18862268328666687,0.0013812169199809432,0.2805227041244507,0.00929972156882286
69,74,1.0026066303253174,0.983312726020813,0.018738195300102234,5.55801248550415,0.17931142449378967
69,75,0.011754913255572319,0.011666432954370975,7.219320832518861e-05,0.16287147998809814,0.05301196128129959
69,76,0.040717609226703644,0.04013358801603317,0.0005445058341138065,0.3951539099216461,0.024288538843393326
69,77,0.23274552822113037,0.23114359378814697,0.001582742901518941,0.19193895161151886,0.05444253608584404
69,78,1.0002652406692505,0.9788273572921753,0.020649367943406105,7.884903907775879,0.11551357805728912
69,79,0.9613185524940491,0.9325993061065674,0.02779371663928032,9.255280494689941,0.10379259288311005
69,80,1.097102403640747,1.0586497783660889,0.03736680746078491,10.857528686523438,0.16573503613471985
69,81,0.9920092225074768,0.9624577164649963,0.0283447727560997,12.067697525024414,0.11638913303613663
69,82,0.01232351828366518,0.012212464585900307,9.272039460483938e-05,0.18333257734775543,0.06330302357673645
69,83,0.014117610640823841,0.014023631811141968,5.3556250350084156e-05,0.4042235314846039,0.0027561765164136887
69,84,0.1257367879152298,0.12191075086593628,0.0038043223321437836,0.217070534825325,0.11273111402988434
69,85,0.3833557665348053,0.380623996257782,0.002707525622099638,0.2425919771194458,0.02619481086730957
69,86,0.025895413011312485,0.02572157233953476,0.0001356951834168285,0.38145163655281067,0.008559261448681355
69,87,0.1284390091896057,0.12738309800624847,0.001049916259944439,0.059906259179115295,0.04199111461639404
69,88,0.44451531767845154,0.4380802512168884,0.006198945455253124,2.3612165451049805,0.041386254131793976
69,89,0.13452328741550446,0.13186787068843842,0.002629792084917426,0.256346195936203,0.09537871181964874
69,90,0.42268070578575134,0.41478875279426575,0.007721133530139923,1.7081961631774902,0.036864131689071655
69,91,0.10559489578008652,0.10468985140323639,0.0009015245013870299,0.035170238465070724,0.013627193868160248
69,92,0.9136981964111328,0.9015755653381348,0.011992784217000008,1.298080563545227,0.15060293674468994
69,93,1.143687129020691,1.123549222946167,0.019284989684820175,8.52917766571045,0.1692388355731964
69,94,0.6002118587493896,0.5852192640304565,0.014757998287677765,2.346153974533081,0.28639382123947144
69,95,0.8679763674736023,0.8581253290176392,0.009760990738868713,0.9003742933273315,0.1438187211751938
69,96,0.017622796818614006,0.01754876784980297,4.1885934479068965e-05,0.3214411437511444,0.0010322933085262775
69,97,0.37816160917282104,0.3759000301361084,0.0022511205170303583,0.1046539917588234,0.03320310264825821
69,98,0.8417600989341736,0.8349343538284302,0.006759381853044033,0.6635711789131165,0.10546864569187164
69,99,0.011723507195711136,0.01163469534367323,7.726215699221939e-05,0.11549399793148041,0.05225541442632675
69,100,0.025300901383161545,0.025178153067827225,9.371044870931655e-05,0.29037895798683167,0.005033469758927822
70,1,0.025350645184516907,0.025236058980226517,8.586057811044157e-05,0.28725430369377136,0.005419610068202019
70,2,0.012768075801432133,0.012696269899606705,6.150473200250417e-05,0.10301265120506287,0.03941553831100464
70,3,0.9009650945663452,0.8766048550605774,0.02362664043903351,7.336303234100342,0.2506093978881836
70,4,0.9025614261627197,0.8783949613571167,0.023483233526349068,6.832426071166992,0.3271080255508423
70,5,0.45300933718681335,0.44847410917282104,0.004501962102949619,0.3325519263744354,0.06559763848781586
70,6,0.3455990254878998,0.3416481912136078,0.0038803424686193466,0.7048748135566711,0.06549625843763351
70,7,0.13608203828334808,0.13518638908863068,0.0008902192348614335,0.054299287497997284,0.06918953359127045
70,8,0.015312974341213703,0.01521342620253563,8.396695920964703e-05,0.15581032633781433,0.08650688827037811
70,9,0.029736602678894997,0.029591508209705353,0.00010515510803088546,0.3993823826313019,0.006274680607020855
70,10,0.014227903448045254,0.014139588922262192,5.168870120542124e-05,0.36626195907592773,0.003456373233348131
70,11,0.3818405568599701,0.37843650579452515,0.0033866504672914743,0.1740064024925232,0.019648782908916473
70,12,0.13147659599781036,0.13055136799812317,0.0009206618997268379,0.04557570070028305,0.025441650301218033
70,13,0.32361340522766113,0.32006096839904785,0.0035327484365552664,0.19691051542758942,0.02135385014116764
70,14,0.3713342249393463,0.3681904077529907,0.003130227793008089,0.13594049215316772,0.010591603815555573
70,15,0.017312288284301758,0.01722530461847782,7.446111703757197e-05,0.12522810697555542,0.028398793190717697
70,16,0.01344028115272522,0.013368404470384121,5.85153502470348e-05,0.13361509144306183,0.03787776455283165
70,17,0.4280072748661041,0.4227612018585205,0.005102545954287052,1.4354037046432495,0.04558907449245453
70,18,1.0832210779190063,1.0418751239776611,0.039895541965961456,14.504653930664062,0.2479400336742401
70,19,0.980212926864624,0.944765567779541,0.03454795107245445,8.994210243225098,0.1431921422481537
70,20,0.5937364101409912,0.5899714231491089,0.003751181997358799,0.13856591284275055,0.09728823602199554
70,21,0.028685318306088448,0.02855115756392479,0.00010464996739756316,0.29509812593460083,0.005449171178042889
70,22,0.5189733505249023,0.51729416847229,0.001669191988185048,0.10015495121479034,0.01443522423505783
70,23,0.9074040055274963,0.9047690629959106,0.0026174732483923435,0.17490367591381073,0.0736348032951355
70,24,0.36212003231048584,0.3604399263858795,0.0016688813921064138,0.11241216957569122,0.10729224979877472
70,25,1.3219976425170898,1.3158411979675293,0.0060003334656357765,1.5612008571624756,0.06812970340251923
70,26,0.3009205460548401,0.29950907826423645,0.0014058260712772608,0.05647347867488861,0.16918358206748962
70,27,0.4062119424343109,0.4041762948036194,0.002030955394729972,0.04677656292915344,0.09479480981826782
70,28,1.1762186288833618,1.1675810813903809,0.008500918745994568,1.3665070533752441,0.12938544154167175
70,29,0.4445512294769287,0.4421134293079376,0.0024232701398432255,0.1455739587545395,0.08385378122329712
70,30,0.8658933639526367,0.8540830016136169,0.011549703776836395,2.6067535877227783,0.44055551290512085
70,31,1.25346839427948,1.2233693599700928,0.029219098389148712,8.799062728881836,0.18448230624198914
70,32,0.40894895792007446,0.4065694510936737,0.002364201471209526,0.15306684374809265,0.010110996663570404
70,33,0.8342329263687134,0.8206284046173096,0.013423018157482147,1.8148778676986694,0.12592050433158875
70,34,0.9021790623664856,0.8662964105606079,0.035253360867500305,6.29331636428833,0.6675382852554321
70,35,0.3766060471534729,0.3716752827167511,0.004868688993155956,0.6206877827644348,0.0056520989164710045
70,36,0.43368759751319885,0.4294285178184509,0.004236428067088127,0.2265714555978775,0.013628128916025162
70,37,1.1683424711227417,1.1403073072433472,0.027214733883738518,8.203791618347168,0.19799663126468658
70,38,0.3223887085914612,0.31929811835289,0.003046520985662937,0.4406365156173706,0.02436813898384571
70,39,0.31871697306632996,0.31515997648239136,0.0035254471004009247,0.3156971335411072,0.044166866689920425
70,40,0.34978675842285156,0.3450952172279358,0.004642131272703409,0.49410539865493774,0.07112464308738708
70,41,0.034953609108924866,0.034889109432697296,3.5007142287213355e-05,0.2949430048465729,0.000763683405239135
70,42,0.06427492201328278,0.06395426392555237,0.00028825446497648954,0.32402926683425903,0.01661454141139984
70,43,0.34275302290916443,0.33915913105010986,0.003559621050953865,0.34270596504211426,0.07823902368545532
70,44,0.03019675984978676,0.030125459656119347,4.445093509275466e-05,0.268499493598938,0.003254886716604233
70,45,0.02741359919309616,0.027340691536664963,4.7936380724422634e-05,0.24970625340938568,0.003586525795981288
70,46,0.7563547492027283,0.7520594596862793,0.00425121933221817,0.44050243496894836,0.0618131048977375
70,47,0.014338069595396519,0.014289183542132378,4.073199306731112e-05,0.08153405785560608,0.04296761006116867
70,48,0.28092920780181885,0.26629820466041565,0.014618903398513794,0.12084894627332687,0.011627931147813797
70,49,0.84547358751297,0.8399900197982788,0.005360251758247614,1.2331260442733765,0.14777621626853943
70,50,0.2676878869533539,0.26624029874801636,0.0014348134864121675,0.12781722843647003,0.056126825511455536
70,51,1.004090428352356,0.9932490587234497,0.010610507801175117,2.3094520568847656,0.26901841163635254
70,52,0.9555032253265381,0.9495359659194946,0.005926210433244705,0.4106060266494751,0.26394861936569214
70,53,1.2078990936279297,1.196230173110962,0.010599041357636452,10.698577880859375,0.2706325650215149
70,54,0.5204530358314514,0.5147482752799988,0.0056716930121183395,0.33052435517311096,0.17737014591693878
70,55,0.8642337918281555,0.8488787412643433,0.015258588828146458,0.9645091891288757,0.27672243118286133
70,56,0.48510751128196716,0.47455286979675293,0.010479284450411797,0.7536207437515259,0.12836989760398865
70,57,0.40384137630462646,0.39465832710266113,0.009118461050093174,0.6459166407585144,0.0645952969789505
70,58,0.024008696898818016,0.023928530514240265,6.0470993048511446e-05,0.19696417450904846,0.021694067865610123
70,59,0.1914033740758896,0.1882420778274536,0.0031445221975445747,0.16779686510562897,0.019777119159698486
70,60,0.2205427587032318,0.21813839673995972,0.0023452083114534616,0.5916368365287781,0.00525878369808197
70,61,1.0268036127090454,1.0156848430633545,0.010964853689074516,1.5385887622833252,0.10044267773628235
70,62,0.42686620354652405,0.4210565984249115,0.0056899720802903175,1.1962124109268188,0.007787513546645641
70,63,0.405252605676651,0.3991050720214844,0.006066547706723213,0.8098638653755188,0.017524750903248787
70,64,0.030805688351392746,0.03071148321032524,5.523521394934505e-05,0.3896942734718323,0.00475431140512228
70,65,1.0804914236068726,1.0433269739151,0.03618433326482773,9.801844596862793,0.28291577100753784
70,66,1.300715446472168,1.2581086158752441,0.0416933074593544,9.134576797485352,0.17543548345565796
70,67,0.4351939857006073,0.42866259813308716,0.006496237590909004,0.35150930285453796,0.11961330473423004
70,68,0.49408429861068726,0.4890761375427246,0.004983310587704182,0.2486419975757599,0.14428526163101196
70,69,0.7769963145256042,0.7692010998725891,0.00775961484760046,0.3560093641281128,0.41181349754333496
70,70,0.4581219255924225,0.4549926817417145,0.003113024402409792,0.16198889911174774,0.26645761728286743
70,71,0.5181335806846619,0.5129208564758301,0.005194244906306267,0.18461880087852478,0.18108069896697998
70,72,0.02030193619430065,0.02026030793786049,1.9331557268742472e-05,0.22295014560222626,0.0004478509072214365
70,73,1.1543090343475342,1.1371710300445557,0.0164804644882679,6.576053619384766,0.06704531610012054
70,74,0.9738668203353882,0.9630929231643677,0.010309344157576561,4.645860195159912,0.03372286260128021
70,75,0.9683911800384521,0.9621863961219788,0.006159846670925617,0.44926726818084717,0.029817815870046616
70,76,1.1204110383987427,1.089461088180542,0.030187124386429787,7.627769470214844,0.0403459295630455
70,77,0.4594283699989319,0.45940709114074707,1.2535434507299215e-05,0.08732575923204422,0.05464459955692291
70,78,0.34735581278800964,0.3437499403953552,0.0035854740999639034,0.2039489895105362,0.017326660454273224
70,79,0.4486364722251892,0.4409814476966858,0.007618441246449947,0.36593711376190186,0.04618013650178909
70,80,0.8894615173339844,0.8605380058288574,0.028392300009727478,5.311866760253906,0.375751256942749
70,81,0.4155798852443695,0.41319453716278076,0.002348128706216812,0.37232035398483276,0.008494293317198753
70,82,0.49322864413261414,0.48859846591949463,0.004601504188030958,0.28673601150512695,0.1023203581571579
70,83,0.5716840624809265,0.5573422908782959,0.014278004877269268,0.6376155018806458,0.23035864531993866
70,84,0.5441368818283081,0.5339965224266052,0.009921775199472904,2.185450315475464,0.1478111892938614
70,85,0.02016269974410534,0.020092783495783806,4.6053020923864096e-05,0.23863214254379272,0.005542505998164415
70,86,0.1458345204591751,0.14478278160095215,0.0010466219391673803,0.051092926412820816,0.07692195475101471
70,87,0.34278950095176697,0.3301328420639038,0.012621848843991756,0.3480294644832611,0.18904536962509155
70,88,0.13943903148174286,0.1386573314666748,0.0007777564460411668,0.03954572603106499,0.026585321873426437
70,89,0.2683738172054291,0.2677040100097656,0.0006606349488720298,0.0918663963675499,0.014017987996339798
70,90,0.949683427810669,0.9361401200294495,0.013236846774816513,3.064763069152832,0.258581280708313
70,91,0.7596097588539124,0.7480732202529907,0.011462429538369179,0.7411335110664368,0.16506493091583252
70,92,0.5856544375419617,0.5778545141220093,0.007690414786338806,1.0948868989944458,0.23295927047729492
70,93,0.04438847675919533,0.04425697773694992,0.00011651388194877654,0.14985431730747223,0.011422265321016312
70,94,0.4864649176597595,0.47915083169937134,0.00724544283002615,0.6864142417907715,0.10834082961082458
70,95,0.03272620588541031,0.03265269473195076,5.9410904214018956e-05,0.14101776480674744,0.0027382082771509886
70,96,0.8736730217933655,0.8568676710128784,0.01627962291240692,5.25689172744751,0.3445812463760376
70,97,0.03264841437339783,0.03261292353272438,2.0696485080407e-05,0.1479274034500122,0.0005945342127233744
70,98,0.20489995181560516,0.20375441014766693,0.0011329448316246271,0.12586823105812073,0.01227797195315361
70,99,0.9738494157791138,0.9380531907081604,0.03525792062282562,5.38312292098999,0.6225873231887817
70,100,1.0518778562545776,1.037164568901062,0.014637932181358337,0.7529570460319519,0.23259437084197998
71,1,0.045752182602882385,0.045520223677158356,0.00021323398686945438,0.18722392618656158,0.010251259431242943
71,2,0.3872072398662567,0.38538187742233276,0.00181247154250741,0.12898550927639008,0.03071054071187973
71,3,0.20517869293689728,0.2040693163871765,0.0010952568845823407,0.14128735661506653,0.003810865804553032
71,4,0.3529105484485626,0.3497889041900635,0.0031044655479490757,0.17157362401485443,0.007720067165791988
71,5,0.35817384719848633,0.35509443283081055,0.0030603460036218166,0.19079862534999847,0.007328961975872517
71,6,0.7789535522460938,0.7616649270057678,0.016947288066148758,3.4136884212493896,0.17088507115840912
71,7,0.020887892693281174,0.02084474265575409,2.8572050723596476e-05,0.14577513933181763,0.0017969754990190268
71,8,0.31594884395599365,0.3141261339187622,0.0018070179503411055,0.1569555103778839,0.03588508069515228
71,9,0.1487884819507599,0.1479354202747345,0.0008476668735966086,0.053931012749671936,0.09660446643829346
71,10,0.21548698842525482,0.2141970694065094,0.001267004176042974,0.22917984426021576,0.02719135954976082
71,11,0.4690322279930115,0.46439969539642334,0.00460713030770421,0.2537861466407776,0.02989395149052143
71,12,0.027094215154647827,0.02698724903166294,0.00010663301509339362,0.003336516907438636,0.0030003604479134083
71,13,0.4298687279224396,0.42597681283950806,0.0038758665323257446,0.160780668258667,0.1035708487033844
71,14,0.3330356180667877,0.3297964334487915,0.003190202871337533,0.49003350734710693,0.06172020733356476
71,15,1.1700958013534546,1.1437631845474243,0.0255940780043602,7.384894371032715,0.14103266596794128
71,16,0.03349941223859787,0.033448949456214905,3.9381178794428706e-05,0.1108391284942627,0.10909470915794373
71,17,0.13298921287059784,0.1320803314447403,0.0009034824324771762,0.05399850383400917,0.0750705748796463
71,18,0.7740938067436218,0.7644306421279907,0.009591189213097095,0.7199984788894653,0.12654563784599304
71,19,0.9666706323623657,0.9545772075653076,0.012023091316223145,0.703522264957428,0.11944926530122757
71,20,0.3480759859085083,0.34213781356811523,0.005912127438932657,0.26042866706848145,0.031937554478645325
71,21,0.23621796071529388,0.2353796660900116,0.0008139825658872724,0.24324753880500793,0.009445786476135254
71,22,0.9782708883285522,0.9524288177490234,0.025017468258738518,8.246153831481934,0.08949676156044006
71,23,1.2011935710906982,1.1766974925994873,0.023894451558589935,6.016470432281494,0.10193786025047302
71,24,0.45394766330718994,0.44735386967658997,0.006563359871506691,0.30439522862434387,0.028088167309761047
71,25,0.7045844793319702,0.6970316171646118,0.007483200170099735,0.6964969635009766,0.055475689470767975
71,26,0.20803874731063843,0.20696794986724854,0.001046398188918829,0.24387630820274353,0.004227787256240845
71,27,0.37174519896507263,0.36922183632850647,0.0025142759550362825,0.09090770781040192,0.00671855453401804
71,28,0.41419166326522827,0.4108925461769104,0.0032677517738193274,0.3134840130805969,0.018870782107114792
71,29,0.11843579262495041,0.11763443052768707,0.0007978967623785138,0.034628063440322876,0.04009408876299858
71,30,0.8596649765968323,0.8348914384841919,0.024211984127759933,5.615530014038086,0.285123348236084
71,31,0.0309564508497715,0.030891280621290207,5.297414099914022e-05,0.12195814400911331,0.08823695778846741
71,32,0.03020445443689823,0.03014218993484974,3.255516639910638e-05,0.2970925271511078,0.0016050934791564941
71,33,0.1488911509513855,0.14718306064605713,0.0016943297814577818,0.13748915493488312,0.17098957300186157
71,34,0.4950003921985626,0.4906904697418213,0.004282158799469471,0.2778867483139038,0.1589014232158661
71,35,0.9571056365966797,0.9433423280715942,0.013686154037714005,0.7714954614639282,0.1907530277967453
71,36,0.9170083403587341,0.8951306939125061,0.02127804234623909,5.996331691741943,0.4904385805130005
71,37,0.5912445187568665,0.585281252861023,0.005761370062828064,2.0190842151641846,0.2266007363796234
71,38,0.9761930108070374,0.9504873752593994,0.024986766278743744,7.189115047454834,0.28993484377861023
71,39,0.85142982006073,0.8398345112800598,0.011517728678882122,0.7758894562721252,0.1266605406999588
71,40,0.9282534718513489,0.9045134782791138,0.023170512169599533,5.694362163543701,0.25993242859840393
71,41,0.43406662344932556,0.42941734194755554,0.00450120959430933,1.480574131011963,0.043297961354255676
71,42,0.12916156649589539,0.1284894198179245,0.0006676387856714427,0.04510476812720299,0.045289814472198486
71,43,0.40214213728904724,0.39821502566337585,0.0039061675779521465,0.2096581757068634,0.04386785626411438
71,44,0.13358306884765625,0.1315041333436966,0.002063199644908309,0.1573334038257599,0.09562873840332031
71,45,0.4056893587112427,0.4025484025478363,0.0030029837507754564,1.3798216581344604,0.06119216978549957
71,46,0.01935224048793316,0.019307417795062065,2.3379932827083394e-05,0.2144339233636856,0.001143005327321589
71,47,0.38553351163864136,0.3819258213043213,0.0035949768498539925,0.12734806537628174,0.054244622588157654
71,48,0.02723226509988308,0.027140533551573753,6.80343437124975e-05,0.23697015643119812,0.003410156350582838
71,49,0.44381794333457947,0.43415695428848267,0.00943971611559391,2.212912082672119,0.07046689838171005
71,50,0.13077601790428162,0.12976908683776855,0.0010012660641223192,0.05667742341756821,0.06551411747932434
71,51,0.2140023559331894,0.21178898215293884,0.0021955296397209167,0.17843690514564514,0.04533056169748306
71,52,0.12795770168304443,0.12689611315727234,0.0010565129341557622,0.05075986683368683,0.042257968336343765
71,53,0.7285894155502319,0.7113893628120422,0.016645396128296852,5.546633243560791,0.36417195200920105
71,54,1.2031306028366089,1.14908766746521,0.05307106673717499,9.719428062438965,0.21253624558448792
71,55,0.4501054584980011,0.44426706433296204,0.0058100586757063866,0.28331390023231506,0.03896916285157204
71,56,0.4713343679904938,0.4674723744392395,0.0037415488623082638,1.2042250633239746,0.0079047791659832
71,57,0.37020400166511536,0.3689635097980499,0.0012187168467789888,0.21775415539741516,0.0032521390821784735
71,58,0.3770318925380707,0.3758396506309509,0.0011846208944916725,0.07629624754190445,0.004539593122899532
71,59,0.09725072979927063,0.09698855876922607,0.00026034333859570324,0.018266037106513977,0.013460921123623848
71,60,0.02500789240002632,0.024971451610326767,1.879058254417032e-05,0.17650674283504486,0.0010058667976409197
71,61,0.9579519629478455,0.9535707235336304,0.004176456946879625,2.047947645187378,0.43096083402633667
71,62,0.023914625868201256,0.023856185376644135,3.454086254350841e-05,0.23899546265602112,0.0011854937765747309
71,63,0.9257750511169434,0.9205618500709534,0.005183253437280655,0.2992555797100067,0.1665584146976471
71,64,1.0567156076431274,1.0439130067825317,0.01256224699318409,2.4028096199035645,0.6101741790771484
71,65,0.6480298042297363,0.6411489248275757,0.0067535871639847755,1.273044466972351,0.3830190896987915
71,66,0.49657341837882996,0.49179700016975403,0.004760821349918842,0.15598846971988678,0.21819709241390228
71,67,0.9031639695167542,0.8963956832885742,0.006744840648025274,0.2339681088924408,0.1792256236076355
71,68,0.2657911777496338,0.26357486844062805,0.002207889687269926,0.08420881628990173,0.14798875153064728
71,69,1.2671152353286743,1.254284381866455,0.012433880008757114,3.9694249629974365,0.16255605220794678
71,70,1.1298930644989014,1.0990922451019287,0.0297573059797287,10.436060905456543,0.1769760102033615
71,71,0.23922614753246307,0.2378290295600891,0.0013866384979337454,0.10479128360748291,0.05547548085451126
71,72,0.8890185952186584,0.8537443280220032,0.03471788018941879,5.563997745513916,0.41912925243377686
71,73,0.026815352961421013,0.026767585426568985,2.586281880212482e-05,0.21905210614204407,0.0039087459444999695
71,74,0.2211078405380249,0.21936306357383728,0.0017212757375091314,0.23505911231040955,0.015639375895261765
71,75,0.3760353624820709,0.37280023097991943,0.0032248543575406075,0.10287576168775558,0.020248183980584145
71,76,0.25747206807136536,0.25528717041015625,0.002168314065784216,0.16562391817569733,0.012010862119495869
71,77,0.9699450731277466,0.9481859803199768,0.02144540473818779,3.1368532180786133,0.18644976615905762
71,78,0.021771080791950226,0.021711071953177452,3.310199099360034e-05,0.26907259225845337,0.005107798147946596
71,79,0.43006446957588196,0.4212607145309448,0.008603764697909355,2.000023603439331,0.05342727154493332
71,80,0.8681707382202148,0.8474664688110352,0.0205392986536026,1.64984929561615,0.16091449558734894
71,81,0.4004397690296173,0.39502376317977905,0.005281311925500631,1.3470158576965332,0.054682984948158264
71,82,0.7254937291145325,0.7162426710128784,0.009168770164251328,0.8232054114341736,0.10432139039039612
71,83,0.13038909435272217,0.12839147448539734,0.0019877669401466846,0.0984378233551979,0.08783625066280365
71,84,0.01538274809718132,0.015333393588662148,2.2244224965106696e-05,0.27109941840171814,0.001769194845110178
71,85,0.13770465552806854,0.1365382969379425,0.0011574596865102649,0.08899584412574768,0.08627248555421829
71,86,0.3349369764328003,0.3325265347957611,0.0023742960765957832,0.3616141378879547,0.044623102992773056
71,87,0.014445951208472252,0.014382364228367805,5.3245428716763854e-05,0.10341060161590576,0.08005587011575699
71,88,0.3397771120071411,0.33693012595176697,0.002821763977408409,0.25199922919273376,0.018759403377771378
71,89,0.25895267724990845,0.257753849029541,0.001188061200082302,0.10743891447782516,0.04778362065553665
71,90,0.8577154874801636,0.8518350124359131,0.005832172930240631,0.48280373215675354,0.08186818659305573
71,91,0.2128392606973648,0.21029408276081085,0.0025257677771151066,0.19413720071315765,0.029949618503451347
71,92,0.34765756130218506,0.34546536207199097,0.0021847705356776714,0.07419810444116592,0.02390873245894909
71,93,0.13958577811717987,0.13873998820781708,0.0008372657466679811,0.0852276012301445,0.06177649646997452
71,94,0.045742396265268326,0.045487795025110245,0.00022441496548708528,0.3018516004085541,0.019853297621011734
71,95,0.029326818883419037,0.02926625870168209,3.272435424150899e-05,0.27836287021636963,0.004118131007999182
71,96,0.24197137355804443,0.24078063666820526,0.0011834290344268084,0.0729641392827034,0.027939407154917717
71,97,0.018458018079400063,0.018398893997073174,4.701066791312769e-05,0.12113320827484131,0.051067136228084564
71,98,0.8274261951446533,0.8132166862487793,0.01395629532635212,2.5322518348693848,0.41583094000816345
71,99,0.8861474990844727,0.8771244287490845,0.008960273116827011,0.6283430457115173,0.09636527299880981
71,100,1.0095813274383545,0.9647147059440613,0.043792691081762314,10.73952865600586,0.1388130486011505
72,1,0.13039200007915497,0.129603311419487,0.0007842101622372866,0.04481680691242218,0.0675613209605217
72,2,0.4322771728038788,0.42910557985305786,0.003148674499243498,0.22931332886219025,0.043302204459905624
72,3,0.5806503891944885,0.5734883546829224,0.0070777274668216705,0.842681348323822,0.21630308032035828
72,4,0.01527868490666151,0.015214700251817703,3.0423765565501526e-05,0.33560895919799805,0.0023095826618373394
72,5,0.7322161197662354,0.7238833904266357,0.00786248967051506,4.70242166519165,0.3267541527748108
72,6,0.015084357932209969,0.015004877001047134,4.496747351367958e-05,0.345136433839798,0.0023031113669276237
72,7,1.0405552387237549,1.002185344696045,0.037398263812065125,9.716361045837402,0.1796099692583084
72,8,0.38075169920921326,0.37742558121681213,0.0033154208213090897,0.10711457580327988,0.04485045000910759
72,9,0.6266398429870605,0.6177304983139038,0.008713052608072758,1.9630610942840576,0.25826120376586914
72,10,0.40387198328971863,0.4014888405799866,0.002363605424761772,0.19562412798404694,0.036356374621391296
72,11,0.041982728987932205,0.041660554707050323,0.00028673236374743283,0.354409396648407,0.022415107116103172
72,12,0.9530446529388428,0.939734697341919,0.013198181986808777,1.1176775693893433,0.10348223149776459
72,13,0.1940772980451584,0.19239747524261475,0.001656288979575038,0.23525284230709076,0.009478284977376461
72,14,1.0885157585144043,1.0589179992675781,0.028602348640561104,9.953503608703613,0.1669100821018219
72,15,0.8924845457077026,0.8822623491287231,0.01015031710267067,0.7188084125518799,0.10139063000679016
72,16,0.43544527888298035,0.42950838804244995,0.0058250329457223415,1.1184215545654297,0.024201953783631325
72,17,0.4441809356212616,0.4388095438480377,0.005238489713519812,1.328801155090332,0.029487352818250656
72,18,0.2826462686061859,0.27996209263801575,0.0026271825190633535,0.5697486996650696,0.022638384252786636
72,19,0.33265766501426697,0.3286791443824768,0.003955155611038208,0.23379650712013245,0.03610636666417122
72,20,1.2136130332946777,1.1852641105651855,0.027790548279881477,5.58383321762085,0.16846682131290436
72,21,0.4341617226600647,0.43027085065841675,0.003718988038599491,1.7188366651535034,0.05604952573776245
72,22,0.09851155430078506,0.07827340066432953,0.02023601159453392,0.021406803280115128,0.026690274477005005
72,23,0.41762465238571167,0.4120848774909973,0.005511332303285599,0.2843902111053467,0.05640660971403122
72,24,0.014889992773532867,0.014819277450442314,5.598218922386877e-05,0.14733634889125824,0.08240364491939545
72,25,0.1327335238456726,0.13110265135765076,0.00161808542907238,0.12778718769550323,0.12098969519138336
72,26,1.0147018432617188,0.9786983728408813,0.03477685898542404,12.266135215759277,0.17578282952308655
72,27,0.134024977684021,0.1305915266275406,0.0034182567615062,0.1519923210144043,0.08837461471557617
72,28,0.8187453746795654,0.8118814826011658,0.006839491426944733,0.24360652267932892,0.07468084990978241
72,29,0.35685616731643677,0.3534345030784607,0.0033919168636202812,0.29728180170059204,0.018995855003595352
72,30,0.024395324289798737,0.024333177134394646,2.7821677576866932e-05,0.34325042366981506,0.007040607742965221
72,31,0.9241722822189331,0.9092329144477844,0.014680295251309872,2.5909903049468994,0.09505409002304077
72,32,0.8452761173248291,0.8257650136947632,0.019051678478717804,4.594301700592041,0.32175612449645996
72,33,0.024439949542284012,0.024364285171031952,3.7711615732405335e-05,0.37953823804855347,0.005802702158689499
72,34,0.9551907181739807,0.9360005259513855,0.018708793446421623,4.814329147338867,0.16256466507911682
72,35,0.9237115383148193,0.9009331464767456,0.022276122123003006,5.023037910461426,0.4049890637397766
72,36,0.6014805436134338,0.5922849178314209,0.009016420692205429,1.7923351526260376,0.2449856698513031
72,37,0.21435807645320892,0.21249768137931824,0.0018349832389503717,0.2540037930011749,0.01712724007666111
72,38,0.8806233406066895,0.8731924295425415,0.007391839288175106,0.3910225033760071,0.10505438596010208
72,39,0.9655912518501282,0.9359040260314941,0.028929874300956726,7.573326110839844,0.20153331756591797
72,40,0.3905031383037567,0.38668039441108704,0.0038003679364919662,0.22392970323562622,0.040361396968364716
72,41,0.963869571685791,0.9446268081665039,0.018604857847094536,6.3789215087890625,0.11251281946897507
72,42,0.17989413440227509,0.17809827625751495,0.00177860539406538,0.17249172925949097,0.013873876072466373
72,43,0.44142836332321167,0.4322749376296997,0.009016257710754871,1.3717994689941406,0.03962250426411629
72,44,0.34734997153282166,0.34383007884025574,0.003466222435235977,0.5367392897605896,0.02868994139134884
72,45,0.34739357233047485,0.34542614221572876,0.001956153428182006,0.11256128549575806,0.023651044815778732
72,46,0.036887891590595245,0.03667013719677925,0.0001797930453903973,0.3796223998069763,0.016904417425394058
72,47,0.8850469589233398,0.8781249523162842,0.006887352094054222,0.3463898003101349,0.06431730091571808
72,48,0.7437134981155396,0.736380934715271,0.0072791241109371185,0.5344780683517456,0.06447519361972809
72,49,0.929517388343811,0.9202218651771545,0.009173756465315819,1.2174817323684692,0.10161282122135162
72,50,0.9585336446762085,0.9298826456069946,0.027637949213385582,10.130169868469238,0.17168273031711578
72,51,0.2025134116411209,0.19952787458896637,0.002951158443465829,0.3438291847705841,0.024936044588685036
72,52,0.05339745804667473,0.052944883704185486,0.0004080040380358696,0.4457048177719116,0.0192352756857872
72,53,0.9341336488723755,0.9264238476753235,0.00766419991850853,0.4560890793800354,0.11516965925693512
72,54,0.8431978225708008,0.8143099546432495,0.028142821043729782,7.450449466705322,0.4250746965408325
72,55,0.3273638188838959,0.32319551706314087,0.004117771051824093,0.5054582953453064,0.04106971621513367
72,56,0.025657953694462776,0.011536811478435993,0.014120856299996376,0.0028418591246008873,0.004535132087767124
72,57,0.1258269101381302,0.12426522374153137,0.001551485387608409,0.10212204605340958,0.07865157723426819
72,58,1.1819686889648438,1.1526728868484497,0.02831539884209633,9.803821563720703,0.16525402665138245
72,59,0.8646446466445923,0.8531562089920044,0.011393647640943527,0.9476596713066101,0.10890347510576248
72,60,0.8041400909423828,0.7819861173629761,0.021678440272808075,4.755422592163086,0.29036617279052734
72,61,0.9718555808067322,0.9622382521629333,0.008848099038004875,7.692792892456055,0.10915134102106094
72,62,0.01644297130405903,0.01640515774488449,2.6131274353247136e-05,0.11683139204978943,0.03041735477745533
72,63,0.032350972294807434,0.03229954466223717,2.002589826588519e-05,0.3140017092227936,0.007220152765512466
72,64,0.013409935869276524,0.013362282887101173,3.5031436709687114e-05,0.1262124478816986,0.04127015173435211
72,65,0.3311077058315277,0.3272804915904999,0.00380529323592782,0.21933607757091522,0.026837456971406937
72,66,0.12145320326089859,0.12013254314661026,0.0013100565411150455,0.10601139068603516,0.03510471433401108
72,67,0.8802751898765564,0.8691408038139343,0.011046292260289192,0.880986213684082,0.1246543675661087
72,68,0.26680776476860046,0.2636697292327881,0.0031112805008888245,0.26777055859565735,0.0376582145690918
72,69,0.2254677414894104,0.2233804166316986,0.002066677203401923,0.20648008584976196,0.03633568808436394
72,70,1.0614746809005737,1.0126196146011353,0.04703808203339577,18.170434951782227,0.25517892837524414
72,71,0.4049391746520996,0.3990710973739624,0.005810803268104792,0.5727558732032776,0.05556239187717438
72,72,0.03022412396967411,0.030124269425868988,5.618704381049611e-05,0.4366787075996399,0.002201802795752883
72,73,0.13377591967582703,0.1321304887533188,0.0016310201026499271,0.14410880208015442,0.1327930986881256
72,74,0.8118332624435425,0.7855854630470276,0.02567937970161438,5.683876037597656,0.43243032693862915
72,75,0.1932610720396042,0.1909172534942627,0.0023184556048363447,0.25355035066604614,0.00527989212423563
72,76,0.721487283706665,0.714444637298584,0.0069862063974142075,0.5646634101867676,0.08648829162120819
72,77,0.020231999456882477,0.020172271877527237,2.8470909455791116e-05,0.3125796318054199,0.002533901948481798
72,78,0.4436378479003906,0.43496692180633545,0.008506464771926403,1.644600510597229,0.02968975156545639
72,79,0.4066895842552185,0.4032112658023834,0.003445926122367382,0.3238682150840759,0.027570577338337898
72,80,0.016836751252412796,0.01670440100133419,0.00011814433673862368,0.14205659925937653,0.08007672429084778
72,81,1.077194094657898,1.050999402999878,0.025473054498434067,7.217159271240234,0.1274585872888565
72,82,0.5126208662986755,0.5089684128761292,0.0036219314206391573,0.30498355627059937,0.0689254179596901
72,83,1.1175897121429443,1.0583394765853882,0.0584723986685276,7.778507709503174,0.14452870190143585
72,84,0.3998207449913025,0.3953535854816437,0.004387599881738424,0.7955750226974487,0.06290026009082794
72,85,0.004457597155123949,0.004331311210989952,9.998990572057664e-05,0.26296064257621765,0.0012749743182212114
72,86,0.021962666884064674,0.021870529279112816,6.0939994000364095e-05,0.31197571754455566,0.001409558579325676
72,87,0.029773037880659103,0.029639113694429398,0.00010265498713124543,0.31270959973335266,0.004955427721142769
72,88,0.41509759426116943,0.4108574092388153,0.004209522157907486,0.30663588643074036,0.06089973449707031
72,89,0.13594691455364227,0.1347687840461731,0.0011720845941454172,0.06057151407003403,0.08102503418922424
72,90,0.9418109059333801,0.932261049747467,0.009471889585256577,0.779719352722168,0.13076314330101013
72,91,0.35810044407844543,0.35478752851486206,0.003301828633993864,0.11074351519346237,0.025665003806352615
72,92,0.023122450336813927,0.023071642965078354,2.786490040307399e-05,0.2294233739376068,0.004301488399505615
72,93,0.9563177824020386,0.9432153105735779,0.012546185404062271,5.562617778778076,0.5353131890296936
72,94,1.1389120817184448,1.106024980545044,0.03194712474942207,9.39991569519043,0.18967990577220917
72,95,0.45485591888427734,0.44888734817504883,0.005934472661465406,0.34086874127388,0.03881049156188965
72,96,0.01481418777257204,0.014772267080843449,3.359042966621928e-05,0.0833049863576889,0.03491581231355667
72,97,0.38010501861572266,0.3776533007621765,0.002437885385006666,0.13824185729026794,0.013760041445493698
72,98,0.8457814455032349,0.8383132219314575,0.007399340625852346,0.6889284253120422,0.10781854391098022
72,99,0.1294068843126297,0.12689360976219177,0.0025022877380251884,0.10987751930952072,0.07493145763874054
72,100,0.023053672164678574,0.022987931966781616,3.972673584939912e-05,0.2601443827152252,0.005413440056145191
73,1,0.4276956617832184,0.42424410581588745,0.0034271276090294123,0.2443617582321167,0.03817398101091385
73,2,0.43917256593704224,0.43324270844459534,0.005806193687021732,1.2366336584091187,0.04910661280155182
73,3,0.36222150921821594,0.3590967655181885,0.00311477342620492,0.0998518094420433,0.0407322533428669
73,4,0.4579744040966034,0.4495513439178467,0.008262479677796364,1.6056519746780396,0.053650956600904465
73,5,1.0449299812316895,1.030383825302124,0.01411838922649622,4.277227401733398,0.17876224219799042
73,6,0.43320709466934204,0.4281221628189087,0.005054608453065157,0.3030158281326294,0.06613755226135254
73,7,0.2411104291677475,0.23905593156814575,0.0020381321664899588,0.1636732667684555,0.04467271268367767
73,8,0.807405412197113,0.7877722978591919,0.01904279738664627,5.902966499328613,0.4072599709033966
73,9,0.42157500982284546,0.41724497079849243,0.004214337561279535,1.1570558547973633,0.052252255380153656
73,10,0.1869114339351654,0.18551713228225708,0.001376364380121231,0.17933589220046997,0.004893354140222073
73,11,0.4383084774017334,0.43134361505508423,0.006847207434475422,1.1766722202301025,0.05380573868751526
73,12,0.3578506112098694,0.3554316461086273,0.0024065407924354076,0.12428886443376541,0.03020419180393219
73,13,0.015340309590101242,0.015271018259227276,4.1282735764980316e-05,0.280082643032074,0.002557378262281418
73,14,0.9127320647239685,0.8963536024093628,0.015972740948200226,4.057135105133057,0.10995031148195267
73,15,0.01454449724406004,0.014446995221078396,8.475583308609203e-05,0.12745873630046844,0.08167968690395355
73,16,0.8975682854652405,0.8893798589706421,0.008142752572894096,0.45628848671913147,0.08625827729701996
73,17,0.7036948800086975,0.6976079940795898,0.006024722475558519,0.6219412684440613,0.0830383375287056
73,18,0.12060027569532394,0.11973879486322403,0.0008572537917643785,0.042246364057064056,0.04846087470650673
73,19,0.6022824645042419,0.5903600454330444,0.01171607431024313,2.063282012939453,0.21300318837165833
73,20,0.36448347568511963,0.36186209321022034,0.002611803822219372,0.09566384553909302,0.020336953923106194
73,21,0.3959939479827881,0.3933563530445099,0.002612103009596467,0.2547071576118469,0.023434828966856003
73,22,0.01784023828804493,0.017778238281607628,3.191181895090267e-05,0.3008764982223511,0.004096857272088528
73,23,0.6558666229248047,0.6406252384185791,0.014778541401028633,4.6280035972595215,0.233785480260849
73,24,0.18678560853004456,0.18507155776023865,0.0016925089294090867,0.2153981626033783,0.005600204691290855
73,25,0.12849494814872742,0.12666082382202148,0.0018181081395596266,0.16018334031105042,0.1108933687210083
73,26,0.3779265284538269,0.3748539090156555,0.0030556353740394115,0.16991092264652252,0.03523263335227966
73,27,0.654148280620575,0.6377855539321899,0.016094118356704712,2.686583995819092,0.2643480896949768
73,28,0.9118407368659973,0.8828371167182922,0.02825804054737091,7.455794811248779,0.1381378173828125
73,29,0.861144483089447,0.8469122648239136,0.013804106041789055,4.281511306762695,0.5241036415100098
73,30,0.11797356605529785,0.11686133593320847,0.0011073664063587785,0.04867599904537201,0.04580385237932205
73,31,0.2288249284029007,0.22677001357078552,0.0020371435675770044,0.17776474356651306,0.03211132436990738
73,32,0.3325410783290863,0.3285595774650574,0.003924179822206497,0.5732185244560242,0.028456423431634903
73,33,0.4514860212802887,0.4467458724975586,0.004701284691691399,0.38858333230018616,0.04711136221885681
73,34,0.8869625926017761,0.8672409057617188,0.01930581033229828,4.158572196960449,0.4921046495437622
73,35,0.01875409670174122,0.018662605434656143,5.640802191919647e-05,0.3508225679397583,0.0024677065666764975
73,36,0.12734588980674744,0.12537150084972382,0.0019618598744273186,0.12528321146965027,0.0986788347363472
73,37,0.4004113972187042,0.39760082960128784,0.0027795492205768824,0.3103087544441223,0.04165468364953995
73,38,0.3778060972690582,0.37484902143478394,0.0029452871531248093,0.1181648001074791,0.034977179020643234
73,39,0.06867978721857071,0.06647823005914688,0.0021966968197375536,0.04854995012283325,0.009184297174215317
73,40,0.13318492472171783,0.13108685612678528,0.0020809497218579054,0.17123030126094818,0.1111554205417633
73,41,0.04643793776631355,0.046099208295345306,0.00029870023718103766,0.4002927839756012,0.021971534937620163
73,42,0.37858912348747253,0.37595751881599426,0.0026208171620965004,0.10778934508562088,0.029975486919283867
73,43,0.8235551118850708,0.8070131540298462,0.0160652007907629,4.767716884613037,0.3108851909637451
73,44,0.6491570472717285,0.6376379728317261,0.011212306097149849,3.0676119327545166,0.24490736424922943
73,45,0.8651232719421387,0.8520088195800781,0.01255449652671814,5.5995283126831055,0.3742401599884033
73,46,0.9486135244369507,0.9258753061294556,0.021972501650452614,7.6571125984191895,0.11285986006259918
73,47,0.020291319116950035,0.020205995067954063,5.1129114581272006e-05,0.3419446349143982,0.0043968576937913895
73,48,0.026893701404333115,0.026774529367685318,8.47186311148107e-05,0.34452760219573975,0.009165855124592781
73,49,0.22434334456920624,0.2230079472064972,0.0013248217292129993,0.10576672852039337,0.026214826852083206
73,50,0.7673454284667969,0.7583760619163513,0.00887790136039257,0.9150933623313904,0.09580875933170319
73,51,0.3734540343284607,0.37028414011001587,0.003159221261739731,0.10679639130830765,0.02286246418952942
73,52,0.8832852840423584,0.8719851970672607,0.011232784017920494,0.6729834675788879,0.09829212725162506
73,53,0.2219381183385849,0.22037991881370544,0.0015426576137542725,0.15547940135002136,0.04359493404626846
73,54,0.026205861940979958,0.026056192815303802,0.00011087949678767473,0.3879038393497467,0.0078092096373438835
73,55,0.047226257622241974,0.046672094613313675,0.0005100269336253405,0.44135990738868713,0.02609066665172577
73,56,0.9626826047897339,0.9218751788139343,0.04000135883688927,8.06086254119873,0.6524518728256226
73,57,0.014047065749764442,0.01396885421127081,6.346140435198322e-05,0.14749853312969208,0.07460327446460724
73,58,0.3602431118488312,0.35774505138397217,0.002482476644217968,0.15599234402179718,0.019235270097851753
73,59,1.0538005828857422,0.9728929996490479,0.0797269195318222,11.80694580078125,0.13478615880012512
73,60,0.9786199927330017,0.9492549896240234,0.028459850698709488,9.051746368408203,0.11628291010856628
73,61,0.12765944004058838,0.12640583515167236,0.001241879304870963,0.11734634637832642,0.06259319186210632
73,62,0.12323704361915588,0.12252100557088852,0.0007117421482689679,0.043004125356674194,0.03176704794168472
73,63,1.028409719467163,1.0034794807434082,0.024266785010695457,6.633638858795166,0.1321408450603485
73,64,0.8876965045928955,0.8786114454269409,0.00895234290510416,1.3276118040084839,0.08307923376560211
73,65,0.12518943846225739,0.1238606795668602,0.0013158004730939865,0.12959568202495575,0.08063408732414246
73,66,0.9354720115661621,0.9236711263656616,0.011552266776561737,2.4859628677368164,0.144309863448143
73,67,0.02460903860628605,0.024469129741191864,0.00010719086276367307,0.3271782696247101,0.00723949633538723
73,68,0.12021426856517792,0.11830197274684906,0.0019014268182218075,0.10872155427932739,0.085238516330719
73,69,0.4697612226009369,0.46439045667648315,0.005108544137328863,2.62245512008667,0.05150419846177101
73,70,0.4457640051841736,0.4403685927391052,0.005363759584724903,0.3165421485900879,0.07044608891010284
73,71,0.018491312861442566,0.0184081569314003,4.9285627028439194e-05,0.33869415521621704,0.002777152694761753
73,72,0.3655647933483124,0.362643301486969,0.002907200250774622,0.14312513172626495,0.025167495012283325
73,73,0.013282590545713902,0.01322269532829523,4.616495061782189e-05,0.13730841875076294,0.06950867176055908
73,74,1.0604419708251953,1.0405324697494507,0.019554682075977325,3.5479350090026855,0.16115587949752808
73,75,0.12858811020851135,0.12744446098804474,0.0011315534356981516,0.12097962200641632,0.004997985903173685
73,76,0.20715075731277466,0.20471109449863434,0.002400774508714676,0.3889797031879425,0.007980545982718468
73,77,0.22582370042800903,0.22420741617679596,0.0016024608630686998,0.13822442293167114,0.033626899123191833
73,78,0.020875636488199234,0.02078476920723915,5.610978769254871e-05,0.3475627601146698,0.003387185512110591
73,79,0.4323035180568695,0.42619574069976807,0.005898776464164257,2.0900018215179443,0.05627049505710602
73,80,0.3319240212440491,0.32384467124938965,0.008039242587983608,0.4011916518211365,0.04899726063013077
73,81,0.5107433795928955,0.49869656562805176,0.011762463487684727,2.843512535095215,0.06438443064689636
73,82,0.015148639678955078,0.01505026500672102,8.352057193405926e-05,0.14854001998901367,0.0803057998418808
73,83,1.125374436378479,1.0984736680984497,0.02644532173871994,4.554934024810791,0.14773842692375183
73,84,0.8649830222129822,0.845992922782898,0.018679797649383545,3.1031360626220703,0.5033970475196838
73,85,0.13225942850112915,0.13081154227256775,0.0014337615575641394,0.1412736475467682,0.10346352308988571
73,86,0.3495323657989502,0.34565144777297974,0.0038516446948051453,0.2926241457462311,0.022207632660865784
73,87,0.08029132336378098,0.07760085165500641,0.002683051861822605,0.07423614710569382,0.009259659796953201
73,88,1.14775550365448,1.1249139308929443,0.02233000472187996,5.115758419036865,0.13522493839263916
73,89,0.8845351338386536,0.8763045072555542,0.008149432018399239,0.811881422996521,0.07655754685401917
73,90,0.4717276990413666,0.4667065739631653,0.00497734360396862,0.4377475380897522,0.05096687376499176
73,91,0.12668022513389587,0.12548008561134338,0.0011949185281991959,0.052225057035684586,0.06337779015302658
73,92,0.12465811520814896,0.12336836755275726,0.0012848940677940845,0.048498548567295074,0.06648297607898712
73,93,0.847225546836853,0.8332285284996033,0.013583868741989136,4.13206672668457,0.5404026508331299
73,94,0.04206516221165657,0.04145953059196472,0.0005706464289687574,0.3498307764530182,0.02406459115445614
73,95,0.8286715745925903,0.8217921853065491,0.00685040233656764,0.28959178924560547,0.07045036554336548
73,96,0.5196498036384583,0.500063419342041,0.01937546581029892,2.109325885772705,0.06517959386110306
73,97,0.014823359437286854,0.014759579673409462,3.4865639463532716e-05,0.2891401946544647,0.002736530266702175
73,98,0.8159182667732239,0.8083633184432983,0.007488918025046587,0.6605395674705505,0.09662853181362152
73,99,0.42580029368400574,0.4194421172142029,0.0062775444239377975,0.8064696192741394,0.04806908220052719
73,100,0.2672934830188751,0.2638052701950073,0.0033850849140435457,1.0311964750289917,0.03994932770729065
74,1,0.13080823421478271,0.12978613376617432,0.0010159246157854795,0.06171559914946556,0.0612068772315979
74,2,0.13185207545757294,0.1300562471151352,0.001781221479177475,0.14606375992298126,0.1183789074420929
74,3,0.014055772684514523,0.013978086411952972,6.379208207363263e-05,0.1389463096857071,0.0844910591840744
74,4,0.019969621673226357,0.019879532977938652,5.6025455705821514e-05,0.3406415581703186,0.0025231298059225082
74,5,0.012319769710302353,0.012270577251911163,3.600555646698922e-05,0.13186673820018768,0.06747116148471832
74,6,1.0884978771209717,1.059340238571167,0.028619006276130676,5.385741233825684,0.19233903288841248
74,7,0.19220399856567383,0.19014659523963928,0.0020325370132923126,0.24872981011867523,0.009332709014415741
74,8,0.8490439653396606,0.8405818343162537,0.008424467407166958,0.3764379024505615,0.08209443092346191
74,9,0.8457492589950562,0.8273268938064575,0.017936473712325096,4.859060287475586,0.3308853209018707
74,10,0.7125738263130188,0.7063812613487244,0.006148041691631079,0.44513553380966187,0.06633174419403076
74,11,0.7251842021942139,0.7173129916191101,0.007817016914486885,0.541711688041687,0.06694522500038147
74,12,0.12132435292005539,0.12052826583385468,0.0007923183729872108,0.03773277625441551,0.023131247609853745
74,13,0.43294557929039,0.42925649881362915,0.003554721362888813,1.3435484170913696,0.028455825522542
74,14,0.8719590306282043,0.8639940023422241,0.007892949506640434,0.7205245494842529,0.12684960663318634
74,15,1.143120288848877,1.1218100786209106,0.020852001383900642,4.582948684692383,0.1582203507423401
74,16,0.024437202140688896,0.024332355707883835,7.169426680775359e-05,0.33151519298553467,0.007050416432321072
74,17,0.8729144334793091,0.8653352856636047,0.007520922459661961,0.5820623636245728,0.15361273288726807
74,18,0.4492641091346741,0.4448202848434448,0.00441476795822382,0.29057714343070984,0.07785689830780029
74,19,0.3525177240371704,0.34848248958587646,0.004006255883723497,0.2896544337272644,0.03626830875873566
74,20,0.883284330368042,0.8631364703178406,0.019783787429332733,3.640395164489746,0.5874136686325073
74,21,0.2842341959476471,0.27053579688072205,0.013690013438463211,0.0837285965681076,0.045818012207746506
74,22,0.9559197425842285,0.9362626671791077,0.019055288285017014,6.01779842376709,0.1154070720076561
74,23,0.04230610281229019,0.041761212050914764,0.0005065234145149589,0.3836662471294403,0.018457122147083282
74,24,0.8966140747070312,0.8883273601531982,0.008240138180553913,0.4653749167919159,0.07934270054101944
74,25,0.19356153905391693,0.1915181428194046,0.002012846991419792,0.30548757314682007,0.013499810360372066
74,26,0.4336806535720825,0.42999500036239624,0.0036563402973115444,0.29318323731422424,0.0345647856593132
74,27,0.010842116549611092,0.010785064660012722,4.213125066598877e-05,0.14920635521411896,0.06049508601427078
74,28,0.9724557995796204,0.9430363178253174,0.02841956354677677,9.999423027038574,0.11640860885381699
74,29,0.4187387526035309,0.416140615940094,0.0024513646494597197,1.4677581787109375,0.04958758503198624
74,30,0.3340268135070801,0.3309056758880615,0.0030968342907726765,0.24295765161514282,0.01573179103434086
74,31,0.40655288100242615,0.40245693922042847,0.004068559966981411,0.27403202652931213,0.03925827518105507
74,32,0.018584448844194412,0.018501127138733864,4.571599492919631e-05,0.37605467438697815,0.0032557211816310883
74,33,0.849160373210907,0.8300672173500061,0.018706638365983963,3.865535020828247,0.5368327498435974
74,34,0.12540203332901,0.12442775070667267,0.0009685769327916205,0.05703910067677498,0.05509166419506073
74,35,0.023976001888513565,0.02385147288441658,8.730421541258693e-05,0.37224096059799194,0.007158106192946434
74,36,0.9394744038581848,0.9090765118598938,0.029677310958504677,7.205740928649902,0.12653550505638123
74,37,0.7238823175430298,0.7167650461196899,0.007015868555754423,1.0139036178588867,0.0778074562549591
74,38,0.01256896648555994,0.01249203272163868,6.237291381694376e-05,0.14561007916927338,0.04694993048906326
74,39,0.4416326880455017,0.4352293610572815,0.006183089688420296,2.2025232315063477,0.03595054894685745
74,40,0.12654760479927063,0.12551119923591614,0.0010311277583241463,0.05282454565167427,0.03718997538089752
74,41,0.24402202665805817,0.24208617210388184,0.0019134816247969866,0.22371691465377808,0.03818221762776375
74,42,0.026195531710982323,0.026088200509548187,7.203757559182122e-05,0.35294100642204285,0.007147330325096846
74,43,0.013956408947706223,0.013894007541239262,2.9723129046033137e-05,0.3267856538295746,0.0033009645994752645
74,44,0.024740047752857208,0.02460944838821888,9.50106987147592e-05,0.3558942973613739,0.006970403715968132
74,45,0.04248008131980896,0.04217109829187393,0.00026946497382596135,0.3951936364173889,0.01936997100710869
74,46,0.7196994423866272,0.7120314836502075,0.007595161907374859,0.7275174260139465,0.08629368245601654
74,47,0.13036221265792847,0.12785115838050842,0.0024938478600233793,0.17213493585586548,0.10108159482479095
74,48,0.649543285369873,0.636819064617157,0.012453692965209484,2.7057015895843506,0.24261140823364258
74,49,0.7560191750526428,0.7483618259429932,0.007574784569442272,0.8257274627685547,0.0916723906993866
74,50,0.6010468602180481,0.5896974802017212,0.01111920177936554,2.301743507385254,0.21625353395938873
74,51,0.4204871654510498,0.4144163727760315,0.006043214350938797,0.275606632232666,0.04452100023627281
74,52,0.8466765880584717,0.8391948342323303,0.007419374771416187,0.62399822473526,0.11135964095592499
74,53,0.013244008645415306,0.01316806860268116,6.0979524278081954e-05,0.14960318803787231,0.061616651713848114
74,54,0.20038360357284546,0.19818709790706635,0.0021567782387137413,0.3972876965999603,0.018897749483585358
74,55,0.12516240775585175,0.12340719252824783,0.0017401294317096472,0.15080586075782776,0.09707079827785492
74,56,1.055550456047058,1.0211700201034546,0.0334380567073822,9.423763275146484,0.14641182124614716
74,57,0.24677230417728424,0.2445775866508484,0.002164328470826149,0.30378958582878113,0.028233125805854797
74,58,0.011293984949588776,0.011234155856072903,4.57620553788729e-05,0.14067071676254272,0.05515985190868378
74,59,0.025058772414922714,0.024926992133259773,9.776669321581721e-05,0.34013646841049194,0.00739798229187727
74,60,0.023276587948203087,0.023177485913038254,6.534915883094072e-05,0.3375282883644104,0.005592485889792442
74,61,0.12647487223148346,0.12489092350006104,0.001568888546898961,0.15071150660514832,0.09166276454925537
74,62,0.8386528491973877,0.8284186124801636,0.010148009285330772,0.8623563647270203,0.12309212982654572
74,63,0.015083341859281063,0.015012593939900398,3.833338269032538e-05,0.3241496682167053,0.0035194531083106995
74,64,0.38799136877059937,0.3837721049785614,0.004196683876216412,0.22587886452674866,0.031083974987268448
74,65,0.015930863097310066,0.015857502818107605,4.022605935460888e-05,0.3313369154930115,0.0034578568302094936
74,66,0.43615713715553284,0.4315500855445862,0.004568989388644695,0.38052043318748474,0.055730611085891724
74,67,0.04169478267431259,0.04119713604450226,0.00045900786062702537,0.3863823115825653,0.02188119664788246
74,68,0.3260814845561981,0.3220858573913574,0.003936744760721922,0.5889394283294678,0.04182586818933487
74,69,1.1205741167068481,1.1070427894592285,0.012114675715565681,14.1668701171875,0.20455102622509003
74,70,0.9722371101379395,0.9427657127380371,0.02867933176457882,7.921144485473633,0.1885816603899002
74,71,0.019403507933020592,0.019290875643491745,7.431765698129311e-05,0.3831532597541809,0.0040928879752755165
74,72,0.6979515552520752,0.689274787902832,0.00860284361988306,0.7389823794364929,0.085054412484169
74,73,0.9461021423339844,0.9232507944107056,0.022054195404052734,7.971277713775635,0.11408259719610214
74,74,0.012084441259503365,0.012024948373436928,4.347262074588798e-05,0.16020621359348297,0.045863643288612366
74,75,0.1936473548412323,0.19132563471794128,0.0022930449340492487,0.28671202063560486,0.008419886231422424
74,76,0.3446272313594818,0.34165993332862854,0.0029542334377765656,0.13049638271331787,0.016122404485940933
74,77,0.126652330160141,0.12543657422065735,0.0012015164829790592,0.14242476224899292,0.07202864438295364
74,78,0.13614946603775024,0.1339099109172821,0.00222217058762908,0.17396320402622223,0.08328797668218613
74,79,0.013984829187393188,0.013874181546270847,7.737175474176183e-05,0.3327661454677582,0.0022472713608294725
74,80,0.44027382135391235,0.4332719147205353,0.006968406960368156,0.33491045236587524,0.03588448092341423
74,81,0.026542359963059425,0.026377398520708084,0.00012745431740768254,0.3750690221786499,0.005231231451034546
74,82,0.02193664386868477,0.02181091345846653,8.813147724140435e-05,0.3759861886501312,0.0016451518749818206
74,83,0.37266138195991516,0.36947742104530334,0.003173127071931958,0.10833357274532318,0.03158769756555557
74,84,0.8806888461112976,0.8521955609321594,0.028037216514348984,4.560700416564941,0.4795398712158203
74,85,0.19775821268558502,0.19600927829742432,0.0017242140602320433,0.24717558920383453,0.02146138623356819
74,86,0.4115889072418213,0.405878484249115,0.005592817440629005,1.1760671138763428,0.05131845921278
74,87,0.3408622741699219,0.3369215726852417,0.003914983943104744,0.2570856213569641,0.028795544058084488
74,88,0.8874686360359192,0.8805745244026184,0.006862189155071974,0.31943565607070923,0.08437242358922958
74,89,0.33396074175834656,0.33063042163848877,0.003307697596028447,0.22625578939914703,0.02181548997759819
74,90,0.01264477614313364,0.012567481026053429,6.47261185804382e-05,0.1256917417049408,0.04144938662648201
74,91,0.8735696077346802,0.8474525213241577,0.025340992957353592,7.761372089385986,0.3390524387359619
74,92,0.3501960039138794,0.3469083309173584,0.0032296464778482914,0.5803734064102173,0.024458974599838257
74,93,0.722802460193634,0.7174631357192993,0.005286067724227905,0.5319728851318359,0.07333877682685852
74,94,0.1939925104379654,0.19231009483337402,0.001653769752010703,0.2863906919956207,0.006660755258053541
74,95,0.4179683029651642,0.4117571711540222,0.00605057692155242,1.6054245233535767,0.038875430822372437
74,96,0.02389393374323845,0.006394064985215664,0.017499051988124847,0.008150423876941204,0.007484980393201113
74,97,0.47024405002593994,0.46368271112442017,0.0064981067553162575,0.6322846412658691,0.06935226917266846
74,98,0.4510747790336609,0.4410320222377777,0.00982638355344534,2.1637179851531982,0.08546368777751923
74,99,0.9336146116256714,0.9068189859390259,0.02621876262128353,5.768562316894531,0.14230355620384216
74,100,0.1372273862361908,0.13554967939853668,0.0016705389134585857,0.07162027060985565,0.09070805460214615
75,1,0.42807137966156006,0.42358964681625366,0.0044497353956103325,0.31999287009239197,0.04727323353290558
75,2,0.7977985143661499,0.776287317276001,0.02103576809167862,4.75391960144043,0.5757216215133667
75,3,0.21173813939094543,0.2090107500553131,0.002703302074223757,0.2407824695110321,0.02456444874405861
75,4,0.4968477785587311,0.4888361096382141,0.007807176094502211,2.0449302196502686,0.0531967431306839
75,5,0.014932666905224323,0.014868851751089096,5.1943050493719056e-05,0.11872556060552597,0.04027178883552551
75,6,0.043530870229005814,0.04333509877324104,0.00017048197332769632,0.2529256343841553,0.015716593712568283
75,7,0.12555985152721405,0.12479973584413528,0.0007562488899566233,0.038640160113573074,0.023578006774187088
75,8,0.9414321184158325,0.927809476852417,0.013395928777754307,2.267322063446045,0.03534689173102379
75,9,1.128939151763916,1.1041738986968994,0.023956499993801117,8.087451934814453,0.11130696535110474
75,10,0.8358405828475952,0.8189427852630615,0.016492195427417755,4.055891036987305,0.3772951066493988
75,11,0.8811387419700623,0.8417912125587463,0.03880191966891289,5.45599365234375,0.49716538190841675
75,12,0.8765280842781067,0.8495851755142212,0.0265288595110178,4.140624046325684,0.5917377471923828
75,13,1.1446864604949951,1.1296205520629883,0.014454417861998081,6.115997791290283,0.2001791149377823
75,14,0.06371891498565674,0.06341797113418579,0.0002667827357072383,0.34158098697662354,0.015343425795435905
75,15,0.26523011922836304,0.2629912197589874,0.002222455106675625,0.16441839933395386,0.0892641693353653
75,16,0.15185342729091644,0.15024444460868835,0.0015962000470608473,0.12781807780265808,0.10332983732223511
75,17,0.3993600606918335,0.39438575506210327,0.0048787337727844715,0.955615758895874,0.0596773624420166
75,18,1.041211485862732,1.015446424484253,0.024852441623806953,9.12617301940918,0.19330036640167236
75,19,0.19388628005981445,0.19183871150016785,0.0020226947963237762,0.24870789051055908,0.008197730407118797
75,20,0.9859330058097839,0.9537693858146667,0.031129803508520126,10.338226318359375,0.13296066224575043
75,21,0.02662956342101097,0.026596948504447937,2.2792466552346013e-05,0.09822465479373932,0.019444745033979416
75,22,0.36345669627189636,0.36099129915237427,0.002430358901619911,0.3505675792694092,0.005863489117473364
75,23,0.2401476800441742,0.23899787664413452,0.0011415022891014814,0.08300092071294785,0.014833465218544006
75,24,0.43652334809303284,0.43034011125564575,0.006062577478587627,1.2067363262176514,0.01604144275188446
75,25,0.7533426880836487,0.7471994161605835,0.006088626105338335,0.5466710925102234,0.06190861389040947
75,26,0.9024958610534668,0.8859795928001404,0.01616833359003067,3.4790327548980713,0.3512353301048279
75,27,0.5755206942558289,0.5644749999046326,0.010883666574954987,1.6201695203781128,0.27456966042518616
75,28,0.14331594109535217,0.14170993864536285,0.0015998287126421928,0.061763420701026917,0.07884004712104797
75,29,0.34363439679145813,0.33904731273651123,0.004551936872303486,0.351440966129303,0.027212947607040405
75,30,0.19289126992225647,0.1905744969844818,0.0022969490382820368,0.19821970164775848,0.0305803082883358
75,31,0.03395503759384155,0.03377285227179527,0.00014831993030384183,0.33865272998809814,0.0035141464322805405
75,32,0.8683958649635315,0.8482838273048401,0.019669584929943085,4.4245710372924805,0.6278709173202515
75,33,0.9304971098899841,0.9208338856697083,0.009607061743736267,0.5614768862724304,0.13084910809993744
75,34,0.6566254496574402,0.6424251198768616,0.013867009431123734,3.3333332538604736,0.28652578592300415
75,35,0.4576604962348938,0.4442481994628906,0.013236391358077526,1.7589842081069946,0.05160488188266754
75,36,0.24222637712955475,0.23980750143527985,0.0024046499747782946,0.14231537282466888,0.031036263331770897
75,37,0.8330863118171692,0.8275318741798401,0.005525148473680019,0.292875200510025,0.053992897272109985
75,38,0.20345959067344666,0.20204631984233856,0.001393761020153761,0.19501468539237976,0.007737823761999607
75,39,0.4308204650878906,0.42523354291915894,0.005480672232806683,1.062591552734375,0.027472643181681633
75,40,1.033434271812439,1.0063271522521973,0.026380464434623718,7.266672134399414,0.07405879348516464
75,41,0.941691517829895,0.9233694076538086,0.01776355877518654,5.585623264312744,0.23871859908103943
75,42,0.322832852602005,0.31989073753356934,0.002895597368478775,0.46514859795570374,0.03115479275584221
75,43,0.41973549127578735,0.41220760345458984,0.007417903747409582,1.099808931350708,0.07525990903377533
75,44,0.3413618803024292,0.33717018365859985,0.004162491299211979,0.29200267791748047,0.02448802813887596
75,45,0.015829013660550117,0.015776101499795914,3.054310946026817e-05,0.2236846387386322,0.0007823603809811175
75,46,0.45981279015541077,0.4529467523097992,0.006757333874702454,1.0869519710540771,0.0817798376083374
75,47,0.3515671491622925,0.34601396322250366,0.005503384862095118,0.49809035658836365,0.03253873437643051
75,48,0.6582880616188049,0.6381627321243286,0.019743137061595917,3.821582794189453,0.31542372703552246
75,49,1.1991684436798096,1.1728906631469727,0.02552691474556923,7.509279727935791,0.15508131682872772
75,50,0.38274842500686646,0.3799852728843689,0.002749622566625476,0.13530126214027405,0.04105358570814133
75,51,0.027423739433288574,0.027357306331396103,4.8615329433232546e-05,0.17818593978881836,0.0034809447824954987
75,52,0.04528627172112465,0.045105382800102234,0.00016223285638261586,0.18655389547348022,0.012467818334698677
75,53,0.857029914855957,0.8506996631622314,0.006274390034377575,0.5587106347084045,0.08981204032897949
75,54,0.40314483642578125,0.397290974855423,0.005794074852019548,0.5977547764778137,0.021243620663881302
75,55,0.13714058697223663,0.1352899968624115,0.0018371279584243894,0.13452404737472534,0.05975978821516037
75,56,0.012694436125457287,0.012663587927818298,2.2725311282556504e-05,0.08122554421424866,0.042905762791633606
75,57,0.4477671682834625,0.4427570402622223,0.00489351712167263,1.1662883758544922,0.03582310676574707
75,58,0.883158802986145,0.8656793236732483,0.01711365208029747,3.65875506401062,0.5635892748832703
75,59,0.13923804461956024,0.13571085035800934,0.0035095051862299442,0.17693987488746643,0.09078402817249298
75,60,0.6209567785263062,0.6108506917953491,0.009901000186800957,2.050755262374878,0.25552132725715637
75,61,0.4141562879085541,0.41184550523757935,0.002284922171384096,0.25880101323127747,0.05389254912734032
75,62,0.40382346510887146,0.4004926085472107,0.0033086324110627174,0.2222529500722885,0.05342864245176315
75,63,0.013722170144319534,0.013668286614120007,4.2580795707181096e-05,0.11302559077739716,0.0698196142911911
75,64,0.01311853714287281,0.013063452206552029,4.362007894087583e-05,0.11464632302522659,0.06537259370088577
75,65,0.09278607368469238,0.09236380457878113,0.00041687203338369727,0.053955789655447006,0.01027894951403141
75,66,0.4905050992965698,0.4808691143989563,0.009408527985215187,2.2746617794036865,0.04683558642864227
75,67,0.4391492009162903,0.428975373506546,0.010024703107774258,1.4913067817687988,0.05861079320311546
75,68,0.1289587765932083,0.12737172842025757,0.0015805435832589865,0.06505828350782394,0.05787982791662216
75,69,0.04522724077105522,0.04491144418716431,0.00028170604491606355,0.3408994972705841,0.019817650318145752
75,70,0.015618160367012024,0.015558851882815361,2.967244654428214e-05,0.2963576316833496,0.0013161051319912076
75,71,0.7417401075363159,0.7320957183837891,0.009581822901964188,0.625730574131012,0.08794243633747101
75,72,0.016310352832078934,0.016245484352111816,3.305524296592921e-05,0.31813323497772217,0.0016377386637032032
75,73,0.12806805968284607,0.12715092301368713,0.0009112217230722308,0.05917907878756523,0.05839758738875389
75,74,0.24563482403755188,0.2435685694217682,0.002040715189650655,0.2553707957267761,0.058813244104385376
75,75,0.14003801345825195,0.1353415697813034,0.004672035574913025,0.2440618872642517,0.12074987590312958
75,76,0.8622594475746155,0.8528915643692017,0.009325306862592697,0.42559561133384705,0.09052371978759766
75,77,0.02489354833960533,0.024781782180070877,7.619758980581537e-05,0.3556874990463257,0.0059017944149672985
75,78,0.19932147860527039,0.1970731019973755,0.0022123572416603565,0.3601406514644623,0.014897055923938751
75,79,0.2327796369791031,0.23070338368415833,0.0020590978674590588,0.17156200110912323,0.04431905969977379
75,80,0.23393560945987701,0.23150703310966492,0.0024077901616692543,0.20781774818897247,0.04438507556915283
75,81,0.3834547996520996,0.3805720806121826,0.0028687473386526108,0.13976562023162842,0.028622183948755264
75,82,0.3416196405887604,0.33779144287109375,0.0037962133064866066,0.3196330666542053,0.012662196531891823
75,83,1.1702812910079956,1.134708046913147,0.034974731504917145,5.9856719970703125,0.18293234705924988
75,84,0.026419872418045998,0.026266925036907196,0.00011842905223602429,0.3451862335205078,0.007187851704657078
75,85,0.6914326548576355,0.6858132481575012,0.005567731335759163,0.5168284177780151,0.08738182485103607
75,86,0.47349539399147034,0.4675297141075134,0.005914445035159588,0.5123158693313599,0.058178048580884933
75,87,0.3431980609893799,0.3376045227050781,0.005483819637447596,1.0974094867706299,0.045433253049850464
75,88,0.33412230014801025,0.32969751954078674,0.004405349027365446,0.19430093467235565,0.02237873151898384
75,89,0.13181361556053162,0.1307259202003479,0.001081943861208856,0.057527996599674225,0.06467777490615845
75,90,0.6499574780464172,0.6372627019882202,0.012427909299731255,2.6685118675231934,0.28196340799331665
75,91,0.040355946868658066,0.04004083201289177,0.00027960262377746403,0.35512980818748474,0.019546158611774445
75,92,0.7327871322631836,0.722324013710022,0.0103950509801507,0.680936872959137,0.0883335992693901
75,93,0.04052669182419777,0.0402931310236454,0.0001995992788579315,0.33959531784057617,0.018789028748869896
75,94,0.23740868270397186,0.23554402589797974,0.001847981009632349,0.16673970222473145,0.03546585887670517
75,95,0.22994984686374664,0.22821877896785736,0.0017184596508741379,0.126072958111763,0.03353060781955719
75,96,0.8344031572341919,0.8155303597450256,0.018361542373895645,5.1125640869140625,0.3431815505027771
75,97,0.39824381470680237,0.39500153064727783,0.0031647933647036552,0.7747524976730347,0.03457461670041084
75,98,0.011585777625441551,0.011526050046086311,4.528934368863702e-05,0.14438408613204956,0.05932588502764702
75,99,0.041260361671447754,0.04084193333983421,0.0003838292323052883,0.3459927439689636,0.020557474344968796
75,100,0.4137527048587799,0.409564733505249,0.0040536136366426945,1.3435802459716797,0.04636158049106598
76,1,0.23484499752521515,0.23304224014282227,0.0017860981170088053,0.1666552573442459,0.05691172927618027
76,2,0.11988236010074615,0.11912775039672852,0.000750077364500612,0.045308467000722885,0.04811512678861618
76,3,0.023439273238182068,0.023230670019984245,0.00020845976541750133,0.001439532614313066,0.004661282058805227
76,4,0.12053076177835464,0.11946789920330048,0.0010581865208223462,0.046822018921375275,0.050457000732421875
76,5,0.885741114616394,0.8789775967597961,0.006687114015221596,0.7639387845993042,0.09110470116138458
76,6,0.04090481996536255,0.04060987010598183,0.00025881832698360085,0.36131393909454346,0.01890692301094532
76,7,0.8803924918174744,0.8697750568389893,0.010537799447774887,0.7960430979728699,0.12495868653059006
76,8,0.18360084295272827,0.18106649816036224,0.0025162820238620043,0.18065093457698822,0.013693204149603844
76,9,0.4218457043170929,0.4169997274875641,0.004723456688225269,1.2251838445663452,0.04216325283050537
76,10,0.3220529854297638,0.3197988271713257,0.0022376724518835545,0.16473162174224854,0.01094693224877119
76,11,0.3744725286960602,0.37110134959220886,0.003358617424964905,0.12543144822120667,0.017769306898117065
76,12,0.8241595029830933,0.8032170534133911,0.020418629050254822,5.238238334655762,0.3769523501396179
76,13,0.3065713047981262,0.3045606017112732,0.0019983239471912384,0.12378961592912674,0.009122231975197792
76,14,0.12625837326049805,0.1253366321325302,0.0009168420219793916,0.04908773675560951,0.028106503188610077
76,15,0.36837679147720337,0.3638875186443329,0.004419590346515179,0.6968759298324585,0.025246188044548035
76,16,0.014209793880581856,0.014154698699712753,4.045842797495425e-05,0.14636299014091492,0.037332914769649506
76,17,1.1224195957183838,1.1032129526138306,0.018694475293159485,5.121016025543213,0.15441182255744934
76,18,0.1255355328321457,0.1237228512763977,0.001800627214834094,0.12049704045057297,0.0823359489440918
76,19,0.012399490922689438,0.012335803359746933,3.3371041354257613e-05,0.303165078163147,0.002402123063802719
76,20,0.12775354087352753,0.1252848207950592,0.0024535907432436943,0.15130659937858582,0.11094948649406433
76,21,0.052164074033498764,0.05182399973273277,0.0002989675267599523,0.4110866189002991,0.02653321996331215
76,22,0.014402486383914948,0.014331059530377388,3.890421794494614e-05,0.32522615790367126,0.001800746307708323
76,23,1.1212992668151855,1.1006581783294678,0.020257694646716118,3.833893060684204,0.18496550619602203
76,24,0.8635491728782654,0.8421768546104431,0.020758792757987976,6.134872913360596,0.46511101722717285
76,25,0.01604698970913887,0.0159650556743145,6.596521416213363e-05,0.1596836894750595,0.07980555295944214
76,26,0.13012585043907166,0.12922358512878418,0.0008963532745838165,0.05918333679437637,0.05822989344596863
76,27,0.4069616496562958,0.40162453055381775,0.005283542908728123,0.5356981754302979,0.03756368160247803
76,28,0.8760773539543152,0.8508525490760803,0.024834442883729935,3.903215169906616,0.42226311564445496
76,29,0.39494046568870544,0.3925851285457611,0.0023299811873584986,0.2535738945007324,0.023624762892723083
76,30,0.34447193145751953,0.3415442705154419,0.0028999983333051205,0.27650970220565796,0.012923486530780792
76,31,0.04524024575948715,0.044993311166763306,0.00021547877986449748,0.3145551383495331,0.018899016082286835
76,32,0.9398661255836487,0.9166749715805054,0.022541075944900513,6.500968933105469,0.1046299859881401
76,33,0.18534903228282928,0.18422549962997437,0.0011095826048403978,0.13953174650669098,0.006596908904612064
76,34,0.015979601070284843,0.01593043841421604,3.511608156259172e-05,0.14046216011047363,0.03376677632331848
76,35,0.6647994518280029,0.6494982242584229,0.014919968321919441,3.812262773513794,0.18245747685432434
76,36,0.819383442401886,0.8014366626739502,0.017648689448833466,2.980572462081909,0.4805900454521179
76,37,0.1212223470211029,0.1202535331249237,0.0009639331256039441,0.04879404976963997,0.04277045279741287
76,38,0.8333648443222046,0.8153340220451355,0.017563000321388245,4.678524494171143,0.5118108987808228
76,39,0.3240940570831299,0.3211202621459961,0.0029608302284032106,0.1296604722738266,0.025406498461961746
76,40,0.4208063781261444,0.41640281677246094,0.0043103983625769615,0.9315751791000366,0.06111052259802818
76,41,0.879953145980835,0.8617630004882812,0.017726857215166092,4.633140563964844,0.4320129156112671
76,42,1.0941632986068726,1.0550956726074219,0.03762412816286087,14.435041427612305,0.2017524689435959
76,43,0.1857871115207672,0.1833210587501526,0.0024470689240843058,0.18983115255832672,0.017840992659330368
76,44,0.6605564951896667,0.6483484506607056,0.011893626302480698,3.143872022628784,0.28007200360298157
76,45,0.4308353364467621,0.427525132894516,0.003172424854710698,1.3776952028274536,0.04506474733352661
76,46,0.12517346441745758,0.12411962449550629,0.0010484086815267801,0.054292745888233185,0.04084883630275726
76,47,0.4165641963481903,0.40978124737739563,0.006640392355620861,1.42534601688385,0.03325478732585907
76,48,0.011893555521965027,0.011808210983872414,6.757622759323567e-05,0.1776871681213379,0.04976221174001694
76,49,0.01771659590303898,0.01767832413315773,8.134230483847205e-06,0.3013751804828644,0.0019433508859947324
76,50,0.694229245185852,0.687244176864624,0.006919761188328266,0.6530876755714417,0.0662185549736023
76,51,0.3563780188560486,0.35318103432655334,0.003180086612701416,0.1689852774143219,0.025235671550035477
76,52,0.4430259168148041,0.4344038963317871,0.008359895087778568,2.621018171310425,0.054184965789318085
76,53,1.1090421676635742,1.0868690013885498,0.020847003906965256,13.262048721313477,0.21303950250148773
76,54,0.9483972787857056,0.9155101776123047,0.03173547983169556,11.516160011291504,0.13103526830673218
76,55,0.01266347523778677,0.012587795965373516,5.704431896447204e-05,0.1863468885421753,0.08539275825023651
76,56,0.13154803216457367,0.13040658831596375,0.0011346505489200354,0.06798641383647919,0.056924596428871155
76,57,0.8578514456748962,0.8344001173973083,0.02278205379843712,6.692875862121582,0.3645644783973694
76,58,0.012644142843782902,0.012563592754304409,6.358780956361443e-05,0.16962459683418274,0.07202108204364777
76,59,0.6838786005973816,0.6786799430847168,0.00516174454241991,0.3688613176345825,0.057154666632413864
76,60,1.2220885753631592,1.203336238861084,0.018259402364492416,4.92915678024292,0.13008154928684235
76,61,0.8560583591461182,0.8439087867736816,0.011535072699189186,6.145150184631348,0.334722638130188
76,62,0.6006702780723572,0.5920875072479248,0.00843673013150692,1.4603060483932495,0.23054690659046173
76,63,0.04263225197792053,0.04216901957988739,0.0004263275768607855,0.3690727651119232,0.02245631441473961
76,64,0.01943112164735794,0.01932641491293907,7.083745731506497e-05,0.3386869728565216,0.0034862493630498648
76,65,0.9294697642326355,0.9209727048873901,0.008442305028438568,0.5480327010154724,0.12218623608350754
76,66,0.014782559126615524,0.014708450064063072,4.226170858601108e-05,0.3184749484062195,0.004172266460955143
76,67,0.4493423104286194,0.44414377212524414,0.005168118979781866,0.30417993664741516,0.04420502483844757
76,68,0.9232805967330933,0.9117894172668457,0.011425919830799103,0.6525547504425049,0.11909443885087967
76,69,0.025454115122556686,0.025329984724521637,9.22653780435212e-05,0.3186478018760681,0.00949052907526493
76,70,0.901673436164856,0.8634358644485474,0.037413887679576874,8.237040519714355,0.7200562953948975
76,71,1.2144842147827148,1.176194667816162,0.037363506853580475,9.260013580322266,0.2246541976928711
76,72,0.3744312524795532,0.37185046076774597,0.0025714547373354435,0.09320780634880066,0.013883201405405998
76,73,0.9688608050346375,0.9632418155670166,0.005561591126024723,0.5738779902458191,0.06149597465991974
76,74,0.12654371559619904,0.12591305375099182,0.0006265260162763298,0.041426729410886765,0.024971293285489082
76,75,0.1880834847688675,0.1861766278743744,0.0018840380944311619,0.22810077667236328,0.00931891705840826
76,76,0.6163256168365479,0.6107519865036011,0.005466490983963013,1.0719845294952393,0.14247441291809082
76,77,1.1282680034637451,1.1222059726715088,0.00575877632945776,3.032149076461792,0.07934215664863586
76,78,0.416041761636734,0.41116863489151,0.0047912923619151115,0.8183534145355225,0.05173899605870247
76,79,0.3510741591453552,0.3488479256629944,0.002208956517279148,0.17281582951545715,0.02927481383085251
76,80,0.01735248602926731,0.01728217862546444,5.393144238041714e-05,0.1637701392173767,0.08918087184429169
76,81,0.03019990772008896,0.03005620464682579,0.00010256508539896458,0.41138410568237305,0.006379990838468075
76,82,0.8726814389228821,0.860051155090332,0.012350866571068764,2.7942957878112793,0.5494496822357178
76,83,0.4760473072528839,0.4700116217136383,0.005995174404233694,0.40495333075523376,0.07346060872077942
76,84,0.9174164533615112,0.9070212244987488,0.010320287197828293,0.7494946122169495,0.18218284845352173
76,85,0.7939613461494446,0.7858565449714661,0.007804854307323694,2.9993247985839844,0.4792243242263794
76,86,0.011325673200190067,0.005500004626810551,0.005825508385896683,0.001600535586476326,0.0026873978786170483
76,87,0.4374380111694336,0.43298089504241943,0.004426997154951096,0.30141541361808777,0.04306000471115112
76,88,0.19781892001628876,0.19588203728199005,0.0019081099890172482,0.28768399357795715,0.0063707781955599785
76,89,1.1821166276931763,1.1579210758209229,0.023666609078645706,5.289788246154785,0.13978266716003418
76,90,0.9138054847717285,0.9031729698181152,0.010497617535293102,1.3485575914382935,0.11113062500953674
76,91,0.44038763642311096,0.422593891620636,0.017600327730178833,1.9342156648635864,0.032656341791152954
76,92,0.11918146908283234,0.11812041699886322,0.0010563263203948736,0.04721149057149887,0.03152008727192879
76,93,0.15289416909217834,0.14266380667686462,0.010226343758404255,0.0402737595140934,0.013459943234920502
76,94,0.14189021289348602,0.1384655386209488,0.003387435572221875,0.3724396526813507,0.10084053874015808
76,95,0.6245461106300354,0.6089227199554443,0.01533436868339777,2.8900601863861084,0.27491575479507446
76,96,0.32509538531303406,0.32151421904563904,0.003541352925822139,0.3980419337749481,0.05242543667554855
76,97,0.7846457362174988,0.7742347717285156,0.010310856625437737,1.0014638900756836,0.15359337627887726
76,98,0.13294841349124908,0.13180749118328094,0.0011296654120087624,0.1125139519572258,0.0693066343665123
76,99,0.043761976063251495,0.043369900435209274,0.0003641018411144614,0.2797165513038635,0.0152375977486372
76,100,0.41694003343582153,0.4104856252670288,0.006429503671824932,0.24917274713516235,0.04886116832494736
77,1,0.46641266345977783,0.46146029233932495,0.004840244073420763,1.1211531162261963,0.05149555206298828
77,2,0.7206098437309265,0.7138525247573853,0.006691248156130314,0.6604277491569519,0.08419910073280334
77,3,0.21987009048461914,0.2187017798423767,0.0011622412130236626,0.060692597180604935,0.03440907597541809
77,4,0.6985265016555786,0.6920305490493774,0.006442646495997906,0.532742977142334,0.06477010250091553
77,5,0.8930476307868958,0.8835135698318481,0.009026022627949715,5.079892158508301,0.4081791043281555
77,6,0.4272245466709137,0.4220459461212158,0.005077424459159374,1.0117545127868652,0.03394079953432083
77,7,0.04236966371536255,0.04204511269927025,0.00030051061185076833,0.24037596583366394,0.01784779690206051
77,8,0.4495917856693268,0.44537675380706787,0.004075639881193638,1.393854022026062,0.04576501622796059
77,9,0.8720610737800598,0.8450596332550049,0.02631002850830555,6.914190769195557,0.36232125759124756
77,10,0.018005752936005592,0.017922231927514076,5.812315794173628e-05,0.253965824842453,0.002684428822249174
77,11,0.013250915333628654,0.013182402588427067,5.5511573009425774e-05,0.13000990450382233,0.060498349368572235
77,12,0.9531810879707336,0.9266642332077026,0.025963108986616135,5.537478446960449,0.15604491531848907
77,13,0.04297725856304169,0.042693428695201874,0.0002508477191440761,0.3298189640045166,0.016299374401569366
77,14,0.4068073034286499,0.4010660946369171,0.005598485004156828,1.427161693572998,0.06131227687001228
77,15,1.0872641801834106,1.0360755920410156,0.04993615299463272,12.524026870727539,0.25051406025886536
77,16,0.8480760455131531,0.8376908302307129,0.010345789603888988,0.39424270391464233,0.09805220365524292
77,17,0.12347104400396347,0.12289854139089584,0.0005681589245796204,0.04341713339090347,0.02800516039133072
77,18,0.12514077126979828,0.12447523325681686,0.0006608976982533932,0.046315837651491165,0.025216098874807358
77,19,0.7135632634162903,0.7057315707206726,0.007768711075186729,0.6301568150520325,0.05344558134675026
77,20,0.1894228756427765,0.18776676058769226,0.0016413574339821935,0.1475621461868286,0.01101465430110693
77,21,0.12820293009281158,0.1274806708097458,0.000717323157005012,0.04937594383955002,0.02307017333805561
77,22,1.101783037185669,1.0737847089767456,0.0269364882260561,10.618224143981934,0.10645747184753418
77,23,0.04483147710561752,0.04445313289761543,0.0003447327180765569,0.33612796664237976,0.018242284655570984
77,24,0.4503217339515686,0.44521862268447876,0.005072625353932381,0.30487310886383057,0.028693361207842827
77,25,0.8806933164596558,0.8498598337173462,0.030067050829529762,7.664718151092529,0.32917195558547974
77,26,0.1308557391166687,0.12933382391929626,0.0015101078897714615,0.11800120025873184,0.10360832512378693
77,27,0.7662925720214844,0.7434238791465759,0.02240757644176483,4.611311435699463,0.40442416071891785
77,28,0.8417075276374817,0.8320037126541138,0.009632246568799019,0.7155744433403015,0.16201165318489075
77,29,0.4741419851779938,0.4679434299468994,0.0061263637617230415,0.7216653823852539,0.08525662124156952
77,30,0.8590181469917297,0.8367700576782227,0.021871529519557953,3.765821695327759,0.6193257570266724
77,31,0.41078639030456543,0.4070594608783722,0.00371619313955307,0.10715490579605103,0.0636950433254242
77,32,0.21800591051578522,0.2154535949230194,0.002532032784074545,0.20279432833194733,0.03972518444061279
77,33,0.25101643800735474,0.24915316700935364,0.0018456759862601757,0.17586970329284668,0.06082694232463837
77,34,0.040807902812957764,0.04057088494300842,0.00019624136621132493,0.40777388215065,0.01753777451813221
77,35,0.028479568660259247,0.02834489196538925,9.620502532925457e-05,0.3847101330757141,0.007511887699365616
77,36,1.027217984199524,1.0069986581802368,0.01969427801668644,5.249425411224365,0.10861063748598099
77,37,0.023712147027254105,0.02363455481827259,4.203207936370745e-05,0.355592280626297,0.0034663844853639603
77,38,0.446910560131073,0.44218283891677856,0.004625088535249233,1.0262935161590576,0.03337772563099861
77,39,0.021895498037338257,0.021805979311466217,5.2146599045954645e-05,0.3737225830554962,0.0028576429467648268
77,40,0.04555009678006172,0.04531506448984146,0.00019595239427872002,0.39076876640319824,0.01412745751440525
77,41,1.003288745880127,0.9849629402160645,0.01781988888978958,5.058674335479736,0.46647751331329346
77,42,0.3843553364276886,0.38162487745285034,0.002720218151807785,0.10264977812767029,0.0413757860660553
77,43,0.1329798400402069,0.13005796074867249,0.002908379305154085,0.1349906325340271,0.09852482378482819
77,44,0.416349321603775,0.4109857678413391,0.005250419024378061,1.131445050239563,0.06693655252456665
77,45,0.4127279222011566,0.40924614667892456,0.0034540798515081406,0.27697816491127014,0.051753491163253784
77,46,0.02682688646018505,0.026675261557102203,0.00011724285286618397,0.3438195586204529,0.005469917319715023
77,47,0.7153396010398865,0.7046644687652588,0.010613793507218361,0.6131265163421631,0.1068563163280487
77,48,0.028797490522265434,0.02871759980916977,4.706990876002237e-05,0.32821768522262573,0.005130745470523834
77,49,0.42130282521247864,0.4148876667022705,0.006301376037299633,1.137853741645813,0.03793229162693024
77,50,0.03529084846377373,0.035232700407505035,2.8428119549062103e-05,0.29722195863723755,0.005240363068878651
77,51,0.33320358395576477,0.32909077405929565,0.004069049842655659,0.4375982880592346,0.025265073403716087
77,52,0.25519832968711853,0.25223207473754883,0.0029434319585561752,0.22823745012283325,0.04090723395347595
77,53,0.9149453043937683,0.9036062359809875,0.01034586876630783,9.931833267211914,0.11835283041000366
77,54,0.4850538372993469,0.47607874870300293,0.008859064429998398,1.1600838899612427,0.06013470143079758
77,55,1.10277259349823,1.05898916721344,0.04234635829925537,14.370196342468262,0.24604716897010803
77,56,0.4761926233768463,0.4677141010761261,0.0083212461322546,1.5726933479309082,0.05945514142513275
77,57,0.41010957956314087,0.40399739146232605,0.0059929415583610535,1.1923750638961792,0.05313416197896004
77,58,0.42746350169181824,0.42301157116889954,0.004420350305736065,0.31587591767311096,0.03809583932161331
77,59,0.3994985818862915,0.39403992891311646,0.005414338782429695,0.4431537687778473,0.041681502014398575
77,60,0.016040727496147156,0.01597316563129425,3.667730197776109e-05,0.30884528160095215,0.002106827450916171
77,61,0.39508041739463806,0.3923775553703308,0.0026849335990846157,0.17940618097782135,0.040921833366155624
77,62,0.0189303457736969,0.018844937905669212,5.359001806937158e-05,0.3181809186935425,0.0027037588879466057
77,63,0.42959269881248474,0.42247843742370605,0.006974793970584869,1.3947831392288208,0.036565154790878296
77,64,0.6177248954772949,0.6037871241569519,0.013632380403578281,3.054243326187134,0.18415877223014832
77,65,0.9038354158401489,0.8950512409210205,0.008667705580592155,1.1644947528839111,0.08488063514232635
77,66,0.12226013839244843,0.12081927061080933,0.0014277183217927814,0.1315021812915802,0.0758531391620636
77,67,0.8830010294914246,0.8716388940811157,0.011289291083812714,0.7284116744995117,0.11710653454065323
77,68,1.1094950437545776,1.085705280303955,0.0233149453997612,4.748114109039307,0.1755213439464569
77,69,0.12393811345100403,0.12286350131034851,0.001069105346687138,0.05506296828389168,0.06112551689147949
77,70,0.8899696469306946,0.8804354667663574,0.009449269622564316,0.8493415117263794,0.10595054924488068
77,71,1.1012893915176392,1.0781922340393066,0.022733036428689957,3.640842914581299,0.17502903938293457
77,72,1.2236086130142212,1.1764676570892334,0.04592272639274597,12.181410789489746,0.21104589104652405
77,73,0.7167153358459473,0.7102024555206299,0.006457459181547165,0.5543507933616638,0.08720752596855164
77,74,0.43602702021598816,0.42820262908935547,0.007670175284147263,1.5421358346939087,0.046231307089328766
77,75,0.12540145218372345,0.12406151741743088,0.0013341528829187155,0.057839468121528625,0.05187365040183067
77,76,0.37995392084121704,0.37583333253860474,0.004083229228854179,0.37373510003089905,0.0341796837747097
77,77,0.020576704293489456,0.020486366003751755,6.153792492114007e-05,0.2880063056945801,0.004034753423184156
77,78,0.9761517643928528,0.946639358997345,0.028514616191387177,9.97767162322998,0.15165087580680847
77,79,0.017472965642809868,0.017398761585354805,4.694092785939574e-05,0.2726312279701233,0.00387320457957685
77,80,0.33963409066200256,0.336358904838562,0.003229830414056778,0.4535931944847107,0.03290390968322754
77,81,0.25348761677742004,0.2515798807144165,0.0018875220557674766,0.20216667652130127,0.051670342683792114
77,82,0.020060716196894646,0.019970541819930077,5.8015488320961595e-05,0.3215900659561157,0.0032037757337093353
77,83,0.6786258220672607,0.6579272747039795,0.020405292510986328,2.9323534965515137,0.2615489959716797
77,84,0.41553056240081787,0.4108472168445587,0.00459151528775692,0.9181877970695496,0.062302205711603165
77,85,0.9357189536094666,0.9254026412963867,0.009662343189120293,6.5395355224609375,0.12262360751628876
77,86,1.1071088314056396,1.0729882717132568,0.0331336073577404,9.869331359863281,0.1874588131904602
77,87,0.9303617477416992,0.9052870869636536,0.02437242865562439,7.022853374481201,0.42736759781837463
77,88,0.42786309123039246,0.421842098236084,0.00598900904878974,0.31975704431533813,0.054740726947784424
77,89,0.7375556230545044,0.7280088663101196,0.009446141310036182,1.0061250925064087,0.10492949187755585
77,90,0.949543833732605,0.9233746528625488,0.02509773150086403,10.714399337768555,0.1695333570241928
77,91,0.8630948066711426,0.8511451482772827,0.011854822747409344,0.948546826839447,0.10458844900131226
77,92,0.13100580871105194,0.12915298342704773,0.0018444026354700327,0.08421751111745834,0.0753093808889389
77,93,0.4109905958175659,0.4065951704978943,0.004230545833706856,1.6486694812774658,0.052686553448438644
77,94,0.3953198790550232,0.39119094610214233,0.004098253324627876,0.3067775368690491,0.03919045254588127
77,95,0.02533758617937565,0.025165574625134468,0.00012976277503184974,0.42248111963272095,0.009367480874061584
77,96,0.42370545864105225,0.41941800713539124,0.004100372549146414,1.8705589771270752,0.020504776388406754
77,97,0.2336232215166092,0.2314721792936325,0.002126498846337199,0.24548742175102234,0.0356593057513237
77,98,0.13121573626995087,0.13017407059669495,0.0010346963535994291,0.0696646049618721,0.02937973290681839
77,99,0.6766760349273682,0.6564973592758179,0.019737843424081802,4.408554553985596,0.14937347173690796
77,100,0.8609243035316467,0.8302897214889526,0.03016606532037258,4.685157775878906,0.39312943816185
78,1,0.18541693687438965,0.18298953771591187,0.0024043526500463486,0.23045699298381805,0.018832799047231674
78,2,0.22460392117500305,0.22293363511562347,0.001658574678003788,0.11718426644802094,0.06848099827766418
78,3,0.049258921295404434,0.04872366786003113,0.0004905267851427197,0.44726523756980896,0.027162915095686913
78,4,0.734631359577179,0.7164682149887085,0.01773066259920597,4.324936866760254,0.11583675444126129
78,5,0.44125765562057495,0.43823501467704773,0.002870907075703144,1.5170962810516357,0.06646040081977844
78,6,0.04405340552330017,0.04372463375329971,0.0002886870061047375,0.40083548426628113,0.022990450263023376
78,7,0.32978224754333496,0.3269377648830414,0.0028097289614379406,0.3473675549030304,0.051951777189970016
78,8,0.23509669303894043,0.23295991122722626,0.0021200242917984724,0.16763940453529358,0.056523241102695465
78,9,0.40629470348358154,0.4034695029258728,0.0027991128154098988,0.26073986291885376,0.040370576083660126
78,10,0.2528766989707947,0.25088462233543396,0.001960862660780549,0.31189969182014465,0.02096141129732132
78,11,0.3670128881931305,0.3639276623725891,0.0030735782347619534,0.11641430109739304,0.02011418156325817
78,12,1.0252373218536377,1.0076179504394531,0.01735120639204979,2.681950569152832,0.16114622354507446
78,13,0.38154152035713196,0.3791627585887909,0.0023684354964643717,0.1030261293053627,0.018897203728556633
78,14,0.4154193699359894,0.4118783473968506,0.003500180784612894,0.40815675258636475,0.027869613841176033
78,15,0.4765053391456604,0.46853670477867126,0.0077796922996640205,1.8893903493881226,0.037279341369867325
78,16,0.4282044768333435,0.42178046703338623,0.0062321629375219345,1.9183151721954346,0.03070196509361267
78,17,0.02662583626806736,0.0265132337808609,7.754516991553828e-05,0.3505714237689972,0.009772386401891708
78,18,0.6807017922401428,0.6741761565208435,0.006460733711719513,0.6489340662956238,0.09215322136878967
78,19,0.9612168073654175,0.9210001230239868,0.039289429783821106,9.272797584533691,0.1737554520368576
78,20,0.7816362977027893,0.7724481821060181,0.009101797826588154,0.8630719184875488,0.1162249743938446
78,21,0.3943445384502411,0.39157113432884216,0.0027488069608807564,0.2458447962999344,0.036574508994817734
78,22,0.4128063917160034,0.40639710426330566,0.0063795545138418674,0.2975076138973236,0.05441245436668396
78,23,0.10094095766544342,0.09005328267812729,0.010885647498071194,0.02027808129787445,0.01321764662861824
78,24,0.2333555966615677,0.23108014464378357,0.002255495171993971,0.1995031237602234,0.050474658608436584
78,25,0.8258854746818542,0.8090285062789917,0.016574256122112274,2.82696795463562,0.6254788041114807
78,26,0.4417741894721985,0.43793362379074097,0.0038114506751298904,0.2910686433315277,0.048094846308231354
78,27,0.2247965931892395,0.2227994054555893,0.0019863895140588284,0.1080690398812294,0.05086209625005722
78,28,1.0010863542556763,0.9754743576049805,0.024728015065193176,8.839105606079102,0.11327937990427017
78,29,0.02044539712369442,0.020349377766251564,5.900063115404919e-05,0.3701866567134857,0.003826937172561884
78,30,0.4201124310493469,0.41352957487106323,0.006419977638870478,1.628796100616455,0.04827866330742836
78,31,0.023481300100684166,0.023375825956463814,6.904203473823145e-05,0.364321768283844,0.006098870653659105
78,32,0.014071576297283173,0.014002647250890732,3.5609951737569645e-05,0.3331909477710724,0.0033525200560688972
78,33,0.026737406849861145,0.026593368500471115,0.00014323319192044437,0.008046479895710945,0.005751848220825195
78,34,0.01538084913045168,0.015306559391319752,4.091447772225365e-05,0.33374667167663574,0.0034996974281966686
78,35,0.12336727231740952,0.12220943719148636,0.0011525561567395926,0.05281496047973633,0.03838349133729935
78,36,0.19595827162265778,0.19420680403709412,0.0017153772059828043,0.3608720898628235,0.007689561229199171
78,37,0.1253724992275238,0.12402208894491196,0.0013370770029723644,0.1333635002374649,0.08607299625873566
78,38,0.026089265942573547,0.02595851942896843,9.595653682481498e-05,0.34789612889289856,0.007165131159126759
78,39,0.38249239325523376,0.3776994049549103,0.004748165141791105,0.4482836425304413,0.030270226299762726
78,40,1.1795767545700073,1.1586520671844482,0.020412061363458633,5.125479221343994,0.13914397358894348
78,41,1.0456035137176514,1.021112322807312,0.02371121570467949,7.79954195022583,0.1719527542591095
78,42,1.0667827129364014,1.0365267992019653,0.029049724340438843,12.06116008758545,0.15675663948059082
78,43,0.4394119679927826,0.4310634732246399,0.008225060999393463,1.2342907190322876,0.06219305843114853
78,44,0.9953538179397583,0.9655171632766724,0.0292510949075222,5.855275630950928,0.19097867608070374
78,45,0.3312973380088806,0.32879942655563354,0.002437135437503457,0.607611358165741,0.05146227031946182
78,46,0.020378556102514267,0.0202877726405859,5.7052318879868835e-05,0.337298184633255,0.0023621029686182737
78,47,0.1303260773420334,0.12913061678409576,0.001188840949907899,0.06621919572353363,0.054334040731191635
78,48,1.0706090927124023,1.0249450206756592,0.044234126806259155,14.299657821655273,0.19915583729743958
78,49,0.018693871796131134,0.018615400418639183,4.765646008308977e-05,0.30814671516418457,0.002834996208548546
78,50,0.015419370494782925,0.015363113954663277,2.78938896371983e-05,0.2836247682571411,0.002356556709855795
78,51,0.9329861998558044,0.904995858669281,0.027285095304250717,7.052132606506348,0.11307874321937561
78,52,0.013076039031147957,0.01296925637871027,9.32591428863816e-05,0.13524194061756134,0.04954494908452034
78,53,0.815649688243866,0.804224967956543,0.010811490938067436,6.131921768188477,0.38687026500701904
78,54,0.6372833847999573,0.6247278451919556,0.012336848303675652,2.1868553161621094,0.21484163403511047
78,55,0.3617696762084961,0.3562355935573578,0.005498841404914856,0.3523998558521271,0.015978386625647545
78,56,0.8423050045967102,0.8354721665382385,0.006803805474191904,0.290082186460495,0.06966456770896912
78,57,0.20115026831626892,0.19943872094154358,0.001686113653704524,0.254433274269104,0.01072457991540432
78,58,0.9211122393608093,0.892892062664032,0.027644962072372437,5.752513408660889,0.47130751609802246
78,59,0.8742736577987671,0.8646833300590515,0.009505890309810638,0.8443073034286499,0.08834060281515121
78,60,0.019006269052624702,0.018906161189079285,6.413168739527464e-05,0.35977640748023987,0.0023700774181634188
78,61,0.9068537950515747,0.8987915515899658,0.008006816729903221,0.5542906522750854,0.10033576190471649
78,62,0.1243668720126152,0.12327989935874939,0.0010820745956152678,0.048915211111307144,0.04163248836994171
78,63,0.7147423624992371,0.7061124444007874,0.00855414941906929,0.7575629353523254,0.07344582676887512
78,64,0.019084926694631577,0.018993455916643143,5.571871588472277e-05,0.3575223684310913,0.002745775505900383
78,65,0.07911162823438644,0.07853344082832336,0.0005705201183445752,0.0766911655664444,0.008833778090775013
78,66,0.6150851249694824,0.6003168821334839,0.014445247128605843,3.229763984680176,0.24750718474388123
78,67,0.0399538017809391,0.039537619799375534,0.0003760237304959446,0.40160179138183594,0.020312491804361343
78,68,0.1184164509177208,0.11721634864807129,0.0011946700979024172,0.054283786565065384,0.04510430991649628
78,69,1.1420814990997314,1.124218225479126,0.016134772449731827,17.28553581237793,0.18870306015014648
78,70,0.024153126403689384,0.023989837616682053,0.0001261193392565474,0.3716906011104584,0.006638387683779001
78,71,0.018819110468029976,0.018689854070544243,9.215588943334296e-05,0.3710053265094757,0.0025606402195990086
78,72,0.9874252080917358,0.9467958211898804,0.03920667618513107,14.226924896240234,0.10833708941936493
78,73,0.4508771300315857,0.44471585750579834,0.00609801197424531,0.6328093409538269,0.05295029282569885
78,74,0.4385981559753418,0.4319446086883545,0.006507695186883211,1.4586743116378784,0.03939440846443176
78,75,0.4543198049068451,0.4453418254852295,0.008925395086407661,0.5255801677703857,0.05247783660888672
78,76,0.3826510012149811,0.378714382648468,0.0039080604910850525,0.28550276160240173,0.02395198866724968
78,77,1.1388752460479736,1.1210780143737793,0.016953159123659134,8.441278457641602,0.18281911313533783
78,78,0.35414525866508484,0.35060036182403564,0.003506594803184271,0.3830435574054718,0.03097955882549286
78,79,1.0825283527374268,1.0355925559997559,0.04590887576341629,10.268743515014648,0.16702549159526825
78,80,0.6688532829284668,0.6532028913497925,0.015265664085745811,3.847504138946533,0.23478694260120392
78,81,0.0458974689245224,0.045259989798069,0.0006008574273437262,0.3662187159061432,0.026724187657237053
78,82,0.9532686471939087,0.9333088397979736,0.01917928084731102,7.8052496910095215,0.1099100336432457
78,83,1.004767894744873,0.9762641787528992,0.02807082049548626,4.328120231628418,0.15043529868125916
78,84,0.9584866166114807,0.9232800006866455,0.03437185287475586,8.347663879394531,0.15711809694766998
78,85,1.068371057510376,1.0548022985458374,0.012046776711940765,15.218977928161621,0.1765325516462326
78,86,0.3511917293071747,0.3477118909358978,0.0034540484193712473,0.25792568922042847,0.030569136142730713
78,87,0.23036128282546997,0.22845689952373505,0.001889282139018178,0.1509586125612259,0.0464090034365654
78,88,0.9724380970001221,0.9356993436813354,0.036185525357723236,5.532238483428955,0.5597769021987915
78,89,0.18898354470729828,0.18763843178749084,0.0013290061615407467,0.16113615036010742,0.008442258462309837
78,90,0.18986235558986664,0.18821562826633453,0.0016197646036744118,0.269580215215683,0.008215701207518578
78,91,1.1907037496566772,1.1589868068695068,0.030889589339494705,8.273527145385742,0.1777576357126236
78,92,0.9405229687690735,0.9174304008483887,0.02216724120080471,9.253190994262695,0.12871785461902618
78,93,0.01104393508285284,0.010979626327753067,4.926011388306506e-05,0.15047858655452728,0.06145210564136505
78,94,0.19063420593738556,0.18879160284996033,0.0018163800705224276,0.2623221278190613,0.009770766831934452
78,95,0.32599112391471863,0.3225971460342407,0.0033514320384711027,0.42549923062324524,0.0373399555683136
78,96,0.37906068563461304,0.3760085105895996,0.0030364999547600746,0.15681873261928558,0.021999813616275787
78,97,0.12940914928913116,0.12845520675182343,0.0009489012882113457,0.050294872373342514,0.04582841694355011
78,98,0.24544291198253632,0.24369636178016663,0.0017251799581572413,0.213636115193367,0.0563160739839077
78,99,0.3724326491355896,0.3692972660064697,0.0031183024402707815,0.17089228332042694,0.020606989040970802
78,100,0.7319390177726746,0.7209159135818481,0.01094570942223072,0.7739287614822388,0.0846945270895958
79,1,0.012442103587090969,0.012339795008301735,8.68530769366771e-05,0.15454979240894318,0.05359935760498047
79,2,0.018463576212525368,0.0183715857565403,5.725240771425888e-05,0.34738317131996155,0.003858325071632862
79,3,1.003061294555664,0.9617380499839783,0.04012220352888107,12.010579109191895,0.13507026433944702
79,4,0.9631290435791016,0.9383186101913452,0.023921430110931396,8.889886856079102,0.11028391122817993
79,5,0.3597744107246399,0.3579977750778198,0.0017700064927339554,0.06619317829608917,0.014132766053080559
79,6,0.8203383088111877,0.796425998210907,0.023355508223176003,5.568514823913574,0.44301727414131165
79,7,0.026337072253227234,0.02621057629585266,9.352172492071986e-05,0.3297525644302368,0.008426211774349213
79,8,0.1975516676902771,0.19603261351585388,0.001500011538155377,0.19037304818630219,0.010175419971346855
79,9,0.45293480157852173,0.44725561141967773,0.005546657368540764,1.3253095149993896,0.03420020639896393
79,10,0.22784735262393951,0.2264823615550995,0.0013528080889955163,0.12191055715084076,0.04702969267964363
79,11,1.0670421123504639,1.0260790586471558,0.040338367223739624,6.246802806854248,0.1492948830127716
79,12,0.6119778752326965,0.6043319702148438,0.0074992054142057896,1.4667019844055176,0.18890264630317688
79,13,0.014348416589200497,0.0142922792583704,3.9836293581174687e-05,0.1630062311887741,0.07772287726402283
79,14,0.6148816347122192,0.6027530431747437,0.011920414865016937,2.082054376602173,0.2696855068206787
79,15,0.43334922194480896,0.42632731795310974,0.006986201740801334,0.35713109374046326,0.05539783835411072
79,16,0.5728051662445068,0.5647197961807251,0.007941929623484612,1.4346998929977417,0.2701108455657959
79,17,0.3970780074596405,0.39283883571624756,0.004163096658885479,0.7607932090759277,0.06511484831571579
79,18,0.8633911609649658,0.8487753868103027,0.014351563528180122,2.6423308849334717,0.5999261140823364
79,19,0.13715001940727234,0.13257618248462677,0.004546931944787502,0.26918601989746094,0.11682635545730591
79,20,0.4249706566333771,0.41918259859085083,0.005624184384942055,1.6388218402862549,0.04173368960618973
79,21,1.1310195922851562,1.1163208484649658,0.014145961031317711,5.527626037597656,0.14845120906829834
79,22,0.9699689149856567,0.9565211534500122,0.013249835930764675,1.9794628620147705,0.12271186709403992
79,23,1.0151134729385376,0.9866639971733093,0.02754870429635048,9.008040428161621,0.13002514839172363
79,24,0.12761324644088745,0.12491655349731445,0.0026783174835145473,0.18366818130016327,0.08039739727973938
79,25,0.01564743183553219,0.015580262057483196,3.310762258479372e-05,0.3406239151954651,0.003325375262647867
79,26,0.46129685640335083,0.4536304473876953,0.007552717812359333,1.1370316743850708,0.05700467526912689
79,27,0.9249127507209778,0.9077200889587402,0.01685156859457493,3.411393880844116,0.11289992928504944
79,28,0.408569872379303,0.40320563316345215,0.005315554328262806,0.48701155185699463,0.039793841540813446
79,29,0.3642204701900482,0.36159956455230713,0.0026001816149801016,0.20717059075832367,0.026009827852249146
79,30,0.3950352370738983,0.3917232155799866,0.003287319093942642,0.2470601350069046,0.02653324231505394
79,31,0.43708550930023193,0.43047189712524414,0.00646771676838398,1.458799123764038,0.05027634650468826
79,32,0.6835810542106628,0.6745225787162781,0.008986539207398891,0.719464123249054,0.06880077719688416
79,33,0.36269089579582214,0.3577226996421814,0.004854755010455847,1.1343094110488892,0.03841625154018402
79,34,1.1425883769989014,1.1174150705337524,0.02454094961285591,6.323916912078857,0.16926902532577515
79,35,0.6132369041442871,0.5955455899238586,0.017452042549848557,2.392643451690674,0.20929482579231262
79,36,0.46811944246292114,0.4605097472667694,0.007452529855072498,1.5718162059783936,0.041769884526729584
79,37,0.3073430359363556,0.2890015244483948,0.01832456700503826,0.1696498692035675,0.034518204629421234
79,38,0.40287408232688904,0.39848798513412476,0.004312184639275074,0.7390928864479065,0.03856569528579712
79,39,0.44140660762786865,0.4369761347770691,0.0043998947367072105,0.30565282702445984,0.05483144521713257
79,40,0.40219685435295105,0.3973626494407654,0.004795454442501068,0.3873257637023926,0.0505068339407444
79,41,0.9251351356506348,0.9049896001815796,0.019715337082743645,4.302262783050537,0.5589336156845093
79,42,0.8848701119422913,0.8773630857467651,0.007436214480549097,0.7079417705535889,0.14364483952522278
79,43,0.8592793345451355,0.8336727619171143,0.025051619857549667,5.5495123863220215,0.4561370611190796
79,44,0.13110026717185974,0.1300983428955078,0.0009961813921108842,0.05734284967184067,0.06720065325498581
79,45,0.4124827980995178,0.4089868664741516,0.003385997610166669,1.0994435548782349,0.06585612893104553
79,46,0.6399332284927368,0.6265467405319214,0.013141296803951263,2.4520041942596436,0.24962051212787628
79,47,0.12994183599948883,0.12790928781032562,0.0020180335268378258,0.14512962102890015,0.07418465614318848
79,48,0.19200892746448517,0.190191850066185,0.0017853295430541039,0.31753525137901306,0.010877877473831177
79,49,0.1240716502070427,0.12258070707321167,0.0014774315059185028,0.13506054878234863,0.057551782578229904
79,50,0.8877377510070801,0.8668856620788574,0.020389694720506668,4.624166488647461,0.4353817105293274
79,51,0.936958372592926,0.9010051488876343,0.03529667109251022,6.565483093261719,0.3248840570449829
79,52,0.22698618471622467,0.22533631324768066,0.0016399972373619676,0.0987413227558136,0.028068359941244125
79,53,0.02597585879266262,0.02584262378513813,9.943600161932409e-05,0.3379925787448883,0.010020889341831207
79,54,1.115134358406067,1.084315538406372,0.03022621013224125,5.925407409667969,0.17660269141197205
79,55,0.3995716869831085,0.39580294489860535,0.003740951418876648,0.2781367599964142,0.025471098721027374
79,56,0.04570108279585838,0.04513436555862427,0.0005264771170914173,0.4024178683757782,0.025443077087402344
79,57,0.9180009961128235,0.9097904562950134,0.008130574598908424,0.7997689843177795,0.0987054705619812
79,58,0.012877660803496838,0.012785502709448338,7.357508002314717e-05,0.18582822382450104,0.07013751566410065
79,59,0.32353249192237854,0.3193151652812958,0.0041993302293121815,0.1799047291278839,0.018242724239826202
79,60,0.029024172574281693,0.028832312673330307,0.00015281394007615745,0.3904596269130707,0.008485302329063416
79,61,0.8072884678840637,0.7934095859527588,0.013409256935119629,4.696315765380859,0.437100350856781
79,62,0.9020243287086487,0.8919551372528076,0.00999804399907589,0.7115024924278259,0.08151392638683319
79,63,0.6017482280731201,0.5914603471755981,0.01007094793021679,2.1696183681488037,0.2216048538684845
79,64,0.9183545708656311,0.9110550880432129,0.007256269454956055,0.43238121271133423,0.07404306530952454
79,65,0.12277247756719589,0.12126760184764862,0.0014919096138328314,0.12964624166488647,0.08398175239562988
79,66,0.02524702250957489,0.025092830881476402,0.00011821463704109192,0.35977715253829956,0.010474734008312225
79,67,0.043020717799663544,0.0426165945827961,0.0003654146858025342,0.38709181547164917,0.023867057636380196
79,68,0.35757991671562195,0.3542698621749878,0.0032839681953191757,0.2606671452522278,0.01918267272412777
79,69,0.33202436566352844,0.3292612135410309,0.002706015482544899,0.5712832808494568,0.034469395875930786
79,70,0.34031185507774353,0.3361983299255371,0.004010739736258984,1.0279443264007568,0.04254432022571564
79,71,0.42291975021362305,0.41628381609916687,0.006513035390526056,1.2291350364685059,0.046219728887081146
79,72,0.3160766065120697,0.3047866225242615,0.011261248961091042,0.28730374574661255,0.14662888646125793
79,73,0.016395533457398415,0.01632070541381836,3.7279016396496445e-05,0.3754967749118805,0.0025988398119807243
79,74,0.8584549427032471,0.8533534407615662,0.005073402542620897,0.28092870116233826,0.08271148800849915
79,75,0.19331614673137665,0.19022908806800842,0.0030501936562359333,0.3687075674533844,0.015354463830590248
79,76,0.01251092180609703,0.01240045577287674,9.341585973743349e-05,0.17050082981586456,0.05669263377785683
79,77,0.6426130533218384,0.6363378763198853,0.006059678271412849,2.154968500137329,0.23875835537910461
79,78,1.1408700942993164,1.0956194400787354,0.0438501238822937,14.004267692565918,0.17428553104400635
79,79,0.01861448585987091,0.01852666400372982,5.349306229618378e-05,0.3432937264442444,0.0035823173820972443
79,80,0.7955731153488159,0.772350013256073,0.02275146171450615,4.716396808624268,0.3484073281288147
79,81,0.12914840877056122,0.12806729972362518,0.0010754286777228117,0.056745436042547226,0.033522143959999084
79,82,0.45988768339157104,0.4549955427646637,0.004845903255045414,0.46218299865722656,0.05788372829556465
79,83,0.4243144392967224,0.4143495559692383,0.009796759113669395,1.6812219619750977,0.029998010024428368
79,84,0.22281253337860107,0.22082656621932983,0.001968571450561285,0.17383503913879395,0.04447123408317566
79,85,0.04258350655436516,0.04223945736885071,0.00030654994770884514,0.37497228384017944,0.01889321208000183
79,86,0.37521249055862427,0.37178802490234375,0.003409513272345066,0.14962457120418549,0.023284390568733215
79,87,0.08442544937133789,0.07291152328252792,0.01151220127940178,0.017297517508268356,0.017240608111023903
79,88,1.1232949495315552,1.0920789241790771,0.030747858807444572,4.680935859680176,0.21348994970321655
79,89,0.11846330761909485,0.1175210177898407,0.0009373676730319858,0.04926062375307083,0.041474372148513794
79,90,1.122491478919983,1.0749465227127075,0.0457175076007843,18.27483558654785,0.24863949418067932
79,91,0.39243486523628235,0.38373634219169617,0.008602379821240902,0.9615556597709656,0.037320323288440704
79,92,0.020190196111798286,0.020103737711906433,5.4758740589022636e-05,0.317005455493927,0.003280111588537693
79,93,0.04187934100627899,0.041605886071920395,0.00024047360057011247,0.329813152551651,0.01777782291173935
79,94,0.014171681366860867,0.014079548418521881,6.294319609878585e-05,0.29189667105674744,0.0029737078584730625
79,95,0.011715349741280079,0.011632964015007019,6.854100502096117e-05,0.13845311105251312,0.04964592307806015
79,96,0.2225877046585083,0.22112004458904266,0.001458144630305469,0.09521913528442383,0.04576612263917923
79,97,0.3864387273788452,0.3844035565853119,0.0020201054867357016,0.15076322853565216,0.026443172246217728
79,98,0.017486276105046272,0.01739593595266342,5.7267738156951964e-05,0.3307282030582428,0.001693918602541089
79,99,0.1385754942893982,0.1363377571105957,0.0022268998436629772,0.10833555459976196,0.08811849355697632
79,100,0.1250791698694229,0.12399865686893463,0.0010754934046417475,0.05020679533481598,0.046987295150756836
80,1,0.003918512258678675,0.00388276856392622,6.384888365573715e-06,0.2935897707939148,0.0010356295388191938
80,2,0.44914528727531433,0.44622603058815,0.0028989347629249096,0.20330780744552612,0.042910993099212646
80,3,0.42901623249053955,0.424918532371521,0.0040762536227703094,0.21467402577400208,0.04555083066225052
80,4,0.734969973564148,0.7217317819595337,0.013035199604928493,2.0299887657165527,0.10897070169448853
80,5,0.017225882038474083,0.017098788172006607,0.00010895463492488489,0.1813930720090866,0.08887732028961182
80,6,0.8549976944923401,0.8493432998657227,0.005614518187940121,0.39878302812576294,0.13723912835121155
80,7,0.048783883452415466,0.04841895401477814,0.0003204812528565526,0.44446897506713867,0.02116723731160164
80,8,0.43195614218711853,0.4263900816440582,0.0054015591740608215,1.645044207572937,0.07469674944877625
80,9,0.9258477687835693,0.9174391031265259,0.008301165886223316,1.075283408164978,0.15253618359565735
80,10,0.354485422372818,0.3496813178062439,0.004696459509432316,1.076363444328308,0.05102347582578659
80,11,0.12578031420707703,0.12234684824943542,0.0034183093812316656,0.1515941321849823,0.10866158455610275
80,12,0.23426973819732666,0.2321261167526245,0.002126898616552353,0.1671842485666275,0.03798775374889374
80,13,0.4477155804634094,0.4430389404296875,0.00464467890560627,0.31943511962890625,0.06643764674663544
80,14,0.38798537850379944,0.38480880856513977,0.0031517918687313795,0.2477220743894577,0.016485106199979782
80,15,1.0191556215286255,0.9950868487358093,0.02331998199224472,7.487553119659424,0.12441596388816833
80,16,0.8852351307868958,0.8653683066368103,0.019222861155867577,6.439852714538574,0.35136210918426514
80,17,0.02052740938961506,0.02044302225112915,4.434008587850258e-05,0.4004690647125244,0.008086534217000008
80,18,0.6957327723503113,0.6883618831634521,0.007312677800655365,0.5822680592536926,0.080376997590065
80,19,0.9117404818534851,0.8930322527885437,0.01857849210500717,1.2974096536636353,0.1476864218711853
80,20,0.42839953303337097,0.4230404496192932,0.005302698351442814,0.5638109445571899,0.03777110576629639
80,21,0.011655110865831375,0.011548632755875587,8.682117913849652e-05,0.19656383991241455,0.055237777531147
80,22,0.4016360342502594,0.3968203663825989,0.004669917747378349,1.457567811012268,0.049787141382694244
80,23,0.12978938221931458,0.1259557157754898,0.0038038273341953754,0.2983264625072479,0.15245378017425537
80,24,0.7974597215652466,0.7753314971923828,0.02153194323182106,5.9630446434021,0.4752591848373413
80,25,0.9135721921920776,0.9030254483222961,0.01045655831694603,0.901913583278656,0.09670431911945343
80,26,0.603173017501831,0.5887447595596313,0.014129377901554108,2.9888083934783936,0.2574962079524994
80,27,0.220939502120018,0.21913206577301025,0.0017956893425434828,0.11742637306451797,0.046670541167259216
80,28,0.8562625646591187,0.8490526676177979,0.007151857018470764,0.5807377099990845,0.09069577604532242
80,29,0.9562366008758545,0.9487199187278748,0.006442775949835777,10.73880672454834,0.0824514701962471
80,30,0.02844012714922428,0.028061579912900925,0.0003460215521045029,0.3252558410167694,0.00939088687300682
80,31,0.6487208008766174,0.6375088095664978,0.010964136570692062,2.4781391620635986,0.22959353029727936
80,32,0.6822333931922913,0.6704481840133667,0.011736690998077393,0.4850177764892578,0.06252401322126389
80,33,0.018498219549655914,0.018406838178634644,5.6524877436459064e-05,0.3485598564147949,0.0024593202397227287
80,34,0.3940885663032532,0.38992106914520264,0.004109932575374842,0.5757642984390259,0.03635029494762421
80,35,0.33742156624794006,0.3323500156402588,0.0050429292023181915,0.28612416982650757,0.027933897450566292
80,36,0.6421724557876587,0.6315977573394775,0.01035790704190731,2.167743444442749,0.2840139865875244
80,37,0.01239086128771305,0.012334431521594524,4.11711516790092e-05,0.15258829295635223,0.054623331874608994
80,38,0.12406591325998306,0.12277255952358246,0.0012821180280297995,0.11231999844312668,0.0693064033985138
80,39,0.12406209111213684,0.12333512306213379,0.0007225555600598454,0.04412655904889107,0.030077463015913963
80,40,0.1289309710264206,0.1280382126569748,0.0008880965178832412,0.04669715836644173,0.02764815092086792
80,41,0.949492335319519,0.934305727481842,0.01482827216386795,3.583139181137085,0.1517319679260254
80,42,1.1698607206344604,1.146156668663025,0.023137211799621582,5.6688008308410645,0.15052948892116547
80,43,0.4102822244167328,0.40254878997802734,0.007615722715854645,1.1770555973052979,0.03527984395623207
80,44,0.34002625942230225,0.33513936400413513,0.004852501675486565,0.3438863456249237,0.025442857295274734
80,45,0.8641645908355713,0.8563518524169922,0.0077066016383469105,1.0616912841796875,0.1431068480014801
80,46,0.41974011063575745,0.41435950994491577,0.005308396648615599,0.7221246957778931,0.045491524040699005
80,47,0.0035254608374089003,0.0034797133412212133,1.5913023162283935e-05,0.2983444035053253,0.0006919139996170998
80,48,0.8338686227798462,0.8159432411193848,0.01764647476375103,2.7889301776885986,0.5067523121833801
80,49,0.335562527179718,0.3313688635826111,0.004159450996667147,0.34207335114479065,0.022629709914326668
80,50,0.32909926772117615,0.3257998824119568,0.00327140255831182,0.27989405393600464,0.018228814005851746
80,51,0.32259923219680786,0.31837525963783264,0.004207083489745855,0.16888369619846344,0.013398820534348488
80,52,0.12076745182275772,0.11920784413814545,0.0015495936386287212,0.1001298725605011,0.08300542831420898
80,53,0.8597745299339294,0.8531798124313354,0.006522072479128838,0.7263222932815552,0.10912999510765076
80,54,0.13853071630001068,0.13698861002922058,0.0015263748355209827,0.1573660671710968,0.10422641038894653
80,55,0.9301596283912659,0.8910294771194458,0.03823082894086838,8.993356704711914,0.10540865361690521
80,56,0.8937833905220032,0.8755596876144409,0.017609547823667526,6.141729831695557,0.3888871669769287
80,57,0.8954282999038696,0.8726280927658081,0.022162549197673798,6.376502513885498,0.3458976745605469
80,58,0.6230729818344116,0.610964298248291,0.011842269450426102,2.6642463207244873,0.25404471158981323
80,59,0.020960692316293716,0.020844530314207077,8.26971372589469e-05,0.33465149998664856,0.002353724092245102
80,60,0.015180042013525963,0.015076905488967896,7.156842184485868e-05,0.31568342447280884,0.0019803449977189302
80,61,0.338246613740921,0.33625924587249756,0.0019405062776058912,0.46854013204574585,0.05372047796845436
80,62,0.8675129413604736,0.8604692220687866,0.0070071592926979065,0.36530664563179016,0.08716395497322083
80,63,0.01963273622095585,0.019513580948114395,8.686121145728976e-05,0.32293882966041565,0.0033069804776459932
80,64,0.35603439807891846,0.35385143756866455,0.002175417495891452,0.07540703564882278,0.015511279925704002
80,65,0.1257541924715042,0.12511837482452393,0.0006305447313934565,0.05272451415657997,0.033818505704402924
80,66,1.0625903606414795,1.035923719406128,0.026160042732954025,5.066411972045898,0.1527782678604126
80,67,1.1647318601608276,1.132246732711792,0.03195291757583618,5.3230671882629395,0.17221392691135406
80,68,0.33802464604377747,0.33454039692878723,0.00343282800167799,0.5140334367752075,0.025009702891111374
80,69,0.3367888629436493,0.3347535729408264,0.002016788348555565,0.18496617674827576,0.006689872592687607
80,70,0.2334417849779129,0.2320343554019928,0.0013970283325761557,0.10405407100915909,0.050578780472278595
80,71,0.021934010088443756,0.021795861423015594,0.00010249220940750092,0.35656243562698364,0.0023947067093104124
80,72,0.01356241200119257,0.013464011251926422,6.361684063449502e-05,0.3478437662124634,0.0018059355206787586
80,73,1.0184030532836914,0.9978868961334229,0.01993711292743683,5.79004430770874,0.18530797958374023
80,74,0.4162907898426056,0.4130714535713196,0.003189126495271921,0.3021472096443176,0.048436686396598816
80,75,0.04076915606856346,0.04018232598900795,0.0005478604580275714,0.38968759775161743,0.01810585707426071
80,76,0.34630778431892395,0.34295880794525146,0.003308446379378438,0.40543198585510254,0.052222058176994324
80,77,0.37460437417030334,0.37267324328422546,0.0019197056535631418,0.1142791360616684,0.026728227734565735
80,78,0.8027423620223999,0.7485482096672058,0.05376135930418968,4.32808780670166,0.1319964975118637
80,79,0.2253037542104721,0.22375471889972687,0.0015371980844065547,0.1183418557047844,0.045538902282714844
80,80,0.8025660514831543,0.7856340408325195,0.016546640545129776,3.8533167839050293,0.37368783354759216
80,81,0.03957344591617584,0.039284415543079376,0.00025450074463151395,0.34530386328697205,0.016009481623768806
80,82,0.43185269832611084,0.4257616102695465,0.005938172340393066,1.5291593074798584,0.03280254453420639
80,83,0.33870670199394226,0.3345349431037903,0.004117020405828953,0.5473354458808899,0.031764864921569824
80,84,0.012258301489055157,0.012184396386146545,5.78269682591781e-05,0.16078726947307587,0.04773910343647003
80,85,0.013267547823488712,0.013193098828196526,5.768288247054443e-05,0.1676582396030426,0.05121476948261261
80,86,0.043447937816381454,0.04298713058233261,0.00041866692481562495,0.4214164912700653,0.01902085356414318
80,87,0.27114641666412354,0.2635044455528259,0.007628174498677254,0.1379633992910385,0.03150975704193115
80,88,0.04316360503435135,0.042678847908973694,0.0004421424528118223,0.4261426627635956,0.019022773951292038
80,89,0.18563616275787354,0.18404483795166016,0.0015582544729113579,0.33063119649887085,0.013368664309382439
80,90,0.7177944183349609,0.7119684219360352,0.005775007884949446,0.5094531178474426,0.08726441860198975
80,91,0.3521961271762848,0.3488200306892395,0.0033544900361448526,0.21614213287830353,0.026243925094604492
80,92,0.4233061671257019,0.4170644283294678,0.006094005890190601,1.4773296117782593,0.04589555412530899
80,93,0.1941937804222107,0.19284839928150177,0.0013209548778831959,0.24427726864814758,0.008138210512697697
80,94,0.38061416149139404,0.37655460834503174,0.003979872912168503,0.7969968318939209,0.02953459322452545
80,95,0.6572275757789612,0.642996072769165,0.013915778137743473,3.1575517654418945,0.24548721313476562
80,96,0.8382026553153992,0.8310122489929199,0.007142357062548399,0.48043107986450195,0.07502490282058716
80,97,1.144008994102478,1.118123173713684,0.024919072166085243,9.667434692382812,0.19947712123394012
80,98,0.01767573691904545,0.017577027902007103,5.8752768381964415e-05,0.39955660700798035,0.004415287636220455
80,99,0.41976577043533325,0.41225433349609375,0.007455914281308651,0.5551401376724243,0.03970486298203468
80,100,0.49333056807518005,0.4793127775192261,0.013772188685834408,2.4559030532836914,0.09009619057178497
