epoch,batch,total_loss,loss2neighbor,loss_idt,loss_reg,loss_bg
1,1,25.34362030029297,19.050899505615234,6.269671440124512,230.4759521484375,
1,2,20.161182403564453,14.57862663269043,5.561375617980957,211.79254150390625,
1,3,31.894594192504883,18.256547927856445,13.602426528930664,356.1976318359375,
1,4,7.628328800201416,3.769096612930298,3.848806858062744,104.24919891357422,
1,5,4.734291076660156,2.8394064903259277,1.8894802331924438,54.04663848876953,
1,6,4.298006534576416,2.1719717979431152,2.120285987854004,57.48930740356445,
1,7,2.7608587741851807,1.7933508157730103,0.9647879600524902,27.200271606445312,
1,8,1.7235006093978882,1.3458147048950195,0.3756595849990845,20.263347625732422,
1,9,1.4311572313308716,1.1443569660186768,0.285368412733078,14.31868839263916,
1,10,2.6390039920806885,2.3892884254455566,0.2484668493270874,12.485233306884766,
1,11,1.371077537536621,1.1641242504119873,0.20603996515274048,9.13386058807373,
1,12,1.0316203832626343,0.8784358501434326,0.15244866907596588,7.359353065490723,
1,13,1.113133430480957,1.0274667739868164,0.08516804873943329,4.986669540405273,
1,14,1.3361809253692627,1.1509721279144287,0.18469026684761047,5.185407638549805,
1,15,1.6688809394836426,1.464734673500061,0.20355239510536194,5.938990116119385,
1,16,1.1843469142913818,1.1292548179626465,0.05479256808757782,2.995983600616455,
1,17,1.05316960811615,0.9504244327545166,0.10242566466331482,3.1951615810394287,
1,18,1.2533810138702393,1.0979695320129395,0.1549147069454193,4.967804908752441,
1,19,0.8434839248657227,0.7825267314910889,0.0607011616230011,2.5605242252349854,
1,20,0.9778997302055359,0.8592758774757385,0.11824866384267807,3.7522430419921875,
1,21,1.3704030513763428,1.266263484954834,0.10384005308151245,2.9949047565460205,
1,22,0.7402976751327515,0.6577032804489136,0.0822770744562149,3.1733484268188477,
1,23,1.1276538372039795,1.0730600357055664,0.054276250302791595,3.1759603023529053,
1,24,0.6598042249679565,0.6160855293273926,0.043482765555381775,2.3593366146087646,
1,25,0.9410536885261536,0.8682467937469482,0.0726223737001419,1.8451567888259888,
1,26,0.5946031212806702,0.5358471870422363,0.05851893872022629,2.3700685501098633,
1,27,0.7213393449783325,0.6823912858963013,0.03877357393503189,1.7445261478424072,
1,28,0.7078847289085388,0.6731485724449158,0.03455024212598801,1.8588526248931885,
1,29,0.8382629752159119,0.8089843988418579,0.029067791998386383,2.107482433319092,
1,30,1.0318070650100708,0.9575342535972595,0.07405374944210052,2.191270112991333,
1,31,0.9818747043609619,0.9347326755523682,0.047000158578157425,1.4186592102050781,
1,32,1.0814728736877441,1.0333378314971924,0.047963984310626984,1.7103272676467896,
1,33,0.8756946325302124,0.8420149087905884,0.033474214375019073,2.055316925048828,
1,34,1.039495825767517,0.9757453799247742,0.0635143518447876,2.3620309829711914,
1,35,1.1982369422912598,1.1376698017120361,0.06037583947181702,1.9135515689849854,
1,36,0.9823110699653625,0.9100184440612793,0.07207122445106506,2.2143542766571045,
1,37,0.7265081405639648,0.7015559077262878,0.024805571883916855,1.4670075178146362,
1,38,0.8926644325256348,0.8667354583740234,0.025758925825357437,1.7006301879882812,
1,39,1.0394707918167114,1.0065001249313354,0.03276534751057625,2.0527737140655518,
1,40,0.8576492071151733,0.8042716383934021,0.05319966375827789,1.7790900468826294,
1,41,0.9447470307350159,0.8785945177078247,0.0659622848033905,1.902123212814331,
1,42,0.7427471280097961,0.6684975028038025,0.07405245304107666,1.971903920173645,
1,43,2.3033719062805176,2.2654407024383545,0.03776098042726517,1.7012994289398193,
1,44,0.45839136838912964,0.4203733801841736,0.03785119205713272,1.6679003238677979,
1,45,0.911821722984314,0.8754950165748596,0.03621483966708183,1.1187375783920288,
1,46,1.1725388765335083,1.1310858726501465,0.041319940239191055,1.3308488130569458,
1,47,1.3484880924224854,1.3086434602737427,0.039666250348091125,1.7833764553070068,
1,48,0.8342736959457397,0.7850397825241089,0.04906228929758072,1.7158303260803223,
1,49,1.0509676933288574,1.0078119039535522,0.04301198571920395,1.4379549026489258,
1,50,0.5746176242828369,0.5365594625473022,0.03790555149316788,1.5260065793991089,
1,51,0.9002174735069275,0.8518129587173462,0.048268336802721024,1.362105131149292,
1,52,1.0810697078704834,1.0608439445495605,0.020038029178977013,1.8781098127365112,
1,53,0.9444131851196289,0.9001502394676208,0.044076576828956604,1.863771677017212,
1,54,1.1765683889389038,1.1203703880310059,0.05600452423095703,1.9343725442886353,
1,55,0.8004551529884338,0.7805009484291077,0.019794372841715813,1.5985944271087646,
1,56,1.0609604120254517,1.025705099105835,0.03514173999428749,1.1365877389907837,
1,57,0.5395249128341675,0.5183102488517761,0.02109188213944435,1.2276743650436401,
1,58,1.0397076606750488,1.0001742839813232,0.039361581206321716,1.7180428504943848,
1,59,0.6583110094070435,0.6390122771263123,0.01914992183446884,1.4881811141967773,
1,60,1.0095579624176025,0.9804607629776001,0.028970059007406235,1.2718610763549805,
1,61,0.6353651881217957,0.6095869541168213,0.02556215040385723,2.160910129547119,
1,62,0.8260043263435364,0.782330334186554,0.04355194419622421,1.220766305923462,
1,63,1.111141562461853,1.0747638940811157,0.036255791783332825,1.2177327871322632,
1,64,0.6210569143295288,0.603600263595581,0.01735418289899826,1.0243536233901978,
1,65,0.8584297299385071,0.8203245401382446,0.03797163814306259,1.3355883359909058,
1,66,0.8327376246452332,0.7944121360778809,0.03819137066602707,1.3410686254501343,
1,67,0.8753634691238403,0.8328201174736023,0.04240335524082184,1.400179386138916,
1,68,0.864668607711792,0.8251947164535522,0.03935376554727554,1.200960397720337,
1,69,1.1181775331497192,1.0822830200195312,0.03576990216970444,1.2455724477767944,
1,70,0.9269838333129883,0.8970966339111328,0.029593780636787415,2.934088945388794,
1,71,1.1967613697052002,1.1717888116836548,0.024746011942625046,2.265324115753174,
1,72,0.8887913823127747,0.8614516854286194,0.027156097814440727,1.835974931716919,
1,73,0.7379169464111328,0.7010012865066528,0.03680155798792839,1.1411176919937134,
1,74,0.7780536413192749,0.7409566640853882,0.03698769584298134,1.0925474166870117,
1,75,0.832923948764801,0.8065690398216248,0.026266247034072876,0.8863705992698669,
1,76,0.6458873748779297,0.6280262470245361,0.017729729413986206,1.313891053199768,
1,77,1.2865318059921265,1.249153733253479,0.03719840198755264,1.796689748764038,
1,78,0.9471604824066162,0.9168746471405029,0.030190665274858475,0.9516797661781311,
1,79,0.5884159803390503,0.5694116353988647,0.018872369080781937,1.3194247484207153,
1,80,0.6264822483062744,0.6075941920280457,0.018747728317975998,1.4031556844711304,
1,81,0.8208926320075989,0.7892064452171326,0.0313904732465744,2.956922769546509,
1,82,0.5333216786384583,0.5181630849838257,0.015078522264957428,0.8006066679954529,
1,83,0.4863603413105011,0.4584234356880188,0.02779751643538475,1.3938400745391846,
1,84,0.9201789498329163,0.8909933567047119,0.029075518250465393,1.100614070892334,
1,85,0.4225439131259918,0.39288756251335144,0.029514111578464508,1.4225633144378662,
1,86,0.881636381149292,0.842746376991272,0.03877098858356476,1.190452218055725,
1,87,0.6495926380157471,0.630652904510498,0.018820591270923615,1.1916536092758179,
1,88,0.9001996517181396,0.8691297769546509,0.030971989035606384,0.9789537787437439,
1,89,0.6888209581375122,0.671289324760437,0.017379483208060265,1.5218952894210815,
1,90,0.8649505972862244,0.8307006359100342,0.03414050489664078,1.0940437316894531,
1,91,0.5280059576034546,0.5011129379272461,0.026703326031565666,1.8974201679229736,
1,92,0.9403495192527771,0.9153991341590881,0.024738270789384842,2.121354103088379,
1,93,1.1080322265625,1.0791294574737549,0.028787463903427124,1.1524349451065063,
1,94,0.804366946220398,0.7810367345809937,0.02324528805911541,0.8491868376731873,
1,95,0.6657539010047913,0.6475464701652527,0.018018905073404312,1.8855410814285278,
1,96,0.8108097910881042,0.7822307348251343,0.028467824682593346,1.1123687028884888,
1,97,0.8207929730415344,0.7888631820678711,0.031817417591810226,1.1236501932144165,
1,98,0.7560930848121643,0.7289177179336548,0.026957981288433075,2.1738786697387695,
1,99,0.42414116859436035,0.4015898108482361,0.02244149148464203,1.0986454486846924,
1,100,0.9048035144805908,0.8695063591003418,0.03516971319913864,1.2745320796966553,
2,1,0.8959978818893433,0.8679990768432617,0.027761831879615784,2.370117425918579,
2,2,0.6148670315742493,0.5928350687026978,0.021898727864027023,1.3324276208877563,
2,3,0.6409941911697388,0.623589038848877,0.01724831946194172,1.5679283142089844,
2,4,0.4294160008430481,0.40413057804107666,0.025153426453471184,1.3199248313903809,
2,5,0.7737248539924622,0.7430208921432495,0.03043999895453453,2.6396679878234863,
2,6,0.41938135027885437,0.39614737033843994,0.02311912178993225,1.1485321521759033,
2,7,0.692545473575592,0.6681187152862549,0.024185165762901306,2.4160351753234863,
2,8,0.8913756012916565,0.8652933835983276,0.02598538249731064,0.9684985876083374,
2,9,0.6084251403808594,0.5826319456100464,0.025570139288902283,2.2302350997924805,
2,10,0.8952175378799438,0.8682180643081665,0.026911800727248192,0.8767716884613037,
2,11,0.7095978260040283,0.6835830211639404,0.025706004351377487,3.0882956981658936,
2,12,0.748900294303894,0.725479781627655,0.023351959884166718,0.6854405403137207,
2,13,0.9484547972679138,0.9165577292442322,0.031524501740932465,3.7260711193084717,
2,14,1.6195054054260254,1.5915913581848145,0.02760148048400879,3.1255757808685303,
2,15,0.6157196164131165,0.5948774814605713,0.020710695534944534,1.3145637512207031,
2,16,0.4481639862060547,0.4290827214717865,0.01893642544746399,1.4485005140304565,
2,17,0.9908806085586548,0.9580888748168945,0.032593369483947754,1.9835479259490967,
2,18,0.6603007316589355,0.6339861154556274,0.026063518598675728,2.511056423187256,
2,19,0.750494658946991,0.7247108221054077,0.02570587396621704,0.7796356081962585,
2,20,0.48632943630218506,0.47033268213272095,0.015900056809186935,0.967002809047699,
2,21,0.8147881627082825,0.7811627388000488,0.033517949283123016,1.0747954845428467,
2,22,1.087043285369873,1.0496982336044312,0.03713797777891159,2.0706000328063965,
2,23,1.0749428272247314,1.034780502319336,0.03995795547962189,2.043287754058838,
2,24,0.5294099450111389,0.5022233724594116,0.02696305327117443,2.235025405883789,
2,25,0.8891250491142273,0.8554162979125977,0.033571869134902954,1.369360089302063,
2,26,1.1791902780532837,1.1459943056106567,0.033029645681381226,1.66298246383667,
2,27,0.7001700401306152,0.6697940230369568,0.030025193467736244,3.5082690715789795,
2,28,0.6369861960411072,0.6197112202644348,0.017104197293519974,1.7075684070587158,
2,29,0.5165610909461975,0.49085038900375366,0.025484541431069374,2.261359214782715,
2,30,0.730968713760376,0.7029733657836914,0.02789013832807541,1.052003264427185,
2,31,0.7914857268333435,0.7617810964584351,0.029603231698274612,1.013580322265625,
2,32,0.6395370960235596,0.6197533011436462,0.019616829231381416,1.669724464416504,
2,33,0.7302952408790588,0.7017714381217957,0.02842358499765396,1.0022224187850952,
2,34,0.555793821811676,0.5328717827796936,0.022734511643648148,1.875446081161499,
2,35,0.8618541359901428,0.8372601270675659,0.02447664365172386,1.173732042312622,
2,36,0.4301051199436188,0.41017746925354004,0.01978863589465618,1.390415906906128,
2,37,1.077593445777893,1.0442259311676025,0.033242132514715195,1.2546608448028564,
2,38,0.8851780891418457,0.8548398017883301,0.03021402284502983,1.242785930633545,
2,39,0.9471753239631653,0.9284406900405884,0.018579531461000443,1.5507307052612305,
2,40,0.5942867994308472,0.5613767504692078,0.03281774744391441,0.923122763633728,
2,41,0.5722560286521912,0.548490047454834,0.023475123569369316,2.9087448120117188,
2,42,0.8693316578865051,0.8437930345535278,0.02542463317513466,1.139930248260498,
2,43,1.1137315034866333,1.0845246315002441,0.029085546731948853,1.2131909132003784,
2,44,0.8548292517662048,0.8279328346252441,0.026775002479553223,1.2142760753631592,
2,45,0.574796736240387,0.5567059516906738,0.01792960613965988,1.6119884252548218,
2,46,0.8681297302246094,0.8385295867919922,0.02948589064180851,1.142643690109253,
2,47,0.7320634126663208,0.703853964805603,0.028118915855884552,0.9052441120147705,
2,48,0.7057489156723022,0.6890987753868103,0.01643398404121399,2.1610615253448486,
2,49,0.9661517143249512,0.9368705153465271,0.029167035594582558,1.1416934728622437,
2,50,0.39869260787963867,0.37999674677848816,0.01858462020754814,1.1123849153518677,
2,51,0.5903064012527466,0.5650182962417603,0.025025993585586548,2.6212127208709717,
2,52,0.9837973713874817,0.9559001326560974,0.027790574356913567,1.0671377182006836,
2,53,0.9825264811515808,0.9563130140304565,0.02611474320292473,0.9869005680084229,
2,54,0.5720438957214355,0.5414060354232788,0.030546104535460472,0.9175218343734741,
2,55,0.874597430229187,0.8513810038566589,0.023108428344130516,1.0797985792160034,
2,56,1.1936393976211548,1.1609554290771484,0.03252822905778885,1.5572028160095215,
2,57,0.5942118167877197,0.5664104223251343,0.02771797589957714,0.8344427943229675,
2,58,0.4185636639595032,0.39885610342025757,0.01957133039832115,1.3621163368225098,
2,59,0.9039751887321472,0.8767156600952148,0.0271504744887352,1.090582013130188,
2,60,0.875640869140625,0.853377103805542,0.022177642211318016,0.8610764145851135,
2,61,0.9922465682029724,0.9682468175888062,0.023913176730275154,0.8654285669326782,
2,62,1.0677738189697266,1.039608359336853,0.028052918612957,1.1254572868347168,
2,63,0.5087918639183044,0.49560874700546265,0.013087873347103596,0.95244300365448,
2,64,0.5856263637542725,0.5644087791442871,0.020998377352952957,2.1924538612365723,
2,65,0.8854689598083496,0.8628906011581421,0.02247714251279831,1.0121417045593262,
2,66,0.5086468458175659,0.4867761731147766,0.021681061014533043,1.8962438106536865,
2,67,1.0714199542999268,1.042860984802246,0.028458289802074432,1.0075854063034058,
2,68,0.6400458216667175,0.6158989667892456,0.023859752342104912,2.8711886405944824,
2,69,0.7715319395065308,0.7452949285507202,0.02597816102206707,2.588683843612671,
2,70,0.7815163135528564,0.7618422508239746,0.019593415781855583,0.8064535856246948,
2,71,0.6325024366378784,0.6104044914245605,0.021888433024287224,2.095395803451538,
2,72,0.778796911239624,0.7549572587013245,0.02375929057598114,0.8032418489456177,
2,73,0.8800550699234009,0.8583020567893982,0.021678291261196136,0.7475841641426086,
2,74,0.8034160137176514,0.7807726860046387,0.022390395402908325,2.5294346809387207,
2,75,1.1704953908920288,1.1511225700378418,0.01928529143333435,0.8746120929718018,
2,76,0.8742250204086304,0.8535429835319519,0.02058332972228527,0.9868123531341553,
2,77,0.71165931224823,0.6902040243148804,0.02137608826160431,0.7919813990592957,
2,78,0.9439187049865723,0.9193847179412842,0.024439869448542595,0.9410400986671448,
2,79,0.6741588115692139,0.6542153358459473,0.019677426666021347,2.6604955196380615,
2,80,0.6124412417411804,0.59406977891922,0.018174966797232628,1.9650630950927734,
2,81,0.9888985753059387,0.9652940034866333,0.02350996807217598,0.9457709789276123,
2,82,0.9401536583900452,0.9166841506958008,0.02337704226374626,0.9243471026420593,
2,83,0.6200261116027832,0.6008346080780029,0.01893431693315506,2.571686267852783,
2,84,0.6557633876800537,0.6364237070083618,0.019102513790130615,2.3714287281036377,
2,85,0.5377902388572693,0.5177704095840454,0.01983688399195671,1.8293845653533936,
2,86,0.6578362584114075,0.637036144733429,0.02056165784597397,2.384887456893921,
2,87,0.7061516642570496,0.6839426755905151,0.022120462730526924,0.8849781155586243,
2,88,1.160610556602478,1.1351706981658936,0.025248568505048752,1.9132016897201538,
2,89,0.8376563191413879,0.8137840628623962,0.023785412311553955,0.8683517575263977,
2,90,0.9845819473266602,0.9589667320251465,0.025460530072450638,1.5469642877578735,
2,91,0.457949697971344,0.4417594075202942,0.01604381576180458,1.4648401737213135,
2,92,1.1448843479156494,1.114206314086914,0.030408358201384544,2.6964118480682373,
2,93,0.4557986557483673,0.4348350763320923,0.02082560956478119,1.3796364068984985,
2,94,0.7390954494476318,0.7142626047134399,0.024509282782673836,3.2352919578552246,
2,95,1.1819515228271484,1.152463436126709,0.02934681810438633,1.412227988243103,
2,96,0.825725793838501,0.8028549551963806,0.022767608985304832,1.0321393013000488,
2,97,0.9312871694564819,0.8973388075828552,0.03370720148086548,2.4113266468048096,
2,98,0.8208332061767578,0.7917760014533997,0.028760837391018867,2.963343858718872,
2,99,0.4139558970928192,0.39774394035339355,0.016073275357484818,1.3865735530853271,
2,100,0.995357871055603,0.970862090587616,0.024389762431383133,1.060445785522461,
3,1,0.6462258100509644,0.6272306442260742,0.01877991110086441,2.1522791385650635,
3,2,1.0967457294464111,1.0674350261688232,0.029120203107595444,1.9045085906982422,
3,3,0.42280328273773193,0.40298253297805786,0.01967044733464718,1.5028197765350342,
3,4,0.4221222698688507,0.4056747555732727,0.01634478196501732,1.0273265838623047,
3,5,0.7792062759399414,0.7543286681175232,0.02477114461362362,1.064774751663208,
3,6,0.41776543855667114,0.4009738862514496,0.01664126291871071,1.5030286312103271,
3,7,0.8613042235374451,0.8351472020149231,0.02605348266661167,1.035256028175354,
3,8,0.7786482572555542,0.7540439367294312,0.024519801139831543,0.8454020619392395,
3,9,1.3390169143676758,1.2818232774734497,0.05644731968641281,7.463865756988525,
3,10,0.4444103538990021,0.42385655641555786,0.02038099803030491,1.7280110120773315,
3,11,0.7341280579566956,0.7152091264724731,0.018856359645724297,0.6257861256599426,
3,12,0.5300937294960022,0.5105189681053162,0.01933569833636284,2.3904449939727783,
3,13,0.9968737363815308,0.9723719358444214,0.024353880435228348,1.4794435501098633,
3,14,1.064426064491272,1.0385181903839111,0.02580365166068077,1.0420624017715454,
3,15,0.5484882593154907,0.5280332565307617,0.02022571861743927,2.2928144931793213,
3,16,0.40698641538619995,0.3921179175376892,0.014774562790989876,0.9392724633216858,
3,17,0.49690932035446167,0.48196613788604736,0.014820670709013939,1.2252017259597778,
3,18,0.6362296342849731,0.6161619424819946,0.02000388875603676,0.6375933289527893,
3,19,0.505039632320404,0.48490822315216064,0.01990644261240959,2.249668598175049,
3,20,0.5751385688781738,0.5527056455612183,0.02236192114651203,0.7101060152053833,
3,21,0.6118295192718506,0.5959881544113159,0.01565113477408886,1.9025700092315674,
3,22,1.1537952423095703,1.1283149719238281,0.025281190872192383,1.9911270141601562,
3,23,0.5585960149765015,0.5357047319412231,0.022571953013539314,3.1930410861968994,
3,24,0.3883252441883087,0.37438857555389404,0.013862872496247292,0.7380264401435852,
3,25,1.0647155046463013,1.0366921424865723,0.02784552238881588,1.779059648513794,
3,26,0.7525414824485779,0.7205151319503784,0.03163965791463852,3.8669233322143555,
3,27,0.7706311345100403,0.7479974031448364,0.022536978125572205,0.9672187566757202,
3,28,0.909807026386261,0.885898232460022,0.023783303797245026,1.2547041177749634,
3,29,0.6496764421463013,0.6259579658508301,0.023396022617816925,3.2247142791748047,
3,30,0.6236582398414612,0.6035566926002502,0.020037446171045303,0.6410475969314575,
3,31,0.9334405660629272,0.9095145463943481,0.02381756156682968,1.085020899772644,
3,32,0.39082303643226624,0.3755928575992584,0.015130219981074333,0.9995668530464172,
3,33,0.7566317915916443,0.7356579303741455,0.02089110016822815,0.8276392817497253,
3,34,0.5872704386711121,0.5715717673301697,0.015571331605315208,1.2733042240142822,
3,35,0.7184816598892212,0.6903741359710693,0.027789529412984848,3.179656744003296,
3,36,0.8396793603897095,0.8185434341430664,0.021051732823252678,0.8420198559761047,
3,37,0.5994170904159546,0.577969491481781,0.021187104284763336,2.604515314102173,
3,38,0.9257776141166687,0.9033068418502808,0.022359833121299744,1.1094835996627808,
3,39,0.8280786275863647,0.8063881397247314,0.021555449813604355,1.3509361743927002,
3,40,1.0182734727859497,0.9952890872955322,0.022833039984107018,1.5142664909362793,
3,41,0.5515727400779724,0.5358611345291138,0.015555541962385178,1.5602619647979736,
3,42,0.4984378218650818,0.4798666834831238,0.018381495028734207,1.8962868452072144,
3,43,0.4186183512210846,0.4031010866165161,0.015385819599032402,1.3145027160644531,
3,44,0.6419242024421692,0.6194133162498474,0.022220537066459656,2.90331768989563,
3,45,0.6260490417480469,0.6063909530639648,0.01959637925028801,0.6171690821647644,
3,46,0.6049522161483765,0.5858730673789978,0.018792467191815376,2.866734743118286,
3,47,0.5490884780883789,0.5274279117584229,0.02135322615504265,3.0731985569000244,
3,48,0.5804497003555298,0.5604331493377686,0.019950324669480324,0.6619918942451477,
3,49,0.5904532670974731,0.5677434206008911,0.022443577647209167,2.662491798400879,
3,50,0.5497649312019348,0.5289199352264404,0.020607855170965195,2.3716137409210205,
3,51,1.1168837547302246,1.0938847064971924,0.022810842841863632,1.8826320171356201,
3,52,1.2105525732040405,1.184521198272705,0.025878094136714935,1.5328342914581299,
3,53,1.0947265625,1.068824291229248,0.025674667209386826,2.2760066986083984,
3,54,0.8364404439926147,0.818960428237915,0.017140422016382217,3.395800828933716,
3,55,0.3799201250076294,0.36601123213768005,0.013815893791615963,0.9301687479019165,
3,56,1.0750622749328613,1.0517586469650269,0.02319069765508175,1.1289788484573364,
3,57,0.7594228386878967,0.7259551286697388,0.03308267891407013,3.85048246383667,
3,58,0.6488409042358398,0.6240997314453125,0.024471309036016464,2.6987643241882324,
3,59,0.7679956555366516,0.7511311769485474,0.016786107793450356,0.7838729619979858,
3,60,0.6898126006126404,0.6717305183410645,0.018007511273026466,0.7455812692642212,
3,61,0.6156481504440308,0.5956400632858276,0.0197666697204113,2.4137587547302246,
3,62,0.8260645270347595,0.8049341440200806,0.02098769135773182,1.4268308877944946,
3,63,0.78840571641922,0.7692154049873352,0.01910204440355301,0.8829765319824219,
3,64,0.6043875813484192,0.5829422473907471,0.021158060058951378,2.872675895690918,
3,65,0.5493375062942505,0.5322701930999756,0.017010539770126343,0.5671441555023193,
3,66,0.5094156861305237,0.49315145611763,0.01604895479977131,2.1531896591186523,
3,67,0.6997877359390259,0.6820758581161499,0.017636379227042198,0.7551857829093933,
3,68,0.6336804032325745,0.6162181496620178,0.017407260835170746,0.549977719783783,
3,69,0.8492817878723145,0.8288763165473938,0.02032116800546646,0.8427825570106506,
3,70,0.6466164588928223,0.621794581413269,0.024502824991941452,3.1908769607543945,
3,71,1.1502115726470947,1.1248106956481934,0.025270722806453705,1.3021645545959473,
3,72,0.7854958772659302,0.7694593667984009,0.015981923788785934,0.5462456345558167,
3,73,0.8028668761253357,0.7770389914512634,0.025535546243190765,2.9235172271728516,
3,74,0.6193523406982422,0.6010586023330688,0.01823156327009201,0.6215168237686157,
3,75,0.47734686732292175,0.46151962876319885,0.01565217599272728,1.7504664659500122,
3,76,1.0457576513290405,1.025549054145813,0.020122524350881577,0.8612471222877502,
3,77,0.6624534130096436,0.6421592235565186,0.02003343775868416,2.6077957153320312,
3,78,0.48552653193473816,0.4717349112033844,0.013675098307430744,1.165300726890564,
3,79,0.9747836589813232,0.9543799161911011,0.020308267325162888,0.9548600912094116,
3,80,1.1701005697250366,1.1457772254943848,0.024192702025175095,1.3062195777893066,
3,81,0.8579792976379395,0.8397723436355591,0.018106743693351746,1.002015471458435,
3,82,1.1180578470230103,1.0944550037384033,0.023497220128774643,1.0565892457962036,
3,83,0.5691009163856506,0.5517495274543762,0.017291754484176636,0.5967581868171692,
3,84,0.4127052128314972,0.3988674581050873,0.01371530257165432,1.2246582508087158,
3,85,0.8592503070831299,0.8396781086921692,0.019489865750074387,0.8233805894851685,
3,86,0.6157760620117188,0.5977069735527039,0.01800844632089138,0.6061497926712036,
3,87,0.9104211926460266,0.8906593918800354,0.01967431977391243,0.8749405741691589,
3,88,0.9955976009368896,0.976667046546936,0.018840955570340157,0.8960298895835876,
3,89,0.40385332703590393,0.39145147800445557,0.012306766584515572,0.9507584571838379,
3,90,0.8931622505187988,0.8763800263404846,0.016716480255126953,0.6574661135673523,
3,91,1.1207208633422852,1.1037094593048096,0.01692255213856697,0.8882673978805542,
3,92,0.4740539491176605,0.4628797173500061,0.011081013828516006,0.9321162700653076,
3,93,0.7702158689498901,0.7453228235244751,0.024413220584392548,4.7982258796691895,
3,94,0.506696879863739,0.48992785811424255,0.01655438169836998,2.1465182304382324,
3,95,0.5808072686195374,0.564757227897644,0.015887821093201637,1.6222234964370728,
3,96,0.4621288478374481,0.44812214374542236,0.013892920687794685,1.1378792524337769,
3,97,1.0897139310836792,1.0680298805236816,0.021577008068561554,1.070510745048523,
3,98,0.959240734577179,0.9390143156051636,0.020147932693362236,0.7850598096847534,
3,99,0.4333018362522125,0.4194958209991455,0.013677549548447132,1.2847590446472168,
3,100,0.7454282641410828,0.7283062934875488,0.01705525442957878,0.6668948531150818,
4,1,0.8500465750694275,0.8296691179275513,0.020284879952669144,0.9253767728805542,
4,2,0.6374349594116211,0.6171591877937317,0.020028822124004364,2.469352960586548,
4,3,0.8774269819259644,0.8605935573577881,0.01676531881093979,0.6813747882843018,
4,4,0.8669240474700928,0.8494908809661865,0.01735634356737137,0.768468976020813,
4,5,0.7307929396629333,0.7157024145126343,0.015016870573163033,0.7369259595870972,
4,6,0.842593252658844,0.822542667388916,0.019916800782084465,1.3381714820861816,
4,7,0.8099485039710999,0.7835825681686401,0.026056768372654915,3.091810703277588,
4,8,0.6134303212165833,0.5955514907836914,0.017723815515637398,1.5500658750534058,
4,9,0.5970442295074463,0.5754250884056091,0.021355075761675835,2.6405813694000244,
4,10,0.8375565409660339,0.8187628984451294,0.01871388778090477,0.7975232005119324,
4,11,1.0081833600997925,0.9800443649291992,0.02770351618528366,4.354652404785156,
4,12,0.6919854283332825,0.6755275130271912,0.01638941466808319,0.684874951839447,
4,13,0.5739245414733887,0.5539441108703613,0.019740667194128036,2.397772789001465,
4,14,1.0832761526107788,1.0628045797348022,0.02036656066775322,1.0502229928970337,
4,15,0.4172012507915497,0.4077647030353546,0.009373703971505165,0.6286369562149048,
4,16,0.3804231882095337,0.3689919710159302,0.011359898373484612,0.7132866382598877,
4,17,0.598150908946991,0.5751983523368835,0.02267405577003956,2.784980058670044,
4,18,1.0421485900878906,1.0202102661132812,0.021834641695022583,1.036977767944336,
4,19,0.5837019085884094,0.561552107334137,0.02187388949096203,2.7588982582092285,
4,20,0.648715078830719,0.6246649622917175,0.02375439740717411,2.956895589828491,
4,21,0.9114649891853333,0.8905407190322876,0.020833667367696762,0.906011700630188,
4,22,0.7086427211761475,0.6905498504638672,0.018026620149612427,0.6630286574363708,
4,23,0.5740317106246948,0.5570284128189087,0.01694512739777565,0.58162522315979,
4,24,0.600196361541748,0.5812469720840454,0.0187058188021183,2.4355595111846924,
4,25,1.1567398309707642,1.1357531547546387,0.02085985243320465,1.2680838108062744,
4,26,0.8583057522773743,0.8404669761657715,0.017765812575817108,0.7295957207679749,
4,27,1.0639702081680298,1.0451951026916504,0.018679380416870117,0.9573873281478882,
4,28,0.7359221577644348,0.7098366618156433,0.0257866308093071,2.9883341789245605,
4,29,0.4169667065143585,0.40249520540237427,0.014349113218486309,1.2239161729812622,
4,30,0.618988037109375,0.5986584424972534,0.020088329911231995,2.412630796432495,
4,31,0.47232893109321594,0.4571986496448517,0.014965184964239597,1.6511883735656738,
4,32,0.6159512400627136,0.598986029624939,0.016780851408839226,1.843523621559143,
4,33,1.0953904390335083,1.0726770162582397,0.022600755095481873,1.1268469095230103,
4,34,1.1413960456848145,1.1173818111419678,0.023879826068878174,1.3442403078079224,
4,35,0.4868428409099579,0.470206618309021,0.016419783234596252,2.164557695388794,
4,36,0.5067999362945557,0.4872746765613556,0.01931079477071762,2.1443045139312744,
4,37,0.8286258578300476,0.8098353147506714,0.01871539279818535,0.7514012455940247,
4,38,0.3782508373260498,0.3672327399253845,0.010956895537674427,0.612130880355835,
4,39,0.6746582388877869,0.6579276323318481,0.016659369692206383,0.7121838331222534,
4,40,0.5292484164237976,0.5114920139312744,0.017560193315148354,1.9623796939849854,
4,41,0.6401978731155396,0.6143353581428528,0.025466375052928925,3.9613990783691406,
4,42,1.0746774673461914,1.054080605506897,0.020488999783992767,1.0788601636886597,
4,43,0.5152833461761475,0.4990537166595459,0.015994735062122345,2.348804473876953,
4,44,0.7217220067977905,0.7066501379013062,0.015004033222794533,0.678228497505188,
4,45,0.8753458261489868,0.8575454354286194,0.017706692218780518,0.9371496438980103,
4,46,0.8679478764533997,0.8500366806983948,0.017790023237466812,1.2116656303405762,
4,47,0.6569047570228577,0.636771559715271,0.019902030006051064,2.311267852783203,
4,48,0.5497874617576599,0.530314028263092,0.019171515479683876,3.0190374851226807,
4,49,0.4989607632160187,0.4843742549419403,0.014387281611561775,1.9924190044403076,
4,50,1.0529453754425049,1.0324153900146484,0.02042405866086483,1.0598187446594238,
4,51,0.5793077349662781,0.5610387325286865,0.018102211877703667,1.6679638624191284,
4,52,1.1781238317489624,1.158632755279541,0.019388442859053612,1.0266731977462769,
4,53,0.5090566277503967,0.4916917681694031,0.017174797132611275,1.9007729291915894,
4,54,0.4323139786720276,0.42310458421707153,0.009150228463113308,0.5916299223899841,
4,55,0.6705748438835144,0.6439408659934998,0.02629711851477623,3.3687586784362793,
4,56,1.0313079357147217,1.0018242597579956,0.029263824224472046,2.198014974594116,
4,57,1.0725679397583008,1.0500435829162598,0.02242635190486908,0.9802901148796082,
4,58,0.9644850492477417,0.9441587924957275,0.020236771553754807,0.8944095969200134,
4,59,0.607498288154602,0.5899373292922974,0.01730266958475113,2.5825414657592773,
4,60,0.8743751645088196,0.8512856960296631,0.02292707934975624,1.6233628988265991,
4,61,1.088006615638733,1.068226933479309,0.019681183621287346,0.9844375848770142,
4,62,0.39066895842552185,0.38123324513435364,0.009377621114253998,0.5807691216468811,
4,63,0.5185831189155579,0.5016640424728394,0.01672525517642498,1.9385628700256348,
4,64,0.5972176194190979,0.5812287330627441,0.015776965767145157,2.118833541870117,
4,65,0.4187302589416504,0.40637707710266113,0.012218708172440529,1.3447352647781372,
4,66,0.6339385509490967,0.6115991473197937,0.022071372717618942,2.6805551052093506,
4,67,0.8131353259086609,0.794421911239624,0.01859205588698387,1.2132982015609741,
4,68,0.8225405216217041,0.7879766225814819,0.03401103615760803,5.528865337371826,
4,69,0.6332284808158875,0.6088588237762451,0.024058906361460686,3.107729434967041,
4,70,0.7968710660934448,0.7783820629119873,0.01840570941567421,0.8326982259750366,
4,71,0.4201648235321045,0.40973201394081116,0.010300003923475742,1.3280929327011108,
4,72,0.611649751663208,0.5899709463119507,0.021394122391939163,2.8469529151916504,
4,73,0.7258903980255127,0.6949055194854736,0.030581137165427208,4.037580966949463,
4,74,0.7511562705039978,0.7326689958572388,0.018393434584140778,0.9383407235145569,
4,75,0.6314038634300232,0.6066074371337891,0.024457033723592758,3.393709421157837,
4,76,0.6728518605232239,0.6443515419960022,0.028029706329107285,4.706476211547852,
4,77,0.8090813159942627,0.7801083326339722,0.028579801321029663,3.9315731525421143,
4,78,0.5454798936843872,0.5304362773895264,0.014990858733654022,0.5272866487503052,
4,79,0.8014663457870483,0.7840018272399902,0.017376558855175972,0.8798648118972778,
4,80,0.9807519316673279,0.958449125289917,0.022131217643618584,1.716252326965332,
4,81,0.738774836063385,0.7236892580986023,0.015031887218356133,0.5369662046432495,
4,82,0.3780094087123871,0.36579644680023193,0.012114392593502998,0.9856947064399719,
4,83,0.6027133464813232,0.585005521774292,0.017445972189307213,2.6182973384857178,
4,84,1.1437418460845947,1.1207361221313477,0.022763285785913467,2.4248549938201904,
4,85,0.7535645365715027,0.7361249327659607,0.017370985820889473,0.6858989596366882,
4,86,0.8259384632110596,0.8063589334487915,0.019436603412032127,1.429093599319458,
4,87,0.7058191895484924,0.6888645887374878,0.01688857562839985,0.6601918935775757,
4,88,0.6006674766540527,0.5796493291854858,0.020797431468963623,2.2074315547943115,
4,89,0.6180098652839661,0.5938090085983276,0.023894403129816055,3.0643298625946045,
4,90,0.773335874080658,0.7555133104324341,0.01775195263326168,0.7065945267677307,
4,91,0.8233882188796997,0.8052128553390503,0.018096068874001503,0.7929741740226746,
4,92,0.7063947319984436,0.6901229619979858,0.016204336658120155,0.6740437150001526,
4,93,0.5381634831428528,0.5234037637710571,0.014706829562783241,0.5287263989448547,
4,94,0.630469024181366,0.6069931983947754,0.023179806768894196,2.9602506160736084,
4,95,0.9674691557884216,0.950404167175293,0.016986055299639702,0.7892497181892395,
4,96,0.7259858846664429,0.7110530734062195,0.01486880425363779,0.6403752565383911,
4,97,0.4875529408454895,0.4752463698387146,0.012183659709990025,1.2289767265319824,
4,98,0.4234236478805542,0.4106190502643585,0.012699482962489128,1.0512350797653198,
4,99,0.3924567699432373,0.3815940022468567,0.010777706280350685,0.8504605889320374,
4,100,1.08251953125,1.0616400241851807,0.020777832716703415,1.016748309135437,
5,1,0.4644967317581177,0.4500577449798584,0.014275550842285156,1.634313941001892,
5,2,0.7021271586418152,0.6733248829841614,0.028435705229640007,3.6658546924591064,
5,3,1.171625018119812,1.153406023979187,0.01811658963561058,1.0241445302963257,
5,4,0.6399515867233276,0.6146780252456665,0.024911819025874138,3.6173813343048096,
5,5,1.0844635963439941,1.0616918802261353,0.022597312927246094,1.7441143989562988,
5,6,1.0947465896606445,1.0724997520446777,0.022081531584262848,1.6536940336227417,
5,7,0.643947184085846,0.6200248003005981,0.023615388199687004,3.0704076290130615,
5,8,0.6344932317733765,0.6097090244293213,0.024406423792243004,3.7777254581451416,
5,9,1.1976171731948853,1.175546407699585,0.02196267805993557,1.0811687707901,
5,10,0.6570884585380554,0.6421618461608887,0.01486587431281805,0.60750412940979,
5,11,0.8714458346366882,0.8480919599533081,0.023143839091062546,2.1002564430236816,
5,12,0.530036211013794,0.5131117701530457,0.01671527326107025,2.0914804935455322,
5,13,0.4635275602340698,0.45183658599853516,0.011586722917854786,1.0423915386199951,
5,14,0.38672757148742676,0.37563633918762207,0.011004130356013775,0.8712570667266846,
5,15,0.7342198491096497,0.7206611633300781,0.013507640920579433,0.51015704870224,
5,16,0.9477135539054871,0.9100044369697571,0.03704723343253136,6.619350433349609,
5,17,0.7669971585273743,0.7500742673873901,0.01684330403804779,0.7959373593330383,
5,18,0.39814624190330505,0.38670966029167175,0.011348333209753036,0.882311999797821,
5,19,1.0473623275756836,1.0273761749267578,0.019880127161741257,1.0598057508468628,
5,20,0.8212432861328125,0.8026898503303528,0.018428079783916473,1.2532966136932373,
5,21,0.5634122490882874,0.5429280400276184,0.020214755088090897,2.6947226524353027,
5,22,0.6004489064216614,0.5790109038352966,0.021131716668605804,3.0629630088806152,
5,23,0.6008924841880798,0.5798605680465698,0.020776506513357162,2.553886651992798,
5,24,0.7973217368125916,0.7790812253952026,0.01810414344072342,1.3638867139816284,
5,25,0.5963459014892578,0.5730452537536621,0.02297530695796013,3.252934694290161,
5,26,0.835121214389801,0.816081166267395,0.01888764277100563,1.5240525007247925,
5,27,0.8096944689750671,0.7924205660820007,0.01719123125076294,0.826862096786499,
5,28,0.6933718919754028,0.6784446239471436,0.01485437247902155,0.7287331223487854,
5,29,0.6587570905685425,0.6317563056945801,0.026588372886180878,4.1239495277404785,
5,30,0.6600126624107361,0.6456578373908997,0.014297286048531532,0.5754149556159973,
5,31,0.8099861145019531,0.7920861840248108,0.017773225903511047,1.2672325372695923,
5,32,0.5717964172363281,0.5579497218132019,0.013795510865747929,0.511823296546936,
5,33,0.5498209595680237,0.5357714891433716,0.01399916410446167,0.5028234124183655,
5,34,1.1124742031097412,1.090414047241211,0.021801449358463287,2.5865440368652344,
5,35,0.3956186771392822,0.3841171860694885,0.011392591521143913,1.0890235900878906,
5,36,0.6338607668876648,0.6202515363693237,0.013555843383073807,0.534058690071106,
5,37,0.6134098768234253,0.5899559259414673,0.023106619715690613,3.4729628562927246,
5,38,0.8219618797302246,0.8053029179573059,0.016580503433942795,0.7841795086860657,
5,39,1.0863949060440063,1.064149022102356,0.022135889157652855,1.1007968187332153,
5,40,0.8615193963050842,0.844019889831543,0.017389487475156784,1.1000183820724487,
5,41,0.5158452987670898,0.49785977602005005,0.017774008214473724,2.1153976917266846,
5,42,0.850059986114502,0.8068342208862305,0.042525917291641235,6.998994827270508,
5,43,0.6440832018852234,0.6254218816757202,0.018339484930038452,3.2178754806518555,
5,44,1.0426784753799438,1.0230717658996582,0.01950504630804062,1.0163230895996094,
5,45,0.7044267058372498,0.6886322498321533,0.015729235485196114,0.6523634791374207,
5,46,0.41801512241363525,0.40500861406326294,0.012894026935100555,1.1246715784072876,
5,47,0.49301886558532715,0.4752195179462433,0.017574181780219078,2.2514781951904297,
5,48,0.6130021214485168,0.5990457534790039,0.013909238390624523,0.47123563289642334,
5,49,0.8384960889816284,0.8229603171348572,0.015446235425770283,0.8949674963951111,
5,50,0.3867465853691101,0.3754459619522095,0.011214787140488625,0.8583366274833679,
5,51,0.4778595268726349,0.46845561265945435,0.009279810823500156,1.2409939765930176,
5,52,0.6171272993087769,0.5967298150062561,0.020159460604190826,2.380044937133789,
5,53,0.6714895367622375,0.6487171053886414,0.022448454052209854,3.2393829822540283,
5,54,0.6170856356620789,0.5924392938613892,0.024308020249009132,3.383173942565918,
5,55,0.8270034790039062,0.8085112571716309,0.018371248617768288,1.2101802825927734,
5,56,0.6222851276397705,0.6031125783920288,0.018872812390327454,2.9978127479553223,
5,57,1.5056674480438232,1.4735310077667236,0.031704653054475784,4.317346096038818,
5,58,0.5234068632125854,0.5061172842979431,0.017039820551872253,2.4972870349884033,
5,59,0.568424642086029,0.5529143214225769,0.01545383408665657,0.5649675130844116,
5,60,0.610765278339386,0.5880595445632935,0.022400328889489174,3.053925037384033,
5,61,1.062818169593811,1.0421884059906006,0.020520024001598358,1.0977106094360352,
5,62,0.7049577832221985,0.6808966994285583,0.023636575788259506,4.245240688323975,
5,63,1.0809786319732666,1.057381510734558,0.02344599738717079,1.5116580724716187,
5,64,0.6540133953094482,0.6240450143814087,0.02950861304998398,4.5977463722229,
5,65,0.6827893257141113,0.6511454582214355,0.031114954501390457,5.289279937744141,
5,66,0.9795312285423279,0.9437878727912903,0.03493940830230713,8.039691925048828,
5,67,1.204114556312561,1.178558349609375,0.025373071432113647,1.8313475847244263,
5,68,0.4153526723384857,0.40245288610458374,0.012792985886335373,1.0682443380355835,
5,69,0.3661995232105255,0.35447096824645996,0.011628208681941032,1.003395676612854,
5,70,0.7517439126968384,0.736686110496521,0.01499810628592968,0.5970586538314819,
5,71,0.8441785573959351,0.8260643482208252,0.018002361059188843,1.1180815696716309,
5,72,0.5307573080062866,0.516089677810669,0.01461759489029646,0.5002654194831848,
5,73,0.5950611233711243,0.5753173232078552,0.019436128437519073,3.076935052871704,
5,74,0.6186297535896301,0.5959303379058838,0.022420452907681465,2.7895405292510986,
5,75,0.706307590007782,0.6882496476173401,0.01795773394405842,1.0021870136260986,
5,76,0.8350178003311157,0.8154273629188538,0.01950024627149105,0.9017319083213806,
5,77,0.9535751938819885,0.9295068979263306,0.02386886067688465,1.9945080280303955,
5,78,0.5338755249977112,0.5093119740486145,0.024157818406820297,4.0574846267700195,
5,79,0.8096336722373962,0.7712594866752625,0.037777625024318695,5.965934753417969,
5,80,0.49464571475982666,0.4739238917827606,0.020464390516281128,2.5744383335113525,
5,81,0.5708396434783936,0.5506944060325623,0.0199472326785326,1.980231523513794,
5,82,0.4472002387046814,0.43194061517715454,0.015113252215087414,1.463555932044983,
5,83,0.5035898685455322,0.4824872612953186,0.02078557386994362,3.170631170272827,
5,84,0.5973557829856873,0.5796849727630615,0.01748143509030342,1.8936238288879395,
5,85,0.9547836780548096,0.9349602460861206,0.019725270569324493,0.9819574952125549,
5,86,1.106102466583252,1.0837950706481934,0.022074762731790543,2.326352119445801,
5,87,0.811112105846405,0.7930840849876404,0.017932914197444916,0.951093852519989,
5,88,0.6736876964569092,0.6582537889480591,0.015362480655312538,0.7139143347740173,
5,89,0.3845324218273163,0.37470999360084534,0.009750711731612682,0.7170510292053223,
5,90,0.4171667993068695,0.40329602360725403,0.013756453059613705,1.1432896852493286,
5,91,0.850661039352417,0.8328425884246826,0.017710067331790924,1.083831548690796,
5,92,0.8887935876846313,0.8716188669204712,0.01709683984518051,0.778791606426239,
5,93,0.9806421995162964,0.9619461894035339,0.018596716225147247,0.992820680141449,
5,94,1.0451689958572388,1.025046944618225,0.02001003921031952,1.120545506477356,
5,95,1.0483464002609253,1.0257513523101807,0.022495344281196594,0.9971612691879272,
5,96,1.0434969663619995,1.0216517448425293,0.02174222096800804,1.0302584171295166,
5,97,0.601674497127533,0.5781440138816833,0.023208383470773697,3.2212753295898438,
5,98,1.1292901039123535,1.109024167060852,0.0201388131827116,1.270208477973938,
5,99,0.6499701142311096,0.6223447322845459,0.027267370373010635,3.5798304080963135,
5,100,0.40041378140449524,0.38711482286453247,0.013164828531444073,1.341465950012207,
6,1,0.8825458884239197,0.864561140537262,0.01789485290646553,0.8987314105033875,
6,2,0.9287773370742798,0.9030611515045166,0.02529251202940941,4.23661994934082,
6,3,0.6106573939323425,0.5960540771484375,0.014554262161254883,0.4907567501068115,
6,4,0.5017151236534119,0.48113149404525757,0.02028830349445343,2.9533331394195557,
6,5,0.6038342118263245,0.5793637037277222,0.02411077916622162,3.5974197387695312,
6,6,0.8902019262313843,0.8585888147354126,0.03121894784271717,3.9418351650238037,
6,7,1.1978157758712769,1.1717314720153809,0.02586934342980385,2.1496834754943848,
6,8,0.47617021203041077,0.461269736289978,0.014737002551555634,1.6347978115081787,
6,9,0.9532586336135864,0.9332333207130432,0.019922537729144096,1.0275397300720215,
6,10,0.931035578250885,0.9084566831588745,0.022397926077246666,1.8094562292099,
6,11,0.6170206069946289,0.6009217500686646,0.016045186668634415,0.5362864136695862,
6,12,1.0393034219741821,1.0161446332931519,0.023047253489494324,1.1156388521194458,
6,13,0.803047776222229,0.7774729132652283,0.02498028054833412,5.9452714920043945,
6,14,0.35717374086380005,0.345104843378067,0.011963089928030968,1.0580660104751587,
6,15,0.8178533911705017,0.798364520072937,0.01940188743174076,0.8696202635765076,
6,16,0.8477616906166077,0.8284069895744324,0.019229836761951447,1.2487303018569946,
6,17,1.1285407543182373,1.1022149324417114,0.026065470650792122,2.6029515266418457,
6,18,1.1459180116653442,1.1197302341461182,0.02602328732609749,1.6453408002853394,
6,19,0.5965762138366699,0.5693777203559875,0.026789188385009766,4.092848777770996,
6,20,0.74848473072052,0.7321025133132935,0.01628665067255497,0.9557455778121948,
6,21,1.593359351158142,1.501799464225769,0.08963613957166672,19.238481521606445,
6,22,1.1224101781845093,1.0981755256652832,0.024084655568003654,1.499853491783142,
6,23,1.1087993383407593,1.0817394256591797,0.02682976797223091,2.302400827407837,
6,24,0.7778471112251282,0.7590363025665283,0.018713701516389847,0.971123456954956,
6,25,0.7522160410881042,0.7349014282226562,0.017212720587849617,1.018533706665039,
6,26,0.8165031671524048,0.7711518406867981,0.04448902606964111,8.622880935668945,
6,27,1.2121689319610596,1.174413800239563,0.03715091943740845,6.041498184204102,
6,28,0.36433395743370056,0.3532903790473938,0.01097196340560913,0.716141939163208,
6,29,0.585375964641571,0.556349515914917,0.028597170487046242,4.2926106452941895,
6,30,0.856256365776062,0.837249755859375,0.018918517976999283,0.881102979183197,
6,31,0.4698205888271332,0.451276034116745,0.01827387511730194,2.7070865631103516,
6,32,1.0941236019134521,1.067604899406433,0.026253022253513336,2.6574268341064453,
6,33,0.9975409507751465,0.9756239652633667,0.02180907316505909,1.0789850950241089,
6,34,0.4118858277797699,0.39696311950683594,0.014797639101743698,1.250691294670105,
6,35,0.5361877083778381,0.5114368200302124,0.024433985352516174,3.1690051555633545,
6,36,0.3666248917579651,0.3544883131980896,0.012030396610498428,1.0618995428085327,
6,37,0.7985619306564331,0.7801178693771362,0.018337320536375046,1.067307472229004,
6,38,0.4732915163040161,0.45885926485061646,0.014285529963672161,1.46705162525177,
6,39,0.741568386554718,0.7259761095046997,0.015534313395619392,0.579267144203186,
6,40,0.38972505927085876,0.3764646649360657,0.013149932026863098,1.1047970056533813,
6,41,0.781466007232666,0.7634753584861755,0.017899159342050552,0.9151890277862549,
6,42,0.41169458627700806,0.3996853232383728,0.011824846267700195,1.844308853149414,
6,43,0.5268232822418213,0.5021874904632568,0.024232350289821625,4.034423351287842,
6,44,0.4744228720664978,0.45903903245925903,0.015215675346553326,1.6816484928131104,
6,45,0.5743880867958069,0.5526604056358337,0.021406566724181175,3.21101713180542,
6,46,0.8644077777862549,0.8388012647628784,0.0254462119191885,1.6028562784194946,
6,47,0.4963245689868927,0.4746144711971283,0.021368997171521187,3.410909414291382,
6,48,0.6164946556091309,0.5868895053863525,0.029142111539840698,4.630239963531494,
6,49,0.5932548642158508,0.56721031665802,0.025547310709953308,4.97235107421875,
6,50,1.1389583349227905,1.1132702827453613,0.02541930601000786,2.686798572540283,
6,51,0.8876152038574219,0.8687984943389893,0.01873212680220604,0.8457573056221008,
6,52,0.7673014998435974,0.7502233982086182,0.016990307718515396,0.877957284450531,
6,53,0.5910251140594482,0.5645424723625183,0.02608557790517807,3.971074342727661,
6,54,0.6569530963897705,0.6418010592460632,0.015091171488165855,0.6082912683486938,
6,55,0.3611135482788086,0.34927529096603394,0.011735471896827221,1.0279873609542847,
6,56,0.46478071808815,0.45016708970069885,0.01444995403289795,1.6366322040557861,
6,57,0.5350320935249329,0.5173414945602417,0.017480557784438133,2.100700855255127,
6,58,0.7492786645889282,0.7321376204490662,0.01705355942249298,0.8752429485321045,
6,59,0.5883911848068237,0.5678293108940125,0.02034841850399971,2.1342194080352783,
6,60,0.8381984233856201,0.8204946517944336,0.01761946827173233,0.8430383801460266,
6,61,1.2388381958007812,1.2093167304992676,0.029241902753710747,2.795787811279297,
6,62,1.668192744255066,1.6069566011428833,0.06029016897082329,9.459054946899414,
6,63,0.6307617425918579,0.6026103496551514,0.02776474691927433,3.8664019107818604,
6,64,0.7071079015731812,0.6912301778793335,0.015777448192238808,1.0027216672897339,
6,65,0.6149613857269287,0.5865915417671204,0.02790164016187191,4.6818037033081055,
6,66,0.7536097168922424,0.7376189827919006,0.015901880338788033,0.8884841799736023,
6,67,0.7986447811126709,0.7586637735366821,0.03942859172821045,5.524343490600586,
6,68,0.7266308665275574,0.7123026847839355,0.014271635562181473,0.5654507875442505,
6,69,0.5311948657035828,0.5177075862884521,0.01343951653689146,0.47733986377716064,
6,70,1.0729862451553345,1.0498700141906738,0.022933941334486008,1.8228380680084229,
6,71,0.9613825082778931,0.9413850903511047,0.019893048331141472,1.04352605342865,
6,72,0.45992934703826904,0.4435701370239258,0.01613648235797882,2.227393865585327,
6,73,0.38368067145347595,0.3720111846923828,0.011564915999770164,1.0458661317825317,
6,74,0.7514554858207703,0.7351681590080261,0.016196226701140404,0.9107934832572937,
6,75,0.9952989220619202,0.9752834439277649,0.01989765465259552,1.1781585216522217,
6,76,0.6180258989334106,0.5923267006874084,0.025340411812067032,3.5877397060394287,
6,77,0.5518546104431152,0.5381326675415039,0.01367020420730114,0.5170862674713135,
6,78,0.8757728338241577,0.8570756912231445,0.018590085208415985,1.0703322887420654,
6,79,0.3811562955379486,0.3692818284034729,0.011778052896261215,0.9639713764190674,
6,80,0.5602279901504517,0.5462856888771057,0.013890610076487064,0.5168097019195557,
6,81,0.628110408782959,0.603711724281311,0.02392686903476715,4.718125820159912,
6,82,0.622074544429779,0.596454381942749,0.02530520036816597,3.1495041847229004,
6,83,0.8746817111968994,0.8551028966903687,0.01944148540496826,1.373453974723816,
6,84,0.35387399792671204,0.3444266617298126,0.009385263547301292,0.620717465877533,
6,85,0.8059441447257996,0.7653648257255554,0.04003775492310524,5.415853500366211,
6,86,0.450797438621521,0.433319091796875,0.01725620962679386,2.2214746475219727,
6,87,0.39010968804359436,0.38032442331314087,0.00970502570271492,0.8023044466972351,
6,88,0.9490131735801697,0.9297939538955688,0.0191228948533535,0.9632959961891174,
6,89,0.8788660168647766,0.8608068823814392,0.017969127744436264,0.9003180265426636,
6,90,1.0062671899795532,0.9866767525672913,0.019489837810397148,1.0065221786499023,
6,91,1.1273958683013916,1.1032220125198364,0.02392462268471718,2.4923713207244873,
6,92,0.7759737968444824,0.759178638458252,0.016676532104611397,1.1861509084701538,
6,93,0.454519122838974,0.44094836711883545,0.013428646139800549,1.4208714962005615,
6,94,0.5627044439315796,0.5381234884262085,0.02426433190703392,3.166137456893921,
6,95,0.4526250660419464,0.4370906949043274,0.015336768701672554,1.9758204221725464,
6,96,0.8701790571212769,0.8516260385513306,0.018448909744620323,1.0411854982376099,
6,97,0.6295135021209717,0.6051740646362305,0.023882051929831505,4.573849201202393,
6,98,0.6897856593132019,0.6543242931365967,0.03502450883388519,4.368598461151123,
6,99,0.8323928117752075,0.8158560991287231,0.01643318682909012,1.0353169441223145,
6,100,0.9572238922119141,0.937570333480835,0.01951189525425434,1.416664958000183,
7,1,0.7604005336761475,0.7447928190231323,0.015543332323431969,0.6434327363967896,
7,2,0.6196209788322449,0.5921608209609985,0.02710316888988018,3.5696752071380615,
7,3,1.0907692909240723,1.0707130432128906,0.01993737369775772,1.1885526180267334,
7,4,0.9679369330406189,0.9502501487731934,0.01758389174938202,1.0289243459701538,
7,5,0.8837642669677734,0.8659643530845642,0.017710350453853607,0.8956468105316162,
7,6,0.6033252477645874,0.5897557735443115,0.013521306216716766,0.4813145399093628,
7,7,0.3911252021789551,0.38108664751052856,0.009956617839634418,0.8193204998970032,
7,8,0.9465908408164978,0.9278069734573364,0.018670227378606796,1.1367220878601074,
7,9,0.4624958634376526,0.448039174079895,0.014296302571892738,1.6039868593215942,
7,10,0.9803175330162048,0.9606267809867859,0.019586700946092606,1.0408296585083008,
7,11,1.0515936613082886,1.031495451927185,0.0199873149394989,1.1091481447219849,
7,12,0.456752747297287,0.4425499737262726,0.014050103724002838,1.5266344547271729,
7,13,0.41872474551200867,0.4051482081413269,0.013458343222737312,1.1818227767944336,
7,14,0.6721832752227783,0.6417029500007629,0.02998751774430275,4.928390026092529,
7,15,1.06838059425354,1.045774221420288,0.022431615740060806,1.7476197481155396,
7,16,0.581994891166687,0.5607941150665283,0.020872540771961212,3.2826695442199707,
7,17,0.4175906479358673,0.4005889296531677,0.01681504026055336,1.8669652938842773,
7,18,1.0069063901901245,0.9886094331741333,0.018205445259809494,0.9159898161888123,
7,19,0.517293393611908,0.49511146545410156,0.0218280591070652,3.5386321544647217,
7,20,1.1893410682678223,1.1658034324645996,0.023374877870082855,1.6271220445632935,
7,21,1.057633876800537,1.0376436710357666,0.019887369126081467,1.0290708541870117,
7,22,0.9138761162757874,0.8939695954322815,0.019760631024837494,1.4589709043502808,
7,23,0.5708716511726379,0.5501999855041504,0.0203586183488369,3.130227565765381,
7,24,0.6075242757797241,0.5811851024627686,0.025953564792871475,3.8555917739868164,
7,25,0.7953616380691528,0.7598589062690735,0.03501187637448311,4.908164024353027,
7,26,1.1087983846664429,1.0846447944641113,0.023901082575321198,2.524646043777466,
7,27,0.4669981002807617,0.45342200994491577,0.013446006923913956,1.3009073734283447,
7,28,0.39194682240486145,0.3812514543533325,0.010613959282636642,0.8141996264457703,
7,29,0.8659355640411377,0.8456966876983643,0.020126130431890488,1.1279749870300293,
7,30,1.1296374797821045,1.1066431999206543,0.022860052064061165,1.3426395654678345,
7,31,0.5784963965415955,0.5496217012405396,0.02844078838825226,4.339492321014404,
7,32,0.9566887021064758,0.9355851411819458,0.02098943293094635,1.141487717628479,
7,33,0.40204423666000366,0.38792964816093445,0.013964519836008549,1.5005923509597778,
7,34,0.8534162044525146,0.8358806371688843,0.01744901016354561,0.8655855655670166,
7,35,0.7308228611946106,0.7172448039054871,0.013525184243917465,0.5285307765007019,
7,36,0.6081213355064392,0.5824283361434937,0.025280363857746124,4.126643657684326,
7,37,0.6374552249908447,0.6131325960159302,0.023856505751609802,4.661121368408203,
7,38,0.9879003763198853,0.9689527153968811,0.018854551017284393,0.9311366081237793,
7,39,0.837012767791748,0.8192929029464722,0.017616894096136093,1.0299816131591797,
7,40,0.5553739666938782,0.5333793759346008,0.021726693958044052,2.6794168949127197,
7,41,0.641735851764679,0.6173042058944702,0.02396320179104805,4.684226036071777,
7,42,1.1483677625656128,1.126363754272461,0.02184787392616272,1.5616213083267212,
7,43,0.5918448567390442,0.5642685294151306,0.027202768251299858,3.735534429550171,
7,44,0.425674170255661,0.4126453697681427,0.0129155982285738,1.1318531036376953,
7,45,0.4708702564239502,0.455697238445282,0.014978615567088127,1.9439371824264526,
7,46,0.572684109210968,0.5508973598480225,0.02157079428434372,2.15946102142334,
7,47,0.474757581949234,0.46110641956329346,0.013510854914784431,1.403024435043335,
7,48,1.1082701683044434,1.0860610008239746,0.02199728973209858,2.1181037425994873,
7,49,0.8427467942237854,0.8264899849891663,0.01617465168237686,0.8213037252426147,
7,50,0.5608878135681152,0.5486828684806824,0.012160880491137505,0.4403732419013977,
7,51,1.1485878229141235,1.1278412342071533,0.020627010613679886,1.196043848991394,
7,52,0.42030251026153564,0.407983660697937,0.012203840538859367,1.150090217590332,
7,53,0.3867732584476471,0.37679243087768555,0.00989508256316185,0.8572859168052673,
7,54,0.6438067555427551,0.6155433654785156,0.027735475450754166,5.279277801513672,
7,55,0.8533090353012085,0.8348344564437866,0.0183662511408329,1.082911491394043,
7,56,0.9515730142593384,0.9321876764297485,0.019290268421173096,0.9509244561195374,
7,57,1.0751222372055054,1.052369236946106,0.02257443405687809,1.7852052450180054,
7,58,0.9610880017280579,0.9411596655845642,0.01978210173547268,1.4618269205093384,
7,59,0.7325295209884644,0.7181359529495239,0.014310788363218307,0.8280742168426514,
7,60,0.6295461654663086,0.5979808568954468,0.031102027744054794,4.633195400238037,
7,61,0.8635332584381104,0.8468160629272461,0.016636155545711517,0.8103646636009216,
7,62,0.8921560645103455,0.8517890572547913,0.03981092572212219,5.560773849487305,
7,63,0.8593290448188782,0.8426936268806458,0.01655448228120804,0.8096620440483093,
7,64,0.953797459602356,0.9347897171974182,0.018884457647800446,1.2323434352874756,
7,65,0.8383695483207703,0.8204655051231384,0.01778644695878029,1.1761109828948975,
7,66,0.8523108959197998,0.8343715667724609,0.017824824899435043,1.144914984703064,
7,67,0.7098551988601685,0.6950965523719788,0.01469375379383564,0.6492918133735657,
7,68,0.6803773641586304,0.6663224697113037,0.013992485590279102,0.6242174506187439,
7,69,0.5319326519966125,0.5067615509033203,0.024734973907470703,4.361454010009766,
7,70,0.5897046327590942,0.5669556856155396,0.022486934438347816,2.620406150817871,
7,71,0.6502952575683594,0.6149182915687561,0.034822024405002594,5.549136161804199,
7,72,0.7321092486381531,0.7190498113632202,0.013005506247282028,0.5394763350486755,
7,73,0.6319069862365723,0.598090410232544,0.03330622985959053,5.103051662445068,
7,74,0.8043411374092102,0.7885400056838989,0.015687299892306328,1.1386709213256836,
7,75,0.41016578674316406,0.40084823966026306,0.00922033004462719,0.9721728563308716,
7,76,0.8943105936050415,0.8784807920455933,0.01575326919555664,0.7655184268951416,
7,77,1.2613427639007568,1.2367980480194092,0.02436705119907856,1.7763653993606567,
7,78,0.5491695404052734,0.5383090376853943,0.010820142924785614,0.40334925055503845,
7,79,0.6152639389038086,0.5920860767364502,0.022794323042035103,3.8358099460601807,
7,80,0.7679569125175476,0.7209986448287964,0.04634377360343933,6.14446496963501,
7,81,0.9313469529151917,0.9135240912437439,0.017742838710546494,0.8002024292945862,
7,82,0.5672723054885864,0.5484079122543335,0.018680350854992867,1.8405719995498657,
7,83,0.8697617053985596,0.8481060862541199,0.021519441157579422,1.3621968030929565,
7,84,0.43510735034942627,0.420276939868927,0.014578305184841156,2.521108388900757,
7,85,0.5732207894325256,0.5546658039093018,0.018373720347881317,1.8122856616973877,
7,86,0.37316733598709106,0.36343371868133545,0.009651841595768929,0.8178471922874451,
7,87,0.5739526748657227,0.5553141832351685,0.018381565809249878,2.5686681270599365,
7,88,0.566805899143219,0.5536474585533142,0.013108739629387856,0.4971255362033844,
7,89,1.1354022026062012,1.1140354871749878,0.021244168281555176,1.225422978401184,
7,90,1.0034785270690918,0.9847086668014526,0.01868491992354393,0.8500242829322815,
7,91,1.0534107685089111,1.03285813331604,0.020353268831968307,1.9931010007858276,
7,92,0.7114142179489136,0.6973589658737183,0.013986784033477306,0.6848964691162109,
7,93,0.9976819753646851,0.9802002906799316,0.017392553389072418,0.8910571932792664,
7,94,0.7436233162879944,0.728229284286499,0.015334389172494411,0.596555233001709,
7,95,0.9559093117713928,0.9377785325050354,0.01804259419441223,0.8812786936759949,
7,96,0.6711699962615967,0.6461095809936523,0.024676714092493057,3.8366386890411377,
7,97,0.5231455564498901,0.5073350667953491,0.01563752070069313,1.7297163009643555,
7,98,0.5779181718826294,0.5581727027893066,0.01950528286397457,2.4023544788360596,
7,99,0.5211904048919678,0.5015806555747986,0.019331343472003937,2.7842466831207275,
7,100,0.39194270968437195,0.3813965916633606,0.01045297086238861,0.9313878417015076,
8,1,0.7588263750076294,0.742476224899292,0.01626726984977722,0.8283919095993042,
8,2,0.908879280090332,0.8906466960906982,0.01813904382288456,0.9354616403579712,
8,3,0.6082014441490173,0.5864583253860474,0.021453987807035446,2.8914191722869873,
8,4,0.6669397354125977,0.6450484991073608,0.021616987884044647,2.7424323558807373,
8,5,0.4502248764038086,0.4366874098777771,0.013407168909907341,1.30289626121521,
8,6,0.8800103664398193,0.8624700307846069,0.01746422052383423,0.7611806988716125,
8,7,1.0723557472229004,1.0498453378677368,0.022335907444357872,1.7456681728363037,
8,8,0.696604311466217,0.6678874492645264,0.028345387428998947,3.7143428325653076,
8,9,0.7083344459533691,0.6938120126724243,0.014468003064393997,0.5440825819969177,
8,10,0.5737071633338928,0.551378607749939,0.022036444395780563,2.921112298965454,
8,11,0.8210111260414124,0.8023118376731873,0.01861744560301304,0.8183928728103638,
8,12,0.7212964296340942,0.6944657564163208,0.026397831737995148,4.328598499298096,
8,13,0.6089373826980591,0.5799447298049927,0.028583193197846413,4.095071315765381,
8,14,0.7314630150794983,0.7154736518859863,0.01589731127023697,0.920044481754303,
8,15,0.785564661026001,0.7670924663543701,0.018374525010585785,0.9769580960273743,
8,16,1.1486339569091797,1.124202013015747,0.02428419701755047,1.476779580116272,
8,17,0.5323981642723083,0.5185296535491943,0.01381911151111126,0.49409493803977966,
8,18,0.5793712139129639,0.5551274418830872,0.02388736605644226,3.564598321914673,
8,19,0.5184605717658997,0.4942896366119385,0.023764366284012794,4.06591272354126,
8,20,0.8293336033821106,0.8111370205879211,0.018087763339281082,1.0886685848236084,
8,21,1.047691822052002,1.0268855094909668,0.020695682615041733,1.106185793876648,
8,22,0.8767958879470825,0.8594859838485718,0.017226796597242355,0.8310506939888,
8,23,0.5926393270492554,0.5677090883255005,0.024557482451200485,3.7277121543884277,
8,24,0.6887348890304565,0.6720030307769775,0.01665966585278511,0.7217108011245728,
8,25,0.6966622471809387,0.6809515953063965,0.0156397707760334,0.7088752388954163,
8,26,0.3732771575450897,0.3614688515663147,0.011706310324370861,1.0197827816009521,
8,27,0.6994245648384094,0.6642791628837585,0.03468497470021248,4.604519367218018,
8,28,0.37992361187934875,0.3688964247703552,0.010932181030511856,0.9499921798706055,
8,29,1.2051588296890259,1.17306649684906,0.03160664066672325,4.856960296630859,
8,30,0.9460901618003845,0.9256755709648132,0.02031249739229679,1.0208909511566162,
8,31,0.8541162014007568,0.8349736928939819,0.01904921978712082,0.9331042766571045,
8,32,0.3903391659259796,0.3760538101196289,0.014139564707875252,1.4580330848693848,
8,33,0.8212949633598328,0.802542507648468,0.018662432208657265,0.9001574516296387,
8,34,0.35716915130615234,0.34733346104621887,0.009768618270754814,0.6708714962005615,
8,35,0.8087217211723328,0.791182279586792,0.01743077114224434,1.0864667892456055,
8,36,1.1442774534225464,1.1210660934448242,0.023051880300045013,1.594725489616394,
8,37,0.6911964416503906,0.6566091179847717,0.03410989046096802,4.774518013000488,
8,38,0.5951711535453796,0.5718771815299988,0.022984132170677185,3.0982227325439453,
8,39,0.5158390998840332,0.4952108860015869,0.02032480761408806,3.0340192317962646,
8,40,0.9184290170669556,0.9000464677810669,0.0182952918112278,0.8726480007171631,
8,41,0.4436805248260498,0.42917609214782715,0.014309861697256565,1.945716381072998,
8,42,0.5581009984016418,0.539760172367096,0.01810840703547001,2.3242311477661133,
8,43,0.4963444471359253,0.48141396045684814,0.014769596047699451,1.6089563369750977,
8,44,0.3909510672092438,0.3803519904613495,0.010511337779462337,0.8773565888404846,
8,45,0.9709148406982422,0.9242843389511108,0.046087030321359634,5.434861660003662,
8,46,0.8096232414245605,0.7919698357582092,0.017574690282344818,0.7874392867088318,
8,47,0.6342425346374512,0.6100814342498779,0.023707199841737747,4.538783550262451,
8,48,0.7991863489151001,0.7624457478523254,0.03622109442949295,5.1948957443237305,
8,49,0.5869950652122498,0.5585432648658752,0.02804592251777649,4.058518409729004,
8,50,1.1363251209259033,1.1101491451263428,0.025989603251218796,1.8636720180511475,
8,51,0.7598855495452881,0.7320461273193359,0.02711079642176628,7.286160945892334,
8,52,0.6390527486801147,0.6127303838729858,0.02580222673714161,5.201001167297363,
8,53,0.4085124731063843,0.39434799551963806,0.01400221697986126,1.6227844953536987,
8,54,0.7806956768035889,0.7340043187141418,0.04603547975420952,6.55891752243042,
8,55,1.0737848281860352,1.0461509227752686,0.02741052210330963,2.2336652278900146,
8,56,0.39520174264907837,0.3825153410434723,0.012571076862514019,1.1533576250076294,
8,57,1.143333077430725,1.1135993003845215,0.0295221246778965,2.1157069206237793,
8,58,0.7521432042121887,0.6986353397369385,0.052809033542871475,6.988263130187988,
8,59,0.8907902240753174,0.8682957887649536,0.022386638447642326,1.0783398151397705,
8,60,1.0876455307006836,1.0592856407165527,0.028073832392692566,2.8616151809692383,
8,61,0.5659158229827881,0.5445583462715149,0.02113276906311512,2.2468204498291016,
8,62,0.9075031876564026,0.8857608437538147,0.021612882614135742,1.2947698831558228,
8,63,0.5214099287986755,0.5020592212677002,0.019128955900669098,2.2171075344085693,
8,64,0.40936020016670227,0.3970358967781067,0.012215694412589073,1.0859850645065308,
8,65,0.9608821868896484,0.9375811815261841,0.023108942434191704,1.9203460216522217,
8,66,0.7358546853065491,0.7208575010299683,0.014937843196094036,0.5939025282859802,
8,67,0.6929349303245544,0.677267849445343,0.015600966289639473,0.6612464785575867,
8,68,0.485982745885849,0.4664265513420105,0.019286584109067917,2.696166515350342,
8,69,0.6835744380950928,0.6541709303855896,0.028851356357336044,5.522004127502441,
8,70,0.5106388926506042,0.48886939883232117,0.02146941050887108,3.0013508796691895,
8,71,0.35227569937705994,0.34076666831970215,0.011405469849705696,1.0357482433319092,
8,72,0.7567054629325867,0.73847496509552,0.01815582439303398,0.7468438148498535,
8,73,1.1104854345321655,1.0845273733139038,0.025698628276586533,2.5939409732818604,
8,74,0.8646360039710999,0.8147572875022888,0.04892120510339737,9.574650764465332,
8,75,0.5275447964668274,0.5130043029785156,0.014489328488707542,0.5116093754768372,
8,76,0.8815645575523376,0.8622345924377441,0.019237278029322624,0.9270971417427063,
8,77,0.8419190049171448,0.8219956159591675,0.019797205924987793,1.2618141174316406,
8,78,0.4192924499511719,0.4038086235523224,0.015328239649534225,1.5561187267303467,
8,79,0.746182382106781,0.7284109592437744,0.017671022564172745,1.003859519958496,
8,80,0.48260998725891113,0.46048176288604736,0.02179003693163395,3.3820621967315674,
8,81,1.2281348705291748,1.1993805170059204,0.028540827333927155,2.134739398956299,
8,82,0.5327642560005188,0.5127490758895874,0.019790060818195343,2.2510316371917725,
8,83,0.785161018371582,0.7428548336029053,0.04165470600128174,6.5147929191589355,
8,84,1.1482535600662231,1.1240743398666382,0.023974556475877762,2.0471408367156982,
8,85,1.0254634618759155,1.002511739730835,0.022847818210721016,1.0400023460388184,
8,86,1.0422238111495972,1.017569899559021,0.024503640830516815,1.5035274028778076,
8,87,1.1394020318984985,1.113936424255371,0.025302782654762268,1.6283962726593018,
8,88,0.37268805503845215,0.3611052334308624,0.011490521021187305,0.9229968190193176,
8,89,0.6685255765914917,0.6519976854324341,0.01644929125905037,0.7864134311676025,
8,90,0.5834943652153015,0.5534012317657471,0.029701419174671173,3.9170072078704834,
8,91,0.6916959881782532,0.6753522753715515,0.01626581698656082,0.7790846824645996,
8,92,1.1094043254852295,1.0840026140213013,0.025251902639865875,1.4985671043395996,
8,93,1.0497715473175049,1.020848035812378,0.028602417558431625,3.2120285034179688,
8,94,0.7007611989974976,0.6642266511917114,0.03606247529387474,4.720815658569336,
8,95,1.0758694410324097,1.051729679107666,0.024001678451895714,1.3804293870925903,
8,96,0.5332767367362976,0.5150476694107056,0.018025916069746017,2.031242609024048,
8,97,0.4133870005607605,0.4005386531352997,0.012731188908219337,1.171442985534668,
8,98,0.620288610458374,0.5815391540527344,0.037958331406116486,7.91141414642334,
8,99,0.5251826643943787,0.5004568696022034,0.02432989701628685,3.9590883255004883,
8,100,0.5015221834182739,0.4818616509437561,0.019415581598877907,2.449632167816162,
9,1,0.7289618849754333,0.7140452861785889,0.014859290793538094,0.5725721716880798,
9,2,0.7393792867660522,0.7235108613967896,0.015777485445141792,0.9093999862670898,
9,3,0.7864398956298828,0.7516691088676453,0.034273963421583176,4.96830415725708,
9,4,0.5768728852272034,0.5503723621368408,0.026120008900761604,3.805129289627075,
9,5,0.945604681968689,0.9229809045791626,0.022363223135471344,2.605149030685425,
9,6,0.7586095929145813,0.7404884099960327,0.018049165606498718,0.7199336290359497,
9,7,0.786748468875885,0.7679188251495361,0.01873108558356762,0.9861102104187012,
9,8,0.4531615972518921,0.4357302784919739,0.01718958653509617,2.4172866344451904,
9,9,0.9330423474311829,0.9100825786590576,0.02277650125324726,1.8330223560333252,
9,10,1.088809847831726,1.0617057085037231,0.026817254722118378,2.869501829147339,
9,11,0.9369537830352783,0.9136075973510742,0.02317752316594124,1.6867938041687012,
9,12,1.1237362623214722,1.0978262424468994,0.025759214535355568,1.5077540874481201,
9,13,0.920904278755188,0.8761877417564392,0.043599411845207214,11.171388626098633,
9,14,0.6865862607955933,0.6462479829788208,0.03982226178050041,5.1599202156066895,
9,15,0.8408118486404419,0.8229056596755981,0.01781555637717247,0.9066312313079834,
9,16,0.7120410799980164,0.6966632604598999,0.015310670249164104,0.671515703201294,
9,17,0.8015087842941284,0.7637825012207031,0.03719835728406906,5.279135704040527,
9,18,0.609990119934082,0.5959688425064087,0.013973014429211617,0.4827987551689148,
9,19,1.1454129219055176,1.1188194751739502,0.026396777480840683,1.9666393995285034,
9,20,0.6165387034416199,0.5853783488273621,0.030637677758932114,5.22671365737915,
9,21,0.9236363768577576,0.9014062881469727,0.022105202078819275,1.2489701509475708,
9,22,0.7917092442512512,0.7717128992080688,0.01987067237496376,1.2567026615142822,
9,23,1.0491931438446045,1.009117841720581,0.039189837872982025,8.8545560836792,
9,24,0.3589916527271271,0.3489716053009033,0.00995497778058052,0.6505847573280334,
9,25,0.5563437938690186,0.5264703035354614,0.029437821358442307,4.356538772583008,
9,26,0.5562874674797058,0.5275331139564514,0.028365246951580048,3.8912086486816406,
9,27,0.5389745235443115,0.5109535455703735,0.027644727379083633,3.762240171432495,
9,28,0.8258891105651855,0.8061112761497498,0.019677283242344856,1.0056101083755493,
9,29,1.0033193826675415,0.977654218673706,0.025465218350291252,1.9994966983795166,
9,30,0.6063107848167419,0.5710909366607666,0.0347132682800293,5.065878391265869,
9,31,0.6035512685775757,0.5694161057472229,0.033647894859313965,4.8726725578308105,
9,32,0.39376959204673767,0.3840370774269104,0.009645313955843449,0.8720910549163818,
9,33,0.8718478083610535,0.8517225980758667,0.020009448751807213,1.1572949886322021,
9,34,0.8169385194778442,0.7976593971252441,0.019195303320884705,0.8382011651992798,
9,35,0.8511969447135925,0.822429895401001,0.028518540784716606,2.4851486682891846,
9,36,0.6514729857444763,0.6365547776222229,0.014854103326797485,0.641028106212616,
9,37,0.7161904573440552,0.6988475322723389,0.017251010984182358,0.9193598031997681,
9,38,0.5732070207595825,0.5494698286056519,0.023473069071769714,2.641202926635742,
9,39,0.7101337909698486,0.6934968829154968,0.0165645070374012,0.7243403196334839,
9,40,0.8128560781478882,0.7935734987258911,0.019166596233844757,1.1599586009979248,
9,41,0.5129608511924744,0.49931883811950684,0.013594750314950943,0.4724104404449463,
9,42,0.6018264889717102,0.5654261112213135,0.035908497869968414,4.918838024139404,
9,43,0.5555557012557983,0.541378378868103,0.014124698005616665,0.5265303254127502,
9,44,1.1941769123077393,1.1251952648162842,0.06777448952198029,12.071662902832031,
9,45,0.40202635526657104,0.39064204692840576,0.01123371347784996,1.5057859420776367,
9,46,0.6741095185279846,0.6571011543273926,0.016936102882027626,0.7221903204917908,
9,47,1.142052412033081,1.1121931076049805,0.0296577587723732,2.0163826942443848,
9,48,0.38511866331100464,0.37274494767189026,0.012271638959646225,1.020716905593872,
9,49,0.6303651332855225,0.5895234942436218,0.040232181549072266,6.094767093658447,
9,50,0.40519922971725464,0.39139407873153687,0.013685723766684532,1.1940598487854004,
9,51,0.7478163838386536,0.7285218834877014,0.019215364009141922,0.7913203835487366,
9,52,0.7767356038093567,0.7568694353103638,0.019771747291088104,0.9438683986663818,
9,53,0.948388397693634,0.9249658584594727,0.023310929536819458,1.116417646408081,
9,54,0.5589082837104797,0.5334635972976685,0.025184104219079018,2.605736255645752,
9,55,0.7459102272987366,0.7276664972305298,0.018167123198509216,0.7659926414489746,
9,56,0.8763302564620972,0.8560802936553955,0.020154811441898346,0.9514520764350891,
9,57,0.7685694694519043,0.7499740719795227,0.01850254088640213,0.9289063811302185,
9,58,0.7102698087692261,0.6625332832336426,0.04713214933872223,6.043795108795166,
9,59,0.5870442390441895,0.5561031699180603,0.03042808547616005,5.129490852355957,
9,60,0.4008318781852722,0.38828110694885254,0.012440741062164307,1.100405216217041,
9,61,0.3947371244430542,0.38025379180908203,0.014316967688500881,1.6636192798614502,
9,62,0.6298673152923584,0.5950049161911011,0.03435152769088745,5.108616352081299,
9,63,0.9169886112213135,0.8834950923919678,0.033156994730234146,3.3653807640075684,
9,64,0.6486202478408813,0.632953405380249,0.015603401698172092,0.6343675851821899,
9,65,0.3522894084453583,0.3405666947364807,0.011622133664786816,1.0057557821273804,
9,66,0.5538709163665771,0.5251582860946655,0.028302429243922234,4.102070331573486,
9,67,0.3562582731246948,0.3456628918647766,0.010528570972383022,0.6680328249931335,
9,68,0.5543073415756226,0.533384382724762,0.020718757063150406,2.0419604778289795,
9,69,0.4402904510498047,0.42301541566848755,0.01706486940383911,2.1015260219573975,
9,70,0.5964738726615906,0.5812732577323914,0.015146858990192413,0.5375431776046753,
9,71,0.7054123282432556,0.6895769834518433,0.015776053071022034,0.5932328104972839,
9,72,0.523171067237854,0.504058301448822,0.018903620541095734,2.0913217067718506,
9,73,0.5430904030799866,0.5288951396942139,0.014144429005682468,0.5083892345428467,
9,74,0.7990401387214661,0.7807812690734863,0.018180035054683685,0.7886146306991577,
9,75,1.0175576210021973,0.9953659772872925,0.022081196308135986,1.103309154510498,
9,76,0.6219402551651001,0.6072514057159424,0.014631194993853569,0.5763201713562012,
9,77,0.5520771145820618,0.5240153670310974,0.0276231337338686,4.386373996734619,
9,78,0.6435831189155579,0.6287291049957275,0.01479384582489729,0.6014838218688965,
9,79,0.7891427874565125,0.7470495700836182,0.04137330874800682,7.198840141296387,
9,80,0.3782069683074951,0.3667761981487274,0.011340619064867496,0.9014517664909363,
9,81,0.4665791988372803,0.44802021980285645,0.018334055319428444,2.249236583709717,
9,82,0.590289294719696,0.5604612827301025,0.029348120093345642,4.798527240753174,
9,83,0.7303729057312012,0.7128235101699829,0.017486806958913803,0.6260260343551636,
9,84,0.7663068771362305,0.7220858335494995,0.0436306968331337,5.903170585632324,
9,85,0.5780709981918335,0.5450184345245361,0.03261055052280426,4.420044898986816,
9,86,0.41343680024147034,0.39927875995635986,0.014043035916984081,1.1501895189285278,
9,87,0.36014077067375183,0.3474804759025574,0.012555439956486225,1.0484461784362793,
9,88,0.4024414122104645,0.3892573416233063,0.013076916337013245,1.0714949369430542,
9,89,0.8567123413085938,0.8367995619773865,0.019827397540211678,0.8532817363739014,
9,90,0.8557156920433044,0.8353369235992432,0.020261112600564957,1.1768507957458496,
9,91,0.4625297486782074,0.444871187210083,0.01747298240661621,1.8557047843933105,
9,92,0.48670926690101624,0.4622180759906769,0.024110645055770874,3.805520534515381,
9,93,0.6188220381736755,0.6038327217102051,0.014934780076146126,0.5453864932060242,
9,94,0.555061399936676,0.5276197195053101,0.027034368366003036,4.073518753051758,
9,95,0.6116753816604614,0.5781629681587219,0.03306934982538223,4.430177211761475,
9,96,0.3700779378414154,0.3587076663970947,0.011294261552393436,0.7601043581962585,
9,97,0.7020407915115356,0.6838260293006897,0.01811358705163002,1.0116276741027832,
9,98,1.5582470893859863,1.4934678077697754,0.06383252888917923,9.46764087677002,
9,99,0.6275351047515869,0.5927504301071167,0.03412694111466408,6.577130317687988,
9,100,0.9117334485054016,0.8873938918113708,0.02422984316945076,1.0972528457641602,
10,1,1.1172696352005005,1.0854954719543457,0.03159180283546448,1.824400544166565,
10,2,1.1749898195266724,1.1391427516937256,0.035572074353694916,2.7498674392700195,
10,3,0.985479474067688,0.9447528123855591,0.039886705577373505,8.399666786193848,
10,4,0.5265834331512451,0.49391764402389526,0.03213050961494446,5.352738380432129,
10,5,0.35237738490104675,0.3387764096260071,0.013485218398272991,1.157421588897705,
10,6,1.027776837348938,0.9976680278778076,0.029878128319978714,2.3066041469573975,
10,7,0.8069520592689514,0.7847259640693665,0.022086139768362045,1.3995636701583862,
10,8,0.8481646776199341,0.8259883522987366,0.022074434906244278,1.018742322921753,
10,9,0.5047237873077393,0.4810406267642975,0.02340289205312729,2.8025014400482178,
10,10,0.828123927116394,0.8071067333221436,0.02092057839035988,0.9659432768821716,
10,11,1.3766340017318726,1.2313332557678223,0.1418686956167221,34.31998062133789,
10,12,0.5563097596168518,0.5225604772567749,0.03330717980861664,4.420913219451904,
10,13,0.5781739354133606,0.5527117252349854,0.02519284002482891,2.693241834640503,
10,14,0.7103446125984192,0.6924753189086914,0.01779475063085556,0.7456671595573425,
10,15,0.8015202879905701,0.7431048154830933,0.05759570747613907,8.197507858276367,
10,16,0.5694082379341125,0.536655068397522,0.032209109514951706,5.440765857696533,
10,17,1.0869754552841187,0.9946688413619995,0.09081824123859406,14.883039474487305,
10,18,0.4939318001270294,0.4720674753189087,0.021558713167905807,3.0562903881073,
10,19,0.5258563756942749,0.5106395483016968,0.015164126642048359,0.5268051028251648,
10,20,0.8103945851325989,0.7883756160736084,0.021920427680015564,0.9849860668182373,
10,21,0.47851553559303284,0.45801830291748047,0.020239830017089844,2.573988437652588,
10,22,0.7750329971313477,0.7549594044685364,0.019975822418928146,0.9774118661880493,
10,23,0.439388632774353,0.41809749603271484,0.021036328747868538,2.5480775833129883,
10,24,1.0405505895614624,1.0151739120483398,0.02525479346513748,1.2188466787338257,
10,25,0.5481072068214417,0.515981137752533,0.031643789261579514,4.822617053985596,
10,26,1.2425955533981323,1.2108266353607178,0.031543269753456116,2.257148027420044,
10,27,1.058780550956726,1.033645749092102,0.025006722658872604,1.2804713249206543,
10,28,0.5618354678153992,0.534182071685791,0.027289699763059616,3.6368424892425537,
10,29,0.5759849548339844,0.5439571142196655,0.031505342572927475,5.225120544433594,
10,30,0.4652487337589264,0.44570010900497437,0.019358094781637192,1.9053819179534912,
10,31,0.5594568848609924,0.532176673412323,0.027017652988433838,2.6257987022399902,
10,32,0.5128573775291443,0.4909765124320984,0.021634329110383987,2.4652099609375,
10,33,1.1055108308792114,1.0775268077850342,0.02782588265836239,1.581608533859253,
10,34,0.8590439558029175,0.8366357684135437,0.022311639040708542,0.9658048152923584,
10,35,0.7040796279907227,0.685960590839386,0.018052181228995323,0.6686341762542725,
10,36,0.9797168374061584,0.9524331092834473,0.027089547365903854,1.941846489906311,
10,37,0.7747055888175964,0.752752423286438,0.021814581006765366,1.385722041130066,
10,38,0.4019486904144287,0.3844979703426361,0.017274703830480576,1.7601511478424072,
10,39,0.46685802936553955,0.44546473026275635,0.02113029733300209,2.6300957202911377,
10,40,0.6913034915924072,0.6476907730102539,0.0428699254989624,7.427971839904785,
10,41,1.0500609874725342,1.0239503383636475,0.025976458564400673,1.3426620960235596,
10,42,0.9425760507583618,0.9168604612350464,0.02555445022881031,1.6111876964569092,
10,43,0.6325676441192627,0.5931733250617981,0.038684211671352386,7.101113319396973,
10,44,0.45719754695892334,0.44365355372428894,0.013431884348392487,1.1212842464447021,
10,45,0.9390519857406616,0.9036133289337158,0.03512982279062271,3.087968111038208,
10,46,0.7146783471107483,0.694878339767456,0.019719790667295456,0.8020452260971069,
10,47,0.9285228848457336,0.9031715393066406,0.025213342159986496,1.380109429359436,
10,48,1.8128894567489624,1.6625105142593384,0.14647755026817322,39.01401901245117,
10,49,0.9071004390716553,0.8805942535400391,0.02638082578778267,1.253709077835083,
10,50,0.8871157765388489,0.8527809381484985,0.034124236553907394,2.1059670448303223,
10,51,0.4971466064453125,0.46784186363220215,0.028885915875434875,4.188353538513184,
10,52,0.9124042391777039,0.8226243257522583,0.08850133419036865,12.78568172454834,
10,53,0.49091437458992004,0.47558918595314026,0.01518908143043518,1.3610509634017944,
10,54,1.0430381298065186,1.0087602138519287,0.03401478752493858,2.6314785480499268,
10,55,0.4179264307022095,0.4018038511276245,0.015932291746139526,1.902822732925415,
10,56,0.5513896346092224,0.5257765650749207,0.02529037743806839,3.2269773483276367,
10,57,0.4459349513053894,0.4357151985168457,0.010135889053344727,0.8385710120201111,
10,58,0.8599856495857239,0.8267031311988831,0.032974570989608765,3.0797371864318848,
10,59,0.9934195280075073,0.9677641987800598,0.025527656078338623,1.276435375213623,
10,60,0.8045021295547485,0.7839946746826172,0.020412059500813484,0.9536253213882446,
10,61,0.5628961324691772,0.5321637392044067,0.030344847589731216,3.875455617904663,
10,62,0.7003963589668274,0.6826126575469971,0.017699530348181725,0.8413233757019043,
10,63,0.36424776911735535,0.35165050625801086,0.0124785415828228,1.1873174905776978,
10,64,0.5621206760406494,0.5241478085517883,0.037426725029945374,5.4613356590271,
10,65,0.4653093218803406,0.44432052969932556,0.020741891115903854,2.4691038131713867,
10,66,0.6019949913024902,0.5606478452682495,0.04078371077775955,5.634610176086426,
10,67,0.5332170128822327,0.5172429084777832,0.015919633209705353,0.5449284911155701,
10,68,0.4800533950328827,0.4573005437850952,0.02239888533949852,3.5397603511810303,
10,69,0.4567583203315735,0.4412742257118225,0.01534340251237154,1.4069007635116577,
10,70,0.8698946237564087,0.8477795124053955,0.022019516676664352,0.9558783769607544,
10,71,0.6670820116996765,0.6505162715911865,0.016491208225488663,0.7450119853019714,
10,72,0.7378485798835754,0.7196769714355469,0.01807650551199913,0.9513580203056335,
10,73,0.7867301106452942,0.7398592233657837,0.04628395289182663,5.869141578674316,
10,74,0.7108859419822693,0.6620091199874878,0.04826052486896515,6.163375377655029,
10,75,0.5949280261993408,0.5632283687591553,0.03128720074892044,4.124538421630859,
10,76,0.8824007511138916,0.8537541031837463,0.028392285108566284,2.5437533855438232,
10,77,0.9844833612442017,0.9605734348297119,0.023801196366548538,1.0871632099151611,
10,78,0.7077798247337341,0.6902057528495789,0.01748996041715145,0.840753972530365,
10,79,0.6131227016448975,0.5768685936927795,0.03563503548502922,6.190305233001709,
10,80,0.7393242120742798,0.7227779030799866,0.01648540049791336,0.6092453598976135,
10,81,1.145279049873352,1.1151087284088135,0.03000037558376789,1.6997734308242798,
10,82,0.5838494896888733,0.5569844245910645,0.026598237454891205,2.668217658996582,
10,83,0.6201673150062561,0.6043317317962646,0.015783153474330902,0.5248144268989563,
10,84,0.7280940413475037,0.7091636061668396,0.018840253353118896,0.9017515182495117,
10,85,1.115032434463501,1.0824224948883057,0.03239411860704422,2.1574110984802246,
10,86,0.6091770529747009,0.5608183741569519,0.047589801251888275,7.6892266273498535,
10,87,0.40720289945602417,0.3934389352798462,0.01363016851246357,1.3378561735153198,
10,88,1.0740159749984741,1.0425018072128296,0.03130289912223816,2.112809181213379,
10,89,0.5512669682502747,0.5238240361213684,0.027095910161733627,3.4702203273773193,
10,90,0.41125842928886414,0.39863765239715576,0.012482969090342522,1.378116488456726,
10,91,1.085361361503601,1.0539429187774658,0.031126827001571655,2.9159581661224365,
10,92,1.1350212097167969,1.1026713848114014,0.03217817470431328,1.7168571949005127,
10,93,0.9642084240913391,0.9247186779975891,0.0391218326985836,3.6793012619018555,
10,94,0.8186861276626587,0.7981919050216675,0.020410072058439255,0.8416609764099121,
10,95,0.8879711627960205,0.8664655685424805,0.021412864327430725,0.9276200532913208,
10,96,0.5079704523086548,0.4863748550415039,0.021336805075407028,2.5879125595092773,
10,97,0.4378416836261749,0.4219355583190918,0.015718109905719757,1.880314826965332,
10,98,0.8497273921966553,0.8284642100334167,0.021167632192373276,0.955620288848877,
10,99,0.4500594735145569,0.4324268400669098,0.01742364466190338,2.0896522998809814,
10,100,0.8104205131530762,0.789564311504364,0.02076772227883339,0.8847177028656006,
11,1,0.8999007344245911,0.8747594952583313,0.024980787187814713,1.6043179035186768,
11,2,0.5439942479133606,0.5092887878417969,0.0342862531542778,4.192216396331787,
11,3,0.5798315405845642,0.5472850799560547,0.03210679441690445,4.396467208862305,
11,4,0.5261456966400146,0.5029817223548889,0.022885631769895554,2.783783435821533,
11,5,0.592307984828949,0.5499742031097412,0.041758615523576736,5.7518815994262695,
11,6,1.1031852960586548,1.072569727897644,0.0304526686668396,1.6298532485961914,
11,7,0.6057537794113159,0.5670278668403625,0.038215070962905884,5.107995986938477,
11,8,0.5064764022827148,0.4790043830871582,0.027068492025136948,4.035313606262207,
11,9,1.0767616033554077,1.044956922531128,0.031568627804517746,2.360834836959839,
11,10,0.37173154950141907,0.3593456447124481,0.01226842775940895,1.1748402118682861,
11,11,0.8443909287452698,0.8230807781219482,0.021196454763412476,1.1367623805999756,
11,12,0.699390709400177,0.6821052432060242,0.01721392571926117,0.7152077555656433,
11,13,0.8320761322975159,0.8109045624732971,0.021052297204732895,1.1928755044937134,
11,14,0.40231233835220337,0.388496458530426,0.013668110594153404,1.4775187969207764,
11,15,0.7890435457229614,0.7682772874832153,0.02066386118531227,1.0242526531219482,
11,16,0.5372913479804993,0.5050250887870789,0.03187453746795654,3.9169466495513916,
11,17,0.3659322261810303,0.3536020517349243,0.012230699881911278,0.9947597980499268,
11,18,0.6056672930717468,0.5632385015487671,0.041927069425582886,5.016878604888916,
11,19,0.7399876713752747,0.7197670340538025,0.020122772082686424,0.9789512157440186,
11,20,0.9744890928268433,0.9471216201782227,0.027238544076681137,1.2890903949737549,
11,21,1.1932353973388672,1.155599594116211,0.03738827258348465,2.475121021270752,
11,22,0.6605209708213806,0.6428190469741821,0.017631903290748596,0.7001914978027344,
11,23,0.4722357392311096,0.4474252164363861,0.024472540244460106,3.3799378871917725,
11,24,0.6577572822570801,0.6064571142196655,0.05076395720243454,5.3620452880859375,
11,25,0.795481264591217,0.7735981941223145,0.021792912855744362,0.9017844200134277,
11,26,0.857537567615509,0.7754629850387573,0.0804627537727356,16.118057250976562,
11,27,0.8161391019821167,0.7275658845901489,0.08677829802036285,17.949134826660156,
11,28,0.5623419284820557,0.5319535732269287,0.029984958469867706,4.03409481048584,
11,29,0.38525617122650146,0.37109434604644775,0.014051193371415138,1.1063297986984253,
11,30,1.0016261339187622,0.9735782742500305,0.027915004640817642,1.3276678323745728,
11,31,0.7348852157592773,0.7144351005554199,0.020348981022834778,1.0112037658691406,
11,32,0.7660009264945984,0.7081434726715088,0.056949008256196976,9.08415412902832,
11,33,0.7568706274032593,0.7050329446792603,0.051199957728385925,6.377069473266602,
11,34,0.5686103105545044,0.5334250926971436,0.0347425639629364,4.426510334014893,
11,35,0.7907344698905945,0.7680571675300598,0.022560717537999153,1.165858507156372,
11,36,0.5889639258384705,0.546326756477356,0.04199155420064926,6.456445217132568,
11,37,0.8181498646736145,0.7946405410766602,0.023389998823404312,1.1930465698242188,
11,38,0.6784264445304871,0.6587242484092712,0.019626233726739883,0.7593289017677307,
11,39,0.3880636692047119,0.3746935725212097,0.01325744204223156,1.1265108585357666,
11,40,0.5332853198051453,0.5020627975463867,0.030848484486341476,3.740131139755249,
11,41,0.8473116159439087,0.8224532604217529,0.024735990911722183,1.2237036228179932,
11,42,1.1803004741668701,1.138141393661499,0.04193335026502609,2.258336067199707,
11,43,0.5626567602157593,0.526964545249939,0.03525722771883011,4.349919319152832,
11,44,0.7061970829963684,0.6556606292724609,0.049957506358623505,5.789218425750732,
11,45,0.4589463770389557,0.4390468895435333,0.019715283066034317,1.8421661853790283,
11,46,0.6370295286178589,0.6180815100669861,0.018875278532505035,0.7273913025856018,
11,47,0.3498094081878662,0.3362705111503601,0.013429461047053337,1.0942442417144775,
11,48,1.0745240449905396,1.039729356765747,0.03449021652340889,3.0440828800201416,
11,49,0.5473102331161499,0.5207493305206299,0.026315685361623764,2.4522411823272705,
11,50,0.5008754730224609,0.47356367111206055,0.026981357485055923,3.3042542934417725,
11,51,0.5977911353111267,0.5602038502693176,0.0371239073574543,4.633610248565674,
11,52,0.7159828543663025,0.6952853202819824,0.02062724158167839,0.7030103802680969,
11,53,0.8628306984901428,0.8359672427177429,0.026722239330410957,1.4118469953536987,
11,54,0.8563526272773743,0.8307722210884094,0.025467777624726295,1.1262730360031128,
11,55,1.112391710281372,1.0765329599380493,0.035652682185173035,2.0615551471710205,
11,56,0.38809841871261597,0.37214213609695435,0.015831423923373222,1.248717188835144,
11,57,0.746283233165741,0.7238551378250122,0.022315502166748047,1.125929832458496,
11,58,1.053570032119751,1.0193109512329102,0.034045543521642685,2.1355934143066406,
11,59,1.028724193572998,0.997564971446991,0.031017199158668518,1.4202885627746582,
11,60,0.4920498728752136,0.46501055359840393,0.026719290763139725,3.200057029724121,
11,61,0.9438448548316956,0.9138072729110718,0.029897138476371765,1.404376745223999,
11,62,0.5148991942405701,0.49728143215179443,0.017560221254825592,0.5753316879272461,
11,63,1.018403172492981,0.9834831953048706,0.034693412482738495,2.265573501586914,
11,64,0.5864086151123047,0.549328088760376,0.036658719182014465,4.218117713928223,
11,65,0.4434027671813965,0.4250991940498352,0.0181503314524889,1.5323485136032104,
11,66,0.7101889848709106,0.6750272512435913,0.03478235751390457,3.7936618328094482,
11,67,0.651385486125946,0.5981823801994324,0.05246700718998909,7.360881328582764,
11,68,0.6372313499450684,0.5930808782577515,0.043630365282297134,5.200958728790283,
11,69,0.5604351758956909,0.5310675501823425,0.029093977063894272,2.7363200187683105,
11,70,0.9076626300811768,0.8779841661453247,0.029552416875958443,1.260432481765747,
11,71,0.4607844650745392,0.4327946901321411,0.02760356105864048,3.861992597579956,
11,72,0.8065897226333618,0.7810686230659485,0.025387149304151535,1.339581847190857,
11,73,0.5970304012298584,0.5558325052261353,0.040638379752635956,5.594907760620117,
11,74,0.5490053296089172,0.5177565217018127,0.030976012349128723,2.7281317710876465,
11,75,0.5489850044250488,0.510069727897644,0.038429178297519684,4.860804080963135,
11,76,0.8017290234565735,0.7474093437194824,0.05372413992881775,5.955020904541016,
11,77,0.9305948615074158,0.8993782997131348,0.03108065389096737,1.3592283725738525,
11,78,0.38301339745521545,0.3632966876029968,0.01953066699206829,1.8607003688812256,
11,79,0.6851934790611267,0.6292426586151123,0.05536835640668869,5.824465751647949,
11,80,0.5558058619499207,0.513946533203125,0.04120146855711937,6.578354358673096,
11,81,0.6565932035446167,0.602618932723999,0.05333857983350754,6.356846332550049,
11,82,0.5915471911430359,0.5700530409812927,0.02142513170838356,0.6901960968971252,
11,83,1.092996597290039,1.0526413917541504,0.04016383737325668,1.9128704071044922,
11,84,0.7997597455978394,0.7710089683532715,0.028637781739234924,1.1302855014801025,
11,85,0.9078946113586426,0.8760963082313538,0.03166262060403824,1.3564157485961914,
11,86,0.8240882754325867,0.7406801581382751,0.08204524964094162,13.628652572631836,
11,87,0.4862636625766754,0.45816558599472046,0.0278076883405447,2.903989315032959,
11,88,0.7379751205444336,0.711927056312561,0.025937767699360847,1.1023885011672974,
11,89,0.845882773399353,0.8170698881149292,0.02870449796319008,1.0838350057601929,
11,90,0.5769155621528625,0.5370686054229736,0.039332445710897446,5.145153999328613,
11,91,0.33978453278541565,0.3245607018470764,0.015109030529856682,1.148085355758667,
11,92,0.968101441860199,0.9351613521575928,0.03279852122068405,1.415536880493164,
11,93,0.45177948474884033,0.4297599494457245,0.021824175491929054,1.9534602165222168,
11,94,0.8051943182945251,0.7772221565246582,0.027859441936016083,1.1270672082901,
11,95,0.5636693835258484,0.5224509835243225,0.040670812129974365,5.475964069366455,
11,96,0.36175549030303955,0.3432149589061737,0.01840789243578911,1.3265856504440308,
11,97,0.6765934824943542,0.6171417236328125,0.058829378336668015,6.22410774230957,
11,98,0.4257584810256958,0.4016842246055603,0.023837851360440254,2.363813638687134,
11,99,0.4513642489910126,0.42379623651504517,0.027296869084239006,2.7114245891571045,
11,100,0.6753499507904053,0.6198262572288513,0.05491897463798523,6.047685146331787,
12,1,0.9440727233886719,0.8953632712364197,0.04786650463938713,8.429421424865723,
12,2,0.5459712147712708,0.5053973197937012,0.040081556886434555,4.923282146453857,
12,3,0.4704606533050537,0.4379872679710388,0.032092899084091187,3.804990530014038,
12,4,0.6780032515525818,0.6519358158111572,0.02597063221037388,0.9682683348655701,
12,5,0.6025550365447998,0.5554136037826538,0.046518635004758835,6.227959632873535,
12,6,0.7761514186859131,0.7459690570831299,0.03005087561905384,1.31473708152771,
12,7,0.959941029548645,0.9247995615005493,0.03497537225484848,1.6611955165863037,
12,8,0.7570220232009888,0.7266645431518555,0.030202236026525497,1.5527135133743286,
12,9,0.7386470437049866,0.6803134679794312,0.05766107887029648,6.724944591522217,
12,10,1.1580241918563843,1.1032925844192505,0.05410601943731308,6.256099700927734,
12,11,0.7901703715324402,0.7582115530967712,0.03184039518237114,1.18443763256073,
12,12,0.5775566101074219,0.536154568195343,0.040966540575027466,4.354953289031982,
12,13,0.6634842157363892,0.6359402537345886,0.02744549699127674,0.9845759868621826,
12,14,0.5638774037361145,0.5181518793106079,0.04525243863463402,4.730917453765869,
12,15,0.5332079529762268,0.4871385097503662,0.04544027894735336,6.2917656898498535,
12,16,0.3899604380130768,0.36253952980041504,0.02716166153550148,2.5925023555755615,
12,17,0.6851274371147156,0.6590995788574219,0.025942396372556686,0.8544986248016357,
12,18,1.005399227142334,0.9658033847808838,0.039426106959581375,1.6969906091690063,
12,19,1.0140234231948853,0.974921703338623,0.03893524408340454,1.6653980016708374,
12,20,0.39159172773361206,0.371299147605896,0.020162299275398254,1.3028236627578735,
12,21,0.5247098207473755,0.5023394823074341,0.02229800820350647,0.7234772443771362,
12,22,0.6887195706367493,0.6323124170303345,0.05582254379987717,5.84622049331665,
12,23,0.9810428619384766,0.9419636726379395,0.038930922746658325,1.482720971107483,
12,24,0.7838592529296875,0.7533673644065857,0.030374417081475258,1.174764633178711,
12,25,0.9155048131942749,0.8770011067390442,0.0382780060172081,2.2573797702789307,
12,26,0.7077334523200989,0.6809197664260864,0.02672935649752617,0.8432453870773315,
12,27,0.3646911084651947,0.3466479182243347,0.01792541891336441,1.177855134010315,
12,28,0.9225409030914307,0.8837575912475586,0.03863032907247543,1.5298147201538086,
12,29,0.6895779371261597,0.6385711431503296,0.049909379333257675,10.974335670471191,
12,30,0.4258892238140106,0.40267693996429443,0.02303301729261875,1.79254150390625,
12,31,0.5296921133995056,0.4865776300430298,0.04268583655357361,4.285933494567871,
12,32,0.36463138461112976,0.34620630741119385,0.0183100625872612,1.1500153541564941,
12,33,0.5689811110496521,0.5247892141342163,0.04367073252797127,5.211828708648682,
12,34,0.5658840537071228,0.5261303782463074,0.03944225609302521,3.1145071983337402,
12,35,0.7491426467895508,0.716015100479126,0.032994117587804794,1.3344502449035645,
12,36,0.4448099732398987,0.41994374990463257,0.024663541465997696,2.026871919631958,
12,37,0.7746012210845947,0.7412012815475464,0.0332476943731308,1.5225988626480103,
12,38,0.7180603742599487,0.6869672536849976,0.03097427263855934,1.1885589361190796,
12,39,0.6600615382194519,0.5820901989936829,0.07714862376451492,8.227092742919922,
12,40,0.9126038551330566,0.8723269701004028,0.040128350257873535,1.485452651977539,
12,41,1.1413706541061401,1.0895882844924927,0.05154584348201752,2.3656346797943115,
12,42,0.48306551575660706,0.45163094997406006,0.03116041049361229,2.7415692806243896,
12,43,0.7162297964096069,0.684396505355835,0.031730979681015015,1.0229099988937378,
12,44,0.38448837399482727,0.36226141452789307,0.022051479667425156,1.754858374595642,
12,45,0.7224600911140442,0.6900889277458191,0.03225311264395714,1.1805113554000854,
12,46,0.8946037292480469,0.8547943830490112,0.039666011929512024,1.433332920074463,
12,47,0.530936598777771,0.5036829710006714,0.02717064507305622,0.8294411301612854,
12,48,0.7410687208175659,0.7046074867248535,0.03634446859359741,1.167890191078186,
12,49,0.5353156924247742,0.50687575340271,0.02835538610816002,0.8456453680992126,
12,50,0.9768462181091309,0.9286850690841675,0.04800441861152649,1.5674086809158325,
12,51,0.7056758999824524,0.6709091663360596,0.03466121852397919,1.0547500848770142,
12,52,1.0539226531982422,1.0028822422027588,0.05084184557199478,1.986346960067749,
12,53,0.6539936661720276,0.6210792064666748,0.03281412273645401,1.0029131174087524,
12,54,0.7006829380989075,0.6471695899963379,0.05252185836434364,9.914474487304688,
12,55,0.733794093132019,0.6974095106124878,0.036256492137908936,1.2808831930160522,
12,56,0.5029954314231873,0.4746612310409546,0.028254669159650803,0.7949574589729309,
12,57,0.34015095233917236,0.3185453414916992,0.021476177498698235,1.2941795587539673,
12,58,0.47117748856544495,0.4368250370025635,0.03407462686300278,2.778125524520874,
12,59,0.7397490739822388,0.7011994123458862,0.03842160105705261,1.2804228067398071,
12,60,0.4294646680355072,0.40285855531692505,0.026444047689437866,1.620718002319336,
12,61,0.5573827624320984,0.5099426507949829,0.046777162700891495,6.629523754119873,
12,62,0.5314991474151611,0.4831709563732147,0.04787638783454895,4.517819881439209,
12,63,0.7816582918167114,0.7420599460601807,0.0394410602748394,1.5731528997421265,
12,64,0.37301281094551086,0.35013091564178467,0.022733883932232857,1.4799836874008179,
12,65,0.45246458053588867,0.4144631624221802,0.03758714348077774,4.142724514007568,
12,66,0.6567398905754089,0.5862588286399841,0.06983903050422668,6.419848918914795,
12,67,1.0050721168518066,0.950070858001709,0.05479033291339874,2.108863115310669,
12,68,0.46732577681541443,0.42922133207321167,0.03779454529285431,3.099289655685425,
12,69,0.871171236038208,0.8215764164924622,0.04936649650335312,2.2832529544830322,
12,70,0.5611057281494141,0.5064533948898315,0.054075390100479126,5.769543170928955,
12,71,0.36465176939964294,0.33802205324172974,0.026461290195584297,1.684262752532959,
12,72,0.4343004822731018,0.4035971462726593,0.030504927039146423,1.9842370748519897,
12,73,0.3648327589035034,0.33854544162750244,0.026079075410962105,2.0823113918304443,
12,74,0.6203099489212036,0.5857993960380554,0.03439825773239136,1.1226909160614014,
12,75,0.5119544863700867,0.48127204179763794,0.030597351491451263,0.8512198328971863,
12,76,0.9757590889930725,0.9223453998565674,0.053248580545186996,1.6511762142181396,
12,77,0.7345008254051208,0.6606447100639343,0.07310429960489273,7.517899990081787,
12,78,0.810716986656189,0.7627571821212769,0.04768788814544678,2.7189433574676514,
12,79,0.6645342111587524,0.5963170528411865,0.06761448085308075,6.026598930358887,
12,80,0.4475425183773041,0.4103796184062958,0.03679390996694565,3.689854860305786,
12,81,1.048895001411438,0.9924644231796265,0.056117914617061615,3.1266255378723145,
12,82,0.8183233141899109,0.7172064781188965,0.09984386712312698,12.729982376098633,
12,83,1.0455604791641235,0.9896446466445923,0.055706463754177094,2.0937423706054688,
12,84,0.524192750453949,0.4914841651916504,0.032616861164569855,0.9173089265823364,
12,85,0.7566865086555481,0.7111586332321167,0.04535660147666931,1.7123411893844604,
12,86,0.5637337565422058,0.5284458994865417,0.03519008681178093,0.9775766134262085,
12,87,0.3853869140148163,0.3534250855445862,0.0317077562212944,2.540555477142334,
12,88,1.0506936311721802,0.985440194606781,0.06487149000167847,3.819380283355713,
12,89,0.3578963279724121,0.33355218172073364,0.024205561727285385,1.3857357501983643,
12,90,0.5935450196266174,0.5319555997848511,0.06093781441450119,6.515743255615234,
12,91,0.577557384967804,0.5127123594284058,0.0642516016960144,5.934051513671875,
12,92,0.7359257936477661,0.6551072001457214,0.08004454523324966,7.740112781524658,
12,93,0.5807051062583923,0.520191490650177,0.059978026896715164,5.355981826782227,
12,94,1.0752252340316772,1.0162899494171143,0.05872822552919388,2.0702357292175293,
12,95,0.811842679977417,0.7690010070800781,0.042695581912994385,1.4609216451644897,
12,96,0.8279874324798584,0.7853724956512451,0.0424877405166626,1.2719292640686035,
12,97,0.8081849217414856,0.7663894891738892,0.04164743795990944,1.480155348777771,
12,98,0.4735662043094635,0.4390147626399994,0.03429839015007019,2.5305638313293457,
12,99,0.87132728099823,0.8228250741958618,0.04834383353590965,1.5837867259979248,
12,100,1.0674433708190918,1.0045766830444336,0.06262966990470886,2.369680643081665,
13,1,0.33743318915367126,0.31522834300994873,0.022084195166826248,1.2063194513320923,
13,2,1.0662026405334473,1.0007789134979248,0.06519854068756104,2.251908540725708,
13,3,0.4116572141647339,0.38240692019462585,0.029063262045383453,1.870332956314087,
13,4,0.8073901534080505,0.7566810846328735,0.050560761243104935,1.4827920198440552,
13,5,0.6624898314476013,0.5868687629699707,0.07485021650791168,7.708705902099609,
13,6,0.3716377913951874,0.34660282731056213,0.024919897317886353,1.150726079940796,
13,7,0.9549228549003601,0.8898613452911377,0.06477091461420059,2.905540704727173,
13,8,0.8006691336631775,0.7488830089569092,0.05161520093679428,1.7096869945526123,
13,9,0.9987417459487915,0.93388831615448,0.06465943902730942,1.9399982690811157,
13,10,0.6846141815185547,0.6402750015258789,0.04421878233551979,1.2042696475982666,
13,11,0.4624101221561432,0.42355409264564514,0.038593802601099014,2.622238874435425,
13,12,0.8102426528930664,0.7595176696777344,0.050555966794490814,1.6903597116470337,
13,13,0.6043340563774109,0.5441222786903381,0.059594862163066864,6.169257164001465,
13,14,1.0592505931854248,0.9996376037597656,0.05941306799650192,1.998719573020935,
13,15,0.4062073528766632,0.37718629837036133,0.028872735798358917,1.4831531047821045,
13,16,0.3833226263523102,0.355600506067276,0.027584634721279144,1.3747395277023315,
13,17,0.5245966911315918,0.47077512741088867,0.0533810593187809,4.404813289642334,
13,18,0.5781738758087158,0.5191586017608643,0.05846133083105087,5.539524555206299,
13,19,0.425549179315567,0.39130356907844543,0.03403208404779434,2.1354360580444336,
13,20,0.3653116822242737,0.3330322802066803,0.03206177055835724,2.176161289215088,
13,21,0.4422367811203003,0.40544986724853516,0.03654246777296066,2.4444708824157715,
13,22,0.5345993638038635,0.4823826551437378,0.051879893988370895,3.3684499263763428,
13,23,0.8585003018379211,0.8001900315284729,0.05812858045101166,1.8164645433425903,
13,24,1.0580682754516602,0.9857639670372009,0.07201018929481506,2.9410250186920166,
13,25,0.6009554266929626,0.5624494552612305,0.03839636594057083,1.0959413051605225,
13,26,0.8020705580711365,0.749199390411377,0.05269409343600273,1.7709293365478516,
13,27,0.9919539093971252,0.8467965126037598,0.14312002062797546,20.373600006103516,
13,28,0.3599545359611511,0.33560502529144287,0.024229034781455994,1.2044806480407715,
13,29,0.33171597123146057,0.30871060490608215,0.022884134203195572,1.2124103307724,
13,30,0.7920024991035461,0.7072820663452148,0.0836576446890831,10.627978324890137,
13,31,0.531956136226654,0.47208625078201294,0.05925538390874863,6.145251274108887,
13,32,0.9614623785018921,0.8963314294815063,0.06493023782968521,2.0066380500793457,
13,33,0.5056574940681458,0.45946019887924194,0.04591737687587738,2.799032688140869,
13,34,0.39006441831588745,0.3587695360183716,0.03111034259200096,1.8454948663711548,
13,35,0.3630593419075012,0.3316996097564697,0.031206250190734863,1.5347005128860474,
13,36,1.0304503440856934,0.9609673023223877,0.06922495365142822,2.580759286880493,
13,37,0.3413168489933014,0.310651957988739,0.030490731820464134,1.741732120513916,
13,38,0.6815037727355957,0.597386360168457,0.08333699405193329,7.8037943840026855,
13,39,0.5716858506202698,0.5010104775428772,0.07005510479211807,6.202268123626709,
13,40,0.33772313594818115,0.309102863073349,0.028497718274593353,1.2254282236099243,
13,41,0.7842548489570618,0.7262465953826904,0.057840101420879364,1.6814631223678589,
13,42,0.5072301626205444,0.4519268274307251,0.054881222546100616,4.221175193786621,
13,43,0.47698774933815,0.42436760663986206,0.05210878700017929,5.113518714904785,
13,44,0.4199056625366211,0.3848819136619568,0.034832242876291275,1.9150158166885376,
13,45,0.36397266387939453,0.3357014060020447,0.028135225176811218,1.360144853591919,
13,46,0.4448326528072357,0.4009978771209717,0.04347272217273712,3.6205642223358154,
13,47,0.5428552031517029,0.487848699092865,0.054576292634010315,4.302126884460449,
13,48,0.5178518295288086,0.4661977291107178,0.051343970000743866,3.101067543029785,
13,49,0.8652765154838562,0.8060734272003174,0.05901571363210678,1.8742396831512451,
13,50,1.0457324981689453,0.9775348901748657,0.06794288754463196,2.5478036403656006,
13,51,0.7993406653404236,0.7413100004196167,0.057860780507326126,1.6984691619873047,
13,52,0.7121274471282959,0.6563145518302917,0.055624186992645264,1.887113332748413,
13,53,0.5271599888801575,0.46385657787323,0.06267046928405762,6.329602241516113,
13,54,0.4882374405860901,0.42764437198638916,0.06001649424433708,5.765879154205322,
13,55,1.0864899158477783,1.003948450088501,0.08223018050193787,3.1131019592285156,
13,56,0.6118611097335815,0.5484135150909424,0.06298543512821198,4.6215643882751465,
13,57,0.6081122756004333,0.5278441905975342,0.07968046516180038,5.876465320587158,
13,58,0.5145795345306396,0.4685669243335724,0.04589007794857025,1.2256666421890259,
13,59,0.9193522930145264,0.8439940810203552,0.07513800263404846,2.2020769119262695,
13,60,0.7343521118164062,0.6726429462432861,0.06152474135160446,1.8440496921539307,
13,61,0.8365707993507385,0.7701232433319092,0.06625492870807648,1.9262781143188477,
13,62,0.5623221397399902,0.49764329195022583,0.06407059729099274,6.0826921463012695,
13,63,0.5411192774772644,0.48002201318740845,0.06053698807954788,5.60309362411499,
13,64,0.35827597975730896,0.3246943950653076,0.03335040435194969,2.311876058578491,
13,65,0.33412542939186096,0.3045939803123474,0.029410596936941147,1.2085728645324707,
13,66,0.5062503814697266,0.447796106338501,0.05801285803318024,4.4144744873046875,
13,67,0.5838706493377686,0.5086047053337097,0.07447231560945511,7.936237335205078,
13,68,0.5199763774871826,0.45861759781837463,0.06083386763930321,5.249119758605957,
13,69,0.7588579654693604,0.6687495708465576,0.08903241157531738,10.759928703308105,
13,70,0.9525389075279236,0.8787710666656494,0.07355298101902008,2.148536205291748,
13,71,1.4898011684417725,1.3529281616210938,0.13568685948848724,11.861857414245605,
13,72,0.7492425441741943,0.6510176062583923,0.0969933271408081,12.315911293029785,
13,73,0.4079303443431854,0.36308562755584717,0.044521547853946686,3.231757879257202,
13,74,0.5463584661483765,0.463040828704834,0.08252297341823578,7.946524620056152,
13,75,0.5615474581718445,0.5129407644271851,0.048475369811058044,1.3129242658615112,
13,76,0.9473376870155334,0.8652349710464478,0.08183715492486954,2.6556830406188965,
13,77,0.6227200031280518,0.5306695699691772,0.09134694188833237,7.035306930541992,
13,78,0.715970516204834,0.6583915948867798,0.05739729106426239,1.8162379264831543,
13,79,0.7862237691879272,0.7250223159790039,0.0609915629029274,2.0989439487457275,
13,80,0.8934104442596436,0.8179159164428711,0.07510871440172195,3.8583877086639404,
13,81,0.6777632236480713,0.6242852210998535,0.05330543592572212,1.725363850593567,
13,82,0.8732273578643799,0.8018226027488708,0.0711754858493805,2.2921385765075684,
13,83,0.3497506082057953,0.32069844007492065,0.028938209637999535,1.1396952867507935,
13,84,0.36125674843788147,0.3300265073776245,0.031084531918168068,1.457009196281433,
13,85,0.3358706831932068,0.3034825921058655,0.03220995143055916,1.7813595533370972,
13,86,0.517890989780426,0.4602653384208679,0.05729953199625015,3.260796308517456,
13,87,0.38626042008399963,0.3478522002696991,0.03823103755712509,1.7717792987823486,
13,88,0.5357846021652222,0.4639701843261719,0.07107710838317871,7.372945785522461,
13,89,0.7878915071487427,0.6771969199180603,0.10920677334070206,14.87803840637207,
13,90,0.5417181849479675,0.478380024433136,0.06296810507774353,3.70089054107666,
13,91,0.6872339844703674,0.6236253976821899,0.06344009935855865,1.6848945617675781,
13,92,0.4291360378265381,0.3698770999908447,0.05873672664165497,5.221957206726074,
13,93,0.6315777897834778,0.5728448033332825,0.05856693536043167,1.6605818271636963,
13,94,0.5670197606086731,0.5023271441459656,0.06427541375160217,4.171986103057861,
13,95,0.4677596092224121,0.42009636759757996,0.04754112288355827,1.2213771343231201,
13,96,0.40381383895874023,0.3566315770149231,0.04687177389860153,3.1047396659851074,
13,97,0.3867945671081543,0.3507791757583618,0.035842519253492355,1.7288135290145874,
13,98,0.4977295994758606,0.437672883272171,0.059570569545030594,4.861291885375977,
13,99,0.4930497705936432,0.43655747175216675,0.05614488571882248,3.4740755558013916,
13,100,0.9845262765884399,0.9069204926490784,0.07729438692331314,3.1136577129364014,
14,1,1.025823712348938,0.9466109275817871,0.0789577066898346,2.5510575771331787,
14,2,0.6179114580154419,0.5626344084739685,0.05511411279439926,1.6294004917144775,
14,3,0.5421338081359863,0.4727429449558258,0.0689130425453186,4.778017997741699,
14,4,0.43236300349235535,0.38964077830314636,0.04248298704624176,2.3923003673553467,
14,5,1.0070728063583374,0.9176840782165527,0.0890996903181076,2.891084909439087,
14,6,0.7105517983436584,0.6177883148193359,0.0918075442314148,9.559147834777832,
14,7,0.5125205516815186,0.4466979503631592,0.06531277298927307,5.098788261413574,
14,8,0.6190909147262573,0.5592888593673706,0.05962647870182991,1.7561759948730469,
14,9,0.4011521637439728,0.3540840446949005,0.046750422567129135,3.177046298980713,
14,10,0.789101243019104,0.7144231796264648,0.0744541734457016,2.2386815547943115,
14,11,0.7421582341194153,0.6698817014694214,0.07207172363996506,2.047764778137207,
14,12,0.6354700326919556,0.5761324167251587,0.059149302542209625,1.8831032514572144,
14,13,0.5009555220603943,0.42994996905326843,0.07030408829450607,7.014602184295654,
14,14,0.3542332053184509,0.3226126432418823,0.03149895370006561,1.2160460948944092,
14,15,0.637688159942627,0.560550332069397,0.07605626434087753,10.815910339355469,
14,16,0.8079179525375366,0.7340775728225708,0.07362908124923706,2.113145112991333,
14,17,0.6290934681892395,0.5379548668861389,0.09047657251358032,6.620043754577637,
14,18,0.538068950176239,0.4697386622428894,0.06789781153202057,4.3248515129089355,
14,19,0.6845012903213501,0.5888569951057434,0.0948767140507698,7.676023006439209,
14,20,0.44065067172050476,0.39557069540023804,0.044785503298044205,2.944705009460449,
14,21,0.6370048522949219,0.5428186655044556,0.09350185096263885,6.8433756828308105,
14,22,0.4654080867767334,0.4041042625904083,0.06073499470949173,5.688279628753662,
14,23,1.0291165113449097,0.9305723905563354,0.09822583943605423,3.182976722717285,
14,24,0.46641263365745544,0.42248275876045227,0.04381604492664337,1.1381179094314575,
14,25,0.5270693302154541,0.4744151830673218,0.05229815095663071,3.5600991249084473,
14,26,0.4060596227645874,0.36415764689445496,0.04161808267235756,2.8391029834747314,
14,27,1.0126508474349976,0.9180214405059814,0.094318687915802,3.107292413711548,
14,28,1.016014814376831,0.9145700931549072,0.10105572640895844,3.889378070831299,
14,29,0.4627010226249695,0.41775256395339966,0.04483107477426529,1.1737948656082153,
14,30,0.9367286562919617,0.8431146740913391,0.09330583363771439,3.0817315578460693,
14,31,0.6090845465660095,0.5511028170585632,0.05781075358390808,1.7101713418960571,
14,32,0.9971599578857422,0.8990241885185242,0.09767046570777893,4.652667999267578,
14,33,0.7790292501449585,0.7010005712509155,0.07780003547668457,2.286468029022217,
14,34,0.5324234962463379,0.45141488313674927,0.08022952824831009,7.790779113769531,
14,35,0.6889111995697021,0.6234234571456909,0.06529325991868973,1.9450757503509521,
14,36,0.4414486587047577,0.39030885696411133,0.050809502601623535,3.302941083908081,
14,37,0.43474462628364563,0.3891391158103943,0.04536070674657822,2.4478776454925537,
14,38,0.8305279016494751,0.7476895451545715,0.0825437605381012,2.9455676078796387,
14,39,0.7424790859222412,0.6705808639526367,0.07163919508457184,2.590212345123291,
14,40,1.007649540901184,0.9101206064224243,0.09721814095973969,3.107590913772583,
14,41,0.6333520412445068,0.5278925895690918,0.10472379624843597,7.356544494628906,
14,42,0.5137718915939331,0.442227840423584,0.07118344306945801,3.606314182281494,
14,43,0.40699630975723267,0.3581807017326355,0.04851250350475311,3.030806064605713,
14,44,0.6547793745994568,0.5516334772109985,0.10242524743080139,7.206682205200195,
14,45,0.31855499744415283,0.28362029790878296,0.03478161618113518,1.5308758020401,
14,46,1.542066216468811,1.287192940711975,0.2502131462097168,46.60171127319336,
14,47,1.0388741493225098,0.9358590245246887,0.10269387066364288,3.213043451309204,
14,48,0.8412646055221558,0.7455686926841736,0.09540996700525284,2.8594369888305664,
14,49,0.7161564826965332,0.5848816633224487,0.1296522617340088,16.225345611572266,
14,50,0.6105915904045105,0.541496753692627,0.06888680905103683,2.080456495285034,
14,51,0.7353816032409668,0.6084080934524536,0.12580832839012146,11.651761054992676,
14,52,0.3993294835090637,0.3523103594779968,0.04676586389541626,2.5324783325195312,
14,53,1.0309605598449707,0.9402713775634766,0.09037820994853973,3.1104605197906494,
14,54,0.38650813698768616,0.34484994411468506,0.041442252695560455,2.1593704223632812,
14,55,0.6510504484176636,0.5708950757980347,0.07892210781574249,12.333061218261719,
14,56,0.40591689944267273,0.3565932512283325,0.04903246462345123,2.9118921756744385,
14,57,0.6149964332580566,0.5567337870597839,0.05808689445257187,1.7577435970306396,
14,58,0.9417937994003296,0.8643754720687866,0.07715114951133728,2.6716833114624023,
14,59,0.8434198498725891,0.769687294960022,0.07347917556762695,2.533534049987793,
14,60,0.6987794637680054,0.6333050727844238,0.06524915993213654,2.2521724700927734,
14,61,1.0288941860198975,0.8045681715011597,0.220161572098732,41.645103454589844,
14,62,0.664504885673523,0.596407413482666,0.06791462004184723,1.8283888101577759,
14,63,0.49668094515800476,0.4310910999774933,0.06516055017709732,4.292881965637207,
14,64,0.5339444875717163,0.46149447560310364,0.07197332382202148,4.7668890953063965,
14,65,0.5046565532684326,0.4399951100349426,0.06449143588542938,1.6996710300445557,
14,66,0.49741724133491516,0.4259343445301056,0.07106368243694305,4.1922287940979,
14,67,0.7486977577209473,0.6602692604064941,0.08810742944478989,3.2109391689300537,
14,68,0.52138751745224,0.4551299512386322,0.06609451770782471,1.6300820112228394,
14,69,0.8600667119026184,0.7746315002441406,0.0851610079407692,2.742074489593506,
14,70,1.0321357250213623,0.94134122133255,0.09050214290618896,2.923565626144409,
14,71,0.8333480954170227,0.746695876121521,0.08639447391033173,2.577472686767578,
14,72,0.4510338306427002,0.38391274213790894,0.06673301011323929,3.88083815574646,
14,73,0.641228973865509,0.5190192461013794,0.12098487466573715,12.248662948608398,
14,74,0.34277579188346863,0.29098278284072876,0.05160190165042877,1.9112900495529175,
14,75,0.5868285894393921,0.4980333149433136,0.08782757818698883,9.676552772521973,
14,76,0.6811086535453796,0.5929718017578125,0.08747261017560959,6.642152786254883,
14,77,0.4855104088783264,0.4108426570892334,0.07414789497852325,5.198736190795898,
14,78,0.6190365552902222,0.5464026927947998,0.07242370396852493,2.1015195846557617,
14,79,1.1009521484375,0.9929298162460327,0.10765864700078964,3.6371235847473145,
14,80,0.5353241562843323,0.4694150686264038,0.0657428652048111,1.6621984243392944,
14,81,0.7239384651184082,0.6411889791488647,0.08251089602708817,2.3860514163970947,
14,82,0.5259019732475281,0.44488656520843506,0.08035103231668472,6.643289566040039,
14,83,0.6898453235626221,0.6106709241867065,0.07895656675100327,2.1786110401153564,
14,84,0.909376323223114,0.8112457990646362,0.09785395860671997,2.765486478805542,
14,85,0.8293187618255615,0.7414491176605225,0.08759976923465729,2.699070692062378,
14,86,0.4243443012237549,0.3666614890098572,0.057334959506988525,3.4784159660339355,
14,87,0.7315484285354614,0.6496623754501343,0.0816534012556076,2.326502799987793,
14,88,0.5538821220397949,0.46667978167533875,0.08658954501152039,6.127769947052002,
14,89,0.49903732538223267,0.4432486295700073,0.055647045373916626,1.4166438579559326,
14,90,0.9932233691215515,0.8923511505126953,0.10055714845657349,3.15042781829834,
14,91,0.3234872817993164,0.28470534086227417,0.03860531747341156,1.7659739255905151,
14,92,1.028140664100647,0.917519748210907,0.11027944087982178,3.4149279594421387,
14,93,0.7574448585510254,0.6732041239738464,0.0839938074350357,2.4693121910095215,
14,94,0.33665597438812256,0.29641252756118774,0.040085479617118835,1.5796347856521606,
14,95,0.7541452646255493,0.6667401194572449,0.08714582026004791,2.593496799468994,
14,96,0.5807973742485046,0.4851553440093994,0.09477389603853226,8.681567192077637,
14,97,0.39755457639694214,0.3425731062889099,0.05464562773704529,3.3583028316497803,
14,98,0.5109771490097046,0.43436992168426514,0.0762314572930336,3.757739305496216,
14,99,1.0291990041732788,0.9093881845474243,0.11940044164657593,4.103872776031494,
14,100,0.8197829723358154,0.7193735837936401,0.10006968677043915,3.3969008922576904,
15,1,0.9155142903327942,0.8081517815589905,0.10700361430644989,3.5887134075164795,
15,2,0.977799654006958,0.8662014007568359,0.11123613268136978,3.6211163997650146,
15,3,0.32093220949172974,0.2757493257522583,0.045006297528743744,1.765926718711853,
15,4,0.32385629415512085,0.2801313102245331,0.04358067363500595,1.4430487155914307,
15,5,0.9230768084526062,0.8112952709197998,0.11146634817123413,3.151909589767456,
15,6,0.5665900707244873,0.4938090741634369,0.07258951663970947,1.9146020412445068,
15,7,0.6746391654014587,0.5896883010864258,0.08470091223716736,2.4995100498199463,
15,8,0.7976144552230835,0.6995911598205566,0.09769938886165619,3.23881196975708,
15,9,0.5365700721740723,0.444091260433197,0.09185770153999329,6.210796356201172,
15,10,0.5217981934547424,0.43596431612968445,0.0852682814002037,5.655896186828613,
15,11,0.6780157685279846,0.5985215902328491,0.07927063852548599,2.235358238220215,
15,12,0.712523341178894,0.6029126644134521,0.10873349010944366,8.771918296813965,
15,13,0.5447902679443359,0.4623905420303345,0.08162114024162292,7.7855544090271,
15,14,0.4805593490600586,0.4163566827774048,0.06385239213705063,3.5025875568389893,
15,15,0.5947167873382568,0.5279998183250427,0.06654109060764313,1.7589114904403687,
15,16,0.334877610206604,0.2953229546546936,0.03937540203332901,1.7925922870635986,
15,17,0.4899202585220337,0.41688549518585205,0.07259431481361389,4.404603004455566,
15,18,0.4361647367477417,0.38046425580978394,0.055355481803417206,3.4499988555908203,
15,19,0.6469371914863586,0.5711711645126343,0.07554858177900314,2.174482822418213,
15,20,0.6184378862380981,0.5432104468345642,0.07501299679279327,2.1447622776031494,
15,21,0.3682146668434143,0.3261175751686096,0.041933342814445496,1.6372089385986328,
15,22,0.3273681402206421,0.2870892286300659,0.04010316729545593,1.757429838180542,
15,23,0.40258410573005676,0.34306707978248596,0.05915643274784088,3.6056835651397705,
15,24,0.4538838863372803,0.3871539533138275,0.06633654236793518,3.9339516162872314,
15,25,0.41460126638412476,0.3556998074054718,0.05856119468808174,3.402425527572632,
15,26,0.32277271151542664,0.2797446548938751,0.04283781349658966,1.9021772146224976,
15,27,0.5953960418701172,0.5175113081932068,0.07767818123102188,2.0651297569274902,
15,28,0.506227970123291,0.41802239418029785,0.08760002255439758,6.055607318878174,
15,29,0.6058175563812256,0.5283880233764648,0.07723399996757507,1.955327033996582,
15,30,0.5291157364845276,0.4321728050708771,0.09624055027961731,7.023927688598633,
15,31,0.40742725133895874,0.35021406412124634,0.0568675696849823,3.4562528133392334,
15,32,0.4199937880039215,0.36409351229667664,0.05554612725973129,3.5413870811462402,
15,33,0.6668863892555237,0.5430023670196533,0.12291258573532104,9.714552879333496,
15,34,0.38555267453193665,0.3370731472969055,0.04800184443593025,4.776703357696533,
15,35,0.48649415373802185,0.4065524637699127,0.07937677204608917,5.649053573608398,
15,36,0.7517761588096619,0.6584057807922363,0.09311211109161377,2.5827512741088867,
15,37,0.9650596380233765,0.8500555753707886,0.11464741826057434,3.5666167736053467,
15,38,0.720319926738739,0.6323271989822388,0.08772895485162735,2.6374475955963135,
15,39,0.7641248106956482,0.6687710881233215,0.09509432315826416,2.593916177749634,
15,40,0.31955686211586,0.2759466767311096,0.04341871663928032,1.9147090911865234,
15,41,0.40539970993995667,0.3465062975883484,0.05860471352934837,2.8870086669921875,
15,42,0.8112739324569702,0.7055826783180237,0.10534417629241943,3.4708774089813232,
15,43,0.6153061389923096,0.5325855016708374,0.08250483870506287,2.1578571796417236,
15,44,0.40504229068756104,0.3445832133293152,0.06017570197582245,2.8335537910461426,
15,45,0.8483926653862,0.7398896217346191,0.10818128287792206,3.217527151107788,
15,46,0.5123019814491272,0.42583850026130676,0.0859706699848175,4.928408145904541,
15,47,0.5480537414550781,0.4755007028579712,0.07236502319574356,1.880176305770874,
15,48,0.5633963346481323,0.48956719040870667,0.07360651344060898,2.226165533065796,
15,49,0.4764484167098999,0.39936718344688416,0.07670553028583527,3.756746768951416,
15,50,0.7571690678596497,0.658641517162323,0.09812892973423004,3.9861676692962646,
15,51,0.8181749582290649,0.7160354852676392,0.10169431567192078,4.4511613845825195,
15,52,0.3541141748428345,0.3064429759979248,0.04747529327869415,1.9591877460479736,
15,53,0.45989730954170227,0.398624062538147,0.061111051589250565,1.6219836473464966,
15,54,0.4892696738243103,0.4072813391685486,0.0813499242067337,6.384295463562012,
15,55,0.5070257782936096,0.42143917083740234,0.08499075472354889,5.958503723144531,
15,56,0.7557373642921448,0.6248475313186646,0.1296166479587555,12.732195854187012,
15,57,0.7862389087677002,0.6846977472305298,0.10121124982833862,3.298887014389038,
15,58,0.6381716132164001,0.5547480583190918,0.08318420499563217,2.3936679363250732,
15,59,0.5146241784095764,0.4222879111766815,0.09153497964143753,8.012441635131836,
15,60,0.8839235901832581,0.7675023674964905,0.1159375011920929,4.836967468261719,
15,61,0.867374062538147,0.7489107251167297,0.11813367903232574,3.2967464923858643,
15,62,0.5784826874732971,0.46787410974502563,0.10982152819633484,7.870990753173828,
15,63,0.33605536818504333,0.2858598232269287,0.049928516149520874,2.670255661010742,
15,64,0.38704565167427063,0.31895995140075684,0.06769175827503204,3.939517021179199,
15,65,0.7006892561912537,0.5984578132629395,0.10196015983819962,2.712400436401367,
15,66,0.7060369253158569,0.6034356951713562,0.10231724381446838,2.83970046043396,
15,67,0.37431907653808594,0.3155305087566376,0.058320172131061554,4.684006214141846,
15,68,0.5265559554100037,0.42348599433898926,0.10242386162281036,6.461399555206299,
15,69,0.822479248046875,0.7120440602302551,0.11006882786750793,3.6633870601654053,
15,70,0.48052266240119934,0.3929659128189087,0.08694666624069214,6.100733757019043,
15,71,0.33547550439834595,0.2894727885723114,0.045828983187675476,1.7375378608703613,
15,72,0.7671625018119812,0.6674298048019409,0.09946069121360779,2.7197911739349365,
15,73,0.9952589869499207,0.8763784170150757,0.11851818114519119,3.623753070831299,
15,74,0.4699675142765045,0.40470755100250244,0.06509493291378021,1.6500612497329712,
15,75,0.7740077972412109,0.670950174331665,0.10272698849439621,3.3062424659729004,
15,76,0.48529139161109924,0.4014384150505066,0.08335993438959122,4.930626392364502,
15,77,0.6529337167739868,0.5392584800720215,0.11275406926870346,9.211841583251953,
15,78,0.6336188316345215,0.5474038124084473,0.08600243926048279,2.125453233718872,
15,79,0.5130232572555542,0.41595447063446045,0.0964522659778595,6.165424346923828,
15,80,0.6839568614959717,0.5869057178497314,0.09679913520812988,2.5200624465942383,
15,81,0.30228349566459656,0.2586553394794464,0.043487101793289185,1.4105182886123657,
15,82,0.7847652435302734,0.6748837232589722,0.10956928133964539,3.12186598777771,
15,83,0.4007016122341156,0.3385719656944275,0.061847053468227386,2.8257246017456055,
15,84,0.5160027146339417,0.421908438205719,0.09353888034820557,5.554126739501953,
15,85,0.47463259100914,0.3902756869792938,0.0839575007557869,3.994053602218628,
15,86,0.4610794186592102,0.3838585913181305,0.07683071494102478,3.9011592864990234,
15,87,0.6193981766700745,0.5318028330802917,0.08737821877002716,2.171574592590332,
15,88,0.476822167634964,0.3824586272239685,0.09360383450984955,7.596917629241943,
15,89,0.39109736680984497,0.3275679647922516,0.06326612085103989,2.6325981616973877,
15,90,0.43704527616500854,0.3603207468986511,0.07621629536151886,5.082340717315674,
15,91,0.3426259458065033,0.2919631600379944,0.05046738684177399,1.954067587852478,
15,92,0.7879867553710938,0.6777878999710083,0.10981766134500504,3.8118085861206055,
15,93,0.5231775045394897,0.4186953008174896,0.10371880233287811,7.634283542633057,
15,94,0.34784770011901855,0.2979266047477722,0.049726665019989014,1.94425368309021,
15,95,0.4669125974178314,0.38213294744491577,0.08427039533853531,5.092559337615967,
15,96,0.3234666883945465,0.2746998071670532,0.04855336248874664,2.135397434234619,
15,97,0.7393226027488708,0.6358146667480469,0.10323520004749298,2.727785348892212,
15,98,0.6565700173377991,0.5609612464904785,0.09535873681306839,2.5002357959747314,
15,99,1.0307859182357788,0.8953259587287903,0.13498936593532562,4.706002712249756,
15,100,0.43970248103141785,0.3655804693698883,0.07373754680156708,3.8446757793426514,
16,1,0.6605801582336426,0.5641125440597534,0.09620068967342377,2.668820858001709,
16,2,0.34093597531318665,0.2897225320339203,0.05102022737264633,1.9320417642593384,
16,3,0.5058062672615051,0.4127919673919678,0.09247411042451859,5.4017486572265625,
16,4,0.4991093575954437,0.40586355328559875,0.09247516840696335,7.706327438354492,
16,5,0.6580411791801453,0.5603971481323242,0.09737725555896759,2.6681630611419678,
16,6,0.4046162962913513,0.33698490262031555,0.0672469288110733,3.844637870788574,
16,7,0.8561935424804688,0.7318260669708252,0.12402030825614929,3.471261501312256,
16,8,0.5809827446937561,0.4956258237361908,0.08511079847812653,2.4611475467681885,
16,9,0.8518430590629578,0.7310128211975098,0.12042441219091415,4.058585166931152,
16,10,0.396790474653244,0.3294426202774048,0.06704093515872955,3.069256067276001,
16,11,0.46993517875671387,0.3731118142604828,0.09622851759195328,5.948418617248535,
16,12,0.6791285276412964,0.578498125076294,0.10031863301992416,3.118084192276001,
16,13,0.3948017954826355,0.32174283266067505,0.07259011268615723,4.688556671142578,
16,14,0.7264595627784729,0.6029480695724487,0.12172649055719376,17.8500919342041,
16,15,0.39743825793266296,0.3261364698410034,0.0708191841840744,4.825761795043945,
16,16,0.8659221529960632,0.7396308183670044,0.12596435844898224,3.270075559616089,
16,17,0.6346732378005981,0.5422269105911255,0.09219078719615936,2.5552732944488525,
16,18,0.7151457667350769,0.6103335618972778,0.10453729331493378,2.7488772869110107,
16,19,0.34874796867370605,0.2963993549346924,0.05213986337184906,2.087343215942383,
16,20,0.8891351222991943,0.7634701728820801,0.125287726521492,3.7726550102233887,
16,21,0.49521756172180176,0.40102341771125793,0.09354041516780853,6.537431716918945,
16,22,0.8856117129325867,0.7524917125701904,0.13188618421554565,12.337982177734375,
16,23,0.5166143774986267,0.40700918436050415,0.10890224575996399,7.0289306640625,
16,24,0.4418700933456421,0.3716751039028168,0.07001645863056183,1.7852224111557007,
16,25,0.46231937408447266,0.36383211612701416,0.09789213538169861,5.951181411743164,
16,26,0.47783732414245605,0.38121986389160156,0.09584430605173111,7.731512546539307,
16,27,0.5999307036399841,0.4797370135784149,0.1194661557674408,7.275485515594482,
16,28,0.7036516070365906,0.5979289412498474,0.10541979968547821,3.0282344818115234,
16,29,0.39493608474731445,0.31916433572769165,0.07529343664646149,4.783167362213135,
16,30,0.44065895676612854,0.3719021677970886,0.06858861446380615,1.6818591356277466,
16,31,0.6203697919845581,0.5266034603118896,0.09353925287723541,2.2710795402526855,
16,32,0.9888908863067627,0.8463892340660095,0.14204081892967224,4.608649253845215,
16,33,0.7832516431808472,0.6690167188644409,0.11392495036125183,3.0994043350219727,
16,34,0.3793318569660187,0.3159869313240051,0.0630919486284256,2.529885768890381,
16,35,0.3396419286727905,0.28735196590423584,0.05209175869822502,1.982158899307251,
16,36,0.5151378512382507,0.41499167680740356,0.09949646145105362,6.496892929077148,
16,37,0.784922182559967,0.667871356010437,0.11673959344625473,3.112673282623291,
16,38,0.4519540071487427,0.3612455725669861,0.09018498659133911,5.234341621398926,
16,39,0.925514817237854,0.8001064658164978,0.12504760921001434,3.607182025909424,
16,40,0.3274034857749939,0.2798593044281006,0.047368936240673065,1.752413034439087,
16,41,0.8524665832519531,0.7258637547492981,0.12626045942306519,3.4236161708831787,
16,42,0.34024930000305176,0.2854299545288086,0.05461817979812622,2.0117247104644775,
16,43,0.48621466755867004,0.39131730794906616,0.09415337443351746,7.439875602722168,
16,44,0.456504225730896,0.3659653067588806,0.09005237370729446,4.865472793579102,
16,45,0.47185614705085754,0.3839797377586365,0.08705330640077591,8.230990409851074,
16,46,0.3069513142108917,0.25663626194000244,0.05015917122364044,1.558903455734253,
16,47,0.38643142580986023,0.3162371814250946,0.06991349905729294,2.807391881942749,
16,48,1.3352597951889038,1.0228562355041504,0.3064756691455841,59.27925109863281,
16,49,0.5106614232063293,0.40078890323638916,0.10882604867219925,10.465006828308105,
16,50,0.325969934463501,0.26811206340789795,0.057631272822618484,2.2658157348632812,
16,51,0.8643651604652405,0.7148300409317017,0.14911627769470215,4.188671588897705,
16,52,0.5208216309547424,0.427084356546402,0.09351278096437454,2.244647264480591,
16,53,0.3955029249191284,0.3162645697593689,0.0787389725446701,4.9937424659729,
16,54,0.9866383075714111,0.8094857931137085,0.17653346061706543,6.190430641174316,
16,55,0.7256731390953064,0.5979793071746826,0.1273595094680786,3.3429367542266846,
16,56,0.8049064874649048,0.6649753451347351,0.13944101333618164,4.90158748626709,
16,57,0.6161960363388062,0.5136547684669495,0.10228058695793152,2.6070399284362793,
16,58,0.9091809391975403,0.7626007199287415,0.14600399136543274,5.7621331214904785,
16,59,0.306369811296463,0.262501060962677,0.04372337460517883,1.45363450050354,
16,60,0.9241275191307068,0.7802804112434387,0.14338159561157227,4.655337810516357,
16,61,0.6665672659873962,0.4910123348236084,0.1742764115333557,12.7849760055542,
16,62,0.7447351217269897,0.6427003741264343,0.1017627865076065,2.7197296619415283,
16,63,0.7265080213546753,0.6313501596450806,0.09490636736154556,2.5146396160125732,
16,64,0.7177712917327881,0.6292015910148621,0.08831096440553665,2.5872323513031006,
16,65,0.4750617444515228,0.3920484781265259,0.08250503242015839,5.082239627838135,
16,66,0.8646983504295349,0.7591076493263245,0.10531061887741089,2.8009867668151855,
16,67,0.3455946743488312,0.29977908730506897,0.04565180093050003,1.6378655433654785,
16,68,0.8614055514335632,0.7578346729278564,0.10330359637737274,2.67284893989563,
16,69,0.4064943492412567,0.34897375106811523,0.05726241692900658,2.5817322731018066,
16,70,0.4716893136501312,0.3929184079170227,0.07834712415933609,4.237751483917236,
16,71,0.6185773015022278,0.5294384956359863,0.08890984207391739,2.289236307144165,
16,72,0.3384054899215698,0.28168368339538574,0.05654211342334747,1.7971067428588867,
16,73,1.081224799156189,0.9411107301712036,0.1395689845085144,5.45132303237915,
16,74,0.8909093141555786,0.7543731927871704,0.13617146015167236,3.6468961238861084,
16,75,0.6119470596313477,0.5016411542892456,0.1096145510673523,6.913558483123779,
16,76,0.7082281708717346,0.5808023810386658,0.12708982825279236,3.3599095344543457,
16,77,0.5732839703559875,0.45518022775650024,0.1175171434879303,5.865832805633545,
16,78,0.6152289509773254,0.4884777367115021,0.1264616698026657,2.895401954650879,
16,79,0.5705171227455139,0.4501437544822693,0.1200748085975647,2.985663414001465,
16,80,0.3354592025279999,0.2645505666732788,0.07068204134702682,2.265989303588867,
16,81,0.556344211101532,0.44839200377464294,0.10769492387771606,2.5732271671295166,
16,82,0.4855320453643799,0.3828311860561371,0.10196677595376968,7.340893268585205,
16,83,0.46837109327316284,0.37431761622428894,0.09363603591918945,4.174426555633545,
16,84,0.4760744571685791,0.3903947174549103,0.08532267808914185,3.5706660747528076,
16,85,0.8800160884857178,0.7597472071647644,0.1198977380990982,3.7117671966552734,
16,86,0.5372874736785889,0.4455997049808502,0.09119127690792084,4.965206146240234,
16,87,0.8840723633766174,0.7676087617874146,0.11607740819454193,3.861722230911255,
16,88,0.7556215524673462,0.6475411653518677,0.10750441253185272,5.75984525680542,
16,89,0.6467295289039612,0.5218580365180969,0.12400433421134949,8.671863555908203,
16,90,0.8639235496520996,0.7479366064071655,0.11561790853738785,3.6902947425842285,
16,91,0.6372949481010437,0.5164172053337097,0.12007960677146912,7.981518745422363,
16,92,0.6748136281967163,0.5480284690856934,0.1259373128414154,8.478035926818848,
16,93,0.6925081014633179,0.592846691608429,0.09939375519752502,2.6765010356903076,
16,94,0.7267508506774902,0.6175652742385864,0.10889500379562378,2.9060163497924805,
16,95,0.4074470102787018,0.32864370942115784,0.07827719300985336,5.261109352111816,
16,96,0.48462581634521484,0.38456612825393677,0.09945151209831238,6.081693172454834,
16,97,0.34992825984954834,0.3050951361656189,0.04465515911579132,1.77981436252594,
16,98,0.6266576051712036,0.5258439779281616,0.10053007304668427,2.835378408432007,
16,99,0.7027477622032166,0.5854123830795288,0.1170005053281784,3.348459243774414,
16,100,0.6989152431488037,0.569673478603363,0.128810316324234,4.314209938049316,
17,1,0.8860539793968201,0.718163788318634,0.1674499809741974,4.402036190032959,
17,2,0.31906983256340027,0.2780110836029053,0.040925219655036926,1.3353193998336792,
17,3,0.3083037734031677,0.26711413264274597,0.04105934500694275,1.3030191659927368,
17,4,0.6935660243034363,0.5698200464248657,0.12341685593128204,3.291085958480835,
17,5,0.6198378205299377,0.5130108594894409,0.10655693709850311,2.6998515129089355,
17,6,0.9244166016578674,0.756380021572113,0.16759854555130005,4.3802618980407715,
17,7,0.46811631321907043,0.36928728222846985,0.09843363612890244,3.9539127349853516,
17,8,0.6623275876045227,0.5520691871643066,0.1099471002817154,3.1133334636688232,
17,9,0.8087325692176819,0.675048828125,0.1333349645137787,3.4872279167175293,
17,10,0.33415520191192627,0.2931252717971802,0.04088449105620384,1.454490303993225,
17,11,0.5259716510772705,0.4123035669326782,0.11300408840179443,6.639986991882324,
17,12,0.5374998450279236,0.4231773614883423,0.11347170919179916,8.508248329162598,
17,13,0.663232684135437,0.4996234178543091,0.16257677972316742,10.324467658996582,
17,14,0.5504615306854248,0.43018221855163574,0.1193559542298317,9.233623504638672,
17,15,0.9355157017707825,0.7863054275512695,0.14875641465187073,4.538811683654785,
17,16,0.7774014472961426,0.6487842798233032,0.12829355895519257,3.235738515853882,
17,17,0.4316844642162323,0.356198787689209,0.07515531778335571,3.3036632537841797,
17,18,0.4426635801792145,0.37003809213638306,0.07244065403938293,1.8484277725219727,
17,19,0.6411378383636475,0.497610479593277,0.1426084041595459,9.1897611618042,
17,20,0.8100677728652954,0.6857895255088806,0.12393729388713837,3.4094130992889404,
17,21,0.3594073951244354,0.2992706298828125,0.05990614742040634,2.306037187576294,
17,22,0.6473526954650879,0.5383322834968567,0.10875077545642853,2.696518659591675,
17,23,0.3906547725200653,0.32283663749694824,0.06757566332817078,2.4247519969940186,
17,24,0.8332050442695618,0.6970305442810059,0.1358252763748169,3.492325782775879,
17,25,0.3620235323905945,0.2948767840862274,0.06682811677455902,3.186537504196167,
17,26,0.9151667952537537,0.765916109085083,0.14883996546268463,4.107419013977051,
17,27,0.6312094926834106,0.5281200408935547,0.10282226651906967,2.672043800354004,
17,28,0.9591308236122131,0.7987117767333984,0.15997198224067688,4.471218109130859,
17,29,0.4426971971988678,0.36215126514434814,0.08035833388566971,1.8760806322097778,
17,30,0.44687673449516296,0.35554540157318115,0.09087634086608887,4.55002498626709,
17,31,0.9753583073616028,0.8041802048683167,0.16916464269161224,20.134403228759766,
17,32,0.46736082434654236,0.3674863576889038,0.09929751604795456,5.769506454467773,
17,33,0.30273959040641785,0.2491137683391571,0.05343523621559143,1.905884861946106,
17,34,0.5308195948600769,0.43060392141342163,0.09964379668235779,5.719211101531982,
17,35,0.38811272382736206,0.32129329442977905,0.0665416270494461,2.7781941890716553,
17,36,0.5746955871582031,0.47820836305618286,0.09625323116779327,2.3401269912719727,
17,37,0.9622475504875183,0.8095972537994385,0.15220585465431213,4.4445929527282715,
17,38,0.9020832777023315,0.7600147724151611,0.14161226153373718,4.561849594116211,
17,39,0.6683036088943481,0.5556432604789734,0.11235561966896057,3.0469298362731934,
17,40,0.6627843379974365,0.5460042357444763,0.11646093428134918,3.1916332244873047,
17,41,0.6893465518951416,0.5679528117179871,0.12109425663948059,2.9945120811462402,
17,42,0.5891536474227905,0.48517319560050964,0.10373170673847198,2.4871633052825928,
17,43,0.7090477347373962,0.5677270889282227,0.13934344053268433,19.77182960510254,
17,44,0.7804162502288818,0.6429535746574402,0.1370857208967209,3.7692790031433105,
17,45,0.4061473309993744,0.3360770344734192,0.06978145241737366,2.8885693550109863,
17,46,0.8401708602905273,0.6892198324203491,0.1505856215953827,3.653730869293213,
17,47,0.9116562008857727,0.7621200680732727,0.14909648895263672,4.3962297439575195,
17,48,0.5013296008110046,0.39260488748550415,0.10781307518482208,9.116445541381836,
17,49,0.7302873134613037,0.5903988480567932,0.13925118744373322,6.373054504394531,
17,50,0.3833562433719635,0.3067263662815094,0.07623700797557831,3.928852081298828,
17,51,0.8335035443305969,0.6852890253067017,0.1478404402732849,3.740927219390869,
17,52,0.5582882165908813,0.45326313376426697,0.10478004813194275,2.4501237869262695,
17,53,0.6629198789596558,0.5437413454055786,0.11885818839073181,3.2033638954162598,
17,54,0.8865476250648499,0.7318301796913147,0.1542285978794098,4.888467311859131,
17,55,0.4563920199871063,0.3577430844306946,0.09824739396572113,4.015246868133545,
17,56,0.4053165912628174,0.32853516936302185,0.07640650868415833,3.7492079734802246,
17,57,0.67699134349823,0.5507898926734924,0.12589646875858307,3.0498507022857666,
17,58,0.4412155747413635,0.3575631380081177,0.08345969766378403,1.9274433851242065,
17,59,0.7300848364830017,0.5969699621200562,0.13266679644584656,4.480757236480713,
17,60,0.6552382707595825,0.5372909307479858,0.11763149499893188,3.1584105491638184,
17,61,0.4542813003063202,0.34697842597961426,0.10674849152565002,5.543811321258545,
17,62,0.6985458731651306,0.5705070495605469,0.12770771980285645,3.311009168624878,
17,63,0.47105923295021057,0.36902791261672974,0.10145674645900726,5.745710372924805,
17,64,0.39268937706947327,0.3217275142669678,0.07065440714359283,3.074680805206299,
17,65,0.3835068345069885,0.3042975068092346,0.07874491810798645,4.644164085388184,
17,66,0.8628923296928406,0.7125029563903809,0.15003354847431183,3.5581090450286865,
17,67,0.8425117135047913,0.6938526630401611,0.14829862117767334,3.604098320007324,
17,68,0.48225581645965576,0.3720758259296417,0.10942244529724121,7.575536727905273,
17,69,0.5765076875686646,0.4708164930343628,0.1054549440741539,2.3624625205993652,
17,70,0.5928571820259094,0.4815690517425537,0.11102980375289917,2.583475112915039,
17,71,0.4273250102996826,0.33759739995002747,0.08930160105228424,4.259905815124512,
17,72,0.6253706812858582,0.5050963759422302,0.11998553574085236,2.8881306648254395,
17,73,0.6095995306968689,0.4943036735057831,0.11502345651388168,2.7237606048583984,
17,74,0.8057931065559387,0.660714864730835,0.144703209400177,3.7505221366882324,
17,75,0.4747225046157837,0.36891186237335205,0.10536354780197144,4.470888137817383,
17,76,0.6067587733268738,0.4662501811981201,0.13970042765140533,8.081808090209961,
17,77,0.5814063549041748,0.47546178102493286,0.10570818185806274,2.3641674518585205,
17,78,0.6292178630828857,0.48849818110466003,0.13964197039604187,10.77737808227539,
17,79,0.6572716236114502,0.5085833072662354,0.1472625732421875,14.257457733154297,
17,80,0.9531809091567993,0.7909227609634399,0.1618126630783081,4.455146789550781,
17,81,0.5495078563690186,0.45439520478248596,0.09487677365541458,2.3588130474090576,
17,82,0.7899413704872131,0.6452226638793945,0.14435851573944092,3.601685047149658,
17,83,0.3351077139377594,0.272119402885437,0.06275048851966858,2.378281593322754,
17,84,0.766588032245636,0.623090386390686,0.1431388556957245,3.5876076221466064,
17,85,0.8025687336921692,0.6481035351753235,0.1541006714105606,3.645345687866211,
17,86,0.44414350390434265,0.34012651443481445,0.10329744219779968,7.195483684539795,
17,87,0.48449307680130005,0.36158114671707153,0.12223479151725769,6.771382808685303,
17,88,0.4523804783821106,0.3499763011932373,0.10197257250547409,4.31591272354126,
17,89,0.3194989264011383,0.26105397939682007,0.058237411081790924,2.0755059719085693,
17,90,0.6490755677223206,0.4971369802951813,0.15098580718040466,9.527730941772461,
17,91,0.61649090051651,0.4984965920448303,0.11770273000001907,2.9155757427215576,
17,92,0.6326838135719299,0.5161305665969849,0.11624114215373993,3.12080454826355,
17,93,0.5823701024055481,0.46894386410713196,0.11317092180252075,2.5529942512512207,
17,94,0.6631404757499695,0.5309218168258667,0.131877139210701,3.415255546569824,
17,95,0.6618345379829407,0.530183732509613,0.13131758570671082,3.3323464393615723,
17,96,0.4780494272708893,0.3482367992401123,0.12898245453834534,8.30178451538086,
17,97,0.5515490174293518,0.4300377368927002,0.12069970369338989,8.115897178649902,
17,98,0.595310389995575,0.48492011427879333,0.11014499515295029,2.4526233673095703,
17,99,0.43386420607566833,0.3517395257949829,0.08193632960319519,1.8835235834121704,
17,100,0.3723108768463135,0.2961035370826721,0.07593439519405365,2.729156970977783,
18,1,0.948637068271637,0.7872815132141113,0.160902202129364,4.533405780792236,
18,2,0.9120972752571106,0.7523434162139893,0.15934720635414124,4.0670599937438965,
18,3,0.4188075363636017,0.32962822914123535,0.08865982294082642,5.194822788238525,
18,4,0.45115581154823303,0.357291042804718,0.09337954223155975,4.852263450622559,
18,5,0.4833051562309265,0.3799780011177063,0.10288235545158386,4.4479594230651855,
18,6,0.4875473976135254,0.3764744997024536,0.1104489266872406,6.239716529846191,
18,7,0.4946724772453308,0.3838510811328888,0.1099909320473671,8.30478572845459,
18,8,0.5428705811500549,0.4157218337059021,0.12650933861732483,6.39389181137085,
18,9,0.8739078640937805,0.7173850536346436,0.15600568056106567,5.171579360961914,
18,10,0.47743523120880127,0.3673890233039856,0.1093561053276062,6.901158332824707,
18,11,0.3701384961605072,0.2933046221733093,0.07648400962352753,3.4984028339385986,
18,12,0.3708099126815796,0.2858744263648987,0.08447709679603577,4.583921909332275,
18,13,0.5083344578742981,0.39019569754600525,0.11749190837144852,6.46852445602417,
18,14,0.7602682113647461,0.6220571994781494,0.1378716379404068,3.3938255310058594,
18,15,1.0844403505325317,0.8779675960540771,0.20535406470298767,11.187173843383789,
18,16,0.7141990661621094,0.579405665397644,0.1344781070947647,3.152874231338501,
18,17,0.46524477005004883,0.3669206500053406,0.09783267974853516,4.914516925811768,
18,18,0.4833015203475952,0.3631665110588074,0.11949369311332703,6.413266658782959,
18,19,0.37606871128082275,0.29340660572052,0.08234511315822601,3.1698946952819824,
18,20,0.9938796758651733,0.8174483776092529,0.17593711614608765,4.941596508026123,
18,21,0.2817847430706024,0.22126463055610657,0.06030814349651337,2.1199722290039062,
18,22,0.7107803225517273,0.5779693126678467,0.13249452412128448,3.164921283721924,
18,23,0.8075318336486816,0.6536892652511597,0.15337097644805908,4.715943336486816,
18,24,0.7460981011390686,0.6050183176994324,0.1407305896282196,3.4919488430023193,
18,25,0.49278250336647034,0.3799760341644287,0.11217642575502396,6.300438404083252,
18,26,0.8542436957359314,0.6949523687362671,0.1589043140411377,3.8700428009033203,
18,27,0.5258675217628479,0.4275765120983124,0.09806477278470993,2.262831926345825,
18,28,0.5491101741790771,0.44504737854003906,0.10382197797298431,2.4079723358154297,
18,29,0.594772458076477,0.4695618152618408,0.12458939850330353,6.212767601013184,
18,30,0.33790695667266846,0.267412394285202,0.06995157897472382,5.4299092292785645,
18,31,0.8786953687667847,0.7242056727409363,0.15408802032470703,4.016560077667236,
18,32,0.6091864109039307,0.4657381474971771,0.14238712191581726,10.611266136169434,
18,33,0.3852020502090454,0.30238115787506104,0.08241124451160431,4.096732139587402,
18,34,0.42163994908332825,0.3345434069633484,0.08690164983272552,1.9487777948379517,
18,35,0.6212404370307922,0.46572667360305786,0.1543106883764267,12.030672073364258,
18,36,0.6593731045722961,0.5231242179870605,0.13592387735843658,3.2500789165496826,
18,37,0.39766600728034973,0.3126453161239624,0.08462865650653839,3.9203543663024902,
18,38,0.6868575215339661,0.5489277839660645,0.13747331500053406,4.564223766326904,
18,39,0.8214053511619568,0.6567195653915405,0.16427795588970184,4.078137397766113,
18,40,0.44337573647499084,0.33853739500045776,0.10440530627965927,4.330407619476318,
18,41,0.5923997759819031,0.426247775554657,0.16427390277385712,18.780942916870117,
18,42,0.35114261507987976,0.276516854763031,0.07412990927696228,4.958508491516113,
18,43,0.4352506399154663,0.35699665546417236,0.0780755802989006,1.7840512990951538,
18,44,0.7593781352043152,0.6257771253585815,0.13327491283416748,3.261167049407959,
18,45,0.3359221816062927,0.27422311902046204,0.061356499791145325,3.4253711700439453,
18,46,0.7122553586959839,0.5565650463104248,0.15452153980731964,11.688104629516602,
18,47,0.3153664767742157,0.2552846372127533,0.05988936871290207,1.9246265888214111,
18,48,0.7168969511985779,0.575212836265564,0.1411047726869583,5.793679714202881,
18,49,0.5287473797798157,0.4234156012535095,0.10508880019187927,2.4300191402435303,
18,50,0.6533973217010498,0.51859450340271,0.1344815492630005,3.212613344192505,
18,51,0.8569406270980835,0.6853604316711426,0.17103277146816254,5.473946571350098,
18,52,0.45955929160118103,0.3398549556732178,0.11902539432048798,6.789399147033691,
18,53,0.4867401123046875,0.36223137378692627,0.12359703332185745,9.11701488494873,
18,54,0.4541003406047821,0.33545875549316406,0.11787185817956924,7.697312831878662,
18,55,0.3584442734718323,0.27059614658355713,0.08743409812450409,4.140212535858154,
18,56,0.4670265316963196,0.3537561893463135,0.11157318204641342,16.971616744995117,
18,57,0.6157772541046143,0.48759132623672485,0.12786424160003662,3.217125654220581,
18,58,0.4926319718360901,0.3615955114364624,0.12975189089775085,12.845775604248047,
18,59,0.9142755270004272,0.7498924732208252,0.16395825147628784,4.248045444488525,
18,60,0.6332889795303345,0.505635142326355,0.12734703719615936,3.0676109790802,
18,61,0.3192215859889984,0.2501182556152344,0.06888413429260254,2.192089319229126,
18,62,0.6962302923202515,0.5581212043762207,0.13777968287467957,3.2937660217285156,
18,63,0.4853959083557129,0.3619203567504883,0.12273354828357697,7.420287132263184,
18,64,0.5444057583808899,0.4376145601272583,0.10653489083051682,2.563018560409546,
18,65,0.5842114090919495,0.4710461497306824,0.11291594803333282,2.493216037750244,
18,66,0.8857998847961426,0.729106068611145,0.1562369465827942,4.568457126617432,
18,67,0.5618664622306824,0.45771586894989014,0.10320794582366943,9.426497459411621,
18,68,0.478017121553421,0.36648988723754883,0.11097278445959091,5.544349193572998,
18,69,0.8332305550575256,0.6667290925979614,0.1660500168800354,4.514623641967773,
18,70,0.4477042853832245,0.33085763454437256,0.11613230407238007,7.143345832824707,
18,71,0.8939740657806396,0.7087373733520508,0.18476440012454987,4.7228922843933105,
18,72,0.37970319390296936,0.27666449546813965,0.10240084677934647,6.378678321838379,
18,73,0.8969669938087463,0.7102648019790649,0.18622753024101257,4.74647331237793,
18,74,0.3113027811050415,0.23429767787456512,0.07676105946302414,2.440366744995117,
18,75,0.6454799771308899,0.5029442310333252,0.14220315217971802,3.325932741165161,
18,76,0.5892856121063232,0.4617621898651123,0.12723658978939056,2.86826491355896,
18,77,0.9201481938362122,0.7401028275489807,0.17957162857055664,4.737553596496582,
18,78,0.45488661527633667,0.3598533272743225,0.09482700377702713,2.0628104209899902,
18,79,0.8693105578422546,0.7063993215560913,0.1623922437429428,5.1897993087768555,
18,80,0.5493752956390381,0.43974971771240234,0.10936412960290909,2.6141843795776367,
18,81,0.4258355498313904,0.3212049603462219,0.10413292795419693,4.976576328277588,
18,82,0.6711505055427551,0.5401556491851807,0.1306716650724411,3.2317655086517334,
18,83,0.898642361164093,0.735906720161438,0.1623130738735199,4.2250895500183105,
18,84,0.9620963335037231,0.7817264795303345,0.1798103153705597,5.5956902503967285,
18,85,0.5825383067131042,0.4405226707458496,0.14122328162193298,7.923121452331543,
18,86,0.8747082352638245,0.7035266160964966,0.17075803875923157,4.235949516296387,
18,87,0.656514585018158,0.521426796913147,0.13473401963710785,3.5373942852020264,
18,88,0.31637492775917053,0.24291762709617615,0.07315561920404434,3.0169901847839355,
18,89,0.4348641335964203,0.3393767476081848,0.0952812060713768,2.061774492263794,
18,90,0.4590820074081421,0.3480743169784546,0.11058734357357025,4.2034406661987305,
18,91,0.30892500281333923,0.23540335893630981,0.07327303290367126,2.4862256050109863,
18,92,0.6679267287254333,0.5289655923843384,0.13862329721450806,3.378533363342285,
18,93,0.3955076336860657,0.29481905698776245,0.10016345232725143,5.251110076904297,
18,94,0.8158005475997925,0.6422744393348694,0.17313918471336365,3.8692424297332764,
18,95,0.7345306873321533,0.5810300707817078,0.15314580500125885,3.5481324195861816,
18,96,0.8833678960800171,0.6464080214500427,0.2345486283302307,24.11271095275879,
18,97,0.303820937871933,0.23829004168510437,0.06531744450330734,2.1344988346099854,
18,98,0.4875962436199188,0.38815590739250183,0.09922759979963303,2.1272549629211426,
18,99,1.2861169576644897,0.9140632152557373,0.3650582730770111,69.95423889160156,
18,100,0.3182300329208374,0.24670833349227905,0.07126913964748383,2.5254926681518555,
19,1,0.46327948570251465,0.3346366286277771,0.12810149788856506,5.413613319396973,
19,2,0.6372796297073364,0.47034311294555664,0.1649586260318756,19.779258728027344,
19,3,0.4776247441768646,0.38030049204826355,0.09711155295372009,2.1271135807037354,
19,4,0.2803383469581604,0.22791913151741028,0.052270546555519104,1.486485242843628,
19,5,0.41832873225212097,0.34326428174972534,0.07489699125289917,1.674538493156433,
19,6,0.6294563412666321,0.5166151523590088,0.11253789812326431,3.0324220657348633,
19,7,0.4131300449371338,0.3228641152381897,0.08974489569664001,5.210201263427734,
19,8,0.5534034967422485,0.4027565121650696,0.1497190296649933,9.279399871826172,
19,9,0.37551847100257874,0.30627357959747314,0.06898395717144012,2.6091907024383545,
19,10,0.6852158904075623,0.561784029006958,0.12313459813594818,2.9721968173980713,
19,11,0.2986750900745392,0.24587145447731018,0.052637144923210144,1.6651976108551025,
19,12,0.29872310161590576,0.2402581125497818,0.05824069306254387,2.242952823638916,
19,13,0.4755033552646637,0.35387861728668213,0.12084650248289108,7.782217502593994,
19,14,0.7331494092941284,0.5931732654571533,0.13964422047138214,3.319671392440796,
19,15,0.6840837001800537,0.48769137263298035,0.19461578130722046,17.76582145690918,
19,16,0.4617465138435364,0.35793864727020264,0.1034051701426506,4.026900291442871,
19,17,0.37878188490867615,0.30161890387535095,0.07688261568546295,2.8036279678344727,
19,18,0.3190653324127197,0.255849689245224,0.06302832067012787,1.8735229969024658,
19,19,0.7531182169914246,0.6215188503265381,0.13129118084907532,3.0820090770721436,
19,20,0.855693519115448,0.7158671021461487,0.1394563913345337,3.700455665588379,
19,21,0.4743962287902832,0.37262582778930664,0.10128974169492722,4.806480884552002,
19,22,0.5268919467926025,0.41620850563049316,0.1099616065621376,7.217978477478027,
19,23,0.5949206352233887,0.47896626591682434,0.11570258438587189,2.5174925327301025,
19,24,0.6217343807220459,0.49818670749664307,0.12327870726585388,2.689354658126831,
19,25,0.6700121164321899,0.5367817878723145,0.13293680548667908,2.9352192878723145,
19,26,0.8800950050354004,0.7168235778808594,0.162822425365448,4.4901299476623535,
19,27,0.6512413620948792,0.507483959197998,0.142977774143219,7.796448230743408,
19,28,0.574806809425354,0.44577112793922424,0.1287669688463211,2.687215566635132,
19,29,0.49655506014823914,0.37667757272720337,0.1192631721496582,6.143138885498047,
19,30,0.6539607644081116,0.5037903785705566,0.14983099699020386,3.3938088417053223,
19,31,0.5455133318901062,0.4157477021217346,0.1294829249382019,2.826836109161377,
19,32,0.5730828046798706,0.4241131544113159,0.14820203185081482,7.675655841827393,
19,33,0.5030969381332397,0.3798426389694214,0.12245254218578339,8.01733112335205,
19,34,0.5829553008079529,0.46225348114967346,0.12044615298509598,2.556668519973755,
19,35,0.3088088929653168,0.2391188144683838,0.06942344456911087,2.6664857864379883,
19,36,0.2932148575782776,0.22968508303165436,0.06336447596549988,1.6529439687728882,
19,37,0.47782763838768005,0.3818455636501312,0.09577830880880356,2.0375864505767822,
19,38,0.9237737655639648,0.7473417520523071,0.17597371339797974,4.583146572113037,
19,39,0.8173226714134216,0.6608361005783081,0.15611667931079865,3.698972225189209,
19,40,0.45036250352859497,0.3495887517929077,0.10026340186595917,5.103394031524658,
19,41,0.5471897125244141,0.40516406297683716,0.1412568986415863,7.687562942504883,
19,42,0.7040325403213501,0.5779939889907837,0.1257241666316986,3.1435630321502686,
19,43,0.30795490741729736,0.2511659264564514,0.05661487951874733,1.741079330444336,
19,44,0.7321350574493408,0.5973072052001953,0.13450683653354645,3.210415840148926,
19,45,0.7133874893188477,0.5787102580070496,0.1343718320131302,3.054168462753296,
19,46,0.6488649845123291,0.5229383111000061,0.12563611567020416,2.905949831008911,
19,47,0.46323513984680176,0.3520474433898926,0.11065220087766647,5.354738712310791,
19,48,0.6381053328514099,0.5108888149261475,0.12690353393554688,3.1297008991241455,
19,49,0.6701459288597107,0.5364518761634827,0.13339675962924957,2.9729199409484863,
19,50,0.43618327379226685,0.34483814239501953,0.0911514163017273,1.9370229244232178,
19,51,0.31619733572006226,0.24751126766204834,0.0684928447008133,1.9322746992111206,
19,52,0.3900883197784424,0.31996768712997437,0.06980988383293152,3.1075234413146973,
19,53,0.664270281791687,0.523672342300415,0.140268474817276,3.295086622238159,
19,54,0.4263664484024048,0.3191531300544739,0.10685301572084427,3.603015899658203,
19,55,0.5068198442459106,0.38708508014678955,0.11948156356811523,2.532278537750244,
19,56,0.3987120985984802,0.29415902495384216,0.1040254682302475,5.276260852813721,
19,57,0.4764998257160187,0.3467903733253479,0.1290682852268219,6.411770343780518,
19,58,0.42108434438705444,0.3170085549354553,0.10385790467262268,2.178887128829956,
19,59,0.4824553430080414,0.35952645540237427,0.12209960073232651,8.292805671691895,
19,60,0.5483981370925903,0.40896546840667725,0.1387404501438141,6.922372341156006,
19,61,0.7532358765602112,0.5937628746032715,0.15907858312129974,3.944333553314209,
19,62,0.7321431636810303,0.5777323842048645,0.1540457010269165,3.6507046222686768,
19,63,0.42190784215927124,0.32469093799591064,0.09700943529605865,2.074894428253174,
19,64,0.48062482476234436,0.3604890704154968,0.11942030489444733,7.154626846313477,
19,65,0.47308701276779175,0.3625864088535309,0.10998528450727463,5.15299654006958,
19,66,0.28644928336143494,0.21894004940986633,0.06727998703718185,2.2924745082855225,
19,67,0.6019173860549927,0.4845890402793884,0.11705483496189117,2.7353615760803223,
19,68,0.4791501760482788,0.3660818040370941,0.11247903108596802,5.893415451049805,
19,69,0.41520923376083374,0.3293517529964447,0.08551324903964996,3.4420723915100098,
19,70,0.6251434683799744,0.5039589405059814,0.12091012299060822,2.7442033290863037,
19,71,0.6238600611686707,0.5045695304870605,0.1189887598156929,3.0176658630371094,
19,72,0.624163806438446,0.5012009143829346,0.12269099056720734,2.7190194129943848,
19,73,0.8350964784622192,0.6736793518066406,0.1610260307788849,3.9111900329589844,
19,74,0.6498419642448425,0.5154737234115601,0.1340620070695877,3.0625226497650146,
19,75,0.4649357497692108,0.35181349515914917,0.11265265941619873,4.695967197418213,
19,76,0.9231816530227661,0.7311846017837524,0.19149163365364075,5.0545830726623535,
19,77,0.7944064736366272,0.6138583421707153,0.18014958500862122,3.9858484268188477,
19,78,0.8061884045600891,0.6201375722885132,0.18563121557235718,4.196112155914307,
19,79,0.5138267874717712,0.3908430337905884,0.12271907180547714,2.647042989730835,
19,80,0.39230331778526306,0.2895570695400238,0.10233046859502792,4.1576642990112305,
19,81,0.39654380083084106,0.293520987033844,0.10259629786014557,4.265321731567383,
19,82,1.2926075458526611,0.9680439233779907,0.31894272565841675,56.209590911865234,
19,83,0.5297409296035767,0.379747211933136,0.14930441975593567,6.892609596252441,
19,84,0.6897310018539429,0.5303553342819214,0.1589888036251068,3.8682544231414795,
19,85,0.574600338935852,0.4421258568763733,0.13219615817070007,2.7833213806152344,
19,86,0.630969762802124,0.47984978556632996,0.15077273547649384,3.4726781845092773,
19,87,0.44701164960861206,0.3285329043865204,0.11783657968044281,6.421883583068848,
19,88,0.467401921749115,0.3434032201766968,0.12311461567878723,8.840850830078125,
19,89,0.4802844524383545,0.35123568773269653,0.12827026844024658,7.784945964813232,
19,90,0.709379255771637,0.5611783266067505,0.14779463410377502,4.062989234924316,
19,91,0.6726636290550232,0.5366876721382141,0.13563936948776245,3.365591526031494,
19,92,0.5899177193641663,0.47144022583961487,0.11821265518665314,2.648286819458008,
19,93,0.6433632373809814,0.515416145324707,0.1276494711637497,2.9763360023498535,
19,94,0.6632981896400452,0.5351687669754028,0.12780314683914185,3.26275372505188,
19,95,0.8833065032958984,0.7095529437065125,0.17329713702201843,4.564281940460205,
19,96,0.47346231341362,0.35959115624427795,0.11331355571746826,5.576091289520264,
19,97,0.37655919790267944,0.29549703001976013,0.08071868121623993,3.4351541996002197,
19,98,0.3043353259563446,0.23727968335151672,0.06685829162597656,1.9734985828399658,
19,99,0.5816864967346191,0.45562079548835754,0.12575727701187134,3.0840952396392822,
19,100,0.7583038210868835,0.5920944213867188,0.16562162339687347,5.877836227416992,
20,1,0.48663008213043213,0.3603166341781616,0.12560249865055084,7.109714984893799,
20,2,0.5644779205322266,0.4093664884567261,0.15431764721870422,7.937856197357178,
20,3,0.8331300616264343,0.6458450555801392,0.18683767318725586,4.4733076095581055,
20,4,0.5107550621032715,0.3765738010406494,0.1332002878189087,9.809782981872559,
20,5,0.5664498209953308,0.4148765206336975,0.1505267322063446,10.465787887573242,
20,6,0.45360544323921204,0.32559934258461,0.12720556557178497,8.005196571350098,
20,7,0.48046913743019104,0.3614518642425537,0.11841558665037155,6.0166826248168945,
20,8,0.33907628059387207,0.2710810899734497,0.06777770817279816,2.1749448776245117,
20,9,0.4066653549671173,0.32623058557510376,0.08015315234661102,2.816075086593628,
20,10,0.43968045711517334,0.34499382972717285,0.09422178566455841,4.648651123046875,
20,11,0.5421576499938965,0.4342256188392639,0.10735039412975311,5.816125869750977,
20,12,0.6897568106651306,0.580459475517273,0.10904569923877716,2.516794443130493,
20,13,0.45198866724967957,0.3766453266143799,0.0750289112329483,3.1443722248077393,
20,14,0.4818614423274994,0.38768407702445984,0.0936535969376564,5.237866401672363,
20,15,0.8848253488540649,0.7303214073181152,0.1541242152452469,3.7971549034118652,
20,16,0.4857807159423828,0.3722792863845825,0.11287765204906464,6.237507343292236,
20,17,0.4368794560432434,0.3339024782180786,0.1025901585817337,3.86834979057312,
20,18,0.8131169676780701,0.6368051767349243,0.1759030818939209,4.086986064910889,
20,19,0.8642718195915222,0.6685993671417236,0.19504567980766296,6.267327785491943,
20,20,0.5776925086975098,0.4350753426551819,0.14232921600341797,2.8793914318084717,
20,21,0.3652203381061554,0.2665230333805084,0.09826688468456268,4.3043646812438965,
20,22,0.6376199126243591,0.47580406069755554,0.16142410039901733,3.9177486896514893,
20,23,0.2820996642112732,0.20867516100406647,0.07320365309715271,2.2083945274353027,
20,24,0.616929292678833,0.42891618609428406,0.18673546612262726,12.77623462677002,
20,25,0.51786208152771,0.3960490822792053,0.12135376036167145,4.592297554016113,
20,26,0.5712263584136963,0.40632691979408264,0.16397449374198914,9.249459266662598,
20,27,0.4804375171661377,0.35903990268707275,0.12053881585597992,8.587774276733398,
20,28,0.8258329629898071,0.6659914255142212,0.15938027203083038,4.612864017486572,
20,29,0.4008249342441559,0.3155685365200043,0.08487233519554138,3.840573310852051,
20,30,0.9038926362991333,0.7436789274215698,0.159796342253685,4.173631191253662,
20,31,0.6476790308952332,0.5287817120552063,0.11860409379005432,2.9319565296173096,
20,32,0.4476757049560547,0.34912699460983276,0.09817023575305939,3.7847633361816406,
20,33,0.6234602928161621,0.5089216232299805,0.11427897214889526,2.5968379974365234,
20,34,0.45984894037246704,0.3524945080280304,0.10679115355014801,5.632495880126953,
20,35,0.43300914764404297,0.34734341502189636,0.0854860469698906,1.796731948852539,
20,36,0.6849491596221924,0.5426899194717407,0.14178252220153809,4.767139911651611,
20,37,0.3751671016216278,0.2924031615257263,0.08244812488555908,3.158078193664551,
20,38,0.6922160983085632,0.5401530265808105,0.1517287790775299,3.3433291912078857,
20,39,0.4104403555393219,0.3029204308986664,0.10696370899677277,5.561936855316162,
20,40,0.7596784234046936,0.5780709981918335,0.18059736490249634,10.100740432739258,
20,41,0.5525479912757874,0.4190378487110138,0.13321909308433533,2.910365581512451,
20,42,0.5788395404815674,0.4320772886276245,0.1454993188381195,12.62907886505127,
20,43,0.8168087005615234,0.6169502139091492,0.19938361644744873,4.748709678649902,
20,44,0.4547865688800812,0.3194968104362488,0.13467097282409668,6.18787956237793,
20,45,0.6585344672203064,0.4899134635925293,0.16824819147586823,3.728454351425171,
20,46,0.29359400272369385,0.21562868356704712,0.07772273570299149,2.4258790016174316,
20,47,0.6223215460777283,0.47219204902648926,0.1497427523136139,3.8679704666137695,
20,48,0.35766837000846863,0.26787689328193665,0.08939966559410095,3.9179694652557373,
20,49,0.5631787180900574,0.43491047620773315,0.1280023455619812,2.659064292907715,
20,50,0.42468884587287903,0.32779988646507263,0.09665538370609283,2.3356432914733887,
20,51,0.5724514722824097,0.45219308137893677,0.11995940655469894,2.989475965499878,
20,52,0.9442349076271057,0.7587274312973022,0.18500098586082458,5.064744472503662,
20,53,0.6757491230964661,0.538306713104248,0.1371338665485382,3.0855371952056885,
20,54,0.820673942565918,0.6522908806800842,0.16794465482234955,4.383877277374268,
20,55,0.4450579583644867,0.3338381052017212,0.11050377041101456,7.16100549697876,
20,56,0.6582589149475098,0.5267573595046997,0.13117626309394836,3.2529873847961426,
20,57,0.2827267050743103,0.2241356074810028,0.058404307812452316,1.8679440021514893,
20,58,0.28262388706207275,0.22199010848999023,0.0604756698012352,1.5811550617218018,
20,59,0.5034001469612122,0.391120046377182,0.11203113198280334,2.4897661209106445,
20,60,0.4264475405216217,0.3174192011356354,0.1085745245218277,4.537922382354736,
20,61,0.7920376658439636,0.6032149791717529,0.18838566541671753,4.370462894439697,
20,62,0.5742674469947815,0.43343496322631836,0.14051294326782227,3.1955974102020264,
20,63,0.6152505874633789,0.45997053384780884,0.15494129061698914,3.3877029418945312,
20,64,0.43115103244781494,0.30791473388671875,0.12254221737384796,6.941018581390381,
20,65,0.2939852774143219,0.2216259092092514,0.07212703675031662,2.3234336376190186,
20,66,0.8506242632865906,0.658452033996582,0.1917175054550171,4.547114372253418,
20,67,0.2952144742012024,0.22592148184776306,0.06909945607185364,1.9353933334350586,
20,68,0.4575943350791931,0.33465003967285156,0.12243364006280899,5.106542587280273,
20,69,0.41944772005081177,0.3114050030708313,0.1075374037027359,5.053323268890381,
20,70,0.282375693321228,0.2175719439983368,0.06461456418037415,1.8918882608413696,
20,71,0.4568610191345215,0.3363351821899414,0.11986790597438812,6.579306125640869,
20,72,0.34461790323257446,0.26759153604507446,0.07675807923078537,2.6827940940856934,
20,73,0.3979395627975464,0.2969977855682373,0.10032297670841217,6.188141345977783,
20,74,0.8050265908241272,0.6376962661743164,0.16687795519828796,4.523165225982666,
20,75,0.6299530863761902,0.48987841606140137,0.13976812362670898,3.0654568672180176,
20,76,0.5411992073059082,0.4226505756378174,0.11828316748142242,2.654744863510132,
20,77,0.4648377597332001,0.3419344425201416,0.12230615317821503,5.971407890319824,
20,78,0.6874172687530518,0.5311256647109985,0.1559416949748993,3.4990711212158203,
20,79,0.6124326586723328,0.4674829840660095,0.14462481439113617,3.248533010482788,
20,80,0.2757536768913269,0.20949627459049225,0.06607437133789062,1.8306071758270264,
20,81,0.6409176588058472,0.4925650656223297,0.14793919026851654,4.134170055389404,
20,82,0.48532789945602417,0.35461848974227905,0.13015016913414001,5.592445373535156,
20,83,0.559858500957489,0.4303649961948395,0.12922979891300201,2.6370441913604736,
20,84,0.3391108214855194,0.2546696066856384,0.08407151699066162,3.6969153881073,
20,85,0.2863016426563263,0.21960830688476562,0.06648524850606918,2.080721616744995,
20,86,0.3972030580043793,0.29833459854125977,0.09841403365135193,4.544132232666016,
20,87,0.4143945276737213,0.2990247309207916,0.11482709646224976,5.426978588104248,
20,88,0.8091058731079102,0.6184143424034119,0.18913060426712036,15.609257698059082,
20,89,0.6349812150001526,0.4900211691856384,0.1446300745010376,3.2999696731567383,
20,90,0.8529099822044373,0.6669145822525024,0.1855548620223999,4.405412673950195,
20,91,0.4350491464138031,0.3118497431278229,0.12259547412395477,6.0394158363342285,
20,92,0.5523576140403748,0.399461567401886,0.15207430720329285,8.217764854431152,
20,93,0.5131000876426697,0.3706921339035034,0.14172476530075073,6.831795692443848,
20,94,0.7615355253219604,0.5978742241859436,0.16329415142536163,3.671921730041504,
20,95,0.4279366135597229,0.3185103237628937,0.10871043801307678,7.158632755279541,
20,96,0.8687647581100464,0.6944469809532166,0.17375491559505463,5.628199100494385,
20,97,0.5192862749099731,0.39000403881073,0.12865769863128662,6.245090007781982,
20,98,0.7297520041465759,0.5802479982376099,0.14916041493415833,3.4360997676849365,
20,99,0.7179114818572998,0.5696772336959839,0.14790059626102448,3.3365209102630615,
20,100,0.7831478118896484,0.6135656237602234,0.16919013857841492,3.9208290576934814,
