epoch,batch,total_loss,loss2neighbor,loss_idt,loss_reg,loss_bg
1,1,4.353604793548584,4.226739883422852,0.125230610370636,16.340953826904297,2.768378257751465
1,2,19.7436580657959,19.696590423583984,0.046369120478630066,6.972667217254639,2.200684070587158
1,3,13.508366584777832,7.615339279174805,5.876856803894043,161.70236206054688,4.944453716278076
1,4,6.123922824859619,3.8345298767089844,2.2821197509765625,72.73011016845703,1.8873958587646484
1,5,7.071621417999268,4.9278669357299805,2.1378607749938965,58.93937683105469,3.77952241897583
1,6,3.6215620040893555,3.0662126541137695,0.5537418723106384,16.07331657409668,2.158202648162842
1,7,3.1939735412597656,2.280153274536133,0.911171555519104,26.488357543945312,1.5687484741210938
1,8,2.1163816452026367,1.4480268955230713,0.6664700508117676,18.848031997680664,0.7191379070281982
1,9,1.2250168323516846,0.8839697241783142,0.34009432792663574,9.527268409729004,0.29097312688827515
1,10,1.249448299407959,1.0642356872558594,0.1847129613161087,4.996545314788818,0.7983098030090332
1,11,4.859875679016113,4.557375431060791,0.3014903962612152,10.097331047058105,0.48751315474510193
1,12,2.2755494117736816,2.0723929405212402,0.20260056853294373,5.560728073120117,0.20866738259792328
1,13,0.24550704658031464,0.24423278868198395,0.001196112367324531,0.7814056873321533,0.011203162372112274
1,14,0.2154870480298996,0.21382617950439453,0.0015945329796522856,0.6633360981941223,0.0076815905049443245
1,15,1.496854543685913,1.2252100706100464,0.27094483375549316,6.99614143371582,0.22342565655708313
1,16,0.6695196032524109,0.5969870686531067,0.07235240936279297,1.8012582063674927,0.2246590554714203
1,17,0.6655128598213196,0.601353108882904,0.06401030719280243,1.4940475225448608,0.22318288683891296
1,18,0.3147745728492737,0.2907308042049408,0.023977801203727722,0.6597940921783447,0.05702982097864151
1,19,1.9869928359985352,1.7312142848968506,0.2551659941673279,6.1254987716674805,0.21357637643814087
1,20,0.29074788093566895,0.2704094648361206,0.020284485071897507,0.5393956899642944,0.05845815688371658
1,21,0.5150847434997559,0.4836956262588501,0.031305789947509766,0.833312451839447,0.1356227695941925
1,22,1.370889663696289,1.2978650331497192,0.07279564440250397,2.2898664474487305,0.21802257001399994
1,23,1.3718873262405396,1.309812307357788,0.06187757849693298,1.9746227264404297,0.26578399538993835
1,24,1.4941866397857666,1.37058424949646,0.12321236729621887,3.9010705947875977,0.42194896936416626
1,25,0.12043549865484238,0.11984869837760925,0.0005679925088770688,0.18804793059825897,0.0023567453026771545
1,26,1.3727935552597046,1.2871909141540527,0.08528110384941101,3.2146012783050537,1.431079387664795
1,27,1.2175465822219849,1.1517038345336914,0.06566817313432693,1.744797945022583,0.6714797019958496
1,28,1.5577502250671387,1.434445858001709,0.12295250594615936,3.519602060317993,0.4587811231613159
1,29,1.1702845096588135,1.073821783065796,0.09620511531829834,2.5757787227630615,0.41698116064071655
1,30,0.4716295599937439,0.46010756492614746,0.011486250907182693,0.3573540449142456,0.03776521235704422
1,31,0.24834969639778137,0.2437334656715393,0.004591306671500206,0.2492227405309677,0.21463391184806824
1,32,0.7271285057067871,0.689056396484375,0.0379534512758255,1.1864349842071533,0.2890043258666992
1,33,0.9596002101898193,0.9209810495376587,0.03851492702960968,1.0425028800964355,0.1017148345708847
1,34,2.2090108394622803,2.1481239795684814,0.06059148535132408,2.9541802406311035,0.08931282162666321
1,35,0.5667851567268372,0.5350341796875,0.03165386989712715,0.9710164666175842,0.08649656176567078
1,36,0.5428003072738647,0.5323423147201538,0.010425711050629616,0.32328900694847107,0.014428333379328251
1,37,0.26303988695144653,0.2585489749908447,0.004473663866519928,0.1724725216627121,0.09178660064935684
1,38,0.5294145941734314,0.5111405849456787,0.01820669323205948,0.6726433634757996,0.021455172449350357
1,39,0.5666464567184448,0.5362076163291931,0.030347123742103577,0.9175059199333191,0.0852343738079071
1,40,0.52700275182724,0.5067300796508789,0.020224282518029213,0.48395469784736633,0.023825379088521004
1,41,0.977647602558136,0.9251519441604614,0.0523504763841629,1.452176809310913,0.08810998499393463
1,42,0.10649222880601883,0.10627344995737076,0.00020923971896991134,0.09539055824279785,0.007030908018350601
1,43,0.08020874112844467,0.07983377575874329,0.0003622510703280568,0.12714147567749023,0.02473285421729088
1,44,1.3798614740371704,1.321509838104248,0.05811727046966553,2.343838691711426,0.14590191841125488
1,45,0.06639792025089264,0.06520717591047287,0.0011727283708751202,0.18017539381980896,0.014762256294488907
1,46,0.9491264820098877,0.9175039529800415,0.03152669593691826,0.9584497809410095,0.26543402671813965
1,47,0.27462413907051086,0.26643693447113037,0.008163717575371265,0.23493298888206482,0.02317328006029129
1,48,0.23287007212638855,0.22894221544265747,0.003906768746674061,0.21079804003238678,0.27494585514068604
1,49,1.245361566543579,1.1849431991577148,0.06018714979290962,2.312934637069702,0.2931292653083801
1,50,0.05853636935353279,0.0582771822810173,0.0002477845991961658,0.11403258144855499,0.0017528687603771687
1,51,0.716100811958313,0.6973088383674622,0.018692277371883392,0.9970405697822571,0.32009804248809814
1,52,0.04609609395265579,0.04569399356842041,0.00039030323387123644,0.11797358095645905,0.10116887837648392
1,53,0.8965662121772766,0.8701074719429016,0.02636670134961605,0.92046058177948,0.2115042805671692
1,54,0.031358178704977036,0.031197093427181244,0.00015251243894454092,0.08571646362543106,0.0012483601458370686
1,55,0.39891499280929565,0.3895728588104248,0.009306317195296288,0.3582180142402649,0.07408455014228821
1,56,0.032440949231386185,0.03221611678600311,0.00021569560340140015,0.09139346331357956,0.0020286981016397476
1,57,0.9446578621864319,0.9199944138526917,0.024579357355833054,0.8412436246871948,0.06535856425762177
1,58,1.3093323707580566,1.2834441661834717,0.025748882442712784,1.3932976722717285,0.03977629169821739
1,59,1.4732917547225952,1.4259684085845947,0.04712878167629242,1.9457765817642212,0.07890858501195908
1,60,0.18936492502689362,0.18470245599746704,0.004640571773052216,0.218849778175354,0.219540074467659
1,61,0.819729745388031,0.7935904264450073,0.02605518326163292,0.8415195345878601,0.25698336958885193
1,62,0.5056061744689941,0.4951714873313904,0.010386987589299679,0.47712281346321106,0.0853506475687027
1,63,0.04745545983314514,0.04709775000810623,0.00034727039746940136,0.10439998656511307,0.0012072548270225525
1,64,0.44513872265815735,0.43350374698638916,0.011597144417464733,0.37817123532295227,0.06012307479977608
1,65,1.3893378973007202,1.351538896560669,0.037569403648376465,2.2962470054626465,0.3166716694831848
1,66,0.4946916401386261,0.4891032576560974,0.005569807719439268,0.18554507195949554,0.014898532070219517
1,67,1.2633730173110962,1.2088606357574463,0.054277628660202026,2.3474998474121094,0.3400764465332031
1,68,1.1372865438461304,1.1054397821426392,0.03169044479727745,1.5623135566711426,0.4662880003452301
1,69,0.16636602580547333,0.16192947328090668,0.004416207782924175,0.2034258097410202,0.1996241807937622
1,70,0.41705986857414246,0.40834277868270874,0.008673499338328838,0.4359535574913025,0.08269629627466202
1,71,0.49207136034965515,0.47718358039855957,0.014822502620518208,0.6527436971664429,0.12900793552398682
1,72,0.012107782065868378,0.012059161439538002,4.175270805717446e-05,0.06867200881242752,0.0009866446489468217
1,73,0.7530615925788879,0.7349896430969238,0.017938833683729172,1.3307816982269287,0.24606700241565704
1,74,0.030145378783345222,0.029922110959887505,0.0002124124439433217,0.10855641961097717,0.0011002965038642287
1,75,0.7865323424339294,0.7624607682228088,0.02399326302111149,0.7833792567253113,0.2163468599319458
1,76,0.03324922174215317,0.032923854887485504,0.000311912881443277,0.13455748558044434,0.04232776165008545
1,77,1.25234854221344,1.2115263938903809,0.04057799279689789,2.4419326782226562,0.19793468713760376
1,78,0.2991511821746826,0.2925243377685547,0.00660397345200181,0.22843506932258606,0.015336476266384125
1,79,0.45101043581962585,0.43304502964019775,0.01791854202747345,0.46890556812286377,0.05514860525727272
1,80,0.1659957319498062,0.16171105206012726,0.004262725822627544,0.2195386439561844,0.14781562983989716
1,81,0.2785753011703491,0.2714841365814209,0.007069866172969341,0.21305249631404877,0.008848675526678562
1,82,1.3014516830444336,1.2843527793884277,0.017000433057546616,0.9843199849128723,0.06690658628940582
1,83,0.14525458216667175,0.14145277440547943,0.0037815384566783905,0.2027043104171753,0.12497463822364807
1,84,1.1790331602096558,1.1384892463684082,0.04035145416855812,1.9236152172088623,0.24640397727489471
1,85,0.8426361680030823,0.8239908218383789,0.01851518452167511,1.3020250797271729,0.21926328539848328
1,86,0.7809001207351685,0.7514821290969849,0.02933054231107235,0.8744056820869446,0.22845274209976196
1,87,1.4573808908462524,1.4223177433013916,0.03472709655761719,3.3610756397247314,0.276719331741333
1,88,1.2782058715820312,1.2474336624145508,0.030570536851882935,2.017378807067871,0.7289501428604126
1,89,0.8020817041397095,0.7686928510665894,0.03327234089374542,1.165350317955017,0.4629557132720947
1,90,1.0148667097091675,0.9688313603401184,0.04588218033313751,1.5318366289138794,0.15042166411876678
1,91,0.25589120388031006,0.24909895658493042,0.006772871129214764,0.19382303953170776,0.013561610132455826
1,92,1.1200758218765259,1.0784151554107666,0.04137653857469559,2.8404085636138916,0.0948474109172821
1,93,1.315824270248413,1.2965748310089111,0.01913178525865078,1.1766819953918457,0.060415029525756836
1,94,1.189165472984314,1.146467924118042,0.04247555881738663,2.219524621963501,0.10609761625528336
1,95,0.018683021888136864,0.018547896295785904,0.0001236352982232347,0.11490660160779953,0.001242948230355978
1,96,0.2367270141839981,0.22897553443908691,0.007720921188592911,0.3056015372276306,0.025754423812031746
1,97,0.1753493845462799,0.17152833938598633,0.0037860539741814137,0.3498379588127136,0.1598188430070877
1,98,0.47579842805862427,0.4635162055492401,0.012242591008543968,0.39630985260009766,0.04707244038581848
1,99,0.06131550297141075,0.06021292507648468,0.0010792871471494436,0.2328893393278122,0.014176534488797188
1,100,0.059725623577833176,0.05875704437494278,0.0009450633078813553,0.23516017198562622,0.0145037192851305
2,1,0.02670665644109249,0.02650221809744835,0.00018941951566375792,0.15018069744110107,0.0018290432635694742
2,2,0.4098013937473297,0.39687156677246094,0.012866307981312275,0.6349884867668152,0.04149549454450607
2,3,0.4642023742198944,0.4546054005622864,0.009539546445012093,0.5742222666740417,0.042725786566734314
2,4,0.46432310342788696,0.4540902376174927,0.010166386142373085,0.664913535118103,0.037950221449136734
2,5,0.3666328191757202,0.35582053661346436,0.010766884312033653,0.4539530575275421,0.021284425631165504
2,6,0.6398276090621948,0.620073139667511,0.019627029076218605,1.2743778228759766,0.17503277957439423
2,7,0.450786292552948,0.436562180519104,0.014126770198345184,0.9732649922370911,0.027231132611632347
2,8,0.08153446763753891,0.0812290757894516,0.00029001382063142955,0.15379537642002106,0.002210643608123064
2,9,1.0790421962738037,1.0578670501708984,0.021038483828306198,1.3664377927780151,0.18920354545116425
2,10,1.0176390409469604,0.9950830936431885,0.02239857241511345,1.5739450454711914,0.2318410575389862
2,11,0.06382351368665695,0.06367723643779755,0.0001319365983363241,0.14341601729393005,0.0015258443308994174
2,12,0.4271464943885803,0.4151710867881775,0.011930925771594048,0.44483867287635803,0.044833168387413025
2,13,0.5635953545570374,0.528946042060852,0.03450736403465271,1.419039011001587,0.19652262330055237
2,14,0.23288418352603912,0.22663064301013947,0.006230093073099852,0.23459920287132263,0.027542049065232277
2,15,0.6947085857391357,0.6811357736587524,0.013533016666769981,0.39835038781166077,0.16425161063671112
2,16,0.9902786016464233,0.9660676717758179,0.0240740105509758,1.3689736127853394,0.4616383910179138
2,17,1.402392029762268,1.3603122234344482,0.041651323437690735,4.283972263336182,0.3671507239341736
2,18,0.22116564214229584,0.21417361497879028,0.0069626569747924805,0.293756365776062,0.033438727259635925
2,19,0.065953329205513,0.06466125696897507,0.0012615574523806572,0.3051975965499878,0.023879272863268852
2,20,0.3853887915611267,0.37383532524108887,0.011499082669615746,0.54390949010849,0.06753447651863098
2,21,0.09603720158338547,0.09315383434295654,0.002877395134419203,0.05978182330727577,0.027739889919757843
2,22,0.9358394742012024,0.9023998975753784,0.03329045698046684,1.4915947914123535,0.24611544609069824
2,23,0.9350907802581787,0.8942170739173889,0.04061406850814819,2.5963611602783203,1.126983642578125
2,24,0.5226865410804749,0.49288684129714966,0.02966061420738697,1.3908307552337646,0.05100104585289955
2,25,0.2601727843284607,0.2528122365474701,0.007334108464419842,0.2643469274044037,0.017409460619091988
2,26,1.3745231628417969,1.3327687978744507,0.04121255502104759,5.417780876159668,0.11772295832633972
2,27,0.42565345764160156,0.38396528363227844,0.04154031723737717,1.4784832000732422,0.035268478095531464
2,28,0.03531186655163765,0.03519357740879059,0.00010395178105682135,0.1433839350938797,0.0018052654340863228
2,29,0.3912539482116699,0.3817155957221985,0.009470470249652863,0.6787932515144348,0.033364586532115936
2,30,1.2481333017349243,1.208808183670044,0.03887411206960678,4.509681224822998,0.14012464880943298
2,31,0.4355751574039459,0.41021668910980225,0.025233518332242966,1.2496562004089355,0.14141187071800232
2,32,0.37161770462989807,0.3582908511161804,0.013290796428918839,0.3607068955898285,0.03802230954170227
2,33,0.023245451971888542,0.023054566234350204,0.00017239805310964584,0.18487150967121124,0.0022340877912938595
2,34,1.0843702554702759,1.0408926010131836,0.04320899397134781,2.6863932609558105,0.19798454642295837
2,35,0.5175879597663879,0.48799872398376465,0.02944633737206459,1.428534984588623,0.10399316251277924
2,36,1.0205411911010742,0.9688065052032471,0.051540669053792953,1.9412872791290283,0.13369742035865784
2,37,1.180413842201233,1.1332886219024658,0.046812478452920914,3.126689910888672,0.17565706372261047
2,38,0.49136409163475037,0.46495935320854187,0.026287805289030075,1.169532060623169,0.08041715621948242
2,39,0.04828103259205818,0.047292403876781464,0.0009623183868825436,0.2631163001060486,0.01742180809378624
2,40,0.4844171106815338,0.4564889669418335,0.02781648375093937,1.1167166233062744,0.06118997186422348
2,41,0.022160835564136505,0.021963614970445633,0.00017929341993294656,0.17928051948547363,0.002156841102987528
2,42,1.3133338689804077,1.2679708003997803,0.045075424015522,2.8768649101257324,0.11481334269046783
2,43,0.25087907910346985,0.24371545016765594,0.007134675048291683,0.2898097038269043,0.02906627207994461
2,44,0.14767073094844818,0.1435759961605072,0.004077832214534283,0.16905348002910614,0.1271064132452011
2,45,0.2190471738576889,0.21286419034004211,0.0061587439849972725,0.2424650937318802,0.02133946865797043
2,46,0.9493483901023865,0.9238497018814087,0.025314873084425926,1.8383349180221558,0.31726640462875366
2,47,0.24591177701950073,0.2390790581703186,0.006803554482758045,0.2916070222854614,0.03276544064283371
2,48,0.4501749873161316,0.4367193579673767,0.01335656363517046,0.9905386567115784,0.07623551785945892
2,49,0.921267569065094,0.9023377895355225,0.01881001703441143,1.1974210739135742,0.23183749616146088
2,50,0.16842369735240936,0.1640501767396927,0.004352564923465252,0.20955558121204376,0.17120206356048584
2,51,0.025066034868359566,0.024894215166568756,0.00015325953427236527,0.18559660017490387,0.0018893396481871605
2,52,0.4947285056114197,0.46955037117004395,0.0250850822776556,0.9304100275039673,0.1394498646259308
2,53,1.114410638809204,1.093241572380066,0.021010642871260643,1.5839738845825195,0.31599661707878113
2,54,0.029765687882900238,0.029457755386829376,0.00028767221374437213,0.20259936153888702,0.0031007989309728146
2,55,0.1680782288312912,0.16422240436077118,0.003831935115158558,0.23891772329807281,0.19911473989486694
2,56,0.7053948044776917,0.6870142221450806,0.01823485642671585,1.4576293230056763,0.3359641432762146
2,57,0.28461748361587524,0.2824970781803131,0.0021110442467033863,0.0934889018535614,0.01255606859922409
2,58,0.9855205416679382,0.9425123929977417,0.042756326496601105,2.5180599689483643,0.20524710416793823
2,59,0.4529179036617279,0.44424283504486084,0.008626519702374935,0.48535236716270447,0.04898893088102341
2,60,0.46910157799720764,0.46042582392692566,0.008623747155070305,0.5201014876365662,0.04596426337957382
2,61,0.47831428050994873,0.4700849652290344,0.008177647367119789,0.5167935490608215,0.04505087062716484
2,62,1.0871680974960327,1.0682640075683594,0.018757082521915436,1.4703764915466309,0.19969812035560608
2,63,1.1043299436569214,1.0612744092941284,0.042700204998254776,3.5530734062194824,0.13774821162223816
2,64,0.04237494245171547,0.04209640994668007,0.00025872362311929464,0.19805791974067688,0.0037399902939796448
2,65,0.9226195812225342,0.9029101729393005,0.019577324390411377,1.3211230039596558,0.24288052320480347
2,66,0.18363212049007416,0.1806836724281311,0.00293734110891819,0.1109711155295372,0.0052465470507740974
2,67,0.15320131182670593,0.14861167967319489,0.004569029435515404,0.20605309307575226,0.13055799901485443
2,68,0.405548095703125,0.3919883370399475,0.013522484339773655,0.3727780878543854,0.051293738186359406
2,69,0.0213769618421793,0.02118740789592266,0.00016776830307208002,0.21785865724086761,0.0023223194293677807
2,70,0.015941385179758072,0.015805263072252274,0.00011634541442617774,0.19777005910873413,0.0024090996012091637
2,71,0.026245251297950745,0.0259629487991333,0.00026643971796147525,0.15861964225769043,0.08149979263544083
2,72,1.047741174697876,0.9941805005073547,0.05341555178165436,1.4512877464294434,0.3476772606372833
2,73,0.7582849860191345,0.73518967628479,0.022899290546774864,1.9601987600326538,0.5114151239395142
2,74,0.15536996722221375,0.1506422758102417,0.004709186032414436,0.18501201272010803,0.1468433290719986
2,75,0.0573304258286953,0.05651017278432846,0.0007910191197879612,0.29233017563819885,0.02037026360630989
2,76,0.506341278553009,0.4964429438114166,0.009822119027376175,0.7622648477554321,0.04575192183256149
2,77,0.9531273245811462,0.91612708568573,0.036870941519737244,1.292660117149353,0.0762864351272583
2,78,0.7372202277183533,0.7192737460136414,0.01777515932917595,1.7131290435791016,0.1663842499256134
2,79,1.365228533744812,1.3292441368103027,0.03573894500732422,2.454115152359009,0.08239608258008957
2,80,0.4211088716983795,0.41049161553382874,0.010545188561081886,0.7206778526306152,0.017635419964790344
2,81,0.16565001010894775,0.16193616390228271,0.003692483762279153,0.21369734406471252,0.08553120493888855
2,82,0.9584474563598633,0.9271953105926514,0.031043557450175285,2.0862343311309814,0.6774066686630249
2,83,0.9502346515655518,0.9119120240211487,0.03818713128566742,1.354917287826538,0.09493492543697357
2,84,0.44539904594421387,0.43750667572021484,0.007843876257538795,0.4848286807537079,0.02722761407494545
2,85,0.1575430929660797,0.15432673692703247,0.0031996360048651695,0.1671801507472992,0.07377427816390991
2,86,1.0330582857131958,1.0113880634307861,0.021514635533094406,1.5557225942611694,0.2596781253814697
2,87,0.036492638289928436,0.03627884015440941,0.0002007459115702659,0.13055048882961273,0.029964569956064224
2,88,0.899625837802887,0.8734220266342163,0.02608991414308548,1.138979196548462,0.21740148961544037
2,89,1.1832361221313477,1.1485462188720703,0.034337833523750305,3.5196869373321533,0.2983577251434326
2,90,0.34515610337257385,0.33545660972595215,0.009656818583607674,0.42689868807792664,0.04931804537773132
2,91,0.41369712352752686,0.4031525254249573,0.010503939352929592,0.4065887928009033,0.04645099490880966
2,92,0.20934467017650604,0.20328611135482788,0.006034816615283489,0.237426295876503,0.027366358786821365
2,93,0.2570732831954956,0.24957284331321716,0.007470274344086647,0.30162912607192993,0.04096609354019165
2,94,0.42290571331977844,0.410400390625,0.012416204437613487,0.890943169593811,0.05819263309240341
2,95,0.029585372656583786,0.029329974204301834,0.00023479950323235244,0.20598675310611725,0.004526553209871054
2,96,1.2791180610656738,1.2380061149597168,0.04079184681177139,3.2005064487457275,0.2639787793159485
2,97,0.024915853515267372,0.024700509384274483,0.00020200220751576126,0.13342413306236267,0.04584342986345291
2,98,1.228251338005066,1.1851104497909546,0.04284847527742386,2.924513816833496,0.20501089096069336
2,99,1.2656480073928833,1.2103769779205322,0.05480220913887024,4.688555717468262,0.1601695418357849
2,100,0.9254893064498901,0.9048875570297241,0.020456496626138687,1.4525866508483887,0.26208314299583435
3,1,0.15524914860725403,0.15140977501869202,0.0038159750401973724,0.23389242589473724,0.14049924910068512
3,2,1.2626041173934937,1.225687026977539,0.03633271902799606,5.843050479888916,0.15917068719863892
3,3,0.9687190651893616,0.9436367154121399,0.02496270090341568,1.1964137554168701,0.16630998253822327
3,4,0.029296210035681725,0.029045216739177704,0.00023057250655256212,0.2042076289653778,0.005472565069794655
3,5,0.020422231405973434,0.020088188350200653,0.0003199279308319092,0.14114926755428314,0.05091911181807518
3,6,0.42132049798965454,0.41201943159103394,0.009262796491384506,0.3826290965080261,0.04370565712451935
3,7,0.434443861246109,0.42187365889549255,0.012471949681639671,0.9824768900871277,0.06956355273723602
3,8,0.22044633328914642,0.21486204862594604,0.005563668441027403,0.2061888873577118,0.02420968934893608
3,9,0.7439229488372803,0.7178865671157837,0.025921396911144257,1.1495722532272339,0.17870177328586578
3,10,0.017216375097632408,0.0170962642878294,0.00010241234849672765,0.17699776589870453,0.0026958263479173183
3,11,0.05134129896759987,0.05037844926118851,0.0009348480962216854,0.2800178825855255,0.027554944157600403
3,12,0.6500351428985596,0.6274580955505371,0.02239353023469448,1.8349559307098389,0.3182169198989868
3,13,0.9202162027359009,0.891852855682373,0.02822018973529339,1.4317487478256226,0.17894673347473145
3,14,0.20058628916740417,0.19578871130943298,0.004780223593115807,0.1735379546880722,0.016808103770017624
3,15,0.04636087641119957,0.04579337313771248,0.000542893074452877,0.24607495963573456,0.018876321613788605
3,16,1.059059739112854,1.0255560874938965,0.03307235985994339,4.312463283538818,0.1484784185886383
3,17,0.35036712884902954,0.342317670583725,0.008007037453353405,0.42402759194374084,0.025017540901899338
3,18,0.024076281115412712,0.02394765615463257,0.00011184926552232355,0.16775113344192505,0.0037617634516209364
3,19,0.024452954530715942,0.024278702214360237,0.00015517727297265083,0.19074615836143494,0.0036885226145386696
3,20,0.04790810868144035,0.04696546867489815,0.0009152070851996541,0.2743473947048187,0.024297425523400307
3,21,0.4553796350955963,0.44480711221694946,0.010527079924941063,0.454536497592926,0.0427982322871685
3,22,0.5174881219863892,0.4945002794265747,0.022880764678120613,1.0702588558197021,0.0783001184463501
3,23,0.861417293548584,0.8389454483985901,0.022315502166748047,1.563216209411621,0.288399338722229
3,24,0.40044376254081726,0.39137476682662964,0.009034955874085426,0.34024664759635925,0.042537517845630646
3,25,0.9260033965110779,0.892429530620575,0.03330441564321518,2.694453001022339,0.8399410843849182
3,26,0.02218964695930481,0.02205853909254074,0.00011099787661805749,0.2010946124792099,0.0027069486677646637
3,27,0.9580080509185791,0.9299294352531433,0.027943184599280357,1.3539574146270752,0.14788511395454407
3,28,0.4184070825576782,0.410745769739151,0.007617877796292305,0.4341338574886322,0.051224611699581146
3,29,0.3950309157371521,0.3639869689941406,0.030933961272239685,1.0995845794677734,0.056529633700847626
3,30,0.9756237268447876,0.9509972333908081,0.024484243243932724,1.4229735136032104,0.10583382844924927
3,31,1.0459284782409668,1.0243592262268066,0.021386871114373207,1.8233846426010132,0.2147490382194519
3,32,0.32306793332099915,0.3135633170604706,0.009467288851737976,0.37332990765571594,0.0466374009847641
3,33,0.1486663967370987,0.14517885446548462,0.00347421457991004,0.1332615166902542,0.1092776507139206
3,34,0.9911051988601685,0.973179042339325,0.017716020345687866,2.1017343997955322,0.13117705285549164
3,35,0.457415908575058,0.4487113356590271,0.0086403489112854,0.6421326398849487,0.06275087594985962
3,36,0.3998335301876068,0.39146125316619873,0.008340753614902496,0.3153117299079895,0.046602752059698105
3,37,0.03559095039963722,0.035455234348773956,0.0001141788816312328,0.2153729796409607,0.0025811048690229654
3,38,0.6074528098106384,0.5897184610366821,0.017600994557142258,1.3335349559783936,0.32069823145866394
3,39,0.41302910447120667,0.3882389962673187,0.02467532269656658,1.1479662656784058,0.083973228931427
3,40,0.65372633934021,0.6339011192321777,0.019670631736516953,1.5461112260818481,0.29468071460723877
3,41,1.060106635093689,1.0279765129089355,0.0318056121468544,3.244593620300293,0.1696222722530365
3,42,1.0023744106292725,0.9609642028808594,0.04109019413590431,3.1999592781066895,0.10964302718639374
3,43,0.6714631915092468,0.6618176698684692,0.009615791030228138,0.29736077785491943,0.05970951169729233
3,44,0.720402717590332,0.7003246545791626,0.019999198615550995,0.788503885269165,0.08638177812099457
3,45,0.06243576854467392,0.061479125171899796,0.0009550981922075152,0.015446934849023819,0.0059889936819672585
3,46,0.7172092795372009,0.6975899934768677,0.019536098465323448,0.8320716023445129,0.08470875024795532
3,47,0.36530983448028564,0.3574308753013611,0.007843293249607086,0.35668715834617615,0.02469855174422264
3,48,0.9021652936935425,0.8670806884765625,0.034982629120349884,1.0200062990188599,0.0639837235212326
3,49,0.13281138241291046,0.1292574405670166,0.003538663499057293,0.15273277461528778,0.0813962072134018
3,50,0.46681126952171326,0.45865607261657715,0.008109766989946365,0.4543241262435913,0.04834277182817459
3,51,0.13527344167232513,0.13198375701904297,0.003275382798165083,0.14304906129837036,0.08917468041181564
3,52,0.24331127107143402,0.23733340203762054,0.005954752676188946,0.2311447262763977,0.04040062427520752
3,53,0.3847362995147705,0.36006051301956177,0.024583712220191956,0.9208961129188538,0.03289194405078888
3,54,0.8456791639328003,0.8232866525650024,0.022283565253019333,1.0898493528366089,0.12451192736625671
3,55,0.3488866984844208,0.34017252922058105,0.00866682454943657,0.4736047685146332,0.034016117453575134
3,56,0.03195589408278465,0.03167019784450531,0.0002631936804391444,0.2249988168478012,0.005423699971288443
3,57,0.027342023327946663,0.02717593125998974,0.00014500600809697062,0.21085426211357117,0.002798396162688732
3,58,0.3664737045764923,0.3579435348510742,0.00847239326685667,0.57781583070755,0.04193640500307083
3,59,0.02119430899620056,0.021092040464282036,9.02556930668652e-05,0.12011807411909103,0.04911601543426514
3,60,1.2273863554000854,1.188723087310791,0.038397833704948425,2.6547486782073975,0.16758985817432404
3,61,1.2058972120285034,1.17061185836792,0.03505049645900726,2.348080635070801,0.17131471633911133
3,62,1.1504955291748047,1.1044948101043701,0.045551598072052,4.491641044616699,0.15087464451789856
3,63,0.1459129899740219,0.1425771266222,0.003314737696200609,0.21126507222652435,0.1524639129638672
3,64,0.34769490361213684,0.33990150690078735,0.007756070699542761,0.37310704588890076,0.06140261888504028
3,65,0.02256842330098152,0.02239408530294895,0.00015181042545009404,0.22526244819164276,0.0028847360517829657
3,66,0.028357304632663727,0.028070157393813133,0.0002637270954437554,0.23420163989067078,0.006028424017131329
3,67,0.02071349136531353,0.020525062456727028,0.00016697021783329546,0.21459153294563293,0.002839625347405672
3,68,0.018810860812664032,0.018603764474391937,0.0001948551507666707,0.12240616232156754,0.04219333827495575
3,69,0.7081304788589478,0.6903544068336487,0.017606493085622787,1.6954612731933594,0.23748569190502167
3,70,1.065751552581787,1.0441826581954956,0.021409831941127777,1.5901515483856201,0.25151896476745605
3,71,0.4366112947463989,0.429218590259552,0.007345965132117271,0.46733781695365906,0.04552324116230011
3,72,0.026681669056415558,0.026430614292621613,0.00022833305411040783,0.22722728550434113,0.00571331474930048
3,73,1.4089263677597046,1.3725905418395996,0.03570933640003204,6.264622688293457,0.23601669073104858
3,74,0.4028894007205963,0.37791407108306885,0.024882055819034576,0.9328972697257996,0.07649526000022888
3,75,0.15176257491111755,0.14795427024364471,0.003792509203776717,0.15790025889873505,0.12175057083368301
3,76,0.016635645180940628,0.016440389677882195,0.00018307667050976306,0.12177123129367828,0.058870136737823486
3,77,0.016083570197224617,0.015907302498817444,0.00016409593808930367,0.12173297256231308,0.0580618754029274
3,78,0.3377716839313507,0.33000448346138,0.007727638818323612,0.3954617381095886,0.0500505231320858
3,79,0.9429341554641724,0.9143249988555908,0.028480462729930878,1.2866944074630737,0.2710762619972229
3,80,0.9261630773544312,0.8863366842269897,0.03970889002084732,1.1746357679367065,0.16035935282707214
3,81,0.4458560049533844,0.43437376618385315,0.011369285173714161,1.129548192024231,0.04326370358467102
3,82,0.02536460943520069,0.025117719545960426,0.0002347925619687885,0.12098447233438492,0.036856211721897125
3,83,0.053788404911756516,0.0530959889292717,0.0006650189752690494,0.27396219968795776,0.024413034319877625
3,84,0.6477264761924744,0.6291710138320923,0.018389105796813965,1.663610816001892,0.21011611819267273
3,85,0.9184851050376892,0.8871886134147644,0.03118186630308628,1.14616858959198,0.04981188476085663
3,86,0.4457465410232544,0.4384026527404785,0.007298516575247049,0.45350971817970276,0.02887434884905815
3,87,0.04915615916252136,0.04821610450744629,0.0009119549067690969,0.2809908986091614,0.02688816748559475
3,88,0.0202823206782341,0.02015841007232666,0.00010445188672747463,0.19458818435668945,0.004213433712720871
3,89,0.09190838038921356,0.0906219482421875,0.0012784714344888926,0.07954844832420349,0.03652046620845795
3,90,1.1017491817474365,1.051013469696045,0.050160642713308334,5.750406265258789,0.10804061591625214
3,91,0.4151027500629425,0.4041784107685089,0.010830949991941452,0.9339218139648438,0.04841591417789459
3,92,0.36238810420036316,0.3533362150192261,0.009007709100842476,0.4417307376861572,0.055960625410079956
3,93,0.9530565142631531,0.918067991733551,0.03470892459154129,2.79628849029541,0.8266437649726868
3,94,0.4300103783607483,0.4178761839866638,0.012045545503497124,0.8866591453552246,0.07007919251918793
3,95,0.8495155572891235,0.8160164952278137,0.03320840746164322,2.906479835510254,0.6755750179290771
3,96,0.23290680348873138,0.22738835215568542,0.005495037883520126,0.2340630739927292,0.05184188485145569
3,97,0.02687959372997284,0.02671484276652336,0.0001404237700626254,0.2432728260755539,0.0032838312909007072
3,98,0.020644303411245346,0.020521601662039757,0.00010076870967168361,0.21933376789093018,0.0030808739829808474
3,99,0.4282045066356659,0.42001527547836304,0.008157443255186081,0.31791606545448303,0.03615889698266983
3,100,1.2884184122085571,1.2481765747070312,0.0398777537047863,3.641005516052246,0.04907487332820892
4,1,1.106829285621643,1.0769448280334473,0.02961168810725212,2.728097438812256,0.2578061521053314
4,2,0.9373086094856262,0.9157179594039917,0.021468190476298332,1.2250690460205078,0.10125550627708435
4,3,1.2532684803009033,1.206634283065796,0.046264730393886566,3.6943607330322266,0.16412445902824402
4,4,0.026413867250084877,0.02629862166941166,9.210772259393707e-05,0.23138457536697388,0.0028358381241559982
4,5,0.4257524013519287,0.41644513607025146,0.00927463173866272,0.3264354169368744,0.07286810874938965
4,6,0.030519381165504456,0.030317258089780807,0.00018934324907604605,0.12778963148593903,0.1025562584400177
4,7,0.4911186695098877,0.4808064103126526,0.010263536125421524,0.4873482584953308,0.2738226354122162
4,8,0.20529991388320923,0.2003040909767151,0.004974266979843378,0.21565663814544678,0.03235522657632828
4,9,0.24463294446468353,0.23875975608825684,0.005852223373949528,0.20967315137386322,0.058408889919519424
4,10,1.1386524438858032,1.1012564897537231,0.03695273771882057,4.431662082672119,0.43168744444847107
4,11,0.022231079638004303,0.021865323185920715,0.00036508680204860866,0.00671182107180357,0.0034441612660884857
4,12,0.04068326577544212,0.040432680398225784,0.0002285948139615357,0.21990162134170532,0.007000058889389038
4,13,0.13860858976840973,0.1353854238986969,0.003202036488801241,0.21129201352596283,0.08278274536132812
4,14,0.37234726548194885,0.35376328229904175,0.018501222133636475,0.8275774717330933,0.03668597340583801
4,15,0.3979175388813019,0.39030659198760986,0.007587451487779617,0.2347065806388855,0.010406054556369781
4,16,0.4107862114906311,0.40282726287841797,0.007936774753034115,0.22185118496418,0.009725106880068779
4,17,0.16152235865592957,0.15850594639778137,0.002991137094795704,0.2527405917644501,0.05020561441779137
4,18,0.049237608909606934,0.04909244924783707,0.00013412846601568162,0.11029236763715744,0.016923677176237106
4,19,0.06633256375789642,0.06574855744838715,0.0005593035602942109,0.24707859754562378,0.018733825534582138
4,20,0.4594879746437073,0.45275309681892395,0.0067057423293590546,0.29148563742637634,0.014502720907330513
4,21,0.12503965198993683,0.1227342039346695,0.0022949224803596735,0.1052742525935173,0.05191043019294739
4,22,0.37679368257522583,0.3692709505558014,0.0075005171820521355,0.22201012074947357,0.01572626829147339
4,23,0.40799078345298767,0.4012138247489929,0.0067513748072087765,0.25582438707351685,0.02520391158759594
4,24,0.3610655963420868,0.34562334418296814,0.015371110290288925,0.7112872004508972,0.028225334361195564
4,25,0.4557238519191742,0.4400806427001953,0.015578802675008774,0.6441200375556946,0.0602455697953701
4,26,0.8357669711112976,0.8207312822341919,0.014915833249688148,1.1983932256698608,0.26722094416618347
4,27,0.06501397490501404,0.06475690752267838,0.00023123790742829442,0.258279025554657,0.005134608596563339
4,28,0.07032788544893265,0.07009541243314743,0.0002063528954749927,0.2612413763999939,0.005074799992144108
4,29,0.05408243089914322,0.05395995080471039,9.905182378133759e-05,0.23427604138851166,0.0029358407482504845
4,30,0.045328110456466675,0.045190900564193726,0.00011292812996543944,0.24282783269882202,0.002924279309809208
4,31,0.46381130814552307,0.45572996139526367,0.008052840828895569,0.28511789441108704,0.06045554578304291
4,32,0.3739220201969147,0.3655956983566284,0.008305404335260391,0.20911099016666412,0.03724917769432068
4,33,0.22333775460720062,0.21900685131549835,0.004311751574277878,0.19143909215927124,0.022495651617646217
4,34,1.0426219701766968,1.002610206604004,0.03966941684484482,3.424217939376831,0.13288025557994843
4,35,0.13285931944847107,0.1303902566432953,0.0024533115793019533,0.15755847096443176,0.09011071175336838
4,36,0.3945566415786743,0.38646650314331055,0.008066299371421337,0.23844067752361298,0.024437880143523216
4,37,0.49802690744400024,0.48256760835647583,0.015343721956014633,1.1556521654129028,0.04912465065717697
4,38,0.14322760701179504,0.1406320035457611,0.0025798059068620205,0.1579994112253189,0.07713115960359573
4,39,0.5076231956481934,0.4900531768798828,0.017499078065156937,0.7095018029212952,0.05283046513795853
4,40,0.4442593455314636,0.43707963824272156,0.007125961594283581,0.5372450947761536,0.030049465596675873
4,41,0.14321258664131165,0.1407576948404312,0.0024434183724224567,0.11477791517972946,0.07351292669773102
4,42,0.9252461791038513,0.8982900381088257,0.026855360716581345,1.0080159902572632,0.10715514421463013
4,43,0.378241628408432,0.3609292507171631,0.01722685620188713,0.8552343249320984,0.05140165984630585
4,44,0.04503883048892021,0.04489348083734512,0.0001246545580215752,0.20694556832313538,0.004617268219590187
4,45,0.19460807740688324,0.1915263831615448,0.0030696834437549114,0.12004346400499344,0.009976156055927277
4,46,0.14054417610168457,0.13775277137756348,0.00277901953086257,0.12386851757764816,0.08471457660198212
4,47,1.1372227668762207,1.1056320667266846,0.031350985169410706,2.3972907066345215,0.2239094227552414
4,48,1.1721575260162354,1.137835144996643,0.03408738225698471,2.3495912551879883,0.21133311092853546
4,49,0.7383278012275696,0.7243381142616272,0.013926981948316097,0.6268596053123474,0.09815762937068939
4,50,0.02935938723385334,0.029222816228866577,0.00011635372356977314,0.20218071341514587,0.00412415387108922
4,51,0.44133368134498596,0.4333292245864868,0.007931999862194061,0.7245258688926697,0.028386909514665604
4,52,0.36975228786468506,0.35539117455482483,0.014296450652182102,0.6468126773834229,0.03342655301094055
4,53,0.5006442666053772,0.49460577964782715,0.005987473763525486,0.5101189017295837,0.03220321238040924
4,54,0.6775821447372437,0.6634618639945984,0.01400114968419075,1.1915717124938965,0.2140437364578247
4,55,0.025512605905532837,0.025361482053995132,0.000128571133245714,0.22552882134914398,0.008368190377950668
4,56,1.1446176767349243,1.1084152460098267,0.03579600900411606,4.0642852783203125,0.12223182618618011
4,57,0.8577605485916138,0.8320246338844299,0.025511639192700386,2.243114709854126,0.5327872037887573
4,58,0.4454251527786255,0.43647488951683044,0.008847766555845737,1.0247623920440674,0.05941087007522583
4,59,0.8024957776069641,0.7878515124320984,0.01458161324262619,0.6261802911758423,0.13343346118927002
4,60,0.0548146553337574,0.054087359458208084,0.0006984035135246813,0.2889353930950165,0.01986835151910782
4,61,0.6861811280250549,0.6708993315696716,0.01512941811233759,1.5232481956481934,0.24263611435890198
4,62,0.9802653789520264,0.9556726217269897,0.02435005083680153,2.4270148277282715,0.4329768419265747
4,63,0.2300150841474533,0.22523945569992065,0.004758906550705433,0.16725954413414001,0.034557849168777466
4,64,0.5097925066947937,0.5016509294509888,0.008065653964877129,0.7595424652099609,0.05281781405210495
4,65,0.028993623331189156,0.028787169605493546,0.000182166084414348,0.2428644299507141,0.005256579257547855
4,66,0.024386782199144363,0.024232514202594757,0.00013053527800366282,0.237327441573143,0.0031813043169677258
4,67,0.01978250965476036,0.019605077803134918,0.00016649696044623852,0.10936469584703445,0.06640583276748657
4,68,0.021854888647794724,0.02170400694012642,0.0001272006193175912,0.23680999875068665,0.0028573547024279833
4,69,0.39642900228500366,0.3871001601219177,0.009302817285060883,0.2602801024913788,0.029141563922166824
4,70,0.014548636972904205,0.014381765387952328,0.00015562964836135507,0.112417072057724,0.058625563979148865
4,71,0.1998635083436966,0.19635216891765594,0.00349518284201622,0.1615692675113678,0.01451190747320652
4,72,0.2446797788143158,0.2396811991930008,0.004976077936589718,0.22498071193695068,0.03059282898902893
4,73,0.02143252268433571,0.021033283323049545,0.00039838417433202267,0.008557350374758244,0.004843156784772873
4,74,0.034369394183158875,0.03408769890666008,0.00025677960366010666,0.24916228652000427,0.006715124938637018
4,75,0.03703474998474121,0.03657772019505501,0.00043082330375909805,0.26207584142684937,0.011543059721589088
4,76,0.021502884104847908,0.02138935774564743,9.137830784311518e-05,0.2214808166027069,0.003536736126989126
4,77,0.025355905294418335,0.025169935077428818,0.000161085365107283,0.24884529411792755,0.00382361002266407
4,78,0.014198374934494495,0.014028538949787617,0.00015785361756570637,0.11982046067714691,0.05882614478468895
4,79,0.9062415361404419,0.8858453035354614,0.020280148833990097,1.1612783670425415,0.12202420085668564
4,80,0.027173588052392006,0.026926156133413315,0.0002210495586041361,0.26382362842559814,0.006040767300873995
4,81,0.9210495352745056,0.8921523094177246,0.028649987652897835,2.4723031520843506,0.5338543653488159
4,82,1.198293924331665,1.1548141241073608,0.043123871088027954,3.5592868328094482,0.16316980123519897
4,83,0.46832045912742615,0.46020781993865967,0.008042735978960991,0.6992632150650024,0.05405405908823013
4,84,0.14654694497585297,0.1434686779975891,0.0030597324948757887,0.1854064017534256,0.12155242264270782
4,85,0.45084625482559204,0.4335905909538269,0.01718113198876381,0.7452218532562256,0.07724396884441376
4,86,0.3423543870449066,0.3350224494934082,0.007289068773388863,0.42868682742118835,0.037092503160238266
4,87,0.9943228960037231,0.9663329124450684,0.02767043001949787,3.1952497959136963,0.13394558429718018
4,88,0.25391167402267456,0.24883206188678741,0.005059166811406612,0.20458655059337616,0.04380044341087341
4,89,0.01055933814495802,0.010510842315852642,2.8051175831933506e-05,0.204444020986557,0.0023200572468340397
4,90,0.37237969040870667,0.3639991879463196,0.008355643600225449,0.24845318496227264,0.0319911390542984
4,91,0.01637120172381401,0.01613776758313179,0.00022081693168729544,0.1261846423149109,0.06358899921178818
4,92,0.0497623048722744,0.048929885029792786,0.0007989993318915367,0.33417901396751404,0.02100643515586853
4,93,0.04937751591205597,0.04848678037524223,0.0008571858052164316,0.335512638092041,0.02426399476826191
4,94,0.01548126619309187,0.01536872610449791,8.890526078175753e-05,0.23634901642799377,0.0031020385213196278
4,95,0.3863261044025421,0.3770042657852173,0.009295541793107986,0.2629846930503845,0.02866554446518421
4,96,0.470000684261322,0.4549916088581085,0.01495063304901123,0.5843660831451416,0.0558713935315609
4,97,1.0661060810089111,1.0418782234191895,0.023951008915901184,2.7682952880859375,0.12253925204277039
4,98,0.02752816118299961,0.027314845472574234,0.0001878300099633634,0.2548743486404419,0.006099258083850145
4,99,0.01904328726232052,0.018752895295619965,0.000277634069789201,0.12757508456707,0.03996092826128006
4,100,0.24336303770542145,0.2389795333147049,0.004363988526165485,0.19521471858024597,0.03607641160488129
5,1,0.15074804425239563,0.14734415709972382,0.003382248803973198,0.21642892062664032,0.12817993760108948
5,2,0.01744827814400196,0.017326951026916504,9.832090290728956e-05,0.23005127906799316,0.0032073678448796272
5,3,0.3619067668914795,0.3523399531841278,0.00954144075512886,0.25374680757522583,0.037217527627944946
5,4,0.38975051045417786,0.3711557388305664,0.0185104813426733,0.8428364396095276,0.06254636496305466
5,5,0.4274674355983734,0.418442964553833,0.008924907073378563,0.9956884980201721,0.05981232225894928
5,6,0.015719609335064888,0.015616003423929214,8.070541662164032e-05,0.229005828499794,0.0032932439353317022
5,7,0.38119983673095703,0.36517590284347534,0.0159450676292181,0.7886683344841003,0.04679689556360245
5,8,1.0590965747833252,1.0320959091186523,0.02672799862921238,2.7265748977661133,0.17873090505599976
5,9,0.4812075197696686,0.4654880464076996,0.015645861625671387,0.7361699938774109,0.07936502248048782
5,10,0.9411566853523254,0.9167919754981995,0.02427019737660885,0.9454147815704346,0.08419063687324524
5,11,0.023787986487150192,0.023634836077690125,0.0001293593377340585,0.23791508376598358,0.0036046169698238373
5,12,0.2049289345741272,0.2015194296836853,0.0033949650824069977,0.1455082893371582,0.01427756529301405
5,13,0.12924012541770935,0.12606431543827057,0.003154878970235586,0.20931395888328552,0.1038585901260376
5,14,1.2703739404678345,1.2405394315719604,0.02938554435968399,4.489112854003906,0.13450635969638824
5,15,0.022355543449521065,0.02224147878587246,9.295224299421534e-05,0.21113061904907227,0.003388128476217389
5,16,0.9231927394866943,0.8985112309455872,0.024452079087495804,2.2942140102386475,0.6035081148147583
5,17,0.13038292527198792,0.12759822607040405,0.002770179882645607,0.14518579840660095,0.08745361864566803
5,18,0.3872823417186737,0.3797381818294525,0.007520786486566067,0.2337314784526825,0.01853073574602604
5,19,0.43055352568626404,0.4218895435333252,0.008588507771492004,0.7549667954444885,0.03925849869847298
5,20,0.01724228635430336,0.017122913151979446,9.701236558612436e-05,0.2236112654209137,0.003178507089614868
5,21,0.7016958594322205,0.6857446432113647,0.0158848837018013,0.6633628010749817,0.11981218308210373
5,22,0.4937756359577179,0.4760749936103821,0.01761389896273613,0.8675792217254639,0.09959100186824799
5,23,0.04949681833386421,0.04879281669855118,0.0006727327709086239,0.31269341707229614,0.024722687900066376
5,24,0.8995199203491211,0.8804863095283508,0.018870539963245392,1.6305204629898071,0.3201637864112854
5,25,0.7162163853645325,0.6983752250671387,0.017770912498235703,0.7027309536933899,0.11061897873878479
5,26,0.39949941635131836,0.3978702425956726,0.0016227361047640443,0.06423497945070267,0.014488130807876587
5,27,0.14528676867485046,0.14194843173027039,0.003315848996862769,0.2249211072921753,0.12589044868946075
5,28,1.1878979206085205,1.1540738344192505,0.033319760113954544,5.043680667877197,0.21970824897289276
5,29,0.9142032861709595,0.8882209658622742,0.02572726085782051,2.550255298614502,0.20404797792434692
5,30,0.5091986656188965,0.5006247758865356,0.008489862084388733,0.8406431674957275,0.05633998662233353
5,31,0.016333680599927902,0.016135552898049355,0.0001857117604231462,0.12416800111532211,0.07668702304363251
5,32,0.2572154402732849,0.25551241636276245,0.0016944772796705365,0.08555896580219269,0.018473710864782333
5,33,1.009010910987854,0.9837352633476257,0.02502945065498352,2.461538791656494,0.26427486538887024
5,34,0.4379560053348541,0.42780542373657227,0.010041586123406887,1.0897777080535889,0.05471428111195564
5,35,0.02372278831899166,0.023529015481472015,0.00016697903629392385,0.2679447829723358,0.003977804444730282
5,36,0.030393296852707863,0.03015504777431488,0.00021056804689578712,0.27680703997612,0.008056744933128357
5,37,0.39148223400115967,0.3819500803947449,0.009503704495728016,0.28460070490837097,0.032913677394390106
5,38,0.6671020984649658,0.6476094722747803,0.01932031288743019,1.723207950592041,0.3018836975097656
5,39,0.9952844977378845,0.9601199626922607,0.03483087942004204,3.336653232574463,0.7512563467025757
5,40,0.8686331510543823,0.844169557094574,0.0243849977850914,0.7862681150436401,0.06138618662953377
5,41,0.7536076307296753,0.7348741888999939,0.01864418014883995,0.8928767442703247,0.06098077446222305
5,42,0.027532028034329414,0.02737889625132084,0.00012903180322609842,0.24100510776042938,0.004553481005132198
5,43,0.4761786162853241,0.4660463333129883,0.010002586990594864,1.296861171722412,0.02028583362698555
5,44,0.4213842451572418,0.41426849365234375,0.0070776259526610374,0.38115668296813965,0.016840413212776184
5,45,1.0316249132156372,1.0042996406555176,0.027047934010624886,2.7725679874420166,0.31808075308799744
5,46,0.8933535218238831,0.8773128986358643,0.015952110290527344,0.8852565288543701,0.05119539797306061
5,47,0.04340334236621857,0.04273742809891701,0.0006342723499983549,0.31641295552253723,0.01987542398273945
5,48,0.43809133768081665,0.4215122163295746,0.016509898006916046,0.6921976804733276,0.05422069877386093
5,49,0.023367324844002724,0.02324087545275688,0.00010045920498669147,0.2599032521247864,0.0028880834579467773
5,50,0.3484792113304138,0.3419036865234375,0.00654008612036705,0.35420989990234375,0.06339612603187561
5,51,1.1216305494308472,1.0821412801742554,0.03899691253900528,4.923760890960693,0.22810965776443481
5,52,0.9460892677307129,0.918952226638794,0.02687360718846321,2.6345412731170654,0.7675895690917969
5,53,0.9161782264709473,0.8965059518814087,0.019561272114515305,1.1097495555877686,0.22095170617103577
5,54,0.04881059750914574,0.048121750354766846,0.0006541292532347143,0.3471996486186981,0.01932094432413578
5,55,0.2093013972043991,0.20482492446899414,0.004459172487258911,0.17301882803440094,0.03312860429286957
5,56,0.7407335042953491,0.7269636392593384,0.013703446835279465,0.6641348600387573,0.09889048337936401
5,57,0.3552749454975128,0.3489132523536682,0.006316361017525196,0.4532914161682129,0.04067786782979965
5,58,0.40719595551490784,0.39948561787605286,0.0076423767022788525,0.6795662045478821,0.03982798010110855
5,59,0.5969624519348145,0.5913114547729492,0.005590235814452171,0.6075804233551025,0.032301969826221466
5,60,0.4702165126800537,0.45709002017974854,0.01307589840143919,0.50618976354599,0.02005087584257126
5,61,0.9476109743118286,0.9340859651565552,0.0134433563798666,0.8162968754768372,0.06494971364736557
5,62,0.029427818953990936,0.02916649729013443,0.00023366758250631392,0.2765440344810486,0.005723414942622185
5,63,0.6207125782966614,0.6073877811431885,0.013196705840528011,1.2811487913131714,0.2271653413772583
5,64,0.49174848198890686,0.48399221897125244,0.007688615471124649,0.6765182018280029,0.07806384563446045
5,65,0.20051461458206177,0.19650286436080933,0.003996131010353565,0.15619634091854095,0.03413631021976471
5,66,0.05224291980266571,0.05159644037485123,0.0006130614783614874,0.3342021703720093,0.020553339272737503
5,67,0.8412052989006042,0.8238672018051147,0.017194675281643867,1.4343582391738892,0.34561580419540405
5,68,0.19887088239192963,0.19489438831806183,0.00396095123142004,0.15546458959579468,0.02609337493777275
5,69,0.42363041639328003,0.412099689245224,0.011506597511470318,0.24138866364955902,0.07136249542236328
5,70,0.02458365075290203,0.0244474895298481,0.0001108953365474008,0.2526684105396271,0.0024677133187651634
5,71,0.944538414478302,0.9184120893478394,0.026038076728582382,0.8827289342880249,0.18935686349868774
5,72,1.1757490634918213,1.1437948942184448,0.03168980032205582,2.6446244716644287,0.23608621954917908
5,73,0.02080688439309597,0.02066844515502453,0.0001156457292381674,0.22792589664459229,0.002779138507321477
5,74,0.14728210866451263,0.144027978181839,0.003242554608732462,0.11578977853059769,0.11655004322528839
5,75,0.3905353248119354,0.38188934326171875,0.008620338514447212,0.2562819719314575,0.032496001571416855
5,76,0.38344210386276245,0.3663729429244995,0.01699521765112877,0.7392955422401428,0.06927376240491867
5,77,1.263347864151001,1.2338035106658936,0.02929203025996685,2.5234251022338867,0.09098613262176514
5,78,1.185952067375183,1.162522315979004,0.02305634692311287,3.733743667602539,0.09969764947891235
5,79,0.4172806143760681,0.4112056493759155,0.006051049567759037,0.23897063732147217,0.016897935420274734
5,80,0.41428855061531067,0.40773412585258484,0.006526615470647812,0.27798908948898315,0.015710650011897087
5,81,0.4493948519229889,0.4430115222930908,0.006339230574667454,0.4411168694496155,0.03226783126592636
5,82,0.4882544279098511,0.4706566333770752,0.017519528046250343,0.7826313376426697,0.09827591478824615
5,83,0.211073100566864,0.2083907127380371,0.002669853623956442,0.1253361701965332,0.004903937689960003
5,84,0.45840659737586975,0.452524870634079,0.005815357901155949,0.6637858152389526,0.029365990310907364
5,85,0.04130677506327629,0.04107429087162018,0.00021363041014410555,0.18854878842830658,0.00704260915517807
5,86,0.3729122281074524,0.36596766114234924,0.00692543713375926,0.19124683737754822,0.013434089720249176
5,87,1.019183874130249,0.9922948479652405,0.026489712297916412,3.9932422637939453,0.17954394221305847
5,88,0.39179903268814087,0.38377809524536133,0.007998034358024597,0.2287999540567398,0.023290367797017097
5,89,0.45721134543418884,0.4470531940460205,0.01002161018550396,1.3653981685638428,0.05547334998846054
5,90,0.4521903395652771,0.44246238470077515,0.00959838554263115,1.2959002256393433,0.054788827896118164
5,91,1.0368921756744385,1.0111565589904785,0.025417353957891464,3.1826000213623047,0.19130289554595947
5,92,0.23111775517463684,0.22691208124160767,0.004190213046967983,0.15468788146972656,0.02742037922143936
5,93,0.9692071676254272,0.9426575899124146,0.026264449581503868,2.8512003421783447,0.46003758907318115
5,94,0.2189086526632309,0.2156502902507782,0.0032412013970315456,0.17164510488510132,0.013530746102333069
5,95,0.36589956283569336,0.3503095507621765,0.015514683909714222,0.7533209919929504,0.0443451963365078
5,96,0.18736571073532104,0.18478617072105408,0.0025697622913867235,0.09776661545038223,0.010728388093411922
5,97,0.40308111906051636,0.39658039808273315,0.006474209949374199,0.2652750015258789,0.038961876183748245
5,98,0.4826934337615967,0.46641305088996887,0.01619727537035942,0.8313202857971191,0.07330416887998581
5,99,1.072716236114502,1.0511775016784668,0.021344127133488655,1.9452954530715942,0.26241394877433777
5,100,1.0728342533111572,1.0493974685668945,0.02317330241203308,2.6347453594207764,0.3033389449119568
6,1,0.39367857575416565,0.38444626331329346,0.009211663156747818,0.20639877021312714,0.040359340608119965
6,2,1.1552832126617432,1.1209344863891602,0.03379497304558754,5.537778854370117,0.2878304719924927
6,3,0.16134610772132874,0.15746714174747467,0.003857701551169157,0.21260561048984528,0.17696382105350494
6,4,0.5239765048027039,0.5014830827713013,0.022397160530090332,0.9627734422683716,0.15359219908714294
6,5,0.924868106842041,0.896710991859436,0.02786385640501976,2.9326250553131104,0.4677165746688843
6,6,0.338619589805603,0.33192622661590576,0.006655523553490639,0.37859177589416504,0.04398059844970703
6,7,0.9374803304672241,0.9137447476387024,0.023482507094740868,2.530848503112793,0.35483455657958984
6,8,0.4247948229312897,0.4184032678604126,0.006339072249829769,0.5249264240264893,0.03466489166021347
6,9,0.028009342029690742,0.027777627110481262,0.0002081027050735429,0.23613417148590088,0.006441263481974602
6,10,1.1876558065414429,1.1425116062164307,0.04466962441802025,4.7451491355896,0.11528743803501129
6,11,0.8612048029899597,0.8368841409683228,0.024110279977321625,2.1040492057800293,0.2877410650253296
6,12,0.35766980051994324,0.3516203761100769,0.006032871548086405,0.16526679694652557,0.015624677762389183
6,13,0.19714948534965515,0.19457530975341797,0.0025628432631492615,0.11318908631801605,0.009223384782671928
6,14,0.9121093153953552,0.8881968259811401,0.02377251908183098,1.3993667364120483,0.16063937544822693
6,15,0.46021804213523865,0.45053499937057495,0.009549353271722794,1.3368011713027954,0.059532321989536285
6,16,0.015783900395035744,0.015627603977918625,0.00014446336717810482,0.1183403730392456,0.05591363459825516
6,17,0.7003870010375977,0.6761065721511841,0.02396140992641449,3.189785957336426,0.3491356372833252
6,18,0.790850818157196,0.7699636220932007,0.02078041061758995,1.067940592765808,0.14071965217590332
6,19,0.14091293513774872,0.13734829425811768,0.003541958052664995,0.22680290043354034,0.10828734934329987
6,20,0.4171341061592102,0.4114263653755188,0.005681212991476059,0.2652212381362915,0.0196002759039402
6,21,0.4167444109916687,0.41028010845184326,0.006426535546779633,0.37769827246665955,0.018797844648361206
6,22,0.3961128890514374,0.38936907052993774,0.006723491474986076,0.20333120226860046,0.016442250460386276
6,23,0.4336833357810974,0.4256095290184021,0.007967481389641762,1.0632314682006836,0.036293625831604004
6,24,0.41732990741729736,0.4101800322532654,0.007055183872580528,0.9467431306838989,0.04017461836338043
6,25,0.45318204164505005,0.4464445114135742,0.0066581713035702705,0.7936670780181885,0.04164964705705643
6,26,0.9469497799873352,0.9202995300292969,0.026533756405115128,1.1646009683609009,0.09326355159282684
6,27,0.428434282541275,0.420507550239563,0.007834671065211296,0.9204619526863098,0.05799734964966774
6,28,0.3982262909412384,0.3912394046783447,0.00696595199406147,0.20929986238479614,0.031098220497369766
6,29,0.32573750615119934,0.3198757469654083,0.005831946153193712,0.29802605509757996,0.044722527265548706
6,30,0.016484858468174934,0.016357339918613434,0.00010448369721416384,0.23036149144172668,0.0029079494997859
6,31,0.4523313343524933,0.4330560863018036,0.019185954704880714,0.8928315043449402,0.046657923609018326
6,32,0.2118910402059555,0.20917758345603943,0.002701421268284321,0.12038060277700424,0.014246657490730286
6,33,0.13485142588615417,0.13228824734687805,0.002553271595388651,0.09909860789775848,0.08995621651411057
6,34,0.870613694190979,0.8471558094024658,0.02338496968150139,0.7289959192276001,0.09233853220939636
6,35,0.021134205162525177,0.020969156175851822,0.00014013693726155907,0.24913355708122253,0.0026501037646085024
6,36,0.026126263663172722,0.02589450776576996,0.00020635739201679826,0.25399211049079895,0.0060863494873046875
6,37,0.472116619348526,0.45369285345077515,0.018345294520258904,0.7847216129302979,0.05386419594287872
6,38,1.2713255882263184,1.2292349338531494,0.041715338826179504,3.752469778060913,0.17103779315948486
6,39,0.019489532336592674,0.01944250613451004,4.498230555327609e-05,0.020436253398656845,0.008205530233681202
6,40,0.4080159068107605,0.4022373557090759,0.005715192295610905,0.6334953904151917,0.058324117213487625
6,41,0.41329076886177063,0.40735238790512085,0.005905489902943373,0.3289976418018341,0.04137558862566948
6,42,0.1322866678237915,0.12963184714317322,0.002639271318912506,0.1555640995502472,0.12482638657093048
6,43,0.3316937983036041,0.32595330476760864,0.005709366872906685,0.31121644377708435,0.04817742481827736
6,44,0.19659724831581116,0.19397135078907013,0.002613786142319441,0.121073879301548,0.013152221217751503
6,45,0.38980361819267273,0.382621169090271,0.0071649691089987755,0.17480875551700592,0.03038136474788189
6,46,1.0465120077133179,1.0144245624542236,0.03153663128614426,5.508476734161377,0.18940675258636475
6,47,0.3326224088668823,0.3273811340332031,0.005211676936596632,0.295981764793396,0.036972224712371826
6,48,0.7931295037269592,0.7794499397277832,0.013616083189845085,0.6346371173858643,0.12232120335102081
6,49,0.20552796125411987,0.2028326690196991,0.0026817102916538715,0.13577526807785034,0.0126945860683918
6,50,1.2843514680862427,1.2508947849273682,0.03282633423805237,6.3041157722473145,0.182316392660141
6,51,0.2485213279724121,0.24466116726398468,0.0038422802463173866,0.17887721955776215,0.03265024721622467
6,52,0.8671634197235107,0.8492367267608643,0.017841225489974022,0.8548552393913269,0.1467563509941101
6,53,0.1449805051088333,0.14148512482643127,0.003472368698567152,0.2301121950149536,0.125559464097023
6,54,1.0382070541381836,0.9902203679084778,0.04740428179502487,5.823981285095215,0.16098693013191223
6,55,0.13380825519561768,0.13101713359355927,0.002781621878966689,0.09503423422574997,0.07368751615285873
6,56,0.6733130812644958,0.6549357175827026,0.018202368170022964,1.7499207258224487,0.28109073638916016
6,57,0.4782702624797821,0.46094387769699097,0.017199384048581123,1.2698599100112915,0.07173380255699158
6,58,0.9178160429000854,0.8947014808654785,0.023034721612930298,0.7988678812980652,0.08369698375463486
6,59,1.0139107704162598,0.9824445247650146,0.03112730383872986,3.3895633220672607,0.6065691113471985
6,60,0.3438078463077545,0.33442223072052,0.009322477504611015,0.6315999627113342,0.05215835943818092
6,61,0.9775457978248596,0.9403183460235596,0.0368342325091362,3.9318971633911133,0.07461448013782501
6,62,0.36404192447662354,0.35867995023727417,0.005321291740983725,0.40668854117393494,0.02531556598842144
6,63,0.3385706841945648,0.3328813910484314,0.005656608380377293,0.32685402035713196,0.02482321485877037
6,64,0.3446919023990631,0.33245235681533813,0.01218668557703495,0.5287259817123413,0.014058372005820274
6,65,0.02151426300406456,0.0214132908731699,8.134629752021283e-05,0.19626536965370178,0.0025288998149335384
6,66,0.3575551211833954,0.3449293076992035,0.01257267501205206,0.5314300656318665,0.02056780457496643
6,67,0.4027259647846222,0.3971344828605652,0.005570581648498774,0.20882128179073334,0.03333184868097305
6,68,1.020271897315979,0.9774656891822815,0.042360879480838776,4.4533610343933105,0.12844184041023254
6,69,0.7232434153556824,0.7088098526000977,0.014362996444106102,0.7057902216911316,0.10701702535152435
6,70,0.9443610906600952,0.9234960079193115,0.02078319527208805,0.8191532492637634,0.11134400963783264
6,71,0.46448129415512085,0.449282705783844,0.01512906327843666,0.6953606605529785,0.08590249717235565
6,72,0.047874268144369125,0.047182898968458176,0.0006643845117650926,0.26984283328056335,0.01916240155696869
6,73,0.6379194259643555,0.6245298385620117,0.01325163058936596,1.379919171333313,0.22060063481330872
6,74,0.24031706154346466,0.2369050532579422,0.0033975024707615376,0.14495480060577393,0.04405254125595093
6,75,0.9500821828842163,0.9308698773384094,0.019142240285873413,0.7007066607475281,0.06432124972343445
6,76,0.36596277356147766,0.360047847032547,0.005859987810254097,0.5493225455284119,0.050146132707595825
6,77,0.13747742772102356,0.13518133759498596,0.002286285161972046,0.09805376827716827,0.08444979041814804
6,78,0.02791709266602993,0.02770642191171646,0.00018663167429622263,0.24038781225681305,0.005308707244694233
6,79,0.35193097591400146,0.34594422578811646,0.005949873477220535,0.36855366826057434,0.04957285895943642
6,80,1.2838832139968872,1.2515335083007812,0.031953271478414536,3.964988946914673,0.1075904369354248
6,81,0.014219613745808601,0.014089955016970634,0.0001199066246044822,0.09752176702022552,0.04909420758485794
6,82,0.1257873773574829,0.12318666279315948,0.002591858385130763,0.08848164975643158,0.07208892703056335
6,83,0.34107908606529236,0.3348045349121094,0.006232843268662691,0.41686150431632996,0.04950929060578346
6,84,0.3692215383052826,0.3628937602043152,0.006309648975729942,0.18114306032657623,0.03333606570959091
6,85,1.2381882667541504,1.202616810798645,0.03481009230017662,7.614307880401611,0.18406876921653748
6,86,0.4491790235042572,0.44327017664909363,0.005856978707015514,0.5186053514480591,0.049056246876716614
6,87,0.4384242594242096,0.4290940761566162,0.00921609252691269,1.1409722566604614,0.05880216509103775
6,88,0.3451264798641205,0.33855950832366943,0.0065158335492014885,0.511293888092041,0.05075811594724655
6,89,0.2786532938480377,0.2752777636051178,0.0033460240811109543,0.29489850997924805,0.038164637982845306
6,90,1.0243496894836426,0.9956504702568054,0.02859913930296898,1.0017203092575073,0.17833110690116882
6,91,0.942246675491333,0.9151482582092285,0.02700337953865528,0.9499172568321228,0.14232084155082703
6,92,0.43417972326278687,0.4285712242126465,0.00555405393242836,0.5444190502166748,0.045223869383335114
6,93,1.0759180784225464,1.0453083515167236,0.030019860714673996,5.898434162139893,0.16224423050880432
6,94,0.03144439309835434,0.031342051923274994,8.317265746882185e-05,0.19169241189956665,0.003261083737015724
6,95,0.1459140181541443,0.14295294880867004,0.0029424945823848248,0.18574750423431396,0.07775051891803741
6,96,1.0105259418487549,0.9831908941268921,0.027034331113100052,3.0075228214263916,0.20702344179153442
6,97,0.6767562627792358,0.6641683578491211,0.012533515691757202,0.5436806678771973,0.04623088240623474
6,98,0.7307047843933105,0.7153798937797546,0.01525813713669777,0.6674669981002808,0.0652947723865509
6,99,0.018005484715104103,0.017870478332042694,0.00012580609472934157,0.09199996292591095,0.029812388122081757
6,100,0.02703290805220604,0.026929084211587906,8.448364678770304e-05,0.1933944672346115,0.003072506282478571
7,1,0.6672956943511963,0.6522786617279053,0.01495329663157463,0.6372630596160889,0.09578271210193634
7,2,0.20364464819431305,0.2010052353143692,0.0026256670244038105,0.13736078143119812,0.01783118024468422
7,3,0.999055027961731,0.9590970277786255,0.03954261541366577,4.1538801193237305,0.917577862739563
7,4,0.035701245069503784,0.035458117723464966,0.000219872803427279,0.23254595696926117,0.006179064977914095
7,5,0.14280518889427185,0.1403605341911316,0.002433793619275093,0.10865820944309235,0.07882408797740936
7,6,0.9423274993896484,0.9136010408401489,0.028488628566265106,2.3780078887939453,0.08052114397287369
7,7,0.044799502938985825,0.04418807104229927,0.0005848626606166363,0.26567137241363525,0.01948961429297924
7,8,0.017363375052809715,0.01726228930056095,8.068130409810692e-05,0.20404939353466034,0.0028926758095622063
7,9,0.5958907604217529,0.5848180055618286,0.010969488881528378,1.0327634811401367,0.1274438202381134
7,10,0.33363157510757446,0.3279435634613037,0.005657075438648462,0.3092120289802551,0.0691164880990982
7,11,0.7136485576629639,0.702965497970581,0.01063351146876812,0.4953872859477997,0.04408250004053116
7,12,1.2188230752944946,1.1901421546936035,0.02820872887969017,4.721550941467285,0.0991772711277008
7,13,0.031074605882167816,0.030799126252532005,0.00025032571284100413,0.25153493881225586,0.0063149891793727875
7,14,0.01452240627259016,0.014377031475305557,0.00013413536362349987,0.11238784343004227,0.05838294327259064
7,15,0.13605599105358124,0.1337020844221115,0.0023445021361112595,0.09398724138736725,0.08712950348854065
7,16,0.03624437004327774,0.035641349852085114,0.0006017234991304576,0.012968658469617367,0.027739614248275757
7,17,0.5437609553337097,0.5366052389144897,0.0070744166150689125,0.813088059425354,0.0763966292142868
7,18,0.03413677215576172,0.03390885889530182,0.00020150192722212523,0.2641083896160126,0.005859902128577232
7,19,0.5576537847518921,0.5412322282791138,0.016368668526411057,0.5289194583892822,0.17434391379356384
7,20,0.91437828540802,0.8994072675704956,0.014886002987623215,0.8500459790229797,0.21602767705917358
7,21,0.8897221684455872,0.8747081756591797,0.01493639312684536,0.7759530544281006,0.16860678791999817
7,22,0.9615283608436584,0.9373999834060669,0.02388853207230568,2.398782730102539,0.3122982978820801
7,23,1.2190207242965698,1.1873629093170166,0.031367816030979156,2.9004783630371094,0.12844669818878174
7,24,0.43804702162742615,0.4315052628517151,0.006517648696899414,0.24103592336177826,0.046135421842336655
7,25,0.9298184514045715,0.9102113246917725,0.019529854878783226,0.7724130153656006,0.06897309422492981
7,26,0.1490611881017685,0.14578452706336975,0.003254595212638378,0.22067196667194366,0.14427289366722107
7,27,0.9160231351852417,0.893399715423584,0.022454556077718735,1.6883113384246826,0.09375938773155212
7,28,0.021811706945300102,0.0215216763317585,0.00028943229699507356,0.005981541238725185,0.00574764609336853
7,29,0.37311992049217224,0.36698710918426514,0.006117693148553371,0.15118031203746796,0.021428056061267853
7,30,0.0274512842297554,0.027345912531018257,8.685326611157507e-05,0.18518227338790894,0.003032128093764186
7,31,0.721286952495575,0.707740068435669,0.01348540373146534,0.6142870187759399,0.07858733832836151
7,32,0.36724692583084106,0.35467734932899475,0.012498404830694199,0.711754322052002,0.02827422320842743
7,33,0.1362382024526596,0.13375693559646606,0.0024725645780563354,0.08699686825275421,0.06708431243896484
7,34,0.6546823382377625,0.648141622543335,0.006520143710076809,0.2054820954799652,0.07096661627292633
7,35,0.9972063302993774,0.9833760261535645,0.01370059885084629,1.2971197366714478,0.12813591957092285
7,36,0.23292380571365356,0.22967581450939178,0.0032347775995731354,0.13210535049438477,0.04058152437210083
7,37,0.38183367252349854,0.37609291076660156,0.005724618211388588,0.1616113781929016,0.034109652042388916
7,38,0.03192343935370445,0.03172769024968147,0.00017398307682015002,0.21766984462738037,0.005261169280856848
7,39,0.9835245013237,0.9531998038291931,0.029960395768284798,3.643052577972412,0.8382777571678162
7,40,0.7006374001502991,0.6833255290985107,0.017100360244512558,2.1155760288238525,0.34475380182266235
7,41,0.1342059224843979,0.1315639168024063,0.0026323667261749506,0.09639032930135727,0.07858575880527496
7,42,0.13684819638729095,0.13432902097702026,0.002508979057893157,0.10191290080547333,0.07059583812952042
7,43,0.026051560416817665,0.02592788264155388,0.0001055370521498844,0.18139848113059998,0.0018475028919056058
7,44,0.4242006838321686,0.41687145829200745,0.007249862886965275,0.7936237454414368,0.032071344554424286
7,45,1.0706679821014404,1.0307526588439941,0.039321430027484894,5.939304351806641,0.09519676864147186
7,46,0.41905033588409424,0.41311517357826233,0.005861109122633934,0.7405064105987549,0.02695152349770069
7,47,0.4074477553367615,0.4011082053184509,0.00627315416932106,0.6640632152557373,0.027072543278336525
7,48,1.2007681131362915,1.163810133934021,0.03654953092336655,4.084413528442383,0.11538722366094589
7,49,0.8784816265106201,0.8558696508407593,0.02238081768155098,2.311311960220337,0.2747806906700134
7,50,0.69559645652771,0.6821168661117554,0.013417924754321575,0.6169304847717285,0.11226031184196472
7,51,0.9367839694023132,0.9172813892364502,0.01934211701154709,1.6043448448181152,0.19058218598365784
7,52,0.9446067810058594,0.9099730849266052,0.034244343638420105,3.893648624420166,0.6212053894996643
7,53,0.4239864647388458,0.41567620635032654,0.008228067308664322,0.8220285177230835,0.05850256234407425
7,54,0.04460053890943527,0.043949030339717865,0.0006274849292822182,0.24024072289466858,0.015763379633426666
7,55,0.6589664220809937,0.6407222747802734,0.018053727224469185,1.9045822620391846,0.3012200593948364
7,56,0.916122555732727,0.8924591541290283,0.023480979725718498,1.8242311477661133,0.12854525446891785
7,57,0.8584454655647278,0.8313847780227661,0.026783891022205353,2.767847776412964,0.4193105399608612
7,58,0.3861194849014282,0.380544513463974,0.0055595822632312775,0.15387798845767975,0.020613092929124832
7,59,0.03419769927859306,0.034011390060186386,0.00016706936003174633,0.19239510595798492,0.004265789873898029
7,60,1.0999586582183838,1.0734541416168213,0.02596410922706127,5.404160022735596,0.10739973932504654
7,61,0.8500513434410095,0.8371495008468628,0.01282503455877304,0.7684646248817444,0.08509601652622223
7,62,0.0298981424421072,0.029726676642894745,0.00015230284770950675,0.19163653254508972,0.004153023008257151
7,63,0.9192952513694763,0.8928936719894409,0.02611515112221241,2.864128589630127,0.3736533224582672
7,64,0.2728131115436554,0.26994091272354126,0.002855575643479824,0.1662081629037857,0.028493013232946396
7,65,0.14264614880084991,0.13932034373283386,0.0033138934522867203,0.11905378103256226,0.08998262137174606
7,66,0.3100414276123047,0.30747729539871216,0.002551228506490588,0.1288953721523285,0.05105915665626526
7,67,0.236741304397583,0.23301085829734802,0.0037137605249881744,0.1669146865606308,0.061396077275276184
7,68,0.8711152076721191,0.8504493236541748,0.02060645818710327,0.5941476821899414,0.16104477643966675
7,69,0.21042822301387787,0.20778030157089233,0.0026332454290241003,0.14670947194099426,0.02426246553659439
7,70,0.1524108648300171,0.149672269821167,0.0027260733768343925,0.12516580522060394,0.1094878613948822
7,71,0.43465080857276917,0.42505213618278503,0.009469183161854744,1.2948493957519531,0.09157274663448334
7,72,0.3664283752441406,0.3548066020011902,0.011567912064492702,0.5386499762535095,0.04293465614318848
7,73,0.9813562631607056,0.9584368467330933,0.02281959541141987,0.998153567314148,0.10746253281831741
7,74,0.02291162498295307,0.022779207676649094,0.00011362035002093762,0.187974750995636,0.0024223015643656254
7,75,0.02957877144217491,0.029360361397266388,0.00019978394266217947,0.18626545369625092,0.005526532419025898
7,76,0.12734656035900116,0.1246790736913681,0.0026536574587225914,0.13825103640556335,0.0626489445567131
7,77,0.4368148446083069,0.424277126789093,0.012488355860114098,0.4935075342655182,0.031212320551276207
7,78,0.41049468517303467,0.4053635895252228,0.005076900124549866,0.5417637228965759,0.02065316215157509
7,79,0.45081230998039246,0.44594496488571167,0.004830062855035067,0.37296804785728455,0.025991346687078476
7,80,0.46162641048431396,0.4560372531414032,0.005518854595720768,0.7030205130577087,0.026751302182674408
7,81,0.045528344810009,0.0448620468378067,0.0006425237515941262,0.23773403465747833,0.017530133947730064
7,82,0.402395099401474,0.3973986506462097,0.004975243471562862,0.2120550572872162,0.025682058185338974
7,83,0.13184021413326263,0.12951727211475372,0.0023138977121561766,0.0904470831155777,0.056723058223724365
7,84,0.12291951477527618,0.12104789912700653,0.0018641463248059154,0.07470965385437012,0.05122698098421097
7,85,0.38359513878822327,0.3777723014354706,0.005808590911328793,0.14245259761810303,0.022592514753341675
7,86,0.831794261932373,0.8206239938735962,0.01110805757343769,0.6221765875816345,0.11052131652832031
7,87,1.0431828498840332,1.0213760137557983,0.021509457379579544,2.974360466003418,0.16637255251407623
7,88,0.2340145707130432,0.23118937015533447,0.002813272178173065,0.11924402415752411,0.03166908025741577
7,89,0.9354789853096008,0.9193779826164246,0.016037102788686752,0.6387588381767273,0.09090568125247955
7,90,0.21445325016975403,0.21248549222946167,0.0019561529625207186,0.11607038974761963,0.010623738169670105
7,91,0.2473321259021759,0.242813378572464,0.00450177863240242,0.16965679824352264,0.23876968026161194
7,92,0.13721910119056702,0.13468709588050842,0.0025233831256628036,0.08631514757871628,0.0724005177617073
7,93,0.9018669724464417,0.8794074058532715,0.022254029288887978,2.0551133155822754,0.38515183329582214
7,94,0.32097959518432617,0.3142801523208618,0.006669636815786362,0.29801127314567566,0.06681394577026367
7,95,0.96391361951828,0.9347054958343506,0.02880791947245598,4.001780033111572,0.6430855989456177
7,96,0.43362104892730713,0.4274477958679199,0.006123054772615433,0.501984179019928,0.05566174536943436
7,97,0.8275817036628723,0.8073656558990479,0.02002253755927086,1.9355210065841675,0.3648166060447693
7,98,0.14032652974128723,0.13686886429786682,0.003427513176575303,0.301399827003479,0.12082058191299438
7,99,0.19100090861320496,0.18881464004516602,0.0021742016542702913,0.12065279483795166,0.015920910984277725
7,100,0.8306850790977478,0.8033047914505005,0.027060870081186295,3.194216728210449,0.4311456084251404
8,1,0.01966075226664543,0.019621556624770164,2.357271296204999e-05,0.15621118247509003,0.0020356890745460987
8,2,0.4358377456665039,0.4284975528717041,0.007209350820630789,1.3082678318023682,0.02932596206665039
8,3,0.02481713332235813,0.024675916880369186,0.00012104422057745978,0.20171645283699036,0.0028355279937386513
8,4,0.3339478075504303,0.32380181550979614,0.010113254189491272,0.3275642395019531,0.018174272030591965
8,5,0.38625025749206543,0.3802202641963959,0.006014874204993248,0.15111364424228668,0.02082143910229206
8,6,0.4038161039352417,0.3970071077346802,0.00673332717269659,0.7567151188850403,0.038523074239492416
8,7,1.2041211128234863,1.168267011642456,0.03547386825084686,3.8030149936676025,0.14256834983825684
8,8,0.01889575645327568,0.01876875013113022,0.00011628792708506808,0.10717836767435074,0.0479436069726944
8,9,0.3443484306335449,0.33844947814941406,0.005864314269274473,0.3463655114173889,0.04383011907339096
8,10,0.331255167722702,0.3262122869491577,0.0050131781026721,0.2972637116909027,0.04592786729335785
8,11,0.1973944455385208,0.19491460919380188,0.002468960825353861,0.10877368599176407,0.019230138510465622
8,12,0.42404574155807495,0.4174322485923767,0.006564435549080372,0.4906558692455292,0.05041402578353882
8,13,0.36943313479423523,0.3588654100894928,0.010505394078791142,0.6232807040214539,0.037147291004657745
8,14,0.5069382190704346,0.49052104353904724,0.016348756849765778,0.6843458414077759,0.09957306832075119
8,15,1.1726561784744263,1.1408324241638184,0.03148001432418823,3.4364206790924072,0.16621875762939453
8,16,0.3509865701198578,0.34159502387046814,0.009335174225270748,0.5639458894729614,0.02198248915374279
8,17,0.023577958345413208,0.02343742735683918,0.00011796894250437617,0.22563110291957855,0.002380979247391224
8,18,1.1886265277862549,1.1535348892211914,0.034255772829055786,8.359170913696289,0.13365933299064636
8,19,0.017203327268362045,0.017105119302868843,7.770011143293232e-05,0.2050834745168686,0.0027432742062956095
8,20,0.07630418241024017,0.07535706460475922,0.0009428447810932994,0.04273397475481033,0.017867228016257286
8,21,0.014798726886510849,0.014661416411399841,0.0001265356841031462,0.10774756222963333,0.05863334238529205
8,22,0.9356173872947693,0.9092264771461487,0.026169076561927795,2.2184829711914062,0.08357634395360947
8,23,0.8565180897712708,0.8407478332519531,0.015672441571950912,0.9779496788978577,0.10332226753234863
8,24,1.180237054824829,1.1472773551940918,0.03266340494155884,2.9639735221862793,0.139132559299469
8,25,0.3879091739654541,0.3818364441394806,0.00605641957372427,0.1631215214729309,0.029676403850317
8,26,0.44482630491256714,0.43843740224838257,0.006320095621049404,0.6881716847419739,0.04687540978193283
8,27,0.3699193298816681,0.3638181686401367,0.006085344590246677,0.15838952362537384,0.024311114102602005
8,28,0.4267531633377075,0.41981762647628784,0.0068566445261240005,0.7889730930328369,0.052471309900283813
8,29,0.6910071969032288,0.6716413497924805,0.019149310886859894,2.1655972003936768,0.2751086950302124
8,30,0.937393844127655,0.917966902256012,0.01931130699813366,1.1565310955047607,0.13895727694034576
8,31,0.8934018015861511,0.8747421503067017,0.01859123632311821,0.6845183968544006,0.07329174876213074
8,32,0.40647339820861816,0.4011051058769226,0.005340214818716049,0.28068646788597107,0.029568977653980255
8,33,0.04888983815908432,0.048059917986392975,0.0008028377778828144,0.2708367109298706,0.022711142897605896
8,34,0.33004745841026306,0.32506033778190613,0.00495543610304594,0.31682923436164856,0.03735506534576416
8,35,0.029663877561688423,0.02944318950176239,0.00019864251953549683,0.22046716511249542,0.0062538813799619675
8,36,0.12413423508405685,0.1211404800415039,0.002978682052344084,0.15070155262947083,0.08737000823020935
8,37,0.9641237258911133,0.9390479922294617,0.024763144552707672,3.1254618167877197,0.3135453462600708
8,38,0.7327384948730469,0.7191251516342163,0.013543443754315376,0.69912189245224,0.09336213767528534
8,39,0.2461654096841812,0.24255460500717163,0.003594576381146908,0.16220428049564362,0.03636188060045242
8,40,0.04651472344994545,0.04582004249095917,0.0006693300092592835,0.2535046339035034,0.020209815353155136
8,41,0.2331007868051529,0.22996288537979126,0.003122879657894373,0.1501328945159912,0.03773939236998558
8,42,0.9347518086433411,0.9159696102142334,0.01864517852663994,1.3705862760543823,0.2025398313999176
8,43,0.7407909035682678,0.7247506976127625,0.015958093106746674,0.8212860226631165,0.12524110078811646
8,44,0.39825940132141113,0.3928750157356262,0.005365294404327869,0.1909596174955368,0.032485269010066986
8,45,0.40224242210388184,0.397095650434494,0.0051156762056052685,0.31088578701019287,0.03165694326162338
8,46,0.2033315896987915,0.2010827660560608,0.0022349138744175434,0.13901323080062866,0.013809464871883392
8,47,0.45201724767684937,0.4360443949699402,0.015901245176792145,0.7160801887512207,0.08355723321437836
8,48,0.3787216544151306,0.37379884719848633,0.004908042494207621,0.1475604921579361,0.020807471126317978
8,49,0.9498891234397888,0.9356542229652405,0.014148169197142124,0.8674041628837585,0.12799298763275146
8,50,0.3921647071838379,0.3882390558719635,0.003908498678356409,0.17164790630340576,0.02168135903775692
8,51,0.8535575866699219,0.8402769565582275,0.013199664652347565,0.8095786571502686,0.08814036846160889
8,52,0.3821249306201935,0.37660205364227295,0.005503882188349962,0.1897454559803009,0.01635848544538021
8,53,0.019201558083295822,0.019083630293607712,0.00010774945258162916,0.10178104788064957,0.03933974355459213
8,54,0.020495157688856125,0.020365798845887184,0.00010852892592083663,0.20829932391643524,0.0033285964746028185
8,55,0.23036611080169678,0.22746402025222778,0.002889283001422882,0.12815557420253754,0.03735865280032158
8,56,0.6885017156600952,0.6758076548576355,0.012640414759516716,0.5365206003189087,0.06982582807540894
8,57,0.021912822499871254,0.021762210875749588,0.00012830625928472728,0.223054900765419,0.003617740236222744
8,58,0.7208560705184937,0.7080379724502563,0.012759583070874214,0.5856130123138428,0.09553265571594238
8,59,0.6897620558738708,0.6779979467391968,0.011708579957485199,0.5556195378303528,0.0912507176399231
8,60,0.6189878582954407,0.606320858001709,0.012537827715277672,1.2918291091918945,0.26908063888549805
8,61,0.14108681678771973,0.13824716210365295,0.0028286203742027283,0.11024060845375061,0.07125309109687805
8,62,0.02374318055808544,0.023591000586748123,0.0001286114566028118,0.23567412793636322,0.0035093468613922596
8,63,0.02215825952589512,0.022003447636961937,0.00013169209705665708,0.2311878800392151,0.00303086475469172
8,64,0.2725929319858551,0.26972341537475586,0.002859594766050577,0.09924504160881042,0.02545473724603653
8,65,0.8918628096580505,0.8790935277938843,0.01268518902361393,0.8408493995666504,0.09325215220451355
8,66,0.018302660435438156,0.018074126914143562,0.00021789988386444747,0.10632964223623276,0.04900035262107849
8,67,0.4213298559188843,0.4166944622993469,0.004616807214915752,0.18595968186855316,0.03198032081127167
8,68,0.3252217471599579,0.32069119811058044,0.004505702294409275,0.2485058754682541,0.03470185399055481
8,69,0.8763514161109924,0.8622851967811584,0.014014258980751038,0.5195320844650269,0.06656845659017563
8,70,0.12591959536075592,0.12406034767627716,0.0018511450616642833,0.08106918632984161,0.058008357882499695
8,71,0.013518418185412884,0.013370824046432972,0.00013727454643230885,0.10319674015045166,0.05708269029855728
8,72,0.9799304604530334,0.9610509872436523,0.01880073733627796,0.7872000336647034,0.10630388557910919
8,73,0.46542540192604065,0.4584912657737732,0.006863250397145748,0.7089143991470337,0.04710196331143379
8,74,0.13225790858268738,0.12955914437770844,0.0026753831189125776,0.2338414341211319,0.10176059603691101
8,75,0.017547568306326866,0.017438925802707672,8.719846664462239e-05,0.21444454789161682,0.00310917547903955
8,76,0.3395405411720276,0.3287111520767212,0.010769469663500786,0.599236786365509,0.0261983722448349
8,77,0.9374180436134338,0.9213211536407471,0.016033407300710678,0.6347863078117371,0.11313086748123169
8,78,0.4326842725276947,0.42758864164352417,0.005056152120232582,0.3949861526489258,0.0410117506980896
8,79,0.8745073676109314,0.8535542488098145,0.020756913349032402,1.962026596069336,0.35195761919021606
8,80,0.02694011479616165,0.026719732210040092,0.00019747887563426048,0.22903987765312195,0.006882254034280777
8,81,0.1303318589925766,0.12771621346473694,0.0026017134077847004,0.1393442153930664,0.09462283551692963
8,82,0.35650983452796936,0.3473617434501648,0.009098412469029427,0.4969482719898224,0.022408008575439453
8,83,1.0416126251220703,1.013465166091919,0.027910863980650902,2.3661139011383057,0.16929954290390015
8,84,0.7844432592391968,0.7714849710464478,0.012889580801129341,0.6871752738952637,0.11149375885725021
8,85,0.03114769607782364,0.030748870223760605,0.00037568926927633584,0.23135605454444885,0.011022726073861122
8,86,1.0112098455429077,0.9855728149414062,0.02507827617228031,5.586914539337158,0.1648487001657486
8,87,0.37314078211784363,0.3677248954772949,0.005401612259447575,0.14281387627124786,0.019406355917453766
8,88,0.3392667770385742,0.3299978971481323,0.009234183467924595,0.34681862592697144,0.01600329391658306
8,89,0.9505200386047363,0.936161994934082,0.01425356138497591,1.0448803901672363,0.11645001173019409
8,90,0.041722144931554794,0.04118756204843521,0.0005089858314022422,0.2559516429901123,0.019349616020917892
8,91,0.020980946719646454,0.020820826292037964,0.0001376031432300806,0.22517912089824677,0.0036402782425284386
8,92,0.4647779166698456,0.4499760866165161,0.01475168950855732,0.5012039542198181,0.07239241898059845
8,93,0.026023419573903084,0.02582099661231041,0.00017916681827045977,0.2325606793165207,0.007005992345511913
8,94,0.19153405725955963,0.18935009837150574,0.002174372784793377,0.09577784687280655,0.014695527032017708
8,95,1.0403592586517334,1.015857458114624,0.02417915314435959,3.2264769077301025,0.1684284806251526
8,96,0.19882167875766754,0.19676637649536133,0.002043125219643116,0.1217283084988594,0.014646636322140694
8,97,0.43122392892837524,0.4259653687477112,0.005226098466664553,0.3245857059955597,0.028751278296113014
8,98,0.018583184108138084,0.018488779664039612,7.387004734482616e-05,0.20533894002437592,0.003027610946446657
8,99,0.129196435213089,0.12635980546474457,0.0028186871204525232,0.1794082075357437,0.08623139560222626
8,100,0.6192150115966797,0.606968104839325,0.012123588472604752,1.2331956624984741,0.1926625669002533
9,1,0.8498311042785645,0.836044430732727,0.01371783297508955,0.6881473660469055,0.11229732632637024
9,2,0.7860948443412781,0.773039698600769,0.012985432520508766,0.6975712776184082,0.11416228115558624
9,3,0.014185858890414238,0.01405196450650692,0.0001236909010913223,0.1020330935716629,0.0545964390039444
9,4,0.988012433052063,0.964277982711792,0.023628773167729378,1.0567976236343384,0.09023071825504303
9,5,0.8766781687736511,0.8536239266395569,0.02281557396054268,2.386566162109375,0.3658936619758606
9,6,0.4170609414577484,0.41165584325790405,0.005376116372644901,0.289758563041687,0.037250541150569916
9,7,0.3841143548488617,0.37916624546051025,0.00493229553103447,0.15818797051906586,0.03387368842959404
9,8,0.892464280128479,0.8656640648841858,0.026502281427383423,2.9790241718292236,0.5436611771583557
9,9,0.0469578392803669,0.04624731093645096,0.0006822634022682905,0.2826491892337799,0.023499760776758194
9,10,0.1296354979276657,0.1267506182193756,0.0028707128949463367,0.1417270451784134,0.10013435781002045
9,11,0.4602581262588501,0.4496626853942871,0.010546978563070297,0.48463451862335205,0.06344278156757355
9,12,1.1600476503372192,1.1308250427246094,0.02870691381394863,5.157370567321777,0.17037810385227203
9,13,0.015267380513250828,0.01517252903431654,7.404352800222114e-05,0.2080717533826828,0.003037325805053115
9,14,0.3911439776420593,0.38547831773757935,0.005649925209581852,0.1573171317577362,0.021889498457312584
9,15,0.04734570533037186,0.046661797910928726,0.0006561012705788016,0.2780722379684448,0.02265838533639908
9,16,0.8824920058250427,0.8609590530395508,0.021302776411175728,2.3020031452178955,0.30872559547424316
9,17,1.0170711278915405,0.997927188873291,0.01894596964120865,1.9803091287612915,0.14595741033554077
9,18,0.01995496079325676,0.019823987036943436,0.0001077458291547373,0.23227860033512115,0.002892751945182681
9,19,0.9644607305526733,0.9352213740348816,0.02892477624118328,3.146152973175049,0.7043349742889404
9,20,0.39366501569747925,0.3886311948299408,0.005010118708014488,0.23706720769405365,0.03162436559796333
9,21,0.3891274034976959,0.38511189818382263,0.003998245112597942,0.17251695692539215,0.029227271676063538
9,22,0.8936362266540527,0.8799999952316284,0.01355516817420721,0.8108341097831726,0.14278565347194672
9,23,0.9467782378196716,0.9293064475059509,0.017410770058631897,0.610619843006134,0.08971787989139557
9,24,0.4220445156097412,0.4152382016181946,0.00671699084341526,0.8933055996894836,0.04549119994044304
9,25,0.0257989764213562,0.025592539459466934,0.00018251720757689327,0.2392045259475708,0.006220564246177673
9,26,0.40867340564727783,0.4038200378417969,0.004813022445887327,0.40355896949768066,0.03460196778178215
9,27,0.4315548241138458,0.4263013005256653,0.005210468079894781,0.430667519569397,0.03497032821178436
9,28,1.0410226583480835,1.013390302658081,0.027392826974391937,2.395098924636841,0.13536906242370605
9,29,0.6259940266609192,0.6110382080078125,0.01480131596326828,1.5448551177978516,0.22355841100215912
9,30,0.12498720735311508,0.12302663922309875,0.0019531231373548508,0.0744590237736702,0.050505466759204865
9,31,0.21098865568637848,0.20823845267295837,0.002734252018854022,0.15940076112747192,0.01681109331548214
9,32,0.3547520935535431,0.34909340739250183,0.005607225000858307,0.5145614743232727,0.0434563085436821
9,33,0.13211940228939056,0.12996838986873627,0.0021417634561657906,0.09256667643785477,0.05780629813671112
9,34,0.858884334564209,0.8454245328903198,0.013382915407419205,0.7686593532562256,0.11608533561229706
9,35,0.34544700384140015,0.3370824158191681,0.00831533595919609,0.49258875846862793,0.020544078201055527
9,36,0.9968250393867493,0.9698817729949951,0.026600979268550873,3.4228556156158447,0.5048277378082275
9,37,0.9598484039306641,0.932974100112915,0.026547610759735107,3.2667105197906494,0.11907868087291718
9,38,0.04473639279603958,0.044038932770490646,0.0006684322142973542,0.29025962948799133,0.019872253760695457
9,39,1.042853832244873,0.9996196031570435,0.042617544531822205,6.166615009307861,0.13352137804031372
9,40,0.8860212564468384,0.8718821406364441,0.014046957716345787,0.9212033152580261,0.13839375972747803
9,41,0.8473760485649109,0.8222167491912842,0.024889588356018066,2.6968719959259033,0.3459610939025879
9,42,0.4104820787906647,0.40433400869369507,0.00606166385114193,0.8640424609184265,0.0484033077955246
9,43,0.42686590552330017,0.42070186138153076,0.006107119843363762,0.5692213773727417,0.039970289915800095
9,44,0.01568760722875595,0.015574556775391102,9.074772242456675e-05,0.2230304777622223,0.00313694030046463
9,45,0.025737863034009933,0.025544533506035805,0.00016953685553744435,0.2379288375377655,0.006005231291055679
9,46,0.45332279801368713,0.43958747386932373,0.013683096505701542,0.5220285654067993,0.06244350224733353
9,47,0.12332859635353088,0.1212342381477356,0.002087468048557639,0.0689484179019928,0.050584688782691956
9,48,0.9015738368034363,0.8877276182174683,0.013775726780295372,0.704849362373352,0.12811338901519775
9,49,0.014796009287238121,0.01470403466373682,7.04112317180261e-05,0.21564283967018127,0.0028238301165401936
9,50,0.46554964780807495,0.45261240005493164,0.012885075993835926,0.5217648148536682,0.06109962612390518
9,51,0.8417078852653503,0.8183216452598572,0.0231346245855093,2.5160021781921387,0.4829765558242798
9,52,0.23641179502010345,0.2334342896938324,0.002964080311357975,0.13423337042331696,0.04040772467851639
9,53,0.04220234230160713,0.0416640043258667,0.0005109343910589814,0.2740269899368286,0.019781367853283882
9,54,0.18738971650600433,0.18545576930046082,0.0019248235039412975,0.09122569859027863,0.011061148717999458
9,55,1.0170122385025024,0.9923578500747681,0.024154936894774437,4.9950270652771,0.16262459754943848
9,56,1.1757009029388428,1.1430625915527344,0.03224758431315422,3.9076545238494873,0.15043887495994568
9,57,0.04531196877360344,0.04465579241514206,0.0006277923239395022,0.2838149070739746,0.021672513335943222
9,58,0.8919195532798767,0.8785937428474426,0.01321935560554266,1.0643384456634521,0.12192174792289734
9,59,0.46113643050193787,0.4486132264137268,0.012455558404326439,0.6763702034950256,0.06619922816753387
9,60,0.37314873933792114,0.36863383650779724,0.0045035844668745995,0.11335786432027817,0.037325263023376465
9,61,0.13328443467617035,0.13082359731197357,0.002452475018799305,0.08353090286254883,0.05929949879646301
9,62,0.7671144008636475,0.7544158101081848,0.012632837519049644,0.6571609377861023,0.1050274670124054
9,63,0.1259247213602066,0.12399362772703171,0.0019232656341046095,0.07820319384336472,0.05316337198019028
9,64,0.35099735856056213,0.3451831340789795,0.005767970811575651,0.4624263644218445,0.041265130043029785
9,65,0.04415006935596466,0.04363998770713806,0.000482123636174947,0.2795986831188202,0.01965964213013649
9,66,0.04297702759504318,0.04226114600896835,0.0006883237510919571,0.2755964696407318,0.020296627655625343
9,67,0.7010065913200378,0.690136194229126,0.010826912708580494,0.434980571269989,0.0848575234413147
9,68,0.016330914571881294,0.016226254403591156,8.327121031470597e-05,0.21388716995716095,0.0030969318468123674
9,69,0.38818851113319397,0.3826702833175659,0.0054505690932273865,0.6766557097434998,0.03653540462255478
9,70,0.7213882803916931,0.7106441259384155,0.01068856567144394,0.5560200810432434,0.07875590026378632
9,71,0.9017653465270996,0.8876012563705444,0.014104785397648811,0.5933398604393005,0.07083971798419952
9,72,0.025691553950309753,0.025502175092697144,0.00016607267025392503,0.23304781317710876,0.006183967925608158
9,73,0.12023787945508957,0.11848756670951843,0.0017434125766158104,0.06902225315570831,0.04190356284379959
9,74,0.3586592674255371,0.3498283624649048,0.008783546276390553,0.4734421968460083,0.021163705736398697
9,75,0.136162668466568,0.13344408571720123,0.002701413817703724,0.17170096933841705,0.10069345682859421
9,76,0.3299964368343353,0.32520708441734314,0.004761863499879837,0.274748295545578,0.04204925149679184
9,77,0.014522393234074116,0.014349506236612797,0.00016181368846446276,0.11073692888021469,0.05059005692601204
9,78,0.24055053293704987,0.23727555572986603,0.0032555656507611275,0.19410431385040283,0.053256481885910034
9,79,0.4404224455356598,0.43371737003326416,0.006645390763878822,0.596826434135437,0.0447276309132576
9,80,0.02757180668413639,0.027364861220121384,0.0001819601166062057,0.24985888600349426,0.006172971799969673
9,81,0.026767611503601074,0.026564693078398705,0.0001782544859452173,0.24663300812244415,0.006533367559313774
9,82,0.12606863677501678,0.12415038794279099,0.0019117782358080149,0.0646151602268219,0.0484686940908432
9,83,0.4477890729904175,0.44156917929649353,0.006132638081908226,0.8726615905761719,0.04174797981977463
9,84,0.38675975799560547,0.38125866651535034,0.00548626109957695,0.1484963744878769,0.02073453739285469
9,85,0.45631057024002075,0.44637471437454224,0.009891634806990623,0.4423046112060547,0.06814298033714294
9,86,0.20926474034786224,0.2068146914243698,0.002436181763187051,0.13876473903656006,0.012527287006378174
9,87,0.27398020029067993,0.27116626501083374,0.002803853712975979,0.1006796658039093,0.020686011761426926
9,88,0.23316499590873718,0.23026743531227112,0.002883565379306674,0.13998091220855713,0.03883066400885582
9,89,0.3816918134689331,0.3766208291053772,0.005056959576904774,0.1404874473810196,0.02211363986134529
9,90,0.44288724660873413,0.4324955344200134,0.010345295071601868,0.46436917781829834,0.05258260667324066
9,91,0.19443060457706451,0.19239437580108643,0.0020251525565981865,0.11076807975769043,0.011409318074584007
9,92,0.9821804165840149,0.9589903354644775,0.022894136607646942,2.9593544006347656,0.32775700092315674
9,93,1.0202610492706299,0.9813598394393921,0.038338422775268555,5.62777042388916,0.15407776832580566
9,94,1.0231550931930542,0.9998395442962646,0.0229598768055439,3.5572397708892822,0.20708876848220825
9,95,0.3549720346927643,0.3466950058937073,0.008222347125411034,0.5468772649765015,0.02472173050045967
9,96,0.14232099056243896,0.13902854919433594,0.0032674241811037064,0.25023865699768066,0.11527621746063232
9,97,0.1212226077914238,0.11909207701683044,0.0021226664539426565,0.07865248620510101,0.047858916223049164
9,98,0.04126541316509247,0.040700286626815796,0.0005375196924433112,0.27608639001846313,0.017822910100221634
9,99,0.0398290753364563,0.03941480442881584,0.0003873416571877897,0.2692843973636627,0.015816746279597282
9,100,0.8517420291900635,0.8241540789604187,0.027329206466674805,2.5872387886047363,0.4017176330089569
10,1,0.9127490520477295,0.893332839012146,0.019327815622091293,0.8836479187011719,0.09611324965953827
10,2,0.017118306830525398,0.01700538396835327,0.00010240764822810888,0.1051439419388771,0.04192017763853073
10,3,1.239628553390503,1.2010219097137451,0.03809994086623192,5.067784786224365,0.19594071805477142
10,4,0.35296234488487244,0.3413505256175995,0.01156112365424633,0.5069645047187805,0.013781649991869926
10,5,0.021977951750159264,0.021834369748830795,0.00011948645988013595,0.24096009135246277,0.0034052864648401737
10,6,0.4605206847190857,0.4496587812900543,0.010810918174684048,0.5098004341125488,0.04277287423610687
10,7,0.9027189016342163,0.8882148265838623,0.014421293511986732,0.8276512622833252,0.10666549950838089
10,8,0.02593165636062622,0.02570739947259426,0.00019963296654168516,0.24623773992061615,0.0068464940413832664
10,9,0.3500637114048004,0.34231841564178467,0.007708940654993057,0.36362189054489136,0.017204243689775467
10,10,0.020590411499142647,0.02046247571706772,0.00010362843022448942,0.24306951463222504,0.0028924639336764812
10,11,0.23958350718021393,0.23643898963928223,0.0031253164634108543,0.19205470383167267,0.04996013641357422
10,12,0.8992199897766113,0.8708019256591797,0.028036005795001984,3.820909261703491,0.3556358516216278
10,13,0.13916495442390442,0.1362273395061493,0.002918518614023924,0.19107645750045776,0.11668440699577332
10,14,0.4588247239589691,0.4461251497268677,0.012654842808842659,0.4472881555557251,0.08609404414892197
10,15,0.9012279510498047,0.8746960759162903,0.02619297243654728,3.3892457485198975,0.5990570783615112
10,16,0.11931469291448593,0.11701755225658417,0.002283708658069372,0.13430486619472504,0.08614632487297058
10,17,0.3730863928794861,0.36794281005859375,0.005129811819642782,0.13756300508975983,0.019825289025902748
10,18,0.3483176827430725,0.34181082248687744,0.006467137951403856,0.3971385359764099,0.015195689164102077
10,19,1.224503993988037,1.1874334812164307,0.036569904536008835,5.005772113800049,0.10929220169782639
10,20,0.12862826883792877,0.12614229321479797,0.0024714814499020576,0.14502613246440887,0.07551183551549911
10,21,0.41434404253959656,0.40845972299575806,0.005824746564030647,0.595708966255188,0.03369826823472977
10,22,0.3810481131076813,0.375868558883667,0.005165965296328068,0.13586682081222534,0.021640820428729057
10,23,1.2551817893981934,1.2229994535446167,0.031765006482601166,4.173003196716309,0.15927371382713318
10,24,0.3803898096084595,0.3748399019241333,0.005486547015607357,0.6335302591323853,0.0472492054104805
10,25,1.1263025999069214,1.0986729860305786,0.02710689976811409,5.227715969085693,0.1998380571603775
10,26,0.3673206567764282,0.3595395088195801,0.007735534105449915,0.45621222257614136,0.04062457010149956
10,27,0.8881422281265259,0.8732268810272217,0.014862539246678352,0.5280592441558838,0.09502854943275452
10,28,0.19459037482738495,0.1925235241651535,0.002055900637060404,0.10951916128396988,0.01754589006304741
10,29,0.9392884969711304,0.9128569960594177,0.02609112486243248,3.403878688812256,0.3781397342681885
10,30,0.620634913444519,0.6048155426979065,0.015652604401111603,1.6675513982772827,0.25831934809684753
10,31,0.3379063308238983,0.33163386583328247,0.006232391111552715,0.4008515477180481,0.04284793883562088
10,32,0.2546965479850769,0.25135505199432373,0.003322798991575837,0.18693065643310547,0.05052609741687775
10,33,0.9224897623062134,0.9041801691055298,0.018237212672829628,0.7237816452980042,0.08538900315761566
10,34,0.7880217432975769,0.7776217460632324,0.010347194038331509,0.5283628702163696,0.0986538827419281
10,35,0.3844425082206726,0.37952959537506104,0.004899209830909967,0.13709260523319244,0.020010419189929962
10,36,1.0749467611312866,1.0350574254989624,0.039239708334207535,6.495944023132324,0.14772291481494904
10,37,0.8877034783363342,0.8575776219367981,0.029823526740074158,3.0229790210723877,0.33297157287597656
10,38,0.9995193481445312,0.9687936305999756,0.030157465487718582,5.682774066925049,0.19008967280387878
10,39,0.3550761044025421,0.3474034070968628,0.007633084896951914,0.39609822630882263,0.017281757667660713
10,40,1.135672926902771,1.102272629737854,0.03280499577522278,5.952892780303955,0.18615299463272095
10,41,0.8815221190452576,0.8676172494888306,0.013808812946081161,0.9609813690185547,0.12182173132896423
10,42,0.13161823153495789,0.12953630089759827,0.002073685871437192,0.08243799954652786,0.04596288874745369
10,43,0.13075202703475952,0.12799730896949768,0.002729247324168682,0.25473061203956604,0.08173801004886627
10,44,0.33462584018707275,0.32801172137260437,0.00654754601418972,0.6657165288925171,0.03100869059562683
10,45,0.011597874574363232,0.011502345092594624,8.493579662172124e-05,0.10593442618846893,0.05580125004053116
10,46,0.9473819136619568,0.9334015846252441,0.01389172114431858,0.8862183690071106,0.17332187294960022
10,47,0.02793036960065365,0.02770661748945713,0.00019968175911344588,0.2407005876302719,0.006727821659296751
10,48,0.89473557472229,0.8767019510269165,0.017943250015378,0.903624415397644,0.1124195009469986
10,49,0.027618132531642914,0.027416016906499863,0.00017804346862249076,0.2407251000404358,0.007172637619078159
10,50,0.40356123447418213,0.39897868037223816,0.004512900486588478,0.6966078877449036,0.044174566864967346
10,51,0.21335303783416748,0.2110413908958435,0.0022971502039581537,0.14496970176696777,0.012181637808680534
10,52,0.014954873360693455,0.014863909222185612,6.968378147576004e-05,0.21280695497989655,0.002855248749256134
10,53,0.37921643257141113,0.3744265139102936,0.004776306450366974,0.13611887395381927,0.020008649677038193
10,54,0.4540281295776367,0.44654610753059387,0.007345817983150482,1.3618382215499878,0.050970666110515594
10,55,0.37909814715385437,0.37359189987182617,0.005490712821483612,0.15514333546161652,0.020781973376870155
10,56,0.38843220472335815,0.38430240750312805,0.004112697206437588,0.171092689037323,0.0276083592325449
10,57,1.1881706714630127,1.146620512008667,0.04106556624174118,4.846187591552734,0.16479220986366272
10,58,0.429196834564209,0.4225426912307739,0.006534265354275703,1.19865083694458,0.05090281367301941
10,59,0.8483873605728149,0.8216763734817505,0.026403270661830902,3.0774285793304443,0.5329335927963257
10,60,0.8469032049179077,0.8350943922996521,0.011765500530600548,0.4335557520389557,0.05614713579416275
10,61,0.40515804290771484,0.40061160922050476,0.004525460302829742,0.20986609160900116,0.033191606402397156
10,62,1.0636948347091675,1.0174908638000488,0.04548228532075882,7.217015743255615,0.10647596418857574
10,63,0.12733474373817444,0.12501436471939087,0.0023115752264857292,0.08810407668352127,0.06105310097336769
10,64,1.1992120742797852,1.167285442352295,0.03159766644239426,3.2899739742279053,0.14886441826820374
10,65,0.3489793837070465,0.34224605560302734,0.006701018661260605,0.3231779634952545,0.0215776227414608
10,66,0.4501435458660126,0.4415344297885895,0.008453667163848877,1.5545252561569214,0.06629806011915207
10,67,0.2395571619272232,0.23608410358428955,0.003454110585153103,0.189482182264328,0.06090601533651352
10,68,0.08194804936647415,0.08089512586593628,0.0010471001733094454,0.05828066170215607,0.02173476852476597
10,69,1.0085785388946533,0.9751506447792053,0.03301798924803734,4.1001787185668945,0.685611367225647
10,70,0.048394009470939636,0.047607313841581345,0.0007561859674751759,0.3051150441169739,0.025696709752082825
10,71,0.3317277431488037,0.32657161355018616,0.005120008252561092,0.36130914092063904,0.05116253346204758
10,72,0.015796978026628494,0.015678592026233673,9.464152390137315e-05,0.23744992911815643,0.003181398380547762
10,73,0.9263293743133545,0.8939643502235413,0.03195236250758171,4.126527309417725,0.48441702127456665
10,74,0.39316362142562866,0.3882905840873718,0.004848753567785025,0.24300415813922882,0.031091298907995224
10,75,0.23944191634655,0.23643872141838074,0.0029878190252929926,0.15377292037010193,0.04685348644852638
10,76,0.8929939866065979,0.8820655345916748,0.010859251022338867,0.6919326782226562,0.09843502938747406
10,77,0.8891816139221191,0.8786640167236328,0.010448932647705078,0.6866157650947571,0.102731853723526
10,78,0.414262980222702,0.40878012776374817,0.005427037365734577,0.5582259297370911,0.037767939269542694
10,79,0.39832451939582825,0.39362603425979614,0.004675607196986675,0.22877436876296997,0.036529671400785446
10,80,0.31294140219688416,0.30725225806236267,0.005658050067722797,0.31091779470443726,0.048838209360837936
10,81,0.6454406976699829,0.6390929222106934,0.006327680312097073,0.20068921148777008,0.09060917794704437
10,82,0.46249696612358093,0.4512724280357361,0.01117047481238842,0.5406893491744995,0.09216871857643127
10,83,0.4196760356426239,0.41431885957717896,0.005321880802512169,0.352871835231781,0.0430416502058506
10,84,0.4542419910430908,0.44708889722824097,0.007056926377117634,0.9618187546730042,0.047710392624139786
10,85,0.7030323147773743,0.692835807800293,0.010148589499294758,0.4789622724056244,0.0977121964097023
10,86,0.021134058013558388,0.020995760336518288,0.00011381545482436195,0.24482184648513794,0.002770503517240286
10,87,0.726343035697937,0.7155800461769104,0.010717896744608879,0.45093831419944763,0.08387582004070282
10,88,0.20838533341884613,0.20630136132240295,0.0020723030902445316,0.11660930514335632,0.01041720062494278
10,89,0.871808648109436,0.8597930669784546,0.011974823661148548,0.4077084958553314,0.06500323861837387
10,90,1.121816635131836,1.0912954807281494,0.03000463917851448,5.1648783683776855,0.17412427067756653
10,91,0.2251833826303482,0.22204531729221344,0.0031185452826321125,0.19527330994606018,0.02813013270497322
10,92,0.026308448985219002,0.026099126785993576,0.00018410591292195022,0.2521606385707855,0.006871413439512253
10,93,0.873288094997406,0.8586341142654419,0.014530541375279427,1.2342469692230225,0.14480048418045044
10,94,0.49587228894233704,0.4831917881965637,0.012628027237951756,0.5247224569320679,0.0837542861700058
10,95,0.031212087720632553,0.031000899150967598,0.0001844859216362238,0.26702582836151123,0.006672456860542297
10,96,0.12779909372329712,0.12564024329185486,0.0021506762132048607,0.08183960616588593,0.056172214448451996
10,97,0.020791996270418167,0.020629050210118294,0.00013787680654786527,0.2506844699382782,0.002916928380727768
10,98,0.3030663728713989,0.3001655340194702,0.0028831649105995893,0.17672570049762726,0.04820384830236435
10,99,0.019861973822116852,0.019713912159204483,0.00012360530672594905,0.2445584535598755,0.003401360474526882
10,100,0.9276235103607178,0.9084768295288086,0.019041698426008224,1.0495177507400513,0.06639327853918076
11,1,0.8956617712974548,0.8696561455726624,0.025738433003425598,2.6723248958587646,0.309478223323822
11,2,0.4045892655849457,0.39773738384246826,0.006760182790458202,0.917078971862793,0.04734697937965393
11,3,0.35235795378685,0.3449922800064087,0.007320048753172159,0.4564153552055359,0.026181936264038086
11,4,0.8511387705802917,0.8271920680999756,0.02367505058646202,2.7167012691497803,0.627047061920166
11,5,1.2242546081542969,1.1875367164611816,0.03633006662130356,3.8778789043426514,0.20357750356197357
11,6,0.441670686006546,0.43317705392837524,0.008358577266335487,1.3507537841796875,0.06412850320339203
11,7,0.8927757740020752,0.8730481266975403,0.019452378153800964,2.752415895462036,0.14671707153320312
11,8,1.2800064086914062,1.2429814338684082,0.036182716488838196,8.422006607055664,0.15413036942481995
11,9,0.9364672303199768,0.9214902520179749,0.014918679371476173,0.582995593547821,0.07203647494316101
11,10,0.9828530550003052,0.9507932662963867,0.03150469437241554,5.551220417022705,0.11429537832736969
11,11,0.016771402209997177,0.01665010303258896,9.703055548015982e-05,0.24269041419029236,0.0036796322092413902
11,12,0.9290733933448792,0.8925026059150696,0.03610045090317726,4.7035698890686035,0.540169894695282
11,13,0.13214200735092163,0.12898719310760498,0.0031376986298710108,0.17121630907058716,0.10099738836288452
11,14,0.6299622654914856,0.6140069961547852,0.01575465127825737,2.006087303161621,0.2586091160774231
11,15,0.7753481268882751,0.7532132863998413,0.021716155111789703,4.186901092529297,0.31821930408477783
11,16,0.0166921466588974,0.016498129814863205,0.00018176823505200446,0.12249214947223663,0.046856507658958435
11,17,0.8867694139480591,0.8548372983932495,0.031507574021816254,4.245858192443848,0.3780069649219513
11,18,0.014647940173745155,0.014499645680189133,0.00013595478958450258,0.12339674681425095,0.05159685015678406
11,19,0.49928703904151917,0.4889536201953888,0.010191528126597404,1.418930172920227,0.057257458567619324
11,20,0.8293513655662537,0.8028046488761902,0.026210114359855652,3.3661327362060547,0.38552218675613403
11,21,0.40481001138687134,0.3982960879802704,0.006461219862103462,0.5269020199775696,0.036880843341350555
11,22,0.19851179420948029,0.19569125771522522,0.0028043186757713556,0.1621074080467224,0.018101727589964867
11,23,0.23727622628211975,0.23375356197357178,0.003498793113976717,0.23872999846935272,0.04336731135845184
11,24,0.026988426223397255,0.026844995096325874,0.0001321533345617354,0.11278710514307022,0.027149531990289688
11,25,0.3448253571987152,0.33671146631240845,0.008069828152656555,0.44070467352867126,0.013696102425456047
11,26,1.1727995872497559,1.1347053050994873,0.03762218356132507,4.7212324142456055,0.18282288312911987
11,27,0.19748924672603607,0.19489167630672455,0.0025824951007962227,0.15083354711532593,0.012376652099192142
11,28,0.45319604873657227,0.4397239089012146,0.013423364609479904,0.4878491759300232,0.0570860281586647
11,29,0.6244364380836487,0.6079195737838745,0.01633300632238388,1.838638424873352,0.23942930996418
11,30,0.25483086705207825,0.2508479058742523,0.00396044971421361,0.22513088583946228,0.05585222691297531
11,31,0.9046605229377747,0.8766436576843262,0.027627168223261833,3.8969919681549072,0.3795715272426605
11,32,0.41720932722091675,0.41195160150527954,0.005226254928857088,0.3147130012512207,0.03275500610470772
11,33,0.2918197214603424,0.28735095262527466,0.004397640936076641,0.7114014625549316,0.047275327146053314
11,34,0.2221912145614624,0.21904483437538147,0.003132198704406619,0.1418663114309311,0.051572322845458984
11,35,1.1624616384506226,1.1270241737365723,0.03502786159515381,4.096420764923096,0.20523375272750854
11,36,0.4349951446056366,0.429792582988739,0.0051805744878947735,0.21987377107143402,0.03174818307161331
11,37,0.034579649567604065,0.03433666750788689,0.00021908071357756853,0.23903188109397888,0.008094380609691143
11,38,0.4409898817539215,0.43559587001800537,0.005319961346685886,0.740624725818634,0.03310588747262955
11,39,1.145045518875122,1.11488676071167,0.029724566265940666,4.342154502868652,0.17715886235237122
11,40,0.20216183364391327,0.19996023178100586,0.002185467164963484,0.16131475567817688,0.013152062892913818
11,41,0.3966320753097534,0.3916209936141968,0.004984503611922264,0.26581010222435,0.0297438595443964
11,42,0.24943576753139496,0.24597831070423126,0.0034376163966953754,0.1982833743095398,0.05111850053071976
11,43,0.01935398578643799,0.01922568306326866,0.00010377384751336649,0.24529112875461578,0.0033039988484233618
11,44,0.8677006959915161,0.8448362350463867,0.022553618997335434,3.108283519744873,0.5064354538917542
11,45,0.4421665072441101,0.4336767792701721,0.008328472264111042,1.6126397848129272,0.05350545793771744
11,46,1.1509454250335693,1.123500108718872,0.02714972198009491,2.9561214447021484,0.12349450588226318
11,47,1.0635616779327393,1.0200045108795166,0.042808398604393005,7.487693786621094,0.11362038552761078
11,48,0.049767885357141495,0.04898180067539215,0.0007549712900072336,0.3111458718776703,0.027175040915608406
11,49,0.23915137350559235,0.2358517199754715,0.0032810340635478497,0.18633326888084412,0.04928184300661087
11,50,0.9123068451881409,0.8828009963035583,0.029081664979457855,4.241838455200195,0.3562178313732147
11,51,0.38355553150177,0.37790846824645996,0.0056327935308218,0.14286060631275177,0.02378048002719879
11,52,0.9784123301506042,0.9434272050857544,0.03448532521724701,4.997562408447266,0.4233807921409607
11,53,0.14507940411567688,0.14158225059509277,0.0034616661723703146,0.35491758584976196,0.12558136880397797
11,54,0.0439823642373085,0.043411776423454285,0.0005419945227913558,0.2859083116054535,0.02192576602101326
11,55,1.2490350008010864,1.1987632513046265,0.04898775741457939,12.839841842651367,0.2584497332572937
11,56,0.38737252354621887,0.3818892538547516,0.005468709394335747,0.1455894559621811,0.02226579561829567
11,57,1.0650537014007568,1.0302318334579468,0.03402181342244148,8.000656127929688,0.22802472114562988
11,58,0.884597659111023,0.8691672086715698,0.015319392085075378,1.1102021932601929,0.1442892700433731
11,59,0.3431206941604614,0.3376584053039551,0.005420580040663481,0.4172070622444153,0.029039375483989716
11,60,0.36922013759613037,0.3633047342300415,0.00585721991956234,0.5815960168838501,0.029952310025691986
11,61,0.3776590824127197,0.36996448040008545,0.007647024467587471,0.47579336166381836,0.011437997221946716
11,62,0.9068030714988708,0.8916498422622681,0.015059808269143105,0.9341791272163391,0.10477203130722046
11,63,0.13076111674308777,0.12857797741889954,0.0021754824556410313,0.07663605362176895,0.054473601281642914
11,64,0.4476255476474762,0.4412270784378052,0.0062968796119093895,1.016024112701416,0.03679114207625389
11,65,0.017266493290662766,0.01712988317012787,0.00012437638361006975,0.12233126163482666,0.05940002202987671
11,66,0.7027830481529236,0.6889908313751221,0.013729730620980263,0.6245480179786682,0.09642888605594635
11,67,0.22740976512432098,0.22459831833839417,0.002796306274831295,0.15132272243499756,0.0509459562599659
11,68,0.20576931536197662,0.20331096649169922,0.0024418302346020937,0.165314719080925,0.0160943865776062
11,69,0.21114423871040344,0.20826095342636108,0.002864592708647251,0.1868847757577896,0.019048642367124557
11,70,1.1892139911651611,1.1473417282104492,0.04135122895240784,5.210627555847168,0.1762794852256775
11,71,0.35609784722328186,0.3463227450847626,0.00967654399573803,0.9854873418807983,0.06533893942832947
11,72,1.0248758792877197,0.9919649362564087,0.03231942653656006,5.915646553039551,0.5391430854797363
11,73,0.019561121240258217,0.019430391490459442,0.00010470116831129417,0.26028841733932495,0.0029173020739108324
11,74,0.9478165507316589,0.9145904779434204,0.03277226537466049,4.538217544555664,0.35510963201522827
11,75,1.0605098009109497,1.0232900381088257,0.0367230549454689,4.967340469360352,0.12795771658420563
11,76,1.0093764066696167,0.9835134744644165,0.025328587740659714,5.342987537384033,0.1738811582326889
11,77,0.9138896465301514,0.8862242698669434,0.02732398733496666,3.4143292903900146,0.5513426661491394
11,78,0.43562811613082886,0.4269818067550659,0.008457949385046959,1.8834744691848755,0.07120035588741302
11,79,0.027074353769421577,0.026838744059205055,0.00020875147311016917,0.2685718536376953,0.007637171074748039
11,80,0.14333634078502655,0.14022046327590942,0.0030920403078198433,0.23846690356731415,0.127455472946167
11,81,0.4531440734863281,0.4453442096710205,0.007758600637316704,0.41280776262283325,0.0513458326458931
11,82,0.02734147571027279,0.02712562307715416,0.00019137475464958698,0.24477608501911163,0.007781610358506441
11,83,0.5455172061920166,0.538554310798645,0.006868945434689522,0.9391217827796936,0.04714876040816307
11,84,0.3570791184902191,0.3501814603805542,0.006857049651443958,0.40621769428253174,0.024907682090997696
11,85,1.1590195894241333,1.131561040878296,0.02691478282213211,5.436709880828857,0.1661931574344635
11,86,0.028508741408586502,0.02829994447529316,0.00018156107398681343,0.27234742045402527,0.007410828024148941
11,87,0.40743470191955566,0.40125030279159546,0.006162077188491821,0.22335879504680634,0.03434515744447708
11,88,0.35273638367652893,0.34608063101768494,0.006597790867090225,0.5795480012893677,0.05923066288232803
11,89,0.7862866520881653,0.7724719047546387,0.01371879130601883,0.9594104886054993,0.12562307715415955
11,90,0.02461928501725197,0.024504559114575386,9.136484004557133e-05,0.23362064361572266,0.003343490883708
11,91,0.8895657062530518,0.8756986856460571,0.013815276324748993,0.5175856351852417,0.09064601361751556
11,92,1.0782790184020996,1.0395615100860596,0.038051992654800415,6.655107498168945,0.1625063270330429
11,93,0.8828787207603455,0.8541487455368042,0.028421511873602867,3.084303140640259,0.3618335723876953
11,94,0.014656605198979378,0.014525864273309708,0.00011919207463506609,0.11548759043216705,0.03791755437850952
11,95,0.8660190105438232,0.8541449308395386,0.01178823597729206,0.8580247163772583,0.11509103327989578
11,96,0.013513945043087006,0.013385262340307236,0.00011710170656442642,0.11580893397331238,0.04838066175580025
11,97,0.6307297348976135,0.61537766456604,0.015177617780864239,1.7448415756225586,0.263252317905426
11,98,0.01452670618891716,0.014399155974388123,0.0001156946673290804,0.11855759471654892,0.057669442147016525
11,99,0.7408251166343689,0.7297113537788391,0.011056681163609028,0.5710379481315613,0.0866158977150917
11,100,1.1662201881408691,1.1347321271896362,0.030777927488088608,7.101698875427246,0.18288791179656982
12,1,0.4517219364643097,0.44339028000831604,0.008164928294718266,1.6670619249343872,0.050468809902668
12,2,0.34912919998168945,0.3405149579048157,0.008575262501835823,0.3896772563457489,0.021748583763837814
12,3,0.4248369634151459,0.4183884859085083,0.006366608198732138,0.818658173084259,0.036505237221717834
12,4,0.33892691135406494,0.3317406475543976,0.007138674613088369,0.4758613705635071,0.04086753726005554
12,5,0.24935214221477509,0.24541454017162323,0.003913884982466698,0.23721417784690857,0.054842762649059296
12,6,0.3595418334007263,0.3502534329891205,0.009233290329575539,0.5510712265968323,0.03387943655252457
12,7,0.8693041801452637,0.8411450386047363,0.02782207354903221,3.3707704544067383,0.6697133779525757
12,8,0.021804843097925186,0.021671760827302933,0.00010623650450725108,0.26846277713775635,0.003822772763669491
12,9,0.222407728433609,0.21983782947063446,0.0025513027794659138,0.18598489463329315,0.017244670540094376
12,10,0.8200663924217224,0.7950927019119263,0.024682197719812393,2.914818286895752,0.2766306400299072
12,11,1.098749041557312,1.0730828046798706,0.025371652096509933,2.9451234340667725,0.08397427201271057
12,12,0.9573439955711365,0.9294506311416626,0.027470868080854416,4.224628925323486,0.3740575313568115
12,13,0.0387728326022625,0.03857340291142464,0.00017668306827545166,0.22746175527572632,0.008712494745850563
12,14,0.45778894424438477,0.4521567225456238,0.005565823055803776,0.6641054749488831,0.030071046203374863
12,15,0.9005524516105652,0.872856080532074,0.02733639068901539,3.5993804931640625,0.6758977174758911
12,16,0.14154468476772308,0.13809330761432648,0.003429042175412178,0.22341078519821167,0.12578649818897247
12,17,1.0173665285110474,0.9717198014259338,0.04503320902585983,6.136100769042969,0.16864228248596191
12,18,0.18880358338356018,0.18710549175739288,0.0016900321934372187,0.08068050444126129,0.01003329548984766
12,19,0.3867139518260956,0.38192957639694214,0.004768374375998974,0.16002480685710907,0.01998729631304741
12,20,0.9297692179679871,0.9155092239379883,0.014170505106449127,0.8945240378379822,0.0913366824388504
12,21,0.047920603305101395,0.04728495702147484,0.0006077623111195862,0.278820663690567,0.024426665157079697
12,22,0.42806509137153625,0.42154234647750854,0.00641515851020813,1.0758395195007324,0.035664014518260956
12,23,0.04504706710577011,0.0444176010787487,0.0006022565066814423,0.27211007475852966,0.021742848679423332
12,24,0.21441732347011566,0.2128574252128601,0.001550813321955502,0.09087222069501877,0.0055677443742752075
12,25,0.04350784793496132,0.04283313825726509,0.0006477622082456946,0.26947715878486633,0.0209474116563797
12,26,0.3463105857372284,0.3407353162765503,0.005536765791475773,0.3850500285625458,0.029981378465890884
12,27,0.9948614835739136,0.9719417095184326,0.02250710129737854,4.126818656921387,0.15196040272712708
12,28,0.863768458366394,0.8517815470695496,0.011951935477554798,0.35017138719558716,0.07104283571243286
12,29,0.3965171277523041,0.39172887802124023,0.004763153847306967,0.2509158253669739,0.03653935343027115
12,30,0.8990929126739502,0.8871275186538696,0.011915165930986404,0.5023019909858704,0.09825919568538666
12,31,0.8881238698959351,0.8606489896774292,0.027106601744890213,3.683035135269165,0.46470409631729126
12,32,0.23742808401584625,0.23415973782539368,0.0032482706010341644,0.20071622729301453,0.06906427443027496
12,33,1.0002996921539307,0.9738041758537292,0.02598559483885765,5.098681926727295,0.21600845456123352
12,34,0.9219098091125488,0.9087926149368286,0.01301131583750248,1.0586873292922974,0.1403672993183136
12,35,0.4433692693710327,0.43280160427093506,0.010400439612567425,1.672160029411316,0.05064142867922783
12,36,0.3857455253601074,0.3806169331073761,0.005114508792757988,0.1408601701259613,0.019821319729089737
12,37,0.6898537874221802,0.6737778186798096,0.01587206870317459,2.0391268730163574,0.24855169653892517
12,38,0.028419066220521927,0.02822028659284115,0.00017203015158884227,0.26749834418296814,0.006477200426161289
12,39,0.6885088682174683,0.6783941984176636,0.01006502564996481,0.496673583984375,0.05608917772769928
12,40,0.6251699328422546,0.61073237657547,0.014261294156312943,1.762324571609497,0.18108493089675903
12,41,0.3304172158241272,0.3255458474159241,0.00483877444639802,0.3261432647705078,0.03557480871677399
12,42,0.32998955249786377,0.3247937262058258,0.005158004816621542,0.3783138692378998,0.03791402280330658
12,43,0.6072973608970642,0.5943881273269653,0.012768395245075226,1.4087002277374268,0.20914199948310852
12,44,0.41987144947052,0.41490668058395386,0.004942497704178095,0.2224932461977005,0.03619370982050896
12,45,0.1338479369878769,0.13147881627082825,0.002360402839258313,0.08713366836309433,0.06411632895469666
12,46,0.19551421701908112,0.1933518946170807,0.002149973064661026,0.12345707416534424,0.01330101303756237
12,47,0.12762609124183655,0.12438742071390152,0.0032187760807573795,0.19895601272583008,0.10286395251750946
12,48,0.4152492582798004,0.40612494945526123,0.009081457741558552,0.4286956191062927,0.05087795481085777
12,49,0.8985282182693481,0.8845304250717163,0.013897694647312164,1.001007080078125,0.10612696409225464
12,50,0.20545177161693573,0.20322978496551514,0.0022085411474108696,0.13436540961265564,0.011487793177366257
12,51,1.1564747095108032,1.119207739830017,0.03680001199245453,4.6692214012146,0.14044366776943207
12,52,0.02046973630785942,0.020345335826277733,9.912814857671037e-05,0.25273290276527405,0.0025876241270452738
12,53,0.18652303516864777,0.18471670150756836,0.0017960305558517575,0.10302739590406418,0.012258440256118774
12,54,0.044786419719457626,0.044064752757549286,0.0006922527099959552,0.29416748881340027,0.02247106283903122
12,55,0.9330062866210938,0.9148598909378052,0.01796352118253708,1.8286330699920654,0.1810709536075592
12,56,0.4044535458087921,0.3994733989238739,0.004956472665071487,0.23652109503746033,0.039835523813962936
12,57,0.4273182153701782,0.42075610160827637,0.006500415038317442,0.6167950630187988,0.045949600636959076
12,58,0.9101751446723938,0.8769445419311523,0.032817237079143524,4.133769989013672,0.36140838265419006
12,59,0.021874655038118362,0.021788612008094788,6.396483513526618e-05,0.22078144550323486,0.007147941738367081
12,60,0.015306137502193451,0.015161578543484211,0.00013358767319004983,0.10971374064683914,0.04619116708636284
12,61,0.34941330552101135,0.34315982460975647,0.006197003647685051,0.5647546648979187,0.04144353047013283
12,62,0.021138738840818405,0.020986316725611687,0.00012809883628506213,0.24323254823684692,0.003025979269295931
12,63,0.35698485374450684,0.3545803725719452,0.002395816845819354,0.08673906326293945,0.0227845199406147
12,64,0.522998571395874,0.5144033432006836,0.00848226249217987,1.1293965578079224,0.08072404563426971
12,65,0.9697884321212769,0.9377402067184448,0.03169107809662819,3.5717430114746094,0.5141953229904175
12,66,0.34869715571403503,0.33821314573287964,0.010418500751256943,0.6551094055175781,0.04481594264507294
12,67,1.0248699188232422,0.9811317324638367,0.043075643479824066,6.6258344650268555,0.16197244822978973
12,68,0.2523307204246521,0.24830083549022675,0.004009632859379053,0.20253987610340118,0.07855159044265747
12,69,0.031107885763049126,0.030889637768268585,0.00018900848226621747,0.2923966348171234,0.006465584971010685
12,70,1.262200951576233,1.231563925743103,0.030292222276329994,3.4477643966674805,0.10070349276065826
12,71,0.9506472945213318,0.9375824928283691,0.013006182387471199,0.5857982635498047,0.036759063601493835
12,72,0.026679029688239098,0.02659318968653679,6.260830559767783e-05,0.23231175541877747,0.0029668486677110195
12,73,0.04627154394984245,0.04578349366784096,0.00046051834942772985,0.2753544747829437,0.017543451860547066
12,74,0.36330848932266235,0.35867151618003845,0.004626123234629631,0.10862146317958832,0.015181424096226692
12,75,0.04510215297341347,0.04446685314178467,0.000605315319262445,0.29984986782073975,0.02081313356757164
12,76,0.014967851340770721,0.01485066395252943,9.234186290996149e-05,0.248457670211792,0.0028004024643450975
12,77,0.882353663444519,0.8539585471153259,0.028025798499584198,3.6932342052459717,0.5067169666290283
12,78,0.9930111765861511,0.9398797750473022,0.0524398498237133,6.915313720703125,0.123200923204422
12,79,0.8941750526428223,0.8729748129844666,0.020891766995191574,3.0845630168914795,0.16384932398796082
12,80,0.12805919349193573,0.12588098645210266,0.002170609775930643,0.07600172609090805,0.05841071531176567
12,81,0.4759153425693512,0.4650440514087677,0.010815410874783993,0.5589281916618347,0.0640222579240799
12,82,0.677090048789978,0.6572004556655884,0.019563304260373116,3.262601375579834,0.2594464421272278
12,83,1.0093462467193604,0.9664684534072876,0.04220603406429291,6.717910289764404,0.13730888068675995
12,84,0.868378758430481,0.84297776222229,0.02510887384414673,2.9214560985565186,0.3374479115009308
12,85,0.006409671623259783,0.006344383582472801,6.520911119878292e-05,0.0007890842971391976,0.0010198040399700403
12,86,1.1199928522109985,1.08628249168396,0.03301950544118881,6.908612251281738,0.21245774626731873
12,87,0.34375327825546265,0.3371239900588989,0.006571801844984293,0.5747769474983215,0.04484735056757927
12,88,0.13265958428382874,0.13030821084976196,0.00234246626496315,0.08904460072517395,0.06271910667419434
12,89,0.9422701597213745,0.924679160118103,0.017511308193206787,0.7970534563064575,0.10540669411420822
12,90,0.4443429708480835,0.43858128786087036,0.005737265571951866,0.24400994181632996,0.03540122136473656
12,91,0.12137530744075775,0.11946660280227661,0.0019016010919585824,0.07096890360116959,0.049235355108976364
12,92,0.015276001766324043,0.015176389366388321,7.526602712459862e-05,0.24346289038658142,0.0030507277697324753
12,93,0.019910236820578575,0.019758567214012146,0.00012552928819786757,0.2614012360572815,0.0035872873850166798
12,94,0.4070620536804199,0.4022234082221985,0.004817549139261246,0.21099957823753357,0.028909362852573395
12,95,1.156693458557129,1.1232855319976807,0.03303268551826477,3.7524192333221436,0.18457287549972534
12,96,0.6085910797119141,0.5931936502456665,0.015231680124998093,1.6578876972198486,0.22835767269134521
12,97,0.015515027567744255,0.015398366376757622,9.144921932602301e-05,0.2521142363548279,0.0034889783710241318
12,98,0.027246959507465363,0.02702644281089306,0.0001929322024807334,0.27583178877830505,0.0074633038602769375
12,99,1.2432663440704346,1.2027432918548584,0.040037497878074646,4.8551836013793945,0.1470659226179123
12,100,0.08006176352500916,0.0780164822936058,0.002041594125330448,0.03688940405845642,0.028768908232450485
13,1,0.014209371991455555,0.014107774943113327,7.729410572210327e-05,0.24302779138088226,0.003231378272175789
13,2,0.480621874332428,0.470406174659729,0.010161401703953743,0.5430160760879517,0.041841041296720505
13,3,0.3864175081253052,0.3814944922924042,0.00491084810346365,0.12152428179979324,0.014913284219801426
13,4,1.040297269821167,1.016479253768921,0.023327892646193504,4.900786399841309,0.16637754440307617
13,5,0.01926269754767418,0.019128309562802315,0.00010875946463784203,0.25628462433815,0.0030514567624777555
13,6,0.004962696228176355,0.004929066635668278,1.1925687431357801e-05,0.21704190969467163,0.0015052435919642448
13,7,1.0297609567642212,0.9756149053573608,0.05326565355062485,8.803351402282715,0.1400679647922516
13,8,0.9619078040122986,0.9437329769134521,0.01809176802635193,0.8302059173583984,0.11843924224376678
13,9,0.7742059230804443,0.7516445517539978,0.022128447890281677,4.329312324523926,0.3329463601112366
13,10,0.013485397212207317,0.013347109779715538,0.0001263832818949595,0.11904244869947433,0.06713898479938507
13,11,0.7694150805473328,0.7551786303520203,0.014156466349959373,0.7999659180641174,0.09339205920696259
13,12,0.18804389238357544,0.18634028732776642,0.0016951768193393946,0.08432681858539581,0.00991286151111126
13,13,0.2057150900363922,0.2035299837589264,0.002170120133087039,0.14985908567905426,0.00913024041801691
13,14,0.40416163206100464,0.4002605378627777,0.003883978584781289,0.17101651430130005,0.015549268573522568
13,15,0.9311777353286743,0.9170109033584595,0.01409086026251316,0.7597488164901733,0.04855812340974808
13,16,0.018947919830679893,0.01874912902712822,0.00018774121417663991,0.11049919575452805,0.030025508254766464
13,17,0.3636680245399475,0.35643208026885986,0.007191418204456568,0.44514089822769165,0.010471642017364502
13,18,0.38353219628334045,0.37928780913352966,0.004229867830872536,0.14513666927814484,0.01342269591987133
13,19,0.018396515399217606,0.01830688677728176,6.669409776804969e-05,0.22935286164283752,0.002591919619590044
13,20,0.015660787001252174,0.015549756586551666,8.69190989760682e-05,0.2411167472600937,0.00280213076621294
13,21,0.22438599169254303,0.22153422236442566,0.002837415784597397,0.14352716505527496,0.05361281707882881
13,22,0.4890674948692322,0.4755092263221741,0.013510609976947308,0.47658565640449524,0.12068413197994232
13,23,0.8950875997543335,0.8811454772949219,0.013846148736774921,0.9594792127609253,0.19298675656318665
13,24,0.0029559882823377848,0.00290488894097507,2.8125337848905474e-05,0.22974121570587158,0.002469413448125124
13,25,1.3424263000488281,1.2957987785339355,0.04545365273952484,11.738321304321289,0.20590808987617493
13,26,0.015042557381093502,0.014921627938747406,0.00010872536222450435,0.12203683704137802,0.07678429782390594
13,27,0.23235367238521576,0.22988715767860413,0.002454895293340087,0.11616285145282745,0.03697599470615387
13,28,0.34593626856803894,0.33981963992118835,0.006072277668863535,0.443588525056839,0.0318642258644104
13,29,0.03970598429441452,0.03930076211690903,0.0003766454756259918,0.28576746582984924,0.018509812653064728
13,30,0.3329531252384186,0.3276718258857727,0.005245739594101906,0.355424702167511,0.03831711784005165
13,31,0.8879960179328918,0.8698402047157288,0.017988910898566246,1.6690467596054077,0.10888604819774628
13,32,1.0399160385131836,1.001538634300232,0.03768817335367203,6.892969608306885,0.59100341796875
13,33,1.225753664970398,1.1735092401504517,0.05076529085636139,14.792003631591797,0.17856457829475403
13,34,0.377846360206604,0.37115350365638733,0.006631281692534685,0.6156037449836731,0.06585236638784409
13,35,0.9151829481124878,0.8826590180397034,0.03212543576955795,3.9851481914520264,0.5173008441925049
13,36,0.4743606746196747,0.4679505228996277,0.006333976052701473,0.7617353200912476,0.0558018833398819
13,37,0.27986210584640503,0.2762176990509033,0.003620270173996687,0.2414829432964325,0.06711797416210175
13,38,0.5426030158996582,0.5375468730926514,0.005029959604144096,0.26161378622055054,0.07259507477283478
13,39,0.8355952501296997,0.8117243051528931,0.02357887662947178,2.9207682609558105,0.22735705971717834
13,40,0.02470025233924389,0.024548519402742386,0.00012519318261183798,0.2653873860836029,0.0030711195431649685
13,41,0.37528231739997864,0.3686111271381378,0.006621332373470068,0.4986110031604767,0.013124189339578152
13,42,0.029597993940114975,0.029494758695364,7.754481339361519e-05,0.25689080357551575,0.002570729237049818
13,43,0.051890429109334946,0.05136489495635033,0.0004950162838213146,0.3051760494709015,0.020714934915304184
13,44,0.02471121959388256,0.024579597637057304,0.00011888796143466607,0.12734051048755646,0.10782641172409058
13,45,0.02342834323644638,0.023285314440727234,0.00011463167902547866,0.28398793935775757,0.002268353709951043
13,46,0.029035288840532303,0.028565287590026855,0.00044091494055464864,0.29087716341018677,0.014914005994796753
13,47,1.0354032516479492,0.9968338012695312,0.037759605795145035,8.097390174865723,0.2555159032344818
13,48,1.1838932037353516,1.151331901550293,0.03222980722784996,3.3149399757385254,0.1990593522787094
13,49,1.0761713981628418,1.0485990047454834,0.026982491835951805,5.898141860961914,0.20629972219467163
13,50,0.5136913657188416,0.5057982206344604,0.00774711649864912,1.4600296020507812,0.029431400820612907
13,51,0.8812929391860962,0.8703293800354004,0.010879778303205967,0.8379793763160706,0.07915714383125305
13,52,1.1208492517471313,1.0921484231948853,0.028077419847249985,6.2351813316345215,0.13043053448200226
13,53,0.4109317362308502,0.40547502040863037,0.00536950770765543,0.8718838095664978,0.03220076113939285
13,54,0.06105444207787514,0.06096330285072327,6.84491969877854e-05,0.2269008308649063,0.003772525116801262
13,55,0.9215349555015564,0.8953874111175537,0.02583295851945877,3.1457786560058594,0.6560842990875244
13,56,0.51248699426651,0.5000666379928589,0.012305880896747112,1.1450551748275757,0.10307448357343674
13,57,1.0627827644348145,1.0230042934417725,0.03905626758933067,7.221642017364502,0.6721736192703247
13,58,0.09182490408420563,0.09092361479997635,0.0008956095553003252,0.05678115040063858,0.051361922174692154
13,59,0.038144126534461975,0.0379166305065155,0.00019939083722420037,0.281017541885376,0.0076325638219714165
13,60,0.4701542854309082,0.462283194065094,0.007776707410812378,0.9438899159431458,0.06250283122062683
13,61,0.9765374660491943,0.9355785250663757,0.04045725613832474,5.016802787780762,0.12751504778862
13,62,0.4036235809326172,0.3967593312263489,0.006765179336071014,0.9905325770378113,0.06270827353000641
13,63,0.6255608797073364,0.6119664907455444,0.013453412801027298,1.4094350337982178,0.22796601057052612
13,64,1.1467370986938477,1.1221792697906494,0.02428177371621132,2.7604572772979736,0.10445955395698547
13,65,0.4061870872974396,0.4007880687713623,0.005363953299820423,0.35071930289268494,0.03358767554163933
13,66,0.9014750719070435,0.8914980888366699,0.009901700541377068,0.7530382871627808,0.1104234904050827
13,67,1.1461206674575806,1.1192636489868164,0.026424318552017212,4.326870918273926,0.1274850070476532
13,68,0.38670772314071655,0.3818221688270569,0.004822739865630865,0.6281462907791138,0.04896612465381622
13,69,0.04326746240258217,0.04302947223186493,0.00021221302449703217,0.2577519416809082,0.0057549066841602325
13,70,0.13752882182598114,0.1354934424161911,0.0020292820408940315,0.06091747060418129,0.06015223264694214
13,71,0.5858038067817688,0.5717453956604004,0.013876596465706825,1.8179376125335693,0.2625831961631775
13,72,1.0540724992752075,1.0104937553405762,0.04291239753365517,6.66360330581665,0.1345011293888092
13,73,0.967370867729187,0.9502977132797241,0.01698644831776619,0.8673421740531921,0.07789437472820282
13,74,0.022287584841251373,0.022197749465703964,7.008028478594497e-05,0.1975451111793518,0.0027218905743211508
13,75,0.9541764855384827,0.9172468185424805,0.0364222526550293,5.074224948883057,0.24172192811965942
13,76,0.13737370073795319,0.13401484489440918,0.003343523945659399,0.1533803641796112,0.08113116025924683
13,77,0.019188281148672104,0.01911049336194992,5.8808396715903655e-05,0.1897791475057602,0.002469312399625778
13,78,0.393680602312088,0.38943344354629517,0.004223930649459362,0.23230350017547607,0.024648316204547882
13,79,0.33763387799263,0.33180296421051025,0.005792015697807074,0.38903912901878357,0.04308202117681503
13,80,0.24712860584259033,0.24400284886360168,0.0031099291518330574,0.15822039544582367,0.04333830624818802
13,81,0.47825226187705994,0.47055017948150635,0.007603117264807224,0.989617109298706,0.05697891116142273
13,82,0.22952909767627716,0.22693204879760742,0.00258061196655035,0.16438297927379608,0.0482298880815506
13,83,0.27460816502571106,0.2718035578727722,0.0027944426983594894,0.10148152709007263,0.02905460074543953
13,84,0.024579275399446487,0.02446438930928707,9.133006824413314e-05,0.23557613790035248,0.00230517890304327
13,85,0.5477980375289917,0.5319540500640869,0.015774592757225037,0.6938449144363403,0.19566737115383148
13,86,0.026910580694675446,0.026731032878160477,0.00015628858818672597,0.2325824350118637,0.005391962826251984
13,87,0.13783720135688782,0.13449138402938843,0.003324585035443306,0.21237148344516754,0.10758817940950394
13,88,0.019830672070384026,0.019692420959472656,0.00012681822408922017,0.11432767659425735,0.04088656231760979
13,89,0.8642158508300781,0.8531213998794556,0.01100566703826189,0.887972891330719,0.08359063416719437
13,90,1.145166039466858,1.0960195064544678,0.04780975356698036,13.368093490600586,0.1173701286315918
13,91,0.03282978758215904,0.032713670283555984,9.53557901084423e-05,0.20759530365467072,0.0031989370472729206
13,92,0.4240587651729584,0.4205375611782074,0.0034939078614115715,0.27290135622024536,0.014064643532037735
13,93,0.6343746185302734,0.618503749370575,0.015679065138101578,1.917880654335022,0.22948057949543
13,94,0.650561511516571,0.6348639726638794,0.015455597080290318,2.419196367263794,0.29135051369667053
13,95,0.44422248005867004,0.4395059049129486,0.004684947431087494,0.3162483870983124,0.03853747993707657
13,96,0.6952944397926331,0.6833299398422241,0.011913098394870758,0.513854444026947,0.11577017605304718
13,97,0.3543855845928192,0.3481036424636841,0.006209729239344597,0.7221114039421082,0.05614466965198517
13,98,0.19723550975322723,0.19548740983009338,0.0017343766521662474,0.1372205764055252,0.0141135910525918
13,99,0.14466579258441925,0.14250174164772034,0.0021564725320786238,0.07591374218463898,0.06509360671043396
13,100,0.14224402606487274,0.14012068510055542,0.0021140228491276503,0.09319739788770676,0.06500999629497528
14,1,0.7249615788459778,0.7112324833869934,0.0136695746332407,0.5954597592353821,0.1189626157283783
14,2,0.3678131401538849,0.3610851764678955,0.006675488315522671,0.5247103571891785,0.00968159083276987
14,3,0.5714848041534424,0.5589085817337036,0.012442889623343945,1.333574652671814,0.23430559039115906
14,4,0.02389747090637684,0.023769814521074295,0.00010450684931129217,0.2314908355474472,0.003905602265149355
14,5,0.04614610597491264,0.04556531086564064,0.0005538921104744077,0.2690492570400238,0.021908102557063103
14,6,0.029446030035614967,0.02926643192768097,0.0001560748933115974,0.2352362722158432,0.008111583068966866
14,7,0.6880631446838379,0.6766383647918701,0.011374599300324917,0.5017515420913696,0.056305304169654846
14,8,0.029724253341555595,0.029522445052862167,0.0001765953202266246,0.25213369727134705,0.008685149252414703
14,9,0.22652393579483032,0.2244088500738144,0.0021056225523352623,0.09463779628276825,0.032624006271362305
14,10,0.882334291934967,0.8686532974243164,0.013581279665231705,0.9974040389060974,0.13376224040985107
14,11,0.8939111232757568,0.8800279498100281,0.01378322672098875,0.9994216561317444,0.14900538325309753
14,12,0.7292119264602661,0.7189525365829468,0.010204441845417023,0.5493431687355042,0.10694260895252228
14,13,0.019048772752285004,0.018932513892650604,8.921897097025067e-05,0.27039769291877747,0.0032328455708920956
14,14,0.9141485095024109,0.8829243183135986,0.030840270221233368,3.8391201496124268,0.631535530090332
14,15,0.8409992456436157,0.8302043676376343,0.01072737667709589,0.6745805144309998,0.10888727009296417
14,16,0.8974587917327881,0.8853037357330322,0.01210608147084713,0.4899698793888092,0.06072968244552612
14,17,0.028759201988577843,0.02855701372027397,0.00017360736092086881,0.2858012020587921,0.007965280674397945
14,18,0.8294880986213684,0.8095468282699585,0.01969579979777336,2.4545223712921143,0.2753155827522278
14,19,0.36547771096229553,0.35914480686187744,0.006299890577793121,0.3301672041416168,0.012223640456795692
14,20,0.4531152844429016,0.4458564519882202,0.0072310445830225945,0.2778771221637726,0.038280535489320755
14,21,0.23666049540042877,0.23386003077030182,0.002787679433822632,0.127827450633049,0.05531933158636093
14,22,1.0347727537155151,0.9847279191017151,0.049220211803913116,8.245513916015625,0.16256198287010193
14,23,0.026493553072214127,0.026351753622293472,0.00011262669431744143,0.29172950983047485,0.002613088581711054
14,24,0.9331496953964233,0.9020850658416748,0.030612561851739883,4.520334720611572,0.6132893562316895
14,25,0.47142118215560913,0.4636406898498535,0.007735142484307289,0.4535066783428192,0.08636701852083206
14,26,0.12986218929290771,0.12783999741077423,0.002013654448091984,0.08532232791185379,0.06602787971496582
14,27,0.6211140751838684,0.6082881689071655,0.012678306549787521,1.4756202697753906,0.23504801094532013
14,28,0.6873449087142944,0.6781695485115051,0.009136497974395752,0.3887498080730438,0.07559002935886383
14,29,0.021274155005812645,0.02115023508667946,9.766878793016076e-05,0.26250436902046204,0.0035784291103482246
14,30,0.7025208473205566,0.6944724917411804,0.008008817210793495,0.3952985405921936,0.06551050394773483
14,31,0.5838572978973389,0.5740542411804199,0.00969691202044487,1.0616873502731323,0.16711390018463135
14,32,1.0229666233062744,0.9927411079406738,0.029823975637555122,4.0150346755981445,0.4085424542427063
14,33,1.1376430988311768,1.1123489141464233,0.025020558387041092,2.7357165813446045,0.14313748478889465
14,34,0.24319519102573395,0.24033643305301666,0.0028387117199599743,0.20044061541557312,0.04213327169418335
14,35,0.042628753930330276,0.0420672707259655,0.0005309031112119555,0.3058242201805115,0.0192874725908041
14,36,0.15582548081874847,0.1538323014974594,0.00198566191829741,0.07508708536624908,0.014687614515423775
14,37,0.9773855805397034,0.9391580820083618,0.03773185983300209,4.95604944229126,0.5728612542152405
14,38,0.1446540653705597,0.14113283157348633,0.003509694244712591,0.11526098847389221,0.10761268436908722
14,39,0.3626614212989807,0.35444459319114685,0.008177399635314941,0.3941624164581299,0.060453202575445175
14,40,0.4226975739002228,0.4172161817550659,0.005437605082988739,0.43777236342430115,0.04493219032883644
14,41,1.1451921463012695,1.1158089637756348,0.029064079746603966,3.1917994022369385,0.14931994676589966
14,42,0.06434307992458344,0.06358171999454498,0.0007281704456545413,0.33191215991973877,0.026737011969089508
14,43,0.030843045562505722,0.030624806880950928,0.00020520680118352175,0.130308136343956,0.03486063331365585
14,44,1.1765656471252441,1.1472909450531006,0.02892819605767727,3.4649622440338135,0.07976395636796951
14,45,0.8999078869819641,0.8901605606079102,0.009661170653998852,0.8612799048423767,0.06806541979312897
14,46,0.0386892706155777,0.03821709007024765,0.00044357197475619614,0.28611642122268677,0.016735784709453583
14,47,0.3286779224872589,0.3242935836315155,0.004356107674539089,0.28223296999931335,0.03154801204800606
14,48,0.13057778775691986,0.12748581171035767,0.003069451078772545,0.22533930838108063,0.11098892241716385
14,49,0.6730436086654663,0.6578490138053894,0.015019619837403297,1.7500110864639282,0.2875605523586273
14,50,0.89906907081604,0.8870223760604858,0.011966214515268803,0.8049067854881287,0.17628632485866547
14,51,0.33217501640319824,0.3258371949195862,0.0063180625438690186,0.19773679971694946,0.02159840613603592
14,52,0.9971668720245361,0.9733428359031677,0.023509686812758446,3.143301248550415,0.597328782081604
14,53,1.0696563720703125,1.0343077182769775,0.034717705100774765,6.310226917266846,0.6141262054443359
14,54,1.1144700050354004,1.0845789909362793,0.029607590287923813,2.8353476524353027,0.19338667392730713
14,55,0.3756645619869232,0.3710291087627411,0.004622254520654678,0.13202501833438873,0.019617445766925812
14,56,0.23564116656780243,0.23263585567474365,0.0029880483634769917,0.1726134717464447,0.04123370349407196
14,57,0.4317871332168579,0.42658036947250366,0.005122909788042307,0.8385989665985107,0.03441824018955231
14,58,0.021709667518734932,0.021178480237722397,0.0005304440855979919,0.007425016723573208,0.008277425542473793
14,59,0.9509783983230591,0.924721360206604,0.02587895095348358,3.780708074569702,0.10604149103164673
14,60,1.073177695274353,1.0447626113891602,0.027811188250780106,6.039254188537598,0.18955501914024353
14,61,0.36250725388526917,0.353580117225647,0.008834080770611763,0.9305356740951538,0.04994785040616989
14,62,0.0181308314204216,0.018012257292866707,0.00010577036300674081,0.12804393470287323,0.07817330956459045
14,63,0.12944340705871582,0.12765543162822723,0.001782000414095819,0.05971183255314827,0.037148673087358475
14,64,0.43731504678726196,0.42558377981185913,0.01169593632221222,0.3535476624965668,0.028657633811235428
14,65,0.39294275641441345,0.3878287672996521,0.005099328234791756,0.14660631120204926,0.015526674687862396
14,66,1.053520917892456,1.006969928741455,0.04584144800901413,7.094822406768799,0.10481590777635574
14,67,0.01467051263898611,0.01453297771513462,0.00012454655370675027,0.12988604605197906,0.04211646690964699
14,68,0.6744069457054138,0.6577327847480774,0.016421187669038773,2.5296711921691895,0.18281301856040955
14,69,1.0027179718017578,0.964624285697937,0.03733391314744949,7.597602367401123,0.14839935302734375
14,70,0.41603752970695496,0.41039326786994934,0.005565098952502012,0.7914472818374634,0.03413206711411476
14,71,0.3292853832244873,0.32421886920928955,0.005034434609115124,0.32063040137290955,0.041115839034318924
14,72,0.013207203708589077,0.013073712587356567,0.00011998778791166842,0.13503195345401764,0.057162150740623474
14,73,0.044667284935712814,0.0440790168941021,0.0005533256335183978,0.34942856431007385,0.025915727019309998
14,74,0.14274485409259796,0.13910335302352905,0.00361327244900167,0.28229326009750366,0.12098534405231476
14,75,0.19909144937992096,0.19629605114459991,0.002776696812361479,0.18693874776363373,0.019905708730220795
14,76,0.502065896987915,0.4900514781475067,0.011903936043381691,1.1052616834640503,0.08303332328796387
14,77,0.39158952236175537,0.3866695463657379,0.004846574738621712,0.7341232895851135,0.038748569786548615
14,78,0.018170377239584923,0.018076110631227493,6.89235093886964e-05,0.25342488288879395,0.004430748056620359
14,79,1.237075686454773,1.1993873119354248,0.03679315745830536,8.953174591064453,0.2091812640428543
14,80,0.8918958306312561,0.8796619176864624,0.012190515175461769,0.4337153434753418,0.10094726085662842
14,81,0.8409045934677124,0.829866886138916,0.011002888903021812,0.3480099141597748,0.08796696364879608
14,82,0.3643055260181427,0.3606964349746704,0.0036005089059472084,0.0859270691871643,0.012968230992555618
14,83,0.47030967473983765,0.4588460922241211,0.011396750807762146,0.6680575609207153,0.06132826954126358
14,84,0.01952483132481575,0.01941842772066593,8.181267912732437e-05,0.24590644240379333,0.00462677888572216
14,85,1.1100349426269531,1.0776033401489258,0.03203104808926582,4.005290508270264,0.20108264684677124
14,86,0.7150872349739075,0.7041874527931213,0.010855969972908497,0.4382249116897583,0.08427414298057556
14,87,0.028636321425437927,0.02844984456896782,0.00015937065472826362,0.27107036113739014,0.01023249514400959
14,88,0.027189629152417183,0.027016669511795044,0.00014589256898034364,0.2706778347492218,0.008941009640693665
14,89,0.12745505571365356,0.12483968585729599,0.0025978265330195427,0.17535671591758728,0.07944357395172119
14,90,0.2610078752040863,0.25820064544677734,0.002789259422570467,0.17965123057365417,0.04334861785173416
14,91,0.023606739938259125,0.023474279791116714,0.00010506292164791375,0.2739737927913666,0.00827820785343647
14,92,0.027038641273975372,0.02685866877436638,0.0001506208791397512,0.293506383895874,0.008487414568662643
14,93,1.1650336980819702,1.1325407028198242,0.0320541113615036,4.388724327087402,0.16937032341957092
14,94,0.017184602096676826,0.01707565225660801,8.096418605418876e-05,0.27986061573028564,0.0035910862497985363
14,95,0.021401487290859222,0.021261444315314293,0.00011062540579587221,0.29416653513908386,0.0032553421333432198
14,96,0.04505379498004913,0.044278472661972046,0.0007421585614793003,0.3316238224506378,0.02687249891459942
14,97,0.041540149599313736,0.04084281623363495,0.0006653052405454218,0.3202708959579468,0.02327289804816246
14,98,0.4531978368759155,0.44820111989974976,0.0049325404688715935,0.641688346862793,0.031653426587581635
14,99,1.2585620880126953,1.2153984308242798,0.04198267310857773,11.810441970825195,0.13384976983070374
14,100,0.37749212980270386,0.3730608820915222,0.004418537952005863,0.12682388722896576,0.017554765567183495
15,1,0.021756209433078766,0.021588623523712158,0.00013776260311715305,0.2982194125652313,0.0038998639211058617
15,2,0.01497788354754448,0.014787097461521626,0.00017772706632968038,0.13059444725513458,0.06165580078959465
15,3,0.027349088340997696,0.027151253074407578,0.00016801169840618968,0.29822587966918945,0.007558954879641533
15,4,0.3801497220993042,0.3756067752838135,0.004529917612671852,0.13028393685817719,0.023931734263896942
15,5,0.011778323911130428,0.011669650673866272,9.6214993391186e-05,0.1245870366692543,0.056664228439331055
15,6,0.3853987753391266,0.3803192973136902,0.005064224824309349,0.15250074863433838,0.02548791840672493
15,7,0.12457108497619629,0.12255159020423889,0.002013726159930229,0.057652801275253296,0.04619221389293671
15,8,0.20282615721225739,0.20057734847068787,0.0022348316852003336,0.13980762660503387,0.01386010367423296
15,9,0.8797003626823425,0.8613806962966919,0.018269268795847893,0.5043420791625977,0.11876030266284943
15,10,0.40703102946281433,0.40278252959251404,0.004223738331347704,0.24773067235946655,0.0299057699739933
15,11,0.3885800838470459,0.38408970832824707,0.004468156956136227,0.22236710786819458,0.025380058214068413
15,12,0.013796324841678143,0.013687454164028168,9.741276153363287e-05,0.11458460986614227,0.04567350074648857
15,13,0.3778545558452606,0.3740362226963043,0.003806909779086709,0.11405576020479202,0.016024049371480942
15,14,0.021031443029642105,0.02090298943221569,0.00010325520997866988,0.25198057293891907,0.003843674436211586
15,15,1.036268711090088,0.9720183610916138,0.06324794888496399,10.02459716796875,0.14662489295005798
15,16,0.04214004799723625,0.04171537980437279,0.00039767351699993014,0.2699474096298218,0.018386799842119217
15,17,0.3421397805213928,0.3366188704967499,0.005485678091645241,0.3522212505340576,0.012007197365164757
15,18,1.0297068357467651,0.9901654720306396,0.03880736976861954,7.3402228355407715,0.4715518653392792
15,19,0.8688875436782837,0.8526410460472107,0.016024576500058174,2.2191812992095947,0.07115630805492401
15,20,0.4474848508834839,0.4419383704662323,0.005451707169413567,0.9476734399795532,0.034173354506492615
15,21,0.051549553871154785,0.05097056180238724,0.0005482827546074986,0.3070705831050873,0.021114638075232506
15,22,0.25142690539360046,0.24802210927009583,0.003389823716133833,0.149653822183609,0.07201136648654938
15,23,0.04218856617808342,0.041986867785453796,0.00017094913346227258,0.30748745799064636,0.006530091166496277
15,24,0.8836423754692078,0.8557579517364502,0.027551453560590744,3.329366683959961,0.7862896919250488
15,25,0.01869606412947178,0.018586695194244385,8.07093529147096e-05,0.2865958511829376,0.002718414645642042
15,26,0.9436713457107544,0.9141209721565247,0.029098788276314735,4.515707969665527,0.5646420121192932
15,27,1.0150517225265503,0.9775331020355225,0.03691427409648895,6.043821334838867,0.10537618398666382
15,28,0.017641525715589523,0.017511632293462753,0.00011732516577467322,0.1256839483976364,0.03725339472293854
15,29,0.02388165518641472,0.02376577816903591,8.974710362963378e-05,0.26128628849983215,0.0030543673783540726
15,30,0.44656068086624146,0.4435860216617584,0.0029564129654318094,0.18224893510341644,0.024341881275177002
15,31,0.6906557083129883,0.6834749579429626,0.007149501703679562,0.31257370114326477,0.05522849038243294
15,32,0.8608701825141907,0.850843071937561,0.009963249787688255,0.6386470794677734,0.0839848667383194
15,33,0.3691151738166809,0.36384525895118713,0.005258073098957539,0.11837006360292435,0.027909593656659126
15,34,0.6116834878921509,0.6014196872711182,0.010150100104510784,1.1373430490493774,0.24044811725616455
15,35,0.12833504378795624,0.1258724480867386,0.002455383539199829,0.07208672165870667,0.07672418653964996
15,36,0.23075343668460846,0.22647356986999512,0.004254413768649101,0.25448307394981384,0.041476525366306305
15,37,0.14640972018241882,0.14327237010002136,0.0031173417810350657,0.20009389519691467,0.1513994038105011
15,38,0.1449420303106308,0.14257179200649261,0.002359191421419382,0.11046414077281952,0.0699208676815033
15,39,0.9926654100418091,0.9710972309112549,0.021170377731323242,3.9777259826660156,0.13178427517414093
15,40,0.9061472415924072,0.8823333978652954,0.02346227318048477,3.5151960849761963,0.2739928364753723
15,41,0.23595303297042847,0.2330055832862854,0.002933159237727523,0.14286956191062927,0.04613061994314194
15,42,0.43330857157707214,0.42660778760910034,0.006615969352424145,0.8482252955436707,0.065472312271595
15,43,0.4222143292427063,0.415253221988678,0.006894340738654137,0.667680561542511,0.051872532814741135
15,44,0.13346759974956512,0.13036848604679108,0.0030834032222628593,0.1570579707622528,0.1249149888753891
15,45,0.4300537705421448,0.4234088063240051,0.006569582968950272,0.7538439035415649,0.04727383702993393
15,46,0.3378206789493561,0.3311120271682739,0.0066739534959197044,0.34702783823013306,0.03143689036369324
15,47,0.9086535573005676,0.8804833292961121,0.027826279401779175,3.439678430557251,0.4885379672050476
15,48,0.12285511195659637,0.12137795984745026,0.0014721376355737448,0.050138138234615326,0.03789636865258217
15,49,0.4417041540145874,0.4363422393798828,0.005306359380483627,0.5554012060165405,0.033895839005708694
15,50,1.1307674646377563,1.0860605239868164,0.044193316251039505,5.1364827156066895,0.18057382106781006
15,51,0.40237632393836975,0.39835840463638306,0.00400537671521306,0.12559328973293304,0.010862474329769611
15,52,0.016532106325030327,0.01640886813402176,0.00011323515354888514,0.10002779215574265,0.03141428530216217
15,53,0.6324506402015686,0.6185621023178101,0.01373870950192213,1.4987492561340332,0.23507018387317657
15,54,0.7851362824440002,0.7770932912826538,0.008003110997378826,0.398521363735199,0.09623447060585022
15,55,0.04545048996806145,0.04507987201213837,0.0003473305841907859,0.23287726938724518,0.017344508320093155
15,56,0.040525637567043304,0.04022751376032829,0.000274988473393023,0.23133915662765503,0.014850536361336708
15,57,0.0277358777821064,0.027548424899578094,0.00016519619384780526,0.22256629168987274,0.006971150636672974
15,58,0.44535526633262634,0.44139304757118225,0.003945281263440847,0.16935913264751434,0.02306731417775154
15,59,0.016236944124102592,0.01605399325489998,0.0001715948455967009,0.11356732249259949,0.07637366652488708
15,60,1.005332350730896,0.9632506370544434,0.04144027829170227,6.414689540863037,0.1737269014120102
15,61,0.14851173758506775,0.14584919810295105,0.0026420606300234795,0.20471756160259247,0.10246045887470245
15,62,0.017384320497512817,0.017283596098423004,7.67727688071318e-05,0.23951755464076996,0.0028354483656585217
15,63,0.3471902906894684,0.34276261925697327,0.004402142018079758,0.2555171549320221,0.009707530960440636
15,64,0.20104336738586426,0.19973331689834595,0.0012998434249311686,0.10214376449584961,0.008281053975224495
15,65,0.20485103130340576,0.2034929245710373,0.0013441601768136024,0.13942058384418488,0.008182693272829056
15,66,0.13367044925689697,0.13163357973098755,0.0020226703491061926,0.14200419187545776,0.09069297462701797
15,67,0.19517923891544342,0.1936033070087433,0.0015630723210051656,0.1285790652036667,0.01023075357079506
15,68,0.0020023989491164684,0.0019717570394277573,7.604990969412029e-06,0.2303694635629654,0.0014409823343157768
15,69,0.3353913724422455,0.3308735489845276,0.004489297512918711,0.28522899746894836,0.039367519319057465
15,70,0.8800644278526306,0.8702307343482971,0.00976601243019104,0.6765172481536865,0.1440412700176239
15,71,0.8813466429710388,0.8709629774093628,0.010313575156033039,0.7011416554450989,0.14155350625514984
15,72,0.46589094400405884,0.4565490186214447,0.009295057505369186,0.4686715006828308,0.058188535273075104
15,73,0.3277917206287384,0.3235183358192444,0.004248093347996473,0.2530369162559509,0.03944087028503418
15,74,0.014951381832361221,0.014849090948700905,7.559767982456833e-05,0.26693999767303467,0.002689334563910961
15,75,0.1855899542570114,0.18397560715675354,0.001604811055585742,0.09542397409677505,0.011804855428636074
15,76,0.19979947805404663,0.19747570157051086,0.002309790812432766,0.13992522656917572,0.012976466678082943
15,77,0.48797377943992615,0.47709161043167114,0.010757433250546455,1.247162938117981,0.07237699627876282
15,78,0.13748741149902344,0.1349429190158844,0.0025265973526984453,0.17892047762870789,0.09762390702962875
15,79,1.0737390518188477,1.0477797985076904,0.025477895513176918,4.814260482788086,0.18672239780426025
15,80,0.19077233970165253,0.1889725625514984,0.001784841064363718,0.14937902987003326,0.011080844327807426
15,81,0.8818826675415039,0.871406078338623,0.010438496246933937,0.3811705410480499,0.06881861388683319
15,82,0.2403320074081421,0.23776696622371674,0.0025513581931591034,0.13684609532356262,0.040739141404628754
15,83,0.016145220026373863,0.016036231070756912,8.266452641692013e-05,0.26324960589408875,0.002956060227006674
15,84,0.8527593612670898,0.8252905607223511,0.027137115597724915,3.3168485164642334,0.3625200390815735
15,85,0.40565821528434753,0.4007570147514343,0.004851111210882664,0.50083988904953,0.03724685311317444
15,86,0.3270236849784851,0.32090115547180176,0.006079765968024731,0.4275175631046295,0.03987705707550049
15,87,0.013291983865201473,0.01317173894494772,0.00010781723540276289,0.1242728978395462,0.05195704102516174
15,88,0.01146984938532114,0.011367548257112503,8.999567944556475e-05,0.12305166572332382,0.05727455019950867
15,89,0.43993452191352844,0.43365952372550964,0.006189311854541302,0.8566839098930359,0.04869897663593292
15,90,0.7456459999084473,0.7302793264389038,0.015285682864487171,0.8099967837333679,0.13405416905879974
15,91,0.2643711268901825,0.2621935307979584,0.0021637072786688805,0.13900575041770935,0.022665204480290413
15,92,0.18232393264770508,0.1807386875152588,0.0015749214217066765,0.10331284254789352,0.011249791830778122
15,93,0.8933749794960022,0.881181538105011,0.01209092978388071,1.025292158126831,0.15954940021038055
15,94,0.8547251224517822,0.8271671533584595,0.027255915105342865,3.020982265472412,0.39704614877700806
15,95,0.8905484676361084,0.8789526224136353,0.011554311029613018,0.4153032600879669,0.07437825202941895
15,96,0.4077547490596771,0.40394872426986694,0.0037866670172661543,0.1936499923467636,0.025366291403770447
15,97,0.2612476944923401,0.2582271099090576,0.003001338569447398,0.19238398969173431,0.03978319466114044
15,98,0.12878961861133575,0.12709930539131165,0.0016833459958434105,0.06972591578960419,0.03951692581176758
15,99,0.017457464709877968,0.01735575497150421,7.471215212717652e-05,0.26996731758117676,0.0038960687816143036
15,100,0.23454304039478302,0.2313709855079651,0.003155279438942671,0.16782620549201965,0.04215269163250923
16,1,1.0331519842147827,0.9905143976211548,0.042028799653053284,6.088382720947266,0.12609349191188812
16,2,0.026927988976240158,0.02673620916903019,0.0001605662691872567,0.3121456205844879,0.008232904598116875
16,3,0.69154953956604,0.6810728311538696,0.010423025116324425,0.5372297167778015,0.08821393549442291
16,4,0.8641517758369446,0.8532880544662476,0.010823868215084076,0.39848247170448303,0.07115663588047028
16,5,0.12095732986927032,0.1190628930926323,0.0018886053003370762,0.058337923139333725,0.046174656599760056
16,6,0.19201768934726715,0.18987466394901276,0.002124990336596966,0.1802935004234314,0.015831921249628067
16,7,0.4595329761505127,0.45094209909439087,0.008484513498842716,1.0636510848999023,0.04551161825656891
16,8,0.0465005487203598,0.04585354030132294,0.0006132859271019697,0.33721742033958435,0.021313611418008804
16,9,0.8978797793388367,0.88688063621521,0.010935874655842781,0.6321449279785156,0.10387802124023438
16,10,0.014952650293707848,0.014854732900857925,7.068614650052041e-05,0.2723134458065033,0.003203011816367507
16,11,1.0001507997512817,0.9686300158500671,0.030893830582499504,6.269789695739746,0.14735683798789978
16,12,0.4304211139678955,0.42337310314178467,0.006901516579091549,1.4649919271469116,0.041078120470047
16,13,0.13238775730133057,0.13058823347091675,0.0017925353022292256,0.0698423907160759,0.04367848485708237
16,14,0.1355486512184143,0.13256075978279114,0.0029733055271208286,0.14583034813404083,0.09497049450874329
16,15,0.9900581240653992,0.9669246077537537,0.022754088044166565,3.7943198680877686,0.17927563190460205
16,16,0.012948748655617237,0.012836236506700516,9.983868221752346e-05,0.12673451006412506,0.06244485825300217
16,17,0.014838731847703457,0.014738624915480614,7.276229007402435e-05,0.27344176173210144,0.003032082226127386
16,18,0.8772135376930237,0.8665129542350769,0.010663687251508236,0.3687364161014557,0.07179774343967438
16,19,0.13025996088981628,0.12847398221492767,0.0017784993397071958,0.07481802254915237,0.05023837834596634
16,20,0.013111797161400318,0.012996195815503597,0.00010301979637006298,0.12580989301204681,0.06086023524403572
16,21,1.1402499675750732,1.1099615097045898,0.02981952577829361,4.690248966217041,0.17004412412643433
16,22,0.42636746168136597,0.41466987133026123,0.011662078090012074,0.3552011549472809,0.0587637759745121
16,23,0.4048776924610138,0.4005125164985657,0.004339848645031452,0.25332343578338623,0.024738337844610214
16,24,0.8680002093315125,0.8572342395782471,0.010700494050979614,0.6551107168197632,0.11635089665651321
16,25,1.0549272298812866,1.018831729888916,0.03560959920287132,4.859195232391357,0.10747171938419342
16,26,0.4406101405620575,0.4303094148635864,0.010258673690259457,0.4204295575618744,0.0581192709505558
16,27,0.23474721610546112,0.23192405700683594,0.0028082714416086674,0.14880642294883728,0.038795530796051025
16,28,0.3506804406642914,0.34613412618637085,0.004534386098384857,0.1191071942448616,0.01796654984354973
16,29,0.9392408728599548,0.9275321960449219,0.0116612259298563,0.47466960549354553,0.07207871973514557
16,30,0.35210010409355164,0.3467710614204407,0.005273081362247467,0.5597951412200928,0.0436687245965004
16,31,0.3275136649608612,0.32264718413352966,0.004829059354960918,0.374449759721756,0.04264189675450325
16,32,0.027339879423379898,0.0271749347448349,0.00013598319492302835,0.289628803730011,0.006956093013286591
16,33,0.13004061579704285,0.12816652655601501,0.0018644819501787424,0.09604233503341675,0.05556556209921837
16,34,0.8609071969985962,0.8508127927780151,0.010033181868493557,0.6121107339859009,0.14862678945064545
16,35,0.8775256276130676,0.8667706251144409,0.01068813819438219,0.6684756875038147,0.14573228359222412
16,36,0.4771650731563568,0.46887707710266113,0.008248185738921165,0.3982919752597809,0.07256509363651276
16,37,0.3394458293914795,0.33401525020599365,0.005384883843362331,0.4569883346557617,0.038429319858551025
16,38,1.0743918418884277,1.0175879001617432,0.05588296055793762,9.210614204406738,0.15148857235908508
16,39,0.3801157474517822,0.37553825974464417,0.00456160819157958,0.15889686346054077,0.01852181740105152
16,40,0.4266121983528137,0.4220885932445526,0.004499440081417561,0.24177464842796326,0.029184293001890182
16,41,0.015380271710455418,0.015286482870578766,6.805435987189412e-05,0.2573421597480774,0.0033996885176748037
16,42,0.026523174718022346,0.02634388953447342,0.00015137309674173594,0.27911537885665894,0.0076855141669511795
16,43,0.005355698987841606,0.005334778688848019,8.87082569533959e-06,0.12049244344234467,0.06074278801679611
16,44,0.01250813715159893,0.012399603612720966,9.58314849413e-05,0.12702178955078125,0.058589547872543335
16,45,1.03849196434021,0.9967515468597412,0.04098522663116455,7.551421165466309,0.13038097321987152
16,46,0.3385353982448578,0.33255136013031006,0.005943101365119219,0.40950605273246765,0.05324368178844452
16,47,0.9460085034370422,0.9171804189682007,0.028339244425296783,4.888352870941162,0.4583659768104553
16,48,0.35288161039352417,0.34879571199417114,0.004075829870998859,0.10063373297452927,0.02214905619621277
16,49,0.1223801001906395,0.12078703939914703,0.0015870854258537292,0.05972013622522354,0.04662341997027397
16,50,0.029813112691044807,0.029601193964481354,0.00018192008428741246,0.29997336864471436,0.007436657324433327
16,51,0.22312389314174652,0.22058045864105225,0.002531610894948244,0.11811469495296478,0.04684777557849884
16,52,0.901060163974762,0.8856667280197144,0.015252897515892982,1.4056121110916138,0.0822826623916626
16,53,0.9145434498786926,0.9033141732215881,0.011144292540848255,0.8498131632804871,0.11362598836421967
16,54,0.9195606112480164,0.9068076610565186,0.012646341696381569,1.0664862394332886,0.11338625848293304
16,55,1.2551246881484985,1.2095470428466797,0.04500403255224228,5.735923767089844,0.17951765656471252
16,56,0.04394249990582466,0.04335395246744156,0.000557391787879169,0.3115462362766266,0.020429227501153946
16,57,0.04372023046016693,0.043087877333164215,0.0006010169163346291,0.3133835792541504,0.022039305418729782
16,58,0.12798692286014557,0.1251845359802246,0.0027866214513778687,0.15764154493808746,0.10186734795570374
16,59,0.01869724690914154,0.01858450472354889,8.484673162456602e-05,0.2789430618286133,0.003103344002738595
16,60,0.3463372588157654,0.34065893292427063,0.005652932450175285,0.2539305090904236,0.026619574055075645
16,61,0.8727333545684814,0.8425184488296509,0.02971694804728031,4.979152679443359,0.6238754987716675
16,62,0.4133131206035614,0.40584754943847656,0.0074312807992100716,0.3430740237236023,0.05467548221349716
16,63,0.9306582808494568,0.9192092418670654,0.011400018818676472,0.49014440178871155,0.0761583000421524
16,64,0.7033571004867554,0.6932559013366699,0.010053807869553566,0.4736998975276947,0.07030896842479706
16,65,1.2446975708007812,1.207476258277893,0.036722417920827866,4.9883856773376465,0.12845902144908905
16,66,1.0906392335891724,1.0393112897872925,0.05058269575238228,7.4534912109375,0.11863495409488678
16,67,0.0479239895939827,0.047277599573135376,0.0006167254759930074,0.2966357469558716,0.022078458219766617
16,68,0.23940303921699524,0.23707008361816406,0.0023212439846247435,0.11707753688097,0.038251206278800964
16,69,0.1281883716583252,0.12594099342823029,0.0022327974438667297,0.14570870995521545,0.10295535624027252
16,70,0.39254438877105713,0.38824665546417236,0.004284820053726435,0.129116952419281,0.0276399627327919
16,71,1.0834147930145264,1.0395629405975342,0.042894184589385986,9.576885223388672,0.28118252754211426
16,72,0.2415904551744461,0.23812800645828247,0.0034456192515790462,0.16827841103076935,0.0647878348827362
16,73,0.01912587694823742,0.019025905057787895,7.250657654367387e-05,0.2746536135673523,0.0030448311008512974
16,74,0.31114324927330017,0.30597707629203796,0.005135740153491497,0.3043968081474304,0.04696859419345856
16,75,0.7279790043830872,0.7171775102615356,0.010747624561190605,0.5388824939727783,0.09954344481229782
16,76,0.04268471896648407,0.04223695397377014,0.0004184808931313455,0.29284656047821045,0.018908806145191193
16,77,0.8234396576881409,0.8142037391662598,0.009179383516311646,0.5657038688659668,0.0877867043018341
16,78,0.027452820912003517,0.027276786044239998,0.00015053077368065715,0.25504010915756226,0.0068435086868703365
16,79,0.8912525177001953,0.8815659880638123,0.00960334949195385,0.83234041929245,0.09070277214050293
16,80,0.8453671336174011,0.8354149460792542,0.00989958830177784,0.5257989168167114,0.09071743488311768
16,81,0.028769858181476593,0.028630297631025314,0.00013933029549662024,0.0023045614361763,0.003505293047055602
16,82,0.34835517406463623,0.34278714656829834,0.005517588462680578,0.5043063163757324,0.04251033812761307
16,83,0.4458503723144531,0.4407172203063965,0.005099927540868521,0.3324161171913147,0.045234791934490204
16,84,0.5437631607055664,0.5384392738342285,0.005298689007759094,0.2519882619380951,0.10826489329338074
16,85,0.8954517841339111,0.8827919960021973,0.012614104896783829,0.4567478597164154,0.11152057349681854
16,86,0.9340575337409973,0.920619010925293,0.013354150578379631,0.8437731862068176,0.18084457516670227
16,87,0.47138670086860657,0.463236927986145,0.008107272908091545,0.4249615967273712,0.07405588030815125
16,88,0.44820675253868103,0.4389627277851105,0.009065835736691952,1.782021403312683,0.06739533692598343
16,89,0.8546914458274841,0.8456188440322876,0.009004544466733932,0.6806146502494812,0.1151152104139328
16,90,1.0129505395889282,0.9816677570343018,0.030836356803774834,4.464273452758789,0.0935717225074768
16,91,0.4249223470687866,0.41718029975891113,0.007606107741594315,1.3592841625213623,0.04069935530424118
16,92,0.7278137803077698,0.7199392318725586,0.007832212373614311,0.4234830439090729,0.0644136592745781
16,93,0.40472444891929626,0.3992105722427368,0.005472665652632713,0.4122110605239868,0.026882318779826164
16,94,0.9108389616012573,0.9012296199798584,0.009525807574391365,0.8349080085754395,0.08793866634368896
16,95,0.3849940299987793,0.37983018159866333,0.005092710256576538,0.7114794254302979,0.04280909523367882
16,96,0.43808382749557495,0.43039435148239136,0.007590884808450937,0.9859814047813416,0.04670654237270355
16,97,0.13643328845500946,0.13460330665111542,0.001821182551793754,0.08808472007513046,0.04438434913754463
16,98,0.3105815351009369,0.30549484491348267,0.005069741979241371,0.16953426599502563,0.011086740531027317
16,99,0.13417214155197144,0.13220547139644623,0.001959112472832203,0.07561366260051727,0.045698367059230804
16,100,0.33418622612953186,0.32804107666015625,0.006101601291447878,0.4353381097316742,0.0464845672249794
17,1,0.7167609333992004,0.7073144912719727,0.009395504370331764,0.5096397995948792,0.08130010962486267
17,2,0.9983006715774536,0.956376314163208,0.04127652198076248,6.478159427642822,0.13656631112098694
17,3,0.4225003719329834,0.4180653691291809,0.004394722171127796,0.4027986526489258,0.028926223516464233
17,4,0.6225730776786804,0.6095031499862671,0.012935662642121315,1.3426309823989868,0.20325498282909393
17,5,0.043733540922403336,0.043017324060201645,0.0006824473384767771,0.3377077281475067,0.02266743779182434
17,6,0.9726548194885254,0.9597238898277283,0.012873150408267975,0.5774231553077698,0.07980039715766907
17,7,0.32903212308883667,0.3227763772010803,0.006212216801941395,0.43549078702926636,0.034956298768520355
17,8,0.040715135633945465,0.040177661925554276,0.00050480937352404,0.32662081718444824,0.019928622990846634
17,9,0.942739725112915,0.9029816389083862,0.03926776349544525,4.903193473815918,0.11231806874275208
17,10,0.04181857407093048,0.041255541145801544,0.0005306287202984095,0.32404154539108276,0.019187333062291145
17,11,0.020125234499573708,0.01998627744615078,0.00010874712461372837,0.3021053373813629,0.0034913294948637486
17,12,0.998052716255188,0.9477922916412354,0.049500517547130585,7.599187850952148,0.14956562221050262
17,13,0.43219518661499023,0.4231613278388977,0.008995943702757359,0.379068523645401,0.05660971254110336
17,14,0.9048665165901184,0.8932862281799316,0.01148108672350645,0.9918124675750732,0.13037002086639404
17,15,0.7231600880622864,0.712531328201294,0.01058373972773552,0.45013782382011414,0.08355864137411118
17,16,0.02625901624560356,0.02605348825454712,0.00017608675989322364,0.2944140136241913,0.007826143875718117
17,17,0.02013474889099598,0.019995298236608505,0.00010991317685693502,0.29537010192871094,0.00395056139677763
17,18,0.9226515889167786,0.9095087051391602,0.013075130991637707,0.67753666639328,0.08777456730604172
17,19,0.4350830614566803,0.42625391483306885,0.008645527064800262,1.8361469507217407,0.047610342502593994
17,20,1.045592188835144,0.9973965883255005,0.04736953228712082,8.261722564697266,0.1316874623298645
17,21,0.45825254917144775,0.4487997591495514,0.0093297827988863,1.230077862739563,0.04193849861621857
17,22,0.7250447869300842,0.7152867317199707,0.009706206619739532,0.5187124013900757,0.0974416583776474
17,23,0.6239047050476074,0.6091326475143433,0.01458063069730997,1.9147553443908691,0.23098666965961456
17,24,0.3199530243873596,0.3155936300754547,0.0043283249251544476,0.3108200132846832,0.041697725653648376
17,25,0.23082776367664337,0.2275271713733673,0.003278458723798394,0.22133471071720123,0.05800643563270569
17,26,0.439144492149353,0.432463675737381,0.0065665533766150475,1.1427351236343384,0.037163905799388885
17,27,0.8994097709655762,0.8744009733200073,0.024719785898923874,2.890388250350952,0.30150991678237915
17,28,0.37535029649734497,0.3703128695487976,0.005022075958549976,0.1535806804895401,0.02035248838365078
17,29,1.1148858070373535,1.0772705078125,0.03682861849665642,7.867075443267822,0.21548299491405487
17,30,0.014756442047655582,0.014615184627473354,0.0001274893875233829,0.13767609000205994,0.05969364941120148
17,31,0.4149021506309509,0.40593600273132324,0.008809720166027546,1.5642004013061523,0.049759313464164734
17,32,0.8586300015449524,0.8452951312065125,0.013264250010251999,0.706546425819397,0.14688798785209656
17,33,1.0563645362854004,1.0060856342315674,0.04936099424958229,9.17906665802002,0.14945293962955475
17,34,0.6764388680458069,0.653337836265564,0.022713152691721916,3.8791606426239014,0.2683316469192505
17,35,0.5794641375541687,0.566474437713623,0.012845385819673538,1.4431977272033691,0.21601909399032593
17,36,0.0676393136382103,0.06570453941822052,0.0019277381943538785,0.07029817253351212,0.040134113281965256
17,37,0.7790546417236328,0.7590558528900146,0.0197436586022377,2.551081657409668,0.21562862396240234
17,38,0.023479100316762924,0.02335968054831028,9.308485459769145e-05,0.2633335292339325,0.004023220390081406
17,39,0.42423388361930847,0.41875576972961426,0.005374362226575613,1.0375466346740723,0.023267420008778572
17,40,0.8862326145172119,0.8534325361251831,0.03233431279659271,4.657424449920654,0.2782515287399292
17,41,0.41604864597320557,0.4110720753669739,0.004912877455353737,0.6367325782775879,0.02227930910885334
17,42,0.42278358340263367,0.416817307472229,0.005890710279345512,0.7557334899902344,0.028837397694587708
17,43,1.0808775424957275,1.0456490516662598,0.034591734409332275,6.3675737380981445,0.2781783938407898
17,44,0.20853635668754578,0.20623990893363953,0.00227733189240098,0.1912204474210739,0.012862768024206161
17,45,0.8906145095825195,0.8769548535346985,0.01356450654566288,0.9510674476623535,0.2252097874879837
17,46,0.4147641956806183,0.41006678342819214,0.0046629877761006355,0.34417709708213806,0.037555210292339325
17,47,0.3867833912372589,0.3831245005130768,0.003642740659415722,0.16146185994148254,0.031884003430604935
17,48,0.3891168534755707,0.3844446837902069,0.004659653175622225,0.12522508203983307,0.024474136531352997
17,49,0.6034384965896606,0.5888181328773499,0.014461316168308258,1.5899806022644043,0.2851768136024475
17,50,0.027849573642015457,0.02769049070775509,0.00013385737838689238,0.25226524472236633,0.006951340474188328
17,51,1.142458438873291,1.1146106719970703,0.027408279478549957,4.395732402801514,0.13031519949436188
17,52,0.4478878676891327,0.4428711235523224,0.004952309653162956,0.6441851258277893,0.02789435163140297
17,53,1.0060778856277466,0.9787954688072205,0.026600265875458717,6.8206868171691895,0.130152627825737
17,54,0.23675426840782166,0.2345474362373352,0.002191566862165928,0.1526026725769043,0.030776727944612503
17,55,0.012271600775420666,0.012164147570729256,9.567721281200647e-05,0.11775638163089752,0.06846073269844055
17,56,0.353413462638855,0.3477458953857422,0.005632627289742231,0.34935295581817627,0.012239301577210426
17,57,0.4409908056259155,0.43277788162231445,0.008173990994691849,0.38927021622657776,0.04665810614824295
17,58,0.5241912603378296,0.5163463354110718,0.007736654486507177,1.0821387767791748,0.06924683600664139
17,59,0.028974264860153198,0.028794415295124054,0.00015268349670805037,0.2716692090034485,0.006918713450431824
17,60,0.9297926425933838,0.9045200347900391,0.02503730170428753,2.353182315826416,0.1397671103477478
17,61,0.3885689973831177,0.3839460015296936,0.004611503332853317,0.11510572582483292,0.03330721706151962
17,62,1.1500725746154785,1.115376591682434,0.03428388759493828,4.121267318725586,0.228275328874588
17,63,0.12898613512516022,0.12725108861923218,0.001728889299556613,0.06153362616896629,0.056072283536195755
17,64,0.42346420884132385,0.4164113402366638,0.0069360933266580105,1.1677002906799316,0.0491676926612854
17,65,0.02688843384385109,0.02670602686703205,0.00015656405594199896,0.2584221065044403,0.008188397623598576
17,66,0.8974376320838928,0.8760089874267578,0.021145598962903023,2.8304519653320312,0.39808189868927
17,67,0.12862494587898254,0.12690265476703644,0.0017166853649541736,0.055993251502513885,0.03869542479515076
17,68,0.011064836755394936,0.010976362973451614,7.648055907338858e-05,0.11993686854839325,0.0515209399163723
17,69,0.9805393218994141,0.9608359932899475,0.019396331161260605,3.070197820663452,0.11181767284870148
17,70,0.12242060154676437,0.1208651214838028,0.00155053217895329,0.04943952336907387,0.045288704335689545
17,71,1.1030759811401367,1.080240249633789,0.022548843175172806,2.8698599338531494,0.14203865826129913
17,72,1.043825626373291,1.0012779235839844,0.041961029171943665,5.866215705871582,0.14295506477355957
17,73,0.6312171816825867,0.6165506839752197,0.014494508504867554,1.719828486442566,0.3406934142112732
17,74,0.427425354719162,0.4221733808517456,0.005224024411290884,0.27941328287124634,0.047673825174570084
17,75,0.9839044809341431,0.9496167302131653,0.03378385677933693,5.038780689239502,0.1521666944026947
17,76,0.01759868860244751,0.01748957484960556,8.237711153924465e-05,0.26736167073249817,0.0032522261608392
17,77,0.12849685549736023,0.1267855167388916,0.0017050988972187042,0.06249190866947174,0.055637046694755554
17,78,0.9018305540084839,0.8888441324234009,0.012922991998493671,0.6341925263404846,0.05922762304544449
17,79,0.42830222845077515,0.4211442768573761,0.0069904811680316925,1.674489140510559,0.04015101119875908
17,80,0.7298446297645569,0.7202026844024658,0.009594127535820007,0.47791898250579834,0.06915470957756042
17,81,0.87602698802948,0.8648874759674072,0.01105421781539917,0.8529313802719116,0.09268367290496826
17,82,1.1822723150253296,1.1462535858154297,0.03550617769360542,5.125757694244385,0.15126222372055054
17,83,0.4625835716724396,0.45198506116867065,0.010554092936217785,0.444198876619339,0.06308013200759888
17,84,0.14188925921916962,0.13871747255325317,0.0031464146450161934,0.25369712710380554,0.12144844233989716
17,85,0.015268087387084961,0.015186408534646034,5.695331492461264e-05,0.24726100265979767,0.002850090619176626
17,86,0.4169856905937195,0.41231071949005127,0.004637203179299831,0.37759143114089966,0.031854208558797836
17,87,0.01569962501525879,0.015527389943599701,0.00015997595619410276,0.12260206788778305,0.07578133046627045
17,88,0.9174425601959229,0.9003123641014099,0.01705288141965866,0.7728778719902039,0.11094839870929718
17,89,0.014583146199584007,0.01449594460427761,6.194302113726735e-05,0.25258633494377136,0.0028396775014698505
17,90,0.2343536764383316,0.23178090155124664,0.0025601466186344624,0.1262820065021515,0.048789311200380325
17,91,0.8388612270355225,0.8282595276832581,0.010568495839834213,0.33175477385520935,0.08353455364704132
17,92,0.22283707559108734,0.22061529755592346,0.0022109132260084152,0.1086399257183075,0.03946632891893387
17,93,0.8528144955635071,0.8252069354057312,0.027301499620079994,3.0606181621551514,0.39411088824272156
17,94,0.12146385759115219,0.12023229897022247,0.0012261441443115473,0.05419493839144707,0.036930907517671585
17,95,0.1982899308204651,0.19672901928424835,0.0015473865205422044,0.13526087999343872,0.009224624373018742
17,96,0.025815511122345924,0.02565096691250801,0.00013872518320567906,0.2581738829612732,0.00666850246489048
17,97,0.012975402176380157,0.012857248075306416,0.00010634287900757045,0.11811482906341553,0.05602974817156792
17,98,0.6600731611251831,0.6449000835418701,0.014971746131777763,2.0132687091827393,0.2571539282798767
17,99,0.3871552348136902,0.38431084156036377,0.0028295740485191345,0.14805622398853302,0.02322974242269993
17,100,0.02552942931652069,0.025339588522911072,0.00016310796490870416,0.2673358619213104,0.006877027451992035
18,1,0.12964096665382385,0.12794916331768036,0.0016828742809593678,0.08919980376958847,0.04303757846355438
18,2,0.044750310480594635,0.04421442374587059,0.0005060442490503192,0.29844680428504944,0.018645931035280228
18,3,0.35963988304138184,0.3538852334022522,0.005723238922655582,0.3140427768230438,0.021973606199026108
18,4,0.6609560251235962,0.6458565592765808,0.014901049435138702,1.9844801425933838,0.2476024627685547
18,5,0.020347096025943756,0.020223762840032578,9.578487515682355e-05,0.2754809260368347,0.0028473450802266598
18,6,1.0575042963027954,1.0313602685928345,0.02559024654328823,5.537518501281738,0.15439479053020477
18,7,0.7728452682495117,0.7615231871604919,0.011270960792899132,0.5117006301879883,0.09569059312343597
18,8,0.01313626766204834,0.013035496696829796,8.840553346090019e-05,0.12365489453077316,0.05841391533613205
18,9,1.1485486030578613,1.117263913154602,0.03091192990541458,3.728083848953247,0.16025307774543762
18,10,0.22733409702777863,0.2245807945728302,0.0027382560074329376,0.1505431830883026,0.04583705961704254
18,11,0.19776861369609833,0.19588667154312134,0.0018657920882105827,0.1614954024553299,0.013454869389533997
18,12,0.8394150733947754,0.8285881876945496,0.010757749900221825,0.6912391781806946,0.12476961314678192
18,13,0.9311971664428711,0.9054999947547913,0.025320425629615784,3.7678253650665283,0.5617966055870056
18,14,0.9073840379714966,0.8791666626930237,0.027882078662514687,3.3526172637939453,0.5279187560081482
18,15,0.3307268023490906,0.32486724853515625,0.005809648893773556,0.4991118311882019,0.04047749936580658
18,16,0.19890418648719788,0.19659730792045593,0.0022891471162438393,0.17730744183063507,0.011683767661452293
18,17,0.014209765009582043,0.014103256165981293,9.390566265210509e-05,0.126032292842865,0.05578456073999405
18,18,0.932638943195343,0.9227640628814697,0.009806991554796696,0.6791138052940369,0.04584939777851105
18,19,0.36164015531539917,0.3560244143009186,0.005585317499935627,0.3043616712093353,0.014172461815178394
18,20,0.017994917929172516,0.01789453625679016,7.451210694853216e-05,0.2587079107761383,0.003332099411636591
18,21,0.480390340089798,0.4714416265487671,0.008842654526233673,1.0607349872589111,0.04985731840133667
18,22,0.43782952427864075,0.42989295721054077,0.007775967009365559,1.606134295463562,0.051643937826156616
18,23,0.926638662815094,0.9048689603805542,0.021465349942445755,3.0434937477111816,0.3205505609512329
18,24,0.24217236042022705,0.23943541944026947,0.002721702214330435,0.15240491926670074,0.06351694464683533
18,25,0.023220567032694817,0.02310897223651409,8.206967322621495e-05,0.2952507436275482,0.0029083075933158398
18,26,0.3811672329902649,0.37435516715049744,0.006778064649552107,0.3401297628879547,0.06945475935935974
18,27,0.44048649072647095,0.43490684032440186,0.00555166881531477,0.27984654903411865,0.062490545213222504
18,28,0.44228342175483704,0.4360966682434082,0.006151823326945305,0.349422812461853,0.059722185134887695
18,29,1.0383915901184082,1.0113017559051514,0.026608461514115334,4.814221382141113,0.23202064633369446
18,30,0.0145938815549016,0.014447223395109177,0.00013375846901908517,0.12899693846702576,0.07396411895751953
18,31,0.04349754378199577,0.04300171136856079,0.00046594522427767515,0.2988704741001129,0.01829066127538681
18,32,0.23634661734104156,0.2337341010570526,0.002597301732748747,0.1521221548318863,0.03169500082731247
18,33,0.9729157090187073,0.9429083466529846,0.02958960086107254,4.177485942840576,0.08036002516746521
18,34,0.42060285806655884,0.41508880257606506,0.0054065571166574955,1.0750471353530884,0.023370511829853058
18,35,0.1336807757616043,0.1321556121110916,0.0015195596497505903,0.055956415832042694,0.02515604719519615
18,36,0.3444182872772217,0.33961549401283264,0.0047629643231630325,0.39816564321517944,0.022149566560983658
18,37,0.9809543490409851,0.9434612989425659,0.0369463786482811,5.466750144958496,0.10295054316520691
18,38,0.9247593879699707,0.9124261736869812,0.012242400087416172,0.9083850979804993,0.12961070239543915
18,39,0.3907438814640045,0.3864612579345703,0.00427103228867054,0.11601864546537399,0.0194891057908535
18,40,0.04968374967575073,0.048854075372219086,0.000796273467130959,0.334025114774704,0.026723142713308334
18,41,0.3471846878528595,0.3410518765449524,0.006084773223847151,0.4803328812122345,0.048610471189022064
18,42,0.4136301279067993,0.40899360179901123,0.004604672081768513,0.31847015023231506,0.03521908074617386
18,43,1.0755894184112549,1.013967514038086,0.06061817705631256,10.037806510925293,0.1878165602684021
18,44,0.3412630259990692,0.3352818489074707,0.005958447698503733,0.2272896021604538,0.019063899293541908
18,45,0.8965295553207397,0.8703304529190063,0.02585834264755249,3.4075303077697754,0.5609064102172852
18,46,0.028531648218631744,0.02835773676633835,0.000146423903061077,0.27486270666122437,0.006924029905349016
18,47,0.7326847314834595,0.7206343412399292,0.011988494545221329,0.6187382340431213,0.07837457954883575
18,48,0.49207252264022827,0.48208653926849365,0.009828566573560238,1.5741761922836304,0.03611869364976883
18,49,0.6606656312942505,0.645618200302124,0.014844018965959549,2.0341691970825195,0.23444420099258423
18,50,0.6670180559158325,0.6409415006637573,0.025761697441339493,3.148078203201294,0.08630281686782837
18,51,0.4254284203052521,0.41897761821746826,0.006380997598171234,0.6980963945388794,0.0376957505941391
18,52,0.12357529252767563,0.12139001488685608,0.002169423270970583,0.1585274636745453,0.08804120123386383
18,53,0.9112523198127747,0.9004848003387451,0.010725907981395721,0.4159250557422638,0.07845807820558548
18,54,0.970326840877533,0.9585093259811401,0.01176928449422121,0.48205816745758057,0.08888103067874908
18,55,1.020533800125122,0.9970714449882507,0.02307594195008278,3.863443374633789,0.1819634735584259
18,56,0.018177328631281853,0.018059324473142624,0.00010395748540759087,0.14045731723308563,0.0713125467300415
18,57,0.34608691930770874,0.3395499289035797,0.006497219670563936,0.3976100981235504,0.024579577147960663
18,58,0.01858169585466385,0.01843240298330784,0.00013513410522136837,0.1415722668170929,0.062272731214761734
18,59,0.33653977513313293,0.3298228681087494,0.006662980653345585,0.5390968322753906,0.059760138392448425
18,60,0.015906788408756256,0.015790272504091263,8.503300341544673e-05,0.31482481956481934,0.0034955497831106186
18,61,0.3630707263946533,0.35805895924568176,0.00500057078897953,0.112111896276474,0.026032794266939163
18,62,0.01680217869579792,0.01670372299849987,6.7780158133246e-05,0.3067634403705597,0.004375282675027847
18,63,0.01807992532849312,0.01795858144760132,0.0001071075676009059,0.142356276512146,0.050030313432216644
18,64,0.312259703874588,0.3054655194282532,0.006748861633241177,0.45327043533325195,0.046777524054050446
18,65,1.108366847038269,1.0706127882003784,0.0370788648724556,6.752110481262207,0.18557369709014893
18,66,1.0023635625839233,0.9738059043884277,0.027902111411094666,6.55558967590332,0.16288116574287415
18,67,0.49641886353492737,0.48365917801856995,0.01251138374209404,2.4831109046936035,0.04828815162181854
18,68,0.022998059168457985,0.022865740582346916,0.0001028379556373693,0.2948008179664612,0.0036823502741754055
18,69,0.027051225304603577,0.02686367928981781,0.00015850695490371436,0.2903938591480255,0.008073985576629639
18,70,0.01506083644926548,0.014896681532263756,0.00015153895947150886,0.12615376710891724,0.03946049138903618
18,71,0.9400376081466675,0.9259344339370728,0.013982102274894714,1.2106128931045532,0.14834479987621307
18,72,0.014939446933567524,0.014755443669855595,0.00017125727026723325,0.12746307253837585,0.049010805785655975
18,73,0.8950250148773193,0.8834676742553711,0.01150638796389103,0.5097976326942444,0.09037091583013535
18,74,0.8954072594642639,0.8827254772186279,0.012607797980308533,0.7395258545875549,0.15491168200969696
18,75,1.1410024166107178,1.1177467107772827,0.02300206571817398,2.537029981613159,0.1564520299434662
18,76,0.021793905645608902,0.02167540416121483,9.051107917912304e-05,0.27989262342453003,0.0061691878363490105
18,77,0.3346540033817291,0.3282035291194916,0.006395630072802305,0.5484776496887207,0.046121418476104736
18,78,0.29028764367103577,0.2848427891731262,0.00533684715628624,1.0799087285995483,0.04793733358383179
18,79,0.32800111174583435,0.32193514704704285,0.006023280788213015,0.4267559051513672,0.04176934063434601
18,80,1.2095013856887817,1.1853306293487549,0.02388288639485836,2.878998041152954,0.14520582556724548
18,81,0.3737933337688446,0.36985093355178833,0.003930522594600916,0.1188424751162529,0.019736478105187416
18,82,0.01231370959430933,0.012220576405525208,8.092206553556025e-05,0.12211248278617859,0.06153091788291931
18,83,0.013074135407805443,0.012963207438588142,9.877064439933747e-05,0.12157908082008362,0.05862981826066971
18,84,0.4004978835582733,0.39595091342926025,0.004449659027159214,0.9730260968208313,0.042749710381031036
18,85,0.9956976771354675,0.9621891975402832,0.033082056790590286,4.26436710357666,0.4028894603252411
18,86,0.3261089324951172,0.32055962085723877,0.005524043925106525,0.2526175379753113,0.012575186789035797
18,87,0.6961496472358704,0.6761056184768677,0.019765090197324753,2.789790391921997,0.3081553280353546
18,88,0.13805317878723145,0.13423335552215576,0.0037902030162513256,0.29617613554000854,0.10294957458972931
18,89,0.010093031451106071,0.009836751967668533,0.0002556420222390443,0.006368266884237528,0.005465091206133366
18,90,0.9397034645080566,0.9250125885009766,0.01462210901081562,0.6875681281089783,0.08019492030143738
18,91,0.35507962107658386,0.350239098072052,0.004817358683794737,0.2314361035823822,0.010397631675004959
18,92,1.0218615531921387,0.9967570304870605,0.02470020204782486,4.044109344482422,0.1642601191997528
18,93,1.170622706413269,1.137002944946289,0.033195611089468,4.24191951751709,0.15302807092666626
18,94,1.3191314935684204,1.269574761390686,0.04830716550350189,12.495295524597168,0.19927819073200226
18,95,0.067706398665905,0.06699365377426147,0.0006811965140514076,0.3154268264770508,0.02242732048034668
18,96,0.390255331993103,0.3837507367134094,0.006403190083801746,1.0142371654510498,0.04172186553478241
18,97,0.041794948279857635,0.0413515567779541,0.0004137853975407779,0.29603996872901917,0.01807665266096592
18,98,1.0195878744125366,1.0029077529907227,0.016615528613328934,0.6460517644882202,0.12866824865341187
18,99,0.4533561170101166,0.4497489333152771,0.0035850105341523886,0.22164124250411987,0.02859242632985115
18,100,0.972381055355072,0.9568414688110352,0.015485010109841824,0.5461952090263367,0.11896246671676636
19,1,0.8989158868789673,0.8714969754219055,0.027061056345701218,3.578465700149536,0.6150921583175659
19,2,0.42997244000434875,0.42280498147010803,0.007043745834380388,1.237087607383728,0.060589805245399475
19,3,0.44907689094543457,0.44302839040756226,0.0059406994841992855,1.0779396295547485,0.045040324330329895
19,4,1.0291361808776855,1.006760597229004,0.022075112909078598,3.0051589012145996,0.36470070481300354
19,5,0.41377636790275574,0.4078338146209717,0.005849980283528566,0.9257290959358215,0.04717831686139107
19,6,0.029262494295835495,0.029060054570436478,0.0001722390006761998,0.30200034379959106,0.006531563587486744
19,7,0.03190313279628754,0.03181609511375427,6.0071604821132496e-05,0.2696911692619324,0.006961063481867313
19,8,0.46285420656204224,0.45555615425109863,0.007181782275438309,1.1625181436538696,0.04076259955763817
19,9,0.14685940742492676,0.14414241909980774,0.0026967425365000963,0.20246385037899017,0.08739285916090012
19,10,0.19021759927272797,0.18785825371742249,0.0023478008806705475,0.11555541306734085,0.020001407712697983
19,11,0.3381827771663666,0.3340001702308655,0.004157704301178455,0.24924513697624207,0.01676127314567566
19,12,1.0016859769821167,0.9610419273376465,0.040113434195518494,5.305814266204834,0.10429748892784119
19,13,0.43626734614372253,0.4314577579498291,0.0047842576168477535,0.2532218098640442,0.0442640483379364
19,14,0.1287577748298645,0.12600620090961456,0.002735171001404524,0.16403669118881226,0.1028883308172226
19,15,0.854766309261322,0.8378101587295532,0.016758570447564125,1.9756007194519043,0.4616439938545227
19,16,0.7339256405830383,0.7246057391166687,0.009278816170990467,0.4107896387577057,0.09748312085866928
19,17,0.8394147753715515,0.8305637836456299,0.008818530477583408,0.32466739416122437,0.08332493901252747
19,18,0.9820456504821777,0.9461435079574585,0.03535892814397812,5.432329177856445,0.14564041793346405
19,19,0.3737398386001587,0.3691193461418152,0.004608999006450176,0.11514895409345627,0.027056215330958366
19,20,0.32979437708854675,0.3242456912994385,0.005502177402377129,0.465290367603302,0.053453076630830765
19,21,0.01835532672703266,0.018221255391836166,0.00010348384967073798,0.30588769912719727,0.006835519336163998
19,22,0.36433592438697815,0.3602994680404663,0.004023437388241291,0.1303752064704895,0.02066413313150406
19,23,0.6584832668304443,0.6432002186775208,0.015071375295519829,2.11670184135437,0.22899740934371948
19,24,0.7263884544372559,0.7159767150878906,0.01036240067332983,0.4933842420578003,0.08169165253639221
19,25,0.4275638163089752,0.4200320839881897,0.007351009175181389,1.807296633720398,0.04566119983792305
19,26,1.2204062938690186,1.186546802520752,0.03329745680093765,5.620996475219727,0.16177457571029663
19,27,0.895200788974762,0.8854584693908691,0.009669828228652477,0.724524974822998,0.1257520318031311
19,28,1.1618919372558594,1.1237879991531372,0.037601176649332047,5.026580810546875,0.16594749689102173
19,29,0.02950117364525795,0.029359254986047745,0.00011189481301698834,0.30023738741874695,0.004079781007021666
19,30,0.3542616367340088,0.3468503952026367,0.007316188886761665,0.950398862361908,0.04806545376777649
19,31,0.016630467027425766,0.01652861386537552,7.50418912502937e-05,0.26811483502388,0.004279324784874916
19,32,0.9619670510292053,0.9204906225204468,0.04088791087269783,5.885489463806152,0.12594422698020935
19,33,0.3978937566280365,0.39367079734802246,0.004205996170639992,0.16971337795257568,0.018793104216456413
19,34,0.193012073636055,0.19137102365493774,0.0016238958342000842,0.1714571714401245,0.010688263922929764
19,35,0.36118271946907043,0.35579773783683777,0.005353101994842291,0.31889334321022034,0.03331179544329643
19,36,0.8408098816871643,0.8313727974891663,0.009378451853990555,0.5863269567489624,0.11959615349769592
19,37,0.7186020016670227,0.7087410688400269,0.009807911701500416,0.5305876135826111,0.08658108115196228
19,38,0.3615848422050476,0.35820329189300537,0.0033739269711077213,0.07640255242586136,0.013018956407904625
19,39,0.36234137415885925,0.3563441038131714,0.005966108292341232,0.31162017583847046,0.022499429062008858
19,40,0.20198431611061096,0.20034700632095337,0.0016255725640803576,0.11746830493211746,0.009175073355436325
19,41,0.02691047079861164,0.026794569566845894,9.198834595736116e-05,0.23912079632282257,0.004520736634731293
19,42,0.44424647092819214,0.43708667159080505,0.007002904079854488,1.568967342376709,0.03750768303871155
19,43,0.5865228772163391,0.5772750377655029,0.00916530005633831,0.825630247592926,0.19341054558753967
19,44,0.020261412486433983,0.020150592550635338,8.580028952565044e-05,0.25019770860671997,0.003738363040611148
19,45,0.3986024558544159,0.39514580368995667,0.003442376619204879,0.14283674955368042,0.02640385739505291
19,46,0.8669384121894836,0.8386950492858887,0.0278019979596138,4.413939952850342,0.5078805088996887
19,47,0.01946432702243328,0.0193568617105484,8.07055039331317e-05,0.2676079273223877,0.0031099950429052114
19,48,0.026665648445487022,0.026489270851016045,0.00014949706383049488,0.268799364566803,0.006674888078123331
19,49,0.4514264166355133,0.44278398156166077,0.008483804762363434,1.5863609313964844,0.046930402517318726
19,50,0.8201363682746887,0.8128992915153503,0.007209700532257557,0.27353885769844055,0.054957881569862366
19,51,0.042393025010824203,0.041948165744543076,0.00041688018245622516,0.27979448437690735,0.016909025609493256
19,52,0.02227073349058628,0.022152481600642204,9.16242424864322e-05,0.2662866711616516,0.003079215995967388
19,53,0.014512097463011742,0.014409209601581097,9.08736401470378e-05,0.12014459073543549,0.03979237377643585
19,54,0.2469473034143448,0.24399936199188232,0.002932828851044178,0.15113422274589539,0.050980620086193085
19,55,0.9489253759384155,0.9283889532089233,0.020230792462825775,3.056441068649292,0.1049710214138031
19,56,0.42643070220947266,0.4184248745441437,0.00786892231553793,1.3690681457519531,0.06203265115618706
19,57,0.015291205607354641,0.015190862119197845,7.048106635920703e-05,0.2986282408237457,0.0029888488352298737
19,58,1.0321485996246338,1.0111490488052368,0.02078966796398163,2.0994465351104736,0.1443755328655243
19,59,0.015481543727219105,0.015384458936750889,6.660162762273103e-05,0.3048330843448639,0.0029289121739566326
19,60,0.04599672183394432,0.04539794474840164,0.0005646925419569016,0.3408147990703583,0.02498183399438858
19,61,0.8309752941131592,0.8220090270042419,0.008911486715078354,0.5478904247283936,0.12348110973834991
19,62,0.624657154083252,0.6113775372505188,0.013140013441443443,1.3959376811981201,0.26118147373199463
19,63,0.13689672946929932,0.13460910320281982,0.0022794767282903194,0.08143802732229233,0.05304048955440521
19,64,0.8576822280883789,0.825428307056427,0.03184541314840317,4.085541725158691,0.3242698311805725
19,65,0.12645764648914337,0.1250307708978653,0.001421485561877489,0.053897395730018616,0.04134311527013779
19,66,0.12713228166103363,0.12542854249477386,0.0016965455142781138,0.0720382109284401,0.04599340260028839
19,67,0.017478616908192635,0.01733481138944626,0.0001305167970713228,0.1328745186328888,0.06086058169603348
19,68,0.8541904091835022,0.843956708908081,0.010154534131288528,0.791503369808197,0.1363929957151413
19,69,0.7166086435317993,0.7068881988525391,0.009667448699474335,0.5298358201980591,0.09476923942565918
19,70,0.23440958559513092,0.23147191107273102,0.002917459700256586,0.20216341316699982,0.05190139263868332
19,71,0.8815643787384033,0.871947169303894,0.009579346515238285,0.37856626510620117,0.07810284942388535
19,72,0.3788614571094513,0.37429553270339966,0.00454875361174345,0.17153209447860718,0.02134574204683304
19,73,0.13001839816570282,0.12684735655784607,0.0031516451854258776,0.19405075907707214,0.09617456048727036
19,74,0.4233194589614868,0.41509246826171875,0.00808672234416008,1.4027048349380493,0.04688219353556633
19,75,0.0056225610896945,0.005574405658990145,2.3985734515008517e-05,0.24169667065143585,0.0019501373171806335
19,76,0.04373341426253319,0.04326842352747917,0.0004348341026343405,0.3015490770339966,0.01948697492480278
19,77,1.1827805042266846,1.1484544277191162,0.033928290009498596,3.977890729904175,0.17412151396274567
19,78,0.37454625964164734,0.37101560831069946,0.003519900143146515,0.10756739974021912,0.017058849334716797
19,79,0.3570205271244049,0.3487556576728821,0.00816870667040348,0.9618330597877502,0.04112127423286438
19,80,0.04504223167896271,0.04451228305697441,0.0004999511293135583,0.299969345331192,0.021158795803785324
19,81,0.014950994402170181,0.014804162085056305,0.0001343138428637758,0.1251850575208664,0.05470670387148857
19,82,0.8809403777122498,0.8568036556243896,0.02381528913974762,3.21449613571167,0.3786682188510895
19,83,0.12962518632411957,0.12823140621185303,0.0013884116197004914,0.053695037961006165,0.03291715681552887
19,84,0.7453997731208801,0.7362480163574219,0.009111901745200157,0.3989771008491516,0.07197125256061554
19,85,1.231129765510559,1.1947022676467896,0.03554640710353851,8.810507774353027,0.1906653344631195
19,86,0.9163275361061096,0.8803478479385376,0.035539232194423676,4.404734134674072,0.40011948347091675
19,87,0.4307728111743927,0.424949586391449,0.005722683854401112,1.005614161491394,0.038197483867406845
19,88,1.2553290128707886,1.2143663167953491,0.04049954563379288,4.631161212921143,0.253348171710968
19,89,1.0054224729537964,0.9786872863769531,0.026188861578702927,5.463834285736084,0.19032834470272064
19,90,0.3277192711830139,0.3235522210597992,0.004131454508751631,0.355741024017334,0.04183049499988556
19,91,0.37483951449394226,0.3710400462150574,0.0037869347725063562,0.1254764348268509,0.01906677894294262
19,92,0.33856624364852905,0.33348655700683594,0.0050560226663947105,0.2365196794271469,0.010150274261832237
19,93,0.9913630485534668,0.9663125872612,0.024678006768226624,3.7245185375213623,0.5070668458938599
19,94,0.996177613735199,0.9633198380470276,0.03233704715967178,5.207094192504883,0.5807927846908569
19,95,0.8517717719078064,0.8443698287010193,0.0073754554614424706,0.2647029459476471,0.05944797396659851
19,96,0.7268051505088806,0.7176440358161926,0.009118295274674892,0.42817822098731995,0.09303461760282516
19,97,0.015210122801363468,0.015092356130480766,0.0001039495546137914,0.1381683200597763,0.0778912603855133
19,98,0.379642516374588,0.3741356134414673,0.005430363584309816,0.7653698921203613,0.05276104807853699
19,99,0.021364862099289894,0.021234184503555298,9.962500189431012e-05,0.3105229139328003,0.003074835753068328
19,100,0.4774775803089142,0.4663734436035156,0.011047588661313057,0.5653581619262695,0.07845138013362885
20,1,0.0440925695002079,0.04341380298137665,0.0006459466530941427,0.3282136917114258,0.022686436772346497
20,2,1.1297696828842163,1.0950441360473633,0.0343266986310482,3.9882278442382812,0.1528695523738861
20,3,1.0226887464523315,0.9817708134651184,0.04030165821313858,6.162646293640137,0.12138556689023972
20,4,0.41232752799987793,0.4059826731681824,0.00620713084936142,1.3771592378616333,0.04070309177041054
20,5,0.2057855725288391,0.20425361394882202,0.0015162535710260272,0.1570921689271927,0.01129752304404974
20,6,0.13461779057979584,0.13238345086574554,0.0022192676551640034,0.15069365501403809,0.07020513713359833
20,7,0.34188294410705566,0.33718422055244446,0.004653273615986109,0.4545234739780426,0.023312978446483612
20,8,0.015467188321053982,0.01537683978676796,7.843062485335395e-05,0.1191769614815712,0.031868644058704376
20,9,1.2092969417572021,1.1806919574737549,0.02824314311146736,3.6179749965667725,0.131611630320549
20,10,0.6952356100082397,0.685653805732727,0.00954369641840458,0.3806362748146057,0.07808905839920044
20,11,0.03004034049808979,0.029841339215636253,0.00017249563825316727,0.26505035161972046,0.006689030211418867
20,12,0.024548036977648735,0.024426069110631943,9.4762202934362e-05,0.2720668911933899,0.0028899135068058968
20,13,0.44395673274993896,0.4333445727825165,0.010429364629089832,1.8282181024551392,0.05603112280368805
20,14,0.4161224365234375,0.40939778089523315,0.006624825764447451,0.9984716176986694,0.08189605176448822
20,15,0.936105489730835,0.8993099927902222,0.0362510159611702,5.4446120262146,0.6395317316055298
20,16,0.4279085099697113,0.4191691279411316,0.008596846833825111,1.4254454374313354,0.07722612470388412
20,17,0.043721653521060944,0.04327458143234253,0.0004188012972008437,0.2827078402042389,0.023761767894029617
20,18,0.44662046432495117,0.4387088418006897,0.007879811339080334,0.31797751784324646,0.05055607855319977
20,19,0.36045318841934204,0.35621190071105957,0.004216776229441166,0.24496299028396606,0.014944801107048988
20,20,0.8958843350410461,0.8736522197723389,0.021951399743556976,2.8072714805603027,0.21895846724510193
20,21,0.8963222503662109,0.8866667747497559,0.009615560993552208,0.39928603172302246,0.049777425825595856
20,22,0.7727746367454529,0.753339409828186,0.01904846727848053,3.8679256439208984,0.24313588440418243
20,23,0.9094790816307068,0.8984514474868774,0.01098644733428955,0.41204017400741577,0.09382069110870361
20,24,0.13053087890148163,0.12901300191879272,0.0015124528435990214,0.05419617146253586,0.04851913824677467
20,25,0.9150955080986023,0.8909332752227783,0.023860981687903404,3.012667417526245,0.8017885088920593
20,26,0.4456789791584015,0.435626745223999,0.009864750318229198,1.874942660331726,0.058430932462215424
20,27,0.9893761277198792,0.9359403848648071,0.05272785201668739,7.0784478187561035,0.14111149311065674
20,28,0.022418439388275146,0.022328052669763565,6.546083022840321e-05,0.24925902485847473,0.002785945776849985
20,29,0.034778181463479996,0.03456897288560867,0.00018267668201588094,0.2653231918811798,0.006972406525164843
20,30,0.03144238144159317,0.03129637613892555,0.00012005527969449759,0.25950342416763306,0.0058893607929348946
20,31,0.9614596366882324,0.9415693283081055,0.019588392227888107,3.018770694732666,0.07752487063407898
20,32,0.040517643094062805,0.040155962109565735,0.00033480863203294575,0.2686948776245117,0.014989018440246582
20,33,0.38581734895706177,0.3820614814758301,0.003742391709238291,0.13479192554950714,0.013770162127912045
20,34,0.27062341570854187,0.26781317591667175,0.0027903588488698006,0.1989087462425232,0.03884253278374672
20,35,0.9194876551628113,0.9039608836174011,0.015325147658586502,2.016406297683716,0.3310396075248718
20,36,0.8448976874351501,0.8278840780258179,0.016806038096547127,2.0751893520355225,0.40907877683639526
20,37,0.6288903951644897,0.6146743297576904,0.014051692560315132,1.6439661979675293,0.3035518527030945
20,38,0.06467201560735703,0.064503014087677,0.00013849945389665663,0.30502501130104065,0.005214746110141277
20,39,0.7163915634155273,0.7043255567550659,0.012009857222437859,0.5614631175994873,0.14469188451766968
20,40,0.0387415774166584,0.03864266723394394,7.041273056529462e-05,0.28498855233192444,0.0027255702298134565
20,41,0.048629648983478546,0.048196449875831604,0.0004023907531518489,0.3080647885799408,0.01614409126341343
20,42,0.39771467447280884,0.3936316967010498,0.004059872590005398,0.23105433583259583,0.032331082969903946
20,43,0.027594005689024925,0.027425656095147133,0.00014109071344137192,0.2725927233695984,0.006040994077920914
20,44,0.6876974701881409,0.672419548034668,0.015064992010593414,2.1293649673461914,0.22395330667495728
20,45,0.23600250482559204,0.23395177721977234,0.0020367084071040154,0.14026901125907898,0.029994778335094452
20,46,0.3082951307296753,0.30535364151000977,0.002920694649219513,0.20789653062820435,0.033597446978092194
20,47,0.23422031104564667,0.23239277303218842,0.0018166251247748733,0.10908419638872147,0.030194424092769623
20,48,0.1419816017150879,0.14048288762569427,0.001492739305831492,0.05977936089038849,0.04515090212225914
20,49,1.145891547203064,1.1135387420654297,0.03194531798362732,4.07492208480835,0.14857414364814758
20,50,0.21692843735218048,0.2150309681892395,0.001887228456325829,0.10232564061880112,0.03381918743252754
20,51,0.19094976782798767,0.18929733335971832,0.0016374464612454176,0.1499476283788681,0.013076025992631912
20,52,0.1388547122478485,0.13591140508651733,0.0029263696633279324,0.1694796234369278,0.13979312777519226
20,53,0.4387037754058838,0.4327187240123749,0.005918833892792463,0.662075400352478,0.0548681765794754
20,54,0.015134022571146488,0.015054916962981224,5.136617983225733e-05,0.2773911654949188,0.0028434437699615955
20,55,1.1840938329696655,1.1436688899993896,0.039931826293468475,4.931341648101807,0.2436593472957611
20,56,0.017196550965309143,0.017084777355194092,9.725129348225892e-05,0.14522264897823334,0.08584640920162201
20,57,0.9317828416824341,0.9198254942893982,0.011904275044798851,0.5303184390068054,0.13706092536449432
20,58,0.9467058777809143,0.9171115756034851,0.029182525351643562,4.117351055145264,0.39512670040130615
20,59,0.3268691301345825,0.32181066274642944,0.0050214845687150955,0.3698887228965759,0.05435369163751602
20,60,0.7712944149971008,0.7538362741470337,0.017234280705451965,2.239046812057495,0.288388729095459
20,61,1.071066975593567,1.035595417022705,0.034730784595012665,7.407413482666016,0.14260873198509216
20,62,0.02321416512131691,0.023084241896867752,0.00010135902266483754,0.28563040494918823,0.0037285899743437767
20,63,0.7253028154373169,0.716425359249115,0.008840094320476055,0.37365004420280457,0.08075898885726929
20,64,0.4355190694332123,0.4314320683479309,0.004066389985382557,0.2062867134809494,0.037380293011665344
20,65,0.18957574665546417,0.18780121207237244,0.0017652676906436682,0.09274032711982727,0.015814555808901787
20,66,0.8549600839614868,0.8448389172554016,0.01005634292960167,0.6482032537460327,0.10154575854539871
20,67,0.02854466624557972,0.028370264917612076,0.000146861479151994,0.275394469499588,0.007858417928218842
20,68,0.4495280683040619,0.43988656997680664,0.009605033323168755,0.36465638875961304,0.06737086176872253
20,69,0.177494615316391,0.1758330762386322,0.0016531078144907951,0.08431347459554672,0.015170200727880001
20,70,0.34741151332855225,0.3433949947357178,0.003973179962486029,0.4332332909107208,0.051142290234565735
20,71,0.8720211982727051,0.8603326082229614,0.011590275913476944,0.9830975532531738,0.11852394044399261
20,72,0.35649189352989197,0.34833335876464844,0.008066240698099136,0.9231193661689758,0.05469619482755661
20,73,0.882070779800415,0.8698670864105225,0.01211545430123806,0.882159948348999,0.12364967167377472
20,74,0.8703208565711975,0.8401466012001038,0.029753008857369423,4.212549209594727,0.320104718208313
20,75,0.4607385993003845,0.44906190037727356,0.011622361838817596,0.5434126257896423,0.07920697331428528
20,76,0.3863254487514496,0.3819882571697235,0.004325450398027897,0.11738783121109009,0.026394221931695938
20,77,0.35998648405075073,0.3535836338996887,0.006326019763946533,0.7681722044944763,0.05545274168252945
20,78,0.14251327514648438,0.13926461338996887,0.0032161613926291466,0.3249753713607788,0.10018652677536011
20,79,0.33977553248405457,0.33430179953575134,0.005452616140246391,0.2112782895565033,0.020325787365436554
20,80,0.6449727416038513,0.6385473012924194,0.00638270378112793,0.4275417625904083,0.07926686108112335
20,81,1.0001190900802612,0.9568755626678467,0.04263848811388016,6.050609111785889,0.1138017326593399
20,82,0.020404459908604622,0.020276252180337906,0.00010043827205663547,0.27769580483436584,0.004231175873428583
20,83,0.32774555683135986,0.322232186794281,0.0054713282734155655,0.4204409420490265,0.015100949443876743
20,84,0.386859267950058,0.3841593265533447,0.002687017433345318,0.1292763501405716,0.027177805081009865
20,85,0.7845142483711243,0.7773280739784241,0.007149670273065567,0.3648700714111328,0.09011667966842651
20,86,1.0496604442596436,1.0149621963500977,0.033879488706588745,8.186860084533691,0.1306549459695816
20,87,0.012475702911615372,0.012354303151369095,0.00010818735609063879,0.1321273148059845,0.05951497703790665
20,88,0.9246307611465454,0.9130315780639648,0.011555511504411697,0.4369087219238281,0.08465239405632019
20,89,0.06868874281644821,0.06769520044326782,0.0009891497902572155,0.04395672678947449,0.017531348392367363
20,90,0.23236213624477386,0.2290937751531601,0.0032541814725846052,0.14186307787895203,0.24445533752441406
20,91,0.9710344672203064,0.9383857250213623,0.032198984175920486,4.497920513153076,0.13172271847724915
20,92,0.8719966411590576,0.846774697303772,0.0248529352247715,3.6899545192718506,0.6154447197914124
20,93,0.8905590772628784,0.8797178268432617,0.010747155174612999,0.9412462115287781,0.13959652185440063
20,94,0.41320621967315674,0.4087441563606262,0.004435818642377853,0.2626802921295166,0.038645755499601364
20,95,0.8974975347518921,0.887100100517273,0.010323770344257355,0.7365283370018005,0.10924588143825531
20,96,0.23331399261951447,0.23089860379695892,0.0024027079343795776,0.12686195969581604,0.05601217597723007
20,97,0.3493902087211609,0.34462863206863403,0.004716075956821442,0.45504501461982727,0.0368078276515007
20,98,0.6953607797622681,0.6792476773262024,0.015889836475253105,2.232823371887207,0.22338446974754333
20,99,0.13674303889274597,0.1340368688106537,0.0026875741314142942,0.18593966960906982,0.08322669565677643
20,100,0.014893941581249237,0.014758178032934666,0.0001224280713358894,0.13335973024368286,0.03890024125576019
21,1,0.045133043080568314,0.04449329525232315,0.0006086532375775278,0.3109517991542816,0.025151532143354416
21,2,0.02301434613764286,0.02288268506526947,0.00010367984941694885,0.2798045575618744,0.008528475649654865
21,3,0.9406405091285706,0.9193447828292847,0.02102101966738701,2.7470874786376953,0.5331337451934814
21,4,0.04420807957649231,0.043593261390924454,0.0005814899923279881,0.33326345682144165,0.026006989181041718
21,5,0.9000561833381653,0.8878519535064697,0.012147726491093636,0.5651691555976868,0.0858144760131836
21,6,0.43420037627220154,0.4280804991722107,0.00603899173438549,0.8087688088417053,0.051269516348838806
21,7,0.4160199463367462,0.4109450876712799,0.005002741701900959,0.7212838530540466,0.052092500030994415
21,8,0.05377720668911934,0.05306923761963844,0.0006736043142154813,0.3436537981033325,0.025778330862522125
21,9,0.6282876133918762,0.6147186756134033,0.013435589149594307,1.333615779876709,0.31995266675949097
21,10,0.02473742701113224,0.02459772862493992,0.00011044027633033693,0.2925924062728882,0.0028953971341252327
21,11,0.4388183057308197,0.43081772327423096,0.00796675868332386,0.3382985293865204,0.05114489793777466
21,12,0.3860127627849579,0.3825691044330597,0.0034345705062150955,0.09089489281177521,0.013525069691240788
21,13,0.029374917969107628,0.02921854518353939,0.00013207164010964334,0.2430112212896347,0.007219366729259491
21,14,0.20530885457992554,0.2039179503917694,0.001379595953039825,0.11314227432012558,0.00536695308983326
21,15,0.37020424008369446,0.3673226833343506,0.0028723562136292458,0.09215059131383896,0.01044432446360588
21,16,0.48115116357803345,0.47478187084198,0.006278784014284611,0.9050706028938293,0.029143542051315308
21,17,0.1328400820493698,0.13145844638347626,0.0013745272299274802,0.07110194116830826,0.03821735084056854
21,18,0.35658347606658936,0.3503607511520386,0.006144299171864986,0.7843341827392578,0.04139137268066406
21,19,1.2322413921356201,1.1972055435180664,0.03392767906188965,11.08183765411377,0.15517300367355347
21,20,1.1419776678085327,1.1120588779449463,0.029337970539927483,5.808385848999023,0.16689735651016235
21,21,0.469914048910141,0.4565054178237915,0.013351207599043846,0.5743421912193298,0.09377073496580124
21,22,0.19685830175876617,0.19500112533569336,0.0018405274022370577,0.16650982201099396,0.015743650496006012
21,23,0.9012096524238586,0.8631725311279297,0.03752359002828598,5.13563346862793,0.4317719340324402
21,24,0.4735536575317383,0.463985800743103,0.009426400996744633,1.4145290851593018,0.054565005004405975
21,25,0.023090383037924767,0.022945692762732506,0.00013117524213157594,0.1351538449525833,0.05412972718477249
21,26,0.1356155127286911,0.13384844362735748,0.0017606522887945175,0.06427209824323654,0.04641164094209671
21,27,0.01914043538272381,0.019022691994905472,8.69424402480945e-05,0.3080105185508728,0.003350702580064535
21,28,0.024659622460603714,0.024524766951799393,0.00010352303797844797,0.3133171498775482,0.003231254406273365
21,29,0.4360102713108063,0.42918097972869873,0.006734257563948631,0.9502649903297424,0.03748096525669098
21,30,0.6519102454185486,0.6350066661834717,0.01669701747596264,2.065685510635376,0.18745474517345428
21,31,0.4172026813030243,0.41248831152915955,0.004688277840614319,0.26069357991218567,0.026369933038949966
21,32,0.46592530608177185,0.4557344615459442,0.010133140720427036,0.5769785642623901,0.03179273381829262
21,33,0.4066644310951233,0.40175843238830566,0.004873988218605518,0.3200083076953888,0.02538549154996872
21,34,0.8733874559402466,0.8486336469650269,0.024371575564146042,3.8224282264709473,0.37695521116256714
21,35,1.0233381986618042,0.9830649495124817,0.039389874786138535,8.833011627197266,0.16374406218528748
21,36,0.3355478048324585,0.32814455032348633,0.007347607985138893,0.5563316941261292,0.0495665967464447
21,37,1.0957478284835815,1.0606845617294312,0.034660130739212036,4.031449794769287,0.17186760902404785
21,38,0.07084038108587265,0.06920503079891205,0.001629409147426486,0.059408627450466156,0.03973642736673355
21,39,0.04598211124539375,0.04541817680001259,0.0005327347316779196,0.3119822144508362,0.018495645374059677
21,40,0.045642491430044174,0.04503505304455757,0.0005769532290287316,0.30482742190361023,0.020793939009308815
21,41,1.0688576698303223,1.03841233253479,0.029917564243078232,5.27750301361084,0.7827046513557434
21,42,1.1055762767791748,1.0671756267547607,0.03760872781276703,7.918815612792969,0.2417919635772705
21,43,0.2674728333950043,0.26490238308906555,0.002546790987253189,0.2366301417350769,0.026651928201317787
21,44,0.1309272199869156,0.1295713186264038,0.0013509726850315928,0.04927392303943634,0.042577169835567474
21,45,0.7648127675056458,0.7532064914703369,0.01154092513024807,0.6532290577888489,0.10636939108371735
21,46,0.8933516144752502,0.8844826221466064,0.008802680298686028,0.663530707359314,0.14175939559936523
21,47,0.3563057780265808,0.3504374623298645,0.005835273303091526,0.33059510588645935,0.03334096074104309
21,48,0.37147799134254456,0.3676588535308838,0.0038096755743026733,0.094387948513031,0.01545646134763956
21,49,0.342160165309906,0.3370636999607086,0.005067536607384682,0.28943854570388794,0.019835367798805237
21,50,1.0151114463806152,0.9624170064926147,0.051774147897958755,9.202370643615723,0.09484391659498215
21,51,0.04189176484942436,0.04176260530948639,0.00010528010170673952,0.23877738416194916,0.005970736034214497
21,52,0.7769923806190491,0.767734706401825,0.009205385111272335,0.5224943161010742,0.07275573909282684
21,53,0.40634438395500183,0.40295538306236267,0.003372402163222432,0.16586080193519592,0.02147747203707695
21,54,1.0052002668380737,0.9693605303764343,0.03529715910553932,5.425543785095215,0.10270263254642487
21,55,0.44891154766082764,0.4402216672897339,0.008651817217469215,0.3806677758693695,0.06200803071260452
21,56,0.12548229098320007,0.12394141405820847,0.001534539507701993,0.06335166096687317,0.040334876626729965
21,57,0.8080167770385742,0.7832963466644287,0.024369284510612488,3.5115303993225098,0.535973072052002
21,58,1.1082383394241333,1.0711811780929565,0.03637353703379631,6.836182117462158,0.20726406574249268
21,59,0.04498729109764099,0.04459869861602783,0.0003573168651200831,0.3127289116382599,0.016906432807445526
21,60,0.12298018485307693,0.12179946899414062,0.001175413839519024,0.05305057018995285,0.04155611991882324
21,61,0.43988171219825745,0.4340748190879822,0.005739294923841953,0.6757810711860657,0.04769381880760193
21,62,0.026740845292806625,0.02658001147210598,0.0001325645571341738,0.28269287943840027,0.006283941213041544
21,63,0.026305237784981728,0.02612454816699028,0.00015294936019927263,0.2773946225643158,0.005953852087259293
21,64,0.8464928269386292,0.822291374206543,0.023873087018728256,3.2834575176239014,0.421048641204834
21,65,1.0369491577148438,1.0146443843841553,0.02181852236390114,4.862192630767822,0.14640414714813232
21,66,0.8714703917503357,0.8499170541763306,0.021245546638965607,3.0777859687805176,0.26143962144851685
21,67,0.020618051290512085,0.020494388416409492,9.519948798697442e-05,0.28463244438171387,0.0032065194100141525
21,68,0.5738059878349304,0.5624574422836304,0.011226297356188297,1.2223896980285645,0.27696627378463745
21,69,0.40288570523262024,0.39798545837402344,0.004878295585513115,0.21960590779781342,0.04064154624938965
21,70,1.182913064956665,1.1444318294525146,0.037926509976387024,5.546358108520508,0.21961089968681335
21,71,1.146281361579895,1.1115338802337646,0.03430841118097305,4.390462875366211,0.19993047416210175
21,72,0.12521305680274963,0.12381382286548615,0.00139399035833776,0.05249621346592903,0.0413738414645195
21,73,0.2347567230463028,0.23192639648914337,0.0028147478587925434,0.15569624304771423,0.0480220764875412
21,74,0.915717601776123,0.9039241075515747,0.011745378375053406,0.481240838766098,0.07851040363311768
21,75,0.40317845344543457,0.39815622568130493,0.004930487833917141,0.9174214005470276,0.03825996816158295
21,76,0.9007348418235779,0.892198920249939,0.008504310622811317,0.3161297142505646,0.06276394426822662
21,77,0.8373702168464661,0.819760799407959,0.017389066517353058,2.20352840423584,0.45302242040634155
21,78,0.017927518114447594,0.01780119724571705,0.0001134403282776475,0.12881118059158325,0.04324519634246826
21,79,0.7366493940353394,0.7250900268554688,0.01149582676589489,0.6354551911354065,0.08402672410011292
21,80,0.7163853049278259,0.7080646753311157,0.008276172913610935,0.4445821940898895,0.08630180358886719
21,81,0.02571978233754635,0.02554010972380638,0.00015171566337812692,0.2795634865760803,0.006737681105732918
21,82,0.02625141479074955,0.026074111461639404,0.0001490477006882429,0.28256145119667053,0.00672136340290308
21,83,0.38359570503234863,0.3792489171028137,0.004337024874985218,0.09761538356542587,0.024149678647518158
21,84,0.8669556975364685,0.848331093788147,0.018388431519269943,2.361755609512329,0.6156556010246277
21,85,0.8839221000671387,0.8746730089187622,0.009214580990374088,0.3448445200920105,0.10361151397228241
21,86,0.43843165040016174,0.43268805742263794,0.005677839741110802,0.657518208026886,0.046497225761413574
21,87,0.6233810782432556,0.6109932065010071,0.012251682579517365,1.3617160320281982,0.2787643074989319
21,88,0.027889465913176537,0.02770710177719593,0.0001549448788864538,0.2742021977901459,0.006892406847327948
21,89,0.041298139840364456,0.04091685265302658,0.0003522746847011149,0.2901330888271332,0.017611995339393616
21,90,0.0159591156989336,0.015859181061387062,7.410025864373893e-05,0.258355051279068,0.002987436018884182
21,91,0.32829564809799194,0.3239171504974365,0.004340418614447117,0.3807802200317383,0.0342736542224884
21,92,0.4529001712799072,0.44697636365890503,0.005892782937735319,0.31017929315567017,0.04313168302178383
21,93,0.04395095258951187,0.04339432343840599,0.0005264551728032529,0.30173754692077637,0.018130678683519363
21,94,0.2266605645418167,0.2243122160434723,0.0023352275602519512,0.13124185800552368,0.04126189276576042
21,95,0.3485676646232605,0.34422481060028076,0.004312220960855484,0.30628401041030884,0.016452359035611153
21,96,0.9295428395271301,0.904420018196106,0.024785785004496574,3.3706133365631104,0.2939571142196655
21,97,1.1862754821777344,1.1593246459960938,0.026632843539118767,3.180143356323242,0.12670230865478516
21,98,0.02884838357567787,0.02875702641904354,6.471929373219609e-05,0.26637372374534607,0.002908916212618351
21,99,1.2388110160827637,1.1890028715133667,0.04850564897060394,13.025392532348633,0.24284741282463074
21,100,0.5010992884635925,0.4902825355529785,0.010769321583211422,0.4742874801158905,0.1262197643518448
22,1,0.2973532974720001,0.2921750843524933,0.005070851184427738,1.0735830068588257,0.05488219112157822
22,2,0.3395700752735138,0.3341459035873413,0.005399658810347319,0.24519073963165283,0.028516970574855804
22,3,0.02912297658622265,0.028949329629540443,0.0001410374534316361,0.32608985900878906,0.006621540989726782
22,4,1.1752945184707642,1.143564224243164,0.03136468678712845,3.656144857406616,0.13849331438541412
22,5,0.12876364588737488,0.12727110087871552,0.0014869647566229105,0.05578455701470375,0.042796581983566284
22,6,0.34624382853507996,0.3418697714805603,0.0043333228677511215,0.40729594230651855,0.035035550594329834
22,7,0.24416449666023254,0.2414586842060089,0.0026909098960459232,0.14896318316459656,0.04051980376243591
22,8,0.6485371589660645,0.6324996948242188,0.015774555504322052,2.628880023956299,0.21144306659698486
22,9,0.029894480481743813,0.02972738817334175,0.00013836198195349425,0.28728997707366943,0.008132372051477432
22,10,0.045318473130464554,0.04484766349196434,0.0004399679019115865,0.3084012567996979,0.021582867950201035
22,11,0.3809047043323517,0.3772035539150238,0.0036866990849375725,0.14450182020664215,0.01439655665308237
22,12,0.33220139145851135,0.3275601267814636,0.004604463465511799,0.3682025671005249,0.008232138119637966
22,13,0.3722425103187561,0.368326872587204,0.003905318910256028,0.10322988778352737,0.02009580098092556
22,14,0.19067133963108063,0.1885569840669632,0.002103859093040228,0.1048441007733345,0.018653640523552895
22,15,0.22600066661834717,0.22299718856811523,0.0029918462969362736,0.11637953668832779,0.07148723304271698
22,16,0.6403529644012451,0.6212021112442017,0.018911831080913544,2.390432357788086,0.3292894959449768
22,17,0.01921853795647621,0.019121389836072922,6.720767123624682e-05,0.2994081377983093,0.003220540937036276
22,18,0.9278038740158081,0.9107519388198853,0.01693723164498806,1.1465182304382324,0.14255531132221222
22,19,0.9487807750701904,0.9281575679779053,0.020341748371720314,2.8146421909332275,0.13942742347717285
22,20,0.9045194387435913,0.8782224655151367,0.025698263198137283,5.987112998962402,0.119723379611969
22,21,0.044012874364852905,0.0435563288629055,0.00042710587149485946,0.2943934500217438,0.017993703484535217
22,22,0.8770128488540649,0.8483713269233704,0.02823353372514248,4.079998970031738,0.580208420753479
22,23,0.012132569216191769,0.012026147916913033,9.295876225223765e-05,0.1346270889043808,0.06457314640283585
22,24,1.1162201166152954,1.0769100189208984,0.03879863768815994,5.114238739013672,0.133017897605896
22,25,0.01919465884566307,0.019114244729280472,5.503506326931529e-05,0.2537804841995239,0.007554694078862667
22,26,1.2268650531768799,1.1870543956756592,0.038813695311546326,9.969005584716797,0.1761215329170227
22,27,0.8506662249565125,0.840988278388977,0.009648352861404419,0.2961690127849579,0.07741571962833405
22,28,0.220323383808136,0.2173176109790802,0.002984818769618869,0.2094518095254898,0.033570170402526855
22,29,1.1693233251571655,1.1302608251571655,0.03854355216026306,5.1896491050720215,0.17784351110458374
22,30,1.0907294750213623,1.05732262134552,0.033031217753887177,3.755753517150879,0.17339849472045898
22,31,1.2197860479354858,1.1830368041992188,0.03629893809556961,4.502505302429199,0.20652160048484802
22,32,0.9943247437477112,0.9430174827575684,0.05050061643123627,8.066131591796875,0.16544029116630554
22,33,0.05382673442363739,0.053194355219602585,0.0005976404063403606,0.3473936915397644,0.024067167192697525
22,34,0.046242605894804,0.0455719530582428,0.0006369985640048981,0.3365509808063507,0.02276085875928402
22,35,0.016117965802550316,0.016007427126169205,8.238287409767509e-05,0.28156208992004395,0.003118430729955435
22,36,0.47305187582969666,0.4664151668548584,0.006607574410736561,0.2913364768028259,0.03738590329885483
22,37,0.46885743737220764,0.46406376361846924,0.004720632452517748,0.7303877472877502,0.03189169615507126
22,38,0.4896344542503357,0.482295960187912,0.0072970082983374596,0.4147607684135437,0.04344744235277176
22,39,0.01245163381099701,0.012371104210615158,6.690553709631786e-05,0.1362413913011551,0.05679230019450188
22,40,0.027020610868930817,0.02684120088815689,0.00014969561016187072,0.297155499458313,0.006503717042505741
22,41,0.3999324142932892,0.39362990856170654,0.006223824806511402,0.786865234375,0.06057221442461014
22,42,0.7434585690498352,0.7338318824768066,0.009575966745615005,0.5070321559906006,0.11012160778045654
22,43,0.3522454500198364,0.34662020206451416,0.0055635422468185425,0.616956889629364,0.059997789561748505
22,44,0.012332169339060783,0.01222699973732233,9.161837078863755e-05,0.13551366329193115,0.06393930315971375
22,45,0.2355056256055832,0.23275303840637207,0.0027344697155058384,0.18118393421173096,0.05319509655237198
22,46,0.49900755286216736,0.49211400747299194,0.006750897504389286,1.4262750148773193,0.051980771124362946
22,47,0.22897659242153168,0.2265779823064804,0.002382249105721712,0.1636565774679184,0.04268503561615944
22,48,0.7284060120582581,0.7209864258766174,0.007382730953395367,0.3684772849082947,0.08184632658958435
22,49,1.2692912817001343,1.2341105937957764,0.0342237651348114,9.569403648376465,0.15576337277889252
22,50,0.018969371914863586,0.018581273034214973,0.00038747041253373027,0.006273102946579456,0.004118470475077629
22,51,0.8537637591362,0.8303815126419067,0.023121461272239685,2.60768461227417,0.3641711175441742
22,52,0.8570075631141663,0.8377037048339844,0.019049331545829773,2.5453732013702393,0.5123878717422485
22,53,0.3642609417438507,0.3598978817462921,0.004348374903202057,0.1469557136297226,0.019935300573706627
22,54,0.02542429231107235,0.02520114928483963,0.00019158600480295718,0.31556564569473267,0.006898495834320784
22,55,0.630228579044342,0.6123416423797607,0.017658522352576256,2.284193515777588,0.25617390871047974
22,56,0.8722072243690491,0.8573063611984253,0.014768019318580627,1.3285883665084839,0.14100095629692078
22,57,0.13534557819366455,0.13175365328788757,0.0035702409222722054,0.2167452573776245,0.0999784916639328
22,58,0.3881981670856476,0.38366472721099854,0.004517706576734781,0.1574626863002777,0.016099538654088974
22,59,0.713737964630127,0.7032220363616943,0.010462378151714802,0.5353754162788391,0.05994318053126335
22,60,0.020687490701675415,0.02056444063782692,9.022581798490137e-05,0.32824382185935974,0.0034180190414190292
22,61,0.1349005252122879,0.13319222629070282,0.001702402252703905,0.05894947797060013,0.029197998344898224
22,62,0.8289203643798828,0.8006126880645752,0.027971727773547173,3.359360456466675,0.2627812623977661
22,63,0.019510557875037193,0.019334061071276665,0.0001361202448606491,0.40376922488212585,0.002959043253213167
22,64,0.9836891889572144,0.95406574010849,0.02903199940919876,5.914845943450928,0.16221241652965546
22,65,0.37992608547210693,0.3751535415649414,0.004742714110761881,0.2983272075653076,0.045788634568452835
22,66,0.96955806016922,0.9272080659866333,0.041680581867694855,6.693943977355957,0.47461557388305664
22,67,0.8647851347923279,0.854058027267456,0.010650945827364922,0.7616675496101379,0.14775671064853668
22,68,0.7981855273246765,0.7734686136245728,0.024365069344639778,3.5181658267974854,0.14219409227371216
22,69,0.45490413904190063,0.44927456974983215,0.005602225661277771,0.27358898520469666,0.05431529879570007
22,70,0.44219252467155457,0.4322846829891205,0.009709023870527744,1.9882299900054932,0.06369790434837341
22,71,0.4316394329071045,0.42475426197052,0.006762265227735043,1.2290834188461304,0.04963717982172966
22,72,0.029236776754260063,0.028939377516508102,0.0002564147289376706,0.40983930230140686,0.006881531327962875
22,73,0.4535139799118042,0.44634127616882324,0.007138517685234547,0.34171754121780396,0.03667639568448067
22,74,0.6984473466873169,0.6865220665931702,0.01175700780004263,1.682788372039795,0.18960487842559814
22,75,0.13315175473690033,0.13175520300865173,0.0013907641405239701,0.05784588307142258,0.02933817356824875
22,76,0.8608512282371521,0.8331514596939087,0.027346216142177582,3.5359108448028564,0.3054438531398773
22,77,0.9251824617385864,0.8839849829673767,0.04060119763016701,5.962966442108154,0.35909101366996765
22,78,0.8924018740653992,0.8803722858428955,0.011983396485447884,0.46213871240615845,0.102997325360775
22,79,0.4043032228946686,0.39899152517318726,0.005280095152556896,0.3157871961593628,0.04509001225233078
22,80,0.14222340285778046,0.13890406489372253,0.003288724459707737,0.3060447871685028,0.14527791738510132
22,81,1.3180683851242065,1.2503379583358765,0.06600157916545868,17.288496017456055,0.3695961833000183
22,82,0.9394962787628174,0.9212346076965332,0.018072836101055145,1.8882999420166016,0.21969713270664215
22,83,0.014474431052803993,0.014372091740369797,7.32446278561838e-05,0.2909408211708069,0.0028703883290290833
22,84,0.6524493098258972,0.6363033056259155,0.01593719609081745,2.0880649089813232,0.22913484275341034
22,85,1.0207480192184448,1.0034823417663574,0.01705300807952881,2.12619686126709,0.09721435606479645
22,86,0.3408581018447876,0.3376252055168152,0.0032062754034996033,0.266228586435318,0.015216480940580368
22,87,0.6775540113449097,0.6693849563598633,0.008132243528962135,0.3684293329715729,0.039738353341817856
22,88,0.9886016845703125,0.9660964012145996,0.022103048861026764,4.022014141082764,0.12041151523590088
22,89,0.442939817905426,0.43713799118995667,0.005694732069969177,1.0710678100585938,0.026522088795900345
22,90,1.1391304731369019,1.1083176136016846,0.030416199937462807,3.9664134979248047,0.15202821791172028
22,91,0.9910834431648254,0.9569889307022095,0.03348631039261818,6.081861972808838,0.1368306279182434
22,92,0.043592602014541626,0.043022286146879196,0.0005359671195037663,0.34348544478416443,0.023247726261615753
22,93,0.014873563311994076,0.014752533286809921,8.955560042522848e-05,0.3147423267364502,0.003098720218986273
22,94,0.12963733077049255,0.12785658240318298,0.0017744333017617464,0.06324867159128189,0.0628412738442421
22,95,0.4759385585784912,0.4646468758583069,0.011244088411331177,0.4759314954280853,0.1286298632621765
22,96,0.8611728549003601,0.8319624662399292,0.028856979683041573,3.5342142581939697,0.48128241300582886
22,97,1.0166341066360474,0.9926332831382751,0.02359827794134617,4.025881290435791,0.17128029465675354
22,98,0.1323484182357788,0.13020935654640198,0.0021248769480735064,0.14184045791625977,0.07589896023273468
22,99,0.18647511303424835,0.18504156172275543,0.0014233419205993414,0.10202975571155548,0.008570901118218899
22,100,0.03396188095211983,0.03385686129331589,7.975396874826401e-05,0.25265973806381226,0.004679834470152855
23,1,0.13473138213157654,0.13372501730918884,0.0010021778289228678,0.04185017570853233,0.023376381024718285
23,2,0.20032648742198944,0.19845989346504211,0.0018534209812059999,0.13166579604148865,0.008243811316788197
23,3,0.9695843458175659,0.9632436633110046,0.006315922364592552,0.2475038468837738,0.02984371781349182
23,4,0.24983510375022888,0.24745020270347595,0.002370110247284174,0.1479034721851349,0.04324525594711304
23,5,1.0423396825790405,1.0197572708129883,0.02229638211429119,2.859438180923462,0.27104923129081726
23,6,0.04999639466404915,0.04944714158773422,0.0005167756462469697,0.32476627826690674,0.022716667503118515
23,7,0.26906660199165344,0.26600438356399536,0.0030451645143330097,0.17044293880462646,0.09318557381629944
23,8,0.44017693400382996,0.4339304268360138,0.006185182370245457,0.6132380366325378,0.07100997865200043
23,9,0.05836573243141174,0.05815459042787552,0.00017698583542369306,0.3415580093860626,0.006963920779526234
23,10,0.15336409211158752,0.1506681740283966,0.002681999932974577,0.1391298919916153,0.16101276874542236
23,11,0.4425564408302307,0.4344189763069153,0.008006397634744644,1.3108183145523071,0.11231200397014618
23,12,0.18500357866287231,0.1835082471370697,0.0014876934001222253,0.07642453908920288,0.01528501883149147
23,13,0.1372382789850235,0.13418805599212646,0.003027850529178977,0.22366271913051605,0.11671573668718338
23,14,0.8600293397903442,0.847335934638977,0.012617059051990509,0.7637117505073547,0.17134875059127808
23,15,0.8554914593696594,0.8440036177635193,0.011399228125810623,0.8862534165382385,0.14688266813755035
23,16,0.3443261384963989,0.33954066038131714,0.0047536613419651985,0.31831803917884827,0.014262945391237736
23,17,0.9626545310020447,0.9455335140228271,0.017037417739629745,0.8359899520874023,0.07441113144159317
23,18,0.9505992531776428,0.9122833609580994,0.037899550050497055,4.163623809814453,0.3040139675140381
23,19,0.10770836472511292,0.10746258497238159,0.00022827544307801872,0.17499984800815582,0.01538672111928463
23,20,0.07993099093437195,0.07986067235469818,5.410307494457811e-05,0.16215676069259644,0.005111693404614925
23,21,0.34748438000679016,0.34495607018470764,0.002507817931473255,0.20507322251796722,0.009679009206593037
23,22,0.20719480514526367,0.2062566578388214,0.0009301634272560477,0.07990166544914246,0.003728891257196665
23,23,0.01739255152642727,0.0173262320458889,4.833592538489029e-05,0.1798444539308548,0.0024295307230204344
23,24,0.9056147933006287,0.8889983892440796,0.016559729352593422,0.5666581988334656,0.20093867182731628
23,25,0.23115922510623932,0.22808632254600525,0.003060563001781702,0.1233602911233902,0.24808856844902039
23,26,0.2012208253145218,0.19990651309490204,0.001302932621911168,0.11377103626728058,0.010297179222106934
23,27,1.195090651512146,1.1512025594711304,0.04303102195262909,8.57158088684082,0.379467248916626
23,28,0.041867464780807495,0.04178529232740402,6.165751983644441e-05,0.20514430105686188,0.001997708808630705
23,29,0.9904846549034119,0.9658625721931458,0.024213578552007675,4.085541725158691,0.21275004744529724
23,30,0.038103774189949036,0.037983279675245285,0.00010140772064914927,0.1908743679523468,0.004835803061723709
23,31,0.9462935924530029,0.9170594215393066,0.028841892257332802,3.9224140644073486,0.06016577035188675
23,32,0.08831165730953217,0.0879032239317894,0.00040623528184369206,0.02194296009838581,0.005373424384742975
23,33,0.762581467628479,0.7556418776512146,0.006899205967783928,0.4038693904876709,0.03172965347766876
23,34,0.02742592990398407,0.02729582041501999,0.00010954936442431062,0.20559252798557281,0.005430169869214296
23,35,0.3394087851047516,0.3366737961769104,0.0027173091657459736,0.17680181562900543,0.018437020480632782
23,36,0.022610565647482872,0.022507328540086746,7.990587619133294e-05,0.2333229035139084,0.0026287264190614223
23,37,0.43746301531791687,0.43339622020721436,0.004022074863314629,0.4472532570362091,0.022571785375475883
23,38,1.1981106996536255,1.17719566822052,0.020638026297092438,2.770826816558838,0.06664974987506866
23,39,0.6055178642272949,0.5961883068084717,0.009224741719663143,1.0483026504516602,0.2383013665676117
23,40,0.427461713552475,0.4206749200820923,0.0066808718256652355,1.0591087341308594,0.06639854609966278
23,41,1.0328975915908813,1.010432481765747,0.02223370596766472,2.3139898777008057,0.12922735512256622
23,42,0.04516557604074478,0.04507029429078102,6.51265072519891e-05,0.3015579283237457,0.003535129129886627
23,43,0.040629781782627106,0.04049784317612648,0.00011688842641888186,0.15051698684692383,0.14153829216957092
23,44,0.14486229419708252,0.14217740297317505,0.0026704040355980396,0.14476515352725983,0.1482180804014206
23,45,0.9062673449516296,0.8808301091194153,0.02515498921275139,2.822472333908081,0.7989687919616699
23,46,0.3682296872138977,0.3644912838935852,0.003726920112967491,0.11488307267427444,0.022328078746795654
23,47,0.32965922355651855,0.324832558631897,0.004810491111129522,0.16187213361263275,0.022115185856819153
23,48,0.1347348839044571,0.13352321088314056,0.0012069209478795528,0.047540631145238876,0.03456404060125351
23,49,0.023777488619089127,0.023752979934215546,5.707649506803136e-06,0.18802125751972198,0.0012852097861468792
23,50,0.06476697325706482,0.06443282961845398,0.0003121788031421602,0.21963997185230255,0.01270342618227005
23,51,0.20431168377399445,0.20297664403915405,0.001324875745922327,0.10168810188770294,0.004834037274122238
23,52,0.1677202582359314,0.16571444272994995,0.0019945940002799034,0.11214914917945862,0.041214220225811005
23,53,1.1040945053100586,1.0868490934371948,0.016927756369113922,3.1771044731140137,0.0587700791656971
23,54,0.9146268963813782,0.9026931524276733,0.011814254336059093,1.1948306560516357,0.04664866626262665
23,55,0.12950371205806732,0.1284879744052887,0.0010119109647348523,0.03827156871557236,0.02517499215900898
23,56,1.0324314832687378,0.9925084114074707,0.03919544816017151,7.276607036590576,0.11305676400661469
23,57,0.14015547931194305,0.1374601423740387,0.002682529855519533,0.1280149221420288,0.08367127180099487
23,58,0.4214872717857361,0.4146457314491272,0.006746664643287659,0.9487633109092712,0.054736487567424774
23,59,1.164734125137329,1.1329765319824219,0.031327955424785614,4.2958149909973145,0.19631800055503845
23,60,0.6797669529914856,0.6609463691711426,0.01857314072549343,2.4742116928100586,0.30922138690948486
23,61,0.4559829533100128,0.4453536868095398,0.010422876104712486,2.0637714862823486,0.0915849357843399
23,62,0.4456925392150879,0.4381144642829895,0.0074696969240903854,1.083939552307129,0.06515644490718842
23,63,0.03859435021877289,0.03850611299276352,6.2689243350178e-05,0.2554784417152405,0.002377818338572979
23,64,0.13042299449443817,0.12908166646957397,0.0013365484774112701,0.047861773520708084,0.04806428402662277
23,65,0.3645218014717102,0.3605978786945343,0.003914822358638048,0.09100539237260818,0.024289529770612717
23,66,0.014264590106904507,0.014209887012839317,3.4471806429792196e-05,0.20231109857559204,0.002113946247845888
23,67,0.021849310025572777,0.02176695317029953,6.19650527369231e-05,0.20392592251300812,0.0019915567245334387
23,68,0.02601831965148449,0.025932231917977333,7.583378464914858e-05,0.10254642367362976,0.0334259569644928
23,69,0.4187740981578827,0.41404861211776733,0.004665167070925236,0.6033202409744263,0.01698392629623413
23,70,1.080806016921997,1.0325825214385986,0.0474037304520607,8.198192596435547,0.07027895003557205
23,71,0.7269496917724609,0.7186011672019958,0.008300520479679108,0.4796539843082428,0.046750061213970184
23,72,0.24808555841445923,0.24648535251617432,0.0015890456270426512,0.11154494434595108,0.019663136452436447
23,73,0.10261846333742142,0.10186783969402313,0.000748089631088078,0.025342926383018494,0.015344681218266487
23,74,0.48149919509887695,0.4756195545196533,0.005781169980764389,0.9845312237739563,0.034252941608428955
23,75,0.1446419507265091,0.1422029435634613,0.00242433650419116,0.1467752903699875,0.09510630369186401
23,76,0.030986033380031586,0.030887285247445107,7.147823635023087e-05,0.27269065380096436,0.0026347930543124676
23,77,0.8246573805809021,0.804520845413208,0.01987975835800171,2.5674705505371094,0.48862457275390625
23,78,0.6253877282142639,0.6081975698471069,0.016974085941910744,2.1608505249023438,0.2843555212020874
23,79,0.8905001878738403,0.8597521185874939,0.030325887724757195,4.221895694732666,0.500205397605896
23,80,0.45682984590530396,0.4447569251060486,0.012015581130981445,0.5732579231262207,0.1003011018037796
23,81,0.12804223597049713,0.1252755969762802,0.0027489091735333204,0.17728272080421448,0.10202217102050781
23,82,0.04526999592781067,0.04483482241630554,0.0004039460909552872,0.3123094141483307,0.0151538560166955
23,83,0.021301185712218285,0.021186957135796547,8.4677740233019e-05,0.295511931180954,0.0025571822188794613
23,84,0.362187922000885,0.3581085801124573,0.004070986062288284,0.08357146382331848,0.02156958356499672
23,85,0.6007299423217773,0.5904091000556946,0.010224664583802223,0.9620600938796997,0.13429322838783264
23,86,0.020789800211787224,0.020686935633420944,8.887154399417341e-05,0.13992449641227722,0.025298062711954117
23,87,0.9298812747001648,0.9098259210586548,0.019739113748073578,3.1624393463134766,0.25027960538864136
23,88,0.42460063099861145,0.41835230588912964,0.006181405857205391,0.6691803336143494,0.04438163712620735
23,89,0.12143894284963608,0.11999675631523132,0.0014377578627318144,0.0442841611802578,0.04440688714385033
23,90,0.8152152299880981,0.7932531237602234,0.021688830107450485,2.733128547668457,0.28850826621055603
23,91,0.4337242841720581,0.4253777265548706,0.008219110779464245,1.2743769884109497,0.08662828803062439
23,92,1.2209484577178955,1.181139349937439,0.039305225014686584,5.038881778717041,0.1639217883348465
23,93,0.051042597740888596,0.05044674873352051,0.0005606060149148107,0.35240721702575684,0.020945832133293152
23,94,0.46125397086143494,0.4499098062515259,0.011293366551399231,0.5082601308822632,0.09869207441806793
23,95,0.013266808353364468,0.01317114382982254,8.125715248752385e-05,0.14407691359519958,0.06896398961544037
23,96,0.38227757811546326,0.37760382890701294,0.004663906060159206,0.0982084572315216,0.03594527021050453
23,97,0.8728335499763489,0.8457666039466858,0.026764847338199615,3.0208969116210938,0.37452802062034607
23,98,0.43741199374198914,0.431145042181015,0.006182933691889048,0.8401126265525818,0.041866566985845566
23,99,0.022552864626049995,0.022447623312473297,7.879313488956541e-05,0.2644837200641632,0.0032390467822551727
23,100,0.9103731513023376,0.8960247039794922,0.014275012537837029,0.7344350218772888,0.12468986213207245
24,1,0.9387063980102539,0.9237575531005859,0.014875432476401329,0.7345262169837952,0.12188029289245605
24,2,1.0693169832229614,1.0409839153289795,0.027784865349531174,5.4828877449035645,0.17998138070106506
24,3,0.6124929785728455,0.5977873802185059,0.014530627056956291,1.750227928161621,0.22431164979934692
24,4,0.029992379248142242,0.029839439317584038,0.00012738342047668993,0.2555704414844513,0.007462447974830866
24,5,0.3182852566242218,0.31509989500045776,0.003166007809340954,0.1934039145708084,0.03006928041577339
24,6,0.7200828194618225,0.7094674110412598,0.010555477812886238,0.5993106961250305,0.08192764967679977
24,7,0.42882227897644043,0.4250090420246124,0.0037819496355950832,0.3129904866218567,0.02308078110218048
24,8,0.2242184579372406,0.22208374738693237,0.0021262853406369686,0.08426140248775482,0.033094990998506546
24,9,0.006054695229977369,0.005680894013494253,0.00037329448969103396,0.005066848825663328,0.005221263971179724
24,10,0.008116405457258224,0.007969447411596775,0.00014675241254735738,0.0020537981763482094,0.003654222935438156
24,11,0.2021521031856537,0.20038461685180664,0.001754730474203825,0.12753315269947052,0.008801817893981934
24,12,0.8848167061805725,0.8745436072349548,0.010202419012784958,0.7071285247802734,0.11952648311853409
24,13,0.33099162578582764,0.32809537649154663,0.002875037956982851,0.21226182579994202,0.026807250455021858
24,14,0.9397672414779663,0.9048470258712769,0.03442616015672684,4.940767288208008,0.3469526767730713
24,15,0.8564407825469971,0.8442444801330566,0.012129830196499825,0.6643638014793396,0.14094425737857819
24,16,0.38642534613609314,0.38200831413269043,0.004403127357363701,0.13913841545581818,0.0265983697026968
24,17,0.7830542922019958,0.7688002586364746,0.014168827794492245,0.8526199460029602,0.14739400148391724
24,18,0.38691797852516174,0.3820721507072449,0.004826860036700964,0.189571812748909,0.028526876121759415
24,19,0.9402182698249817,0.9258687496185303,0.01429030578583479,0.5916727185249329,0.1339477300643921
24,20,0.9620208740234375,0.9452212452888489,0.016704265028238297,0.953923225402832,0.12858042120933533
24,21,0.13116991519927979,0.12878577411174774,0.0023699046578258276,0.14233078062534332,0.07660000026226044
24,22,1.3058604001998901,1.2565932273864746,0.04799133539199829,12.75845718383789,0.1768987625837326
24,23,0.4235844910144806,0.4172241687774658,0.00627727760002017,0.830691397190094,0.03173115849494934
24,24,0.37618160247802734,0.3729499578475952,0.0032224308233708143,0.09221714735031128,0.017146717756986618
24,25,0.8705898523330688,0.8601542711257935,0.010395312681794167,0.4031479060649872,0.0769401490688324
24,26,0.8921937942504883,0.864102303981781,0.027710463851690292,3.81027889251709,0.5901038646697998
24,27,0.9292629361152649,0.8991678953170776,0.029632005840539932,4.6299824714660645,0.5869780778884888
24,28,0.20840522646903992,0.2065037339925766,0.0018812194466590881,0.20261594653129578,0.012602340430021286
24,29,0.015203862451016903,0.015096405521035194,9.397989197168499e-05,0.13476760685443878,0.034640565514564514
24,30,0.020758366212248802,0.020677872002124786,5.405227420851588e-05,0.2644239366054535,0.004223574418574572
24,31,0.3941214680671692,0.39103883504867554,0.0030553871765732765,0.2722916305065155,0.016255542635917664
24,32,0.4173738360404968,0.41215968132019043,0.005081037059426308,1.331223487854004,0.02832505665719509
24,33,1.177154779434204,1.1373534202575684,0.03875286132097244,10.484785079956055,0.1177455261349678
24,34,0.12866628170013428,0.12755292654037476,0.001109235337935388,0.04105463996529579,0.03410535305738449
24,35,0.19987009465694427,0.1979871392250061,0.0018728440627455711,0.10112030059099197,0.014722391963005066
24,36,0.8599737882614136,0.8513920307159424,0.008527476340532303,0.542981743812561,0.11265711486339569
24,37,0.5883564949035645,0.5777243375778198,0.01051656249910593,1.1556134223937988,0.25338685512542725
24,38,0.9322523474693298,0.8980387449264526,0.03365759551525116,5.559685707092285,0.11863791942596436
24,39,0.9189455509185791,0.8845598101615906,0.033873192965984344,5.125543117523193,0.4237574338912964
24,40,0.420710027217865,0.41474026441574097,0.005903509445488453,0.6625325083732605,0.03860418498516083
24,41,0.8552038669586182,0.8466130495071411,0.008532418869435787,0.584037184715271,0.12658610939979553
24,42,0.3364887833595276,0.33100372552871704,0.005443919450044632,0.41118401288986206,0.04292590171098709
24,43,1.1001732349395752,1.0635907649993896,0.03585495054721832,7.275691032409668,0.20678256452083588
24,44,0.8746801018714905,0.8379503488540649,0.036307308822870255,4.22407341003418,0.4221368432044983
24,45,0.051265470683574677,0.050591934472322464,0.0006440208526328206,0.2951372265815735,0.022333865985274315
24,46,0.8653703331947327,0.856293797492981,0.009046617895364761,0.29920995235443115,0.07498922944068909
24,47,0.026302402839064598,0.026164907962083817,0.000111963483504951,0.25532078742980957,0.005705487914383411
24,48,0.018719997256994247,0.018624430522322655,7.083603122737259e-05,0.24730974435806274,0.002507041906937957
24,49,0.9443210959434509,0.9363736510276794,0.00789190735667944,0.5557358264923096,0.10145692527294159
24,50,0.1387360841035843,0.13634634017944336,0.0023660194128751755,0.23728251457214355,0.08740521222352982
24,51,0.9011695384979248,0.8757203817367554,0.025132834911346436,3.1633894443511963,0.49214035272598267
24,52,0.881829559803009,0.8739233016967773,0.007875419221818447,0.30829256772994995,0.06253556162118912
24,53,1.2205965518951416,1.1852569580078125,0.03489569574594498,4.4390411376953125,0.14944881200790405
24,54,0.9334633350372314,0.9230642914772034,0.010359865613281727,0.3915698230266571,0.08482792973518372
24,55,0.225084125995636,0.22311297059059143,0.001963347429409623,0.07810322940349579,0.04079750180244446
24,56,0.40279725193977356,0.39939045906066895,0.0033886602614074945,0.1812908798456192,0.03374311327934265
24,57,0.027026383206248283,0.026871556416153908,0.00012907502241432667,0.2575155794620514,0.005998001433908939
24,58,0.638209879398346,0.6320521235466003,0.006118294782936573,0.3943716287612915,0.10121283680200577
24,59,0.020897872745990753,0.020789071917533875,8.281529881060123e-05,0.25984999537467957,0.0022882334887981415
24,60,0.4886471927165985,0.4783354699611664,0.010152660310268402,1.590588092803955,0.05596097931265831
24,61,0.020353788509964943,0.020250316709280014,7.769493095111102e-05,0.2577785849571228,0.0024801292456686497
24,62,1.1104719638824463,1.0335826873779297,0.07577353715896606,11.157776832580566,0.23689982295036316
24,63,0.011727539822459221,0.011696850880980492,2.86539361695759e-05,0.020352952182292938,0.0056367069482803345
24,64,0.7274501919746399,0.7182106971740723,0.009197809733450413,0.4167655110359192,0.1070379987359047
24,65,0.3411039710044861,0.33632349967956543,0.004756609909236431,0.23871836066246033,0.021774552762508392
24,66,0.40043002367019653,0.3968294560909271,0.0035251444205641747,0.7543123364448547,0.036235831677913666
24,67,0.4210297465324402,0.4141361713409424,0.006775096990168095,1.1846657991409302,0.04027188569307327
24,68,0.9462153911590576,0.935815155506134,0.010287035256624222,1.131895661354065,0.11445310711860657
24,69,0.3373022973537445,0.33348900079727173,0.0037888712249696255,0.24451538920402527,0.015693429857492447
24,70,0.935058057308197,0.9200658798217773,0.014819901436567307,1.7228494882583618,0.08423992246389389
24,71,0.4025697112083435,0.3968525528907776,0.005637104623019695,0.8003777861595154,0.031885627657175064
24,72,0.9972909688949585,0.9573774337768555,0.03939749300479889,5.16078519821167,0.09871965646743774
24,73,0.029202114790678024,0.0290724765509367,0.00010427405504742637,0.25362876057624817,0.005846840795129538
24,74,0.9248578548431396,0.8878456354141235,0.03648895397782326,5.23283052444458,0.32099467515945435
24,75,0.33779892325401306,0.33199721574783325,0.005777235142886639,0.2447434514760971,0.02029125578701496
24,76,0.8914738893508911,0.8795032501220703,0.01192526612430811,0.4535354673862457,0.10532747209072113
24,77,0.01636034995317459,0.01625395193696022,7.939264469314367e-05,0.2700498700141907,0.002684998791664839
24,78,0.13303473591804504,0.13060280680656433,0.0024161310866475105,0.15794622898101807,0.12758636474609375
24,79,0.4856124520301819,0.47406673431396484,0.011481896042823792,0.6383880972862244,0.08720704913139343
24,80,0.3261260390281677,0.3210303783416748,0.005063029006123543,0.3263634741306305,0.0232256893068552
24,81,0.04365886002779007,0.04317741096019745,0.0004503685631789267,0.310794860124588,0.019707098603248596
24,82,0.4097696542739868,0.403211772441864,0.006414451170712709,1.4342384338378906,0.048861391842365265
24,83,0.34028106927871704,0.3351004719734192,0.0051312982104718685,0.4929314851760864,0.03366079926490784
24,84,0.19583530724048615,0.19415055215358734,0.0016664620488882065,0.1830402910709381,0.010356806218624115
24,85,1.0422817468643188,1.0008819103240967,0.04041402041912079,9.85910701751709,0.151830792427063
24,86,0.12271188944578171,0.12148553133010864,0.001222314196638763,0.04045996069908142,0.04078822582960129
24,87,0.38362354040145874,0.3802643418312073,0.003346916986629367,0.12286050617694855,0.02614850178360939
24,88,0.8258496522903442,0.8062120676040649,0.019406694918870926,2.309278726577759,0.5177644491195679
24,89,1.0137901306152344,0.9962957501411438,0.017282288521528244,2.1205108165740967,0.12835407257080078
24,90,0.8377807140350342,0.8291746377944946,0.008551828563213348,0.5424185395240784,0.1017189770936966
24,91,0.43228599429130554,0.42384594678878784,0.008316649124026299,1.2341891527175903,0.034671418368816376
24,92,0.014520696364343166,0.014438943937420845,5.3743162425234914e-05,0.28009966015815735,0.0027848179452121258
24,93,0.003737916238605976,0.0036863298155367374,5.152554513188079e-05,0.0006084957858547568,0.0009422300499863923
24,94,0.13019682466983795,0.1276979148387909,0.0024826829321682453,0.1622026264667511,0.10905972123146057
24,95,0.044345252215862274,0.04383348673582077,0.00047764956252649426,0.34117162227630615,0.01859569549560547
24,96,0.8809845447540283,0.8521122932434082,0.028423143550753593,4.491098880767822,0.6531815528869629
24,97,0.8473979830741882,0.8188076019287109,0.02824283018708229,3.475515365600586,0.389199435710907
24,98,0.915039598941803,0.9029253721237183,0.012057696469128132,0.5653261542320251,0.07075776159763336
24,99,0.34061652421951294,0.33701592683792114,0.003581081982702017,0.1952330619096756,0.010480438359081745
24,100,0.9411596059799194,0.9115403890609741,0.029239341616630554,3.798640251159668,0.28052210807800293
25,1,0.35146304965019226,0.34776419401168823,0.003685255069285631,0.13592660427093506,0.02596106380224228
25,2,0.387786328792572,0.38317567110061646,0.004569136071950197,0.4150083065032959,0.03570245951414108
25,3,1.2221497297286987,1.1841440200805664,0.037517838180065155,4.878904342651367,0.15042170882225037
25,4,0.23743924498558044,0.23361805081367493,0.0038018154446035624,0.19374707341194153,0.07055129110813141
25,5,1.0730377435684204,1.044036865234375,0.028445765376091003,5.551424026489258,0.21324890851974487
25,6,0.9565653204917908,0.9452076554298401,0.011270081624388695,0.8753936886787415,0.17307442426681519
25,7,0.4375171959400177,0.4292029142379761,0.00821675918996334,0.9751372337341309,0.053019680082798004
25,8,0.22750896215438843,0.2243782877922058,0.0031179124489426613,0.12754522264003754,0.06408729404211044
25,9,0.010988885536789894,0.010907897725701332,4.844618160859682e-05,0.3254159986972809,0.003532456699758768
25,10,0.42920997738838196,0.41959649324417114,0.009427995420992374,1.8548129796981812,0.06537581980228424
25,11,0.466722309589386,0.45921456813812256,0.007463166024535894,0.4458352029323578,0.0764741599559784
25,12,0.6042569875717163,0.5933610200881958,0.010776862502098083,1.1909486055374146,0.24607983231544495
25,13,0.022583676502108574,0.02244279533624649,0.00012520434393081814,0.15675485134124756,0.05540312081575394
25,14,0.03057941049337387,0.030401751399040222,0.0001459979685023427,0.3166183531284332,0.007825271226465702
25,15,0.6231209635734558,0.6112968921661377,0.011692357249557972,1.3171625137329102,0.19699466228485107
25,16,0.3492303192615509,0.3441632091999054,0.005025232210755348,0.41877681016921997,0.030072201043367386
25,17,0.4377140700817108,0.43175554275512695,0.005885656923055649,0.7288014888763428,0.03170514479279518
25,18,0.13568107783794403,0.13314585387706757,0.002511806320399046,0.23430337011814117,0.0826481431722641
25,19,0.018014315515756607,0.01790941320359707,7.626139267813414e-05,0.2863975763320923,0.003462189808487892
25,20,0.23438937962055206,0.2314184010028839,0.0029530185274779797,0.17955586314201355,0.04568751901388168
25,21,0.012775569222867489,0.01264504250138998,0.00011553796502994373,0.14988313615322113,0.0552433505654335
25,22,0.26633813977241516,0.2619202733039856,0.004336807876825333,0.8106003999710083,0.042044296860694885
25,23,0.021788960322737694,0.021664924919605255,9.074668923858553e-05,0.3329002857208252,0.003425994887948036
25,24,0.2547306418418884,0.2514013946056366,0.0033084950409829617,0.20744487643241882,0.06740867346525192
25,25,0.9289897680282593,0.9158369302749634,0.01301688514649868,1.3593670129776,0.14479577541351318
25,26,0.3420409858226776,0.3380039632320404,0.004016462713479996,0.20570699870586395,0.018290892243385315
25,27,0.9151639938354492,0.9062035083770752,0.008922598324716091,0.37893375754356384,0.08845548331737518
25,28,1.2202647924423218,1.1907315254211426,0.029152601957321167,3.8057994842529297,0.15495970845222473
25,29,0.05899214372038841,0.05840286612510681,0.0005570086650550365,0.3226873576641083,0.02160445600748062
25,30,0.4779225289821625,0.46860527992248535,0.0092683807015419,0.4886518120765686,0.062227629125118256
25,31,0.03454512357711792,0.03440868481993675,0.00010612953337840736,0.3030896484851837,0.003948837518692017
25,32,0.3373378813266754,0.3327893912792206,0.004529917612671852,0.1857854276895523,0.01966739073395729
25,33,0.39866742491722107,0.3939668834209442,0.004687677603214979,0.1288474202156067,0.029551435261964798
25,34,0.3664499521255493,0.362989217042923,0.0034504905343055725,0.10262411832809448,0.025806531310081482
25,35,1.0373079776763916,0.9803837537765503,0.05592792108654976,9.963830947875977,0.1562630534172058
25,36,0.33596071600914,0.3314606845378876,0.00447007454931736,0.29954883456230164,0.05074162036180496
25,37,0.4260655641555786,0.41918379068374634,0.006761858239769936,1.1992732286453247,0.058795783668756485
25,38,0.041524674743413925,0.04132750630378723,0.00016791123198345304,0.292593389749527,0.01207832433283329
25,39,0.3432151973247528,0.33912143111228943,0.004056097008287907,0.37667787075042725,0.03333375230431557
25,40,0.8842208981513977,0.855456531047821,0.02842375636100769,3.4062867164611816,0.3449796736240387
25,41,0.4256371259689331,0.42247533798217773,0.0031466279178857803,0.15176406502723694,0.02076702192425728
25,42,0.43471625447273254,0.43094635009765625,0.003745994996279478,0.23904922604560852,0.02097935788333416
25,43,0.3760785162448883,0.3733435273170471,0.0027264985255897045,0.08500488847494125,0.01495673693716526
25,44,0.02817736193537712,0.02801493927836418,0.0001351518731098622,0.2727062404155731,0.007926013320684433
25,45,0.8778582811355591,0.8436936140060425,0.033661194145679474,5.034968852996826,0.43005311489105225
25,46,0.7727751731872559,0.7621802091598511,0.010537771508097649,0.5719503164291382,0.10825806856155396
25,47,0.9108161926269531,0.8681948184967041,0.04206346347928047,5.579218864440918,0.4084988832473755
25,48,0.0013704232405871153,0.001337566995061934,7.099892627593363e-06,0.25756263732910156,0.0013039389159530401
25,49,0.2080451101064682,0.20567145943641663,0.0023522882256656885,0.21362414956092834,0.014988345094025135
25,50,0.4981907308101654,0.49048948287963867,0.0075393496081233025,1.6189841032028198,0.04779031500220299
25,51,0.019389919936656952,0.0192691870033741,9.160242916550487e-05,0.29129907488822937,0.0031945272348821163
25,52,0.3876781463623047,0.3842340111732483,0.0034275329671800137,0.16601014137268066,0.030202429741621017
25,53,1.185657262802124,1.1518146991729736,0.033401764929294586,4.408845901489258,0.16869467496871948
25,54,0.9186404347419739,0.9022648334503174,0.016278546303510666,0.9706379175186157,0.08132580667734146
25,55,0.027831533923745155,0.027662761509418488,0.00014072416524868459,0.2804810702800751,0.006800845265388489
25,56,0.221810981631279,0.21947181224822998,0.002324931090697646,0.14252762496471405,0.0435979962348938
25,57,0.12409636378288269,0.12183214724063873,0.0022523165680468082,0.11900962144136429,0.08533256500959396
25,58,0.1817057728767395,0.1801193654537201,0.0015733928885310888,0.13002735376358032,0.011453282088041306
25,59,0.4585738778114319,0.45052891969680786,0.008011894300580025,0.3305487632751465,0.05319102108478546
25,60,1.0464200973510742,1.0037646293640137,0.041911061853170395,7.445115089416504,0.12407725304365158
25,61,0.6174774765968323,0.604949414730072,0.01237424649298191,1.5385749340057373,0.2510979473590851
25,62,0.6996344327926636,0.6901515126228333,0.009440683759748936,0.42250579595565796,0.08299307525157928
25,63,0.04863114655017853,0.047988373786211014,0.0006097904406487942,0.32984134554862976,0.02154695987701416
25,64,0.12451880425214767,0.12327603995800018,0.001238040393218398,0.047205694019794464,0.04364556074142456
25,65,0.7156155705451965,0.707208514213562,0.008360827341675758,0.4622642993927002,0.07649098336696625
25,66,0.3905855119228363,0.38650134205818176,0.004060644656419754,0.23525692522525787,0.027390994131565094
25,67,0.9452240467071533,0.9347145557403564,0.010425277054309845,0.8422451019287109,0.10839036107063293
25,68,0.012795559130609035,0.012702986598014832,7.810480747139081e-05,0.14467746019363403,0.04798164218664169
25,69,0.13045388460159302,0.12911024689674377,0.001338558504357934,0.05075260251760483,0.04135606437921524
25,70,0.3229716122150421,0.31894487142562866,0.0040066237561404705,0.20121723413467407,0.012343797832727432
25,71,0.01752466708421707,0.017442412674427032,5.4964351875241846e-05,0.27289339900016785,0.003007082501426339
25,72,0.01454909984022379,0.014465395361185074,5.5895434343256056e-05,0.2780916094779968,0.0027412353083491325
25,73,0.4936973452568054,0.4834473133087158,0.010160224512219429,0.898079514503479,0.0723097175359726
25,74,0.6831644177436829,0.6737763285636902,0.009346090257167816,0.4202590882778168,0.08794299513101578
25,75,0.017244582995772362,0.01708701066672802,0.00014195618859957904,0.1561567187309265,0.07809409499168396
25,76,0.045696359127759933,0.0450582392513752,0.0006039743311703205,0.34146761894226074,0.021077729761600494
25,77,0.1284460723400116,0.12552788853645325,0.002902301726862788,0.1588706076145172,0.10614793747663498
25,78,0.9025134444236755,0.8774105310440063,0.024807017296552658,2.9590513706207275,0.563667893409729
25,79,0.9056493639945984,0.8763737678527832,0.028891097754240036,3.845233678817749,0.35001564025878906
25,80,0.8875152468681335,0.8788318037986755,0.008652711287140846,0.307462602853775,0.06922387331724167
25,81,0.021192673593759537,0.02105369046330452,0.00010887162352446467,0.301114559173584,0.004063653759658337
25,82,0.11700989305973053,0.11561743170022964,0.0013785636983811855,0.1389666497707367,0.007996040396392345
25,83,0.35160213708877563,0.34502798318862915,0.00652483431622386,0.4931407570838928,0.03778872266411781
25,84,0.12306046485900879,0.12180695682764053,0.0012494244147092104,0.040850166231393814,0.038494229316711426
25,85,0.7168463468551636,0.7074816226959229,0.00932338833808899,0.41382667422294617,0.07695035636425018
25,86,0.1394876092672348,0.13671928644180298,0.002747076563537121,0.2124834507703781,0.10684317350387573
25,87,0.42009368538856506,0.41292667388916016,0.0070664361119270325,1.0058705806732178,0.038529977202415466
25,88,0.4562375843524933,0.44682377576828003,0.009383393451571465,0.3043459355831146,0.05759924650192261
25,89,0.6830911040306091,0.6745222806930542,0.008527334779500961,0.4151124358177185,0.07476405799388885
25,90,0.7120926976203918,0.7026214599609375,0.009420530870556831,0.5069939494132996,0.0812510997056961
25,91,0.23181356489658356,0.22863326966762543,0.0031628920696675777,0.1739961802959442,0.049774009734392166
25,92,0.13552945852279663,0.13258305191993713,0.0029261934105306864,0.2019997388124466,0.10061045736074448
25,93,0.38331353664398193,0.3793720006942749,0.0039303358644247055,0.11217444390058517,0.02260074019432068
25,94,0.3520115315914154,0.34756138920783997,0.0044252704828977585,0.2487432360649109,0.021669289097189903
25,95,0.8584460020065308,0.8487532138824463,0.009666066616773605,0.26730772852897644,0.0732027068734169
25,96,0.3551267087459564,0.35103458166122437,0.004065413028001785,0.2668854594230652,0.020301127806305885
25,97,0.18535059690475464,0.1835804283618927,0.0017502177506685257,0.19945470988750458,0.014025113545358181
25,98,0.9079608917236328,0.8820798397064209,0.025536075234413147,3.449951410293579,0.34878379106521606
25,99,0.13515882194042206,0.13273318111896515,0.002409340813755989,0.16298137605190277,0.09679199010133743
25,100,0.21579837799072266,0.21341301500797272,0.0023721149191260338,0.13246865570545197,0.04057835415005684
26,1,0.38803961873054504,0.3843439221382141,0.003681034315377474,0.14663921296596527,0.023806944489479065
26,2,0.23409704864025116,0.23105624318122864,0.0030241054482758045,0.16700808703899384,0.0536821186542511
26,3,0.41645753383636475,0.4117438793182373,0.004678818397223949,0.3484734296798706,0.03459249064326286
26,4,0.02656932733952999,0.026375558227300644,0.00016204430721700191,0.3172479271888733,0.0071052974089980125
26,5,0.13872502744197845,0.13590377569198608,0.0027937907725572586,0.27462878823280334,0.1064518392086029
26,6,1.1328399181365967,1.1042158603668213,0.028161443769931793,4.626441478729248,0.17464682459831238
26,7,0.18699979782104492,0.18523919582366943,0.0017502738628536463,0.10324530303478241,0.011470818892121315
26,8,0.21984021365642548,0.21656256914138794,0.003253864822909236,0.23789438605308533,0.028263043612241745
26,9,1.0189495086669922,0.981334924697876,0.03680775314569473,8.06772518157959,0.1785319447517395
26,10,0.011505911126732826,0.011401677504181862,8.919078391045332e-05,0.15042676031589508,0.05290283262729645
26,11,0.3527752459049225,0.34828490018844604,0.004465682432055473,0.24663792550563812,0.018350083380937576
26,12,0.1290215402841568,0.1269586682319641,0.002051500603556633,0.11371243000030518,0.08584089577198029
26,13,0.06040281057357788,0.058931879699230194,0.0014652791433036327,0.05651332810521126,0.029766015708446503
26,14,0.8752722144126892,0.8438841104507446,0.030910924077033997,4.7719855308532715,0.41067036986351013
26,15,0.044521890580654144,0.04411977529525757,0.00036952472873963416,0.3258725106716156,0.020048875361680984
26,16,0.04452463239431381,0.04398931935429573,0.000502818962559104,0.3249487280845642,0.020783182233572006
26,17,0.6689217686653137,0.6604097485542297,0.008475864306092262,0.3617313504219055,0.05991615727543831
26,18,0.8241322040557861,0.7940778732299805,0.02965017780661583,4.04176139831543,0.3630378544330597
26,19,0.12265445291996002,0.12128099799156189,0.0013634271454066038,0.10029247403144836,0.06944350153207779
26,20,0.19384312629699707,0.1921369433403015,0.0016913253348320723,0.14852364361286163,0.010056590661406517
26,21,0.12308894842863083,0.12199272215366364,0.0010922770015895367,0.039470355957746506,0.03455434739589691
26,22,0.6238195300102234,0.6113220453262329,0.012373672798275948,1.2382631301879883,0.2293519675731659
26,23,0.8941516280174255,0.8856426477432251,0.008464278653264046,0.44674816727638245,0.12106402218341827
26,24,1.1464370489120483,1.1043140888214111,0.04128778725862503,8.352063179016113,0.18451377749443054
26,25,0.12359347194433212,0.12249328196048737,0.001096440595574677,0.037513185292482376,0.03785518556833267
26,26,0.1274152547121048,0.12547878921031952,0.0019259944092482328,0.10468297451734543,0.09373098611831665
26,27,0.3574845790863037,0.35330453515052795,0.004152866546064615,0.27177736163139343,0.020420342683792114
26,28,0.12959158420562744,0.12840619683265686,0.0011795912869274616,0.05803815647959709,0.044697001576423645
26,29,0.896520733833313,0.883399486541748,0.013059493154287338,0.6177096962928772,0.08781170099973679
26,30,0.4443930387496948,0.43843892216682434,0.005868322215974331,0.8581108450889587,0.03981947898864746
26,31,1.0021268129348755,0.9725018739700317,0.02899012714624405,6.347765922546387,0.17457544803619385
26,32,0.025686465203762054,0.025490669533610344,0.00016669477918185294,0.291006475687027,0.007127202115952969
26,33,0.6311988234519958,0.617230236530304,0.013810675591230392,1.579060673713684,0.25808337330818176
26,34,0.6294247508049011,0.6136205196380615,0.015609546564519405,1.9465056657791138,0.2382921278476715
26,35,0.42602822184562683,0.4221966862678528,0.003808473702520132,0.2305625081062317,0.024787910282611847
26,36,0.022537650540471077,0.022399235516786575,0.0001091871308744885,0.2922784686088562,0.0037653339095413685
26,37,0.13202981650829315,0.12987759709358215,0.002140115015208721,0.121027372777462,0.08339409530162811
26,38,0.8583236336708069,0.8507421016693115,0.007530553732067347,0.5098962783813477,0.08902662247419357
26,39,0.4050613045692444,0.401980996131897,0.0030660745687782764,0.14253874123096466,0.024466179311275482
26,40,0.9987973570823669,0.9621480703353882,0.03615714609622955,4.921344757080078,0.3913865089416504
26,41,0.1266484260559082,0.12528449296951294,0.001358475536108017,0.054492078721523285,0.043112613260746
26,42,0.4074687063694,0.4024151563644409,0.004959998652338982,0.9354963898658752,0.05211661383509636
26,43,1.1724646091461182,1.1326179504394531,0.039296649396419525,5.499879837036133,0.18537266552448273
26,44,0.4361838400363922,0.4315025210380554,0.004657505080103874,0.23800380527973175,0.04192325100302696
26,45,0.9124559164047241,0.9008221626281738,0.011552399024367332,0.8137865662574768,0.17196160554885864
26,46,0.4431600272655487,0.4341840147972107,0.008941706269979477,0.3428763747215271,0.07208719104528427
26,47,0.028775228187441826,0.028544656932353973,0.00019751137006096542,0.33060604333877563,0.007114066276699305
26,48,0.4386748671531677,0.4326966106891632,0.005873125046491623,1.0515670776367188,0.04099369794130325
26,49,0.3285970985889435,0.3250463008880615,0.0035322485491633415,0.18541669845581055,0.015556473284959793
26,50,0.4546831548213959,0.4474588930606842,0.007107942830771208,1.1632051467895508,0.04098077118396759
26,51,0.13887766003608704,0.13668252527713776,0.002177879214286804,0.17255032062530518,0.10032635927200317
26,52,0.4365732669830322,0.4309416711330414,0.005564367864280939,0.6723456978797913,0.033901892602443695
26,53,0.971252977848053,0.9430698752403259,0.027634181082248688,5.489034652709961,0.08496168255805969
26,54,0.02518410235643387,0.02500884234905243,0.00014470977475866675,0.3055148124694824,0.007331406231969595
26,55,0.23367391526699066,0.230984628200531,0.002670245710760355,0.19045411050319672,0.0420994833111763
26,56,0.328485906124115,0.3247257471084595,0.0037300793919712305,0.30080753564834595,0.03278793394565582
26,57,0.87549889087677,0.8567029237747192,0.01853087544441223,2.6513326168060303,0.46545183658599854
26,58,1.2195100784301758,1.191423773765564,0.027709389105439186,3.768930435180664,0.1301691234111786
26,59,0.6273829936981201,0.6143807768821716,0.01282463874667883,1.7754781246185303,0.29136401414871216
26,60,0.01378282718360424,0.01370218489319086,4.969722795067355e-05,0.30945485830307007,0.0033922588918358088
26,61,0.8502993583679199,0.8167697191238403,0.03316519781947136,3.6442809104919434,0.4634249806404114
26,62,0.32759758830070496,0.32270264625549316,0.004880359396338463,0.1456020474433899,0.020390857011079788
26,63,0.9043582081794739,0.8708286285400391,0.03305014967918396,4.7941436767578125,0.45370444655418396
26,64,1.0959378480911255,1.0521597862243652,0.042863160371780396,9.149405479431152,0.19103974103927612
26,65,0.8947348594665527,0.8861880898475647,0.008507711812853813,0.39053311944007874,0.06893888115882874
26,66,1.0907891988754272,1.0199476480484009,0.06977702677249908,10.64567756652832,0.13653361797332764
26,67,0.9457887411117554,0.919212818145752,0.026115555316209793,4.604053974151611,0.48177170753479004
26,68,0.3897688686847687,0.3856199383735657,0.0041267299093306065,0.22205936908721924,0.025220103561878204
26,69,0.12400753051042557,0.12296249717473984,0.0010399252641946077,0.051126766949892044,0.04013557732105255
26,70,0.8519856333732605,0.8439247012138367,0.008035741746425629,0.2523048222064972,0.05723680555820465
26,71,0.9700422883033752,0.9581735134124756,0.011811170727014542,0.5756396651268005,0.07811803370714188
26,72,0.028248554095625877,0.028036994859576225,0.000181292969500646,0.3026605546474457,0.008582785725593567
26,73,0.32549038529396057,0.32086241245269775,0.004596672486513853,0.31298911571502686,0.019891103729605675
26,74,0.02621556632220745,0.0260370671749115,0.00014785421080887318,0.30644965171813965,0.008418004959821701
26,75,0.7148841023445129,0.7033664584159851,0.011454465799033642,0.6318162083625793,0.10023591667413712
26,76,0.8649923801422119,0.8408538103103638,0.023810749873518944,3.2784204483032227,0.6755613088607788
26,77,0.01529877632856369,0.015189656056463718,8.034361962927505e-05,0.2877677381038666,0.003086273092776537
26,78,0.13440102338790894,0.13171523809432983,0.002668518340215087,0.172653928399086,0.10626700520515442
26,79,0.013871808536350727,0.013780131936073303,6.323900743154809e-05,0.2843763828277588,0.0027417438104748726
26,80,0.42602214217185974,0.4200442433357239,0.005864705890417099,1.1319397687911987,0.03628000244498253
26,81,0.025375138968229294,0.025224247947335243,0.00012142446939833462,0.29467806220054626,0.006617377512156963
26,82,0.3325691223144531,0.328366756439209,0.004161160904914141,0.4121880829334259,0.03460303321480751
26,83,0.9388471245765686,0.9146728515625,0.023881511762738228,2.927900552749634,0.07998929172754288
26,84,1.0156413316726685,0.9912662506103516,0.02374150976538658,6.33647346496582,0.11391544342041016
26,85,0.01795528642833233,0.017867067828774452,5.989153578411788e-05,0.28327351808547974,0.0030757009517401457
26,86,0.4285327196121216,0.42208877205848694,0.006419483572244644,0.2448042631149292,0.04194221645593643
26,87,0.4310816526412964,0.42392832040786743,0.007019260432571173,1.3408622741699219,0.042528994381427765
26,88,0.68907231092453,0.678197979927063,0.010798947885632515,0.7541795372962952,0.0893745869398117
26,89,0.026004690676927567,0.02586887776851654,0.00010253116488456726,0.3328089118003845,0.002679500263184309
26,90,0.9375430941581726,0.9236859083175659,0.013791101053357124,0.6612786650657654,0.12505897879600525
26,91,0.13442479074001312,0.13279011845588684,0.0016282673459500074,0.06411918997764587,0.06180860847234726
26,92,0.3649519681930542,0.3572683334350586,0.007600956130772829,0.8267108798027039,0.06092022359371185
26,93,0.4429320991039276,0.43425148725509644,0.008508240804076195,1.7236300706863403,0.04776221513748169
26,94,0.040721286088228226,0.04027272388339043,0.0004141007084399462,0.3446098268032074,0.015821000561118126
26,95,0.45712462067604065,0.44550973176956177,0.011447109282016754,1.6779451370239258,0.04195675998926163
26,96,0.018073558807373047,0.017964666709303856,7.938447379274294e-05,0.29507941007614136,0.003472902113571763
26,97,0.394235759973526,0.3903406262397766,0.003878718474879861,0.16420811414718628,0.02265143394470215
26,98,0.7328970432281494,0.7215062379837036,0.011329073458909988,0.6177749037742615,0.06368928402662277
26,99,0.938511073589325,0.899774432182312,0.03820699453353882,5.296330451965332,0.2638463079929352
26,100,0.44932547211647034,0.4397047460079193,0.009568391367793083,0.5233868956565857,0.057472940534353256
27,1,0.7349376678466797,0.7251342535018921,0.009750038385391235,0.5343051552772522,0.08996076881885529
27,2,0.9408721923828125,0.9045690298080444,0.035876356065273285,4.268163681030273,0.13663077354431152
27,3,0.35926055908203125,0.35354459285736084,0.005678392481058836,0.37570008635520935,0.034260399639606476
27,4,0.19131267070770264,0.18971887230873108,0.0015790096949785948,0.1478680968284607,0.01280912570655346
27,5,0.042970094829797745,0.04251745343208313,0.00042092613875865936,0.31713154911994934,0.01737665757536888
27,6,0.17603909969329834,0.1746222972869873,0.00140781095251441,0.089825838804245,0.010556660592556
27,7,0.023620452731847763,0.023473341017961502,0.00011860308586619794,0.28508639335632324,0.005849209614098072
27,8,0.012664923444390297,0.012547090649604797,0.00010359597217757255,0.14237238466739655,0.05547899752855301
27,9,0.8586347699165344,0.8491756319999695,0.009399864822626114,0.5922849178314209,0.14120954275131226
27,10,0.606848955154419,0.5965497493743896,0.010179984383285046,1.1918673515319824,0.23228493332862854
27,11,0.9181331992149353,0.8772441148757935,0.040298402309417725,5.906850814819336,0.3418201804161072
27,12,0.6168895959854126,0.6043250560760498,0.012406913563609123,1.576540231704712,0.2183750569820404
27,13,0.438801646232605,0.4313947260379791,0.007244220934808254,1.6270174980163574,0.046721749007701874
27,14,0.19706282019615173,0.19536125659942627,0.0016877539455890656,0.1380595564842224,0.008046194911003113
27,15,0.9654572606086731,0.9260234832763672,0.038816846907138824,6.168928146362305,0.4348292350769043
27,16,0.3847566545009613,0.38090288639068604,0.0038379719480872154,0.15806064009666443,0.020326310768723488
27,17,0.8541463017463684,0.8461052179336548,0.007986919954419136,0.5417520999908447,0.12184487283229828
27,18,1.1013119220733643,1.0663514137268066,0.03421604633331299,7.445180416107178,0.19786430895328522
27,19,0.020614953711628914,0.020491180941462517,9.506670903647318e-05,0.28705543279647827,0.0036992146633565426
27,20,1.197853922843933,1.1617562770843506,0.03545629605650902,6.412960529327393,0.18937867879867554
27,21,0.4089866578578949,0.40273317694664,0.006170982029289007,0.8248412013053894,0.02968139387667179
27,22,0.025679953396320343,0.025500550866127014,0.00014950864715501666,0.2989353537559509,0.0070550283417105675
27,23,0.47677844762802124,0.4694996476173401,0.0072453198954463005,0.3346710503101349,0.054150376468896866
27,24,0.015302268788218498,0.015181466937065125,9.056783892447129e-05,0.30234619975090027,0.003196949139237404
27,25,0.403369277715683,0.3985711932182312,0.004760301671922207,0.3778756558895111,0.03137090429663658
27,26,0.4220947027206421,0.4177168011665344,0.00434745941311121,0.3043009340763092,0.038819119334220886
27,27,0.013668743893504143,0.013514628633856773,0.00013756888802163303,0.16547244787216187,0.07321733981370926
27,28,0.14124886691570282,0.13874085247516632,0.0024882135912775993,0.19805434346199036,0.13047289848327637
27,29,0.12188078463077545,0.12044557183980942,0.001430051401257515,0.05166171118617058,0.046002306044101715
27,30,0.941605806350708,0.9152889251708984,0.025866594165563583,4.503405570983887,0.621496319770813
27,31,0.43950924277305603,0.4331779479980469,0.0062373727560043335,0.9392022490501404,0.04564552754163742
27,32,0.23043915629386902,0.2272215187549591,0.0032010641880333424,0.1657073050737381,0.0624767541885376
27,33,0.46629706025123596,0.4602360725402832,0.006024310365319252,0.3667928874492645,0.05089658498764038
27,34,0.3950081765651703,0.3913719952106476,0.0036219742614775896,0.14216937124729156,0.024576326832175255
27,35,0.6462230682373047,0.6401265859603882,0.006054969970136881,0.4150736331939697,0.06934693455696106
27,36,0.3282916247844696,0.32420462369918823,0.004058794118463993,0.28197529911994934,0.0341956689953804
27,37,0.014548039063811302,0.014438006095588207,7.79840411269106e-05,0.32048726081848145,0.0035832682624459267
27,38,0.02630016766488552,0.026096152141690254,0.00016921089263632894,0.3480623662471771,0.008977256715297699
27,39,0.32979756593704224,0.3262251019477844,0.003553318325430155,0.19118529558181763,0.018548429012298584
27,40,0.32815009355545044,0.3231936991214752,0.004913171753287315,0.43224599957466125,0.05113799870014191
27,41,0.13620233535766602,0.13387532532215118,0.002309859264642,0.1714976280927658,0.1083185076713562
27,42,0.33468863368034363,0.329513281583786,0.005134721286594868,0.4061235785484314,0.04958689957857132
27,43,0.01951383613049984,0.019346848130226135,0.0001310168590862304,0.3597150146961212,0.0043738363310694695
27,44,0.41545024514198303,0.4108501672744751,0.004562019370496273,0.380450040102005,0.032129935920238495
27,45,1.0298298597335815,1.0039032697677612,0.025431865826249123,4.947597503662109,0.13154226541519165
27,46,0.8678077459335327,0.8599121570587158,0.007847201079130173,0.48387637734413147,0.09676891565322876
27,47,0.13052603602409363,0.1291012465953827,0.001419001491740346,0.057752322405576706,0.04071861505508423
27,48,0.34128618240356445,0.3362443447113037,0.005000767298042774,0.41060957312583923,0.04871552437543869
27,49,0.021730391308665276,0.0215699914842844,0.00012572234845720232,0.34677383303642273,0.0038636040408164263
27,50,0.8740003108978271,0.8646823763847351,0.009286835789680481,0.3111916780471802,0.09050516039133072
27,51,0.4300979971885681,0.42211776971817017,0.007951329462230206,0.28919777274131775,0.06477544456720352
27,52,0.03923221677541733,0.038769446313381195,0.0004282688023522496,0.3449805676937103,0.017457902431488037
27,53,0.06473337113857269,0.06285715103149414,0.001869287807494402,0.06929279863834381,0.03841431438922882
27,54,0.02014043927192688,0.01999281346797943,0.00011621284647844732,0.3141298294067383,0.004382690414786339
27,55,0.42319875955581665,0.41370201110839844,0.009469013661146164,0.2775578200817108,0.052634090185165405
27,56,0.4131832718849182,0.4077661633491516,0.005326426587998867,0.9068120121955872,0.030079001560807228
27,57,0.8307561874389648,0.8010580539703369,0.02927263267338276,4.2549309730529785,0.43725115060806274
27,58,0.9194478988647461,0.9080824255943298,0.011301808059215546,0.6367321610450745,0.0694674551486969
27,59,0.44056248664855957,0.4353809952735901,0.005116958636790514,0.6453366875648499,0.02912898361682892
27,60,0.12678338587284088,0.12565438449382782,0.0011247594375163317,0.042450033128261566,0.030774757266044617
27,61,0.3231745958328247,0.31983354687690735,0.0033269289415329695,0.1413205862045288,0.013016733340919018
27,62,0.043614163994789124,0.04321705549955368,0.00036898921825923026,0.28117695450782776,0.017640791833400726
27,63,0.9604614973068237,0.9479660987854004,0.012428061105310917,0.6736471056938171,0.09633342921733856
27,64,0.1168583557009697,0.11589594185352325,0.0009537057485431433,0.08711045980453491,0.006153112277388573
27,65,0.026362165808677673,0.02619730308651924,0.00013792089885100722,0.269403874874115,0.007063755765557289
27,66,0.1284511834383011,0.12633363902568817,0.002097662538290024,0.19881102442741394,0.0926097184419632
27,67,0.02515404112637043,0.025013543665409088,0.00011269607057329267,0.27801984548568726,0.0065172999165952206
27,68,0.9025322198867798,0.8908961415290833,0.011578856967389584,0.572321355342865,0.11487369239330292
27,69,0.01293951366096735,0.012820023111999035,0.00010545366239966825,0.1403696984052658,0.05958241969347
27,70,0.01925305463373661,0.019135182723402977,8.935712685342878e-05,0.28515368700027466,0.003197378246113658
27,71,0.0029474913608282804,0.0029166617896407843,5.9890944612561725e-06,0.24840505421161652,0.0010836310684680939
27,72,0.18887880444526672,0.18738600611686707,0.0014816606417298317,0.11124950647354126,0.011012233793735504
27,73,0.12060324102640152,0.11929316073656082,0.0013057442847639322,0.04334293678402901,0.043123483657836914
27,74,0.41074517369270325,0.4046291708946228,0.006014780607074499,1.0120980739593506,0.05648171901702881
27,75,0.32530537247657776,0.32125547528266907,0.004021722823381424,0.28172820806503296,0.04023069515824318
27,76,0.12735113501548767,0.1253066509962082,0.002032272983342409,0.12199019640684128,0.08850003778934479
27,77,1.0714486837387085,1.0481935739517212,0.02296910062432289,2.859590768814087,0.13675294816493988
27,78,0.6579840183258057,0.6293572783470154,0.028274931013584137,3.5179078578948975,0.09038934111595154
27,79,1.1929349899291992,1.1557977199554443,0.03654428571462631,5.930027484893799,0.16054293513298035
27,80,0.9222722053527832,0.9003282189369202,0.021724076941609383,2.198544502258301,0.10371530055999756
27,81,0.6816455125808716,0.6715494394302368,0.0100516676902771,0.4440673589706421,0.0834905356168747
27,82,0.44489917159080505,0.4379781484603882,0.00688475277274847,0.3627673387527466,0.058517467230558395
27,83,0.9806822538375854,0.9550923109054565,0.025148343294858932,4.416222095489502,0.1879435032606125
27,84,0.017866704612970352,0.017765585333108902,7.203480345197022e-05,0.29085466265678406,0.0029748897068202496
27,85,0.32929182052612305,0.3247373104095459,0.004516026936471462,0.3847660720348358,0.04152122139930725
27,86,0.904994010925293,0.894196629524231,0.010702673345804214,0.9471743106842041,0.1319756805896759
27,87,0.14496858417987823,0.14356178045272827,0.0014008900616317987,0.05912189185619354,0.011477384716272354
27,88,0.3508576452732086,0.34539270401000977,0.005398958921432495,0.6599603891372681,0.0417703315615654
27,89,0.12535972893238068,0.12400029599666595,0.00135337864048779,0.06053435057401657,0.04386138170957565
27,90,0.8805999755859375,0.8531349897384644,0.02709720842540264,3.677564859390259,0.525580883026123
27,91,0.3877262771129608,0.3840920925140381,0.0036160526797175407,0.1810944825410843,0.029707564041018486
27,92,0.7628872990608215,0.7396228313446045,0.02278316766023636,4.813200950622559,0.31152164936065674
27,93,0.009496865794062614,0.009266480803489685,0.00022983200324233621,0.005535674747079611,0.004437457304447889
27,94,0.35120630264282227,0.3418099582195282,0.009297281503677368,0.9905079007148743,0.04720179736614227
27,95,1.0140141248703003,0.9834203720092773,0.030018165707588196,5.754831790924072,0.5561219453811646
27,96,0.1251528263092041,0.12369582056999207,0.0014517342206090689,0.05268596112728119,0.04856488108634949
27,97,1.0627737045288086,1.0161088705062866,0.04566562920808792,9.991549491882324,0.16988301277160645
27,98,0.35363662242889404,0.3437312841415405,0.00979219563305378,1.1311743259429932,0.05376165360212326
27,99,0.6421154737472534,0.6288043260574341,0.01315313670784235,1.5803836584091187,0.24489036202430725
27,100,0.4728142321109772,0.46376901865005493,0.008913161233067513,1.320627212524414,0.0446273572742939
28,1,1.009377360343933,0.9518102407455444,0.0565425381064415,10.245911598205566,0.10478109121322632
28,2,0.3158241808414459,0.31173163652420044,0.004065820947289467,0.26746445894241333,0.03903448209166527
28,3,0.027028240263462067,0.02683916501700878,0.00015482096932828426,0.3425481915473938,0.007529650814831257
28,4,0.4096241593360901,0.40379098057746887,0.0057482849806547165,0.8491864800453186,0.030740993097424507
28,5,0.4592517018318176,0.45189476013183594,0.007314578630030155,0.42338478565216064,0.034203268587589264
28,6,0.6481039524078369,0.635288417339325,0.012611625716090202,2.038969039916992,0.21027883887290955
28,7,0.9027473330497742,0.8736398816108704,0.028685640543699265,4.2183709144592285,0.347908616065979
28,8,0.01538561936467886,0.015270041301846504,8.216431888286024e-05,0.33413979411125183,0.0029950186144560575
28,9,0.338298499584198,0.33430665731430054,0.003970316145569086,0.2152113914489746,0.017882172018289566
28,10,0.12425301969051361,0.1220981776714325,0.002140218857675791,0.14622026681900024,0.11099046468734741
28,11,0.3474567234516144,0.34193190932273865,0.005504664499312639,0.201328843832016,0.02399144321680069
28,12,1.0668773651123047,1.03408944606781,0.032161835581064224,6.260563850402832,0.2389972060918808
28,13,1.2630610466003418,1.224848747253418,0.03774043917655945,4.7186198234558105,0.2254050374031067
28,14,0.336841881275177,0.3328564167022705,0.003965433221310377,0.20019568502902985,0.020580077543854713
28,15,0.34624427556991577,0.34109392762184143,0.005118621978908777,0.31747135519981384,0.02148832567036152
28,16,0.018057528883218765,0.017957445234060287,8.4593819337897e-05,0.1549047976732254,0.03781069442629814
28,17,0.030266383662819862,0.03008442558348179,0.00015213096048682928,0.2982657551765442,0.011456649750471115
28,18,0.015007435344159603,0.014901220798492432,7.544731488451362e-05,0.30767500400543213,0.003400865476578474
28,19,0.3939063549041748,0.3896821439266205,0.004197713918983936,0.2650756537914276,0.028239812701940536
28,20,0.9935227632522583,0.953812837600708,0.03910713642835617,6.027742385864258,0.0966784656047821
28,21,0.3418312668800354,0.33861756324768066,0.0031958287581801414,0.17873430252075195,0.012957877479493618
28,22,0.3507888913154602,0.3471783995628357,0.0035930098965764046,0.17489509284496307,0.01461426168680191
28,23,0.33383607864379883,0.32855910062789917,0.005232729949057102,0.4426842927932739,0.04931022971868515
28,24,0.34195518493652344,0.3365853428840637,0.0053305597975850105,0.3927347958087921,0.049406640231609344
28,25,0.3526989221572876,0.3460830748081207,0.006569736637175083,0.4609842300415039,0.048865802586078644
28,26,0.14581340551376343,0.14397117495536804,0.0018344525014981627,0.07774018496274948,0.016652368009090424
28,27,0.9645677208900452,0.9542564153671265,0.010259362868964672,0.5189694762229919,0.065254345536232
28,28,0.8745753169059753,0.8554543256759644,0.01886095479130745,2.6003239154815674,0.45375946164131165
28,29,0.903435468673706,0.8739268779754639,0.029113952070474625,3.946197271347046,0.36645302176475525
28,30,0.019870946183800697,0.0197310633957386,0.00010847112571354955,0.31412190198898315,0.0039032315835356712
28,31,0.12842009961605072,0.12727701663970947,0.0011382999364286661,0.0478278324007988,0.048865482211112976
28,32,0.32804548740386963,0.32426559925079346,0.0037659485824406147,0.13943493366241455,0.01628953218460083
28,33,1.1131006479263306,1.0628995895385742,0.04888363927602768,13.174373626708984,0.2097741663455963
28,34,0.38413453102111816,0.3798750042915344,0.004248879384249449,0.106248639523983,0.028446413576602936
28,35,0.03691859170794487,0.03673442453145981,0.000151424843352288,0.32740518450737,0.008461641147732735
28,36,0.023910848423838615,0.023771697655320168,0.00012356016668491066,0.15589413046836853,0.09694761037826538
28,37,0.37990155816078186,0.3763388991355896,0.0035511788446456194,0.11482788622379303,0.023985162377357483
28,38,0.3796374201774597,0.3757816255092621,0.003841341007500887,0.14442166686058044,0.019599635154008865
28,39,0.02712295763194561,0.026980219408869743,0.00011676587746478617,0.2597181499004364,0.007258179597556591
28,40,0.01238805428147316,0.012284381315112114,9.023565507959574e-05,0.13437068462371826,0.04858992621302605
28,41,0.9153508543968201,0.8846127986907959,0.030322276055812836,4.157987594604492,0.6777769923210144
28,42,0.9305846691131592,0.889845609664917,0.04014459252357483,5.944708824157715,0.37684670090675354
28,43,0.039792291820049286,0.039689116179943085,8.03176371846348e-05,0.2286013513803482,0.003914917353540659
28,44,1.1876267194747925,1.151151180267334,0.0360230952501297,4.523819923400879,0.15700554847717285
28,45,0.36430081725120544,0.36030757427215576,0.003956398461014032,0.36849546432495117,0.01888785883784294
28,46,0.43267691135406494,0.42606890201568604,0.006433154456317425,1.7485862970352173,0.032073237001895905
28,47,1.0525001287460327,0.9902106523513794,0.061201464384794235,10.880597114562988,0.12721849977970123
28,48,0.3123389780521393,0.3091238737106323,0.0031938946340233088,0.21214589476585388,0.04259514808654785
28,49,0.4438566267490387,0.4366718828678131,0.00715322932228446,0.314875990152359,0.05857284367084503
28,50,0.19856199622154236,0.1969885528087616,0.0015615734737366438,0.11874613910913467,0.013669842854142189
28,51,0.2381773442029953,0.23594070971012115,0.0022265901789069176,0.10046307742595673,0.061816174536943436
28,52,0.6129624247550964,0.6019578576087952,0.010878274217247963,1.2628823518753052,0.32058221101760864
28,53,0.8652064800262451,0.8335093259811401,0.031257569789886475,4.39565896987915,0.4547646641731262
28,54,0.3603219985961914,0.35708433389663696,0.0032305228523910046,0.07153461128473282,0.018887246027588844
28,55,0.3627864718437195,0.3592813014984131,0.003485133172944188,0.20038007199764252,0.01410449855029583
28,56,0.4198852777481079,0.41487061977386475,0.004896823316812515,1.1785165071487427,0.03576748073101044
28,57,0.3576274514198303,0.3531095087528229,0.004483172670006752,0.3477357029914856,0.026434924453496933
28,58,0.7025585770606995,0.6949595808982849,0.007563598453998566,0.35431969165802,0.051497410982847214
28,59,1.1106337308883667,1.069779872894287,0.039751045405864716,11.027878761291504,0.12107308954000473
28,60,0.8836306929588318,0.8655720949172974,0.01782192476093769,2.3671913146972656,0.4768507778644562
28,61,0.20189374685287476,0.20044660568237305,0.001427460927516222,0.19684864580631256,0.012036550790071487
28,62,0.22265474498271942,0.22060169279575348,0.0020424460526555777,0.1060413271188736,0.046469517052173615
28,63,0.031066209077835083,0.0309559628367424,8.220011659432203e-05,0.28045403957366943,0.0019255359657108784
28,64,0.026376161724328995,0.02627050317823887,7.885818195063621e-05,0.2679911255836487,0.002027802634984255
28,65,0.020290866494178772,0.020203610882163048,6.238885544007644e-05,0.24866847693920135,0.0021938339341431856
28,66,1.2406120300292969,1.193521499633789,0.04652411863207817,5.663340091705322,0.2588269114494324
28,67,0.4257794916629791,0.41962873935699463,0.006077898666262627,0.7288027405738831,0.036019571125507355
28,68,0.12548160552978516,0.12433148920536041,0.0011460422538220882,0.04064980894327164,0.03346068412065506
28,69,0.039211053401231766,0.03910421207547188,8.673881529830396e-05,0.20101040601730347,0.004170489497482777
28,70,0.8583377599716187,0.8493467569351196,0.008936216123402119,0.5479305982589722,0.10161234438419342
28,71,0.3348160684108734,0.33174145221710205,0.003052594605833292,0.22037258744239807,0.024027951061725616
28,72,0.49729466438293457,0.48814427852630615,0.009064844809472561,0.855385959148407,0.05713426321744919
28,73,0.04490366950631142,0.044538721442222595,0.00034181290538981557,0.23134754598140717,0.011580880731344223
28,74,0.012229320593178272,0.012150997295975685,6.655025208601728e-05,0.11772486567497253,0.0474274568259716
28,75,0.3904401957988739,0.3861558139324188,0.0042671216651797295,0.17255422472953796,0.025681497529149055
28,76,0.43441545963287354,0.42807209491729736,0.006248703226447105,0.9465712308883667,0.04099632427096367
28,77,0.026906097307801247,0.02678956650197506,9.387049067299813e-05,0.22660216689109802,0.004389442969113588
28,78,0.06988193839788437,0.06978005170822144,0.00010174058115808293,0.0014777728356420994,0.001988505246117711
28,79,0.014592433348298073,0.014526653103530407,4.1163613786920905e-05,0.24616298079490662,0.0019000624306499958
28,80,0.4412960112094879,0.4347354769706726,0.006456152535974979,1.043789029121399,0.08986447751522064
28,81,0.4096825420856476,0.40543127059936523,0.004228506237268448,0.22771798074245453,0.05877242237329483
28,82,0.36204397678375244,0.3571871519088745,0.004835645202547312,0.21185988187789917,0.026468705385923386
28,83,0.048671212047338486,0.048081740736961365,0.0005555289098992944,0.3393963575363159,0.019699614495038986
28,84,1.0199780464172363,0.9860202074050903,0.03343549370765686,5.223396301269531,0.12531262636184692
28,85,0.4509180784225464,0.4397910237312317,0.010919689200818539,2.0737390518188477,0.05921294540166855
28,86,1.0555132627487183,1.0378763675689697,0.01724845916032791,3.8840460777282715,0.115211620926857
28,87,0.8779945969581604,0.8705438375473022,0.007425692398101091,0.25087618827819824,0.07321924716234207
28,88,0.2514125108718872,0.2485436499118805,0.0028495287988334894,0.19336679577827454,0.03643428161740303
28,89,0.6898086667060852,0.674879252910614,0.014714140444993973,2.153127670288086,0.21041300892829895
28,90,0.02693052962422371,0.026739703491330147,0.000155651563545689,0.3517339527606964,0.007635820657014847
28,91,1.0316654443740845,1.0065011978149414,0.02467883937060833,4.854794025421143,0.14547431468963623
28,92,1.1285016536712646,1.0993881225585938,0.028532665222883224,5.808649063110352,0.16889546811580658
28,93,1.0197325944900513,0.9951215386390686,0.024173902347683907,4.371179580688477,0.1940416842699051
28,94,0.6325672268867493,0.6133145093917847,0.019022580236196518,2.3012747764587402,0.3264026641845703
28,95,0.39318153262138367,0.38735973834991455,0.005804076790809631,0.17738385498523712,0.03799005597829819
28,96,0.9527271389961243,0.9014735817909241,0.05056729540228844,6.862968444824219,0.13975593447685242
28,97,0.7811561226844788,0.7655261754989624,0.015509993769228458,1.199306845664978,0.11953133344650269
28,98,0.3081740140914917,0.301144003868103,0.0069760349579155445,0.5397559404373169,0.03366856276988983
28,99,1.2344677448272705,1.1955931186676025,0.03830065578222275,5.740469932556152,0.10032908618450165
28,100,0.8445017337799072,0.8167893886566162,0.027362097054719925,3.5020909309387207,0.24906128644943237
29,1,0.02353564463555813,0.023384911939501762,0.00011457955406513065,0.3615356683731079,0.0050095804035663605
29,2,0.7454743981361389,0.7347853779792786,0.010640140622854233,0.4888491630554199,0.07839459180831909
29,3,0.9757897257804871,0.9492379426956177,0.026149604469537735,4.021447658538818,0.5012307167053223
29,4,0.21470287442207336,0.211835116147995,0.002837548265233636,0.30197298526763916,0.015461359173059464
29,5,0.0014902903931215405,0.0014285265933722258,2.9987277230247855e-05,0.3177649974822998,0.0017954129725694656
29,6,1.0124748945236206,0.9922800660133362,0.019958371296525,2.3649415969848633,0.22460246086120605
29,7,0.12744060158729553,0.12552274763584137,0.0019048633985221386,0.12998242676258087,0.11560502648353577
29,8,0.41181790828704834,0.40738946199417114,0.004406429361552,0.22036206722259521,0.041128844022750854
29,9,0.9318466186523438,0.9196792840957642,0.012119866907596588,0.4746403396129608,0.1331741213798523
29,10,0.8707203269004822,0.8473094701766968,0.02307009883224964,3.407459020614624,0.6880800127983093
29,11,0.19549085199832916,0.19377334415912628,0.0017031948082149029,0.14323583245277405,0.011138776317238808
29,12,0.3556368350982666,0.35195693373680115,0.0036600332241505384,0.198799267411232,0.014593623578548431
29,13,0.6858897805213928,0.6793007850646973,0.006556778214871883,0.32260429859161377,0.05328313261270523
29,14,1.0946030616760254,1.069450855255127,0.024859648197889328,2.9256784915924072,0.11448203772306442
29,15,0.3575878441333771,0.3534300923347473,0.0041062310338020325,0.5151562094688416,0.027968674898147583
29,16,0.015668166801333427,0.015565115958452225,7.35171779524535e-05,0.2953323721885681,0.0031845602206885815
29,17,0.1884860247373581,0.1867738664150238,0.0017005635891109705,0.11595676839351654,0.009570997208356857
29,18,0.2229388952255249,0.22055040299892426,0.002375388517975807,0.13100950419902802,0.04042992368340492
29,19,0.41934025287628174,0.4131264090538025,0.006124204955995083,0.896395206451416,0.03447023779153824
29,20,0.982797384262085,0.9254443645477295,0.056560203433036804,7.927751541137695,0.13854902982711792
29,21,0.3638221025466919,0.3609490990638733,0.0028639985248446465,0.08999486267566681,0.020376021042466164
29,22,0.40187326073646545,0.3977167010307312,0.004131234250962734,0.2534619867801666,0.03115438111126423
29,23,0.0024990735109895468,0.002462840871885419,6.0875854615005665e-06,0.3014499843120575,0.0014210953377187252
29,24,0.5798625946044922,0.5674663782119751,0.01223011501133442,1.6614389419555664,0.24448996782302856
29,25,0.3355490267276764,0.33007192611694336,0.0054258075542747974,0.5127755403518677,0.04145818203687668
29,26,0.39461636543273926,0.3911287784576416,0.003473310498520732,0.1426544040441513,0.020126737654209137
29,27,0.12172508239746094,0.1209370493888855,0.0007839344325475395,0.040953852236270905,0.033498622477054596
29,28,0.013866680674254894,0.01377989910542965,5.6102624512277544e-05,0.306782990694046,0.0026538297533988953
29,29,0.2033625692129135,0.20116813480854034,0.0021789937745779753,0.1544034332036972,0.01213175430893898
29,30,1.138158917427063,1.103784441947937,0.03364333510398865,7.310800552368164,0.1666043996810913
29,31,0.19207623600959778,0.1902943253517151,0.0017682744655758142,0.13634680211544037,0.009266745299100876
29,32,1.0260761976242065,0.9836940765380859,0.04157916083931923,8.029922485351562,0.11323349177837372
29,33,0.2350579798221588,0.23239313066005707,0.002647940069437027,0.16918954253196716,0.035648882389068604
29,34,0.25917211174964905,0.25647756457328796,0.0026765288785099983,0.180409237742424,0.04116625338792801
29,35,1.1785149574279785,1.13179349899292,0.04599662870168686,7.247600078582764,0.18522891402244568
29,36,0.01875852793455124,0.018631529062986374,9.376965317642316e-05,0.3323027789592743,0.003164948895573616
29,37,0.23442207276821136,0.2314540445804596,0.0029528930317610502,0.15143974125385284,0.04657769948244095
29,38,0.015003708191215992,0.014901980757713318,6.971432594582438e-05,0.3201368749141693,0.0027889502234756947
29,39,1.0259110927581787,0.9943150281906128,0.0310002900660038,5.958669185638428,0.16000857949256897
29,40,0.9734228849411011,0.938434898853302,0.03443808853626251,5.498941421508789,0.11183051764965057
29,41,0.3945026099681854,0.39099252223968506,0.0034960880875587463,0.140043243765831,0.024958642199635506
29,42,0.02484705299139023,0.02468615025281906,0.00012768730812240392,0.3321518301963806,0.005893682595342398
29,43,1.1679176092147827,1.120506763458252,0.0461522713303566,12.585806846618652,0.1872686892747879
29,44,0.012311344034969807,0.012219668366014957,7.658841059310362e-05,0.15087531507015228,0.05232834070920944
29,45,0.4817577600479126,0.4704873561859131,0.011202918365597725,0.6746087074279785,0.06391964852809906
29,46,0.9379118084907532,0.9248029589653015,0.012994492426514626,1.1435638666152954,0.13601204752922058
29,47,0.026221273466944695,0.026013363152742386,0.00017342848877888173,0.3448171317577362,0.007016727700829506
29,48,1.1345317363739014,1.1018610000610352,0.03227115049958229,3.996385335922241,0.1771720051765442
29,49,0.42407816648483276,0.4173562228679657,0.006611592136323452,1.1034339666366577,0.037615954875946045
29,50,0.01533533539623022,0.015224535018205643,7.84501462476328e-05,0.32350441813468933,0.0030739172361791134
29,51,0.436380535364151,0.42947980761528015,0.006870147306472063,0.30589187145233154,0.05808933079242706
29,52,0.18830528855323792,0.1862783581018448,0.0020139231346547604,0.1300746649503708,0.013112198561429977
29,53,0.3264525532722473,0.3229210078716278,0.0035159471444785595,0.15591828525066376,0.01369241252541542
29,54,0.7982463240623474,0.7885215282440186,0.009664686396718025,0.6009595394134521,0.08629970252513885
29,55,0.6183170080184937,0.6055709719657898,0.012606997042894363,1.390718936920166,0.21246856451034546
29,56,0.01513457391411066,0.015038015320897102,6.611741264350712e-05,0.3044160008430481,0.003076639026403427
29,57,0.7131292819976807,0.7046258449554443,0.008459333330392838,0.4409169852733612,0.07520796358585358
29,58,0.9400080442428589,0.9131203889846802,0.026456531137228012,4.31097412109375,0.11254473030567169
29,59,0.6967828273773193,0.6884301900863647,0.008308046497404575,0.4459773898124695,0.08290161937475204
29,60,0.01509589608758688,0.01499095931649208,7.416205335175619e-05,0.3077448308467865,0.003201679792255163
29,61,0.35727450251579285,0.352904736995697,0.004344813991338015,0.249486044049263,0.02588772401213646
29,62,0.12143698334693909,0.1198844462633133,0.0015409907791763544,0.11551334708929062,0.08537231385707855
29,63,0.018870759755373,0.01878434419631958,5.699328175978735e-05,0.2942192852497101,0.0069861747324466705
29,64,0.3651033937931061,0.36169275641441345,0.0034015532582998276,0.09102661907672882,0.022664323449134827
29,65,0.015235083177685738,0.01512322947382927,8.066104055615142e-05,0.31192857027053833,0.0031056012958288193
29,66,0.39685842394828796,0.3928548991680145,0.003982727415859699,0.20812352001667023,0.0329895056784153
29,67,0.019829731434583664,0.019686207175254822,0.00011055689537897706,0.329668790102005,0.0033806823194026947
29,68,0.8958239555358887,0.8665478825569153,0.02860906347632408,6.670350074768066,0.13131330907344818
29,69,0.8755961060523987,0.8422293663024902,0.032850541174411774,5.161843299865723,0.43678557872772217
29,70,0.019168147817254066,0.019034184515476227,0.00010102702071890235,0.3293776512145996,0.0038575632497668266
29,71,1.1743378639221191,1.133821725845337,0.039594244211912155,9.218307495117188,0.22919660806655884
29,72,0.6554804444313049,0.6356247067451477,0.019616372883319855,2.393537998199463,0.2197190225124359
29,73,0.45749256014823914,0.448588490486145,0.00886381883174181,0.40252330899238586,0.060510970652103424
29,74,0.12810899317264557,0.12602658569812775,0.002069765469059348,0.12630760669708252,0.08070118725299835
29,75,0.36944952607154846,0.36673790216445923,0.00270433840341866,0.07286358624696732,0.028295189142227173
29,76,0.012453081086277962,0.012325119227170944,0.00011287502275081351,0.15086428821086884,0.05244367569684982
29,77,1.0078390836715698,0.9590740203857422,0.047936949878931046,8.281400680541992,0.11379267275333405
29,78,0.2062244862318039,0.20379550755023956,0.0024043896701186895,0.2458338886499405,0.012993196956813335
29,79,0.43684113025665283,0.43247270584106445,0.004341570194810629,0.26859939098358154,0.03136279433965683
29,80,0.01826191134750843,0.018126115202903748,0.00010230051702819765,0.3349653482437134,0.0032927459105849266
29,81,0.38417378067970276,0.3799942135810852,0.004167012870311737,0.12541820108890533,0.023427844047546387
29,82,0.38370800018310547,0.37981683015823364,0.0038801422342658043,0.11029746383428574,0.022032776847481728
29,83,0.8103517293930054,0.8023363351821899,0.007984643802046776,0.3075726330280304,0.06531403958797455
29,84,0.4171614348888397,0.4134250581264496,0.0037186085246503353,0.17756585776805878,0.03373909741640091
29,85,0.45754364132881165,0.44938844442367554,0.008120080456137657,0.3509887456893921,0.058605484664440155
29,86,0.11705684661865234,0.1153138279914856,0.001731822732836008,0.11200136691331863,0.08489064872264862
29,87,0.7621142864227295,0.7507396340370178,0.011307314038276672,0.6738112568855286,0.09245648235082626
29,88,0.43585067987442017,0.4290870428085327,0.006646878086030483,1.1676807403564453,0.041337110102176666
29,89,1.1735838651657104,1.1400823593139648,0.03301037475466728,4.911055088043213,0.15905575454235077
29,90,0.38114485144615173,0.3767108917236328,0.004418695345520973,0.15263989567756653,0.025336749851703644
29,91,1.1053552627563477,1.0747272968292236,0.030316751450300217,3.11211895942688,0.15996387600898743
29,92,0.4391195774078369,0.4326613247394562,0.006375588476657867,0.826650857925415,0.046246834099292755
29,93,0.012307735159993172,0.012187402695417404,0.00010479026241227984,0.15542183816432953,0.06645770370960236
29,94,0.2458602488040924,0.24248459935188293,0.003357281442731619,0.18376484513282776,0.057721808552742004
29,95,0.003197435522451997,0.0031729526817798615,9.494028745393734e-06,0.1498880386352539,0.0763835608959198
29,96,0.45092085003852844,0.4411609172821045,0.009716486558318138,0.43442797660827637,0.06420053541660309
29,97,0.3446500897407532,0.3406824469566345,0.003939521498978138,0.281476229429245,0.01630985364317894
29,98,0.016385231167078018,0.016276808455586433,7.796411955496296e-05,0.3045857548713684,0.002829824574291706
29,99,0.02331027016043663,0.023152073845267296,0.0001260227436432615,0.3217289447784424,0.003243436338379979
29,100,0.22855833172798157,0.22597277164459229,0.0025700838305056095,0.15479294955730438,0.044688306748867035
30,1,0.01186472736299038,0.011750074103474617,0.00010018120519816875,0.14472036063671112,0.05230800807476044
30,2,0.015353763476014137,0.015268867835402489,5.687516022589989e-05,0.28020942211151123,0.0028652590699493885
30,3,0.9138373732566833,0.9046265482902527,0.009171525947749615,0.393020361661911,0.07458074390888214
30,4,0.13065800070762634,0.12940818071365356,0.0012445168104022741,0.053002726286649704,0.038369182497262955
30,5,0.11875484883785248,0.11781075596809387,0.0009402077994309366,0.03878540173172951,0.03333593159914017
30,6,0.9227911233901978,0.9096629619598389,0.012992559000849724,1.3558294773101807,0.12847787141799927
30,7,0.33973824977874756,0.33616334199905396,0.0035551777109503746,0.1974061280488968,0.015336115844547749
30,8,0.9931500554084778,0.9485166072845459,0.0438624732196331,7.7099833488464355,0.15456297993659973
30,9,0.19582945108413696,0.193772554397583,0.0020356224849820137,0.21281735599040985,0.01186337135732174
30,10,0.37683477997779846,0.3727595806121826,0.004064128268510103,0.11063157767057419,0.02200380712747574
30,11,0.022890279069542885,0.022662930190563202,0.00022409931989386678,0.03251064941287041,0.008247129619121552
30,12,0.02700226940214634,0.02683154121041298,0.00013994963956065476,0.30777686834335327,0.006007651798427105
30,13,0.02771391160786152,0.02752511017024517,0.0001580725802341476,0.30727994441986084,0.005878917872905731
30,14,0.015147058293223381,0.01504230871796608,7.599730452056974e-05,0.287523090839386,0.0025540092028677464
30,15,0.01925451122224331,0.01913364604115486,9.111071267398074e-05,0.2975396513938904,0.0028902944177389145
30,16,0.021260283887386322,0.02112564817070961,0.00010547159763518721,0.2916281819343567,0.002885696943849325
30,17,1.0159354209899902,0.9922229051589966,0.023308666422963142,4.039010524749756,0.15951630473136902
30,18,0.42941930890083313,0.42323535680770874,0.006065593101084232,1.1835627555847168,0.03005586564540863
30,19,0.3535349369049072,0.34564006328582764,0.00781063549220562,0.842366635799408,0.03305438160896301
30,20,0.40615689754486084,0.4030749201774597,0.0030647926032543182,0.17207001149654388,0.025442076846957207
30,21,0.9398146271705627,0.9120888710021973,0.02730712853372097,4.18593692779541,0.6171565055847168
30,22,1.0760233402252197,1.0165098905563354,0.058599114418029785,9.143333435058594,0.15502765774726868
30,23,0.026513218879699707,0.026350371539592743,0.00013298467092681676,0.29862162470817566,0.006907438859343529
30,24,0.3805851638317108,0.3765051066875458,0.00406412361189723,0.15935863554477692,0.019646644592285156
30,25,0.6818022727966309,0.6719226837158203,0.009834573604166508,0.4503103196620941,0.07401079684495926
30,26,0.042496468871831894,0.04214571416378021,0.00031907850643619895,0.3167433738708496,0.017446476966142654
30,27,0.016650527715682983,0.016559749841690063,6.221838702913374e-05,0.2855908274650574,0.002723582088947296
30,28,0.01597563363611698,0.015886057168245316,6.0712216509273276e-05,0.288630872964859,0.002721431665122509
30,29,0.6963967680931091,0.6877700090408325,0.008581011556088924,0.4578309953212738,0.08284227550029755
30,30,0.02577393315732479,0.0255978275090456,0.0001439291809219867,0.32176753878593445,0.006823559757322073
30,31,0.9490800499916077,0.918117880821228,0.030550850555300713,4.113128185272217,0.3614615201950073
30,32,1.0313276052474976,0.9748128652572632,0.05550772696733475,10.06914234161377,0.13144585490226746
30,33,1.146593451499939,1.117063045501709,0.029105816036462784,4.2463459968566895,0.16061349213123322
30,34,1.1744357347488403,1.1346004009246826,0.038942448794841766,8.928863525390625,0.2363947033882141
30,35,0.41664156317710876,0.4085824191570282,0.00788511335849762,1.74026620388031,0.06495560705661774
30,36,0.021523574367165565,0.02137129008769989,0.00011658082075882703,0.35702943801879883,0.002995083574205637
30,37,0.6882445216178894,0.6793569326400757,0.008847121149301529,0.4047268033027649,0.07764066755771637
30,38,0.25791633129119873,0.254556804895401,0.003335923422127962,0.23592974245548248,0.05551009625196457
30,39,0.6517981290817261,0.643058717250824,0.008698131889104843,0.41295307874679565,0.058284178376197815
30,40,0.019969193264842033,0.019805938005447388,0.00012950089876540005,0.337542861700058,0.004292779602110386
30,41,0.9869753122329712,0.9513490200042725,0.0349222868680954,7.039705753326416,0.09499798715114594
30,42,0.43182316422462463,0.4275001287460327,0.004301636479794979,0.21383921802043915,0.028636295348405838
30,43,0.1247655525803566,0.12243905663490295,0.002312180818989873,0.14309503138065338,0.0855635553598404
30,44,1.1572026014328003,1.1141774654388428,0.04191268980503082,11.124971389770508,0.1545467972755432
30,45,0.43534377217292786,0.42742669582366943,0.00781645905226469,1.0062623023986816,0.04468923807144165
30,46,0.027391208335757256,0.027215035632252693,0.0001419386826455593,0.34233951568603516,0.00759719917550683
30,47,0.40150320529937744,0.3967636227607727,0.004716170020401478,0.23416759073734283,0.033384233713150024
30,48,0.1301097869873047,0.12755438685417175,0.002538415603339672,0.1698381006717682,0.11214851588010788
30,49,0.38360467553138733,0.37961268424987793,0.003980386536568403,0.11580928415060043,0.02383919060230255
30,50,0.8691892027854919,0.833745002746582,0.034935347735881805,5.088173866271973,0.3945685923099518
30,51,0.9053450226783752,0.8948023915290833,0.01050201803445816,0.40604329109191895,0.08149062842130661
30,52,0.40779516100883484,0.40411487221717834,0.003655934240669012,0.24349968135356903,0.02784106507897377
30,53,0.36821603775024414,0.36488229036331177,0.0033258916810154915,0.07860837131738663,0.017953377217054367
30,54,0.6340211033821106,0.6198573112487793,0.013979464769363403,1.8436683416366577,0.22933897376060486
30,55,0.20277871191501617,0.20048560202121735,0.0022726585157215595,0.20450085401535034,0.01082543097436428
30,56,0.8613221645355225,0.8517018556594849,0.00959294568747282,0.2733379006385803,0.06779923290014267
30,57,0.4517798125743866,0.44498080015182495,0.006766708567738533,0.32291552424430847,0.05180889740586281
30,58,0.9981327652931213,0.963578462600708,0.034001536667346954,5.528000831604004,0.11567901074886322
30,59,0.4191647469997406,0.41300755739212036,0.006073523312807083,0.8364199995994568,0.03656173124909401
30,60,0.44599825143814087,0.4386898875236511,0.007281526457518339,0.2684721350669861,0.06162406504154205
30,61,0.02583761140704155,0.025669477880001068,0.00013719180424232036,0.3094167709350586,0.0069797830656170845
30,62,0.4437251091003418,0.43718990683555603,0.006438183132559061,0.9701362252235413,0.04844019189476967
30,63,0.025509098544716835,0.025340642780065536,0.00013771597878076136,0.30739670991897583,0.006832331418991089
30,64,0.3584345579147339,0.35325390100479126,0.005155278369784355,0.2539893090724945,0.024511555209755898
30,65,0.2466324120759964,0.2436046451330185,0.003004007274284959,0.23755256831645966,0.05275896191596985
30,66,0.6452301144599915,0.6318650245666504,0.01321120373904705,1.5390641689300537,0.2663615345954895
30,67,0.8387100100517273,0.8125198483467102,0.02585218846797943,3.379777431488037,0.38289231061935425
30,68,0.17803950607776642,0.1766548901796341,0.001375109888613224,0.09512105584144592,0.009639596566557884
30,69,0.013349398970603943,0.013259069062769413,7.608390296809375e-05,0.1424688845872879,0.05274875462055206
30,70,0.020754683762788773,0.020635318011045456,9.065119229489937e-05,0.28714579343795776,0.0036180573515594006
30,71,0.3878445625305176,0.384539395570755,0.003278133226558566,0.27020543813705444,0.024432692676782608
30,72,0.017111830413341522,0.017016727477312088,6.815389497205615e-05,0.26948651671409607,0.0030590081587433815
30,73,0.4089639484882355,0.40357303619384766,0.005309193395078182,0.8171820044517517,0.04776550829410553
30,74,0.4318437874317169,0.4277040362358093,0.004111673217266798,0.2808668613433838,0.03286758065223694
30,75,0.3787030279636383,0.37528449296951294,0.003409142140299082,0.09373526275157928,0.025247743353247643
30,76,0.24198481440544128,0.23941868543624878,0.0025518506299704313,0.14274144172668457,0.06591817736625671
30,77,0.025501923635601997,0.025342261418700218,0.00012545078061521053,0.3421172797679901,0.003080802969634533
30,78,0.8376643657684326,0.8292360305786133,0.008399231359362602,0.290585458278656,0.1027974784374237
30,79,0.8782503008842468,0.8517055511474609,0.026127560064196587,4.171877861022949,0.44620367884635925
30,80,0.46808984875679016,0.46148818731307983,0.006562378257513046,0.3928276300430298,0.07697343081235886
30,81,1.0871739387512207,1.0176974534988403,0.06840944290161133,10.670910835266113,0.16238555312156677
30,82,0.8063326478004456,0.7845996618270874,0.021446825936436653,2.861760139465332,0.3320069909095764
30,83,0.2009352445602417,0.19925838708877563,0.0016501902136951685,0.266752690076828,0.011278040707111359
30,84,0.9285429120063782,0.9002652764320374,0.02792125754058361,3.563856601715088,0.09014367312192917
30,85,0.44095978140830994,0.43669062852859497,0.004248958081007004,0.20206737518310547,0.03001057356595993
30,86,0.004954433999955654,0.004916309844702482,9.564925676386338e-06,0.2855888903141022,0.0012537570437416434
30,87,0.018970659002661705,0.01884317956864834,9.338466043118387e-05,0.3409402072429657,0.0038305637426674366
30,88,0.7011219263076782,0.6926294565200806,0.008445832878351212,0.4661182165145874,0.07324914634227753
30,89,0.23249971866607666,0.22940900921821594,0.0030698690097779036,0.20846004784107208,0.050614532083272934
30,90,0.013842969201505184,0.013742160983383656,6.696240598103032e-05,0.3384634852409363,0.00289081409573555
30,91,0.0024986774660646915,0.002458621049299836,9.25063795875758e-06,0.30805733799934387,0.0011831200681626797
30,92,0.1262073814868927,0.12486634403467178,0.0013360687298700213,0.049553949385881424,0.04030255228281021
30,93,0.3272923231124878,0.32183367013931274,0.005411654245108366,0.4701262414455414,0.03979021683335304
30,94,0.0452345572412014,0.04460940137505531,0.0005878233350813389,0.37331968545913696,0.02397245727479458
30,95,0.012163513340055943,0.012072182260453701,7.57504822104238e-05,0.1558127999305725,0.05179659277200699
30,96,0.4384433925151825,0.4278784990310669,0.010345757007598877,2.191511392593384,0.04216401278972626
30,97,0.1928286999464035,0.1909467875957489,0.001865563215687871,0.16341988742351532,0.01128828339278698
30,98,0.3360278308391571,0.331737756729126,0.004264232236891985,0.2583068907260895,0.01346299983561039
30,99,0.016018057242035866,0.015900511294603348,8.420460653724149e-05,0.3334212899208069,0.00330824451521039
30,100,0.02594793401658535,0.02576102875173092,0.00015175683074630797,0.3514782786369324,0.007520176004618406
31,1,0.34418290853500366,0.33871692419052124,0.005440550856292248,0.25433897972106934,0.01332109235227108
31,2,0.952001690864563,0.913865327835083,0.03747590631246567,6.604820251464844,0.4744899868965149
31,3,0.6299397945404053,0.6101784706115723,0.019512223079800606,2.4911680221557617,0.22156958281993866
31,4,0.3628666400909424,0.3566281497478485,0.006171857006847858,0.6663693189620972,0.0446409173309803
31,5,0.4529228210449219,0.443535178899765,0.009344764985144138,0.42884108424186707,0.052389368414878845
31,6,0.20625655353069305,0.20385169982910156,0.002381842117756605,0.23010362684726715,0.014170301146805286
31,7,0.025416387245059013,0.025204695761203766,0.00017780225607566535,0.3388921916484833,0.007360785733908415
31,8,0.06644415855407715,0.06489197909832001,0.0015469201607629657,0.052577584981918335,0.03356537967920303
31,9,0.013977845199406147,0.013888297602534294,5.7994646340375766e-05,0.31553658843040466,0.0026314444839954376
31,10,0.47133123874664307,0.4643999934196472,0.006892947014421225,0.38309159874916077,0.054915767163038254
31,11,0.31209975481033325,0.307889848947525,0.004184558056294918,0.25349000096321106,0.043944939970970154
31,12,0.8613418936729431,0.8387832045555115,0.02223338931798935,3.253230094909668,0.347535103559494
31,13,0.8178578615188599,0.8039642572402954,0.013718250207602978,1.7533373832702637,0.4957497715950012
31,14,0.1959570050239563,0.19452306628227234,0.0014212538953870535,0.12680581212043762,0.011656716465950012
31,15,0.019955739378929138,0.019805647432804108,0.00011909693421330303,0.3099364936351776,0.003501963336020708
31,16,1.1365960836410522,1.1112055778503418,0.024969574064016342,4.209156513214111,0.17066273093223572
31,17,0.38202062249183655,0.37852463126182556,0.0034874342381954193,0.08558157831430435,0.022445105016231537
31,18,0.029826708137989044,0.029607731848955154,0.00021597948216367513,0.029970847070217133,0.0070928726345300674
31,19,0.45898738503456116,0.44963836669921875,0.009301221929490566,0.47810831665992737,0.08307726681232452
31,20,0.6878669857978821,0.6705383062362671,0.017091179266572,2.3754708766937256,0.32823172211647034
31,21,0.42081570625305176,0.4175484776496887,0.003253231756389141,0.14011861383914948,0.033960871398448944
31,22,0.13019490242004395,0.12902182340621948,0.001168358838185668,0.047170255333185196,0.041630182415246964
31,23,0.02302578091621399,0.022907987236976624,8.875963976606727e-05,0.2903487980365753,0.0028657824732363224
31,24,1.0138951539993286,0.9710837602615356,0.04192323610186577,8.88104248046875,0.09946520626544952
31,25,0.12670211493968964,0.1252952516078949,0.001397071173414588,0.09791664779186249,0.07061212509870529
31,26,0.021598180755972862,0.021461933851242065,0.00010649681644281372,0.2974967360496521,0.004100699909031391
31,27,0.018969938158988953,0.018865026533603668,7.682838622713462e-05,0.2808225154876709,0.00316056702286005
31,28,0.130425825715065,0.1294417679309845,0.0009801862761378288,0.03876645863056183,0.03359631448984146
31,29,0.8371793627738953,0.8191305994987488,0.017817404121160507,2.3139147758483887,0.4431767165660858
31,30,1.1373358964920044,1.107515573501587,0.02943585067987442,3.844681739807129,0.14312690496444702
31,31,0.018621115013957024,0.018497910350561142,0.00010709826892707497,0.1610698103904724,0.0789148211479187
31,32,0.9286258816719055,0.8952525854110718,0.03280317783355713,5.701241970062256,0.1231888011097908
31,33,0.4406256377696991,0.4344169497489929,0.006119119469076395,0.8954551815986633,0.04755968600511551
31,34,1.0169463157653809,0.9880403280258179,0.02841937728226185,4.866379737854004,0.21466931700706482
31,35,0.02121041528880596,0.021093785762786865,8.28099946375005e-05,0.33819541335105896,0.002786285476759076
31,36,0.409140408039093,0.4037236273288727,0.0053420597687363625,0.7470778822898865,0.04019423574209213
31,37,0.9835973978042603,0.947584331035614,0.035308074206113815,7.049803733825684,0.12240258604288101
31,38,0.015922274440526962,0.015805158764123917,8.647731738165021e-05,0.3063916563987732,0.002998318523168564
31,39,0.12835431098937988,0.12667858600616455,0.0016661505214869976,0.09584732353687286,0.08269812166690826
31,40,0.9294556379318237,0.9206346869468689,0.008780794218182564,0.40170252323150635,0.058068692684173584
31,41,0.8667948842048645,0.8380516171455383,0.028368303552269936,3.7496724128723145,0.29486650228500366
31,42,0.8854771256446838,0.8774721622467041,0.007953112944960594,0.5187093019485474,0.09592771530151367
31,43,0.6199414134025574,0.6062010526657104,0.013580314815044403,1.6001349687576294,0.22444608807563782
31,44,0.848910927772522,0.8269078731536865,0.021734213456511497,2.687873363494873,0.6329064965248108
31,45,0.40456146001815796,0.40136244893074036,0.0031842831522226334,0.14727945625782013,0.027227554470300674
31,46,0.9961392879486084,0.952250599861145,0.04314374178647995,7.449478626251221,0.12114571034908295
31,47,1.182891845703125,1.151242971420288,0.03127480298280716,3.7404608726501465,0.17651253938674927
31,48,1.2175211906433105,1.1876708269119263,0.029333557933568954,5.167644500732422,0.17545762658119202
31,49,0.3845650851726532,0.3803184926509857,0.004181526601314545,0.650438129901886,0.04214328154921532
31,50,0.9150550365447998,0.903283953666687,0.011674823239445686,0.9624861478805542,0.14559346437454224
31,51,0.4075281023979187,0.40374666452407837,0.0037492471747100353,0.3217589855194092,0.02406839281320572
31,52,0.1253976672887802,0.12371479719877243,0.0016713379882276058,0.11534363031387329,0.09598598629236221
31,53,0.34693869948387146,0.34283700585365295,0.004081325139850378,0.20342960953712463,0.023251425474882126
31,54,0.6509022116661072,0.6345447301864624,0.016170315444469452,1.8713802099227905,0.28733962774276733
31,55,0.18866746127605438,0.18720488250255585,0.0014528152532875538,0.09761414676904678,0.007602030411362648
31,56,0.022007081657648087,0.02187551185488701,0.00010307140473742038,0.28497618436813354,0.00305119133554399
31,57,0.04593440145254135,0.04549357667565346,0.00041045568650588393,0.3036991357803345,0.018702451139688492
31,58,0.04719013720750809,0.046561889350414276,0.0005975509411655366,0.3069719076156616,0.020795952528715134
31,59,0.3803271949291229,0.3771316409111023,0.0031877276487648487,0.07845670729875565,0.0158807672560215
31,60,0.9295752048492432,0.8927024602890015,0.036368485540151596,5.042388916015625,0.3658199608325958
31,61,0.415647953748703,0.41067415475845337,0.004887305200099945,0.8649613261222839,0.038331031799316406
31,62,0.44367316365242004,0.43646013736724854,0.007066008634865284,1.4702264070510864,0.04668022319674492
31,63,1.1452903747558594,1.105323076248169,0.039439812302589417,5.275376796722412,0.15523716807365417
31,64,0.32422977685928345,0.32104283571243286,0.0031652352772653103,0.216871976852417,0.036418139934539795
31,65,0.3469713628292084,0.342018723487854,0.004914025776088238,0.38617101311683655,0.04204745963215828
31,66,0.8838655352592468,0.8737301826477051,0.010089646093547344,0.45700597763061523,0.0892828106880188
31,67,0.8955276012420654,0.8867343664169312,0.008730590343475342,0.626594603061676,0.15807437896728516
31,68,0.22928254306316376,0.22671887278556824,0.0025485330261290073,0.15145748853683472,0.056663669645786285
31,69,0.9653955698013306,0.9398497343063354,0.025134354829788208,4.115262508392334,0.18054065108299255
31,70,0.13294562697410583,0.13107529282569885,0.0018593346467241645,0.11004066467285156,0.1056218147277832
31,71,1.1032735109329224,1.0657647848129272,0.03666570782661438,8.43089771270752,0.20321673154830933
31,72,0.016434725373983383,0.016343578696250916,7.67059245845303e-05,0.14441703259944916,0.06711693108081818
31,73,1.038278341293335,0.9999778270721436,0.03736128285527229,9.392702102661133,0.13873544335365295
31,74,0.014144066721200943,0.014052708633244038,7.716918480582535e-05,0.14188839495182037,0.05146733298897743
31,75,0.4280853271484375,0.4204736649990082,0.007459731772542,1.5192992687225342,0.039098404347896576
31,76,0.9827307462692261,0.9557450413703918,0.026432061567902565,5.536463737487793,0.11604990065097809
31,77,0.8614475131034851,0.8527520895004272,0.008661109954118729,0.3434661328792572,0.056844428181648254
31,78,0.012440198101103306,0.012330206111073494,9.562946070218459e-05,0.14362969994544983,0.049404870718717575
31,79,0.43781667947769165,0.4293067455291748,0.008469974622130394,0.3996630012989044,0.05132494121789932
31,80,0.2311970591545105,0.22843599319458008,0.002744692610576749,0.16377755999565125,0.040902361273765564
31,81,0.12498948723077774,0.12338948994874954,0.0015949534717947245,0.05041901022195816,0.043452806770801544
31,82,0.6827965378761292,0.6644898653030396,0.01804751716554165,2.591838836669922,0.2882387340068817
31,83,0.20076605677604675,0.1988343447446823,0.0019102621590718627,0.21444600820541382,0.010345845483243465
31,84,0.3480609953403473,0.34358739852905273,0.004447214305400848,0.2637230455875397,0.023546399548649788
31,85,0.8299044966697693,0.819817304611206,0.010023191571235657,0.6400082111358643,0.12038218975067139
31,86,0.6281396150588989,0.6127381920814514,0.015227839350700378,1.735453724861145,0.2506101131439209
31,87,0.014657676219940186,0.01457400992512703,5.504662840394303e-05,0.2861952781677246,0.002390841953456402
31,88,0.04198405146598816,0.04155057296156883,0.0004015590238850564,0.3191775679588318,0.015564899891614914
31,89,0.9625232815742493,0.9216080904006958,0.0403737910091877,5.413878917694092,0.10671549290418625
31,90,1.1538060903549194,1.107535481452942,0.044768817722797394,15.018322944641113,0.18428900837898254
31,91,0.7290551662445068,0.7187091112136841,0.010283862240612507,0.6214854717254639,0.07074206322431564
31,92,0.23397280275821686,0.2316100299358368,0.00234583904966712,0.1693432480096817,0.03982419893145561
31,93,0.6969035267829895,0.6871190071105957,0.00973475817590952,0.49792373180389404,0.07562009990215302
31,94,0.8645182847976685,0.8426286578178406,0.02156316488981247,3.2643165588378906,0.5567327737808228
31,95,1.0917248725891113,1.0465630292892456,0.04417634382843971,9.854806900024414,0.20855338871479034
31,96,0.23764066398143768,0.2348022758960724,0.0028199846856296062,0.1839970052242279,0.04980960488319397
31,97,0.8202788233757019,0.8114073276519775,0.008816681802272797,0.5484156012535095,0.10705490410327911
31,98,0.9737366437911987,0.9561434984207153,0.01749742403626442,0.9572545289993286,0.09484542906284332
31,99,0.3380998969078064,0.33148568868637085,0.006540070287883282,0.7413860559463501,0.046208057552576065
31,100,1.1813218593597412,1.144065260887146,0.03637012094259262,8.864709854125977,0.20487934350967407
32,1,0.362476110458374,0.35648059844970703,0.005932311061769724,0.6321039199829102,0.05281567573547363
32,2,0.2283606082201004,0.22571054100990295,0.002635091543197632,0.1497594714164734,0.05266290903091431
32,3,0.020299363881349564,0.020163821056485176,0.00010239060793537647,0.3315143585205078,0.0026747696101665497
32,4,1.1475619077682495,1.1112422943115234,0.03584352135658264,4.7611846923828125,0.1526321917772293
32,5,0.37954625487327576,0.37603306770324707,0.003501288127154112,0.1190047413110733,0.02063487097620964
32,6,0.4505295157432556,0.4436679482460022,0.006827047094702721,0.3450387418270111,0.054756537079811096
32,7,0.012393870390951633,0.012311693280935287,6.853812374174595e-05,0.1363890916109085,0.0490613728761673
32,8,0.8930310606956482,0.853521466255188,0.03888680785894394,6.228281497955322,0.3468579351902008
32,9,0.4434894323348999,0.43832287192344666,0.005100345704704523,0.6621617674827576,0.032156385481357574
32,10,0.34267091751098633,0.3390587568283081,0.00359417125582695,0.18007507920265198,0.017719324678182602
32,11,0.12170206010341644,0.12081833183765411,0.0008792276494204998,0.04503202065825462,0.04008294641971588
32,12,0.9544979333877563,0.9180305004119873,0.036002278327941895,4.6512837409973145,0.43194273114204407
32,13,0.8346875309944153,0.8157485723495483,0.01869891956448555,2.4002976417541504,0.5430819988250732
32,14,0.014898690395057201,0.014810455031692982,6.0298632888589054e-05,0.2793677747249603,0.002399185672402382
32,15,0.028038572520017624,0.027873555198311806,0.00013714825036004186,0.2786816656589508,0.009798025712370872
32,16,0.01585954800248146,0.015753962099552155,7.753832323942333e-05,0.28048425912857056,0.0023888160940259695
32,17,0.3513287305831909,0.3446277379989624,0.006613436155021191,0.8754478096961975,0.04420178011059761
32,18,1.1639304161071777,1.1308317184448242,0.03261023759841919,4.885178089141846,0.15695786476135254
32,19,0.8208711743354797,0.8126448392868042,0.008177783340215683,0.48562830686569214,0.11272133886814117
32,20,0.8456344604492188,0.8277289271354675,0.017657089978456497,2.4845499992370605,0.5395358800888062
32,21,0.01975926384329796,0.01962815225124359,0.00010150010348297656,0.29612162709236145,0.002886796835809946
32,22,1.0810643434524536,1.0590962171554565,0.02162940986454487,3.386202573776245,0.13267435133457184
32,23,0.9574025273323059,0.9443250894546509,0.01301610842347145,0.6130452156066895,0.08760681748390198
32,24,0.9803868532180786,0.9470973610877991,0.03275660425424576,5.3288750648498535,0.1145973801612854
32,25,0.326947957277298,0.3230789005756378,0.003839812707155943,0.2924731969833374,0.03804057464003563
32,26,0.8724231123924255,0.844801664352417,0.027288658544421196,3.327979803085327,0.35058099031448364
32,27,0.02214156650006771,0.021915972232818604,0.0002223787596449256,0.03215458244085312,0.007120191585272551
32,28,0.014461807906627655,0.014365188777446747,6.79402073728852e-05,0.2867957353591919,0.002439451403915882
32,29,0.01598619483411312,0.015886414796113968,7.03077093930915e-05,0.2947252690792084,0.002655347343534231
32,30,0.13015443086624146,0.12802273035049438,0.002119156066328287,0.12539437413215637,0.12076139450073242
32,31,0.39736267924308777,0.39322128891944885,0.004120752681046724,0.2062697857618332,0.03799312189221382
32,32,0.7639141082763672,0.7414439916610718,0.02200835943222046,4.617783069610596,0.3329237103462219
32,33,0.6826726198196411,0.673568844795227,0.009062105789780617,0.4167467951774597,0.08512195944786072
32,34,0.8954285979270935,0.8593672513961792,0.03548309579491615,5.782454013824463,0.4041801691055298
32,35,0.9573705792427063,0.9194410443305969,0.03713367506861687,7.958704948425293,0.09148898720741272
32,36,0.8663738965988159,0.8583866357803345,0.007957960478961468,0.2935290038585663,0.061743833124637604
32,37,0.8105583190917969,0.8033047914505005,0.007225159555673599,0.28380268812179565,0.05107376351952553
32,38,0.6870245337486267,0.6740769743919373,0.012764900922775269,1.8266123533248901,0.1911998987197876
32,39,1.1088054180145264,1.0808616876602173,0.027656394988298416,2.8726279735565186,0.1254531443119049
32,40,0.043966181576251984,0.043541401624679565,0.0003940530586987734,0.3072511851787567,0.01541745662689209
32,41,0.029309485107660294,0.02913762256503105,0.0001420469197910279,0.29815444350242615,0.0057825432159006596
32,42,0.3295861780643463,0.3247687518596649,0.004780283197760582,0.37141185998916626,0.04724115878343582
32,43,0.021107979118824005,0.020982256159186363,9.424494783161208e-05,0.3147873878479004,0.0027178553864359856
32,44,0.9571298360824585,0.9251124858856201,0.0315399095416069,4.774209022521973,0.8033220767974854
32,45,0.18551678955554962,0.18398472666740417,0.001518929610028863,0.13126201927661896,0.011586869135499
32,46,0.4708952009677887,0.46298903226852417,0.007858186028897762,0.47985342144966125,0.08692188560962677
32,47,0.025462590157985687,0.025318454951047897,0.0001140375024988316,0.3009917438030243,0.003371024504303932
32,48,0.23063203692436218,0.22821849584579468,0.0023984918370842934,0.1504351645708084,0.03385673835873604
32,49,0.19490456581115723,0.19297024607658386,0.001916920067742467,0.17405937612056732,0.006514270789921284
32,50,0.9060356616973877,0.8838759660720825,0.02178054489195347,3.7917490005493164,0.3308340311050415
32,51,0.8584895730018616,0.8515454530715942,0.006898113526403904,0.4602242410182953,0.07950142025947571
32,52,0.12374606728553772,0.1224251538515091,0.0013109738938510418,0.09941981732845306,0.07334889471530914
32,53,0.7166070342063904,0.7076282501220703,0.008937140926718712,0.4169194996356964,0.08538850396871567
32,54,0.021030541509389877,0.020911287516355515,8.94445984158665e-05,0.2980911433696747,0.003239416517317295
32,55,0.8463412523269653,0.835793137550354,0.010516252368688583,0.31870928406715393,0.11384870857000351
32,56,0.589692234992981,0.5788236856460571,0.010770676657557487,0.9788565039634705,0.28585290908813477
32,57,1.0033878087997437,0.9745715856552124,0.02821171283721924,6.045470237731934,0.20902207493782043
32,58,0.4018327295780182,0.39747244119644165,0.004340686369687319,0.19599704444408417,0.037759460508823395
32,59,0.6131083965301514,0.6018760800361633,0.011106220073997974,1.2611156702041626,0.2249855101108551
32,60,0.32881078124046326,0.3243461847305298,0.004426512401551008,0.3810220956802368,0.04082220047712326
32,61,0.13317549228668213,0.13150310516357422,0.001660417066887021,0.11964331567287445,0.09208673238754272
32,62,0.3399464786052704,0.3345879912376404,0.005316469352692366,0.4202369749546051,0.035425540059804916
32,63,0.8542558550834656,0.8471419811248779,0.007091321516782045,0.22549565136432648,0.05722369998693466
32,64,0.8421146869659424,0.8347820043563843,0.007287474349141121,0.4518521726131439,0.08623513579368591
32,65,0.49961861968040466,0.490109920501709,0.009318404830992222,1.9030221700668335,0.03457917645573616
32,66,0.013389594852924347,0.013281282037496567,9.366311132907867e-05,0.1464931070804596,0.05926305428147316
32,67,0.9374867677688599,0.9266206622123718,0.010773444548249245,0.9267702102661133,0.12773188948631287
32,68,0.4275866448879242,0.42163175344467163,0.005870410241186619,0.8447922468185425,0.06396311521530151
32,69,0.02935345284640789,0.029182840138673782,0.000138186413096264,0.3242674469947815,0.007369492202997208
32,70,0.022384734824299812,0.022239094600081444,0.00011240135063417256,0.3323812186717987,0.003169044852256775
32,71,0.3290412127971649,0.32348528504371643,0.005535533186048269,0.20382647216320038,0.021604977548122406
32,72,1.0481040477752686,1.018471598625183,0.028988268226385117,6.441543102264404,0.20228096842765808
32,73,0.44683200120925903,0.4375896453857422,0.009207988157868385,0.3436822295188904,0.06637828052043915
32,74,1.1246614456176758,1.0939984321594238,0.03029908984899521,3.639846086502075,0.14934661984443665
32,75,0.0417964868247509,0.04055909812450409,0.0012225131504237652,0.14876709878444672,0.016867700964212418
32,76,0.4047125279903412,0.39824604988098145,0.006342199631035328,1.2427006959915161,0.06113860756158829
32,77,0.13378165662288666,0.13132739067077637,0.002437678398564458,0.1658056378364563,0.11142276227474213
32,78,0.4279780685901642,0.41941553354263306,0.008395114913582802,1.674271583557129,0.056991107761859894
32,79,0.18116463720798492,0.17980805039405823,0.0013436495792120695,0.1293564885854721,0.007487073540687561
32,80,0.8244375586509705,0.8165389895439148,0.00784827396273613,0.5027697086334229,0.09278741478919983
32,81,0.4186035990715027,0.4126061499118805,0.005877070128917694,1.2037848234176636,0.03717572242021561
32,82,0.43278366327285767,0.4288955330848694,0.0038693032693117857,0.18833290040493011,0.023586217314004898
32,83,0.3093406856060028,0.30529722571372986,0.004014206118881702,0.2927716076374054,0.021289199590682983
32,84,0.9074721336364746,0.8978599905967712,0.009574837051331997,0.3732762634754181,0.07300328463315964
32,85,0.34270864725112915,0.338839054107666,0.003846012055873871,0.23570075631141663,0.013909032568335533
32,86,0.31582924723625183,0.3114302456378937,0.004370403476059437,0.2862113416194916,0.03679463639855385
32,87,0.8308332562446594,0.8223005533218384,0.008480936288833618,0.5182420015335083,0.12325003743171692
32,88,0.028720932081341743,0.028592407703399658,0.00010017048771260306,0.2835380733013153,0.0031080907210707664
32,89,0.9782315492630005,0.929718017578125,0.047658152878284454,8.553918838500977,0.14655683934688568
32,90,0.43882256746292114,0.43297135829925537,0.005763821769505739,0.8737313747406006,0.04036705195903778
32,91,0.40062999725341797,0.3945990204811096,0.005923897959291935,1.0708250999450684,0.050618693232536316
32,92,0.9787818789482117,0.9527975916862488,0.025469515472650528,5.147327423095703,0.15696626901626587
32,93,0.8281335830688477,0.8046286702156067,0.023207709193229675,2.9721405506134033,0.32536014914512634
32,94,0.018107255920767784,0.01804802566766739,3.4803597372956574e-05,0.2442762702703476,0.0025644171983003616
32,95,0.012699557468295097,0.012605722062289715,8.081260602921247e-05,0.13022716343402863,0.06309092789888382
32,96,0.016378190368413925,0.016287636011838913,6.399241101462394e-05,0.2656081020832062,0.002550634555518627
32,97,0.4460033178329468,0.4372008144855499,0.008772164583206177,0.30326807498931885,0.06050591170787811
32,98,0.9747632741928101,0.940780520439148,0.0334373340010643,5.454452991485596,0.14993593096733093
32,99,0.43124720454216003,0.42697325348854065,0.004247034899890423,0.26908716559410095,0.04365834221243858
32,100,0.8567245006561279,0.8473949432373047,0.009274445474147797,0.5514628291130066,0.13280925154685974
33,1,0.9010696411132812,0.870538592338562,0.030109014362096786,4.220676898956299,0.37670576572418213
33,2,0.42328986525535583,0.41674405336380005,0.006412379443645477,1.3342055082321167,0.05786539986729622
33,3,1.1532628536224365,1.1217830181121826,0.031032362952828407,4.475641250610352,0.15920227766036987
33,4,0.41573938727378845,0.41172629594802856,0.003993043676018715,0.2006188929080963,0.03509899973869324
33,5,0.7608715295791626,0.7406381964683533,0.01997176744043827,2.6152751445770264,0.10434894263744354
33,6,0.9860296845436096,0.9578571319580078,0.027789322659373283,3.8324830532073975,0.5814919471740723
33,7,0.04526687040925026,0.044738732278347015,0.0004939031787216663,0.34234943985939026,0.02105908840894699
33,8,0.8750832080841064,0.8648877143859863,0.010123447515070438,0.7207443714141846,0.15055960416793823
33,9,0.4344203472137451,0.4260060489177704,0.008377989754080772,0.3630600571632385,0.050839863717556
33,10,0.9710819125175476,0.9220104813575745,0.048185497522354126,8.859235763549805,0.12401840090751648
33,11,0.3087427616119385,0.30493780970573425,0.00379507290199399,0.09854406118392944,0.009277881123125553
33,12,0.051719482988119125,0.05117529630661011,0.0005097470711916685,0.34439587593078613,0.02386368252336979
33,13,0.8879901170730591,0.8616302609443665,0.025907285511493683,4.525624752044678,0.5063700675964355
33,14,0.459038108587265,0.45209163427352905,0.006843187380582094,1.0328701734542847,0.03736342489719391
33,15,0.32859551906585693,0.32460373640060425,0.003964237868785858,0.2752469778060913,0.03821871429681778
33,16,1.2123099565505981,1.1824766397476196,0.02942773886024952,4.055554389953613,0.12850520014762878
33,17,0.19696764647960663,0.19537141919136047,0.0015843010041862726,0.11927801370620728,0.010898560285568237
33,18,0.42279052734375,0.4152969717979431,0.007364214397966862,1.2933320999145508,0.056384455412626266
33,19,0.360958069562912,0.3573136627674103,0.003636443754658103,0.07965781539678574,0.023340031504631042
33,20,0.02650347910821438,0.02633707784116268,0.0001330966188106686,0.3330429494380951,0.006769898347556591
33,21,0.02041579969227314,0.02027028240263462,0.00011214986443519592,0.33367249369621277,0.0029140706174075603
33,22,0.04499742016196251,0.044486649334430695,0.00047574687050655484,0.3502400517463684,0.022258274257183075
33,23,0.685809850692749,0.6733466386795044,0.012406483292579651,0.5675159096717834,0.09919530898332596
33,24,1.1703524589538574,1.1283587217330933,0.04146374389529228,5.299579620361328,0.2254304736852646
33,25,0.12911583483219147,0.12703974545001984,0.0020620464347302914,0.14044250547885895,0.08843435347080231
33,26,0.04692181572318077,0.04640500247478485,0.0004848662356380373,0.3194761574268341,0.019209343940019608
33,27,0.13362522423267365,0.13247348368167877,0.0011444545816630125,0.07285376638174057,0.03195929899811745
33,28,0.04455377906560898,0.044177405536174774,0.00034461321774870157,0.31762248277664185,0.016243983060121536
33,29,0.4311847388744354,0.42507612705230713,0.005993132945150137,1.1547942161560059,0.0395050123333931
33,30,0.2049306482076645,0.20318648219108582,0.0017305177170783281,0.13652053475379944,0.010215675458312035
33,31,0.0439566932618618,0.04350665956735611,0.000416723225498572,0.33312341570854187,0.019327931106090546
33,32,1.0428560972213745,1.0188617706298828,0.023568233475089073,4.260650157928467,0.05537153407931328
33,33,0.8819573521614075,0.877140462398529,0.004800873808562756,0.16054217517375946,0.056923143565654755
33,34,0.03150831535458565,0.03136606514453888,0.0001263386511709541,0.1591210514307022,0.047381699085235596
33,35,0.6267856359481812,0.6170172691345215,0.009651516564190388,1.1683920621871948,0.22311361134052277
33,36,1.1944559812545776,1.1683263778686523,0.02552853152155876,6.010594367980957,0.1757027804851532
33,37,0.693953275680542,0.6853475570678711,0.00856443028897047,0.41317281126976013,0.10929393768310547
33,38,0.39689311385154724,0.391010046005249,0.005869439337402582,0.13631519675254822,0.04454249143600464
33,39,0.4542843699455261,0.4471946954727173,0.00704910745844245,0.4055115580558777,0.07471130788326263
33,40,0.34540072083473206,0.338367760181427,0.007006426341831684,0.2653596103191376,0.03550184518098831
33,41,0.40828630328178406,0.40264368057250977,0.005617798306047916,0.24820706248283386,0.06670083850622177
33,42,0.06398358196020126,0.06349064409732819,0.00045139354187995195,0.4154556691646576,0.02312052622437477
33,43,0.9376471638679504,0.8921462297439575,0.0448710098862648,6.298807144165039,0.5392154455184937
33,44,0.13235187530517578,0.12944751977920532,0.0028862259350717068,0.18133467435836792,0.11563827097415924
33,45,0.7150850892066956,0.702231764793396,0.01278727501630783,0.6601955890655518,0.08397945761680603
33,46,0.852736234664917,0.8288002014160156,0.023584241047501564,3.5179152488708496,0.394978791475296
33,47,0.2444993257522583,0.24300384521484375,0.0014873212203383446,0.0817127600312233,0.013718517497181892
33,48,0.6979684233665466,0.6766456961631775,0.021012749522924423,3.0999622344970703,0.15274496376514435
33,49,0.44186878204345703,0.43187469244003296,0.009953776374459267,0.4033401608467102,0.0317397341132164
33,50,0.8913534283638,0.8675302267074585,0.023408671841025352,4.145397663116455,0.10186529159545898
33,51,0.8939346075057983,0.8810123205184937,0.012827521190047264,0.9479516744613647,0.10985279083251953
33,52,0.35674193501472473,0.3508034348487854,0.005904858000576496,0.33651453256607056,0.019121497869491577
33,53,0.8350074887275696,0.8150287866592407,0.019733604043722153,2.4511570930480957,0.5802916288375854
33,54,1.1493439674377441,1.1210792064666748,0.027866609394550323,3.9812824726104736,0.17703254520893097
33,55,1.0608495473861694,1.0327327251434326,0.02756499871611595,5.517736434936523,0.21875061094760895
33,56,0.018932785838842392,0.018861811608076096,5.93517797824461e-05,0.11623472720384598,0.02740107849240303
33,57,0.40943172574043274,0.40461814403533936,0.004754821304231882,0.5876853466033936,0.03513941913843155
33,58,0.0158047154545784,0.015728242695331573,6.469170330092311e-05,0.11781579256057739,0.03294645994901657
33,59,0.2307092249393463,0.2291722595691681,0.001527237007394433,0.09726779162883759,0.03140781819820404
33,60,0.3330008089542389,0.329755038022995,0.0032166424207389355,0.29130759835243225,0.03663323074579239
33,61,1.1163830757141113,1.0784597396850586,0.036931175738573074,9.921218872070312,0.24630284309387207
33,62,0.4153953492641449,0.4113052785396576,0.004055693745613098,0.343593031167984,0.03781089186668396
33,63,0.020252123475074768,0.020155301317572594,7.17614748282358e-05,0.25059670209884644,0.0025490319821983576
33,64,1.1652038097381592,1.1271435022354126,0.03709590435028076,9.644096374511719,0.2631969451904297
33,65,0.6909894347190857,0.6806071996688843,0.010328605771064758,0.5365753173828125,0.12808044254779816
33,66,0.02498186007142067,0.02484632283449173,0.00010874912550207227,0.2678873538970947,0.005584185943007469
33,67,0.417761892080307,0.413757860660553,0.003969869576394558,0.34152331948280334,0.03221455216407776
33,68,0.12564219534397125,0.12440094351768494,0.0012362838024273515,0.0495741069316864,0.04244794324040413
33,69,0.6166864633560181,0.6026270389556885,0.013900922611355782,1.5846790075302124,0.22492137551307678
33,70,0.13463258743286133,0.13229283690452576,0.002324288710951805,0.15466737747192383,0.08957768976688385
33,71,0.6837445497512817,0.6665829420089722,0.01690857484936714,2.530111789703369,0.2051270604133606
33,72,0.8857389092445374,0.8758765459060669,0.009790162555873394,0.7217108011245728,0.09906376898288727
33,73,0.4170946776866913,0.41033053398132324,0.006629311013966799,1.3483762741088867,0.04201219603419304
33,74,0.8308272361755371,0.7999988794326782,0.030359432101249695,4.688859462738037,0.4208981990814209
33,75,0.4441845715045929,0.4341953992843628,0.009746137075126171,2.4302868843078613,0.057108163833618164
33,76,0.006413426250219345,0.006365173030644655,2.2027516024536453e-05,0.26225581765174866,0.0015614476287737489
33,77,0.002270266879349947,0.0022336565889418125,9.154602594207972e-06,0.2745565176010132,0.001308930804952979
33,78,0.34366586804389954,0.3354852795600891,0.008144646883010864,0.359314501285553,0.022012898698449135
33,79,1.0318220853805542,0.9642436504364014,0.06633182615041733,12.465825080871582,0.15089580416679382
33,80,0.40802595019340515,0.40231603384017944,0.005636939778923988,0.7298794984817505,0.05130978673696518
33,81,0.4091539680957794,0.40425074100494385,0.0048696668818593025,0.3354799449443817,0.04554259032011032
33,82,0.17684119939804077,0.17527496814727783,0.0015567081281915307,0.0952875092625618,0.014111250638961792
33,83,0.42690905928611755,0.4207632541656494,0.006116094999015331,0.29710662364959717,0.050757162272930145
33,84,0.04473835974931717,0.043997813016176224,0.0007044628146104515,0.36082884669303894,0.024361681193113327
33,85,0.8698985576629639,0.8613125681877136,0.00855434313416481,0.31639203429222107,0.06896592676639557
33,86,0.0262161772698164,0.02603977732360363,0.00014539140101987869,0.31008806824684143,0.007667320780456066
33,87,0.23310798406600952,0.23130172491073608,0.0017895710188895464,0.1668640375137329,0.011646757833659649
33,88,0.6989894509315491,0.6904104948043823,0.00853462889790535,0.4433269798755646,0.06772462278604507
33,89,0.3814140856266022,0.3784065246582031,0.0029988158494234085,0.08719341456890106,0.022002341225743294
33,90,0.7162386178970337,0.708641767501831,0.00755774462595582,0.3910887837409973,0.07456281781196594
33,91,0.35971736907958984,0.354011595249176,0.005631977692246437,0.7379594445228577,0.05177086591720581
33,92,1.1098824739456177,1.0913702249526978,0.018273258581757545,2.3903212547302246,0.10005667805671692
33,93,0.918076753616333,0.9026488661766052,0.015332265757024288,0.9561678767204285,0.08978809416294098
33,94,0.458669513463974,0.44987404346466064,0.008753674104809761,0.41771504282951355,0.07130581140518188
33,95,0.32979732751846313,0.3248707056045532,0.00490422872826457,0.22389093041419983,0.018670251592993736
33,96,1.175689697265625,1.1454994678497314,0.029821723699569702,3.6847739219665527,0.16575942933559418
33,97,0.469237357378006,0.459189236164093,0.010000140406191349,0.4799180328845978,0.09060581028461456
33,98,0.8579410910606384,0.8307866454124451,0.0267630722373724,3.9135963916778564,0.46328672766685486
33,99,0.13026104867458344,0.12874138355255127,0.0015148459933698177,0.04812103882431984,0.06742358207702637
33,100,0.9005524516105652,0.8727259039878845,0.02750653401017189,3.2000207901000977,0.11572101712226868
34,1,0.4112415909767151,0.40449726581573486,0.006611942779272795,1.3237740993499756,0.05149512365460396
34,2,0.2638539671897888,0.2609213888645172,0.002908998867496848,0.23582395911216736,0.05124557763338089
34,3,0.42757144570350647,0.4201611280441284,0.007251867093145847,1.584598422050476,0.03852792829275131
34,4,0.18717016279697418,0.18581458926200867,0.0013456627493724227,0.0990665927529335,0.006463478319346905
34,5,0.3026091158390045,0.29797637462615967,0.00452127680182457,1.1147336959838867,0.0223403163254261
34,6,0.41516685485839844,0.40982258319854736,0.005231834016740322,1.1244432926177979,0.02353077009320259
34,7,0.4099111557006836,0.40698105096817017,0.0029080170206725597,0.22087006270885468,0.017081648111343384
34,8,0.026917044073343277,0.026725661009550095,0.0001882711221696809,0.031132997944951057,0.0074667129665613174
34,9,0.43014365434646606,0.4233836531639099,0.006647283677011728,1.127079963684082,0.029898036271333694
34,10,0.7016714811325073,0.6942903995513916,0.007340018637478352,0.4105291962623596,0.0643579512834549
34,11,0.43620404601097107,0.4313809275627136,0.004795817658305168,0.2730129659175873,0.04180622845888138
34,12,0.025791693478822708,0.025621075183153152,0.00015283942047972232,0.17778761684894562,0.11488039046525955
34,13,0.44489309191703796,0.43861445784568787,0.0062484885565936565,0.3016362190246582,0.043587781488895416
34,14,0.13964566588401794,0.13708359003067017,0.0025463115889579058,0.15762828290462494,0.13594958186149597
34,15,0.856303870677948,0.8357517719268799,0.02019811049103737,3.5401697158813477,0.41785287857055664
34,16,0.4797285199165344,0.4692765474319458,0.010326260700821877,1.257199764251709,0.06149587035179138
34,17,0.9791101217269897,0.9437878727912903,0.0347512811422348,5.709532260894775,0.11016738414764404
34,18,0.13552913069725037,0.13399150967597961,0.0015327532310038805,0.04865627735853195,0.056044094264507294
34,19,0.04750418663024902,0.047179415822029114,0.00032435383764095604,0.004173259250819683,0.008854484185576439
34,20,0.42855435609817505,0.4242510199546814,0.004259399604052305,0.43918389081954956,0.03996560350060463
34,21,0.9215096831321716,0.9089662432670593,0.012409009039402008,1.3442580699920654,0.11418649554252625
34,22,0.016477026045322418,0.016397207975387573,6.786984158679843e-05,0.11948294937610626,0.04428298771381378
34,23,0.21031105518341064,0.20929692685604095,0.0010082786902785301,0.058516595512628555,0.00674414774402976
34,24,0.04730097949504852,0.04692326486110687,0.0003568250103853643,0.208901509642601,0.013552213087677956
34,25,0.3632175028324127,0.3594997227191925,0.0036967401392757893,0.21039322018623352,0.01622503623366356
34,26,0.3655799925327301,0.361669659614563,0.0038905879482626915,0.19744282960891724,0.01681945100426674
34,27,0.024682676419615746,0.024608060717582703,5.816132033942267e-05,0.164545476436615,0.001640344737097621
34,28,0.755106508731842,0.7442469596862793,0.010811668820679188,0.47844693064689636,0.09055256843566895
34,29,1.2022498846054077,1.1680493354797363,0.03379673510789871,4.038152694702148,0.15730375051498413
34,30,1.0192880630493164,0.9740650653839111,0.04435376077890396,8.692922592163086,0.1316850185394287
34,31,0.608762800693512,0.5953501462936401,0.013266945257782936,1.4570719003677368,0.18830206990242004
34,32,1.1096307039260864,1.0648550987243652,0.04359033703804016,11.852395057678223,0.13702085614204407
34,33,0.05925961211323738,0.05899006873369217,0.00025167653802782297,0.1786581575870514,0.013191282749176025
34,34,0.7799467444419861,0.7646204233169556,0.015234758146107197,0.9157989025115967,0.1165434718132019
34,35,0.028991952538490295,0.02892664447426796,4.888885450782254e-05,0.16419531404972076,0.0017461392562836409
34,36,0.4300619661808014,0.422341912984848,0.007577180862426758,1.428830862045288,0.05966448038816452
34,37,0.4283014237880707,0.4212000370025635,0.006938078440725803,1.6331886053085327,0.0692376047372818
34,38,1.1566662788391113,1.114255666732788,0.04191301017999649,4.975243091583252,0.24526891112327576
34,39,0.35094860196113586,0.34623536467552185,0.004693292081356049,0.19924846291542053,0.027402423322200775
34,40,0.8811932802200317,0.8705083727836609,0.010644078254699707,0.40819913148880005,0.1228644996881485
34,41,0.03995189443230629,0.03989637643098831,3.81024437956512e-05,0.17417404055595398,0.0021378234960138798
34,42,0.9075785875320435,0.8836922645568848,0.023580309003591537,3.060246467590332,0.6300132274627686
34,43,1.0358651876449585,1.0141363143920898,0.021352995187044144,3.7587456703186035,0.11565004289150238
34,44,0.3504590392112732,0.34590914845466614,0.00452955299988389,0.20330947637557983,0.015876231715083122
34,45,0.2458363026380539,0.24435725808143616,0.0014717712765559554,0.07264472544193268,0.03618292883038521
34,46,0.42715588212013245,0.42125385999679565,0.005797457881271839,1.0456438064575195,0.04910597950220108
34,47,0.23866380751132965,0.2370702624320984,0.0015856039244681597,0.0793677568435669,0.03905089944601059
34,48,0.8649617433547974,0.8365527391433716,0.027983926236629486,4.250802993774414,0.3476618528366089
34,49,0.04668054357171059,0.0465879812836647,8.011286263354123e-05,0.12448258697986603,0.12391634285449982
34,50,1.0252306461334229,0.9976412057876587,0.0270952470600605,4.941996097564697,0.1807960718870163
34,51,0.47083213925361633,0.46045804023742676,0.010319577530026436,0.5450245141983032,0.06921064853668213
34,52,0.06980384886264801,0.06920494139194489,0.0005740464548580348,0.24861513078212738,0.022008031606674194
34,53,0.4272403120994568,0.42135924100875854,0.0057425424456596375,1.3852488994598389,0.06035266071557999
34,54,0.8805981874465942,0.8480643033981323,0.03192956745624542,6.043544769287109,0.5242598056793213
34,55,0.6996454000473022,0.6893805861473083,0.01021256111562252,0.5227499008178711,0.07521478831768036
34,56,0.6051821112632751,0.5945925116539001,0.01046511810272932,1.2446664571762085,0.17918074131011963
34,57,0.42742297053337097,0.42231157422065735,0.005047006532549858,0.6441728472709656,0.027388252317905426
34,58,0.4474070072174072,0.44063273072242737,0.006649215705692768,1.250631332397461,0.026424165815114975
34,59,0.033379752188920975,0.033298343420028687,6.331101758405566e-05,0.18099236488342285,0.004416975192725658
34,60,0.027547916397452354,0.027487512677907944,4.193048516754061e-05,0.18473781645298004,0.0022777162957936525
34,61,0.9843493700027466,0.9624021053314209,0.021533647552132607,4.135788440704346,0.1179494857788086
34,62,1.1170547008514404,1.0849571228027344,0.031645651906728745,4.519153118133545,0.11019459366798401
34,63,0.3561403751373291,0.3512859344482422,0.004842032212764025,0.12408682703971863,0.0277712345123291
34,64,0.41662102937698364,0.4111264944076538,0.005446495488286018,0.48045751452445984,0.045768462121486664
34,65,0.504433810710907,0.4944154620170593,0.009796117432415485,2.2219960689544678,0.07260528206825256
34,66,0.35498809814453125,0.3489084839820862,0.0060353949666023254,0.44216203689575195,0.03809071332216263
34,67,0.9503763914108276,0.9342978000640869,0.016017552465200424,0.6105300188064575,0.14251652359962463
34,68,0.6190133094787598,0.6033901572227478,0.015444405376911163,1.7877920866012573,0.2864062786102295
34,69,0.2124890685081482,0.21089652180671692,0.0015796760562807322,0.12880685925483704,0.009734820574522018
34,70,0.8780589699745178,0.867051362991333,0.01092635840177536,0.8125559091567993,0.12189263850450516
34,71,0.3832714557647705,0.379668653011322,0.003593870671465993,0.08930063247680664,0.020438723266124725
34,72,0.46163204312324524,0.4545261859893799,0.007069230079650879,0.36625218391418457,0.03180550038814545
34,73,0.7062806487083435,0.6985214948654175,0.007721272297203541,0.37905967235565186,0.05111813545227051
34,74,0.22186824679374695,0.22038348019123077,0.001476419041864574,0.08340500295162201,0.028235146775841713
34,75,0.422229528427124,0.417208194732666,0.0049447789788246155,0.7655919790267944,0.02494055964052677
34,76,0.2329767644405365,0.2310595065355301,0.0019068069523200393,0.10453136265277863,0.030220892280340195
34,77,0.13047029078006744,0.12894663214683533,0.0015151501866057515,0.08515100181102753,0.07010301947593689
34,78,0.3517283499240875,0.3485924005508423,0.0031168838031589985,0.19066591560840607,0.015574391931295395
34,79,0.013654591515660286,0.013570735231041908,7.088402344379574e-05,0.12972493469715118,0.07463711500167847
34,80,0.8365506529808044,0.8286835551261902,0.00781702809035778,0.500545859336853,0.10289716720581055
34,81,0.3257589340209961,0.3216779828071594,0.00404830276966095,0.3266755938529968,0.04643857851624489
34,82,0.940091073513031,0.9142439365386963,0.025410421192646027,4.367204666137695,0.4674394130706787
34,83,0.41798967123031616,0.4130929708480835,0.004859481938183308,0.3721829652786255,0.04405343905091286
34,84,0.3885418772697449,0.38395243883132935,0.004566295072436333,0.2314494401216507,0.041146986186504364
34,85,0.4947357773780823,0.4857169985771179,0.008935517631471157,0.8327626585960388,0.08072290569543839
34,86,0.38197949528694153,0.37731045484542847,0.004651965107768774,0.1706831455230713,0.03005656972527504
34,87,1.1379512548446655,1.1083552837371826,0.02918069064617157,4.153561592102051,0.14279276132583618
34,88,0.019423825666308403,0.019356992095708847,4.398380406200886e-05,0.22848591208457947,0.0028234394267201424
34,89,0.8217536211013794,0.8138920068740845,0.007811092305928469,0.5056747794151306,0.12412458658218384
34,90,0.9884707927703857,0.9538936614990234,0.03382158279418945,7.555224418640137,0.15815111994743347
34,91,0.01495269313454628,0.01485615037381649,8.217277354560792e-05,0.143703430891037,0.07645585387945175
34,92,0.8687878847122192,0.8598982691764832,0.008857877925038338,0.3169076144695282,0.0700039267539978
34,93,0.8834962248802185,0.8753656148910522,0.008076366037130356,0.5425008535385132,0.1171959787607193
34,94,0.12903502583503723,0.1277463138103485,0.001284321304410696,0.04393429681658745,0.05005304515361786
34,95,0.013119049370288849,0.013062412850558758,4.297994018997997e-05,0.13656941056251526,0.06172117218375206
34,96,0.8675081729888916,0.8472747802734375,0.01996372826397419,2.696556806564331,0.4509871006011963
34,97,0.6331620216369629,0.617018461227417,0.015937477350234985,2.0613222122192383,0.20355567336082458
34,98,0.6626570820808411,0.6471757292747498,0.0152900330722332,1.9132660627365112,0.23807841539382935
34,99,0.33089062571525574,0.3256741166114807,0.005174234043806791,0.4228544533252716,0.034725017845630646
34,100,0.8374800086021423,0.8284124135971069,0.00901089422404766,0.5667827725410461,0.12256255745887756
35,1,0.011537979356944561,0.011464904993772507,5.9005411458201706e-05,0.14068561792373657,0.05745889991521835
35,2,0.3890627920627594,0.3860951066017151,0.002953927032649517,0.13781940937042236,0.029980730265378952
35,3,0.9790624976158142,0.9518719911575317,0.02663210779428482,5.583838939666748,0.1716669201850891
35,4,0.6561213731765747,0.6364312767982483,0.01945190317928791,2.3820648193359375,0.2595691680908203
35,5,0.01963685266673565,0.019556457176804543,5.641925599775277e-05,0.23975923657417297,0.003211220260709524
35,6,0.4225224554538727,0.4173594117164612,0.005082507152110338,0.8053986430168152,0.056304462254047394
35,7,0.44304659962654114,0.4352043569087982,0.007668237201869488,1.7401012182235718,0.0575806125998497
35,8,0.1220686286687851,0.12077774852514267,0.0012815558584406972,0.09317377209663391,0.08174678683280945
35,9,0.013096910901367664,0.013003683649003506,7.88311444921419e-05,0.14396390318870544,0.05220139026641846
35,10,0.47492605447769165,0.46775001287460327,0.007141237147152424,0.3480483591556549,0.06717514246702194
35,11,0.35827401280403137,0.3550325036048889,0.003221709281206131,0.19789865612983704,0.02216421067714691
35,12,0.9725458025932312,0.9376396536827087,0.034337397664785385,5.68759822845459,0.10679131001234055
35,13,0.01996084861457348,0.019899439066648483,3.9061687857611105e-05,0.22347858548164368,0.0032165811862796545
35,14,0.8616734743118286,0.8363900184631348,0.024963390082120895,3.200860023498535,0.3382043242454529
35,15,0.34213846921920776,0.3383525609970093,0.0037700317334383726,0.15876619517803192,0.017110101878643036
35,16,0.38253581523895264,0.3792512118816376,0.00327396672219038,0.10628698021173477,0.02479679509997368
35,17,0.9613205194473267,0.9225373864173889,0.038272492587566376,5.1064534187316895,0.13051636517047882
35,18,0.9015343189239502,0.8743858933448792,0.026797255501151085,3.5121963024139404,0.726453423500061
35,19,0.3295402526855469,0.32630711793899536,0.003220960032194853,0.12176389247179031,0.015085399150848389
35,20,1.1516724824905396,1.125340461730957,0.025933507829904556,3.985598564147949,0.12643934786319733
35,21,1.169366478919983,1.1377356052398682,0.0311577171087265,4.731257438659668,0.12800537049770355
35,22,0.01173520926386118,0.0116514191031456,6.859292625449598e-05,0.15197008848190308,0.06569370627403259
35,23,0.9386803507804871,0.9281610250473022,0.010433314368128777,0.8603470325469971,0.131647527217865
35,24,0.12805038690567017,0.12654811143875122,0.0014930467586964369,0.0921689048409462,0.0884973406791687
35,25,0.8330651521682739,0.8121839761734009,0.020621446892619133,2.5975539684295654,0.5616836547851562
35,26,0.12491834908723831,0.12342039495706558,0.001487823436036706,0.10134311765432358,0.08344416320323944
35,27,1.1801772117614746,1.1451929807662964,0.034483835101127625,5.0039567947387695,0.16240471601486206
35,28,0.12805604934692383,0.12712985277175903,0.0009221715736202896,0.040246035903692245,0.04034655541181564
35,29,0.9598547220230103,0.9475722312927246,0.012219992466270924,0.6251271963119507,0.0712384581565857
35,30,0.4160213768482208,0.4104118347167969,0.005541783291846514,0.6777498126029968,0.030099298804998398
35,31,0.046786271035671234,0.046353310346603394,0.00040403936873190105,0.2892349660396576,0.019950656220316887
35,32,0.9209681749343872,0.9115044474601746,0.009384335950016975,0.7940640449523926,0.103701651096344
35,33,0.11776573956012726,0.11675725877285004,0.001006827224045992,0.016541363671422005,0.01386561244726181
35,34,0.26996952295303345,0.266514390707016,0.003387855365872383,0.6726829409599304,0.03048291802406311
35,35,0.9291110038757324,0.9017665982246399,0.027004774659872055,3.39656925201416,0.11248127371072769
35,36,0.47455596923828125,0.4666527807712555,0.007859906181693077,0.4326581060886383,0.07500098645687103
35,37,0.6646698117256165,0.6319464445114136,0.03230656683444977,4.168239116668701,0.11998345702886581
35,38,0.9535727500915527,0.9399373531341553,0.013569315895438194,0.660871684551239,0.11911408603191376
35,39,0.7187840342521667,0.707695722579956,0.011039147153496742,0.49201780557632446,0.10653205215930939
35,40,0.4198372960090637,0.4142475128173828,0.005536961369216442,0.5279887318611145,0.04358000308275223
35,41,0.025674261152744293,0.02552315965294838,0.0001185520231956616,0.3254907429218292,0.0042273057624697685
35,42,1.0491305589675903,1.0213466882705688,0.027245812118053436,5.38071870803833,0.1364382952451706
35,43,0.2347700148820877,0.23180419206619263,0.002944926731288433,0.20892725884914398,0.043632872402668
35,44,0.9980494379997253,0.9878549575805664,0.010143568739295006,0.5091195702552795,0.05973926559090614
35,45,0.8861549496650696,0.8787872791290283,0.0073209498077631,0.4670974910259247,0.0738462284207344
35,46,0.7719453573226929,0.7547104954719543,0.01701446808874607,2.2043895721435547,0.19598816335201263
35,47,0.9227257370948792,0.8986258506774902,0.02374964952468872,3.502434492111206,0.2808181047439575
35,48,0.01455832738429308,0.014482906088232994,5.782725929748267e-05,0.17593315243721008,0.07559805363416672
35,49,0.23598890006542206,0.2329176366329193,0.0030520115979015827,0.19245296716690063,0.0613655149936676
35,50,1.051673173904419,1.0062181949615479,0.04455047473311424,9.04559326171875,0.17963698506355286
35,51,0.8558273315429688,0.8450601696968079,0.010701421648263931,0.6574214696884155,0.18818902969360352
35,52,0.05082476884126663,0.050280213356018066,0.0005090641789138317,0.35490310192108154,0.02134571224451065
35,53,0.03294394910335541,0.03279009088873863,0.00012290250742807984,0.3095634877681732,0.006796280853450298
35,54,0.38497814536094666,0.38099533319473267,0.003970102407038212,0.12696655094623566,0.0256196279078722
35,55,0.8311150670051575,0.821212112903595,0.009842879138886929,0.600730836391449,0.1342657059431076
35,56,0.8723024725914001,0.8634163737297058,0.008856581524014473,0.29529669880867004,0.09392097592353821
35,57,0.05144394189119339,0.05101470276713371,0.00039996017585508525,0.2928180396556854,0.016959339380264282
35,58,0.38723045587539673,0.3845289945602417,0.002692839130759239,0.08627267181873322,0.013625366613268852
35,59,0.8303217887878418,0.7974584102630615,0.032421328127384186,4.4205193519592285,0.3045499324798584
35,60,0.03526134416460991,0.03512702137231827,0.00010843297059182078,0.258897602558136,0.008078191429376602
35,61,0.1881672590970993,0.1869957149028778,0.0011625888291746378,0.08962877094745636,0.00567258894443512
35,62,0.700208306312561,0.6909716725349426,0.00919243972748518,0.44160082936286926,0.06973490118980408
35,63,1.060257077217102,1.0152339935302734,0.04396258667111397,10.604793548583984,0.19502383470535278
35,64,0.4148009717464447,0.4087083339691162,0.0059243859723210335,1.6825933456420898,0.04776350036263466
35,65,0.232393279671669,0.23003056645393372,0.00234804954379797,0.1466003954410553,0.044814594089984894
35,66,0.42634496092796326,0.41866764426231384,0.007465827278792858,2.1147985458374023,0.051330991089344025
35,67,0.3766362965106964,0.37369322776794434,0.0029240353032946587,0.19056907296180725,0.031537361443042755
35,68,0.11750155687332153,0.1166241392493248,0.0008732503047212958,0.041655514389276505,0.04877137392759323
35,69,0.08412644267082214,0.08368447422981262,0.00043861474841833115,0.0335640050470829,0.03649933636188507
35,70,0.006779682356864214,0.006747423205524683,8.548533514840528e-06,0.23710530996322632,0.0017665992490947247
35,71,0.026148200035095215,0.025958217680454254,0.00015967589570209384,0.3030754327774048,0.01070251502096653
35,72,0.9240465760231018,0.9083542823791504,0.015588678419589996,1.035723328590393,0.11510077118873596
35,73,0.4158233106136322,0.40906405448913574,0.0066618360579013824,0.9742627739906311,0.04869406670331955
35,74,0.01850856840610504,0.018397022038698196,8.275185973616317e-05,0.2879389226436615,0.004500377457588911
35,75,1.1207093000411987,1.0620901584625244,0.05766628682613373,9.527937889099121,0.1842215359210968
35,76,0.03276806324720383,0.03260742500424385,0.0001296595874009654,0.3097851276397705,0.009788304567337036
35,77,0.20713408291339874,0.20483630895614624,0.002273046411573887,0.24724344909191132,0.012492677196860313
35,78,0.12886448204517365,0.12777888774871826,0.0010790779488161206,0.06516672670841217,0.04639844596385956
35,79,0.34794187545776367,0.34471118450164795,0.00318924430757761,0.41463983058929443,0.03499069809913635
35,80,0.011364106088876724,0.011284321546554565,6.306399154709652e-05,0.1672062873840332,0.0614524707198143
35,81,0.6637814044952393,0.6490419507026672,0.014560063369572163,1.794369101524353,0.23994256556034088
35,82,1.1863720417022705,1.156765103340149,0.02924417145550251,3.627462863922119,0.12762175500392914
35,83,0.8968609571456909,0.8863939642906189,0.01041277777403593,0.5421469211578369,0.05827102065086365
35,84,0.02704080566763878,0.026889696717262268,0.00012172810238553211,0.2938076853752136,0.00908169150352478
35,85,0.9416307210922241,0.9087395668029785,0.0324014388024807,4.897388935089111,0.6991918087005615
35,86,0.9262102246284485,0.9103219509124756,0.015725132077932358,1.6313111782073975,0.14471417665481567
35,87,0.0704410970211029,0.07026495039463043,0.00017576008394826204,0.0038578466046601534,0.005173542536795139
35,88,0.4038083553314209,0.4001833200454712,0.0036060474812984467,0.18978433310985565,0.033578015863895416
35,89,0.022948943078517914,0.022858992218971252,7.270780042745173e-05,0.17243143916130066,0.08189907670021057
35,90,0.45354577898979187,0.4439035654067993,0.009408889338374138,2.333259105682373,0.0661483108997345
35,91,0.339311808347702,0.3321264088153839,0.007124719209969044,0.6067230701446533,0.04740666225552559
35,92,0.9423969984054565,0.9090439081192017,0.03298569470643997,3.6739068031311035,0.38110649585723877
35,93,0.1976439654827118,0.19568434357643127,0.0019423465710133314,0.1726744920015335,0.011229310184717178
35,94,0.453346312046051,0.4454091489315033,0.00790067482739687,0.3647165596485138,0.0521002858877182
35,95,0.41570618748664856,0.41077589988708496,0.004816111177206039,1.1416847705841064,0.04294603317975998
35,96,0.4235059320926666,0.41924408078193665,0.004237451124936342,0.2440359741449356,0.0304377693682909
35,97,0.33000022172927856,0.3251398503780365,0.0048248907551169395,0.35508841276168823,0.03635044023394585
35,98,0.3501014709472656,0.34700971841812134,0.003074146807193756,0.17608506977558136,0.01751447096467018
35,99,0.2198483794927597,0.21767514944076538,0.0021599053870886564,0.13324695825576782,0.0474759116768837
35,100,0.8618316054344177,0.8516238927841187,0.010139472782611847,0.6827204823493958,0.13996583223342896
36,1,0.42997461557388306,0.42207419872283936,0.007872388698160648,0.2801751494407654,0.0555715337395668
36,2,0.44181954860687256,0.4365454912185669,0.005236145108938217,0.37921518087387085,0.03986665606498718
36,3,0.02071298658847809,0.02060014382004738,8.23719019535929e-05,0.3047073483467102,0.004418726544827223
36,4,0.04610176384449005,0.04568936675786972,0.0003798787365667522,0.32516971230506897,0.021388569846749306
36,5,0.2257928103208542,0.2235753834247589,0.0022040726616978645,0.13352222740650177,0.04025225341320038
36,6,0.015175607055425644,0.01509143691509962,6.898761785123497e-05,0.15181972086429596,0.036427587270736694
36,7,0.7125478386878967,0.7047662138938904,0.007740942761301994,0.4070904552936554,0.06492667645215988
36,8,0.01807902380824089,0.017992906272411346,7.124111289158463e-05,0.14876051247119904,0.03133406490087509
36,9,1.0019458532333374,0.956234335899353,0.044919703155756,7.9180378913879395,0.10223765671253204
36,10,0.24617674946784973,0.24384142458438873,0.0023222765885293484,0.13054199516773224,0.036724068224430084
36,11,0.6751419305801392,0.6568465232849121,0.01806313544511795,2.32261323928833,0.24245893955230713
36,12,0.02543981373310089,0.025299735367298126,0.00011249481030972674,0.2758309543132782,0.007906678132712841
36,13,0.23225046694278717,0.23005881905555725,0.00217842822894454,0.13210436701774597,0.04091353714466095
36,14,0.4059179425239563,0.4030051827430725,0.002898133359849453,0.14628028869628906,0.0272182859480381
36,15,0.38801079988479614,0.38449299335479736,0.003502905834466219,0.14912518858909607,0.01983875408768654
36,16,0.9125425219535828,0.9025399684906006,0.00993420835584402,0.6838570237159729,0.12650610506534576
36,17,0.38623344898223877,0.3827897012233734,0.0034256260842084885,0.18127959966659546,0.026393011212348938
36,18,0.962238609790802,0.936441957950592,0.025375094264745712,4.215683460235596,0.16149359941482544
36,19,0.84792560338974,0.8153949975967407,0.03213085979223251,3.997577428817749,0.38969340920448303
36,20,0.029286282137036324,0.0291263610124588,0.0001302952878177166,0.2962477207183838,0.008200051262974739
36,21,0.4396836459636688,0.4338328242301941,0.005735404789447784,1.1542034149169922,0.056844450533390045
36,22,0.020306553691625595,0.020179878920316696,9.704122203402221e-05,0.2963356673717499,0.004161002114415169
36,23,0.9837086796760559,0.9449466466903687,0.03809196501970291,6.70068359375,0.1275404989719391
36,24,0.17600683867931366,0.17479296028614044,0.0012053385144099593,0.08544102311134338,0.00984509289264679
36,25,0.017075862735509872,0.01698596403002739,7.233520591398701e-05,0.17563758790493011,0.0815947949886322
36,26,0.683404803276062,0.6699715852737427,0.01324501447379589,1.8824939727783203,0.26054519414901733
36,27,0.41716742515563965,0.41164666414260864,0.005417944863438606,1.028141736984253,0.051518917083740234
36,28,0.8821478486061096,0.8574095964431763,0.02442697435617447,3.112837553024292,0.3687828779220581
36,29,0.8344447016716003,0.8140668869018555,0.02012486383318901,2.529512882232666,0.5902389883995056
36,30,0.38372093439102173,0.37985801696777344,0.003851772053167224,0.11144273728132248,0.02389342337846756
36,31,0.41590791940689087,0.41055870056152344,0.00529633741825819,0.5285710096359253,0.03517169505357742
36,32,0.7815032005310059,0.7547428011894226,0.02642713114619255,3.3325023651123047,0.39762553572654724
36,33,0.2072770595550537,0.2045428603887558,0.0027027763426303864,0.31423935294151306,0.01313788816332817
36,34,0.42699360847473145,0.4185515344142914,0.008207500912249088,2.3458895683288574,0.052251603454351425
36,35,0.12677623331546783,0.12477422505617142,0.0019901299383491278,0.1187625601887703,0.09975080192089081
36,36,0.4526910185813904,0.44370874762535095,0.008941836655139923,0.4043978452682495,0.05324842035770416
36,37,0.9595057964324951,0.9189878106117249,0.03997407108545303,5.439079284667969,0.10728956758975983
36,38,0.6825500130653381,0.6741714477539062,0.00833272933959961,0.4586411118507385,0.06941106170415878
36,39,0.02752254530787468,0.027380961924791336,0.00011086838640039787,0.307155042886734,0.004373929463326931
36,40,0.07051783800125122,0.06973069161176682,0.0007827838999219239,0.04367801919579506,0.011322274804115295
36,41,0.9694725871086121,0.9357984662055969,0.03312157094478607,5.525116920471191,0.10582424700260162
36,42,0.12332189083099365,0.12230993062257767,0.001007232116535306,0.04729967936873436,0.047936368733644485
36,43,0.9037327766418457,0.8950228691101074,0.008676255121827126,0.3367452323436737,0.08735305070877075
36,44,0.9950116872787476,0.9695262312889099,0.024833334609866142,6.521095275878906,0.1581660658121109
36,45,0.8857651948928833,0.8774726390838623,0.008240417577326298,0.5214813351631165,0.1339625120162964
36,46,0.34308189153671265,0.33975282311439514,0.003314146539196372,0.14925377070903778,0.02115193009376526
36,47,0.42458969354629517,0.41907867789268494,0.005430324003100395,0.8069759607315063,0.07005362957715988
36,48,0.12633225321769714,0.12519532442092896,0.00113202934153378,0.04905933141708374,0.05148736387491226
36,49,0.9400067925453186,0.9153996706008911,0.024202998727560043,4.041083812713623,0.5927623510360718
36,50,0.43826866149902344,0.4323335289955139,0.005859179887920618,0.7597546577453613,0.04963257163763046
36,51,0.33668309450149536,0.3333767354488373,0.0032850527204573154,0.21313540637493134,0.016860462725162506
36,52,0.9877022504806519,0.9630938768386841,0.024274077266454697,3.343254566192627,0.532080888748169
36,53,1.1218479871749878,1.0854640007019043,0.03553123027086258,8.527174949645996,0.19927798211574554
36,54,0.6956775188446045,0.6852807998657227,0.010345609858632088,0.5107845664024353,0.08070819824934006
36,55,0.9034438133239746,0.8737951517105103,0.02928408980369568,3.6455297470092773,0.5420018434524536
36,56,1.1387159824371338,1.102149248123169,0.03607530891895294,4.913483619689941,0.1753530502319336
36,57,0.34404873847961426,0.34028100967407227,0.0037386163603514433,0.29107606410980225,0.015115294605493546
36,58,0.3510810136795044,0.34576737880706787,0.005246666260063648,0.6696283221244812,0.03929956257343292
36,59,0.38055017590522766,0.37655556201934814,0.003984640818089247,0.09980136156082153,0.019888464361429214
36,60,1.0299513339996338,1.0026872158050537,0.026720045134425163,5.44033670425415,0.14075565338134766
36,61,0.020178450271487236,0.02004779502749443,0.00010054311132989824,0.30112218856811523,0.00436814408749342
36,62,0.19944864511489868,0.1978350728750229,0.0015968201914802194,0.1674397587776184,0.01004866324365139
36,63,0.835559070110321,0.8270389437675476,0.008492211811244488,0.279209166765213,0.06686784327030182
36,64,0.32588139176368713,0.3217489719390869,0.004093358293175697,0.39062729477882385,0.038504183292388916
36,65,0.12780095636844635,0.12673555314540863,0.0010607853764668107,0.04614061489701271,0.04157327488064766
36,66,0.6391453742980957,0.6322978138923645,0.006800812669098377,0.46707573533058167,0.08559733629226685
36,67,0.12597157061100006,0.1244250163435936,0.0015366129809990525,0.09946274757385254,0.0929565280675888
36,68,0.11803058534860611,0.11690296232700348,0.0011228909716010094,0.04727807641029358,0.041023317724466324
36,69,0.8804587125778198,0.8684525489807129,0.011932635679841042,0.7353368401527405,0.0973351001739502
36,70,0.33668869733810425,0.3329833745956421,0.0036842762492597103,0.21047839522361755,0.019875485450029373
36,71,0.014277503825724125,0.014141201972961426,0.00011848664871649817,0.17814938724040985,0.06872432678937912
36,72,0.04535435512661934,0.044749096035957336,0.0005696922889910638,0.3556637763977051,0.023633696138858795
36,73,0.6930105686187744,0.6822917461395264,0.010674528777599335,0.4431247115135193,0.08409902453422546
36,74,0.04442678391933441,0.0438857264816761,0.0005065157893113792,0.3453938066959381,0.02348758652806282
36,75,0.33785301446914673,0.33397606015205383,0.0038543986156582832,0.22573816776275635,0.019628610461950302
36,76,0.020564157515764236,0.020449867472052574,8.429021545452997e-05,0.3000052273273468,0.004398681223392487
36,77,1.13163161277771,1.1063157320022583,0.02499689720571041,3.190096855163574,0.13518571853637695
36,78,0.3968295753002167,0.39326366782188416,0.003545733168721199,0.20181776583194733,0.026119329035282135
36,79,0.01940530724823475,0.019300295040011406,7.547440327471122e-05,0.295371949672699,0.004102090373635292
36,80,0.3316158652305603,0.32699593901634216,0.004581408575177193,0.38497984409332275,0.036176204681396484
36,81,0.8734766840934753,0.843848466873169,0.029154818505048752,4.733652114868164,0.3614330589771271
36,82,0.9865400195121765,0.9521569609642029,0.03393112123012543,4.519138336181641,0.5948572158813477
36,83,0.43948644399642944,0.4305588901042938,0.008886335417628288,0.41228917241096497,0.06725303083658218
36,84,0.9877381920814514,0.9421746730804443,0.0448179617524147,7.455201148986816,0.12424281984567642
36,85,0.4134420156478882,0.40778088569641113,0.005526633933186531,1.3449591398239136,0.05297267064452171
36,86,0.38934534788131714,0.3866676688194275,0.0026622272562235594,0.15433630347251892,0.029337000101804733
36,87,0.006278150249272585,0.006249607540667057,2.8506925445981324e-05,0.00035635739914141595,0.0006034430116415024
36,88,0.349752277135849,0.34140545129776,0.008251521736383438,0.9529419541358948,0.04264593869447708
36,89,0.4263266921043396,0.4194328486919403,0.006713356822729111,1.804755687713623,0.04928679019212723
36,90,0.960997998714447,0.9328712224960327,0.027531132102012634,5.956493854522705,0.09054341912269592
36,91,0.42525818943977356,0.4194009006023407,0.005779200233519077,0.7808221578598022,0.03785378485918045
36,92,0.6189833283424377,0.6068834066390991,0.011959604918956757,1.4033819437026978,0.22363263368606567
36,93,0.01570706255733967,0.015596309676766396,7.674230437260121e-05,0.3400932848453522,0.0044910237193107605
36,94,1.222686529159546,1.1934795379638672,0.02883385866880417,3.731067419052124,0.1444864273071289
36,95,0.015501381829380989,0.01539081335067749,7.563125109300017e-05,0.3493805527687073,0.004206199198961258
36,96,0.992279052734375,0.9552346467971802,0.03623870015144348,8.05750846862793,0.18125014007091522
36,97,0.028195425868034363,0.02802165225148201,0.00013606829452328384,0.37704598903656006,0.00937977060675621
36,98,0.0410359762609005,0.04055304452776909,0.0004426536906976253,0.40279698371887207,0.02469811588525772
36,99,0.271645188331604,0.2688286602497101,0.0028037531301379204,0.12779079377651215,0.029568474739789963
36,100,0.011397458612918854,0.011281807906925678,0.00011548218026291579,0.0016817268915474415,0.0030436438973993063
37,1,0.012578397057950497,0.012460252270102501,9.782488632481545e-05,0.20320050418376923,0.052043039351701736
37,2,0.863373339176178,0.8524370193481445,0.010857287794351578,0.7905370593070984,0.12824656069278717
37,3,0.4278973639011383,0.4191887378692627,0.008526187390089035,1.8243564367294312,0.059623681008815765
37,4,0.44487640261650085,0.43515169620513916,0.009481586515903473,2.431161403656006,0.05755843222141266
37,5,0.8946677446365356,0.8819317817687988,0.01267153024673462,0.644232988357544,0.07452352344989777
37,6,0.205635204911232,0.2038269340991974,0.00178955786395818,0.1871822327375412,0.01060901116579771
37,7,0.36561107635498047,0.36218148469924927,0.003420755499973893,0.0883195772767067,0.015500131994485855
37,8,0.852837324142456,0.8264222145080566,0.026003366336226463,4.117462635040283,0.46367645263671875
37,9,0.8996433615684509,0.8737753629684448,0.02555088698863983,3.170771360397339,0.45425552129745483
37,10,0.39003854990005493,0.38657402992248535,0.00340396910905838,0.605661153793335,0.02186540886759758
37,11,0.38897866010665894,0.38632360100746155,0.0026448529679328203,0.10203173756599426,0.011799444444477558
37,12,0.05025758966803551,0.04982609301805496,0.00040221097879111767,0.29284077882766724,0.019683413207530975
37,13,0.432445228099823,0.428099125623703,0.004288523457944393,0.5758277177810669,0.025570381432771683
37,14,0.3950948715209961,0.392268568277359,0.0028140712529420853,0.12220873683691025,0.0183037631213665
37,15,0.32218581438064575,0.3188475966453552,0.003315132576972246,0.230960413813591,0.035721905529499054
37,16,0.23212026059627533,0.23002508282661438,0.002083985833451152,0.11188053339719772,0.04868372157216072
37,17,0.3479100167751312,0.3450535535812378,0.0028435313142836094,0.12933401763439178,0.015078160911798477
37,18,1.1462827920913696,1.1168127059936523,0.029116341844201088,3.5366783142089844,0.19050034880638123
37,19,0.7318388223648071,0.7239351272583008,0.007869417779147625,0.34286144375801086,0.10311739146709442
37,20,0.8799347877502441,0.8703276515007019,0.009543683379888535,0.6348832249641418,0.16446635127067566
37,21,1.0641342401504517,1.0255529880523682,0.03771839290857315,8.628714561462402,0.186923548579216
37,22,0.03341277316212654,0.033281393349170685,0.00010352524986956269,0.27852433919906616,0.0035790586844086647
37,23,0.6876422762870789,0.672048032283783,0.01537046767771244,2.2376718521118164,0.29093223810195923
37,24,0.6923786997795105,0.6845408082008362,0.007795908488333225,0.41982316970825195,0.07263066619634628
37,25,0.9230505228042603,0.894861102104187,0.0276741161942482,5.152637004852295,0.09223635494709015
37,26,0.8224892616271973,0.8144029974937439,0.008035002276301384,0.5124782919883728,0.08628306537866592
37,27,0.4783620536327362,0.46685168147087097,0.011373117566108704,1.3724629878997803,0.05406557023525238
37,28,0.025946618989109993,0.025835193693637848,8.317260653711855e-05,0.28252270817756653,0.0037255026400089264
37,29,0.4206084609031677,0.4148523211479187,0.005674420390278101,0.8171502351760864,0.03251231461763382
37,30,0.3482028543949127,0.34453147649765015,0.003655546111986041,0.15831060707569122,0.013015519827604294
37,31,1.1930044889450073,1.1536328792572021,0.03879062086343765,5.810748100280762,0.1596904695034027
37,32,0.8972955942153931,0.8733680844306946,0.02364852838218212,2.7898411750793457,0.09004431962966919
37,33,0.018960678949952126,0.01885189116001129,8.024701674003154e-05,0.2854131758213043,0.0031064085196703672
37,34,0.34346598386764526,0.3376762270927429,0.0057333833537995815,0.5639110207557678,0.04299481213092804
37,35,0.43812599778175354,0.4334246516227722,0.004666385240852833,0.3495851755142212,0.040160588920116425
37,36,0.47394853830337524,0.4645552337169647,0.009347610175609589,0.456865131855011,0.08321727812290192
37,37,0.16358207166194916,0.1620655208826065,0.0015127016231417656,0.03838580474257469,0.029431980103254318
37,38,0.02307158336043358,0.02295708656311035,9.672027954366058e-05,0.17777220904827118,0.09024626016616821
37,39,0.8428244590759277,0.8203455805778503,0.022213663905858994,2.652334213256836,0.7341747283935547
37,40,0.03377087786793709,0.033672530204057693,8.07709147920832e-05,0.17576733231544495,0.08625835180282593
37,41,0.9037387371063232,0.8950809240341187,0.008585009723901749,0.7280480265617371,0.10657332837581635
37,42,0.20402514934539795,0.20197159051895142,0.002032867167145014,0.2069336324930191,0.0104056466370821
37,43,0.029184304177761078,0.02902640402317047,0.00012922020687256008,0.2867903411388397,0.0069404360838234425
37,44,0.4296896457672119,0.4229607582092285,0.006615510210394859,1.1337536573410034,0.029635660350322723
37,45,0.35276636481285095,0.3490983247756958,0.0036575254052877426,0.1051192656159401,0.015306511893868446
37,46,0.05608821660280228,0.055526427924633026,0.000531550613231957,0.30238813161849976,0.01754305511713028
37,47,0.9142261147499084,0.906865119934082,0.007328077219426632,0.3288823366165161,0.03874010592699051
37,48,0.04769284650683403,0.04736657440662384,0.0002965661697089672,0.2970719635486603,0.016339514404535294
37,49,0.01883416809141636,0.018747426569461823,7.133919280022383e-05,0.1540309637784958,0.036125995218753815
37,50,0.6109552383422852,0.5987704396247864,0.012035421095788479,1.4936676025390625,0.19276228547096252
37,51,0.3297843933105469,0.32610848546028137,0.0036480806302279234,0.2783145308494568,0.05143045634031296
37,52,0.7329460978507996,0.7231483459472656,0.009745358489453793,0.5237245559692383,0.09839969128370285
37,53,0.4128607511520386,0.4080198407173157,0.0048147039487957954,0.2620900571346283,0.045738231390714645
37,54,0.014229722321033478,0.014138113707304,7.591441681142896e-05,0.15694856643676758,0.08202674239873886
37,55,0.8629298210144043,0.8436310887336731,0.019017009064555168,2.817789077758789,0.47878286242485046
37,56,0.016141127794981003,0.016013437882065773,0.00011230093514313921,0.15388360619544983,0.069114089012146
37,57,0.04684644937515259,0.04648339003324509,0.00033232339774258435,0.30737993121147156,0.017689501866698265
37,58,1.112549066543579,1.0810474157333374,0.03089037351310253,6.11284875869751,0.15763992071151733
37,59,0.8678358793258667,0.8429995775222778,0.024472640827298164,3.6365692615509033,0.297274112701416
37,60,0.4663178026676178,0.45846641063690186,0.0078093260526657104,0.42061078548431396,0.062941774725914
37,61,0.6823968291282654,0.6724637746810913,0.009885351173579693,0.47712865471839905,0.08300141990184784
37,62,0.028068600222468376,0.027955690398812294,8.599171997047961e-05,0.2691926956176758,0.005756238475441933
37,63,0.7124367952346802,0.7012592554092407,0.011129074729979038,0.4845446050167084,0.09734255075454712
37,64,0.5860939621925354,0.5737935900688171,0.012160418555140495,1.3997857570648193,0.223409965634346
37,65,0.01227360125631094,0.012203178368508816,5.567432890529744e-05,0.147482231259346,0.046667516231536865
37,66,0.02011045441031456,0.020002789795398712,8.130896458169445e-05,0.263569712638855,0.0034217098727822304
37,67,0.8439847826957703,0.8350002765655518,0.0089558782055974,0.2862500250339508,0.07039705663919449
37,68,1.0926095247268677,1.042060375213623,0.04918066784739494,13.684803009033203,0.1669701635837555
37,69,0.2664806842803955,0.26384270191192627,0.0026093879714608192,0.2856893539428711,0.024470526725053787
37,70,0.040524572134017944,0.04018622636795044,0.0003090207464993,0.2932676374912262,0.015758268535137177
37,71,0.19380956888198853,0.1924055814743042,0.0013910066336393356,0.1297362744808197,0.009529086761176586
37,72,0.34401842951774597,0.3402728736400604,0.0037164611276239157,0.2909998595714569,0.017202548682689667
37,73,0.18535859882831573,0.18372571468353271,0.0016212761402130127,0.1160319373011589,0.009688794612884521
37,74,0.013806039467453957,0.013711590319871902,7.769583316985518e-05,0.16753721237182617,0.058369338512420654
37,75,0.7517759799957275,0.7390331029891968,0.012683041393756866,0.5983873605728149,0.11211249977350235
37,76,0.1290227323770523,0.1278836876153946,0.0011333450675010681,0.05713812634348869,0.05379633605480194
37,77,0.045300789177417755,0.044687896966934204,0.0005781961954198778,0.3469735085964203,0.0214010551571846
37,78,0.04068010300397873,0.04026731103658676,0.00037936068838462234,0.3343099057674408,0.01862841658294201
37,79,0.4152558445930481,0.4104800224304199,0.0047316281124949455,0.44209080934524536,0.03245750442147255
37,80,0.8557552695274353,0.8452627062797546,0.010405204258859158,0.8735239505767822,0.12589478492736816
37,81,0.4259561002254486,0.4191473722457886,0.006723303813487291,0.8540701866149902,0.03727984055876732
37,82,0.3436759412288666,0.34071776270866394,0.0029381951317191124,0.1999618411064148,0.018079020082950592
37,83,1.0364099740982056,0.9892611503601074,0.04630594700574875,8.429007530212402,0.12259769439697266
37,84,0.42206382751464844,0.4151870608329773,0.006746165454387665,1.3059362173080444,0.04321889579296112
37,85,0.018214533105492592,0.018118053674697876,6.872728408779949e-05,0.2775244414806366,0.003473969642072916
37,86,0.4410473704338074,0.43690603971481323,0.004111289046704769,0.3003733158111572,0.030430275946855545
37,87,0.12790565192699432,0.1269346922636032,0.0009669972350820899,0.03958411142230034,0.03498416393995285
37,88,0.19000211358070374,0.18851658701896667,0.0014654966071248055,0.2002975344657898,0.009337324649095535
37,89,0.02584032155573368,0.02568988874554634,0.00012027555203530937,0.30158597230911255,0.00741577846929431
37,90,0.19624340534210205,0.1948307454586029,0.0013964452082291245,0.16213147342205048,0.010482391342520714
37,91,0.014656927436590195,0.01455932017415762,8.1029356806539e-05,0.16577447950839996,0.04189959913492203
37,92,0.3071845769882202,0.3038179874420166,0.0033423975110054016,0.24188484251499176,0.029499497264623642
37,93,0.12165115773677826,0.12079881131649017,0.0008485227590426803,0.03820337727665901,0.0333247184753418
37,94,0.9051244854927063,0.898542046546936,0.006536754313856363,0.45675358176231384,0.09501375257968903
37,95,0.29440760612487793,0.2902541160583496,0.004063596948981285,0.8989728689193726,0.04369058459997177
37,96,0.8916688561439514,0.8856303691864014,0.00599964614957571,0.38853728771209717,0.11693280935287476
37,97,0.8803667426109314,0.8576817512512207,0.022404054179787636,2.8090484142303467,0.3911607563495636
37,98,0.8573327660560608,0.834542989730835,0.02245447039604187,3.3526015281677246,0.44502681493759155
37,99,0.9950860142707825,0.9692806005477905,0.02545670047402382,3.4866836071014404,0.7472106218338013
37,100,0.04688744246959686,0.04668461158871651,0.00016725547902751714,0.3557822108268738,0.008598272688686848
38,1,0.04034963250160217,0.04019436985254288,0.00011989549966529012,0.3536880314350128,0.007755964063107967
38,2,0.019157374277710915,0.019075538963079453,6.302344991127029e-05,0.1881333887577057,0.048940107226371765
38,3,0.02050403319299221,0.02036980539560318,0.00010019255569204688,0.3403547704219818,0.004150967113673687
38,4,0.980674684047699,0.9432406425476074,0.036806344985961914,6.276854991912842,0.10581623762845993
38,5,0.4668806195259094,0.4570845365524292,0.00973471999168396,0.6136389374732971,0.054348431527614594
38,6,0.4598272740840912,0.45106440782546997,0.008720632642507553,0.4222506582736969,0.049100250005722046
38,7,0.981635332107544,0.9349182844161987,0.04585906118154526,8.580209732055664,0.12309612333774567
38,8,0.3889266550540924,0.38418054580688477,0.004733827896416187,0.12283731997013092,0.018827877938747406
38,9,0.06918381154537201,0.06898833066225052,0.00016405539645347744,0.31429460644721985,0.009189242497086525
38,10,0.4377957880496979,0.4274131655693054,0.010201879777014256,1.8076058626174927,0.03762795776128769
38,11,0.9655823111534119,0.935850977897644,0.029245521873235703,4.858525276184082,0.07505578547716141
38,12,0.9378404021263123,0.8989537954330444,0.038282960653305054,6.036115646362305,0.2036541998386383
38,13,0.36622798442840576,0.362789511680603,0.003425978124141693,0.12484043836593628,0.02068926952779293
38,14,0.01380035001784563,0.01369263231754303,9.015561226988211e-05,0.17562256753444672,0.04448181390762329
38,15,0.3656362295150757,0.3605082035064697,0.005100377835333347,0.2766440212726593,0.04332028329372406
38,16,0.042784612625837326,0.04216655343770981,0.000585391535423696,0.32665321230888367,0.020937122404575348
38,17,0.45243918895721436,0.44521161913871765,0.007196053862571716,0.31528034806251526,0.11039578914642334
38,18,0.017209241166710854,0.01711638644337654,6.580869376193732e-05,0.2704600989818573,0.0027297004126012325
38,19,1.085207223892212,1.0195133686065674,0.06465543806552887,10.384786605834961,0.1930294632911682
38,20,0.04690205678343773,0.046358782798051834,0.0005133759113959968,0.29900461435317993,0.01986612379550934
38,21,0.47167152166366577,0.46461164951324463,0.007024215534329414,0.35634592175483704,0.059054188430309296
38,22,0.020005475729703903,0.019909126684069633,7.178698433563113e-05,0.24563151597976685,0.0027045700699090958
38,23,0.36421817541122437,0.360971063375473,0.0032305275090038776,0.1657329499721527,0.010377617552876472
38,24,0.04097401723265648,0.04067576676607132,0.00027261400828137994,0.2563774585723877,0.015391195192933083
38,25,0.023555761203169823,0.023469094187021255,6.327624578261748e-05,0.23390787839889526,0.003163721179589629
38,26,0.9318820238113403,0.9187874794006348,0.013010736554861069,0.838258683681488,0.09774480760097504
38,27,0.4145093560218811,0.4120691418647766,0.0024270210415124893,0.1320572942495346,0.022518115118145943
38,28,0.32481130957603455,0.3223291039466858,0.0024703312665224075,0.11855579912662506,0.0068853674456477165
38,29,0.8970085978507996,0.8864403963088989,0.010529718361794949,0.3848903179168701,0.0861060619354248
38,30,0.02004285715520382,0.01994532346725464,7.059842755552381e-05,0.26935502886772156,0.0027860370464622974
38,31,0.8801687955856323,0.8488956689834595,0.030861660838127136,4.114238739013672,0.6731506586074829
38,32,0.21893920004367828,0.21702104806900024,0.0019003568449988961,0.17786434292793274,0.013769511133432388
38,33,0.3790907859802246,0.37533652782440186,0.0037409733049571514,0.13277855515480042,0.025285504758358
38,34,0.42349568009376526,0.4179355800151825,0.0054693641141057014,0.9074745774269104,0.04267474263906479
38,35,0.4377257823944092,0.4332503378391266,0.004447778686881065,0.2766014635562897,0.042839691042900085
38,36,0.44175800681114197,0.4337499737739563,0.00786515697836876,1.428807020187378,0.044690631330013275
38,37,0.025935810059309006,0.025813225656747818,9.213657904183492e-05,0.3044891357421875,0.0030676668975502253
38,38,0.4005158543586731,0.3969219923019409,0.0035170698538422585,0.7680540084838867,0.046516869217157364
38,39,0.015136332251131535,0.015047116205096245,6.116846634540707e-05,0.2804786264896393,0.0028707380406558514
38,40,0.2244018018245697,0.2214195430278778,0.002960577141493559,0.21683363616466522,0.028236135840415955
38,41,0.015552573837339878,0.015457947738468647,6.650822615483776e-05,0.2811717391014099,0.0031674946658313274
38,42,0.024802079424262047,0.024657826870679855,0.00011339001503074542,0.30862054228782654,0.006907842122018337
38,43,0.1925002932548523,0.19097553193569183,0.001501656137406826,0.23118005692958832,0.010204777121543884
38,44,0.39887362718582153,0.3951021432876587,0.0037526346277445555,0.18845057487487793,0.030215907841920853
38,45,0.38783422112464905,0.38429689407348633,0.003515830961987376,0.21498681604862213,0.03103647381067276
38,46,0.18742936849594116,0.18576648831367493,0.0016465338412672281,0.16350097954273224,0.011414330452680588
38,47,0.38573554158210754,0.3792462944984436,0.006386297754943371,1.0292290449142456,0.04681047052145004
38,48,0.42426595091819763,0.41948533058166504,0.0047498103231191635,0.3082892894744873,0.03618592396378517
38,49,1.2619816064834595,1.2292113304138184,0.032286178320646286,4.840912342071533,0.12306620180606842
38,50,1.1965376138687134,1.1664762496948242,0.029498759657144547,5.624975204467773,0.13664114475250244
38,51,0.6855616569519043,0.675266683101654,0.010245917364954948,0.4903970956802368,0.09072735905647278
38,52,1.152861475944519,1.1005747318267822,0.051236316561698914,10.504695892333984,0.22581464052200317
38,53,0.18201805651187897,0.18027567863464355,0.001723723253235221,0.18653152883052826,0.013232331722974777
38,54,0.4448530077934265,0.4339559078216553,0.0108484523370862,0.4865153729915619,0.07160871475934982
38,55,0.24820345640182495,0.24478679895401,0.0033926907926797867,0.23965296149253845,0.058955833315849304
38,56,0.9500356316566467,0.9076430201530457,0.041685767471790314,7.068789005279541,0.12973767518997192
38,57,0.6874518990516663,0.6789243221282959,0.00848826952278614,0.39307111501693726,0.07881930470466614
38,58,0.46453621983528137,0.4560728967189789,0.00838734582066536,0.7595916390419006,0.04829788953065872
38,59,0.44494470953941345,0.43626976013183594,0.008500354364514351,1.7459053993225098,0.044742122292518616
38,60,0.27042970061302185,0.26705658435821533,0.0033047304023057222,0.6840930581092834,0.02800959162414074
38,61,0.01399867795407772,0.01389835961163044,8.392434392590076e-05,0.16393673419952393,0.05266359820961952
38,62,0.6847037672996521,0.6779274940490723,0.006744565907865763,0.3168477416038513,0.05709058791399002
38,63,0.04443003237247467,0.04388470947742462,0.000513265433255583,0.3205685019493103,0.017884254455566406
38,64,0.019614942371845245,0.019494585692882538,9.118468005908653e-05,0.291726291179657,0.003020277014002204
38,65,0.38433241844177246,0.380906879901886,0.0034140211064368486,0.11496920138597488,0.020658675581216812
38,66,0.7266122102737427,0.7177736163139343,0.008785835467278957,0.5274127125740051,0.06953855603933334
38,67,0.6067146062850952,0.5978090763092041,0.00879899226129055,1.065119981765747,0.21128705143928528
38,68,0.18538665771484375,0.18402594327926636,0.001349547877907753,0.11156416684389114,0.010518474504351616
38,69,0.04049766808748245,0.04020199924707413,0.00026175149832852185,0.3391727805137634,0.01640814170241356
38,70,0.9882908463478088,0.9504374265670776,0.037267617881298065,5.857991695404053,0.14115233719348907
38,71,1.0120044946670532,0.9864331483840942,0.025135308504104614,4.361046314239502,0.18782171607017517
38,72,0.9913221001625061,0.9556562900543213,0.03515615314245224,5.096541881561279,0.5922406911849976
38,73,0.6166269183158875,0.6049784421920776,0.01152222603559494,1.2623900175094604,0.23071631789207458
38,74,0.45873910188674927,0.4517005681991577,0.007012822665274143,0.257342666387558,0.05233610421419144
38,75,0.016093092039227486,0.01599731296300888,6.428077904274687e-05,0.31498417258262634,0.0035428174305707216
38,76,0.6140283346176147,0.6032863855361938,0.010618885047733784,1.2306888103485107,0.18624809384346008
38,77,0.12781965732574463,0.12664753198623657,0.0011673143599182367,0.048096757382154465,0.048261627554893494
38,78,0.3121337294578552,0.3078165650367737,0.004285933915525675,0.31240150332450867,0.054950352758169174
38,79,0.9932408928871155,0.9688693284988403,0.02377377077937126,5.977704048156738,0.1519564390182495
38,80,0.464184045791626,0.45586174726486206,0.008203505538403988,1.1878081560134888,0.052607037127017975
38,81,0.7542809844017029,0.7352854013442993,0.018748298287391663,2.473182201385498,0.10919630527496338
38,82,0.050572145730257034,0.049791835248470306,0.0007407102966681123,0.39598938822746277,0.023196673020720482
38,83,0.7762976288795471,0.7654823064804077,0.010734748095273972,0.8059412240982056,0.10536399483680725
38,84,0.02760413847863674,0.02739592269062996,0.00017217680579051375,0.36038535833358765,0.008652560412883759
38,85,0.41839131712913513,0.41215261816978455,0.006123037077486515,1.1565260887145996,0.06522807478904724
38,86,0.3983728587627411,0.3928035795688629,0.005479649640619755,0.8962374925613403,0.056853145360946655
38,87,1.1492153406143188,1.113189697265625,0.03556390851736069,4.617351531982422,0.1918649971485138
38,88,0.4512611925601959,0.44371041655540466,0.007511138916015625,0.3964906632900238,0.05483950674533844
38,89,0.36871397495269775,0.3656575083732605,0.0030480572022497654,0.08418966084718704,0.01770881563425064
38,90,0.01766383834183216,0.01758374273777008,5.045412763138302e-05,0.29642125964164734,0.004057035781443119
38,91,0.38682985305786133,0.38471096754074097,0.0021073687821626663,0.11517201364040375,0.022642197087407112
38,92,1.13468599319458,1.0917630195617676,0.04212815687060356,7.947839736938477,0.10318966954946518
38,93,1.220094084739685,1.1965434551239014,0.023254072293639183,2.9664721488952637,0.11117054522037506
38,94,0.015382254496216774,0.015277091413736343,7.335380360018462e-05,0.3180917799472809,0.003940574824810028
38,95,0.026368964463472366,0.026160288602113724,0.00017359721823595464,0.3507959842681885,0.009123233146965504
38,96,0.015833094716072083,0.015729844570159912,7.013675349298865e-05,0.3311482071876526,0.0035183830186724663
38,97,0.012403270229697227,0.012313799932599068,6.979516183491796e-05,0.19675523042678833,0.06336604058742523
38,98,0.016772780567407608,0.01667751558125019,6.110490357968956e-05,0.3416156768798828,0.003411671845242381
38,99,1.2463948726654053,1.1821781396865845,0.0624375194311142,17.7924747467041,0.31115323305130005
38,100,1.107635498046875,1.0630824565887451,0.04359610378742218,9.56871223449707,0.2968648076057434
39,1,0.4658883512020111,0.45385706424713135,0.011919929645955563,1.1135916709899902,0.07749582827091217
39,2,0.3530711531639099,0.3494292199611664,0.003620186587795615,0.2176591008901596,0.01638796553015709
39,3,0.24707373976707458,0.24501559138298035,0.002045592525973916,0.12556502223014832,0.03857361525297165
39,4,0.5050494074821472,0.49985402822494507,0.005169249139726162,0.2611533999443054,0.019548293203115463
39,5,0.7102789878845215,0.7048568725585938,0.005391295067965984,0.30829474329948425,0.02765268087387085
39,6,0.8810162544250488,0.875114917755127,0.005882633849978447,0.18730327486991882,0.024568287655711174
39,7,0.1898978054523468,0.18880045413970947,0.0010901866480708122,0.07165035605430603,0.006958920508623123
39,8,1.0188568830490112,0.9945847988128662,0.02390086092054844,3.712707996368408,0.04281872883439064
39,9,0.42787641286849976,0.4248979687690735,0.0029616402462124825,0.167941614985466,0.020053494721651077
39,10,0.02130069024860859,0.02121150493621826,6.895865953993052e-05,0.20225629210472107,0.026428930461406708
39,11,0.03362778574228287,0.033446576446294785,0.0001432925637345761,0.3791641891002655,0.011705718003213406
39,12,0.22161750495433807,0.21954724192619324,0.0020605348981916904,0.09737813472747803,0.06986580789089203
39,13,0.002487687161192298,0.0024407743476331234,4.686794272856787e-05,0.0004489376733545214,0.0012883937451988459
39,14,0.8986477851867676,0.8899760246276855,0.008640456944704056,0.31301149725914,0.12585820257663727
39,15,0.04182026535272598,0.041629381477832794,0.00014498550444841385,0.45898017287254333,0.0039117224514484406
39,16,0.4690200388431549,0.45756691694259644,0.011284507811069489,1.6863133907318115,0.14327174425125122
39,17,0.3680143654346466,0.35969746112823486,0.008221685886383057,0.9521283507347107,0.10205873847007751
39,18,0.13154251873493195,0.12964999675750732,0.0018867980688810349,0.05727061256766319,0.09032703191041946
39,19,0.9372849464416504,0.9241052269935608,0.013024836778640747,1.5482724905014038,0.4772317409515381
39,20,0.33437904715538025,0.32938194274902344,0.004968468099832535,0.2864549160003662,0.035752806812524796
39,21,0.4070341885089874,0.4007534980773926,0.006204425357282162,0.7625937461853027,0.05330748111009598
39,22,0.9572768211364746,0.9453855752944946,0.011833223514258862,0.5796970725059509,0.10030632466077805
39,23,0.9834913015365601,0.9495701789855957,0.03329682722687721,6.242949962615967,0.1000722348690033
39,24,0.291294127702713,0.2896212935447693,0.0016610340680927038,0.11811628192663193,0.01298737246543169
39,25,0.8603357672691345,0.8502277135848999,0.010036218911409378,0.7184969782829285,0.12896203994750977
39,26,0.396801620721817,0.3931431472301483,0.0036341072991490364,0.24373163282871246,0.024736354127526283
39,27,0.9739468693733215,0.9610273838043213,0.012865448370575905,0.5408540368080139,0.11644591391086578
39,28,0.37510642409324646,0.37179893255233765,0.0032965082209557295,0.10995309799909592,0.018676262348890305
39,29,0.42287227511405945,0.41689586639404297,0.0058920239098370075,0.8437830805778503,0.030103571712970734
39,30,0.6219666600227356,0.6050699949264526,0.016657769680023193,2.3888401985168457,0.19152432680130005
39,31,0.23560607433319092,0.23374810814857483,0.0018483727471902966,0.09600965678691864,0.03142741695046425
39,32,0.8516903519630432,0.8369481563568115,0.014662492088973522,0.7969352602958679,0.1264309287071228
39,33,0.03155205026268959,0.03147904947400093,4.838509630644694e-05,0.24616578221321106,0.0037748515605926514
39,34,0.3650202751159668,0.36218979954719543,0.002822443377226591,0.08033276349306107,0.017045602202415466
39,35,0.33271440863609314,0.327757328748703,0.0049322545528411865,0.24838820099830627,0.022850587964057922
39,36,0.6257749795913696,0.6079374551773071,0.017597775906324387,2.3971571922302246,0.19650006294250488
39,37,0.9504321813583374,0.908577024936676,0.041165657341480255,6.895209789276123,0.1143789142370224
39,38,0.3398323655128479,0.3338078558444977,0.005993782542645931,0.30737820267677307,0.021778345108032227
39,39,0.4363826513290405,0.42964571714401245,0.006655032746493816,0.81888747215271,0.03666295111179352
39,40,0.938747763633728,0.9259138107299805,0.012780983932316303,0.5299677848815918,0.11598131060600281
39,41,0.6436241269111633,0.629740834236145,0.013658246025443077,2.2507195472717285,0.24128225445747375
39,42,0.8528059720993042,0.8431796431541443,0.009552128612995148,0.7421650290489197,0.13451752066612244
39,43,0.43827950954437256,0.4295118451118469,0.008728842251002789,0.3883507549762726,0.05500590801239014
39,44,0.02173893339931965,0.021633854135870934,7.78493340476416e-05,0.2723029851913452,0.0027683828957378864
39,45,0.018535105511546135,0.018450018018484116,5.8159315813099965e-05,0.26928654313087463,0.0027430332265794277
39,46,0.7698314785957336,0.7528027892112732,0.01680397242307663,2.2470531463623047,0.2228296995162964
39,47,0.044267017394304276,0.04386346414685249,0.0003737937950063497,0.29758626222610474,0.018899155780673027
39,48,0.1322387009859085,0.13136892020702362,0.0008653788827359676,0.04390303045511246,0.04197075963020325
39,49,0.3788946568965912,0.3758556842803955,0.00303163705393672,0.07322141528129578,0.019725460559129715
39,50,0.025440072640776634,0.025315290316939354,9.560131002217531e-05,0.29179951548576355,0.006299986038357019
39,51,0.735870361328125,0.7251344919204712,0.010671471245586872,0.643858790397644,0.08175404369831085
39,52,0.3805329203605652,0.3770935535430908,0.0034284477587789297,0.10894855111837387,0.02306520938873291
39,53,0.3500996530056,0.3465483784675598,0.003542821854352951,0.0846748948097229,0.021265147253870964
39,54,0.5812802314758301,0.5713610649108887,0.009824332781136036,0.9483503699302673,0.21819764375686646
39,55,0.9474133253097534,0.924078106880188,0.022961614653468132,3.7362020015716553,0.4913467764854431
39,56,0.4243364930152893,0.41948843002319336,0.004769282881170511,0.7876193523406982,0.03648250550031662
39,57,0.13379371166229248,0.13238340616226196,0.001405229908414185,0.05084184557199478,0.05072745680809021
39,58,0.33770397305488586,0.333690881729126,0.003995117731392384,0.17963801324367523,0.016084477305412292
39,59,0.36240553855895996,0.35733503103256226,0.005019840784370899,0.506739616394043,0.051181428134441376
39,60,0.027307910844683647,0.027156192809343338,0.0001196439698105678,0.32075235247612,0.006670974660664797
39,61,0.6654577255249023,0.6443834900856018,0.020789261907339096,2.8498997688293457,0.28810226917266846
39,62,1.0562496185302734,1.0116753578186035,0.04369846731424332,8.757711410522461,0.15645268559455872
39,63,0.3376130163669586,0.33209776878356934,0.005455962382256985,0.5928452610969543,0.04110461473464966
39,64,0.8078789114952087,0.7825613021850586,0.024972420185804367,3.451629161834717,0.30821359157562256
39,65,0.1259063333272934,0.12349962443113327,0.0023957868106663227,0.10921743512153625,0.08520345389842987
39,66,0.012219470925629139,0.012160836718976498,3.056890273001045e-05,0.2806563675403595,0.002686666324734688
39,67,0.015371697023510933,0.015275996178388596,7.913266017567366e-05,0.16568158566951752,0.06746754795312881
39,68,0.013516993261873722,0.013419969007372856,8.045466529438272e-05,0.165690615773201,0.06584039330482483
39,69,0.01596052572131157,0.015883006155490875,4.889086994808167e-05,0.2862948477268219,0.002578605432063341
39,70,0.9618169069290161,0.9367746114730835,0.02460816502571106,4.341344356536865,0.1441499888896942
39,71,0.8741453289985657,0.8632580041885376,0.010849205777049065,0.3812647759914398,0.09567397087812424
39,72,0.4446175694465637,0.43994277715682983,0.004602489527314901,0.7230598330497742,0.032269395887851715
39,73,0.02115451544523239,0.021078046411275864,4.717511183116585e-05,0.2929328382015228,0.002644261112436652
39,74,1.1745378971099854,1.145124912261963,0.028996838256716728,4.161667346954346,0.14263388514518738
39,75,1.111560583114624,1.07555091381073,0.0355246439576149,4.850639343261719,0.15075910091400146
39,76,0.33860987424850464,0.3334900736808777,0.00510011613368988,0.19678474962711334,0.01883472502231598
39,77,1.0386940240859985,0.9943716526031494,0.04338663071393967,9.357552528381348,0.15240974724292755
39,78,0.1364322006702423,0.13413642346858978,0.0022822399623692036,0.13528527319431305,0.12183751165866852
39,79,0.8810364603996277,0.8672623634338379,0.013728048652410507,0.46069109439849854,0.12127505242824554
39,80,0.017053818330168724,0.01696840301156044,5.3698102419730276e-05,0.31717997789382935,0.0026200481224805117
39,81,0.026969214901328087,0.026833195239305496,0.00010289049532730132,0.33129510283470154,0.00645812414586544
39,82,0.014214856550097466,0.014143603853881359,4.095324038644321e-05,0.30299392342567444,0.002501383423805237
39,83,0.717121958732605,0.7069981098175049,0.010064413771033287,0.5944308638572693,0.0823814868927002
39,84,0.988619863986969,0.9526815414428711,0.035139624029397964,7.98696756362915,0.1429077386856079
39,85,0.42811888456344604,0.4232419729232788,0.0048095667734742165,0.6736257076263428,0.02551081031560898
39,86,0.02088930271565914,0.020792577415704727,6.705881969537586e-05,0.2966603636741638,0.0035751457326114178
39,87,0.028143972158432007,0.02801351062953472,0.00010019373439718038,0.30268752574920654,0.006814763881266117
39,88,0.13661980628967285,0.13487015664577484,0.0017388698179274797,0.1077963188290596,0.0746668353676796
39,89,0.42465463280677795,0.4197540879249573,0.004841144196689129,0.593942403793335,0.030858205631375313
39,90,0.8706203699111938,0.859352171421051,0.011173095554113388,0.9514297246932983,0.11431446671485901
39,91,1.1062248945236206,1.0714210271835327,0.03433433547616005,4.695165634155273,0.1556100845336914
39,92,0.012466734275221825,0.01236423384398222,8.374929893761873e-05,0.18751627206802368,0.06409558653831482
39,93,0.24535709619522095,0.24247846007347107,0.00286360876634717,0.15026797354221344,0.056052688509225845
39,94,0.015496219508349895,0.01541188731789589,5.098411929793656e-05,0.33347901701927185,0.0029190934728831053
39,95,0.64969402551651,0.6336042881011963,0.015875203534960747,2.1448981761932373,0.26945486664772034
39,96,0.7090125679969788,0.7005941271781921,0.008371982723474503,0.46414345502853394,0.07979676872491837
39,97,0.056998852640390396,0.05609210953116417,0.0009036663686856627,0.030768979340791702,0.023487411439418793
39,98,0.3849879205226898,0.3814878463745117,0.0034453128464519978,0.5474867224693298,0.04464709386229515
39,99,0.2393261343240738,0.23717543482780457,0.002135082148015499,0.1562342792749405,0.0504327118396759
39,100,0.12638694047927856,0.12489049136638641,0.0014869705773890018,0.09481391310691833,0.07759401202201843
40,1,0.3492899537086487,0.34636545181274414,0.0029081504326313734,0.16359370946884155,0.01182677410542965
40,2,1.0495855808258057,1.0046178102493286,0.04405314475297928,9.145635604858398,0.10226139426231384
40,3,0.19398781657218933,0.19206705689430237,0.0019025959772989154,0.18168960511684418,0.008655130863189697
40,4,0.01664135418832302,0.016560330986976624,4.875562444794923e-05,0.3226904571056366,0.0031467126682400703
40,5,0.6526317596435547,0.6253162026405334,0.026941828429698944,3.7371749877929688,0.08288387954235077
40,6,0.019925618544220924,0.01978684403002262,0.00010203666897723451,0.367372989654541,0.003998953849077225
40,7,0.13848647475242615,0.13606107234954834,0.0024073540698736906,0.18043914437294006,0.11593969166278839
40,8,1.032912015914917,0.9861005544662476,0.04578249901533127,10.290338516235352,0.12961535155773163
40,9,0.9749659299850464,0.9545297622680664,0.020219307392835617,2.168670892715454,0.1648249626159668
40,10,0.8213233351707458,0.7912131547927856,0.029656661674380302,4.535317897796631,0.40519553422927856
40,11,0.44114619493484497,0.4316179156303406,0.00930766575038433,2.2063066959381104,0.07209660857915878
40,12,0.1255187690258026,0.12427232414484024,0.0012418031692504883,0.04644615575671196,0.04983099550008774
40,13,0.4204365313053131,0.41271471977233887,0.007534129545092583,1.8770570755004883,0.0631984993815422
40,14,0.33655956387519836,0.3334658443927765,0.0030731456354260445,0.20560744404792786,0.016306720674037933
40,15,0.9179548621177673,0.9026412963867188,0.015208316966891289,1.0523664951324463,0.07012653350830078
40,16,0.22863204777240753,0.22638946771621704,0.002230930607765913,0.1164804995059967,0.04896289110183716
40,17,0.8626969456672668,0.8352975249290466,0.02694595605134964,4.534905910491943,0.44199103116989136
40,18,0.43391090631484985,0.4276123344898224,0.0062699331901967525,0.28636449575424194,0.04275365173816681
40,19,0.836131751537323,0.8138794898986816,0.021964430809020996,2.8785579204559326,0.27372968196868896
40,20,1.2304962873458862,1.196459174156189,0.0335235595703125,5.135700702667236,0.1265585720539093
40,21,0.7152930498123169,0.7059016227722168,0.009352806955575943,0.38638025522232056,0.08732741326093674
40,22,0.4506058990955353,0.44150853157043457,0.009066665545105934,0.30705034732818604,0.07758243381977081
40,23,0.014118814840912819,0.01402149349451065,7.656821981072426e-05,0.20753581821918488,0.07619273662567139
40,24,0.9654746651649475,0.9519827365875244,0.013438060879707336,0.5386035442352295,0.13676825165748596
40,25,0.42704445123672485,0.42003947496414185,0.0068298159167170525,1.751574993133545,0.05992455035448074
40,26,0.4223472774028778,0.4156697988510132,0.0065628886222839355,1.1459966897964478,0.057463839650154114
40,27,0.4304099678993225,0.42284202575683594,0.00745253823697567,1.1538851261138916,0.04162650555372238
40,28,0.015318800695240498,0.015206990763545036,9.260658407583833e-05,0.19203078746795654,0.07117961347103119
40,29,0.12940920889377594,0.12849055230617523,0.0009140202309936285,0.04633937403559685,0.0421699583530426
40,30,0.942189633846283,0.9318580031394958,0.010261723771691322,0.6994100213050842,0.1712857186794281
40,31,0.4681975841522217,0.45975399017333984,0.008392127230763435,0.5148215889930725,0.0782264843583107
40,32,0.22399933636188507,0.22224780917167664,0.0017412813613191247,0.10251480340957642,0.03452432155609131
40,33,0.37217551469802856,0.36956846714019775,0.0025998810306191444,0.07163967937231064,0.01380915381014347
40,34,0.02296394295990467,0.02284642867743969,8.691020775586367e-05,0.3060397803783417,0.00451265275478363
40,35,0.01721523515880108,0.017129480838775635,5.654157939716242e-05,0.2921234667301178,0.003780052997171879
40,36,0.20635753870010376,0.20464248955249786,0.0016962005756795406,0.1884748339653015,0.008204890415072441
40,37,0.1282382309436798,0.126875638961792,0.0013544614193961024,0.08131898194551468,0.07244155555963516
40,38,0.016376251354813576,0.016262950375676155,8.092900679912418e-05,0.3237255811691284,0.0037204036489129066
40,39,0.6488625407218933,0.6319588422775269,0.01667536050081253,2.283365488052368,0.2715795636177063
40,40,0.1290683001279831,0.12757717072963715,0.0014808513224124908,0.10280740261077881,0.08767810463905334
40,41,0.9886075854301453,0.9494295716285706,0.038365546613931656,8.124500274658203,0.11553369462490082
40,42,0.5784385204315186,0.5660305023193359,0.012227049097418785,1.8098711967468262,0.2611754536628723
40,43,0.20208331942558289,0.20036236941814423,0.0017013682518154383,0.195826455950737,0.012064388953149319
40,44,0.019592169672250748,0.019445523619651794,0.00011005422129528597,0.3659171760082245,0.004410235211253166
40,45,0.9631129503250122,0.9215178489685059,0.04073189198970795,8.63193130493164,0.08511553704738617
40,46,0.41656985878944397,0.41297245025634766,0.003540314268320799,0.5710476636886597,0.04275259003043175
40,47,0.3286902606487274,0.32517972588539124,0.003478307742625475,0.32229334115982056,0.03410512953996658
40,48,0.4514469504356384,0.4451887607574463,0.0061513748951256275,1.0682286024093628,0.030873548239469528
40,49,0.01616811193525791,0.016042765229940414,9.044649777933955e-05,0.3490120470523834,0.003650449216365814
40,50,0.9276488423347473,0.9147845506668091,0.012730013579130173,1.3427424430847168,0.11365293711423874
40,51,0.22535325586795807,0.22317028045654297,0.002170281484723091,0.1269785314798355,0.052324458956718445
40,52,0.4646419882774353,0.45689380168914795,0.007710520178079605,0.3765888810157776,0.04876486212015152
40,53,0.12657035887241364,0.1253635138273239,0.001202743616886437,0.04091429337859154,0.039933934807777405
40,54,0.233781099319458,0.23103399574756622,0.0027269928250461817,0.20115229487419128,0.05193124711513519
40,55,0.021711234003305435,0.021568208932876587,0.00010474021837580949,0.3828563392162323,0.004467806778848171
40,56,1.1810826063156128,1.1404844522476196,0.039989449083805084,6.086460590362549,0.2039330154657364
40,57,0.9643719792366028,0.9332985877990723,0.03067854419350624,3.9481399059295654,0.7290120124816895
40,58,0.8757452964782715,0.8669604063034058,0.008727816864848137,0.5707972645759583,0.1038767546415329
40,59,0.04351372271776199,0.042955949902534485,0.0005183860193938017,0.39387133717536926,0.0201248861849308
40,60,0.9315465092658997,0.9119199514389038,0.019379328936338425,2.472248077392578,0.39407074451446533
40,61,1.2006726264953613,1.1757678985595703,0.024550091475248337,3.546626567840576,0.09697438031435013
40,62,1.1431046724319458,1.1238811016082764,0.01898775063455105,2.358125686645508,0.11337555199861526
40,63,0.018968870863318443,0.018847806379199028,9.9985882116016e-05,0.21077537536621094,0.037845879793167114
40,64,0.3382217288017273,0.33047395944595337,0.007682892493903637,0.6487059593200684,0.046178728342056274
40,65,0.6046466827392578,0.5921647548675537,0.012337157502770424,1.4479001760482788,0.28106236457824707
40,66,0.9389451742172241,0.9247052669525146,0.014175173826515675,0.6471084356307983,0.15199820697307587
40,67,0.3304911255836487,0.3252846598625183,0.0051736980676651,0.32777562737464905,0.03437454253435135
40,68,0.03326021879911423,0.033077917993068695,0.00014691625256091356,0.3538150489330292,0.006923722103238106
40,69,0.4509282410144806,0.4433736503124237,0.00743984617292881,1.147311806678772,0.051315341144800186
40,70,0.9189342260360718,0.8826504349708557,0.03578902781009674,4.947608470916748,0.3273710012435913
40,71,0.8981299996376038,0.8886472582817078,0.009405678138136864,0.7707871794700623,0.11971613019704819
40,72,0.40866199135780334,0.4058241844177246,0.0028219944797456264,0.1581352800130844,0.026134058833122253
40,73,1.029099941253662,1.0018222332000732,0.026691900566220284,5.857851505279541,0.17109394073486328
40,74,0.01399398036301136,0.013898564502596855,8.014833292691037e-05,0.15266886353492737,0.03759842365980148
40,75,0.6883536577224731,0.6787062883377075,0.009575785137712955,0.7158970832824707,0.06109024956822395
40,76,0.9943370819091797,0.9477698802947998,0.04588567465543747,6.815241813659668,0.11229098588228226
40,77,0.03543803095817566,0.03531942144036293,9.223477536579594e-05,0.2637406289577484,0.006210379768162966
40,78,0.12284567952156067,0.12202656269073486,0.000816305517219007,0.028096947818994522,0.02618141658604145
40,79,0.23931100964546204,0.23739269375801086,0.0019063972868025303,0.11914338171482086,0.03779691457748413
40,80,0.9750663042068481,0.9407952427864075,0.03369560092687607,5.75457763671875,0.12381426244974136
40,81,0.02014288119971752,0.020040124654769897,7.56398294470273e-05,0.2711561322212219,0.002557132625952363
40,82,0.3369217813014984,0.3342342674732208,0.002679948229342699,0.07566428929567337,0.007740091532468796
40,83,0.41730496287345886,0.413624107837677,0.003620733041316271,0.6010308265686035,0.03261227160692215
40,84,1.0113322734832764,0.9774919748306274,0.03324417397379875,5.9620161056518555,0.1353032886981964
40,85,0.6848571300506592,0.6783814430236816,0.006447083316743374,0.28615617752075195,0.07151703536510468
40,86,0.4259868264198303,0.4202439785003662,0.005645592696964741,0.9724741578102112,0.052782170474529266
40,87,0.015171859413385391,0.015079854987561703,7.652619387954473e-05,0.15478356182575226,0.08224456012248993
40,88,0.7138860821723938,0.7059372663497925,0.007911734282970428,0.3707399070262909,0.07731795310974121
40,89,0.020582327619194984,0.020495086908340454,5.9360831073718145e-05,0.2788087725639343,0.0027107144705951214
40,90,0.14199142158031464,0.13984385132789612,0.0021277298219501972,0.1983710676431656,0.10843449831008911
40,91,0.8228158354759216,0.7970976829528809,0.02537282183766365,3.4535036087036133,0.6011947393417358
40,92,0.843215823173523,0.8358707427978516,0.007311252411454916,0.3385457396507263,0.10479986667633057
40,93,0.9433130025863647,0.9119853973388672,0.030885711312294006,4.419179439544678,0.34545162320137024
40,94,0.831940233707428,0.8246321678161621,0.007263450417667627,0.4464787542819977,0.09526057541370392
40,95,0.059126611799001694,0.058435164391994476,0.0006569368997588754,0.34510570764541626,0.021903159096837044
40,96,0.0529705174267292,0.05241081118583679,0.0005256894510239363,0.3401610851287842,0.017933247610926628
40,97,0.1360175907611847,0.13363417983055115,0.0023673882242292166,0.16016952693462372,0.10173488408327103
40,98,1.1559430360794067,1.1271040439605713,0.028438985347747803,3.9991307258605957,0.15524286031723022
40,99,0.8836312294006348,0.8646069765090942,0.018702957779169083,3.2129158973693848,0.12571564316749573
40,100,0.12899518013000488,0.12795445322990417,0.001035926747135818,0.04794162139296532,0.03804901987314224
41,1,1.096540093421936,1.0652785301208496,0.030597705394029617,6.638575077056885,0.17281587421894073
41,2,0.2518925070762634,0.24951164424419403,0.002361706690862775,0.19163352251052856,0.042733728885650635
41,3,0.13187237083911896,0.13071922957897186,0.0011483056005090475,0.04845010116696358,0.04284041374921799
41,4,0.8570178151130676,0.8218278884887695,0.03466188162565231,5.280665874481201,0.4055585265159607
41,5,0.8228338956832886,0.7901685833930969,0.03221522271633148,4.500769138336182,0.40606826543807983
41,6,0.12533625960350037,0.12372997403144836,0.0015951348468661308,0.11142819374799728,0.09708945453166962
41,7,0.407609224319458,0.401833176612854,0.005684019066393375,0.9202395081520081,0.035309650003910065
41,8,0.030090875923633575,0.02975321188569069,0.0003057593712583184,0.3190474510192871,0.009247422218322754
41,9,0.225957989692688,0.2235616147518158,0.002383777406066656,0.12595944106578827,0.041154101490974426
41,10,0.4155001938343048,0.41036179661750793,0.005114931613206863,0.23456954956054688,0.04224703460931778
41,11,0.3598288893699646,0.35570091009140015,0.0041066682897508144,0.21307587623596191,0.016269847750663757
41,12,0.32634812593460083,0.32209721207618713,0.00421522231772542,0.35691437125205994,0.034530483186244965
41,13,0.01206325925886631,0.011992527171969414,5.3560979722533375e-05,0.1717119961977005,0.05598137900233269
41,14,0.18762829899787903,0.18593846261501312,0.0016773499082773924,0.1248159185051918,0.008437931537628174
41,15,0.3335801959037781,0.329173743724823,0.004369213245809078,0.3725595772266388,0.0364055372774601
41,16,0.3972926437854767,0.3930673599243164,0.004212026484310627,0.13273181021213531,0.024211592972278595
41,17,1.1953366994857788,1.1635111570358276,0.031097454950213432,7.28167200088501,0.1726893186569214
41,18,0.019763950258493423,0.0196341872215271,9.567834058543667e-05,0.3408415913581848,0.0027755023911595345
41,19,0.12520860135555267,0.12358704209327698,0.0016163273248821497,0.052324093878269196,0.04791969805955887
41,20,1.0997905731201172,1.0662131309509277,0.03312399610877037,4.535195827484131,0.1964704543352127
41,21,0.3450441360473633,0.33962780237197876,0.00539369648322463,0.2265009880065918,0.02409183233976364
41,22,0.46204525232315063,0.45303642749786377,0.008966502733528614,0.42319726943969727,0.08009181916713715
41,23,0.8793296217918396,0.8695859909057617,0.009703502058982849,0.4012305438518524,0.09411611407995224
41,24,0.7352355122566223,0.722303032875061,0.012855073437094688,0.7743584513664246,0.08780701458454132
41,25,0.8905817866325378,0.8803393840789795,0.010164860635995865,0.7752417325973511,0.11745010316371918
41,26,0.02281068079173565,0.022668730467557907,0.00010781041055452079,0.3414023518562317,0.0033444836735725403
41,27,0.43012091517448425,0.4216114282608032,0.008325491100549698,1.839941143989563,0.04713572561740875
41,28,0.8996472358703613,0.8897972106933594,0.00979458075016737,0.5542499423027039,0.06588070094585419
41,29,0.712330162525177,0.7037287950515747,0.008564863353967667,0.3649236857891083,0.064816415309906
41,30,0.42085185647010803,0.41308772563934326,0.007624531164765358,1.3959078788757324,0.04333264380693436
41,31,0.12852050364017487,0.12695792317390442,0.0015528311487287283,0.097520612180233,0.07395191490650177
41,32,0.02207861840724945,0.021938275545835495,0.00010663185094017535,0.3371034860610962,0.004081677179783583
41,33,0.026188451796770096,0.02602740004658699,0.00012678634084295481,0.3426528573036194,0.007129882462322712
41,34,0.3308368921279907,0.3261616826057434,0.004625692032277584,0.4954306483268738,0.04475776478648186
41,35,1.1269842386245728,1.0769679546356201,0.048614971339702606,14.013128280639648,0.14705170691013336
41,36,1.2139911651611328,1.1603784561157227,0.05234667658805847,12.65943717956543,0.1674395203590393
41,37,0.9270339608192444,0.8956977725028992,0.030898217111825943,4.379499435424805,0.12888340651988983
41,38,0.23808617889881134,0.23431244492530823,0.003752763383090496,0.20958498120307922,0.07758689671754837
41,39,0.23576349020004272,0.23279057443141937,0.0029568008612841368,0.1610299050807953,0.07107345759868622
41,40,0.22489720582962036,0.22197973728179932,0.0028992530424147844,0.1820208877325058,0.061299700289964676
41,41,0.01487764809280634,0.014771482907235622,8.875501225702465e-05,0.17410551011562347,0.07373447716236115
41,42,1.038825273513794,0.9728329181671143,0.0644911378622055,15.011481285095215,0.14085067808628082
41,43,0.1296633630990982,0.127966970205307,0.0016847196966409683,0.11670508980751038,0.07794021815061569
41,44,0.9517284035682678,0.9394492506980896,0.012211943045258522,0.6723735928535461,0.08579334616661072
41,45,0.916911780834198,0.9068917036056519,0.009945624507963657,0.7442274689674377,0.06856735795736313
41,46,0.8856799602508545,0.8647369742393494,0.02061658538877964,3.26377272605896,0.3799583315849304
41,47,0.24697557091712952,0.24538969993591309,0.0015744247939437628,0.11443334072828293,0.026364032179117203
41,48,0.1311430037021637,0.12990903854370117,0.0012266761623322964,0.07286443561315536,0.06151144206523895
41,49,0.41803157329559326,0.4136660099029541,0.004272486548870802,0.9307445287704468,0.03884807229042053
41,50,0.9243130087852478,0.8844804763793945,0.039268605411052704,5.639423847198486,0.6668492555618286
41,51,0.3326750695705414,0.32934558391571045,0.003318434115499258,0.11070648580789566,0.013620680198073387
41,52,0.882544755935669,0.873137354850769,0.009345791302621365,0.6162928342819214,0.1659557819366455
41,53,1.1897568702697754,1.1520888805389404,0.037106942385435104,5.609848976135254,0.253731369972229
41,54,0.7239159345626831,0.7177842259407043,0.006098003126680851,0.3366866409778595,0.09607967734336853
41,55,0.6340991258621216,0.6298314332962036,0.0042548514902591705,0.12790226936340332,0.09158869087696075
41,56,0.8558688163757324,0.8342835903167725,0.021260438486933708,3.2478537559509277,0.36588218808174133
41,57,0.9222323298454285,0.9143650531768799,0.007830852642655373,0.3639756441116333,0.0934278815984726
41,58,0.42903634905815125,0.42323073744773865,0.005787115078419447,0.18500317633152008,0.051117803901433945
41,59,0.47852879762649536,0.4733272194862366,0.005109528545290232,0.9204927086830139,0.03869587182998657
41,60,0.3782089352607727,0.3752192258834839,0.0029805894009768963,0.09119421243667603,0.02134055830538273
41,61,0.9029862880706787,0.8781851530075073,0.024441011250019073,3.601062536239624,0.37681615352630615
41,62,0.408084511756897,0.4038327932357788,0.004172185901552439,0.7952810525894165,0.053117066621780396
41,63,0.9731289148330688,0.9468456506729126,0.02588488906621933,3.983877420425415,0.6347619891166687
41,64,0.4238921105861664,0.4169634282588959,0.0068063316866755486,1.223496913909912,0.058220431208610535
41,65,1.1676069498062134,1.1283395290374756,0.03831162303686142,9.55844783782959,0.23514440655708313
41,66,0.1258632093667984,0.12423299998044968,0.0016243447316810489,0.05875018984079361,0.053304776549339294
41,67,0.9698835611343384,0.9337992668151855,0.035441599786281586,6.427128791809082,0.12929077446460724
41,68,0.03784705698490143,0.03745720535516739,0.0003607106627896428,0.2913804352283478,0.01560287270694971
41,69,0.45351648330688477,0.44461125135421753,0.008860540576279163,0.44712719321250916,0.06358827650547028
41,70,0.9469001293182373,0.9111576080322266,0.034884609282016754,8.578912734985352,0.08956846594810486
41,71,0.7208858132362366,0.7118317484855652,0.009013913571834564,0.4017502963542938,0.07389356940984726
41,72,0.7108765244483948,0.7013143301010132,0.009507868438959122,0.543200671672821,0.06899239867925644
41,73,0.3657432794570923,0.36201024055480957,0.0037206485867500305,0.12391145527362823,0.016599375754594803
41,74,0.7634885907173157,0.752544641494751,0.010877254419028759,0.667105495929718,0.07291373610496521
41,75,0.6182839870452881,0.6031155586242676,0.01497908029705286,1.8935447931289673,0.21197006106376648
41,76,0.9889799356460571,0.949674129486084,0.03840795159339905,8.978699684143066,0.13998955488204956
41,77,0.016529152169823647,0.016425762325525284,7.74822838138789e-05,0.2590753734111786,0.0030758173670619726
41,78,0.990103542804718,0.9600719213485718,0.02927415817975998,7.57472562789917,0.15320536494255066
41,79,0.27550452947616577,0.2708694040775299,0.004536784719675779,0.983447790145874,0.03409978747367859
41,80,0.1243499144911766,0.12208385020494461,0.002254726365208626,0.11338676512241364,0.10776681452989578
41,81,0.8563318848609924,0.8467903733253479,0.009494764730334282,0.46745529770851135,0.1322886049747467
41,82,0.8698850870132446,0.8609150648117065,0.008905870839953423,0.6412729024887085,0.14992615580558777
41,83,0.42611297965049744,0.42078208923339844,0.005285617895424366,0.4526147246360779,0.04159736633300781
41,84,0.6833540201187134,0.6743559837341309,0.008957268670201302,0.40781816840171814,0.09976980090141296
41,85,0.028816599398851395,0.028621230274438858,0.0001642979623284191,0.3107125759124756,0.007244848180562258
41,86,0.9333118796348572,0.9224904179573059,0.010769622400403023,0.5185262560844421,0.09538395702838898
41,87,0.13960260152816772,0.13722816109657288,0.0023519271053373814,0.22512187063694,0.12260955572128296
41,88,0.9903113842010498,0.9644536972045898,0.02536986768245697,4.878311634063721,0.10446491837501526
41,89,0.60467928647995,0.593860387802124,0.010697687044739723,1.212534785270691,0.2432623654603958
41,90,1.030224084854126,0.9977896809577942,0.03171171247959137,7.226473808288574,0.09427635371685028
41,91,0.41549432277679443,0.41153228282928467,0.003926667384803295,0.3536422550678253,0.026044093072414398
41,92,0.4245283007621765,0.41859471797943115,0.005811641924083233,1.219468593597412,0.03281836211681366
41,93,0.9369550347328186,0.9040237665176392,0.03241126239299774,5.200074195861816,0.5153505802154541
41,94,0.8430553674697876,0.8067145943641663,0.035836201161146164,5.0455451011657715,0.3741639256477356
41,95,0.33282122015953064,0.33032751083374023,0.002479783957824111,0.13918310403823853,0.011853592470288277
41,96,0.8027392625808716,0.7784396409988403,0.023949433118104935,3.501499652862549,0.5034536123275757
41,97,0.6207994222640991,0.607851505279541,0.012767232954502106,1.8066661357879639,0.2251669466495514
41,98,0.8384087085723877,0.8100557327270508,0.027987033128738403,3.6598942279815674,0.3508477807044983
41,99,0.8605680465698242,0.8326356410980225,0.02748512476682663,4.472765922546387,0.5359165668487549
41,100,0.7220898270606995,0.7149388790130615,0.00711193447932601,0.39042583107948303,0.0795481950044632
42,1,0.8503754138946533,0.8354225754737854,0.014780250377953053,1.7259433269500732,0.5459551215171814
42,2,0.1246376559138298,0.1232016533613205,0.001425950089469552,0.10048548132181168,0.09179830551147461
42,3,0.602414071559906,0.5916537046432495,0.01064159907400608,1.1881399154663086,0.24823203682899475
42,4,0.12762857973575592,0.1258661150932312,0.001751708216033876,0.10764915496110916,0.09303273260593414
42,5,0.32707294821739197,0.3221791982650757,0.0048590246587991714,0.34718072414398193,0.03974057734012604
42,6,0.1754729449748993,0.17417088150978088,0.0012910605873912573,0.11003897339105606,0.008577805012464523
42,7,0.9448584318161011,0.9348125457763672,0.009944910183548927,1.0098929405212402,0.12856268882751465
42,8,0.330866277217865,0.32629916071891785,0.004520539194345474,0.4657272398471832,0.042490728199481964
42,9,0.013267368078231812,0.013151257298886776,9.822128049563617e-05,0.17889541387557983,0.05932726338505745
42,10,0.3861362636089325,0.38167017698287964,0.0044420622289180756,0.24015101790428162,0.031126823276281357
42,11,0.7150322198867798,0.7054547071456909,0.009524278342723846,0.5321208834648132,0.09371449053287506
42,12,0.9173673391342163,0.9066357016563416,0.010675426572561264,0.5620195269584656,0.08824869990348816
42,13,0.3397352993488312,0.33655983209609985,0.0031589828431606293,0.16476859152317047,0.02003367245197296
42,14,0.3119143545627594,0.3076316714286804,0.004255067557096481,0.27633097767829895,0.056138306856155396
42,15,0.46206846833229065,0.45460784435272217,0.007398237474262714,0.6238383054733276,0.06316487491130829
42,16,0.8548904061317444,0.8454979658126831,0.009346842765808105,0.4561287760734558,0.13144659996032715
42,17,0.8607072234153748,0.8512065410614014,0.009439552202820778,0.6114909648895264,0.13775122165679932
42,18,0.3885030150413513,0.3834206461906433,0.005067860707640648,0.14510469138622284,0.03127531707286835
42,19,0.12364374846220016,0.1214701384305954,0.0021626134403049946,0.10996803641319275,0.10226500034332275
42,20,0.26211562752723694,0.2591283917427063,0.0029664915055036545,0.20741744339466095,0.06567797809839249
42,21,0.4408537447452545,0.4365159273147583,0.004317615181207657,0.20202495157718658,0.03745747357606888
42,22,0.027808494865894318,0.02759999781847,0.00020471149764489383,0.037857785820961,0.006039110943675041
42,23,0.4238968789577484,0.41889461874961853,0.004928703419864178,0.7356184720993042,0.05587233603000641
42,24,0.9799147248268127,0.9465616941452026,0.03274739906191826,6.0567216873168945,0.0981246829032898
42,25,0.4881444275379181,0.4784033000469208,0.009698206558823586,0.42929449677467346,0.057167645543813705
42,26,0.38099807500839233,0.37713339924812317,0.0038556582294404507,0.0902286097407341,0.023757217451930046
42,27,0.3886587619781494,0.3860161006450653,0.0026287443470209837,0.1392645537853241,0.030320003628730774
42,28,0.41895532608032227,0.41293013095855713,0.005917546339333057,1.076319932937622,0.05614826828241348
42,29,0.9360966086387634,0.9239746332168579,0.012021681293845177,1.0030823945999146,0.13422328233718872
42,30,0.687397301197052,0.6789224743843079,0.008436682634055614,0.38143837451934814,0.07479818165302277
42,31,0.12948113679885864,0.12760835886001587,0.0018619340844452381,0.10844184458255768,0.09714796394109726
42,32,1.0277175903320312,0.9810426831245422,0.045639172196388245,10.356696128845215,0.11125180125236511
42,33,0.8613055944442749,0.831926703453064,0.02891325205564499,4.656556606292725,0.49976015090942383
42,34,0.368755966424942,0.3661176264286041,0.0026314016431570053,0.06947541981935501,0.028080977499485016
42,35,0.989058792591095,0.9556628465652466,0.03290833532810211,4.876201152801514,0.5340065360069275
42,36,0.4373857378959656,0.43057507276535034,0.006677412893623114,1.3323390483856201,0.057306818664073944
42,37,0.1907118260860443,0.18934622406959534,0.0013517277548089623,0.1387704461812973,0.010395403951406479
42,38,0.9125447869300842,0.9004182815551758,0.012076476588845253,0.49994343519210815,0.08508355915546417
42,39,0.043741483241319656,0.04317855089902878,0.0005263526691123843,0.3657779097557068,0.01942954957485199
42,40,0.026916226372122765,0.02673245593905449,0.0001510906731709838,0.32679682970046997,0.006754311267286539
42,41,0.242222398519516,0.23957949876785278,0.002628485206514597,0.1440732181072235,0.04583601653575897
42,42,0.9408026933670044,0.9274939298629761,0.013204453513026237,1.0429943799972534,0.14143136143684387
42,43,0.07741276174783707,0.07670750468969345,0.0006993070710450411,0.05951889231801033,0.011463632807135582
42,44,0.37444761395454407,0.3707132339477539,0.0037228199653327465,0.11563937366008759,0.019756456837058067
42,45,0.02695360966026783,0.026802517473697662,0.0001179787577711977,0.3311496675014496,0.0065659526735544205
42,46,0.01649976149201393,0.01639898680150509,6.958619633223861e-05,0.3118734657764435,0.003036735113710165
42,47,0.025202492251992226,0.025074254721403122,9.678388596512377e-05,0.3145371377468109,0.006951065734028816
42,48,0.014289754442870617,0.014139218255877495,0.0001323132892139256,0.18223242461681366,0.0603201687335968
42,49,0.41192176938056946,0.4053995609283447,0.006491945590823889,0.30238696932792664,0.05065832659602165
42,50,1.1067442893981934,1.0726826190948486,0.03372388333082199,3.3785905838012695,0.16650623083114624
42,51,1.1780965328216553,1.1445752382278442,0.033055391162633896,4.6585822105407715,0.17849382758140564
42,52,0.8923293948173523,0.8626527786254883,0.029208509251475334,4.681628704071045,0.3292614221572876
42,53,0.1336473971605301,0.13208118081092834,0.001556984381750226,0.09237845987081528,0.08344045281410217
42,54,0.02869679220020771,0.028559476137161255,0.00013703106378670782,0.0028511176351457834,0.004013443365693092
42,55,0.768625020980835,0.7572193145751953,0.011352323926985264,0.5342463254928589,0.11029171198606491
42,56,0.33271804451942444,0.3283234238624573,0.004360694903880358,0.33918383717536926,0.04716971889138222
42,57,0.34955549240112305,0.34543412923812866,0.004100076854228973,0.212688609957695,0.022402940317988396
42,58,0.43610116839408875,0.4283832013607025,0.007529649417847395,1.8833284378051758,0.06662482023239136
42,59,0.02277308888733387,0.02266036905348301,9.300663805333897e-05,0.1971304565668106,0.07597720623016357
42,60,0.04006561264395714,0.03982245549559593,0.00020637763373088092,0.3677879273891449,0.00843105185776949
42,61,0.8644351363182068,0.8393170237541199,0.024815097451210022,3.03018856048584,0.4152478575706482
42,62,0.4589692950248718,0.4511007070541382,0.007747642695903778,1.2095180749893188,0.03956570476293564
42,63,0.9440487623214722,0.9343663454055786,0.009608030319213867,0.7437753081321716,0.12779828906059265
42,64,0.4425274729728699,0.4346928000450134,0.0076751611195504665,1.5948947668075562,0.04412473738193512
42,65,0.38850611448287964,0.38485097885131836,0.003644051495939493,0.11092852801084518,0.01789209246635437
42,66,0.9235584735870361,0.9148184061050415,0.008702059276401997,0.38043785095214844,0.07552032172679901
42,67,0.42919760942459106,0.4232514500617981,0.005827452056109905,1.1870964765548706,0.03105185367166996
42,68,0.11717160791158676,0.11634880304336548,0.0008186659542843699,0.04144730418920517,0.03168878331780434
42,69,0.12148784101009369,0.1204773411154747,0.0010064865928143263,0.040124744176864624,0.03125368431210518
42,70,0.8858904838562012,0.8627797961235046,0.022803273051977158,3.074664831161499,0.3678063452243805
42,71,0.9404222965240479,0.9164877533912659,0.023502837866544724,4.316947937011719,0.11795388162136078
42,72,1.1419563293457031,1.1163420677185059,0.025292634963989258,3.2162530422210693,0.18040025234222412
42,73,0.3263675570487976,0.32200193405151367,0.004331795498728752,0.33837243914604187,0.016625866293907166
42,74,0.04343269765377045,0.042867206037044525,0.0005266779335215688,0.38815030455589294,0.01614290103316307
42,75,0.9212326407432556,0.8983124494552612,0.022614941000938416,3.0525994300842285,0.6635164618492126
42,76,1.097650170326233,1.0527427196502686,0.04391680657863617,9.906316757202148,0.23086966574192047
42,77,0.7120506167411804,0.6998862624168396,0.012102356180548668,0.6198601126670837,0.09189049154520035
42,78,0.9396979808807373,0.9136470556259155,0.02561534196138382,4.3560471534729,0.44132131338119507
42,79,0.44217899441719055,0.431510329246521,0.010476825758814812,1.9183176755905151,0.035894401371479034
42,80,0.6717755198478699,0.6627427339553833,0.00899047777056694,0.4229058623313904,0.054717425256967545
42,81,0.8440563082695007,0.83753502368927,0.006499579641968012,0.216675266623497,0.04426288977265358
42,82,0.9239473342895508,0.9059830904006958,0.01772444322705269,2.397874355316162,0.32643744349479675
42,83,0.022908220067620277,0.022859878838062286,2.1226289391051978e-05,0.27115240693092346,0.002114430535584688
42,84,0.8793556690216064,0.8592774868011475,0.019773123785853386,3.050631046295166,0.4696859121322632
42,85,0.6371766328811646,0.618655800819397,0.018279407173395157,2.4137866497039795,0.28008878231048584
42,86,0.9265016317367554,0.9142436981201172,0.01221194677054882,0.4603548049926758,0.11626419425010681
42,87,0.8905804753303528,0.8603215217590332,0.02956981211900711,6.891305446624756,0.1866331696510315
42,88,0.022960808128118515,0.022832831367850304,9.091718675335869e-05,0.37060096859931946,0.004107299726456404
42,89,0.33793365955352783,0.3342609703540802,0.0036505726166069508,0.22117914259433746,0.018511541187763214
42,90,0.4250186085700989,0.4165314733982086,0.00834115594625473,1.4597077369689941,0.07282647490501404
42,91,0.6604705452919006,0.6424421668052673,0.017789334058761597,2.3910269737243652,0.3498140573501587
42,92,0.3774019777774811,0.37248238921165466,0.004843596834689379,0.759823739528656,0.04829584062099457
42,93,0.32615458965301514,0.3220292329788208,0.004091357346624136,0.34013548493385315,0.040363289415836334
42,94,0.9051790833473206,0.8966928720474243,0.008452403359115124,0.3379914164543152,0.06799091398715973
42,95,0.022320453077554703,0.022189650684595108,9.848800982581452e-05,0.32314544916152954,0.006498297676444054
42,96,0.14223633706569672,0.1406521499156952,0.0015719960210844874,0.12193593382835388,0.06794852018356323
42,97,0.32503968477249146,0.3227263391017914,0.0023047919385135174,0.08555381745100021,0.008255159482359886
42,98,0.9154168367385864,0.9071229696273804,0.008256141096353531,0.3771863877773285,0.06469836831092834
42,99,0.408637672662735,0.40509170293807983,0.003514047246426344,0.3190443217754364,0.021439049392938614
42,100,0.33812659978866577,0.3347584307193756,0.0033538569696247578,0.14300057291984558,0.011527427472174168
43,1,0.8764880895614624,0.8486313819885254,0.027468590065836906,3.8814172744750977,0.5748453140258789
43,2,0.020007606595754623,0.01987767405807972,9.608734399080276e-05,0.33844777941703796,0.004953407682478428
43,3,0.3831142485141754,0.37830230593681335,0.004730340093374252,0.8160455822944641,0.036891043186187744
43,4,0.4287513792514801,0.42288172245025635,0.005755476653575897,1.1417021751403809,0.03946450352668762
43,5,0.6022270321846008,0.5897151827812195,0.012366631999611855,1.4519925117492676,0.2724609971046448
43,6,0.015192901715636253,0.015088940970599651,7.025118975434452e-05,0.337088406085968,0.0036040344275534153
43,7,0.4059353172779083,0.4007333517074585,0.005164329893887043,0.3764303922653198,0.03691650182008743
43,8,0.8879746198654175,0.8765515089035034,0.011381843127310276,0.41262364387512207,0.1095987930893898
43,9,0.34494268894195557,0.3396415710449219,0.005279536359012127,0.21581986546516418,0.02528945356607437
43,10,0.7597063779830933,0.7485809326171875,0.011058641597628593,0.6680309176445007,0.10091348737478256
43,11,0.6732887625694275,0.6536621451377869,0.019340846687555313,2.8575193881988525,0.23670899868011475
43,12,0.3613717555999756,0.3577112555503845,0.003648011712357402,0.12495284527540207,0.020646966993808746
43,13,0.8631647825241089,0.8330438137054443,0.02971561625599861,4.0535197257995605,0.2917408347129822
43,14,0.9198035597801208,0.8808385133743286,0.03828869014978409,6.76322078704834,0.5351662039756775
43,15,0.19579221308231354,0.19386331737041473,0.0019040921470150352,0.248031884431839,0.011149122379720211
43,16,0.3688823878765106,0.3653733730316162,0.003499081591144204,0.09926501661539078,0.019430698826909065
43,17,0.844164252281189,0.8153613805770874,0.02844986878335476,3.52962589263916,0.34041768312454224
43,18,0.427699476480484,0.4200839400291443,0.0075811780989170074,0.34361782670021057,0.06157146766781807
43,19,0.9373666644096375,0.9061030149459839,0.03075127676129341,5.123706817626953,0.6118776798248291
43,20,0.971184253692627,0.939950704574585,0.030675357207655907,5.582003116607666,0.1125619113445282
43,21,0.028029421344399452,0.0278782919049263,0.00011885493586305529,0.32273685932159424,0.007176422514021397
43,22,0.4093117415904999,0.4049302041530609,0.004283477086573839,0.9805009365081787,0.04041367769241333
43,23,0.694187343120575,0.6859365105628967,0.00821656733751297,0.34285613894462585,0.06568770110607147
43,24,0.015163926407694817,0.015069752931594849,6.387125176843256e-05,0.3030243217945099,0.0028633251786231995
43,25,0.025283966213464737,0.02512175776064396,0.00012989030801691115,0.32319217920303345,0.006654629949480295
43,26,1.2636648416519165,1.2217051982879639,0.040765196084976196,11.944334983825684,0.14438605308532715
43,27,1.0254725217819214,0.9726095199584961,0.051684267818927765,11.787129402160645,0.1411418318748474
43,28,0.6305529475212097,0.6134627461433411,0.01688510552048683,2.0507142543792725,0.2774796485900879
43,29,0.6358358860015869,0.6274678707122803,0.008311066776514053,0.5691643357276917,0.10167194902896881
43,30,0.043167367577552795,0.04276096075773239,0.0003664452815428376,0.39961427450180054,0.018773317337036133
43,31,0.12915551662445068,0.1274419128894806,0.0017073156777769327,0.06291937828063965,0.05031449347734451
43,32,0.658352792263031,0.6166588664054871,0.04110182449221611,5.921319484710693,0.10941307246685028
43,33,0.02032605931162834,0.0201888307929039,0.0001003706784103997,0.3685856759548187,0.0030613848939538
43,34,0.42720621824264526,0.41640448570251465,0.010603222995996475,1.9849870204925537,0.05776641145348549
43,35,0.019911643117666245,0.019795013591647148,8.199844160117209e-05,0.34630346298217773,0.003157425671815872
43,36,0.016935722902417183,0.016836918890476227,6.724284321535379e-05,0.3155987858772278,0.002904364839196205
43,37,0.436125785112381,0.42794668674468994,0.007996476255357265,1.8262965679168701,0.03866810351610184
43,38,1.3229798078536987,1.244480848312378,0.0774611234664917,10.377817153930664,0.2330576777458191
43,39,0.44450050592422485,0.4374285340309143,0.007040409371256828,0.3154717683792114,0.04691240191459656
43,40,0.14189060032367706,0.1408926099538803,0.0009913549292832613,0.06628865003585815,0.07316787540912628
43,41,0.02415355108678341,0.024054978042840958,7.353757246164605e-05,0.2503523826599121,0.0028624897822737694
43,42,1.0849007368087769,1.0749307870864868,0.009809618815779686,1.6035391092300415,0.19769245386123657
43,43,0.3892969787120819,0.38710737228393555,0.002182136056944728,0.07492261379957199,0.02308700419962406
43,44,0.12604385614395142,0.12526336312294006,0.0007771862437948585,0.033124446868896484,0.04731938987970352
43,45,0.42276427149772644,0.4202348589897156,0.0025155527982860804,0.13862428069114685,0.042088016867637634
43,46,0.4051533639431,0.4021056890487671,0.0030388282611966133,0.08855336904525757,0.05088000372052193
43,47,0.38534247875213623,0.3814886212348938,0.0038467845879495144,0.0707230269908905,0.043711356818675995
43,48,0.19334791600704193,0.19152170419692993,0.0018188529647886753,0.07355974614620209,0.0247862096875906
43,49,0.9292823672294617,0.9229480028152466,0.006310995668172836,0.23353829979896545,0.279838502407074
43,50,0.45313188433647156,0.44969913363456726,0.003402549307793379,0.3017607629299164,0.08010171353816986
43,51,1.160172462463379,1.1484386920928955,0.011573278345167637,1.6046061515808105,0.21639782190322876
43,52,0.40171247720718384,0.39898255467414856,0.002720829099416733,0.09091313928365707,0.04600578546524048
43,53,0.4317745566368103,0.42885005474090576,0.002902219071984291,0.2228202223777771,0.04819783568382263
43,54,0.12669077515602112,0.12570685148239136,0.0009803333086892962,0.035865675657987595,0.053637344390153885
43,55,0.012575585395097733,0.012487871572375298,7.43830023566261e-05,0.13330546021461487,0.05752693861722946
43,56,0.39720970392227173,0.39510422945022583,0.0020982911810278893,0.07190099358558655,0.024648401886224747
43,57,0.4594991207122803,0.45526430010795593,0.004222312942147255,0.12517553567886353,0.06417685747146606
43,58,1.017409086227417,1.005973219871521,0.011280780658125877,1.550821304321289,0.3240151107311249
43,59,0.029068563133478165,0.028998808935284615,4.745220940094441e-05,0.22301411628723145,0.002976618707180023
43,60,0.13017278909683228,0.1293344348669052,0.0008341979118995368,0.04154137149453163,0.0356353223323822
43,61,0.4319593608379364,0.42853817343711853,0.0033647390082478523,0.5645604133605957,0.029797552153468132
43,62,0.2615230679512024,0.2594289779663086,0.002080386970192194,0.13698960840702057,0.045582327991724014
43,63,0.3209851086139679,0.3173791170120239,0.003588086925446987,0.17900678515434265,0.02926129847764969
43,64,0.4036487340927124,0.39991897344589233,0.003711860626935959,0.17921991646289825,0.03344070911407471
43,65,0.028146322816610336,0.02795179933309555,0.00016083804075606167,0.33685436844825745,0.007024497725069523
43,66,0.9857317805290222,0.9533128142356873,0.03197300434112549,4.459893226623535,0.7243533134460449
43,67,0.4310799241065979,0.42404356598854065,0.0069114649668335915,1.249018907546997,0.046085335314273834
43,68,0.45283085107803345,0.4416302740573883,0.01116223819553852,0.3831419348716736,0.07143695652484894
43,69,0.029470158740878105,0.02939363196492195,5.0697206461336464e-05,0.25829076766967773,0.003642421215772629
43,70,0.14479966461658478,0.1433926522731781,0.0013964819954708219,0.10535427182912827,0.04203499108552933
43,71,0.055696144700050354,0.05519511550664902,0.0004709314089268446,0.3009592890739441,0.01624339446425438
43,72,0.7798578143119812,0.7713723182678223,0.008433325216174126,0.5215177536010742,0.0232348944991827
43,73,1.0912708044052124,1.0588061809539795,0.03194744139909744,5.171696186065674,0.03483515605330467
43,74,0.5043800473213196,0.4965866804122925,0.007752899080514908,0.4045395851135254,0.024100294336676598
43,75,0.12941081821918488,0.12831786274909973,0.00108783517498523,0.05125834047794342,0.034993018954992294
43,76,0.04846097528934479,0.0479506254196167,0.00047601215192116797,0.3433597683906555,0.017602436244487762
43,77,0.04947120323777199,0.04897693544626236,0.0004590825119521469,0.3518722355365753,0.015841485932469368
43,78,0.8616719841957092,0.8438915014266968,0.01757783442735672,2.0268328189849854,0.314971387386322
43,79,0.7071756720542908,0.6939820051193237,0.013132257387042046,0.614029049873352,0.11986283957958221
43,80,0.14027439057826996,0.1383807361125946,0.001886114478111267,0.07533019781112671,0.07054853439331055
43,81,0.018201647326350212,0.01810760423541069,6.106227374402806e-05,0.3298036754131317,0.0027912105433642864
43,82,0.0269592497497797,0.026858827099204063,8.317557512782514e-05,0.17245565354824066,0.12325289845466614
43,83,0.44610902667045593,0.4370279610157013,0.00894419476389885,1.3688576221466064,0.06485854834318161
43,84,0.9630983471870422,0.9455376863479614,0.01746082678437233,0.9983634948730469,0.1369166076183319
43,85,0.8991274833679199,0.8864521980285645,0.012626761570572853,0.4854036569595337,0.11399693042039871
43,86,0.9624869227409363,0.9261988401412964,0.035594940185546875,6.93157958984375,0.09911900758743286
43,87,0.9067456126213074,0.884945273399353,0.02153380773961544,2.6655056476593018,0.1693994402885437
43,88,0.08340783417224884,0.08295145630836487,0.00042684172512963414,0.2953071594238281,0.017969969660043716
43,89,0.8840813636779785,0.861972451210022,0.021831659600138664,2.7727296352386475,0.3496529459953308
43,90,0.39083176851272583,0.38605445623397827,0.004756018985062838,0.21270939707756042,0.031875237822532654
43,91,0.6194033026695251,0.6017531156539917,0.017460640519857407,1.8953608274459839,0.2793087363243103
43,92,1.2325595617294312,1.2030997276306152,0.02912725880742073,3.32604718208313,0.16427157819271088
43,93,1.2398765087127686,1.2097612619400024,0.029391417279839516,7.238864421844482,0.18201322853565216
43,94,0.23527029156684875,0.23220422863960266,0.0030482024885714054,0.1785964071750641,0.05480661243200302
43,95,0.898845374584198,0.8704234957695007,0.02804243192076683,3.7946555614471436,0.6250176429748535
43,96,0.16279269754886627,0.1590113639831543,0.0037471456453204155,0.34185123443603516,0.1605926752090454
43,97,0.49068590998649597,0.4745219945907593,0.016104597598314285,0.5931864380836487,0.12747859954833984
43,98,0.3876853883266449,0.38387131690979004,0.003783081192523241,0.3099499046802521,0.03067597560584545
43,99,0.8781145215034485,0.8669140934944153,0.011123958975076675,0.7644641399383545,0.12682704627513885
43,100,0.43176090717315674,0.42772287130355835,0.003987161908298731,0.5087589621543884,0.02776007354259491
44,1,0.02260780707001686,0.022518251091241837,6.50796719128266e-05,0.2447628378868103,0.002275861334055662
44,2,0.8869175910949707,0.8804444074630737,0.006432920694351196,0.40291857719421387,0.07512171566486359
44,3,0.02053849771618843,0.020453404635190964,6.172082794364542e-05,0.23372995853424072,0.002126783598214388
44,4,0.7059100270271301,0.6940178871154785,0.011733700521290302,1.5841028690338135,0.153719961643219
44,5,0.96268230676651,0.9568439722061157,0.005799866281449795,0.3843594789505005,0.07626913487911224
44,6,0.020007355138659477,0.019942859187722206,4.201121919322759e-05,0.22483602166175842,0.002270997269079089
44,7,0.046725399792194366,0.046458758413791656,0.00024008828040678054,0.26555511355400085,0.015013620257377625
44,8,0.8336966633796692,0.8111916780471802,0.022161006927490234,3.4398131370544434,0.3848726451396942
44,9,0.7236973643302917,0.7150149941444397,0.008642947301268578,0.39400601387023926,0.08720935881137848
44,10,0.14810237288475037,0.14677613973617554,0.0013160777743905783,0.10159379243850708,0.10782623291015625
44,11,0.05385911464691162,0.05338488519191742,0.0004435746814124286,0.3065618872642517,0.021320194005966187
44,12,0.12936221063137054,0.1285693198442459,0.0007883479120209813,0.0454215332865715,0.055100519210100174
44,13,1.0510923862457275,1.0236096382141113,0.026858218014240265,6.245431900024414,0.19805118441581726
44,14,1.1823937892913818,1.1532974243164062,0.02865680679678917,4.3949971199035645,0.14812174439430237
44,15,0.37813541293144226,0.37391746044158936,0.004206900484859943,0.11063267290592194,0.029026959091424942
44,16,0.32960987091064453,0.3263077139854431,0.0032780333422124386,0.24098005890846252,0.050870493054389954
44,17,0.3831250071525574,0.3791157603263855,0.003948231227695942,0.6101152300834656,0.04058445245027542
44,18,0.39736825227737427,0.3936745226383209,0.0036646006628870964,0.29119470715522766,0.032540224492549896
44,19,0.0287826769053936,0.028638163581490517,0.0001207006280310452,0.2381163090467453,0.007806921377778053
44,20,1.0856839418411255,1.0163393020629883,0.06803828477859497,13.064732551574707,0.1722879409790039
44,21,0.3660680651664734,0.3598014712333679,0.006238189060240984,0.2840192914009094,0.03670208901166916
44,22,0.12897728383541107,0.1272585391998291,0.0017021603416651487,0.16587935388088226,0.09142010658979416
44,23,0.33926141262054443,0.3335469663143158,0.005687616765499115,0.2683032751083374,0.022844767197966576
44,24,0.4812881648540497,0.4668879508972168,0.014318223111331463,0.8199282884597778,0.0794038325548172
44,25,0.3365534842014313,0.333798348903656,0.002728578867390752,0.2656111717224121,0.029047226533293724
44,26,0.6601784229278564,0.6448286771774292,0.015159130096435547,1.9060002565383911,0.23193928599357605
44,27,0.028890544548630714,0.02883143350481987,4.856756277149543e-05,0.10542156547307968,0.042902976274490356
44,28,0.32634487748146057,0.3239869475364685,0.002341809216886759,0.16132138669490814,0.021740328520536423
44,29,0.4553038477897644,0.4479771554470062,0.007297849748283625,0.28838056325912476,0.04059705138206482
44,30,0.04604640230536461,0.04569485783576965,0.0003288530861027539,0.22690001130104065,0.013916771858930588
44,31,0.031706035137176514,0.03162369132041931,6.076963836676441e-05,0.2157193422317505,0.0034157149493694305
44,32,0.24322858452796936,0.24184507131576538,0.0013759247958660126,0.07588039338588715,0.028596485033631325
44,33,1.0036996603012085,0.9813855886459351,0.021769925951957703,5.4421186447143555,0.15038195252418518
44,34,1.2364211082458496,1.2096033096313477,0.026206033304333687,6.117913246154785,0.16134005784988403
44,35,0.3931744396686554,0.390545517206192,0.002617573132738471,0.11360712349414825,0.02887190692126751
44,36,0.1285984218120575,0.1276647001504898,0.0009296555654145777,0.04065016657114029,0.04864606261253357
44,37,0.8982822895050049,0.8820886611938477,0.016091791912913322,1.0185160636901855,0.232355535030365
44,38,1.2611027956008911,1.2202175855636597,0.04036837816238403,5.168018817901611,0.2430213987827301
44,39,0.13350306451320648,0.13113592565059662,0.0023492814507335424,0.1785404533147812,0.1452341377735138
44,40,0.45721113681793213,0.446335107088089,0.010720394551753998,1.5561445951461792,0.054564088582992554
44,41,1.175607681274414,1.1395132541656494,0.035667210817337036,4.271982669830322,0.18402099609375
44,42,0.023859404027462006,0.023738998919725418,8.96839628694579e-05,0.3072139620780945,0.003332783468067646
44,43,0.33188650012016296,0.3271492123603821,0.004707244224846363,0.3003636598587036,0.016251934692263603
44,44,0.4375639259815216,0.43146437406539917,0.00599822448566556,1.0133172273635864,0.03727997839450836
44,45,0.022353772073984146,0.022252488881349564,7.297439151443541e-05,0.28307658433914185,0.003250551875680685
44,46,0.3522825837135315,0.3461400270462036,0.006060048006474972,0.8251288533210754,0.03715227544307709
44,47,0.02976643294095993,0.029640931636095047,9.81163393589668e-05,0.2738451659679413,0.007294157519936562
44,48,0.8781046271324158,0.8672894239425659,0.010743252001702785,0.7196820378303528,0.10953459143638611
44,49,0.8846369981765747,0.8583734035491943,0.02590802311897278,3.555755853652954,0.34364205598831177
44,50,0.44151782989501953,0.43817442655563354,0.003326776437461376,0.1661931574344635,0.026148058474063873
44,51,1.222110629081726,1.1896244287490845,0.032075218856334686,4.110772609710693,0.10858051478862762
44,52,0.5627736449241638,0.553165853023529,0.009498843923211098,1.089716911315918,0.2004966288805008
44,53,0.019469019025564194,0.0193583145737648,8.202117896871641e-05,0.28682366013526917,0.003575454466044903
44,54,0.983801007270813,0.9530728459358215,0.030059512704610825,6.6867356300354,0.18481239676475525
44,55,0.9858646988868713,0.9400770664215088,0.045126236975193024,6.613977909088135,0.13149189949035645
44,56,0.3534291088581085,0.34879162907600403,0.004615824203938246,0.21651656925678253,0.018544379621744156
44,57,0.8604537844657898,0.8502926826477051,0.010124165564775467,0.36954742670059204,0.1070091724395752
44,58,0.9170015454292297,0.8958938121795654,0.02088129334151745,2.2643659114837646,0.11362212896347046
44,59,0.3337904214859009,0.32958322763442993,0.004173584282398224,0.33629947900772095,0.045422814786434174
44,60,0.043809644877910614,0.04342787712812424,0.0003503462939988822,0.3142441213130951,0.018667912110686302
44,61,0.6187694668769836,0.607734739780426,0.010919652879238129,1.1510611772537231,0.2480774223804474
44,62,0.9662811756134033,0.9552183151245117,0.01101095974445343,0.5191497802734375,0.09720276296138763
44,63,0.18784326314926147,0.18667134642601013,0.0011634544935077429,0.08467257767915726,0.00903925858438015
44,64,0.38462990522384644,0.3814161717891693,0.0031674057245254517,0.46321648359298706,0.04340486228466034
44,65,0.0282939113676548,0.02813277766108513,0.00013136854977346957,0.2976502478122711,0.007779757026582956
44,66,0.020883306860923767,0.02078789472579956,6.548639794345945e-05,0.29925447702407837,0.0039649223908782005
44,67,0.40568599104881287,0.40286287665367126,0.002805541967973113,0.175897017121315,0.028246045112609863
44,68,0.013848565518856049,0.01376466266810894,6.90819724695757e-05,0.14821217954158783,0.05465558171272278
44,69,0.44447287917137146,0.43755602836608887,0.006892216857522726,0.24643400311470032,0.04787871241569519
44,70,0.028657520189881325,0.028515659272670746,0.00011183386959601194,0.3002682626247406,0.010654469951987267
44,71,0.4297650456428528,0.42404934763908386,0.0055817486718297005,1.339606523513794,0.050582922995090485
44,72,0.9915776252746582,0.9597865343093872,0.031176770105957985,6.143578052520752,0.1058143824338913
44,73,0.44484883546829224,0.43749016523361206,0.007332165725529194,0.26497992873191833,0.05019209906458855
44,74,0.019024841487407684,0.018914194777607918,7.737062696833163e-05,0.33276721835136414,0.004148377571254969
44,75,0.22870516777038574,0.22650262713432312,0.0021874243393540382,0.15115554630756378,0.05017153173685074
44,76,0.011652728542685509,0.011576469987630844,5.933579450356774e-05,0.16923360526561737,0.054269641637802124
44,77,0.025453083217144012,0.025298340246081352,0.00012063842586940154,0.34104108810424805,0.00799101684242487
44,78,0.43001917004585266,0.42596596479415894,0.00402254331856966,0.306525856256485,0.034600451588630676
44,79,0.22628623247146606,0.22385302186012268,0.0024191448464989662,0.1406986117362976,0.04665094614028931
44,80,0.18657296895980835,0.1849430501461029,0.0016190067399293184,0.10903135687112808,0.010897515341639519
44,81,0.21891038119792938,0.21567445993423462,0.003213037271052599,0.2289290726184845,0.0314154326915741
44,82,0.4219278395175934,0.41544532775878906,0.006388051435351372,0.9447981119155884,0.034625306725502014
44,83,0.9025565385818481,0.8917695879936218,0.010696515440940857,0.9039794206619263,0.13855981826782227
44,84,0.8583495020866394,0.826478898525238,0.03139224648475647,4.783312797546387,0.33960503339767456
44,85,0.045377254486083984,0.044772595167160034,0.000565029913559556,0.39627963304519653,0.02319602482020855
44,86,1.122790813446045,1.0904316902160645,0.03197742998600006,3.816681385040283,0.15197105705738068
44,87,0.8613355159759521,0.8502585291862488,0.011002231389284134,0.7476258873939514,0.14376875758171082
44,88,0.23001700639724731,0.22733497619628906,0.002665105275809765,0.16931606829166412,0.055612608790397644
44,89,0.3886069357395172,0.3850531578063965,0.003541819751262665,0.11958713829517365,0.024595361202955246
44,90,0.18868964910507202,0.1868603378534317,0.001804582541808486,0.24738188087940216,0.01120574027299881
44,91,0.028706813231110573,0.028555341064929962,0.0001153607590822503,0.3611172139644623,0.009024197235703468
44,92,0.9017766714096069,0.8729037046432495,0.02844179794192314,4.312010765075684,0.5578763484954834
44,93,0.3327041566371918,0.32820624113082886,0.004457653500139713,0.4026879072189331,0.040914833545684814
44,94,0.04268627241253853,0.04223101586103439,0.0004179618554189801,0.37295714020729065,0.02276604250073433
44,95,0.8922786116600037,0.8813062906265259,0.01090993545949459,0.6241454482078552,0.12847858667373657
44,96,0.8208377361297607,0.7914618849754333,0.028967658057808876,4.081821441650391,0.3353138566017151
44,97,0.19329558312892914,0.19182510673999786,0.0014583338052034378,0.12141555547714233,0.010893408209085464
44,98,0.014740381389856339,0.014654061757028103,5.401177622843534e-05,0.3230787515640259,0.003065976779907942
44,99,0.016002997756004333,0.015907298773527145,6.364770524669439e-05,0.3205001950263977,0.003660432528704405
44,100,0.3400272727012634,0.3357558846473694,0.00423883181065321,0.3255220651626587,0.038777906447649
45,1,0.9670063853263855,0.9363507032394409,0.03013254702091217,5.231718063354492,0.10709892958402634
45,2,0.026476353406906128,0.026339299976825714,0.00010444407962495461,0.3260856866836548,0.007495770696550608
45,3,0.08301567286252975,0.08233660459518433,0.0006740799872204661,0.04988788440823555,0.012101983651518822
45,4,0.041188646107912064,0.04064354673027992,0.0005094067309983075,0.3569282591342926,0.021327752619981766
45,5,0.4329920709133148,0.4260154664516449,0.0068757133558392525,1.0088469982147217,0.037158191204071045
45,6,0.8596386313438416,0.8352394104003906,0.023994648829102516,4.046011924743652,0.570813000202179
45,7,0.34793776273727417,0.3445267081260681,0.003393611405044794,0.1744728535413742,0.018589358776807785
45,8,0.022494109347462654,0.02235141396522522,0.00010736015974543989,0.35335129499435425,0.0036089965142309666
45,9,0.3839600682258606,0.3797518312931061,0.004169532097876072,0.3872281312942505,0.03520769625902176
45,10,0.19403579831123352,0.19219639897346497,0.0018242776859551668,0.15123696625232697,0.012361077591776848
45,11,0.2332795411348343,0.2304101288318634,0.002848332282155752,0.21082338690757751,0.05836959555745125
45,12,1.1294978857040405,1.1042547225952148,0.0249292254447937,3.1392838954925537,0.15581399202346802
45,13,0.6336151957511902,0.6192262768745422,0.014228291809558868,1.606485366821289,0.3030990660190582
45,14,0.13986732065677643,0.1373780369758606,0.0024647992104291916,0.24478679895401,0.1267719715833664
45,15,0.7226718068122864,0.7145478129386902,0.008077599108219147,0.46386995911598206,0.09365202486515045
45,16,0.4596182107925415,0.4498283267021179,0.00974896177649498,0.40904688835144043,0.06206990033388138
45,17,0.819846510887146,0.8114541172981262,0.008342154324054718,0.5024013519287109,0.10141704231500626
45,18,0.13094136118888855,0.1298254430294037,0.001108798198401928,0.07119058072566986,0.04274836555123329
45,19,0.32384833693504333,0.32157933712005615,0.0022527207620441914,0.1627613604068756,0.01958099752664566
45,20,0.4089583456516266,0.4024966359138489,0.006370794028043747,0.9091356992721558,0.026425160467624664
45,21,0.02707522176206112,0.02692737989127636,0.00011703027848852798,0.30811506509780884,0.0067960587330162525
45,22,0.015369042754173279,0.015281273983418941,5.8686709962785244e-05,0.2908223569393158,0.0027460060082376003
45,23,1.1366455554962158,1.101961612701416,0.03392254561185837,7.613831520080566,0.1428316831588745
45,24,0.669815719127655,0.6517133712768555,0.017867181450128555,2.351133346557617,0.2366078794002533
45,25,0.3361021876335144,0.3322652578353882,0.0038032394368201494,0.33686792850494385,0.036496277898550034
45,26,0.12272851169109344,0.1208408996462822,0.0018774993950501084,0.10110273957252502,0.08818958699703217
45,27,0.42282015085220337,0.41611430048942566,0.006588364485651255,1.1749459505081177,0.03661218285560608
45,28,0.40817904472351074,0.40201807022094727,0.006061151623725891,0.9984371066093445,0.0571712963283062
45,29,1.137209177017212,1.0998902320861816,0.036851316690444946,4.67695951461792,0.1883246898651123
45,30,0.04952886700630188,0.04888007044792175,0.000609272625297308,0.3952350318431854,0.023311521857976913
45,31,0.9206908345222473,0.9085614085197449,0.012070047669112682,0.5933740139007568,0.1093805581331253
45,32,0.04507185518741608,0.044642455875873566,0.00039099110290408134,0.3840958774089813,0.021053414791822433
45,33,0.1201307475566864,0.11888749897480011,0.001238451455719769,0.048014525324106216,0.04234762489795685
45,34,0.4242952764034271,0.41964438557624817,0.004619758576154709,0.31132805347442627,0.033593691885471344
45,35,1.1941167116165161,1.1637592315673828,0.029957182705402374,4.0034074783325195,0.14104615151882172
45,36,0.8588070273399353,0.8493245840072632,0.00942806527018547,0.5433428287506104,0.11268645524978638
45,37,1.1736854314804077,1.1326677799224854,0.04036460444331169,6.5301618576049805,0.15589141845703125
45,38,0.9836011528968811,0.9406253695487976,0.04233567416667938,6.400956153869629,0.10885132849216461
45,39,0.017473220825195312,0.017378803342580795,6.494815170299262e-05,0.2946813404560089,0.003166228998452425
45,40,0.1989399492740631,0.19731555879116058,0.001607788959518075,0.16595055162906647,0.009384609758853912
45,41,0.8389516472816467,0.811661958694458,0.026951972395181656,3.377307891845703,0.3472622036933899
45,42,0.6211307644844055,0.6059380173683167,0.014996560290455818,1.961500644683838,0.23037800192832947
45,43,0.3805440664291382,0.37705686688423157,0.0034746467135846615,0.12532997131347656,0.020540785044431686
45,44,0.026927368715405464,0.026766739785671234,0.00012916489504277706,0.3146311044692993,0.006904806941747665
45,45,0.04181309789419174,0.04146282374858856,0.0003165843663737178,0.3369118869304657,0.01880369521677494
45,46,0.9060203433036804,0.8732985258102417,0.03229615092277527,4.256279468536377,0.3663640320301056
45,47,0.4233413338661194,0.4170372188091278,0.006210817024111748,0.9330401420593262,0.030800625681877136
45,48,0.13187621533870697,0.12998166680335999,0.001882895128801465,0.11650649458169937,0.09988681972026825
45,49,0.02166852168738842,0.021550729870796204,8.566988981328905e-05,0.32121509313583374,0.003659626003354788
45,50,0.9333611130714417,0.9226003289222717,0.01072230190038681,0.3848824203014374,0.10339052975177765
45,51,1.0284614562988281,1.0018270015716553,0.026135742664337158,4.988302230834961,0.18241652846336365
45,52,0.978894829750061,0.9473181962966919,0.030994441360235214,5.8221845626831055,0.11719144880771637
45,53,0.12617458403110504,0.12503187358379364,0.0011383064556866884,0.0441400483250618,0.046089451760053635
45,54,0.4446982741355896,0.4367848038673401,0.007886232808232307,0.27247095108032227,0.05538787692785263
45,55,0.8791415095329285,0.8712158799171448,0.0078952731564641,0.3031218945980072,0.08112677186727524
45,56,0.9023492336273193,0.8788788318634033,0.023191966116428375,2.7843801975250244,0.6099928617477417
45,57,0.024146869778633118,0.023958878591656685,0.0001546964340377599,0.3329399824142456,0.007731644436717033
45,58,0.040459200739860535,0.04007336497306824,0.00035028898855671287,0.35546189546585083,0.020871087908744812
45,59,0.45291951298713684,0.4456515908241272,0.007229739334434271,0.3817787170410156,0.046620629727840424
45,60,0.36553674936294556,0.3620226979255676,0.0035026371479034424,0.11414624750614166,0.016786135733127594
45,61,0.04216768592596054,0.04159064590930939,0.0005410815356299281,0.3596019148826599,0.020996201783418655
45,62,0.36809390783309937,0.3651137053966522,0.0029703169129788876,0.09900061786174774,0.01690707542002201
45,63,0.01819113828241825,0.018060356378555298,9.790967305889353e-05,0.32871824502944946,0.0035553358029574156
45,64,0.12788566946983337,0.1263507753610611,0.0015238217310979962,0.11078529059886932,0.08650606125593185
45,65,0.014903438277542591,0.01479750219732523,7.434156577801332e-05,0.31593847274780273,0.0030895033851265907
45,66,0.42629438638687134,0.41963303089141846,0.006490826141089201,1.7054064273834229,0.04751647263765335
45,67,0.015685491263866425,0.015568449161946774,8.46344482852146e-05,0.32408010959625244,0.003159679239615798
45,68,0.12455950677394867,0.12348363548517227,0.0010715732350945473,0.04296660050749779,0.039912547916173935
45,69,0.019540488719940186,0.019407503306865692,9.819395199883729e-05,0.3479154706001282,0.0034149796701967716
45,70,0.19135363399982452,0.18951809406280518,0.00181963958311826,0.15898175537586212,0.010898713022470474
45,71,1.0991723537445068,1.0648945569992065,0.03346598148345947,8.118102073669434,0.159770667552948
45,72,0.668199896812439,0.6481642723083496,0.019698461517691612,3.3719801902770996,0.24711909890174866
45,73,0.041416946798563004,0.04090617969632149,0.0004733450768981129,0.3742223083972931,0.019771406427025795
45,74,0.4314849376678467,0.42449885606765747,0.006959748454391956,0.2634865641593933,0.05244670435786247
45,75,0.38229236006736755,0.37878382205963135,0.0034973847214132547,0.11151574552059174,0.020962797105312347
45,76,0.12231561541557312,0.12132392078638077,0.0009869664208963513,0.047280970960855484,0.04217706620693207
45,77,0.6778390407562256,0.6607691049575806,0.016835231333971024,2.3473074436187744,0.25942331552505493
45,78,0.1250438392162323,0.12380564212799072,0.0012325778370723128,0.05613071471452713,0.04089290648698807
45,79,0.8347480297088623,0.8041563034057617,0.03019045665860176,4.012559413909912,0.36127954721450806
45,80,0.012141232378780842,0.012053001672029495,6.892485544085503e-05,0.19305400550365448,0.059487637132406235
45,81,0.38671010732650757,0.38299477100372314,0.003703853115439415,0.11471164971590042,0.021197982132434845
45,82,0.3369656205177307,0.33213526010513306,0.004788416437804699,0.41936153173446655,0.040551140904426575
45,83,0.7122954726219177,0.7026684284210205,0.00957822147756815,0.48793286085128784,0.08211608231067657
45,84,0.9632927775382996,0.9104522466659546,0.05197475850582123,8.657598495483398,0.10661779344081879
45,85,1.1004265546798706,1.0398130416870117,0.059495363384485245,11.18189811706543,0.15138426423072815
45,86,0.7732669115066528,0.7631015777587891,0.010102393105626106,0.6294682025909424,0.09662862122058868
45,87,0.9104775786399841,0.8976779580116272,0.012736771255731583,0.6279544830322266,0.08462534099817276
45,88,1.1785657405853271,1.1500462293624878,0.02815231680870056,3.671119451522827,0.1510787010192871
45,89,0.03191882371902466,0.03154188394546509,0.000344016938470304,0.3292567729949951,0.011905809864401817
45,90,0.01705886423587799,0.016968393698334694,5.9189609601162374e-05,0.312809020280838,0.0030895236413925886
45,91,0.3263401389122009,0.32262110710144043,0.0036919317208230495,0.27095162868499756,0.016240261495113373
45,92,0.459115594625473,0.4500040113925934,0.00907839648425579,0.3319879472255707,0.07098760455846786
45,93,0.908341646194458,0.8741621971130371,0.03364776819944382,5.316592693328857,0.41653794050216675
45,94,0.47493016719818115,0.46619993448257446,0.008691906929016113,0.3831879198551178,0.07170825451612473
45,95,0.6130489706993103,0.6003856658935547,0.012520424090325832,1.4284812211990356,0.223515123128891
45,96,1.0048037767410278,0.9581364989280701,0.045570194721221924,10.97075080871582,0.11083370447158813
45,97,0.7158874273300171,0.7065863609313965,0.009249319322407246,0.5172507166862488,0.07616420090198517
45,98,0.8591660857200623,0.8496331572532654,0.00950666144490242,0.2628188133239746,0.06819327175617218
45,99,0.20143723487854004,0.19980502128601074,0.0016167090507224202,0.15502521395683289,0.010577975772321224
45,100,0.8693776726722717,0.8379040956497192,0.031077299267053604,3.962313652038574,0.3381118178367615
46,1,0.40467387437820435,0.40025657415390015,0.004381433129310608,0.3588881194591522,0.023964518681168556
46,2,0.12900671362876892,0.12795481085777283,0.0010468746768310666,0.0501631498336792,0.040945958346128464
46,3,0.8976130485534668,0.8880447149276733,0.009502887725830078,0.6542131304740906,0.10499070584774017
46,4,0.8475138545036316,0.8397881388664246,0.007691223174333572,0.3448463976383209,0.10171297937631607
46,5,0.12530015408992767,0.1234065592288971,0.001883045886643231,0.10553252696990967,0.09576773643493652
46,6,0.7149266004562378,0.7055624723434448,0.009311620146036148,0.5251678228378296,0.0840442031621933
46,7,0.19476458430290222,0.19317707419395447,0.0015721293166279793,0.15371179580688477,0.010365458205342293
46,8,0.01998962089419365,0.019884444773197174,7.504972018068656e-05,0.30125972628593445,0.0031073768623173237
46,9,0.9644460082054138,0.9298427104949951,0.03397437185049057,6.289422988891602,0.12231555581092834
46,10,0.2448345124721527,0.24229173362255096,0.002528242999687791,0.14522655308246613,0.049763794988393784
46,11,0.3254895508289337,0.321361780166626,0.004088405519723892,0.3937719166278839,0.036630116403102875
46,12,0.020112397149205208,0.01998502016067505,9.69642132986337e-05,0.30414170026779175,0.00285110785625875
46,13,0.025791537016630173,0.025622088462114334,0.0001391180558130145,0.30331090092658997,0.006543352268636227
46,14,0.9713267683982849,0.9402122497558594,0.030547169968485832,5.6737589836120605,0.118867427110672
46,15,0.4085453450679779,0.40296298265457153,0.005455602426081896,1.2673734426498413,0.04371761530637741
46,16,0.40698492527008057,0.40279465913772583,0.004101821221411228,0.8845108151435852,0.04302702844142914
46,17,1.0701627731323242,1.045918583869934,0.02394469454884529,2.9942831993103027,0.15074458718299866
46,18,0.9230061173439026,0.8872143626213074,0.03530030697584152,4.91446590423584,0.414895236492157
46,19,0.011504510417580605,0.011426853947341442,6.0933027270948514e-05,0.16723383963108063,0.06088005751371384
46,20,0.11807078123092651,0.11707668751478195,0.000989935826510191,0.04154249280691147,0.03468446433544159
46,21,1.0985382795333862,1.0599539279937744,0.03784565255045891,7.387542247772217,0.22123757004737854
46,22,0.04396725445985794,0.04357241094112396,0.0003643218951765448,0.3052182197570801,0.01706656999886036
46,23,0.6756594181060791,0.6574440598487854,0.017956746742129326,2.586245536804199,0.2592499256134033
46,24,0.020338580012321472,0.02023870125412941,7.293793896678835e-05,0.2694177031517029,0.003091561608016491
46,25,0.017357591539621353,0.017277682200074196,5.443402551463805e-05,0.2547573745250702,0.002891919109970331
46,26,0.1296064704656601,0.12855839729309082,0.0010437739547342062,0.043116115033626556,0.04034513607621193
46,27,0.19978013634681702,0.1982865333557129,0.0014782308135181665,0.1537984311580658,0.007884137332439423
46,28,0.022370126098394394,0.022265834733843803,8.766289101913571e-05,0.1662721186876297,0.07195769250392914
46,29,0.6181215047836304,0.6068029403686523,0.011163116432726383,1.554276943206787,0.27090752124786377
46,30,0.3260725438594818,0.3222421407699585,0.003795119235292077,0.3528406322002411,0.036370255053043365
46,31,1.1768605709075928,1.1474261283874512,0.029081333428621292,3.5309865474700928,0.15921401977539062
46,32,0.21779923141002655,0.21599933505058289,0.001788442488759756,0.11452025920152664,0.03093179315328598
46,33,0.4000028073787689,0.3944542407989502,0.005453161895275116,0.9540855288505554,0.04514431953430176
46,34,0.02537885308265686,0.025219077244400978,0.00012828480976168066,0.31491386890411377,0.007587268482893705
46,35,0.014672541059553623,0.014587385579943657,5.575013346970081e-05,0.2940540909767151,0.00401290412992239
46,36,0.018622780218720436,0.018499329686164856,9.153766586678103e-05,0.3191225826740265,0.0032654698006808758
46,37,0.01328800804913044,0.013200631365180016,6.841797585366294e-05,0.18959030508995056,0.06886985152959824
46,38,0.018821747973561287,0.018702324479818344,8.682839688844979e-05,0.3259506821632385,0.003516407683491707
46,39,0.6983391642570496,0.6869302988052368,0.01135554164648056,0.5335661172866821,0.09699758887290955
46,40,1.0152132511138916,0.9682091474533081,0.04586212337017059,11.420480728149414,0.13252413272857666
46,41,0.651427149772644,0.6419028639793396,0.009479762986302376,0.44504454731941223,0.07763978093862534
46,42,0.44380587339401245,0.43678396940231323,0.006986650638282299,0.3524189889431,0.052462510764598846
46,43,0.8520996570587158,0.8172246217727661,0.034324921667575836,5.500988483428955,0.36385947465896606
46,44,0.7417723536491394,0.7333502769470215,0.008377164602279663,0.4490441381931305,0.0801474079489708
46,45,0.38402697443962097,0.381399929523468,0.0026196965482085943,0.0736941546201706,0.02667711116373539
46,46,0.8593403100967407,0.8343799710273743,0.0245654359459877,3.948925495147705,0.2717167139053345
46,47,0.9384546279907227,0.9189310669898987,0.019232511520385742,2.9104135036468506,0.1236506998538971
46,48,0.8359249234199524,0.8161115050315857,0.019577857106924057,2.3554413318634033,0.5494565963745117
46,49,0.3735794425010681,0.3695918619632721,0.003974218852818012,0.13343244791030884,0.018890008330345154
46,50,0.005014148075133562,0.004985933192074299,9.084989869734272e-06,0.19129760563373566,0.06736964732408524
46,51,0.042168471962213516,0.04174552857875824,0.00038403039798140526,0.3891565501689911,0.022585121914744377
46,52,1.2123092412948608,1.1709699630737305,0.040724724531173706,6.145690441131592,0.16676311194896698
46,53,0.014817389659583569,0.014705706387758255,7.812700641807169e-05,0.33556902408599854,0.003293812507763505
46,54,0.2295333445072174,0.22649484872817993,0.003018256276845932,0.20240142941474915,0.056768499314785004
46,55,0.12081637233495712,0.11983045935630798,0.0009806581074371934,0.05255202576518059,0.04941710829734802
46,56,0.4147750735282898,0.4074627757072449,0.007206842303276062,1.0543338060379028,0.06275448203086853
46,57,0.8879740834236145,0.8766120076179504,0.011317899450659752,0.4414535462856293,0.09462626278400421
46,58,0.7221450805664062,0.713886022567749,0.008215269073843956,0.438223659992218,0.0980474203824997
46,59,0.3582935035228729,0.3548300564289093,0.003453797660768032,0.09663661569356918,0.021428385749459267
46,60,0.0307671669870615,0.03053317964076996,0.0001996640203287825,0.3432331383228302,0.00967820081859827
46,61,0.3882497549057007,0.384782075881958,0.0034463070333003998,0.21357934176921844,0.028752395883202553
46,62,0.3378867506980896,0.33458271622657776,0.003291571978479624,0.12471221387386322,0.014258567243814468
46,63,0.8644161224365234,0.8299362659454346,0.03386625647544861,6.135948657989502,0.3908517360687256
46,64,0.22444134950637817,0.222460076212883,0.0019682524725794792,0.13016948103904724,0.04033869504928589
46,65,0.8517112731933594,0.8264656662940979,0.024860937148332596,3.84696888923645,0.5469043254852295
46,66,0.2501797676086426,0.24749335646629333,0.0026671909727156162,0.19207705557346344,0.0426691398024559
46,67,0.04362902417778969,0.04293501749634743,0.000660133664496243,0.3387303948402405,0.02216400019824505
46,68,0.19608505070209503,0.19421982765197754,0.001840482815168798,0.24739649891853333,0.00864220131188631
46,69,1.1022183895111084,1.0740382671356201,0.027780728414654732,3.9935662746429443,0.12702420353889465
46,70,0.36459052562713623,0.36176085472106934,0.0028214575722813606,0.08233960717916489,0.017282705754041672
46,71,0.11848384886980057,0.11688672006130219,0.001586857601068914,0.10275573283433914,0.09250575304031372
46,72,0.40545108914375305,0.4008106589317322,0.004595620557665825,0.4482538402080536,0.027181550860404968
46,73,0.40031707286834717,0.39314907789230347,0.007064216770231724,1.0377604961395264,0.04754865914583206
46,74,0.729658305644989,0.7186357975006104,0.010967480018734932,0.5500014424324036,0.09244965016841888
46,75,0.026873430237174034,0.026663225144147873,0.000178518210304901,0.3168671131134033,0.008477112278342247
46,76,0.043619439005851746,0.042956721037626266,0.0006266535492613912,0.3606302738189697,0.024178508669137955
46,77,0.22779788076877594,0.22514256834983826,0.002637167228385806,0.1814366728067398,0.04908633977174759
46,78,0.7789127826690674,0.768462061882019,0.01039515808224678,0.5554214119911194,0.10857591032981873
46,79,0.3345703184604645,0.3292222321033478,0.005295557901263237,0.5255600810050964,0.03975728899240494
46,80,0.4634779393672943,0.45502203702926636,0.008426938205957413,0.289584219455719,0.06289996951818466
46,81,0.7696871757507324,0.7460847496986389,0.02329384535551071,3.085543155670166,0.3938836455345154
46,82,0.6374061107635498,0.6318843364715576,0.005505139008164406,0.1660914123058319,0.09730461239814758
46,83,0.13606449961662292,0.1347597986459732,0.0012994434218853712,0.052571333944797516,0.04133789613842964
46,84,0.022755548357963562,0.022613422945141792,0.00011110620107501745,0.3101823329925537,0.003023697528988123
46,85,0.026545928791165352,0.026327427476644516,0.00018703954992815852,0.3146219551563263,0.006910685915499926
46,86,0.887521505355835,0.8698895573616028,0.017394328489899635,2.376493215560913,0.4485187530517578
46,87,0.4091739356517792,0.40321433544158936,0.005876454059034586,0.8316158652305603,0.027821432799100876
46,88,0.04362597316503525,0.04321978986263275,0.00037151662399992347,0.3466782867908478,0.018126025795936584
46,89,0.1624784618616104,0.1613256335258484,0.0011502213310450315,0.026066521182656288,0.026689698919653893
46,90,0.23080003261566162,0.2280493974685669,0.0027341085951775312,0.1652875542640686,0.0538659393787384
46,91,0.12865479290485382,0.1272919476032257,0.0013578988146036863,0.049477558583021164,0.05133955180644989
46,92,0.13413946330547333,0.13194651901721954,0.0021812119521200657,0.11721426993608475,0.11997818946838379
46,93,0.029990199953317642,0.029808755964040756,0.0001454623998142779,0.3598092198371887,0.008012408390641212
46,94,0.7008301019668579,0.6926425099372864,0.008145439438521862,0.42138782143592834,0.1042858213186264
46,95,0.020460255444049835,0.020303836092352867,0.00012189498374937102,0.3452340364456177,0.003756939433515072
46,96,0.02669438160955906,0.026487406343221664,0.00017250671226065606,0.34467506408691406,0.008222803473472595
46,97,0.12598620355129242,0.12471326440572739,0.0012679779902100563,0.049623653292655945,0.04373418539762497
46,98,0.12388280779123306,0.12277491390705109,0.0011029604356735945,0.049347374588251114,0.03945046290755272
46,99,0.39020586013793945,0.38653072714805603,0.0036628360394388437,0.12311992049217224,0.022050950676202774
46,100,0.4150816798210144,0.4066987633705139,0.008253607898950577,1.293248176574707,0.038602009415626526
47,1,0.8678287863731384,0.846964418888092,0.020615868270397186,2.485077381134033,0.488481730222702
47,2,0.3101347088813782,0.30515527725219727,0.004943341016769409,0.3610515892505646,0.033548254519701004
47,3,0.37901684641838074,0.3752366900444031,0.0037638440262526274,0.16311964392662048,0.01605754904448986
47,4,0.3968188166618347,0.39350825548171997,0.003293827408924699,0.1672896146774292,0.02220654860138893
47,5,0.39567646384239197,0.3923012912273407,0.0033609464298933744,0.1420455425977707,0.017525361850857735
47,6,0.039182163774967194,0.03902849182486534,0.00012126409274060279,0.32406386733055115,0.008151624351739883
47,7,0.9369105696678162,0.9264683723449707,0.010337583720684052,1.0461947917938232,0.08573664724826813
47,8,0.023894650861620903,0.023768655955791473,9.247347770724446e-05,0.33522430062294006,0.004628924652934074
47,9,0.35441654920578003,0.3515910804271698,0.0028125375974923372,0.12943296134471893,0.011985084973275661
47,10,0.3018747568130493,0.29805946350097656,0.0037898768205195665,0.2541225254535675,0.06044404208660126
47,11,0.577342689037323,0.56905198097229,0.008196241222321987,0.9448273181915283,0.2185097336769104
47,12,1.0052460432052612,0.9779053330421448,0.02693522348999977,4.054142951965332,0.5305140018463135
47,13,0.031834252178668976,0.031601957976818085,0.00019359763246029615,0.3869801163673401,0.0090924808755517
47,14,0.033214081078767776,0.03301665559411049,0.00015867399633862078,0.38750988245010376,0.008865319192409515
47,15,1.0155696868896484,0.9927211999893188,0.022448062896728516,4.003838062286377,0.1902044415473938
47,16,0.36937588453292847,0.3645469546318054,0.004817273933440447,0.11644215136766434,0.03106832504272461
47,17,1.168397068977356,1.1301782131195068,0.037717822939157486,5.00982141494751,0.16171780228614807
47,18,1.037136197090149,0.9989486932754517,0.037253864109516144,9.33692741394043,0.17866817116737366
47,19,0.015595215372741222,0.015476591885089874,8.55295147630386e-05,0.330934077501297,0.0038539275992661715
47,20,0.9534153938293457,0.940010666847229,0.013337232172489166,0.6749216318130493,0.11644840240478516
47,21,1.1768845319747925,1.1408131122589111,0.03525688499212265,8.145524978637695,0.18770363926887512
47,22,0.4312383234500885,0.42491137981414795,0.006298243533819914,0.2868969738483429,0.05891009047627449
47,23,0.20208753645420074,0.20044353604316711,0.0016327660996466875,0.11242160201072693,0.014115983620285988
47,24,0.41642171144485474,0.4128347337245941,0.0035692527890205383,0.1774163693189621,0.03343122452497482
47,25,0.4264724850654602,0.41966283321380615,0.006781821139156818,0.27828630805015564,0.0434269905090332
47,26,0.3650256097316742,0.36204004287719727,0.002974933013319969,0.1062854677438736,0.01618095114827156
47,27,0.04911400377750397,0.04862028360366821,0.0004620821855496615,0.31640005111694336,0.02109258994460106
47,28,0.8499389886856079,0.822161078453064,0.02737853303551674,3.9937076568603516,0.48796993494033813
47,29,1.013289213180542,0.9728174209594727,0.03968900814652443,7.827202320098877,0.5291433334350586
47,30,0.24783222377300262,0.24620424211025238,0.0016177069628611207,0.10281023383140564,0.03329354524612427
47,31,0.04201097786426544,0.04167443513870239,0.0003085678908973932,0.27975034713745117,0.016438500955700874
47,32,0.7102265357971191,0.70123291015625,0.008954465389251709,0.39139607548713684,0.08003006130456924
47,33,0.2291659414768219,0.22724366188049316,0.001909918151795864,0.12367577850818634,0.043969206511974335
47,34,0.35832464694976807,0.35339996218681335,0.004903111606836319,0.21588723361492157,0.01808626390993595
47,35,0.02152295410633087,0.021396495401859283,9.992585546569899e-05,0.2653341591358185,0.0031053228303790092
47,36,0.9975417256355286,0.9586340188980103,0.03829152137041092,6.161721229553223,0.8001922369003296
47,37,0.6368959546089172,0.6314052939414978,0.0054557183757424355,0.3494361340999603,0.10668352246284485
47,38,0.2287595272064209,0.2267322838306427,0.002018190221861005,0.09056541323661804,0.05376502871513367
47,39,0.370121031999588,0.36741968989372253,0.002694727387279272,0.06611790508031845,0.03770781308412552
47,40,0.014371940866112709,0.014288675040006638,6.866067997179925e-05,0.14604690670967102,0.07835939526557922
47,41,0.3555285334587097,0.3488013446331024,0.0066559575498104095,0.7123396992683411,0.046882957220077515
47,42,0.2315702736377716,0.22940069437026978,0.002156787319108844,0.12778080999851227,0.04828520864248276
47,43,0.13630224764347076,0.13490605354309082,0.0013867412926629186,0.09453500062227249,0.09301640093326569
47,44,0.04386316239833832,0.04341919720172882,0.00041632482316344976,0.2764261066913605,0.020054548978805542
47,45,0.6325088143348694,0.6229045391082764,0.00948901753872633,1.1529780626296997,0.26499229669570923
47,46,0.8446351885795593,0.8335307836532593,0.011028229258954525,0.7619272470474243,0.10674137622117996
47,47,0.011463926173746586,0.011421006172895432,2.9634595193783753e-05,0.1328495740890503,0.0698506236076355
47,48,0.3297947645187378,0.3263147473335266,0.0034506164956837893,0.2942907214164734,0.041168104857206345
47,49,0.824921190738678,0.8020300269126892,0.022592894732952118,2.982806444168091,0.3245745897293091
47,50,0.32828468084335327,0.32420381903648376,0.004058433696627617,0.22455640137195587,0.01989692822098732
47,51,0.41570380330085754,0.4113443195819855,0.004333220422267914,0.26253387331962585,0.03425195813179016
47,52,0.12743079662322998,0.12620872259140015,0.001217323006130755,0.04752756655216217,0.045877933502197266
47,53,0.3661494553089142,0.36273443698883057,0.0034019951708614826,0.13030822575092316,0.020073559135198593
47,54,0.12939247488975525,0.12747398018836975,0.001899253111332655,0.1923905313014984,0.08936382085084915
47,55,0.9102369546890259,0.880569577217102,0.029256917536258698,4.104085922241211,0.3194058835506439
47,56,0.12415733188390732,0.1230827271938324,0.0010698135010898113,0.04788486659526825,0.04210876673460007
47,57,0.43117013573646545,0.42675310373306274,0.004395225550979376,0.2182319313287735,0.03473697230219841
47,58,0.12565596401691437,0.12447348982095718,0.0011777353938668966,0.047370053827762604,0.04512758553028107
47,59,0.4573524594306946,0.4486303925514221,0.008683038875460625,0.39028260111808777,0.06641500443220139
47,60,1.1717584133148193,1.1340949535369873,0.03707043081521988,5.930312156677246,0.17903751134872437
47,61,0.014471873641014099,0.014402360655367374,4.480479401536286e-05,0.2470817118883133,0.002260417677462101
47,62,0.45436525344848633,0.4436967372894287,0.010631529614329338,0.3698037266731262,0.06233464181423187
47,63,0.9769662022590637,0.9342929124832153,0.04198150709271431,6.917860984802246,0.12242468446493149
47,64,0.6190047264099121,0.6044186353683472,0.014381316490471363,2.048150062561035,0.2597297430038452
47,65,1.2160859107971191,1.1779236793518066,0.03720647096633911,9.558372497558594,0.17478209733963013
47,66,1.0249755382537842,0.9957844614982605,0.028607957065105438,5.832306861877441,0.16079181432724
47,67,1.147362470626831,1.1088879108428955,0.03792019188404083,5.543707847595215,0.1537846326828003
47,68,0.0415324904024601,0.041125934571027756,0.000376225943909958,0.3033246397972107,0.018132450059056282
47,69,0.6109501719474792,0.5975081324577332,0.013275686651468277,1.6636115312576294,0.2618948817253113
47,70,1.1357301473617554,1.1008672714233398,0.034362100064754486,5.0079779624938965,0.16887834668159485
47,71,0.1209980845451355,0.1199808120727539,0.0010133992182090878,0.03873850777745247,0.039937883615493774
47,72,0.12361849844455719,0.122653529047966,0.0009608367690816522,0.04132953658699989,0.038722798228263855
47,73,0.3595362603664398,0.3553665280342102,0.004148059990257025,0.21678230166435242,0.015907328575849533
47,74,0.3671012222766876,0.36435309052467346,0.0027399698738008738,0.08170618116855621,0.016958415508270264
47,75,0.2615208029747009,0.25931280851364136,0.0021920513827353716,0.159579798579216,0.04673890024423599
47,76,0.8531488180160522,0.8452275395393372,0.007862935774028301,0.5836952328681946,0.1067085936665535
47,77,1.0076099634170532,0.9849880933761597,0.02219153568148613,4.30386209487915,0.14505928754806519
47,78,1.1285145282745361,1.1027448177337646,0.025424368679523468,3.453076124191284,0.14361318945884705
47,79,0.373332142829895,0.36979860067367554,0.0035227914340794086,0.10762278735637665,0.01976485550403595
47,80,0.928153932094574,0.9160392880439758,0.012064695358276367,0.49953803420066833,0.10712704807519913
47,81,0.9052159786224365,0.8632386326789856,0.04130949825048447,6.678859710693359,0.38114237785339355
47,82,0.4107381999492645,0.4045049846172333,0.006111391354352236,1.218443751335144,0.04573535546660423
47,83,0.012286681681871414,0.012203926220536232,6.689344445476308e-05,0.15862636268138885,0.05931995436549187
47,84,0.8470432758331299,0.8233227133750916,0.023399893194437027,3.206911087036133,0.5933144688606262
47,85,0.022095561027526855,0.021981731057167053,8.771558350417763e-05,0.2611502408981323,0.0027286806143820286
47,86,0.8880748748779297,0.8536227941513062,0.03389337286353111,5.587259292602539,0.38881152868270874
47,87,0.8368136882781982,0.8286799788475037,0.00808639731258154,0.47322991490364075,0.10710783302783966
47,88,0.42237135767936707,0.41767388582229614,0.004649059846997261,0.4840727150440216,0.0285501629114151
47,89,0.31613627076148987,0.31270039081573486,0.003416459308937192,0.19428768754005432,0.09768010675907135
47,90,0.42655837535858154,0.42043960094451904,0.005967194214463234,1.5156117677688599,0.04652633145451546
47,91,0.4218076467514038,0.41704127192497253,0.0046926224604249,0.7377185225486755,0.053495824337005615
47,92,0.7208581566810608,0.7122594118118286,0.00856153853237629,0.37170514464378357,0.08828987181186676
47,93,0.013197019696235657,0.01312314160168171,5.6731525546638295e-05,0.17146244645118713,0.06957784295082092
47,94,0.015419268049299717,0.015328831970691681,6.347853195620701e-05,0.2695719003677368,0.0024670446291565895
47,95,0.9348832964897156,0.9092451333999634,0.025252673774957657,3.854736804962158,0.5604628324508667
47,96,0.42427101731300354,0.41739004850387573,0.006729175336658955,1.5177861452102661,0.05729357898235321
47,97,0.2201576977968216,0.21819379925727844,0.001951935118995607,0.1197047308087349,0.04613801836967468
47,98,0.9655166864395142,0.95283442735672,0.012621275149285793,0.60976642370224,0.10540097951889038
47,99,0.015137205831706524,0.015034208074212074,7.502199878217652e-05,0.2797597348690033,0.002660054247826338
47,100,0.04537419229745865,0.04474728927016258,0.0005917793023400009,0.3512382507324219,0.020879678428173065
48,1,0.8851571679115295,0.8752048015594482,0.009891580790281296,0.6078416109085083,0.1407332420349121
48,2,1.1536486148834229,1.1296048164367676,0.023737620562314987,3.06158185005188,0.13095000386238098
48,3,0.8577471971511841,0.8461806178092957,0.011534378863871098,0.32172736525535583,0.08722828328609467
48,4,0.44753938913345337,0.43999528884887695,0.007510709576308727,0.33383503556251526,0.06312036514282227
48,5,0.864051342010498,0.8542872667312622,0.009729625657200813,0.3445529341697693,0.08449377864599228
48,6,0.24817697703838348,0.24551314115524292,0.0026500357780605555,0.13800477981567383,0.05408734828233719
48,7,0.9549009203910828,0.9411574602127075,0.013673238456249237,0.7019696235656738,0.08372306823730469
48,8,0.12437862157821655,0.12297730147838593,0.001392378006130457,0.08937395364046097,0.0432695634663105
48,9,0.20623210072517395,0.20366179943084717,0.002541043795645237,0.29244086146354675,0.011273330077528954
48,10,0.01276351884007454,0.012665094807744026,8.013192564249039e-05,0.1829240769147873,0.05770150199532509
48,11,0.38348835706710815,0.37901899218559265,0.004447990097105503,0.21372123062610626,0.021897252649068832
48,12,0.9555856585502625,0.9135491251945496,0.041105858981609344,9.306598663330078,0.09084873646497726
48,13,0.4680292010307312,0.45978599786758423,0.008196590468287468,0.4662229120731354,0.049868322908878326
48,14,0.9195468425750732,0.9102362394332886,0.009263290092349052,0.4732319414615631,0.0740484818816185
48,15,0.011209310963749886,0.011115523055195808,7.54617212805897e-05,0.1832660436630249,0.0624949112534523
48,16,0.2242944985628128,0.222244530916214,0.002037040190771222,0.1293957382440567,0.046715669333934784
48,17,0.4420243799686432,0.4351475238800049,0.006849692203104496,0.2713957130908966,0.051351070404052734
48,18,0.041776373982429504,0.04131356626749039,0.0004287976189516485,0.34011802077293396,0.019767707213759422
48,19,0.19288994371891022,0.19102999567985535,0.0018396589439362288,0.20300769805908203,0.01078093983232975
48,20,0.6497553586959839,0.6347134709358215,0.014839792624115944,2.02140212059021,0.24424301087856293
48,21,0.9405245780944824,0.9052492380142212,0.034388430416584015,8.869426727294922,0.10033755004405975
48,22,0.4234771132469177,0.4166560173034668,0.00672510638833046,0.9599931836128235,0.04225056245923042
48,23,0.010620800778269768,0.01054527796804905,5.737646279158071e-05,0.1814553588628769,0.06648312509059906
48,24,0.02469332329928875,0.024523243308067322,0.00013983363169245422,0.3024640679359436,0.006663852371275425
48,25,0.12549087405204773,0.12341826409101486,0.002060073195025325,0.12532499432563782,0.09793145209550858
48,26,0.680637001991272,0.671636700630188,0.008952215313911438,0.48093903064727783,0.08059492707252502
48,27,0.9963262677192688,0.9506519436836243,0.04456507787108421,11.092209815979004,0.10447932779788971
48,28,0.38023531436920166,0.3760372996330261,0.004187301266938448,0.10684613883495331,0.022472742944955826
48,29,0.5994896292686462,0.5879980325698853,0.011362355202436447,1.2923290729522705,0.21270939707756042
48,30,0.8422280550003052,0.8088202476501465,0.03297244757413864,4.353363513946533,0.3243219256401062
48,31,0.4341591000556946,0.42933881282806396,0.004792031832039356,0.28249555826187134,0.03173697739839554
48,32,0.1284855753183365,0.12730556726455688,0.001174872275441885,0.051471322774887085,0.04267057031393051
48,33,0.8691532611846924,0.8611613512039185,0.00796547345817089,0.26460814476013184,0.09069030731916428
48,34,0.334797203540802,0.32934141159057617,0.005410489626228809,0.4531342387199402,0.04420981556177139
48,35,0.8431385159492493,0.8221139907836914,0.02074614353477955,2.783639907836914,0.5288114547729492
48,36,0.02479654923081398,0.02465447224676609,0.00011374442692613229,0.28332647681236267,0.00677220243960619
48,37,0.4337649345397949,0.426369845867157,0.0072967796586453915,0.9831040501594543,0.04559478908777237
48,38,0.19322820007801056,0.19175949692726135,0.0014535598456859589,0.15145671367645264,0.01075771264731884
48,39,0.018264299258589745,0.018153030425310135,8.362488733837381e-05,0.27643606066703796,0.0030199317261576653
48,40,0.4569476842880249,0.4494801163673401,0.007439430803060532,0.28125476837158203,0.0644078478217125
48,41,0.11907593905925751,0.11802989989519119,0.0010416633449494839,0.043759364634752274,0.04290793091058731
48,42,0.13313697278499603,0.13113145530223846,0.001994876656681299,0.10645546019077301,0.09891469776630402
48,43,0.46388524770736694,0.4579339027404785,0.0059137241914868355,0.37597864866256714,0.06285840272903442
48,44,0.409270703792572,0.4036370813846588,0.005533709190785885,0.9992973208427429,0.05100712925195694
48,45,0.30913516879081726,0.30492183566093445,0.004184013232588768,0.2931981682777405,0.04043200984597206
48,46,0.12277722358703613,0.12185198068618774,0.0009208973497152328,0.04344850406050682,0.03828241676092148
48,47,0.8775873184204102,0.8684753775596619,0.009051541797816753,0.6039832830429077,0.11147277057170868
48,48,0.9517480731010437,0.9284006357192993,0.022888224571943283,4.591935634613037,0.09393554925918579
48,49,0.37874293327331543,0.3749889135360718,0.0037447831127792597,0.09239836037158966,0.021584145724773407
48,50,0.042183768004179,0.04173026606440544,0.0004210899933241308,0.32412418723106384,0.01922350376844406
48,51,0.38349777460098267,0.37920236587524414,0.004220440983772278,0.7498689293861389,0.04811114817857742
48,52,1.188751220703125,1.1581871509552002,0.03019034117460251,3.737579584121704,0.16740715503692627
48,53,0.4567103087902069,0.44762030243873596,0.009050682187080383,0.39305993914604187,0.06165307015180588
48,54,0.34281858801841736,0.3394223153591156,0.0033798418007791042,0.16419903934001923,0.021649202331900597
48,55,0.13201168179512024,0.12995043396949768,0.0020498763769865036,0.11369242519140244,0.09807449579238892
48,56,0.8250670433044434,0.816460371017456,0.008579025976359844,0.2763322591781616,0.08012084662914276
48,57,1.036674976348877,1.0016415119171143,0.034413453191518784,6.1999382972717285,0.13701650500297546
48,58,0.0818740501999855,0.08146040141582489,0.0004097308265045285,0.03920018672943115,0.03212742507457733
48,59,1.0927709341049194,1.0626447200775146,0.029726587235927582,3.9953436851501465,0.16870814561843872
48,60,0.026295751333236694,0.026143265888094902,0.00012305211566854268,0.29434439539909363,0.007559722289443016
48,61,0.42476576566696167,0.418872594833374,0.005763087887316942,1.3010121583938599,0.04907146096229553
48,62,0.12785625457763672,0.1262793242931366,0.001567042781971395,0.09890121221542358,0.07840079814195633
48,63,0.48466283082962036,0.4762139916419983,0.008401635102927685,0.4721687436103821,0.04736501723527908
48,64,0.29567858576774597,0.29379263520240784,0.0018819053657352924,0.04063734412193298,0.04243515059351921
48,65,0.9818574786186218,0.9506583213806152,0.03077680990099907,4.223445415496826,0.5770238637924194
48,66,0.8543321490287781,0.8263484239578247,0.02756396308541298,4.19717264175415,0.39276355504989624
48,67,0.8954122066497803,0.8851975798606873,0.010179291479289532,0.35341787338256836,0.09239493310451508
48,68,0.02881642058491707,0.028618531301617622,0.00016527441039215773,0.32614877820014954,0.007685421966016293
48,69,0.4299416244029999,0.422437846660614,0.007323237136006355,1.8053172826766968,0.06580276042222977
48,70,0.04314505681395531,0.04256961867213249,0.0005390598671510816,0.3637641966342926,0.020449262112379074
48,71,0.039163775742053986,0.03881207853555679,0.00031569128623232245,0.3600578010082245,0.019059306010603905
48,72,0.893409788608551,0.8848341107368469,0.008516772650182247,0.5887476205825806,0.13823390007019043
48,73,0.01759987138211727,0.01751362346112728,5.636276546283625e-05,0.2988457977771759,0.003092691535130143
48,74,0.7124640941619873,0.7031431198120117,0.009275248274207115,0.45714858174324036,0.08003763854503632
48,75,0.9686199426651001,0.9412084221839905,0.02701960876584053,3.919052839279175,0.5267330408096313
48,76,0.6959684491157532,0.6863440871238708,0.0095747672021389,0.49584445357322693,0.0797070860862732
48,77,0.39077457785606384,0.3865277171134949,0.004221450071781874,0.2540786862373352,0.031905531883239746
48,78,0.3775399625301361,0.3742566704750061,0.0032617091201245785,0.2156672328710556,0.0322614386677742
48,79,0.019522039219737053,0.019390124827623367,9.792516357265413e-05,0.3398868441581726,0.004002649802714586
48,80,0.02570805326104164,0.025511713698506355,0.00016150594456121325,0.34832748770713806,0.008156836032867432
48,81,0.4789870083332062,0.4707846939563751,0.008153180591762066,0.4914509057998657,0.06505756080150604
48,82,1.046769380569458,1.0117433071136475,0.03440316393971443,6.228827476501465,0.5519371032714844
48,83,0.017643887549638748,0.01752854324877262,8.212025568354875e-05,0.332238107919693,0.003751414595171809
48,84,0.34105783700942993,0.3339710235595703,0.007008270360529423,0.7854381799697876,0.045897483825683594
48,85,1.206650733947754,1.1467669010162354,0.05857739597558975,13.06442928314209,0.1961033046245575
48,86,0.20197276771068573,0.1996316760778427,0.0023215413093566895,0.19555938243865967,0.014354166574776173
48,87,0.7143303155899048,0.7041120529174805,0.010168978944420815,0.4931907057762146,0.09288075566291809
48,88,1.1513948440551758,1.1090186834335327,0.04173794388771057,6.38209867477417,0.19350194931030273
48,89,0.18528851866722107,0.18365995585918427,0.0016164513071998954,0.12109314650297165,0.013521355576813221
48,90,0.6039657592773438,0.5930973887443542,0.010732799768447876,1.355377197265625,0.2803622782230377
48,91,0.02652173489332199,0.02633206732571125,0.00015381217235699296,0.3585604131221771,0.009105082601308823
48,92,0.45104438066482544,0.4443536400794983,0.006659609265625477,0.3115389347076416,0.04888753592967987
48,93,0.6190840005874634,0.6070561408996582,0.011889250949025154,1.385656476020813,0.23020108044147491
48,94,0.8237013816833496,0.8167515993118286,0.006906665395945311,0.4309718906879425,0.07776977121829987
48,95,0.4106347858905792,0.4053097367286682,0.005224096123129129,1.0092978477478027,0.04438316822052002
48,96,0.8759447336196899,0.8683025240898132,0.007597264833748341,0.44930243492126465,0.09784285724163055
48,97,0.34482651948928833,0.3417319655418396,0.0030780350789427757,0.16500119864940643,0.022495755925774574
48,98,0.4459182322025299,0.4392954409122467,0.0065965717658400536,0.2622523903846741,0.06272783875465393
48,99,0.228609099984169,0.2260611206293106,0.0025308935437351465,0.17088893055915833,0.05582711100578308
48,100,0.011884955689311028,0.011779816821217537,8.479693497065455e-05,0.20341698825359344,0.05840666592121124
49,1,0.04297799617052078,0.042380400002002716,0.0005595762049779296,0.38019147515296936,0.023492230102419853
49,2,0.3754127621650696,0.37152907252311707,0.0038694548420608044,0.14246414601802826,0.023425038903951645
49,3,0.22739708423614502,0.22524455189704895,0.002140491036698222,0.1203591376543045,0.05133138597011566
49,4,0.685526430606842,0.6754322052001953,0.010020356625318527,0.7387716770172119,0.08262866735458374
49,5,0.8855228424072266,0.8550620079040527,0.030012302100658417,4.485439777374268,0.6051832437515259
49,6,0.8853569030761719,0.8755370378494263,0.009734590537846088,0.8532295227050781,0.12351477891206741
49,7,0.029445048421621323,0.029273562133312225,0.00014001733507029712,0.31469252705574036,0.007837532088160515
49,8,1.1439902782440186,1.1150376796722412,0.028529483824968338,4.231155872344971,0.13298484683036804
49,9,0.19903124868869781,0.19763445854187012,0.0013840447645634413,0.12739691138267517,0.00860992819070816
49,10,0.7724648714065552,0.7611435651779175,0.011247540824115276,0.7380927801132202,0.10130980610847473
49,11,0.0452648364007473,0.04462871327996254,0.0006000707508064806,0.3605482876300812,0.023357033729553223
49,12,1.1663950681686401,1.126128077507019,0.03926713764667511,9.997828483581543,0.22241796553134918
49,13,0.3622511625289917,0.3584645986557007,0.003772648284211755,0.1392747461795807,0.02033751830458641
49,14,0.9246675372123718,0.9076633453369141,0.01689579337835312,1.0841825008392334,0.1590542495250702
49,15,0.43627798557281494,0.43067872524261475,0.005561164580285549,0.3808841109275818,0.03373321518301964
49,16,0.4484344720840454,0.4385429620742798,0.009710127487778664,1.813826322555542,0.04034202918410301
49,17,0.01442189235240221,0.01432671956717968,6.643438246101141e-05,0.28738832473754883,0.002903901506215334
49,18,0.19123299419879913,0.18946592509746552,0.001751821138896048,0.15243838727474213,0.010155532509088516
49,19,0.3540032207965851,0.3490965962409973,0.004877024795860052,0.2960556149482727,0.029995528981089592
49,20,0.6773762106895447,0.6571570634841919,0.019920701161026955,2.9842326641082764,0.25030362606048584
49,21,0.006371899042278528,0.0062819658778607845,8.980843995232135e-05,0.0012502053286880255,0.002792444545775652
49,22,0.04451417922973633,0.04402310401201248,0.0004571126482915133,0.3396199941635132,0.021481003612279892
49,23,0.1283942312002182,0.12733642756938934,0.0010532103478908539,0.04594549536705017,0.04209529608488083
49,24,0.9728769659996033,0.9470407366752625,0.025436030700802803,4.001816749572754,0.4874298572540283
49,25,0.9254881143569946,0.9151501655578613,0.010293749161064625,0.44202062487602234,0.08349616080522537
49,26,0.4080831706523895,0.4029247760772705,0.005085493437945843,0.7288699150085449,0.04729287326335907
49,27,0.027441592887043953,0.02721971832215786,0.00018918458954431117,0.3268968164920807,0.008269311860203743
49,28,0.8891299962997437,0.8780738711357117,0.01100937183946371,0.4672604203224182,0.08103986829519272
49,29,0.1260945200920105,0.12470965087413788,0.0013752862578257918,0.09585069119930267,0.0934053584933281
49,30,0.5315148234367371,0.5267853140830994,0.004703030455857515,0.26445361971855164,0.08090060949325562
49,31,0.843567430973053,0.8345182538032532,0.008991038426756859,0.5813567638397217,0.11223068833351135
49,32,0.019700052216649055,0.019566988572478294,9.942598262568936e-05,0.33637863397598267,0.0035187234170734882
49,33,0.42633727192878723,0.41907933354377747,0.00722959591075778,0.2834276854991913,0.04993129149079323
49,34,0.8690716624259949,0.8605749607086182,0.008468271233141422,0.2844155728816986,0.09755834192037582
49,35,0.04007112234830856,0.039735592901706696,0.0002987715706694871,0.3675650358200073,0.018269963562488556
49,36,0.013022496365010738,0.01290099136531353,0.00010157100041396916,0.19933953881263733,0.0594489648938179
49,37,0.19369658827781677,0.1918923407793045,0.001783008687198162,0.21227557957172394,0.011310705915093422
49,38,0.4742434322834015,0.4655235707759857,0.008681394159793854,0.38475748896598816,0.0634632557630539
49,39,0.4366907775402069,0.4302375614643097,0.006422657519578934,0.3055509328842163,0.047515224665403366
49,40,0.3556761145591736,0.3524715006351471,0.0031834724359214306,0.2111806422472,0.01766061782836914
49,41,0.3611273765563965,0.35839980840682983,0.00272112968377769,0.06422451138496399,0.014798333868384361
49,42,0.4610610604286194,0.45376288890838623,0.007180559448897839,1.1760153770446777,0.03041968308389187
49,43,0.7144285440444946,0.7050043344497681,0.009367315098643303,0.5690902471542358,0.07241898775100708
49,44,0.1254078894853592,0.12450109422206879,0.0009027408086694777,0.04046355560421944,0.03364641219377518
49,45,0.26976412534713745,0.26756542921066284,0.002188880695030093,0.09791494160890579,0.024530306458473206
49,46,0.37288033962249756,0.3697907328605652,0.0030796483624726534,0.09958785772323608,0.019643034785985947
49,47,0.4056738615036011,0.4008796513080597,0.0047578089870512486,0.3638826906681061,0.030580677092075348
49,48,0.8944795727729797,0.8833919763565063,0.011028041131794453,0.5953719615936279,0.15497499704360962
49,49,0.03940263390541077,0.038956787437200546,0.0004073592135682702,0.3848705589771271,0.01971469633281231
49,50,0.012540323659777641,0.0124224703758955,9.687645797384903e-05,0.20977351069450378,0.05024706572294235
49,51,1.090598702430725,1.0373413562774658,0.05179480463266373,14.625672340393066,0.19494304060935974
49,52,1.0364214181900024,0.9966347813606262,0.038665756583213806,11.20947551727295,0.1716848611831665
49,53,0.3405791223049164,0.33721214532852173,0.0033480292186141014,0.18956977128982544,0.019307252019643784
49,54,0.11790236085653305,0.11697353422641754,0.0009249235736206174,0.039015643298625946,0.036164700984954834
49,55,0.44208353757858276,0.43780845403671265,0.004242371767759323,0.3271963894367218,0.031186433508992195
49,56,0.2226846069097519,0.2207006812095642,0.001975168939679861,0.08757160604000092,0.04621585085988045
49,57,0.9195064902305603,0.9099043011665344,0.009553225710988045,0.4892762005329132,0.06358686834573746
49,58,0.4118882417678833,0.4079861044883728,0.003836273215711117,0.6587488651275635,0.047321878373622894
49,59,0.9344083666801453,0.9227713346481323,0.011480585671961308,1.5646120309829712,0.07527334988117218
49,60,0.8511475324630737,0.8379150629043579,0.013071278110146523,1.61182701587677,0.49048757553100586
49,61,1.1313046216964722,1.1095213890075684,0.02138475328683853,3.9854252338409424,0.12697339057922363
49,62,0.38469359278678894,0.38017386198043823,0.004508237354457378,0.11493847519159317,0.02654670551419258
49,63,0.3243236243724823,0.31889376044273376,0.005389010068029165,0.4085790514945984,0.05177362635731697
49,64,0.38971397280693054,0.3852517008781433,0.004441913217306137,0.2035631537437439,0.03166748955845833
49,65,0.02226068638265133,0.022098787128925323,0.00012517660798039287,0.36722084879875183,0.003787735477089882
49,66,0.3726416230201721,0.36767685413360596,0.004948747344315052,0.16024604439735413,0.03192416578531265
49,67,0.4208502173423767,0.41117578744888306,0.00952817965298891,1.4623878002166748,0.05660717934370041
49,68,0.12812404334545135,0.12512491643428802,0.0029831486754119396,0.15967467427253723,0.13417251408100128
49,69,0.22460457682609558,0.22185401618480682,0.0027382024563848972,0.1235632672905922,0.04940744489431381
49,70,0.944946825504303,0.9252683520317078,0.019540853798389435,1.3765164613723755,0.14580681920051575
49,71,0.5191206932067871,0.5074784755706787,0.011477626860141754,1.6456634998321533,0.05627595633268356
49,72,0.12689679861068726,0.12513363361358643,0.0017507763113826513,0.12377060949802399,0.07128161191940308
49,73,0.9743019342422485,0.9428576827049255,0.030861612409353256,5.826256275177002,0.16515383124351501
49,74,0.3618612289428711,0.35825464129447937,0.0035822687204927206,0.24311648309230804,0.01604321599006653
49,75,0.42802247405052185,0.42256098985671997,0.0053597972728312016,1.0168026685714722,0.030979592353105545
49,76,1.2193063497543335,1.165945291519165,0.05210135877132416,12.5966157913208,0.1392485797405243
49,77,0.7262795567512512,0.7180693745613098,0.008167356252670288,0.4282946288585663,0.06294231116771698
49,78,0.044031526893377304,0.04366375133395195,0.0003395451349206269,0.28231966495513916,0.01578184776008129
49,79,0.04401378706097603,0.04363660514354706,0.00034797046100720763,0.29209765791893005,0.01710629090666771
49,80,0.1291714459657669,0.12835952639579773,0.0008080627885647118,0.03861907124519348,0.036400206387043
49,81,0.4422297775745392,0.43853050470352173,0.003681219182908535,0.18067270517349243,0.03156377747654915
49,82,0.41394197940826416,0.40989595651626587,0.004011155571788549,0.3487146198749542,0.03214608505368233
49,83,0.6360790133476257,0.6056327223777771,0.029979955404996872,4.6635026931762695,0.12877561151981354
49,84,0.6846972107887268,0.6726824045181274,0.011956876143813133,0.5792074203491211,0.11016279458999634
49,85,0.020754605531692505,0.020639047026634216,8.531635103281587e-05,0.3024190366268158,0.002856995677575469
49,86,0.22201211750507355,0.21988652646541595,0.0021124170161783695,0.13171499967575073,0.05832774564623833
49,87,0.6976159811019897,0.6843505501747131,0.013193589635193348,0.7180784940719604,0.11366324871778488
49,88,0.1925039440393448,0.19086796045303345,0.0016199196688830853,0.16057269275188446,0.009949902072548866
49,89,0.20233581960201263,0.20089207589626312,0.001430601580068469,0.1313951015472412,0.008978554978966713
49,90,0.45863038301467896,0.45286065340042114,0.005670291371643543,0.9944480657577515,0.036427922546863556
49,91,0.12376433610916138,0.1221265196800232,0.0016266489401459694,0.111707903444767,0.0842016190290451
49,92,0.882972002029419,0.8372124433517456,0.04512729495763779,6.322876453399658,0.47773510217666626
49,93,0.044421128928661346,0.04401016607880592,0.00038055836921557784,0.3040587306022644,0.016420427709817886
49,94,0.9899054765701294,0.9615516662597656,0.027566133067011833,7.876828193664551,0.13927540183067322
49,95,1.0971628427505493,1.073150396347046,0.02364417165517807,3.682851552963257,0.11411816626787186
49,96,0.8459725379943848,0.8225899934768677,0.023029537871479988,3.5297129154205322,0.2522401213645935
49,97,0.1281767636537552,0.12700381875038147,0.001164475572295487,0.08465977013111115,0.06415806710720062
49,98,0.9498088359832764,0.9226813912391663,0.02669263258576393,4.34788703918457,0.1012708991765976
49,99,0.6722221970558167,0.6586624979972839,0.013383871875703335,1.7582813501358032,0.2702730894088745
49,100,0.1939881443977356,0.19215568900108337,0.001815970055758953,0.16477519273757935,0.007978884503245354
50,1,0.019702497869729996,0.019595960155129433,8.129983325488865e-05,0.25237417221069336,0.002301804255694151
50,2,0.6164261698722839,0.6057418584823608,0.010567394085228443,1.1696349382400513,0.2569335699081421
50,3,0.18212440609931946,0.1807609647512436,0.0013551085721701384,0.08323764055967331,0.009030275978147984
50,4,0.46484827995300293,0.45504122972488403,0.009761483408510685,0.45569750666618347,0.09840215742588043
50,5,0.23514467477798462,0.23271244764328003,0.002414793474599719,0.17430244386196136,0.04867839068174362
50,6,0.34725725650787354,0.3431493639945984,0.004085327032953501,0.22568953037261963,0.020088162273168564
50,7,0.01601264998316765,0.01593731716275215,5.1296912715770304e-05,0.2403479814529419,0.0023382152430713177
50,8,0.23387651145458221,0.23199018836021423,0.0018730672309175134,0.13265369832515717,0.03944283723831177
50,9,0.23362091183662415,0.23192550241947174,0.001686491654254496,0.08912739902734756,0.04192178696393967
50,10,0.8209475874900818,0.8146668076515198,0.00624433858320117,0.3642866313457489,0.10605834424495697
50,11,0.3607443869113922,0.3581615686416626,0.002574225189164281,0.0858905166387558,0.017429253086447716
50,12,0.3293464183807373,0.32584571838378906,0.003475822741165757,0.2489866018295288,0.03429520130157471
50,13,0.13043539226055145,0.1289941817522049,0.0014323501382023096,0.08872676640748978,0.08618561923503876
50,14,0.9126525521278381,0.9014098048210144,0.01118878647685051,0.5396931171417236,0.08525802195072174
50,15,1.1316922903060913,1.1060200929641724,0.025333089753985405,3.3912694454193115,0.1596669852733612
50,16,0.13419151306152344,0.13247939944267273,0.0016960266511887312,0.16094285249710083,0.10057686269283295
50,17,0.31625959277153015,0.3129245340824127,0.0033126159105449915,0.2243291139602661,0.04080965369939804
50,18,0.22141949832439423,0.21944287419319153,0.001966463401913643,0.10160961747169495,0.04854791611433029
50,19,0.12238026410341263,0.12121374905109406,0.0011621820740401745,0.04339713603258133,0.04848494380712509
50,20,0.44030922651290894,0.43254441022872925,0.007582366932183504,1.8244138956069946,0.06390075385570526
50,21,1.1067296266555786,1.0751835107803345,0.030899666249752045,6.464252471923828,0.19520354270935059
50,22,0.012821072712540627,0.012752482667565346,5.094103471492417e-05,0.17648611962795258,0.07143643498420715
50,23,0.8932127952575684,0.8694052696228027,0.02343374863266945,3.737545967102051,0.6396262049674988
50,24,0.3968011736869812,0.3929823637008667,0.0038003851659595966,0.18422582745552063,0.032584790140390396
50,25,0.8941959738731384,0.8795031309127808,0.014535803347826004,1.5704576969146729,0.09303341060876846
50,26,0.43046659231185913,0.42595773935317993,0.004471812397241592,0.37033000588417053,0.03236536681652069
50,27,0.1259584277868271,0.12451241165399551,0.0014350229175761342,0.10992557555437088,0.08039634674787521
50,28,0.9517036080360413,0.9134020805358887,0.037387602031230927,9.139276504516602,0.08319230377674103
50,29,0.22287721931934357,0.22077789902687073,0.002085242886096239,0.14084498584270477,0.035628773272037506
50,30,0.030321205034852028,0.030152464285492897,0.00013694714289158583,0.3179340958595276,0.0067114694975316525
50,31,0.013335431925952435,0.013242509216070175,7.47469239286147e-05,0.18175333738327026,0.042267851531505585
50,32,1.1101577281951904,1.0789672136306763,0.03086053766310215,3.299365520477295,0.1212339699268341
50,33,0.0172932967543602,0.017205309122800827,5.700639303540811e-05,0.30980923771858215,0.0029735940042883158
50,34,1.102120280265808,1.0615887641906738,0.03995450213551521,5.769810199737549,0.13765214383602142
50,35,0.015144988894462585,0.014992568641901016,0.0001337443245574832,0.18675518035888672,0.06774765253067017
50,36,0.9531911015510559,0.9174171090126038,0.035197168588638306,5.767812252044678,0.11996744573116302
50,37,1.0355921983718872,1.0055315494537354,0.029316382482647896,7.4418044090271,0.16971760988235474
50,38,0.34807777404785156,0.34443825483322144,0.0036300853826105595,0.09453189373016357,0.023152992129325867
50,39,0.9227874875068665,0.9106194972991943,0.012122973799705505,0.4499427080154419,0.10850091278553009
50,40,0.46349528431892395,0.45693182945251465,0.006522428244352341,0.4103962779045105,0.06309296190738678
50,41,0.4376482665538788,0.431169331073761,0.006378610618412495,1.0032368898391724,0.04820045083761215
50,42,0.8897457122802734,0.8789879083633423,0.010714791715145111,0.4304637014865875,0.08940079808235168
50,43,0.872897744178772,0.8526896238327026,0.01989641785621643,3.1176207065582275,0.35607850551605225
50,44,0.2277708798646927,0.22523513436317444,0.002523705130442977,0.12032899260520935,0.06708944588899612
50,45,0.12873803079128265,0.1275770217180252,0.001156046986579895,0.049587432295084,0.0544302798807621
50,46,0.8996333479881287,0.8767495155334473,0.022559484466910362,3.2435240745544434,0.36895644664764404
50,47,0.6197981238365173,0.6068660020828247,0.012778570875525475,1.5352896451950073,0.2522450089454651
50,48,0.4137720763683319,0.4081060290336609,0.0055663371458649635,0.9971522092819214,0.05385306477546692
50,49,0.021732084453105927,0.021582074463367462,0.00011988800542894751,0.3012210428714752,0.00357459532096982
50,50,0.027119431644678116,0.026957344263792038,0.00013212305202614516,0.2996455430984497,0.00823213905096054
50,51,0.013305223546922207,0.01320735365152359,8.139117562677711e-05,0.16479162871837616,0.06943792849779129
50,52,0.1253814399242401,0.12336697429418564,0.0020020329393446445,0.1243092343211174,0.08662093430757523
50,53,0.4407445788383484,0.43662697076797485,0.004096020013093948,0.21574667096138,0.026525961235165596
50,54,0.9589977264404297,0.9075307250022888,0.05042070150375366,10.463139533996582,0.10240969061851501
50,55,0.6968212127685547,0.6869387626647949,0.009827392175793648,0.5508436560630798,0.060638658702373505
50,56,0.02181299775838852,0.02172195538878441,6.680389924440533e-05,0.24238714575767517,0.0030227340757846832
50,57,0.7737330794334412,0.762711226940155,0.010950942523777485,0.7094960808753967,0.07860228419303894
50,58,0.041492559015750885,0.04115869849920273,0.00030614834395237267,0.27714046835899353,0.014135651290416718
50,59,0.8763550519943237,0.8663311004638672,0.009986231103539467,0.3775559961795807,0.06939344108104706
50,60,1.0446360111236572,1.011616826057434,0.03225968778133392,7.594618797302246,0.17565032839775085
50,61,0.6347758173942566,0.6294796466827393,0.0052799261175096035,0.16299544274806976,0.08102825284004211
50,62,0.8675733208656311,0.8555461168289185,0.011928211897611618,0.9898325204849243,0.11631365865468979
50,63,0.2277330905199051,0.22568996250629425,0.0020307921804487705,0.1233726516366005,0.042097486555576324
50,64,0.930633008480072,0.9123393297195435,0.017925001680850983,3.6868231296539307,0.10687945038080215
50,65,0.33351027965545654,0.32947367429733276,0.004003114067018032,0.3350410759449005,0.04623076319694519
50,66,0.8558050990104675,0.8460199236869812,0.009743336588144302,0.41856399178504944,0.08938324451446533
50,67,0.8731845021247864,0.8650574684143066,0.008101495914161205,0.25515562295913696,0.11572049558162689
50,68,0.42896854877471924,0.42222511768341064,0.00658066850155592,1.6274453401565552,0.06532811373472214
50,69,1.1454286575317383,1.1084611415863037,0.0359598807990551,10.076276779174805,0.21823769807815552
50,70,0.247762992978096,0.24482890963554382,0.0029199658893048763,0.14108790457248688,0.072416290640831
50,71,0.027663126587867737,0.02752993255853653,9.841484279604629e-05,0.3477892577648163,0.008784189820289612
50,72,0.9692531824111938,0.9376949071884155,0.030750706791877747,8.075655937194824,0.14292600750923157
50,73,0.19563698768615723,0.19354677200317383,0.0020689356606453657,0.2127847671508789,0.010562675073742867
50,74,1.124657154083252,1.0781503915786743,0.04549997299909592,10.06871509552002,0.17460358142852783
50,75,0.12293195724487305,0.1219082921743393,0.0010190980974584818,0.045646075159311295,0.04034007713198662
50,76,0.4189375340938568,0.4115764796733856,0.007158934138715267,2.0213122367858887,0.052546143531799316
50,77,0.18217569589614868,0.1804858297109604,0.001672721584327519,0.17146730422973633,0.008445346727967262
50,78,0.01670406199991703,0.016592074185609818,7.776424172334373e-05,0.3422499895095825,0.0032209171913564205
50,79,0.47858288884162903,0.4691629409790039,0.009360142052173615,0.5980761647224426,0.048980507999658585
50,80,0.04151275381445885,0.04104022681713104,0.0004324524197727442,0.4007393419742584,0.01745029166340828
50,81,1.0447593927383423,1.0049690008163452,0.03892268240451813,8.676844596862793,0.1458398699760437
50,82,1.2140425443649292,1.1730536222457886,0.04039774090051651,5.911622524261475,0.16423696279525757
50,83,0.32308346033096313,0.3196556270122528,0.0033995998091995716,0.282105416059494,0.03418392315506935
50,84,0.4145065248012543,0.40822815895080566,0.006181348115205765,0.9702132344245911,0.04448046535253525
50,85,0.012822297401726246,0.012714192271232605,8.883743430487812e-05,0.1926770657300949,0.04865441843867302
50,86,0.3114350140094757,0.30831587314605713,0.00311007141135633,0.09067889302968979,0.01287148892879486
50,87,0.011678108014166355,0.011588177643716335,7.177349471021444e-05,0.1815699338912964,0.057699136435985565
50,88,0.04365863278508186,0.043056659400463104,0.0005680944304913282,0.338763952255249,0.020001966506242752
50,89,0.13789102435112,0.13618353009223938,0.0016947714611887932,0.12718355655670166,0.11340276896953583
50,90,0.22452537715435028,0.22223633527755737,0.0022792909294366837,0.09751594811677933,0.04812958091497421
50,91,0.2003878504037857,0.19873996078968048,0.001630591694265604,0.17300449311733246,0.011018145829439163
50,92,0.409283310174942,0.4048636257648468,0.0043553197756409645,0.6438393592834473,0.05049869418144226
50,93,0.12460970133543015,0.12324429303407669,0.0013565383851528168,0.08874382823705673,0.08775430917739868
50,94,0.8429597020149231,0.8309091329574585,0.011910309083759785,1.4022380113601685,0.5044071674346924
50,95,0.02834378369152546,0.028194881975650787,0.00012285856064409018,0.2604328691959381,0.0072736311703920364
50,96,0.4139031171798706,0.40976405143737793,0.004069652874022722,0.6940200328826904,0.032394103705883026
50,97,0.8556517362594604,0.8438109159469604,0.011691317893564701,1.494960069656372,0.5394967794418335
50,98,0.9936023354530334,0.9765899777412415,0.016640253365039825,3.7211108207702637,0.10320115089416504
50,99,0.4411680996417999,0.4366910457611084,0.004444084130227566,0.3295177221298218,0.038036614656448364
50,100,0.042200956493616104,0.04181449115276337,0.00035504362313076854,0.3142319917678833,0.019606245681643486
51,1,0.02748921699821949,0.02732400968670845,0.0001368024677503854,0.28405827283859253,0.011590791866183281
51,2,0.01905408874154091,0.01893674209713936,8.712495764484629e-05,0.30220866203308105,0.0036024705041199923
51,3,0.12130822241306305,0.12028651684522629,0.001016412628814578,0.052866481244564056,0.04718349874019623
51,4,0.8380168080329895,0.8277425765991211,0.010213037952780724,0.6123959422111511,0.14437136054039001
51,5,0.04206358641386032,0.041556209325790405,0.0004721615696325898,0.35215628147125244,0.01899959333240986
51,6,0.012387990951538086,0.012284277006983757,8.481301483698189e-05,0.1890157014131546,0.04720371589064598
51,7,0.19363738596439362,0.19118469953536987,0.0024188323877751827,0.3385726809501648,0.010669799521565437
51,8,0.8961620926856995,0.8800258636474609,0.016054973006248474,0.8121218085289001,0.10043075680732727
51,9,0.014190902933478355,0.014058641158044338,0.0001128753210650757,0.19386044144630432,0.04582531750202179
51,10,0.41451603174209595,0.40713632106781006,0.007162048481404781,2.1768486499786377,0.05040973797440529
51,11,0.19318346679210663,0.1914069950580597,0.0017548736650496721,0.21596603095531464,0.009494408965110779
51,12,0.4373314380645752,0.4313693344593048,0.005913902539759874,0.4819500744342804,0.034282878041267395
51,13,0.12126024067401886,0.11991909146308899,0.00133640062995255,0.047489702701568604,0.038716115057468414
51,14,0.020503589883446693,0.02038361318409443,8.861288370098919e-05,0.31362831592559814,0.0035451697185635567
51,15,0.12815946340560913,0.12608881294727325,0.0020553574431687593,0.15285614132881165,0.0920896828174591
51,16,0.018690666183829308,0.01858295314013958,7.632801134604961e-05,0.3138531744480133,0.003486189991235733
51,17,0.38332054018974304,0.37965983152389526,0.00364986015483737,0.10833301395177841,0.019493326544761658
51,18,0.2134762406349182,0.21109965443611145,0.0023516793735325336,0.2489645630121231,0.012010809034109116
51,19,0.6459404230117798,0.6298083066940308,0.015916133299469948,2.1599082946777344,0.24069198966026306
51,20,0.9180874824523926,0.8789330720901489,0.03844873607158661,7.056636810302734,0.5365012288093567
51,21,0.222366601228714,0.22025105357170105,0.002106049098074436,0.0948462188243866,0.048017099499702454
51,22,0.7103889584541321,0.7016317248344421,0.008712884038686752,0.44355523586273193,0.07016794383525848
51,23,1.1750932931900024,1.1410269737243652,0.03323798254132271,8.2835054397583,0.16624847054481506
51,24,0.04504318907856941,0.0443955659866333,0.0006111434195190668,0.36476653814315796,0.022459886968135834
51,25,0.2312805950641632,0.22858251631259918,0.002682717749848962,0.15361329913139343,0.05198020488023758
51,26,0.41009101271629333,0.40381303429603577,0.00615632114931941,1.216661810874939,0.05271018296480179
51,27,0.8436833024024963,0.8112583756446838,0.03194068372249603,4.842108726501465,0.42572057247161865
51,28,0.12211040407419205,0.1209869235754013,0.0011192404199391603,0.042357221245765686,0.04263898730278015
51,29,0.027185024693608284,0.026994755491614342,0.00015802749840077013,0.3224210739135742,0.007469144184142351
51,30,0.8671309947967529,0.8543838262557983,0.012652680277824402,0.9446601271629333,0.08268183469772339
51,31,1.104322910308838,1.0705183744430542,0.033453118056058884,3.5142743587493896,0.14589329063892365
51,32,0.4314841032028198,0.4240970015525818,0.007356103044003248,0.30980783700942993,0.047546930611133575
51,33,0.22495755553245544,0.22312486171722412,0.001823327736929059,0.09366847574710846,0.1754109263420105
51,34,0.3537944555282593,0.34962451457977295,0.004148302599787712,0.21646839380264282,0.01590641960501671
51,35,0.9207106828689575,0.8909424543380737,0.029317427426576614,4.507898807525635,0.47601765394210815
51,36,0.38526588678359985,0.38174331188201904,0.0034909495152533054,0.3161925673484802,0.027355924248695374
51,37,0.35151612758636475,0.34739160537719727,0.004100652411580086,0.23860907554626465,0.021127108484506607
51,38,0.045156653970479965,0.04450991004705429,0.0006146796513348818,0.32064229249954224,0.020031500607728958
51,39,0.04012136161327362,0.0398179292678833,0.00027310822042636573,0.3032527565956116,0.01629307121038437
51,40,0.1255844235420227,0.12444926053285599,0.0011307336390018463,0.04419156163930893,0.04564046859741211
51,41,0.9245392680168152,0.8989551067352295,0.025154687464237213,4.294679641723633,0.3297649025917053
51,42,0.2699245512485504,0.26771050691604614,0.0022045564837753773,0.09486991167068481,0.02614530548453331
51,43,0.005011681001633406,0.004976925440132618,8.63840523379622e-06,0.2611694037914276,0.0012616617605090141
51,44,0.4013853669166565,0.3955978751182556,0.005690957419574261,0.9651749134063721,0.06235133111476898
51,45,0.7177053689956665,0.7062486410140991,0.01140994019806385,0.4680050015449524,0.12265116721391678
51,46,0.3390270173549652,0.3332143723964691,0.005764879286289215,0.47764670848846436,0.06187618523836136
51,47,0.8823136687278748,0.8549633026123047,0.026680517941713333,6.698468208312988,0.1862255036830902
51,48,0.04933320730924606,0.048567675054073334,0.0007254509837366641,0.4008074104785919,0.02542937360703945
51,49,0.6184298396110535,0.6037331819534302,0.014502132311463356,1.945290207862854,0.3045758306980133
51,50,0.41322261095046997,0.4072021245956421,0.005930622573941946,0.8985153436660767,0.048675213009119034
51,51,0.12554314732551575,0.1246410682797432,0.0008979953126981854,0.04083910584449768,0.035001397132873535
51,52,0.8774062991142273,0.8541565537452698,0.02292182669043541,3.2797317504882812,0.53498375415802
51,53,0.13180090487003326,0.13098591566085815,0.0008102958672679961,0.04689529910683632,0.02994507923722267
51,54,0.13084985315799713,0.13003435730934143,0.0008119334233924747,0.03561180830001831,0.027613166719675064
51,55,0.029569922015070915,0.029373088851571083,0.00016671782941557467,0.3011529743671417,0.007008230313658714
51,56,0.02199513278901577,0.02187531627714634,8.98279104148969e-05,0.2998775839805603,0.00367922056466341
51,57,0.3279804587364197,0.32561153173446655,0.0023583685979247093,0.10550904273986816,0.007510811556130648
51,58,0.44384437799453735,0.4385850131511688,0.005126867443323135,1.3248661756515503,0.03421856090426445
51,59,0.016359617933630943,0.01625439152121544,7.461293716914952e-05,0.3061339557170868,0.0029711290262639523
51,60,0.36236372590065,0.35929492115974426,0.0030519214924424887,0.1690550297498703,0.010076688602566719
51,61,1.03620445728302,1.0125170946121216,0.023088363930583,5.990483283996582,0.12802565097808838
51,62,0.695308268070221,0.6875024437904358,0.007772025186568499,0.3382467031478882,0.05959494411945343
51,63,1.1035668849945068,1.0576627254486084,0.04525037854909897,6.537756443023682,0.16057854890823364
51,64,0.03478951379656792,0.03460242599248886,0.0001477160694776103,0.39370763301849365,0.0076897284016013145
51,65,0.6589295864105225,0.6503605842590332,0.00852740928530693,0.4162037670612335,0.07515986263751984
51,66,0.12603947520256042,0.12473305314779282,0.0013009973336011171,0.054263822734355927,0.054326221346855164
51,67,0.46775978803634644,0.45952123403549194,0.008201989345252514,0.36565256118774414,0.09606316685676575
51,68,0.8897466659545898,0.8802691102027893,0.009410210885107517,0.6733196377754211,0.1635604202747345
51,69,0.4112447202205658,0.40521034598350525,0.005924555938690901,1.0983092784881592,0.059290215373039246
51,70,0.38077545166015625,0.37736812233924866,0.0033967664930969477,0.10541225969791412,0.022494323551654816
51,71,0.1331760138273239,0.13188105821609497,0.0012901687296107411,0.04777849093079567,0.04755464196205139
51,72,0.8685629367828369,0.8420020341873169,0.026124950498342514,4.359258651733398,0.34218746423721313
51,73,0.30692365765571594,0.3033195734024048,0.0035771478433161974,0.2694239616394043,0.02700924128293991
51,74,0.3312205970287323,0.32754942774772644,0.003638521069660783,0.32622429728507996,0.032212886959314346
51,75,0.8963184356689453,0.886989951133728,0.00929429940879345,0.34226736426353455,0.06831575930118561
51,76,0.4315902292728424,0.42589783668518066,0.005666208453476429,0.2618207037448883,0.05136207491159439
51,77,0.12275520712137222,0.12179090827703476,0.0009597623720765114,0.045400019735097885,0.04008503630757332
51,78,0.3563039004802704,0.3476739525794983,0.0085239727050066,1.0599182844161987,0.04048614948987961
51,79,0.367675244808197,0.36423397064208984,0.003433214034885168,0.08045966923236847,0.019856266677379608
51,80,0.947939932346344,0.9109752178192139,0.036034636199474335,9.300981521606445,0.10796847939491272
51,81,0.9394314289093018,0.9302377700805664,0.00913340412080288,0.602879524230957,0.14580971002578735
51,82,0.33543169498443604,0.3310545086860657,0.004337625578045845,0.39537715911865234,0.04452088847756386
51,83,0.45706766843795776,0.4482143223285675,0.008815115317702293,0.3822464048862457,0.07153686136007309
51,84,0.3835466802120209,0.3795364499092102,0.003996831830590963,0.13425268232822418,0.025011390447616577
51,85,0.026177141815423965,0.025964610278606415,0.00021213015133980662,0.004007644020020962,0.008146258071064949
51,86,0.4519263207912445,0.442911297082901,0.008967123925685883,0.4788259267807007,0.06299962103366852
51,87,0.9749244451522827,0.9468096494674683,0.02751321531832218,6.0156660079956055,0.161818265914917
51,88,0.12139861285686493,0.11992932111024857,0.0014580918941646814,0.11199475824832916,0.0962827280163765
51,89,0.1268671154975891,0.12521237134933472,0.0016441683983430266,0.10581892728805542,0.09629468619823456
51,90,0.38595402240753174,0.38301101326942444,0.0029279650188982487,0.15040837228298187,0.024849720299243927
51,91,0.853361189365387,0.8457502126693726,0.007555766962468624,0.5520355105400085,0.09610617160797119
51,92,0.32944977283477783,0.326598197221756,0.0028403042815625668,0.11272471398115158,0.013253234326839447
51,93,0.019524961709976196,0.01939401589334011,0.00010033155558630824,0.30614426732063293,0.0033615005668252707
51,94,0.36465299129486084,0.36183303594589233,0.0028093631844967604,0.10593302547931671,0.01570211350917816
51,95,0.4480188190937042,0.44208234548568726,0.005905098281800747,0.31388843059539795,0.043061695992946625
51,96,1.1925852298736572,1.1664714813232422,0.025750722736120224,3.6301538944244385,0.14560474455356598
51,97,0.38129863142967224,0.37813490629196167,0.003154423087835312,0.09296165406703949,0.021497316658496857
51,98,0.04242664948105812,0.04183750972151756,0.0005528462352231145,0.3629244863986969,0.023680554702878
51,99,0.12906962633132935,0.12773397564888,0.001329788938164711,0.05862347036600113,0.047825124114751816
51,100,0.015176346525549889,0.015069155022501945,7.619557436555624e-05,0.3099666237831116,0.0030284873209893703
52,1,0.3731482923030853,0.37002450227737427,0.003113739425316453,0.10034328699111938,0.0223415307700634
52,2,0.4377371370792389,0.43126434087753296,0.0063863396644592285,0.8645714521408081,0.04304904490709305
52,3,0.01848987489938736,0.018402017652988434,5.7540259149391204e-05,0.3031705617904663,0.008852719329297543
52,4,0.019713498651981354,0.019582461565732956,9.775102807907388e-05,0.3328535556793213,0.0034263026900589466
52,5,0.04298028722405434,0.042385414242744446,0.0005581115838140249,0.3676293194293976,0.021598882973194122
52,6,0.649873673915863,0.6325504779815674,0.017123993486166,1.991930365562439,0.292382150888443
52,7,0.2335999459028244,0.23107674717903137,0.0025056195445358753,0.1758427917957306,0.04465995356440544
52,8,0.9655187129974365,0.9517456293106079,0.013703804463148117,0.6927284002304077,0.11302725970745087
52,9,0.3509719967842102,0.34621748328208923,0.004692488815635443,0.6202090978622437,0.03582371026277542
52,10,0.012086980976164341,0.012006618082523346,6.261579255806282e-05,0.17747202515602112,0.0422501266002655
52,11,0.417684942483902,0.4147018790245056,0.0029679378494620323,0.15141592919826508,0.024685725569725037
52,12,0.3440307080745697,0.34115540981292725,0.002859841100871563,0.15472528338432312,0.01741102710366249
52,13,0.12466524541378021,0.12369029223918915,0.000971181143540889,0.037706147879362106,0.03343096375465393
52,14,0.12473668903112411,0.12383195012807846,0.0009007516782730818,0.0398448221385479,0.03310356289148331
52,15,0.9665735363960266,0.9349470138549805,0.030806584283709526,8.199355125427246,0.1265023797750473
52,16,0.8840594291687012,0.8766495585441589,0.007360956631600857,0.48957371711730957,0.10748808830976486
52,17,0.025910982862114906,0.02575617842376232,0.0001227578759426251,0.3204624652862549,0.006979497615247965
52,18,0.02079506777226925,0.020664427429437637,9.856917313300073e-05,0.32070988416671753,0.0030986187048256397
52,19,0.9231841564178467,0.9124625325202942,0.010672662407159805,0.4895315170288086,0.09903955459594727
52,20,0.3975699245929718,0.3932340741157532,0.004322511609643698,0.1335620880126953,0.026738304644823074
52,21,0.40321972966194153,0.3996666371822357,0.0035354928113520145,0.17598843574523926,0.03621845692396164
52,22,0.7117096781730652,0.7023715376853943,0.009289992041885853,0.48144787549972534,0.09582861512899399
52,23,1.1849063634872437,1.15195894241333,0.0325331836938858,4.142045497894287,0.21789848804473877
52,24,0.014901284128427505,0.014814639464020729,6.703911640215665e-05,0.1960534155368805,0.08394716680049896
52,25,0.4214820861816406,0.4146348834037781,0.006722746882587671,1.244484305381775,0.05618761107325554
52,26,0.39320263266563416,0.38939180970191956,0.0037955897860229015,0.15234333276748657,0.030318735167384148
52,27,0.36933133006095886,0.3666701316833496,0.0026541510596871376,0.07018472999334335,0.033503398299217224
52,28,0.13030818104743958,0.12859828770160675,0.0016968456329777837,0.13048650324344635,0.09221227467060089
52,29,1.1036614179611206,1.0736804008483887,0.029563697054982185,4.173834800720215,0.12579502165317535
52,30,0.2607515752315521,0.25809240341186523,0.0026396564207971096,0.19530737400054932,0.05076787620782852
52,31,0.4140920639038086,0.4102020263671875,0.003866493934765458,0.23546232283115387,0.026518896222114563
52,32,0.4262409210205078,0.4193326234817505,0.006727352738380432,1.809665560722351,0.04528825730085373
52,33,0.12401609122753143,0.12220202386379242,0.0017991908825933933,0.14881592988967896,0.09642360359430313
52,34,0.254523903131485,0.25149619579315186,0.0029919904191046953,0.3570731282234192,0.0303228497505188
52,35,0.0129903145134449,0.012874673120677471,9.652326843934134e-05,0.19118516147136688,0.05977827310562134
52,36,0.1180376186966896,0.11681950092315674,0.0012051977682858706,0.12917065620422363,0.008302468806505203
52,37,0.3244476318359375,0.3182487189769745,0.006144204176962376,0.5471295714378357,0.039915211498737335
52,38,0.3484456539154053,0.3444322347640991,0.003989681601524353,0.23732036352157593,0.020372916013002396
52,39,0.9640839099884033,0.9371565580368042,0.02616894617676735,7.584392070770264,0.10594293475151062
52,40,0.016158452257514,0.016077686101198196,5.0907143304357305e-05,0.29857683181762695,0.0029570090118795633
52,41,0.3862418532371521,0.38210994005203247,0.004107998684048653,0.23905636370182037,0.027416378259658813
52,42,0.012358279898762703,0.012257523834705353,8.243798220064491e-05,0.18318286538124084,0.06206554174423218
52,43,1.1426758766174316,1.1120107173919678,0.03022153116762638,4.436117172241211,0.1511612832546234
52,44,0.8478089570999146,0.8304314017295837,0.017176134511828423,2.0138964653015137,0.5269745588302612
52,45,0.3539593517780304,0.3492080569267273,0.00472644530236721,0.24849633872509003,0.021156394854187965
52,46,0.029946597293019295,0.029732048511505127,0.00021414972434286028,0.003981088753789663,0.00802080798894167
52,47,0.012483413331210613,0.01236192137002945,0.00010332295642001554,0.18168725073337555,0.06568700075149536
52,48,0.424291729927063,0.4179789423942566,0.006150256842374802,1.6253143548965454,0.0613119974732399
52,49,0.8516592979431152,0.8420479893684387,0.00955261941999197,0.5871086716651917,0.11962664127349854
52,50,0.7209841012954712,0.7123870253562927,0.008547991514205933,0.49139779806137085,0.08673571050167084
52,51,0.8719615340232849,0.8480426669120789,0.023616138845682144,3.0271997451782227,0.5634362697601318
52,52,0.012777953408658504,0.012700272724032402,5.901263648411259e-05,0.18668442964553833,0.06342631578445435
52,53,1.088550090789795,1.0629982948303223,0.02519158087670803,3.6026017665863037,0.1418456733226776
52,54,0.20942580699920654,0.20749571919441223,0.0019100423669442534,0.2004723995923996,0.012389814481139183
52,55,0.9011541604995728,0.8789781332015991,0.02190442755818367,2.716176986694336,0.4491879642009735
52,56,1.1455363035202026,1.1173819303512573,0.02769671380519867,4.575868606567383,0.1250726878643036
52,57,0.027950506657361984,0.02778155915439129,0.00013845563807990402,0.30491626262664795,0.007716217543929815
52,58,0.8729265928268433,0.8466516137123108,0.025906139984726906,3.6883270740509033,0.45415058732032776
52,59,0.6215322613716125,0.6096148490905762,0.01178882084786892,1.2858400344848633,0.18714165687561035
52,60,0.013967667706310749,0.013867298141121864,8.241130854003131e-05,0.17959058284759521,0.054700516164302826
52,61,0.42055991291999817,0.4134243130683899,0.007107489742338657,0.2810153067111969,0.04727773368358612
52,62,0.8492053747177124,0.8210526704788208,0.027710476890206337,4.422253131866455,0.39129018783569336
52,63,0.9256062507629395,0.9141672849655151,0.011362011544406414,0.7692285776138306,0.09546563029289246
52,64,0.7138500809669495,0.7045977711677551,0.00920693576335907,0.45359939336776733,0.08778075873851776
52,65,0.8427367806434631,0.8143880367279053,0.027979370206594467,3.6938304901123047,0.431108295917511
52,66,0.44295239448547363,0.4352276921272278,0.007692752871662378,0.319419264793396,0.06535130739212036
52,67,0.8525729179382324,0.8432498574256897,0.009273651987314224,0.4941379427909851,0.11903402954339981
52,68,1.0230315923690796,0.9968741536140442,0.025613930076360703,5.435060024261475,0.16449867188930511
52,69,0.337079793214798,0.3330833911895752,0.003976285923272371,0.20120002329349518,0.016167588531970978
52,70,0.7500872015953064,0.741112232208252,0.008930264040827751,0.4471520781517029,0.07926639914512634
52,71,0.04592316970229149,0.04555514454841614,0.0003348655882291496,0.3315891921520233,0.020198874175548553
52,72,0.2055780291557312,0.20420530438423157,0.0013605549465864897,0.12171576172113419,0.00876655988395214
52,73,0.19385242462158203,0.19249451160430908,0.001341783907264471,0.16116705536842346,0.008925114758312702
52,74,0.8638468980789185,0.8436133861541748,0.019955869764089584,2.7763993740081787,0.6121100187301636
52,75,0.9047235250473022,0.8813562393188477,0.02278788387775421,5.794102191925049,0.13339880108833313
52,76,0.9503587484359741,0.9142836332321167,0.03508385270833969,9.912845611572266,0.14578421413898468
52,77,0.42507174611091614,0.41663020849227905,0.008313292637467384,1.282485008239746,0.0656244307756424
52,78,0.4418131411075592,0.43149393796920776,0.01006365567445755,2.555546998977661,0.07207417488098145
52,79,0.015492606908082962,0.015377793461084366,8.379053906537592e-05,0.31023097038269043,0.003283396828919649
52,80,1.0734609365463257,1.0441927909851074,0.028715992346405983,5.522144317626953,0.20889508724212646
52,81,0.020337043330073357,0.02021079882979393,9.474331454839557e-05,0.3150150775909424,0.004259300883859396
52,82,0.2973158359527588,0.2945631146430969,0.0027462188154459,0.06487923115491867,0.048774946480989456
52,83,0.3338339924812317,0.3275160491466522,0.006256419233977795,0.6151927709579468,0.040222957730293274
52,84,0.929699182510376,0.9194391965866089,0.010214047506451607,0.45948636531829834,0.08041194826364517
52,85,0.9424557685852051,0.9353557825088501,0.0070503936149179935,0.49584150314331055,0.10750506818294525
52,86,0.7798592448234558,0.7644250988960266,0.01520443707704544,2.297236919403076,0.28641432523727417
52,87,0.10701470822095871,0.1066192016005516,0.00035792961716651917,0.37576824426651,0.02073391154408455
52,88,0.3116736114025116,0.30774229764938354,0.003920344635844231,0.10970760136842728,0.012008190155029297
52,89,0.40381869673728943,0.39735832810401917,0.006356761325150728,1.0359492301940918,0.058328304439783096
52,90,0.3593595325946808,0.35565415024757385,0.00368321081623435,0.22165518999099731,0.023140542209148407
52,91,0.9264032244682312,0.917336106300354,0.009019976481795311,0.4712177813053131,0.09009186923503876
52,92,0.32805487513542175,0.3248891532421112,0.003140693064779043,0.2502773404121399,0.04081077501177788
52,93,0.8495054841041565,0.8417357206344604,0.007720609195530415,0.49174001812934875,0.10878632962703705
52,94,0.4542654752731323,0.44833630323410034,0.0057810572907328606,1.4812226295471191,0.05833601951599121
52,95,0.4307762384414673,0.4244733452796936,0.006277849432080984,0.2503206133842468,0.05526795610785484
52,96,0.014791629277169704,0.014713786542415619,5.9596513892756775e-05,0.18246446549892426,0.04661930352449417
52,97,0.8975765109062195,0.8740078806877136,0.023165084421634674,4.035016059875488,0.32922643423080444
52,98,0.26197266578674316,0.2592211365699768,0.0027337600477039814,0.17759424448013306,0.0638820081949234
52,99,0.630858838558197,0.6167888641357422,0.013909516856074333,1.6043362617492676,0.2803860008716583
52,100,0.8878478407859802,0.8766196370124817,0.011141343042254448,0.8684583902359009,0.15663254261016846
53,1,0.32570433616638184,0.32125717401504517,0.004405416082590818,0.41747766733169556,0.049934983253479004
53,2,0.12971222400665283,0.12790542840957642,0.0017958525568246841,0.10944405198097229,0.09707313030958176
53,3,0.7237527966499329,0.7129226922988892,0.01077304594218731,0.5704593658447266,0.10595782101154327
53,4,0.020717399194836617,0.02062884531915188,7.121245289454237e-05,0.17340554296970367,0.04577942192554474
53,5,0.34101805090904236,0.3361250162124634,0.004849929828196764,0.43108388781547546,0.040228188037872314
53,6,0.45673036575317383,0.4440758228302002,0.012612218037247658,0.42310214042663574,0.07083386182785034
53,7,0.04490010067820549,0.044500745832920074,0.0003674046602100134,0.3195222318172455,0.01742202788591385
53,8,0.020323587581515312,0.020238125696778297,5.7869321608450264e-05,0.27593475580215454,0.002987092360854149
53,9,1.1842344999313354,1.1322102546691895,0.05043189600110054,15.923912048339844,0.1907317042350769
53,10,0.3757610321044922,0.37304651737213135,0.002706722589209676,0.07772161066532135,0.017804007977247238
53,11,0.9057483077049255,0.8733234405517578,0.03194723278284073,4.776021480560303,0.6538314819335938
53,12,0.7548447847366333,0.7425781488418579,0.01220430713146925,0.6234009265899658,0.08230791985988617
53,13,0.23688404262065887,0.23462331295013428,0.0022467640228569508,0.13967560231685638,0.04121657833456993
53,14,1.2176616191864014,1.1744650602340698,0.042585454881191254,6.11119270324707,0.16986200213432312
53,15,0.3436603546142578,0.33952561020851135,0.0040996200405061245,0.3513563871383667,0.028676506131887436
53,16,0.7801604866981506,0.7558435797691345,0.02394438162446022,3.7254037857055664,0.26787519454956055
53,17,0.2281610071659088,0.22630992531776428,0.0018417567480355501,0.09321603924036026,0.04279046505689621
53,18,0.935115396976471,0.9269629716873169,0.008116080425679684,0.3633120656013489,0.06935779750347137
53,19,0.32588255405426025,0.32246047258377075,0.0033972389064729214,0.248446524143219,0.04109218716621399
53,20,0.315175861120224,0.31246423721313477,0.0026946738362312317,0.16965244710445404,0.1139814555644989
53,21,0.017994118854403496,0.01788800023496151,8.83913817233406e-05,0.1772623509168625,0.09197023510932922
53,22,0.13294954597949982,0.13126765191555023,0.0016705498564988375,0.11342082172632217,0.12610028684139252
53,23,1.2738789319992065,1.2516536712646484,0.02189529500901699,3.300112247467041,0.17098012566566467
53,24,0.11973851174116135,0.11863048374652863,0.0011032337788492441,0.04793094843626022,0.052922919392585754
53,25,0.8563457131385803,0.8485565185546875,0.007743237540125847,0.45949429273605347,0.13743631541728973
53,26,0.33022022247314453,0.32574960589408875,0.00443162489682436,0.38974669575691223,0.05897399038076401
53,27,0.011855263262987137,0.011782855726778507,5.5223765230039135e-05,0.17184214293956757,0.06930919736623764
53,28,0.025161167606711388,0.02499331347644329,0.000138436138513498,0.29418668150901794,0.007251997012645006
53,29,0.9076511859893799,0.8845152854919434,0.022819777950644493,3.161391496658325,0.6636080145835876
53,30,0.12592995166778564,0.12429353594779968,0.0016245555598288774,0.11866047233343124,0.09315464645624161
53,31,0.6759973764419556,0.6607605814933777,0.015006503090262413,2.3034019470214844,0.23115602135658264
53,32,0.4263682961463928,0.4195408523082733,0.006638903170824051,1.885297179222107,0.04334366321563721
53,33,0.02137596532702446,0.02128807082772255,6.220345676410943e-05,0.25691503286361694,0.0025378763675689697
53,34,0.3548038899898529,0.34966033697128296,0.005102792754769325,0.40782663226127625,0.03522838279604912
53,35,0.02535010129213333,0.025226501747965813,9.525015775579959e-05,0.28349605202674866,0.002798386150971055
53,36,0.13068419694900513,0.1299108862876892,0.0007689448539167643,0.043663639575242996,0.03334454819560051
53,37,0.23911958932876587,0.2365071177482605,0.002597124082967639,0.15343283116817474,0.04746991768479347
53,38,0.025982191786170006,0.025806378573179245,0.00014346081297844648,0.32352420687675476,0.006371930241584778
53,39,0.04150275141000748,0.041045308113098145,0.00042267434764653444,0.3476666808128357,0.015609566122293472
53,40,0.43124255537986755,0.42580199241638184,0.005357667338103056,0.8292117714881897,0.0333324670791626
53,41,0.35043883323669434,0.3474266827106476,0.00299313897266984,0.1900762915611267,0.01198987290263176
53,42,0.9996049404144287,0.9900722503662109,0.009481217712163925,0.5148385763168335,0.06995493918657303
53,43,0.3952595889568329,0.3908633887767792,0.0043723126873373985,0.2389603704214096,0.033550333231687546
53,44,0.01731823943555355,0.01724373921751976,5.607099592452869e-05,0.18429136276245117,0.0678049623966217
53,45,0.9168346524238586,0.8997501134872437,0.016958758234977722,1.2575691938400269,0.07995584607124329
53,46,0.8888588547706604,0.8793863654136658,0.009399503469467163,0.7301318645477295,0.14208289980888367
53,47,0.8665404319763184,0.8315771818161011,0.03448287397623062,4.803620338439941,0.3743244707584381
53,48,0.01969403401017189,0.019600847736001015,7.438487955369055e-05,0.18801403045654297,0.07324112206697464
53,49,0.04072635620832443,0.04053226858377457,0.00015596236335113645,0.3812284469604492,0.007302206940948963
53,50,1.1219935417175293,1.0943398475646973,0.027283038944005966,3.7065253257751465,0.176261767745018
53,51,1.0024093389511108,0.9593901634216309,0.041773825883865356,12.453981399536133,0.12718436121940613
53,52,0.6173273324966431,0.6042268872261047,0.012928183190524578,1.7226762771606445,0.25140881538391113
53,53,0.6802896857261658,0.6717762351036072,0.00846825260668993,0.45161283016204834,0.08185981214046478
53,54,0.23809878528118134,0.2351495623588562,0.0029283342882990837,0.2089191973209381,0.06105571612715721
53,55,0.026253094896674156,0.026160556823015213,6.711210153298452e-05,0.2542424499988556,0.003145344788208604
53,56,0.397845059633255,0.39399194717407227,0.0038318918086588383,0.21212804317474365,0.02997482568025589
53,57,0.050331808626651764,0.04978138953447342,0.0005238426383584738,0.26576828956604004,0.016436854377388954
53,58,1.2923401594161987,1.273078441619873,0.018931614235043526,3.300499200820923,0.09641734510660172
53,59,0.36632606387138367,0.3605450987815857,0.00570215517655015,0.7879406213760376,0.03771625831723213
53,60,0.4351302981376648,0.42794275283813477,0.007034873124212027,1.5267322063446045,0.041660647839307785
53,61,0.4944659471511841,0.48660165071487427,0.007828046567738056,0.3625030517578125,0.07204525917768478
53,62,0.015212418511509895,0.015143254771828651,5.6571174354758114e-05,0.1259201616048813,0.03301813080906868
53,63,0.9874477982521057,0.9605590105056763,0.02647087164223194,4.1789960861206055,0.5291566848754883
53,64,0.4322211742401123,0.4225113093852997,0.009557975456118584,1.5190950632095337,0.04792818799614906
53,65,0.33889609575271606,0.33414754271507263,0.004725500009953976,0.230780690908432,0.03114801086485386
53,66,0.8848311901092529,0.8716126084327698,0.013125807978212833,0.927679181098938,0.19557806849479675
53,67,0.40028876066207886,0.39581525325775146,0.004446984268724918,0.26524317264556885,0.044009432196617126
53,68,0.4248669445514679,0.41710710525512695,0.0075664217583835125,1.9342448711395264,0.07186338305473328
53,69,1.0084338188171387,0.9736893177032471,0.034093305468559265,6.512930393218994,0.6743168830871582
53,70,0.8770830631256104,0.8646259307861328,0.012408776208758354,0.4835377335548401,0.10376235842704773
53,71,0.6267898678779602,0.6127187609672546,0.013903245329856873,1.6786329746246338,0.21299923956394196
53,72,0.8656555414199829,0.8559595346450806,0.00963241420686245,0.6361100077629089,0.1079864576458931
53,73,0.7946814298629761,0.7843945026397705,0.010218186303973198,0.6871784925460815,0.08218199014663696
53,74,0.013347860425710678,0.013271266594529152,6.461245357058942e-05,0.11981695890426636,0.04303719848394394
53,75,0.22936223447322845,0.22794006764888763,0.001414070138707757,0.08091147243976593,0.03348792344331741
53,76,0.6239838004112244,0.6098314523696899,0.013955659233033657,1.966695785522461,0.1702277958393097
53,77,0.9142318964004517,0.8715733885765076,0.0420764796435833,5.8205413818359375,0.5070967674255371
53,78,1.1728825569152832,1.1201753616333008,0.051938217133283615,7.690047264099121,0.17978426814079285
53,79,0.9446697235107422,0.9115657806396484,0.032498799264431,6.051914215087891,0.11102776229381561
53,80,0.13555966317653656,0.13470366597175598,0.0008522321586497128,0.03767361119389534,0.03880717605352402
53,81,0.8280970454216003,0.8078746795654297,0.019941456615924835,2.809218645095825,0.3474491834640503
53,82,0.9452636241912842,0.9343591928482056,0.010791733860969543,1.1268829107284546,0.1464771032333374
53,83,0.9583454728126526,0.9350888729095459,0.02273734286427498,5.192562580108643,0.12194877862930298
53,84,0.8198200464248657,0.8128652572631836,0.006913891062140465,0.4086058437824249,0.12439603358507156
53,85,0.9868703484535217,0.9646428823471069,0.021926412358880043,3.0106568336486816,0.6375035643577576
53,86,0.3809710443019867,0.37779340147972107,0.003169025294482708,0.08627355843782425,0.027014099061489105
53,87,0.7147217988967896,0.706416130065918,0.008266113698482513,0.39553260803222656,0.0905066430568695
53,88,0.44294071197509766,0.43614351749420166,0.006652521900832653,1.446619987487793,0.062396809458732605
53,89,0.13298626244068146,0.13132978975772858,0.0016455918084830046,0.10874531418085098,0.09655508399009705
53,90,0.34362587332725525,0.3403233289718628,0.0032849335111677647,0.17599663138389587,0.014381537213921547
53,91,0.12935401499271393,0.12833282351493835,0.0010168260196223855,0.043664995580911636,0.04216959327459335
53,92,0.3344566226005554,0.32954931259155273,0.004865457769483328,0.41853049397468567,0.04463062435388565
53,93,0.8561918139457703,0.8291260004043579,0.026638180017471313,4.27674674987793,0.3435452878475189
53,94,1.1852248907089233,1.1524474620819092,0.0321546345949173,6.227627277374268,0.187358558177948
53,95,0.3843521773815155,0.38012078404426575,0.004148240201175213,0.8314087390899658,0.04325727000832558
53,96,0.9792946577072144,0.9487301707267761,0.03010164201259613,4.628448963165283,0.3393370509147644
53,97,0.022920167073607445,0.022816192358732224,7.74269356043078e-05,0.2654796242713928,0.007672004401683807
53,98,0.2283078134059906,0.22558249533176422,0.002708952873945236,0.1636757254600525,0.04889828711748123
53,99,1.1291254758834839,1.0871210098266602,0.041107453405857086,8.970312118530273,0.21543458104133606
53,100,1.0128470659255981,0.9710541367530823,0.04078347980976105,10.094226837158203,0.19521868228912354
54,1,0.9486449956893921,0.9225293397903442,0.02554653398692608,5.690873146057129,0.10535186529159546
54,2,0.3477967381477356,0.3443710207939148,0.0034044673666357994,0.21249262988567352,0.01642858050763607
54,3,0.8340252637863159,0.8169640302658081,0.016828032210469246,2.3318018913269043,0.5205988883972168
54,4,0.8873005509376526,0.8804579377174377,0.006797708570957184,0.4488750696182251,0.09681166708469391
54,5,1.268991470336914,1.244584083557129,0.024047773331403732,3.596628189086914,0.1451210379600525
54,6,1.2346254587173462,1.2082349061965942,0.02596515789628029,4.253872394561768,0.1569165587425232
54,7,0.9662013053894043,0.9553202986717224,0.010835124179720879,0.45910313725471497,0.10038265585899353
54,8,0.7178063988685608,0.7080239057540894,0.009732960723340511,0.49554190039634705,0.08777634799480438
54,9,0.9070945978164673,0.8724240660667419,0.034114520996809006,5.559985160827637,0.46895039081573486
54,10,0.9565371870994568,0.9248684644699097,0.03116413950920105,5.045678615570068,0.7270548343658447
54,11,1.0354893207550049,0.995789110660553,0.03866816312074661,10.320048332214355,0.16924484074115753
54,12,0.8682664036750793,0.8595399856567383,0.008694484829902649,0.31943339109420776,0.06932748109102249
54,13,0.32207101583480835,0.3186836242675781,0.003360582049936056,0.2682362496852875,0.027760863304138184
54,14,0.023944683372974396,0.02384147234261036,7.666526653338224e-05,0.2654639780521393,0.002764575183391571
54,15,0.42980995774269104,0.4246037006378174,0.005100107751786709,1.0616412162780762,0.02421819418668747
54,16,0.42612960934638977,0.42134979367256165,0.004727326333522797,0.5249137282371521,0.021488428115844727
54,17,0.42341235280036926,0.41698119044303894,0.0063387444242835045,0.9242287278175354,0.023945022374391556
54,18,0.8450576663017273,0.8394052386283875,0.00563252717256546,0.19919435679912567,0.04095394164323807
54,19,0.12223342806100845,0.12114937603473663,0.001080000656656921,0.04052583500742912,0.032139524817466736
54,20,0.029034323990345,0.02887919172644615,0.00012126311776228249,0.3386888802051544,0.006266382057219744
54,21,0.35132911801338196,0.34728068113327026,0.004021286964416504,0.27144718170166016,0.021168632432818413
54,22,0.8816604614257812,0.8712551593780518,0.010336809791624546,0.6849856376647949,0.064353346824646
54,23,1.0917637348175049,1.0644335746765137,0.026964928954839706,3.6523027420043945,0.10746020078659058
54,24,0.8693516254425049,0.8455169200897217,0.023494428023695946,3.4029948711395264,0.24988502264022827
54,25,0.3788233995437622,0.3677932024002075,0.010934479534626007,0.9573331475257874,0.06924621760845184
54,26,0.8523825407028198,0.8264254331588745,0.025505688041448593,4.514237403869629,0.5183523893356323
54,27,0.26129472255706787,0.25556671619415283,0.005694523453712463,0.33489421010017395,0.09407888352870941
54,28,0.0628325417637825,0.062236469238996506,0.0005524349980987608,0.4363638162612915,0.020600266754627228
54,29,1.1044806241989136,1.065685749053955,0.03802741318941116,7.674295425415039,0.28025537729263306
54,30,0.8569104075431824,0.8310293555259705,0.02547420933842659,4.068641185760498,0.43744656443595886
54,31,0.8639844059944153,0.8429332971572876,0.02074882760643959,3.022676944732666,0.6129897832870483
54,32,0.23630347847938538,0.23341470956802368,0.002875236328691244,0.1353146880865097,0.06365203857421875
54,33,0.5855451822280884,0.5740517377853394,0.011366527527570724,1.2691621780395508,0.24855485558509827
54,34,0.13727951049804688,0.1344779133796692,0.0027879003901034594,0.13691839575767517,0.11092434078454971
54,35,0.974831759929657,0.9472994208335876,0.026800794526934624,7.3150153160095215,0.11224069446325302
54,36,1.094038724899292,1.0747923851013184,0.01899157650768757,2.547642230987549,0.08496823906898499
54,37,0.230019211769104,0.22848820686340332,0.0015205969102680683,0.10394737124443054,0.026334896683692932
54,38,0.39869099855422974,0.39602380990982056,0.0026518129743635654,0.1538531482219696,0.019298044964671135
54,39,1.072885513305664,1.051943063735962,0.020604128018021584,3.3826818466186523,0.18888729810714722
54,40,1.2034224271774292,1.177855134010315,0.025035982951521873,5.313684940338135,0.13666099309921265
54,41,0.8190646767616272,0.7938617467880249,0.024837754666805267,3.6521716117858887,0.3175960183143616
54,42,0.4543038010597229,0.4438864588737488,0.010366261005401611,0.5107595920562744,0.09491042792797089
54,43,1.253126621246338,1.1906442642211914,0.06059356778860092,18.887821197509766,0.26994219422340393
54,44,0.6702231764793396,0.6476267576217651,0.022240255028009415,3.5613455772399902,0.36411696672439575
54,45,1.046406626701355,1.0077528953552246,0.0378323569893837,8.21324634552002,0.24105393886566162
54,46,0.3451080322265625,0.3416599631309509,0.003429864766076207,0.18215583264827728,0.010505730286240578
54,47,0.03214766085147858,0.0320686511695385,6.146051600808278e-05,0.1754809021949768,0.004478581249713898
54,48,0.14843596518039703,0.14737854897975922,0.0010501195210963488,0.07308322191238403,0.06179258972406387
54,49,0.4588509500026703,0.4560820460319519,0.0027552172541618347,0.1367819905281067,0.01722538098692894
54,50,0.11799480766057968,0.1175014078617096,0.0004908796399831772,0.025146931409835815,0.024589985609054565
54,51,0.4593992531299591,0.4572705626487732,0.0020936219953000546,0.3508666753768921,0.020179228857159615
54,52,0.6318316459655762,0.626781702041626,0.004992330446839333,0.5763300061225891,0.1610264778137207
54,53,0.13112789392471313,0.13052751123905182,0.0005972565850242972,0.03126845136284828,0.03765871003270149
54,54,0.4287598133087158,0.4258827567100525,0.002830877434462309,0.4619580805301666,0.05366278439760208
54,55,0.11969470232725143,0.1188318282365799,0.0008597297128289938,0.031446970999240875,0.04495832324028015
54,56,1.0512535572052002,1.0330870151519775,0.01771773211658001,4.488351821899414,0.10346602648496628
54,57,0.42010498046875,0.41588425636291504,0.004168652929365635,0.5205533504486084,0.04928431659936905
54,58,0.017245912924408913,0.01712751016020775,0.00010132451279787347,0.17077778279781342,0.07316844165325165
54,59,0.9914571046829224,0.9689382314682007,0.02187773585319519,6.411197185516357,0.20744776725769043
54,60,1.1312366724014282,1.089131236076355,0.041147686541080475,9.577713966369629,0.2268984168767929
54,61,0.8834899067878723,0.8698917627334595,0.013544812798500061,0.5334453582763672,0.14715945720672607
54,62,0.39194199442863464,0.38643020391464233,0.005495957564562559,0.15837742388248444,0.03860103338956833
54,63,0.4422169625759125,0.4326043725013733,0.009477438405156136,1.3515669107437134,0.06857108324766159
54,64,0.4145168364048004,0.40848103165626526,0.005977321416139603,0.5845779180526733,0.04205123707652092
54,65,0.13672704994678497,0.13442108035087585,0.002291918732225895,0.1405283808708191,0.11563261598348618
54,66,0.321790486574173,0.3172040283679962,0.004556422121822834,0.30043256282806396,0.03884559124708176
54,67,1.0456234216690063,0.9877188205718994,0.056363463401794434,15.411396026611328,0.15686802566051483
54,68,0.20281870663166046,0.20103240013122559,0.0017711244290694594,0.15184861421585083,0.008164915256202221
54,69,0.4253579080104828,0.41951125860214233,0.005761898122727871,0.8475492000579834,0.03018619865179062
54,70,0.9848446846008301,0.9621275663375854,0.022575359791517258,1.417149543762207,0.07714937627315521
54,71,0.34189391136169434,0.33811378479003906,0.0037529729306697845,0.2716282308101654,0.028377914801239967
54,72,0.3913222849369049,0.388522744178772,0.00277464441023767,0.24890221655368805,0.023502320051193237
54,73,0.33373305201530457,0.33034029603004456,0.0033662724308669567,0.26488232612609863,0.03066432662308216
54,74,0.12270102649927139,0.12192399799823761,0.000773474108427763,0.0355566143989563,0.031114792451262474
54,75,1.0903345346450806,1.0695216655731201,0.02025695890188217,5.559293746948242,0.11790785193443298
54,76,1.0043505430221558,0.9792079329490662,0.024577081203460693,5.655671119689941,0.08890458941459656
54,77,0.1287592500448227,0.12780633568763733,0.0009486926719546318,0.042126018553972244,0.04470030590891838
54,78,1.2300933599472046,1.2019762992858887,0.027290893718600273,8.261402130126953,0.14981603622436523
54,79,0.34274762868881226,0.3380047678947449,0.004717416130006313,0.2545170783996582,0.02624628320336342
54,80,0.2273259460926056,0.2253691554069519,0.0019456695299595594,0.11122620105743408,0.05829448997974396
54,81,0.38894030451774597,0.3853926956653595,0.0035308203659951687,0.1676463782787323,0.04433666169643402
54,82,0.3785433769226074,0.3745230436325073,0.00400745403021574,0.1286105215549469,0.03921082243323326
54,83,0.404681533575058,0.3990386724472046,0.0056191072799265385,0.23742541670799255,0.050397902727127075
54,84,0.9051530957221985,0.8882220387458801,0.016807900741696358,1.2312756776809692,0.2926536202430725
54,85,0.44130563735961914,0.43381959199905396,0.007339612580835819,1.4641488790512085,0.05745112895965576
54,86,1.0851595401763916,1.0306386947631836,0.05348888784646988,10.319881439208984,0.9171374440193176
54,87,0.043025754392147064,0.04288166016340256,0.00014382605149876326,0.002690365305170417,0.006097134202718735
54,88,0.3396754562854767,0.33615821599960327,0.0034861494787037373,0.31096357107162476,0.03760445490479469
54,89,0.3210201561450958,0.3186778724193573,0.0023257413413375616,0.1653735488653183,0.030879823490977287
54,90,0.2431887537240982,0.24174553155899048,0.0014325060183182359,0.10710165649652481,0.03590807318687439
54,91,0.9779577255249023,0.9688810706138611,0.008995318785309792,0.8134315013885498,0.07639530301094055
54,92,0.04454384371638298,0.04430856555700302,0.00021133056725375354,0.23944443464279175,0.010557787492871284
54,93,0.23954986035823822,0.23815549910068512,0.0013870687689632177,0.07291678339242935,0.03072204254567623
54,94,0.4564225971698761,0.4530000686645508,0.003364426549524069,0.5810227990150452,0.018710952252149582
54,95,0.25498124957084656,0.2533056437969208,0.0016651388723403215,0.10467392951250076,0.03855612128973007
54,96,0.14550919830799103,0.1444302201271057,0.0010692481882870197,0.09735863655805588,0.06391620635986328
54,97,0.042916189879179,0.04240979626774788,0.00047564515261910856,0.30746784806251526,0.01601075381040573
54,98,0.011531619355082512,0.011454030871391296,6.323971319943666e-05,0.14348937571048737,0.05590067058801651
54,99,0.05075565725564957,0.05024801567196846,0.00047225304297171533,0.3539169430732727,0.021536771208047867
54,100,1.1474812030792236,1.1280720233917236,0.019149605184793472,2.5955557823181152,0.08572232723236084
55,1,1.136915922164917,1.1125380992889404,0.02406131848692894,3.1652660369873047,0.08892452716827393
55,2,0.4190983176231384,0.4126981794834137,0.006307690404355526,0.9244120717048645,0.048198580741882324
55,3,0.4637370705604553,0.45636308193206787,0.007336335256695747,0.37640610337257385,0.047956086695194244
55,4,0.029059957712888718,0.028879882767796516,0.00014634319813922048,0.33731839060783386,0.0066976407542824745
55,5,0.24382655322551727,0.24075672030448914,0.003048819024115801,0.2101065218448639,0.082036092877388
55,6,0.4291355013847351,0.4208100438117981,0.00810206774622202,2.2339067459106445,0.06007195636630058
55,7,0.36610695719718933,0.3615611493587494,0.004533868283033371,0.11949057132005692,0.023743800818920135
55,8,1.0658082962036133,1.0351238250732422,0.030018456280231476,6.659828186035156,0.19649255275726318
55,9,1.0272200107574463,0.995678722858429,0.031008567661046982,5.3271636962890625,0.199078768491745
55,10,0.020778968930244446,0.02072542905807495,4.139134398428723e-05,0.12148859351873398,0.0226987786591053
55,11,1.0905835628509521,1.0606672763824463,0.02927938848733902,6.369837284088135,0.18384568393230438
55,12,1.1442201137542725,1.109947919845581,0.03320114687085152,10.711392402648926,0.1426706463098526
55,13,0.8339214324951172,0.8236701488494873,0.010184692218899727,0.6658428907394409,0.11848224699497223
55,14,0.941756546497345,0.9080196022987366,0.03285730630159378,8.796659469604492,0.0995870977640152
55,15,0.3819672465324402,0.37827154994010925,0.003681216621771455,0.14478039741516113,0.018914390355348587
55,16,0.12599852681159973,0.125174880027771,0.0008196412236429751,0.040147919207811356,0.02891608327627182
55,17,0.348653644323349,0.34504571557044983,0.0035971677862107754,0.10765549540519714,0.01694399118423462
55,18,0.38746246695518494,0.38392210006713867,0.003528840374201536,0.1152728721499443,0.01869221217930317
55,19,0.25325486063957214,0.2510126233100891,0.0022285026498138905,0.13743239641189575,0.02992851287126541
55,20,0.8692916035652161,0.8559194803237915,0.013320036232471466,0.5211445689201355,0.10550405085086823
55,21,0.8830955028533936,0.8716192245483398,0.011393078602850437,0.8323160409927368,0.14049340784549713
55,22,0.12380905449390411,0.1216665580868721,0.0021312234457582235,0.11274310201406479,0.06781008839607239
55,23,0.33513468503952026,0.32995739579200745,0.005124273709952831,0.5302296876907349,0.035259976983070374
55,24,0.34981852769851685,0.3448929786682129,0.00489663565531373,0.28906527161598206,0.01960211992263794
55,25,0.38795027136802673,0.3836653530597687,0.004273869097232819,0.11043765395879745,0.02451518177986145
55,26,1.2237602472305298,1.1828255653381348,0.04037259891629219,5.620663166046143,0.18862619996070862
55,27,0.4227622449398041,0.4165636897087097,0.006116174627095461,0.8238213062286377,0.03623293340206146
55,28,0.03087017498910427,0.030741117894649506,0.00010408263187855482,0.24974378943443298,0.005434864200651646
55,29,0.41341832280158997,0.40754586458206177,0.005770014598965645,1.0241845846176147,0.03509078174829483
55,30,0.867424726486206,0.8550944328308105,0.012292303144931793,0.3796423673629761,0.09647196531295776
55,31,0.12711292505264282,0.12590943276882172,0.0011984545271843672,0.05032737925648689,0.051620930433273315
55,32,1.0229753255844116,0.9956656694412231,0.0266805998980999,6.290952682495117,0.1579860895872116
55,33,0.9247793555259705,0.9137731790542603,0.010954809375107288,0.513534426689148,0.09935621917247772
55,34,0.39600297808647156,0.3924647271633148,0.0035268287174403667,0.11408925801515579,0.027027877047657967
55,35,0.425410658121109,0.4186747074127197,0.006703678518533707,0.32268792390823364,0.04816306009888649
55,36,0.3887486755847931,0.38446882367134094,0.004261116497218609,0.18730875849723816,0.02650238387286663
55,37,0.621123731136322,0.6102630496025085,0.010737651027739048,1.2301621437072754,0.19504065811634064
55,38,0.763803243637085,0.7456783056259155,0.01772218570113182,4.027266025543213,0.21312972903251648
55,39,0.3058280050754547,0.3030051589012146,0.002803437178954482,0.19414472579956055,0.04425709694623947
55,40,0.4264766573905945,0.41971439123153687,0.006623860448598862,1.3840471506118774,0.06404711306095123
55,41,0.42459729313850403,0.41987550258636475,0.004691724665462971,0.3008498549461365,0.0428483746945858
55,42,0.1347864419221878,0.1337035745382309,0.0010776848066598177,0.05192376673221588,0.06229841336607933
55,43,0.23660308122634888,0.23393875360488892,0.0026495889760553837,0.1473918855190277,0.06524883210659027
55,44,0.22607986629009247,0.22393031418323517,0.0021370728500187397,0.1247919499874115,0.05963088572025299
55,45,0.3706766963005066,0.3679283559322357,0.002741284668445587,0.07051654160022736,0.038885943591594696
55,46,0.02067209966480732,0.020544955506920815,9.578010212862864e-05,0.3136276602745056,0.003331227693706751
55,47,0.04219335690140724,0.041580379009246826,0.0005788888083770871,0.3409097492694855,0.018230890855193138
55,48,0.6216504573822021,0.6076880693435669,0.013809130527079105,1.532606840133667,0.20652496814727783
55,49,0.9167966842651367,0.903668999671936,0.013012615032494068,1.1510518789291382,0.13226428627967834
55,50,1.1320712566375732,1.101175308227539,0.03044460341334343,4.512833118438721,0.1707918643951416
55,51,0.1333341896533966,0.1314290314912796,0.0018920927541330457,0.13067694008350372,0.09908368438482285
55,52,0.23338516056537628,0.23117032647132874,0.002199184149503708,0.15652799606323242,0.04359964281320572
55,53,0.12471658736467361,0.12354910373687744,0.0011627055937424302,0.047762542963027954,0.041846491396427155
55,54,0.3380698263645172,0.33273643255233765,0.005269693676382303,0.6369958519935608,0.03525269031524658
55,55,0.13434329628944397,0.1327928751707077,0.0015415307134389877,0.08902225643396378,0.0890793576836586
55,56,0.18869780004024506,0.1873410940170288,0.0013400110183283687,0.16686075925827026,0.009342361241579056
55,57,0.22312165796756744,0.22148598730564117,0.001628573052585125,0.07093208283185959,0.042138345539569855
55,58,0.1277712732553482,0.1268642395734787,0.0009030448854900897,0.039981909096241,0.043720945715904236
55,59,0.4114803075790405,0.40608102083206177,0.00528319925069809,1.1607708930969238,0.03741057217121124
55,60,0.9985135793685913,0.969331681728363,0.028494086116552353,6.878472805023193,0.10212403535842896
55,61,0.012765491381287575,0.012667817994952202,8.151457586791366e-05,0.16158871352672577,0.07280321419239044
55,62,0.01310638152062893,0.013008588925004005,8.151326619554311e-05,0.16279225051403046,0.06952093541622162
55,63,0.22417210042476654,0.22229570150375366,0.001857951981946826,0.1844159960746765,0.011345148086547852
55,64,1.003995418548584,0.9832406044006348,0.020308468490839005,4.462932586669922,0.1381652057170868
55,65,0.22856558859348297,0.2262832224369049,0.002269977703690529,0.12389934062957764,0.04737706109881401
55,66,0.2232574224472046,0.2211349755525589,0.0021117785945534706,0.10667722672224045,0.04720360040664673
55,67,0.23728047311306,0.23518523573875427,0.0020822188816964626,0.13019481301307678,0.05264623463153839
55,68,0.47452566027641296,0.46432942152023315,0.01013261079788208,0.6362109184265137,0.06703755259513855
55,69,0.021820025518536568,0.021662835031747818,0.0001569291780469939,0.002615150064229965,0.004158826544880867
55,70,0.43645352125167847,0.4287729263305664,0.007646603975445032,0.3401148319244385,0.06081657111644745
55,71,0.4696936011314392,0.4599156081676483,0.00962718017399311,1.508094072341919,0.043117865920066833
55,72,0.33924853801727295,0.33410781621932983,0.005098273977637291,0.4242408871650696,0.04664912819862366
55,73,0.18175353109836578,0.18035493791103363,0.001385263865813613,0.13337935507297516,0.009980298578739166
55,74,0.017407303676009178,0.01732928305864334,5.393091851146892e-05,0.2408999800682068,0.0021321605890989304
55,75,0.8946448564529419,0.8857835531234741,0.008827435784041882,0.33867907524108887,0.08976646512746811
55,76,0.6736851930618286,0.6573117971420288,0.016130592674016953,2.4282703399658203,0.240563303232193
55,77,0.31609615683555603,0.3124697804450989,0.0036001368425786495,0.2621912360191345,0.04110148549079895
55,78,0.38245993852615356,0.37898704409599304,0.0034619150683283806,0.10959167033433914,0.0225384421646595
55,79,0.02763993665575981,0.027488011866807938,0.0001268753840122372,0.2504940330982208,0.008757841773331165
55,80,0.18367189168930054,0.1823553442955017,0.0013037670869380236,0.1278446912765503,0.00987604446709156
55,81,0.42395782470703125,0.41769611835479736,0.006175339687615633,0.8637310862541199,0.03738067299127579
55,82,0.01562209241092205,0.015530874021351337,7.524366083089262e-05,0.1597520112991333,0.08303867280483246
55,83,0.8628122806549072,0.8349805474281311,0.027346570044755936,4.851856708526611,0.48014023900032043
55,84,0.12180673331022263,0.1210336685180664,0.0007684003794565797,0.0466703437268734,0.043740950524806976
55,85,0.017469024285674095,0.017387352883815765,5.865039929631166e-05,0.23021019995212555,0.0019208169542253017
55,86,1.0213757753372192,0.9862289428710938,0.034091025590896606,10.558706283569336,0.1562456488609314
55,87,0.42098259925842285,0.4135296642780304,0.007342078257352114,1.108504295349121,0.03548646345734596
55,88,0.0184654351323843,0.018385257571935654,5.711735866498202e-05,0.23060312867164612,0.0021245903335511684
55,89,0.4638630449771881,0.45601987838745117,0.007800980471074581,0.4221183955669403,0.06429550051689148
55,90,0.28593549132347107,0.28359073400497437,0.0023393630981445312,0.05380401760339737,0.05149786174297333
55,91,1.1437362432479858,1.111246109008789,0.031955868005752563,5.343550682067871,0.18120849132537842
55,92,0.45437705516815186,0.443962961435318,0.010376691818237305,0.37403789162635803,0.06724220514297485
55,93,1.236266016960144,1.2021150588989258,0.033590078353881836,5.608887672424316,0.19970300793647766
55,94,0.9268674850463867,0.9134670495986938,0.013342623598873615,0.5780349373817444,0.12239797413349152
55,95,0.40030619502067566,0.3960508108139038,0.004240631125867367,0.1475220024585724,0.030518323183059692
55,96,0.33996257185935974,0.3334144353866577,0.006489344406872988,0.5879589915275574,0.057187873870134354
55,97,0.4323383569717407,0.42383092641830444,0.008354650810360909,1.5277841091156006,0.04673456400632858
55,98,1.056791067123413,1.0332233905792236,0.022964773699641228,6.029669761657715,0.14897844195365906
55,99,0.39358654618263245,0.39115339517593384,0.002418625634163618,0.14520074427127838,0.026384498924016953
55,100,0.37158292531967163,0.36847737431526184,0.003082027193158865,0.23511956632137299,0.016287056729197502
56,1,0.5851684212684631,0.575694739818573,0.009334435686469078,1.392622470855713,0.1981361359357834
56,2,0.12295994907617569,0.12157672643661499,0.00137359369546175,0.09626208990812302,0.08309651911258698
56,3,0.8979133367538452,0.8897006511688232,0.008156323805451393,0.563934862613678,0.09973254054784775
56,4,0.9714688658714294,0.9627234935760498,0.008707686327397823,0.37690550088882446,0.077003113925457
56,5,0.028049038723111153,0.027938883751630783,8.507675374858081e-05,0.2507927417755127,0.0021979643497616053
56,6,0.22945687174797058,0.2276940941810608,0.001753800781443715,0.08970117568969727,0.19332605600357056
56,7,0.7164989113807678,0.7079762816429138,0.008471766486763954,0.5083345770835876,0.08479325473308563
56,8,0.36069637537002563,0.35758674144744873,0.0030991695821285248,0.10446114838123322,0.01992560178041458
56,9,0.3521400988101959,0.34775078296661377,0.004334119614213705,0.552076518535614,0.04460269212722778
56,10,0.3536122441291809,0.34804582595825195,0.00552351213991642,0.42919185757637024,0.044187694787979126
56,11,1.2289395332336426,1.1995213031768799,0.02893781289458275,4.804064750671387,0.1900666058063507
56,12,0.7165077328681946,0.7071218490600586,0.009340525604784489,0.4538741409778595,0.10316557437181473
56,13,0.4394068717956543,0.43341517448425293,0.005912443157285452,0.792415976524353,0.045454420149326324
56,14,0.938852846622467,0.9089776873588562,0.028985127806663513,8.899869918823242,0.1280619502067566
56,15,0.8715493083000183,0.8563932180404663,0.01504998467862606,1.060712218284607,0.12640291452407837
56,16,0.13619856536388397,0.133836030960083,0.002344665816053748,0.17872078716754913,0.11577507853507996
56,17,0.44866952300071716,0.43954819440841675,0.00908629409968853,0.3505326211452484,0.06774882972240448
56,18,0.8588674068450928,0.8378055691719055,0.02069735899567604,3.644932270050049,0.2794797420501709
56,19,0.22746531665325165,0.2254721075296402,0.001980941276997328,0.12263862043619156,0.043238334357738495
56,20,0.3859529495239258,0.38220977783203125,0.0037213112227618694,0.21867433190345764,0.026529870927333832
56,21,0.018419381231069565,0.018329951912164688,6.381811544997618e-05,0.2561165690422058,0.002502545015886426
56,22,0.8711625337600708,0.842271089553833,0.028475917875766754,4.155176162719727,0.48122745752334595
56,23,0.4184032380580902,0.41157227754592896,0.006718846037983894,1.1212131977081299,0.031460072845220566
56,24,0.039863165467977524,0.03944374620914459,0.0003871499211527407,0.3226918578147888,0.016590040177106857
56,25,0.010921451263129711,0.010828709229826927,7.452473801095039e-05,0.1821761280298233,0.06434111297130585
56,26,1.1205023527145386,1.0755698680877686,0.043910156935453415,10.22392749786377,0.1739046424627304
56,27,0.4392535388469696,0.43294671177864075,0.006201550830155611,1.052506685256958,0.04051361605525017
56,28,0.017239490523934364,0.017133474349975586,7.824078056728467e-05,0.2777617573738098,0.005774353630840778
56,29,0.1289660930633545,0.12791001796722412,0.0010511770378798246,0.048977240920066833,0.0484660305082798
56,30,0.12090081721544266,0.11971206963062286,0.0011840075021609664,0.0473964586853981,0.04055106267333031
56,31,0.26948344707489014,0.26700514554977417,0.0024587977677583694,0.19478997588157654,0.02162618190050125
56,32,0.42089858651161194,0.4140418767929077,0.006666432600468397,1.9029892683029175,0.05926920473575592
56,33,0.18951839208602905,0.1878150850534439,0.0016838321462273598,0.19480012357234955,0.011934958398342133
56,34,1.1417397260665894,1.1047059297561646,0.03639659658074379,6.371852397918701,0.17435136437416077
56,35,0.4665178656578064,0.4570242166519165,0.009437503293156624,0.5615562796592712,0.053563475608825684
56,36,0.4049728810787201,0.40192076563835144,0.0030347465071827173,0.17365756630897522,0.03187056630849838
56,37,0.18838179111480713,0.186859130859375,0.0015047213528305292,0.17933857440948486,0.011156926862895489
56,38,0.39997005462646484,0.3944081664085388,0.00548417866230011,0.7772312164306641,0.04685176908969879
56,39,0.012156344018876553,0.01204095222055912,9.613818838261068e-05,0.1925305724143982,0.06472475081682205
56,40,0.37595173716545105,0.37247127294540405,0.0034698809031397104,0.1057952344417572,0.019226495176553726
56,41,0.4495942294597626,0.4423537254333496,0.00720411678776145,0.36387425661087036,0.04759640246629715
56,42,0.04500085860490799,0.04436885565519333,0.0005964072770439088,0.3559580445289612,0.02614518441259861
56,43,0.019748326390981674,0.019625211134552956,9.248133574146777e-05,0.30632641911506653,0.003771687624976039
56,44,0.602954626083374,0.5935412645339966,0.009294827468693256,1.1856637001037598,0.23620951175689697
56,45,1.1183897256851196,1.0938570499420166,0.0242009274661541,3.3171603679656982,0.1538977324962616
56,46,0.8363367915153503,0.8074154853820801,0.028509007766842842,4.122926712036133,0.357108473777771
56,47,0.37215712666511536,0.36936166882514954,0.0027863786090165377,0.09103664010763168,0.01908481866121292
56,48,0.025795456022024155,0.025593552738428116,0.00017004605615511537,0.3185657262802124,0.007846369408071041
56,49,0.911083459854126,0.9004020690917969,0.010634718462824821,0.4666507840156555,0.09740479290485382
56,50,0.9148282408714294,0.8977479934692383,0.016969982534646988,1.1026018857955933,0.09101524949073792
56,51,0.43367353081703186,0.4296092092990875,0.0040402598679065704,0.2406003773212433,0.03212226927280426
56,52,0.4109669327735901,0.40596604347229004,0.004911060445010662,0.8981786370277405,0.03444420546293259
56,53,0.3246704339981079,0.32071784138679504,0.003913871943950653,0.38724076747894287,0.04129411652684212
56,54,0.4241603910923004,0.41870325803756714,0.005386138800531626,0.709905743598938,0.035826440900564194
56,55,0.6499441862106323,0.6340346336364746,0.015684422105550766,2.251141309738159,0.26404207944869995
56,56,0.8877604603767395,0.8553720712661743,0.03184039890766144,5.479850769042969,0.3657536804676056
56,57,1.0737024545669556,1.0496230125427246,0.023663707077503204,4.156783103942871,0.16021272540092468
56,58,0.9892741441726685,0.9578870534896851,0.030403228476643562,9.838410377502441,0.13375893235206604
56,59,0.4375399053096771,0.4241641163825989,0.013138340786099434,2.374373197555542,0.0413883775472641
56,60,0.4102657437324524,0.40356168150901794,0.006563825532793999,1.4024733304977417,0.04301586002111435
56,61,0.022800831124186516,0.022673767060041428,9.430707723367959e-05,0.32757315039634705,0.008912835270166397
56,62,0.9448539018630981,0.9230868220329285,0.02124185673892498,5.252627372741699,0.09199172258377075
56,63,0.9410317540168762,0.9108735918998718,0.02963869832456112,5.194734573364258,0.4646497964859009
56,64,0.22834856808185577,0.2262197732925415,0.00211791368201375,0.10873265564441681,0.047302283346652985
56,65,0.01972600817680359,0.019564153626561165,0.00012659296044148505,0.3526216447353363,0.004245148506015539
56,66,0.8953144550323486,0.8863590955734253,0.008920559659600258,0.3481306731700897,0.07392506301403046
56,67,0.13724562525749207,0.13517402112483978,0.0020546289160847664,0.16970491409301758,0.10910023748874664
56,68,0.8190710544586182,0.8107206225395203,0.008294117636978626,0.5629939436912537,0.10571375489234924
56,69,0.40607959032058716,0.40101706981658936,0.0049444991163909435,1.1802626848220825,0.05043225735425949
56,70,1.0088099241256714,0.9747343063354492,0.03314891457557678,9.267420768737793,0.12521468102931976
56,71,0.3863767981529236,0.3821972906589508,0.00414060615003109,0.3887946903705597,0.031447459012269974
56,72,0.2884898781776428,0.28329306840896606,0.00508905341848731,1.0775225162506104,0.04945050925016403
56,73,0.014227751642465591,0.014132216572761536,6.185713573358953e-05,0.33677107095718384,0.002902500331401825
56,74,0.04532935097813606,0.04461648315191269,0.0006707980064675212,0.4206959307193756,0.025255445390939713
56,75,0.428213894367218,0.4226454496383667,0.005543217994272709,0.25225213170051575,0.045411769300699234
56,76,0.13540534675121307,0.13382378220558167,0.0015706033445894718,0.1097031757235527,0.0871962308883667
56,77,0.36745575070381165,0.36418700218200684,0.003260582685470581,0.08173257112503052,0.01953595131635666
56,78,0.01668390817940235,0.0165948998183012,5.6483233493054286e-05,0.3252582550048828,0.0031923349015414715
56,79,1.2016109228134155,1.1599911451339722,0.04024277627468109,13.770315170288086,0.15011844038963318
56,80,0.01574677601456642,0.015630178153514862,8.259898459073156e-05,0.3399830460548401,0.0033368715085089207
56,81,0.043170612305402756,0.042590558528900146,0.0005364172393456101,0.4363948106765747,0.023512639105319977
56,82,0.02556113339960575,0.025367770344018936,0.00015344521671067923,0.3991749882698059,0.007884612306952477
56,83,0.6948297619819641,0.6847341060638428,0.010033246129751205,0.6237956285476685,0.09129023551940918
56,84,0.40492507815361023,0.4004668593406677,0.004419348668307066,0.3886916935443878,0.03382992744445801
56,85,0.42061689496040344,0.4155779182910919,0.0049699340015649796,0.6905410289764404,0.03611017391085625
56,86,0.4287085235118866,0.4174059331417084,0.011052241548895836,2.5033135414123535,0.05810645967721939
56,87,0.6149244904518127,0.5939313173294067,0.02071988210082054,2.732956647872925,0.2875571548938751
56,88,0.7035683989524841,0.6746706366539001,0.028435587882995605,4.621932506561279,0.31450027227401733
56,89,1.066737174987793,1.0127317905426025,0.05234389752149582,16.61581802368164,0.12174710631370544
56,90,0.021834665909409523,0.021713364869356155,9.183139627566561e-05,0.29468414187431335,0.003976546227931976
56,91,0.18666571378707886,0.18576571345329285,0.0008930399781093001,0.06960473209619522,0.006245121359825134
56,92,0.9884723424911499,0.977795422077179,0.010510089807212353,1.6683478355407715,0.30331993103027344
56,93,1.1917920112609863,1.1726782321929932,0.018824880942702293,2.888038158416748,0.07101676613092422
56,94,0.8716938495635986,0.8585469126701355,0.012939655221998692,2.0731921195983887,0.2789660692214966
56,95,0.02194642648100853,0.021870587021112442,5.3443669457919896e-05,0.2239675670862198,0.002701392164453864
56,96,0.4118165373802185,0.4091281294822693,0.0026770569384098053,0.11359853297472,0.03379266709089279
56,97,0.0197260994464159,0.01964733563363552,6.275667692534626e-05,0.16007542610168457,0.0904039591550827
56,98,0.43430566787719727,0.4288713335990906,0.005352510139346123,0.8184735774993896,0.09385673701763153
56,99,0.76966392993927,0.7549270391464233,0.014581749215722084,1.5517898797988892,0.5906029939651489
56,100,1.0040236711502075,0.9849456548690796,0.019029956310987473,0.48023244738578796,0.2477913200855255
57,1,0.37997928261756897,0.37541109323501587,0.004527762997895479,0.404008150100708,0.05089448764920235
57,2,0.8909826874732971,0.8798696398735046,0.011069018393754959,0.4403787851333618,0.08628816902637482
57,3,0.09631731361150742,0.09608171880245209,0.00021581225155387074,0.1978207379579544,0.012979067862033844
57,4,1.0511724948883057,1.0277657508850098,0.022836921736598015,5.698312282562256,0.05892574414610863
57,5,0.37031230330467224,0.3688061237335205,0.0014915239298716187,0.1465293914079666,0.011137180030345917
57,6,0.39555978775024414,0.3942033052444458,0.0013400069437921047,0.16492056846618652,0.00948805920779705
57,7,0.06389836221933365,0.06384512782096863,3.933551488444209e-05,0.13893498480319977,0.002916380064561963
57,8,0.9486872553825378,0.9421574473381042,0.006502650678157806,0.27203887701034546,0.01801423914730549
57,9,0.36662694811820984,0.36525875329971313,0.0013569302391260862,0.11277870833873749,0.01224204059690237
57,10,0.017796913161873817,0.017750799655914307,3.693567123264074e-05,0.09176598489284515,0.027965279296040535
57,11,1.003767490386963,0.9744367599487305,0.02871440164744854,6.162761688232422,0.09968264400959015
57,12,0.22234785556793213,0.22144296765327454,0.0008951765485107899,0.09714852273464203,0.008674726821482182
57,13,0.8976186513900757,0.885422945022583,0.012132847681641579,0.6289082765579224,0.1392635703086853
57,14,0.9026485681533813,0.8699712753295898,0.032200898975133896,4.764235973358154,0.32115674018859863
57,15,0.9134066104888916,0.8786367774009705,0.03424883261322975,5.209793567657471,0.3692697286605835
57,16,1.0307151079177856,0.9906542897224426,0.03945299983024597,6.078084945678711,0.3226650357246399
57,17,0.34273219108581543,0.3389815092086792,0.0037308288738131523,0.19861069321632385,0.09910993278026581
57,18,0.36578017473220825,0.3618214726448059,0.003925057593733072,0.33640021085739136,0.10352115333080292
57,19,0.7009692192077637,0.6928356885910034,0.008100803941488266,0.3269910514354706,0.12540355324745178
57,20,0.17236864566802979,0.17080560326576233,0.0015495799016207457,0.13462306559085846,0.12455384433269501
57,21,0.07653738558292389,0.07619381695985794,0.0003161103813908994,0.27452075481414795,0.013025302439928055
57,22,0.05109108239412308,0.05097624659538269,9.169295663014054e-05,0.2314302772283554,0.004229400306940079
57,23,0.7278439998626709,0.7227605581283569,0.005056769587099552,0.26626092195510864,0.04950200021266937
57,24,0.030839724466204643,0.03077615052461624,4.552476457320154e-05,0.18048110604286194,0.0015101167373359203
57,25,0.02701999992132187,0.02695569023489952,4.78392030345276e-05,0.1647171825170517,0.0012579761678352952
57,26,0.045858513563871384,0.045589156448841095,0.00025150575675070286,0.17852896451950073,0.008028045296669006
57,27,0.9749480485916138,0.9577115774154663,0.01689303293824196,3.434690237045288,0.14929239451885223
57,28,0.15443623065948486,0.15381357073783875,0.000617711863014847,0.049482330679893494,0.033679209649562836
57,29,0.7370845675468445,0.7323954105377197,0.004667603876441717,0.21598371863365173,0.03351293504238129
57,30,0.904133677482605,0.8968476057052612,0.0072369202971458435,0.4919135868549347,0.08666103333234787
57,31,0.3346482217311859,0.3327334225177765,0.001899483148008585,0.153093621134758,0.01963990181684494
57,32,0.4300467371940613,0.42716366052627563,0.0028567006811499596,0.2638983726501465,0.01977086253464222
57,33,0.7243974208831787,0.7162467241287231,0.008108468726277351,0.42178142070770264,0.08248299360275269
57,34,0.8857594132423401,0.8511906266212463,0.03406622260808945,5.02562952041626,0.49080705642700195
57,35,0.030029557645320892,0.029977664351463318,3.573537105694413e-05,0.16157975792884827,0.0014216552954167128
57,36,0.23411525785923004,0.23252616822719574,0.0015807824674993753,0.08299379050731659,0.03536389768123627
57,37,0.024370715022087097,0.02426449954509735,9.292947652284056e-05,0.13285544514656067,0.08094581961631775
57,38,0.9287482500076294,0.9012360572814941,0.02705421671271324,4.58006477355957,0.3800889849662781
57,39,1.1268612146377563,1.095178246498108,0.03126602619886398,4.170418739318848,0.15691977739334106
57,40,0.6886046528816223,0.6816967129707336,0.006873928010463715,0.34017664194107056,0.07379601895809174
57,41,0.8896881937980652,0.8803085684776306,0.009316807612776756,0.6285151243209839,0.1351962834596634
57,42,0.016571545973420143,0.0165131613612175,4.09005515393801e-05,0.17485444247722626,0.0014186529442667961
57,43,0.9059224724769592,0.8893563747406006,0.016323134303092957,2.4295525550842285,0.270076185464859
57,44,0.37528344988822937,0.3725966215133667,0.0026783973444253206,0.08429104834794998,0.019412536174058914
57,45,0.8279869556427002,0.820539116859436,0.007423752918839455,0.24087199568748474,0.08086962252855301
57,46,0.027180805802345276,0.027060404419898987,9.931476961355656e-05,0.2108684927225113,0.0039002252742648125
57,47,0.39920198917388916,0.3964254856109619,0.0027642641216516495,0.12235214561223984,0.028607714921236038
57,48,0.3317122459411621,0.32878896594047546,0.002901376225054264,0.21904435753822327,0.03912895917892456
57,49,0.9133443236351013,0.8934810161590576,0.019591232761740685,2.72102952003479,0.3272390365600586
57,50,0.9660176038742065,0.9510921835899353,0.014843488112092018,0.8197923898696899,0.13905629515647888
57,51,0.12801511585712433,0.126736581325531,0.0012732131872326136,0.053216978907585144,0.05889222025871277
57,52,0.23009636998176575,0.22812286019325256,0.00196098699234426,0.12513622641563416,0.041744161397218704
57,53,0.20613998174667358,0.20457139611244202,0.0015570531832054257,0.11531870067119598,0.009854497388005257
57,54,0.14344409108161926,0.14111940562725067,0.00230648135766387,0.18208542466163635,0.14904753863811493
57,55,0.37600716948509216,0.3719288110733032,0.004064853303134441,0.13504718244075775,0.03292727842926979
57,56,0.032100826501846313,0.03196800872683525,0.00010771839151857421,0.2510046362876892,0.004210613202303648
57,57,0.03426501154899597,0.03413400799036026,0.0001062172232195735,0.24787500500679016,0.004188562743365765
57,58,0.4062207341194153,0.401306688785553,0.004870307166129351,0.43743833899497986,0.03798404708504677
57,59,0.4054662883281708,0.39995449781417847,0.0054404838010668755,0.7130767703056335,0.04314408078789711
57,60,0.027137039229273796,0.027043400332331657,7.129921141313389e-05,0.22341033816337585,0.00387799134477973
57,61,0.015635235235095024,0.015574793331325054,4.0537925087846816e-05,0.1990414410829544,0.0016128348652273417
57,62,1.207297921180725,1.161851406097412,0.04427604749798775,11.705223083496094,0.1952107846736908
57,63,0.35812607407569885,0.35462716221809387,0.0034884039778262377,0.10531791299581528,0.01979466900229454
57,64,0.6505283713340759,0.6251862049102783,0.025017881765961647,3.2429592609405518,0.24551284313201904
57,65,0.028263764455914497,0.02817218005657196,7.159999222494662e-05,0.19985061883926392,0.0033873410429805517
57,66,0.4156839847564697,0.4082162082195282,0.007357117719948292,1.1065757274627686,0.04229787737131119
57,67,0.8736239671707153,0.8593592643737793,0.014156179502606392,1.0853044986724854,0.14662912487983704
57,68,0.4981248378753662,0.4908286929130554,0.007133185397833586,1.6296226978302002,0.033177971839904785
57,69,0.9155357480049133,0.8730764389038086,0.04175718501210213,7.0216755867004395,0.31335264444351196
57,70,0.024254655465483665,0.024193769320845604,4.7548212023684755e-05,0.13337847590446472,0.04594990238547325
57,71,0.19831402599811554,0.19743895530700684,0.0008623409667052329,0.12720876932144165,0.006097187288105488
57,72,0.13090001046657562,0.13006052374839783,0.0008355050813406706,0.03981209546327591,0.03848801180720329
57,73,0.2309320718050003,0.2294207066297531,0.0015003564767539501,0.11007422208786011,0.027700774371623993
57,74,0.24873335659503937,0.2467806488275528,0.0019366750493645668,0.16040565073490143,0.031196188181638718
57,75,0.36566033959388733,0.3621463477611542,0.0035024797543883324,0.11492452025413513,0.01806173101067543
57,76,0.1875941902399063,0.18653163313865662,0.0010547887068241835,0.0775851234793663,0.0063584186136722565
57,77,0.043765414506196976,0.04360166937112808,0.00016358950233552605,0.001549729029648006,0.003209940157830715
57,78,0.9025149941444397,0.8663260340690613,0.03552991896867752,6.5904645919799805,0.36451971530914307
57,79,0.04382427781820297,0.04373018071055412,7.017584721324965e-05,0.23921751976013184,0.0016224263235926628
57,80,0.336564302444458,0.33140888810157776,0.005139664746820927,0.1573808193206787,0.02751392498612404
57,81,0.050604842603206635,0.05047393590211868,0.00010421949264127761,0.26687851548194885,0.004354412667453289
57,82,0.33737000823020935,0.3334461450576782,0.0039041158743202686,0.1976044625043869,0.028266388922929764
57,83,0.9288827180862427,0.9131352305412292,0.01559930294752121,1.4816104173660278,0.18416717648506165
57,84,1.1394727230072021,1.108236312866211,0.03077893704175949,4.575444221496582,0.1733197569847107
57,85,0.19074340164661407,0.18949341773986816,0.0012368940515443683,0.13089096546173096,0.010650333017110825
57,86,0.4271370768547058,0.4226802587509155,0.004405454732477665,0.5133743286132812,0.03642953932285309
57,87,0.418076753616333,0.4134695827960968,0.004585431423038244,0.21734999120235443,0.04620734974741936
57,88,0.8595770597457886,0.8513295650482178,0.008209451101720333,0.3800237774848938,0.06887315213680267
57,89,0.7435725927352905,0.7364912629127502,0.0070504662580788136,0.30845916271209717,0.07790575921535492
57,90,0.04435016214847565,0.043946292251348495,0.0003702603280544281,0.33607977628707886,0.01441668439656496
57,91,0.1287040412425995,0.1277606338262558,0.0009389456827193499,0.04451362043619156,0.04107324033975601
57,92,1.0964747667312622,1.0590782165527344,0.036054208874702454,13.423470497131348,0.14839519560337067
57,93,0.9482396245002747,0.9388273358345032,0.00933923851698637,0.7308809161186218,0.1301848292350769
57,94,0.8444947004318237,0.8363395929336548,0.008113356307148933,0.41742727160453796,0.10546866804361343
57,95,0.9617281556129456,0.9504886269569397,0.01119074784219265,0.4873414635658264,0.1014094278216362
57,96,0.6869663000106812,0.6790999174118042,0.007821734994649887,0.44665488600730896,0.07433488965034485
57,97,1.0776005983352661,1.0306005477905273,0.04541889205574989,15.812182426452637,0.17547942698001862
57,98,0.9909573793411255,0.9505198001861572,0.03947868198156357,9.589238166809082,0.12310390919446945
57,99,0.046602584421634674,0.04614690691232681,0.0004193674249108881,0.3631041646003723,0.014078881591558456
57,100,0.6407284736633301,0.6359535455703735,0.004759049043059349,0.15848761796951294,0.0760762095451355
58,1,0.011947945691645145,0.011888442561030388,4.0657298086443916e-05,0.18846023082733154,0.05902741104364395
58,2,0.02598598785698414,0.02587912045419216,7.53237254684791e-05,0.3154352307319641,0.004643973428755999
58,3,1.1753407716751099,1.1388976573944092,0.03583107888698578,6.120484352111816,0.19187700748443604
58,4,0.7324084043502808,0.7242450714111328,0.008124757558107376,0.385824978351593,0.09093213081359863
58,5,0.7114714980125427,0.7027111649513245,0.008723693899810314,0.3664829432964325,0.09207099676132202
58,6,0.72237229347229,0.7152707576751709,0.007061907555907965,0.3965369462966919,0.08817312121391296
58,7,1.156845211982727,1.1243911981582642,0.03149785101413727,9.561846733093262,0.22533489763736725
58,8,0.1893649697303772,0.1878950595855713,0.001447545364499092,0.22373834252357483,0.008611191995441914
58,9,0.8464624285697937,0.8238581418991089,0.022291304543614388,3.1298067569732666,0.5044158697128296
58,10,0.8557544350624084,0.8300913572311401,0.025205381214618683,4.577134132385254,0.32744836807250977
58,11,0.8639251589775085,0.8372081518173218,0.026263929903507233,4.530482769012451,0.48720139265060425
58,12,0.7710427641868591,0.7622607946395874,0.008740419521927834,0.4156997799873352,0.09162279963493347
58,13,1.100203275680542,1.0678106546401978,0.03190712630748749,4.8554229736328125,0.14603978395462036
58,14,1.0991216897964478,1.0724773406982422,0.026003045961260796,6.413568496704102,0.1666315346956253
58,15,0.014735574834048748,0.014666230417788029,4.009988333564252e-05,0.2924455404281616,0.0023128269240260124
58,16,0.6062403917312622,0.595965564250946,0.010148879140615463,1.2593774795532227,0.2400282323360443
58,17,0.6257731318473816,0.6140478253364563,0.01159396581351757,1.3139146566390991,0.25735223293304443
58,18,0.018998051062226295,0.018894067034125328,7.10614986019209e-05,0.3292154371738434,0.0025477702729403973
58,19,0.30232855677604675,0.2988472580909729,0.0034613129682838917,0.20006327331066132,0.05095907300710678
58,20,0.014547414146363735,0.014470018446445465,5.5046773923095316e-05,0.22348640859127045,0.07398833334445953
58,21,0.9568161368370056,0.9274119138717651,0.028752025216817856,6.521646022796631,0.13373669981956482
58,22,0.26492077112197876,0.26100873947143555,0.0038385437801480293,0.7349041104316711,0.03350824862718582
58,23,0.42561736702919006,0.41782569885253906,0.007758361287415028,0.3330456018447876,0.058305297046899796
58,24,0.8684213161468506,0.8589800596237183,0.00940756406635046,0.33694860339164734,0.07538031041622162
58,25,0.04420055076479912,0.04359694570302963,0.0005619990988634527,0.41608235239982605,0.017860185354948044
58,26,0.38661468029022217,0.3826174736022949,0.003961778245866299,0.35447958111763,0.029118869453668594
58,27,0.21313314139842987,0.21066805720329285,0.0024372763000428677,0.2779857814311981,0.012597525492310524
58,28,0.4447600245475769,0.4378570318222046,0.006867569405585527,0.35445472598075867,0.05406747758388519
58,29,0.0133620984852314,0.013286028057336807,5.348433478502557e-05,0.2258613556623459,0.05618520453572273
58,30,0.013108784332871437,0.013034436851739883,5.2108996897004545e-05,0.22238381206989288,0.05491965264081955
58,31,0.017125654965639114,0.017035778611898422,5.7574969105189666e-05,0.323020339012146,0.0027111084200441837
58,32,0.6163299083709717,0.6036443710327148,0.012527497485280037,1.580207347869873,0.2034260630607605
58,33,0.6167296171188354,0.6031770706176758,0.013380106538534164,1.7245192527770996,0.22099901735782623
58,34,0.9126543402671814,0.9027783870697021,0.009805895388126373,0.7005705833435059,0.12079988420009613
58,35,0.404598206281662,0.40116846561431885,0.003409175667911768,0.20558281242847443,0.03178228810429573
58,36,1.2464998960494995,1.2075607776641846,0.03829023987054825,6.4886956214904785,0.19299042224884033
58,37,0.04449615627527237,0.04372255876660347,0.000732624379452318,0.4097471535205841,0.020510755479335785
58,38,0.12330791354179382,0.12147443741559982,0.00182092166505754,0.12557679414749146,0.09536819159984589
58,39,0.41820278763771057,0.4123815894126892,0.005709681194275618,1.1151150465011597,0.05895109474658966
58,40,1.1549674272537231,1.122636079788208,0.031798288226127625,5.3314032554626465,0.16405907273292542
58,41,0.01731117255985737,0.017168115824460983,0.0001427934766979888,0.0026233831886202097,0.0032627959735691547
58,42,0.4116150438785553,0.40485769510269165,0.006626300513744354,1.3104565143585205,0.054423075169324875
58,43,0.13475322723388672,0.13247579336166382,0.00226040743291378,0.17025230824947357,0.1075010597705841
58,44,0.0443657748401165,0.0438479520380497,0.0004841536283493042,0.3367020785808563,0.017610646784305573
58,45,0.8813512325286865,0.8715770244598389,0.00973794236779213,0.3621150851249695,0.08634006977081299
58,46,0.3600727915763855,0.3563307225704193,0.003722299123182893,0.1976609081029892,0.02793014794588089
58,47,1.1544462442398071,1.1305527687072754,0.02351505681872368,3.783498525619507,0.1461968868970871
58,48,0.8225685358047485,0.8046604990959167,0.017709454521536827,1.9860066175460815,0.5482305288314819
58,49,0.4291987121105194,0.42268308997154236,0.006394565105438232,1.210461139678955,0.04861919581890106
58,50,0.6078273057937622,0.5943942666053772,0.013274123892188072,1.5893192291259766,0.2369532436132431
58,51,0.018193695694208145,0.01812475547194481,5.1268340030219406e-05,0.17672061920166016,0.04782095178961754
58,52,0.8816639184951782,0.8732903003692627,0.00832104217261076,0.5257999300956726,0.1162065789103508
58,53,0.5999621152877808,0.5881220698356628,0.011699593625962734,1.404098391532898,0.20570087432861328
58,54,0.3858864903450012,0.38340383768081665,0.002466535195708275,0.16118118166923523,0.021442614495754242
58,55,0.9735202789306641,0.9403789639472961,0.032527901232242584,6.134030342102051,0.10416613519191742
58,56,0.3276660740375519,0.3240242004394531,0.003609780455008149,0.3208611011505127,0.03245975822210312
58,57,0.2336459457874298,0.2316354215145111,0.001998892053961754,0.11644472181797028,0.03470776975154877
58,58,1.182253360748291,1.147404432296753,0.03421242535114288,6.364924907684326,0.16204744577407837
58,59,0.12795910239219666,0.12618312239646912,0.0017641277518123388,0.11844144016504288,0.07038640975952148
58,60,0.32931917905807495,0.32541412115097046,0.0038900808431208134,0.14993757009506226,0.014933910220861435
58,61,0.01967449113726616,0.01955527812242508,8.800995419733226e-05,0.3120366930961609,0.003477044403553009
58,62,0.011914442293345928,0.011835814453661442,5.86825335631147e-05,0.19945061206817627,0.058268945664167404
58,63,1.0376278162002563,1.009031891822815,0.027901336550712585,6.946423053741455,0.19947974383831024
58,64,0.12730304896831512,0.12545554339885712,0.0018334330525249243,0.14068658649921417,0.088432677090168
58,65,0.1268468201160431,0.1250211000442505,0.001812938367947936,0.12782999873161316,0.08749234676361084
58,66,1.152086615562439,1.1265767812728882,0.025166230276226997,3.4357380867004395,0.1500401496887207
58,67,0.4393743574619293,0.4326944947242737,0.006578319706022739,1.0153316259384155,0.0438530333340168
58,68,0.014905187301337719,0.014802348800003529,7.176678627729416e-05,0.3107132315635681,0.00271989475004375
58,69,0.025122256949543953,0.024952325969934464,0.00013602022954728454,0.3391059637069702,0.0067670708522200584
58,70,0.13146357238292694,0.1296427994966507,0.0018098626751452684,0.10908231884241104,0.0918465107679367
58,71,0.1258237063884735,0.12466501444578171,0.0011538693215698004,0.048352815210819244,0.045113734900951385
58,72,0.83130943775177,0.8123066425323486,0.01876908540725708,2.3372414112091064,0.5071358680725098
58,73,0.4217570424079895,0.415229856967926,0.006434502080082893,0.926859974861145,0.034942030906677246
58,74,0.9002076983451843,0.873162031173706,0.02660590223968029,4.397799015045166,0.34438472986221313
58,75,0.43050676584243774,0.4235146641731262,0.006962915416806936,0.2917584478855133,0.04751603305339813
58,76,0.0406358502805233,0.0401708148419857,0.00042756140464916825,0.37473899126052856,0.018547609448432922
58,77,0.12009333819150925,0.11918918788433075,0.0008991304785013199,0.05023609474301338,0.04062850400805473
58,78,1.2068791389465332,1.1783276796340942,0.027665892615914345,8.856017112731934,0.17685015499591827
58,79,0.12275511771440506,0.12157870829105377,0.001171081094071269,0.05325603112578392,0.04613674059510231
58,80,0.6483224630355835,0.6304439306259155,0.017640816047787666,2.3772361278533936,0.2680937349796295
58,81,1.1389814615249634,1.1063551902770996,0.0320538729429245,5.724188804626465,0.1776149868965149
58,82,0.9031633734703064,0.8912773132324219,0.011839443817734718,0.4658493995666504,0.09542487561702728
58,83,0.04599710553884506,0.04523371160030365,0.0007224335568025708,0.40958738327026367,0.022706864401698112
58,84,1.1362624168395996,1.0980572700500488,0.037647537887096405,5.577081203460693,0.18940240144729614
58,85,1.1212202310562134,1.0930101871490479,0.0276326984167099,5.773825168609619,0.16378185153007507
58,86,0.02608153223991394,0.025929145514965057,0.00011958743561990559,0.32800087332725525,0.006635967176407576
58,87,0.4341212809085846,0.4296243190765381,0.00446955906227231,0.27397090196609497,0.02868100255727768
58,88,0.13458605110645294,0.13278892636299133,0.001780020771548152,0.17112059891223907,0.07849562913179398
58,89,0.7144227623939514,0.7073158025741577,0.007066285237669945,0.4067097008228302,0.05809520557522774
58,90,1.1108629703521729,1.0705010890960693,0.0392145961523056,11.47290325164795,0.1568031907081604
58,91,0.35174405574798584,0.3484167158603668,0.00330842612311244,0.18928267061710358,0.02066669799387455
58,92,0.8680422902107239,0.8581260442733765,0.009835947304964066,0.8030679821968079,0.10555696487426758
58,93,0.4360142946243286,0.4290437698364258,0.006838890723884106,1.316367506980896,0.03906017541885376
58,94,0.013418041169643402,0.013329719193279743,5.7138204283546656e-05,0.3118360936641693,0.0023565213195979595
58,95,0.6487546563148499,0.634293258190155,0.0142537672072649,2.0763041973114014,0.2651645839214325
58,96,0.6399055123329163,0.626194953918457,0.013542348518967628,1.6823114156723022,0.2747986316680908
58,97,0.20483863353729248,0.20216691493988037,0.002638006815686822,0.33700069785118103,0.015427337028086185
58,98,0.3853549659252167,0.37854787707328796,0.006683342158794403,1.2373872995376587,0.050259970128536224
58,99,0.43969687819480896,0.43211233615875244,0.007460108958184719,1.2441426515579224,0.046955667436122894
58,100,0.026468362659215927,0.02629713900387287,0.0001365738280583173,0.346496045589447,0.006695997901260853
59,1,0.8684489130973816,0.8549792766571045,0.013354199938476086,1.1545552015304565,0.12984463572502136
59,2,0.228315532207489,0.22590264678001404,0.002400877419859171,0.12006265670061111,0.1732679009437561
59,3,0.1190745010972023,0.11791803687810898,0.0011522206477820873,0.04250495880842209,0.03559056669473648
59,4,0.4458480179309845,0.43631500005722046,0.009349610656499863,1.8341798782348633,0.052981406450271606
59,5,0.9253144860267639,0.9032154083251953,0.021608076989650726,4.91019868850708,0.10676167905330658
59,6,0.12540863454341888,0.12431098520755768,0.0010931158903986216,0.045371126383543015,0.035832010209560394
59,7,0.41418585181236267,0.4079669713973999,0.006070218048989773,1.4866334199905396,0.04451626166701317
59,8,0.2577599585056305,0.25503474473953247,0.0026936440262943506,0.31571832299232483,0.02538527362048626
59,9,0.8590189218521118,0.8483739495277405,0.01061266753822565,0.3230690360069275,0.07687604427337646
59,10,0.8682353496551514,0.8593101501464844,0.008888930082321167,0.36235886812210083,0.07714208960533142
59,11,0.12695124745368958,0.12522150576114655,0.001717297825962305,0.12441897392272949,0.08373066782951355
59,12,0.19594541192054749,0.19417068362236023,0.0017527977470308542,0.21928784251213074,0.010727696120738983
59,13,0.014797303825616837,0.014706620015203953,6.222933006938547e-05,0.2845436930656433,0.0023409235291182995
59,14,0.67972332239151,0.6714363098144531,0.008245294913649559,0.41700246930122375,0.07264386117458344
59,15,0.01169058121740818,0.011590206995606422,7.751444354653358e-05,0.2286061942577362,0.06590451300144196
59,16,0.0433981791138649,0.04266665130853653,0.0006922520697116852,0.3927712142467499,0.021292373538017273
59,17,0.22737063467502594,0.22502736747264862,0.0023303208872675896,0.12953028082847595,0.05239756032824516
59,18,0.49072539806365967,0.47848549485206604,0.011976400390267372,2.6351537704467773,0.04660213738679886
59,19,0.36330389976501465,0.35990259051322937,0.003388909623026848,0.12409016489982605,0.022458741441369057
59,20,0.010674619115889072,0.010582061484456062,7.016122981440276e-05,0.2239684909582138,0.06652200222015381
59,21,0.407877653837204,0.4014500677585602,0.006267721299082041,1.5985493659973145,0.05393100157380104
59,22,0.8595156073570251,0.8290557861328125,0.029875721782445908,5.841047763824463,0.4088607430458069
59,23,0.349028080701828,0.34241366386413574,0.00656100083142519,0.5339747667312622,0.04571082442998886
59,24,0.9860889911651611,0.9521507024765015,0.03336932510137558,5.68990421295166,0.6325079202651978
59,25,0.1295623481273651,0.12787297368049622,0.0016784118488430977,0.10963568836450577,0.0896131694316864
59,26,0.012894082814455032,0.012811463326215744,6.359910912578925e-05,0.19020047783851624,0.05383976548910141
59,27,0.12093930691480637,0.11941324174404144,0.0015171014238148928,0.0896076187491417,0.07940973341464996
59,28,0.33637306094169617,0.33223435282707214,0.0041031790897250175,0.35519924759864807,0.03877789527177811
59,29,1.0768152475357056,1.0523468255996704,0.024011923000216484,4.564280033111572,0.4841786026954651
59,30,0.9751601815223694,0.9507218599319458,0.023941727355122566,4.965938091278076,0.08779574930667877
59,31,0.32625317573547363,0.321696937084198,0.004521415568888187,0.34797486662864685,0.038624949753284454
59,32,0.01880134642124176,0.018692469224333763,8.306185191031545e-05,0.2581656277179718,0.002579063642770052
59,33,0.41629835963249207,0.41271352767944336,0.003566933562979102,0.17908024787902832,0.034962937235832214
59,34,1.1037251949310303,1.070383071899414,0.03296470642089844,3.774108409881592,0.17117062211036682
59,35,0.12342847883701324,0.12237615883350372,0.0010474668815732002,0.048535384237766266,0.04652049392461777
59,36,0.4837920367717743,0.4727894365787506,0.010928697884082794,0.7392193078994751,0.08282230794429779
59,37,0.32021385431289673,0.31550654768943787,0.004671512171626091,0.3579566478729248,0.04765297472476959
59,38,0.043254293501377106,0.04280655086040497,0.00041391944978386164,0.33821648359298706,0.020016945898532867
59,39,0.1807912141084671,0.17914089560508728,0.001639397582039237,0.109186090528965,0.010822121053934097
59,40,0.02860630676150322,0.028390251100063324,0.00021567627845797688,0.0037999534979462624,0.009404807351529598
59,41,0.1936640441417694,0.19174844026565552,0.0018985612550750375,0.17048048973083496,0.010587476193904877
59,42,0.39648109674453735,0.39244771003723145,0.004020310938358307,0.1307424157857895,0.023363787680864334
59,43,0.6718908548355103,0.6535716652870178,0.018043365329504013,2.758787155151367,0.25605717301368713
59,44,0.8602575063705444,0.8271536827087402,0.032580647617578506,5.231653213500977,0.4044235050678253
59,45,0.9109809398651123,0.9015017151832581,0.00943610817193985,0.4310779869556427,0.08276458084583282
59,46,0.12748774886131287,0.12597934901714325,0.001497094053775072,0.1130654439330101,0.08090762794017792
59,47,0.9523916840553284,0.9286332130432129,0.023177407681941986,5.810667037963867,0.10516156256198883
59,48,0.9779743552207947,0.948790967464447,0.028765495866537094,4.178954601287842,0.6153252124786377
59,49,0.4445631206035614,0.4377402067184448,0.006654245778918266,1.686934471130371,0.048262372612953186
59,50,0.01881335861980915,0.01869284361600876,9.364874858874828e-05,0.26866164803504944,0.0031870384700596333
59,51,0.012575287371873856,0.012478116899728775,7.834832649677992e-05,0.18822413682937622,0.056586530059576035
59,52,0.8998716473579407,0.8862040042877197,0.013535941019654274,1.3169699907302856,0.08719233423471451
59,53,0.024936465546488762,0.024768276140093803,0.00013911788119003177,0.2907145619392395,0.007569136098027229
59,54,0.4135284721851349,0.40676188468933105,0.006682943552732468,0.8364460468292236,0.03417488932609558
59,55,0.4835434556007385,0.47165393829345703,0.011686097830533981,2.0342230796813965,0.04274247586727142
59,56,0.011969903483986855,0.011853115633130074,9.618957119528204e-05,0.20598000288009644,0.06316423416137695
59,57,0.01970466785132885,0.019575823098421097,9.83942300081253e-05,0.3044973313808441,0.0036720805801451206
59,58,0.6911614537239075,0.6815845966339111,0.009534853510558605,0.42015790939331055,0.08264371752738953
59,59,0.020413801074028015,0.020267503336071968,0.00011473846097942442,0.3155965507030487,0.003864450380206108
59,60,0.7669669985771179,0.7560806274414062,0.010832155123353004,0.5426870584487915,0.10383976995944977
59,61,0.01467822678387165,0.01458636112511158,6.224615935934708e-05,0.2961973249912262,0.0031528761610388756
59,62,0.9369865655899048,0.9256613254547119,0.011232316493988037,0.9292722940444946,0.15367391705513
59,63,0.019382579252123833,0.019233867526054382,0.00011595696560107172,0.3275410830974579,0.003882831893861294
59,64,0.3289399743080139,0.3227322995662689,0.006148094777017832,0.5957215428352356,0.04767021909356117
59,65,0.12060748040676117,0.11934320628643036,0.001258763950318098,0.05513365939259529,0.04184861481189728
59,66,0.2518228590488434,0.2479725182056427,0.003822512459009886,0.27826571464538574,0.05356193333864212
59,67,0.018840396776795387,0.018704915419220924,0.00010245443263556808,0.3302605152130127,0.0038967905566096306
59,68,0.33424028754234314,0.3259017765522003,0.008267957717180252,0.705342173576355,0.040110327303409576
59,69,0.019443707540631294,0.01933397352695465,7.767976057948545e-05,0.32054322957992554,0.0036371666938066483
59,70,0.35280659794807434,0.347234845161438,0.005538134835660458,0.3360295593738556,0.027717318385839462
59,71,0.35585299134254456,0.35117870569229126,0.004644208122044802,0.30058911442756653,0.0271285567432642
59,72,0.38652899861335754,0.3819184899330139,0.004563355352729559,0.47145289182662964,0.02777724526822567
59,73,0.8076943755149841,0.7867336273193359,0.020564250648021698,3.9651856422424316,0.33332255482673645
59,74,0.34550610184669495,0.3388229012489319,0.006606889422982931,0.7631685137748718,0.04198966920375824
59,75,0.23425330221652985,0.23150649666786194,0.0027307607233524323,0.16041222214698792,0.05015204846858978
59,76,0.8157659769058228,0.7920277118682861,0.0233162771910429,4.219727993011475,0.346761018037796
59,77,0.9202931523323059,0.891340970993042,0.028417568653821945,5.346197128295898,0.409016489982605
59,78,0.009108304046094418,0.008977225050330162,0.00013092281005810946,0.0015690221916884184,0.004142299760133028
59,79,0.9583768248558044,0.9334696531295776,0.02411053702235222,7.9661993980407715,0.12593887746334076
59,80,0.874566376209259,0.8643721342086792,0.010156098753213882,0.3816678524017334,0.08887888491153717
59,81,0.8675819635391235,0.8586691617965698,0.008845713920891285,0.6713643670082092,0.1301863044500351
59,82,0.8350649476051331,0.8136907815933228,0.02108042873442173,2.9374804496765137,0.669633686542511
59,83,0.12628276646137238,0.12541308999061584,0.0008655783603899181,0.04096603766083717,0.03505837917327881
59,84,0.35431039333343506,0.35021233558654785,0.004078522324562073,0.1955874115228653,0.014369811862707138
59,85,0.46611350774765015,0.45883816480636597,0.007238813675940037,0.3653466999530792,0.05128788203001022
59,86,0.3776015341281891,0.37435340881347656,0.0032341976184397936,0.13927629590034485,0.017785849049687386
59,87,0.44543716311454773,0.43871432542800903,0.00658554770052433,1.3731274604797363,0.02836393192410469
59,88,0.966265857219696,0.9426490068435669,0.022984221577644348,6.326591491699219,0.09127643704414368
59,89,0.9443751573562622,0.9361873269081116,0.008133500814437866,0.5435451865196228,0.1221921294927597
59,90,0.8475653529167175,0.8187826871871948,0.02821781300008297,5.648438930511475,0.3955802917480469
59,91,0.4362854063510895,0.4286459982395172,0.007439936511218548,1.9945555925369263,0.05349425971508026
59,92,0.013742232695221901,0.013665160164237022,4.9863803724292666e-05,0.27208754420280457,0.002126950304955244
59,93,0.042351916432380676,0.04185963049530983,0.00045645091449841857,0.3583373427391052,0.01916472241282463
59,94,0.6776655912399292,0.660905659198761,0.016518838703632355,2.4108729362487793,0.28227782249450684
59,95,0.011760685592889786,0.011669473722577095,6.795415538363159e-05,0.23257485032081604,0.06133395433425903
59,96,0.3362863063812256,0.33054161071777344,0.005685956217348576,0.587405800819397,0.046231262385845184
59,97,1.1193106174468994,1.0945903062820435,0.024394137784838676,3.261540174484253,0.17177918553352356
59,98,0.23099812865257263,0.22845181822776794,0.0025315233506262302,0.14785383641719818,0.04611891508102417
59,99,0.2878648042678833,0.2829527258872986,0.004803252872079611,1.0884732007980347,0.041452109813690186
59,100,0.26466241478919983,0.260820597410202,0.0037650715094059706,0.7675434947013855,0.03521968424320221
60,1,0.026163095608353615,0.025956906378269196,0.00017809013661462814,0.2809933125972748,0.005947473458945751
60,2,0.3581922948360443,0.35420745611190796,0.00396038219332695,0.24479614198207855,0.028272578492760658
60,3,0.4232443869113922,0.41681167483329773,0.006342171225696802,0.9052562713623047,0.04162692278623581
60,4,0.9349782466888428,0.9244322776794434,0.010455615818500519,0.903765857219696,0.13716328144073486
60,5,0.46133068203926086,0.4542990028858185,0.006964352913200855,0.6731396913528442,0.06747009605169296
60,6,0.3882359266281128,0.3847067356109619,0.0035069843288511038,0.22213198244571686,0.03168155997991562
60,7,0.0428820475935936,0.04236758500337601,0.0004796676803380251,0.3479274809360504,0.017823927104473114
60,8,0.8352975249290466,0.8276704549789429,0.0076028937473893166,0.2420431524515152,0.06796669214963913
60,9,0.03990907967090607,0.03943590819835663,0.0004383378254715353,0.34833356738090515,0.017887160181999207
60,10,0.9223712086677551,0.9106364250183105,0.011621883139014244,1.128804326057434,0.11733993887901306
60,11,0.8472017645835876,0.8276691436767578,0.019205663353204727,3.269571542739868,0.3413481116294861
60,12,0.01569882035255432,0.01561649702489376,5.3909927373752e-05,0.28412845730781555,0.002498988527804613
60,13,0.13318820297718048,0.13080817461013794,0.002363096922636032,0.16925394535064697,0.10389505326747894
60,14,0.5100870132446289,0.5004244446754456,0.009520314633846283,1.422572374343872,0.07070605456829071
60,15,0.0443374365568161,0.04354283586144447,0.0007868452230468392,0.07757849246263504,0.020315421745181084
60,16,1.1419011354446411,1.11293625831604,0.028466306626796722,4.985306739807129,0.18311242759227753
60,17,0.3400362730026245,0.33389467000961304,0.006082826294004917,0.5876275897026062,0.05906365066766739
60,18,0.944534182548523,0.9203156232833862,0.023451242595911026,7.672800540924072,0.14674712717533112
60,19,0.2017979472875595,0.19894851744174957,0.002822387032210827,0.2704767882823944,0.013765990734100342
60,20,0.6673000454902649,0.6469234228134155,0.019993096590042114,3.8357176780700684,0.3191971778869629
60,21,0.4054304361343384,0.40068644285202026,0.004707349464297295,0.3666556775569916,0.03135931119322777
60,22,0.015441246330738068,0.015345193445682526,6.671134906355292e-05,0.293414443731308,0.0024845420848578215
60,23,0.9570944309234619,0.9324062466621399,0.023921729996800423,7.66438102722168,0.09944979846477509
60,24,0.012396793812513351,0.012313244864344597,6.150538683868945e-05,0.2204381376504898,0.05578022450208664
60,25,0.8693986535072327,0.8622370958328247,0.007137106731534004,0.24408920109272003,0.07574790716171265
60,26,0.1282968670129776,0.12747293710708618,0.0008197384304367006,0.04187049716711044,0.03190544992685318
60,27,0.9024099707603455,0.8828020095825195,0.019058672711253166,5.49288272857666,0.06785120069980621
60,28,0.8091756105422974,0.8019571304321289,0.007189174182713032,0.29335781931877136,0.05190891772508621
60,29,0.19251787662506104,0.19135332107543945,0.001155336620286107,0.09224966168403625,0.005596568342298269
60,30,0.46611520648002625,0.45912259817123413,0.006945571396499872,0.4703333079814911,0.048181697726249695
60,31,0.8404319882392883,0.815798282623291,0.02412690594792366,5.06794548034668,0.357604444026947
60,32,0.6210200786590576,0.6068106293678284,0.014009840786457062,1.9961804151535034,0.2102605104446411
60,33,0.41741329431533813,0.412838876247406,0.0045370496809482574,0.37370598316192627,0.025674350559711456
60,34,0.8199471831321716,0.8101774454116821,0.009709782898426056,0.599603533744812,0.11693930625915527
60,35,0.4216235280036926,0.41314196586608887,0.008342476561665535,1.3909754753112793,0.04964625835418701
60,36,0.3341110050678253,0.32844603061676025,0.005606953054666519,0.5801202058792114,0.03934512287378311
60,37,0.9861084222793579,0.9606696367263794,0.024682991206645966,7.557663440704346,0.14853234589099884
60,38,0.9813966155052185,0.9540455341339111,0.02606317400932312,12.878594398498535,0.13867637515068054
60,39,0.12818209826946259,0.12623369693756104,0.0019360026344656944,0.12391035258769989,0.09907187521457672
60,40,0.029974086210131645,0.02979307621717453,0.00015106884529814124,0.2994233965873718,0.006107487715780735
60,41,0.8993296027183533,0.8850704431533813,0.01411382108926773,1.4533127546310425,0.09489373862743378
60,42,0.44554173946380615,0.43805480003356934,0.007458528038114309,0.2840396463871002,0.05044661462306976
60,43,0.4274226129055023,0.4219348430633545,0.005381177645176649,1.0659576654434204,0.046237602829933167
60,44,0.7632388472557068,0.7551214098930359,0.008070297539234161,0.47152456641197205,0.07513980567455292
60,45,0.9119248390197754,0.902654230594635,0.009232502430677414,0.38060837984085083,0.06887060403823853
60,46,0.19868485629558563,0.19739221036434174,0.001274480251595378,0.18157674372196198,0.00716681033372879
60,47,0.5621720552444458,0.5546513199806213,0.00742952898144722,0.9119683504104614,0.20028188824653625
60,48,0.3380965292453766,0.33323970437049866,0.004835569765418768,0.2125563621520996,0.021286476403474808
60,49,0.37531471252441406,0.37116217613220215,0.004139496013522148,0.1306098848581314,0.021229155361652374
60,50,1.1442508697509766,1.1122881174087524,0.031529273837804794,4.334909439086914,0.1494975984096527
60,51,0.34530192613601685,0.3397311568260193,0.005536882672458887,0.33877140283584595,0.026250489056110382
60,52,0.40157994627952576,0.3975549042224884,0.004000209737569094,0.24835602939128876,0.0347631499171257
60,53,0.44756844639778137,0.4406000077724457,0.006795409135520458,1.7304104566574097,0.07204873114824295
60,54,1.1001077890396118,1.0548951625823975,0.043649815022945404,15.628507614135742,0.1855229139328003
60,55,0.17652884125709534,0.17506125569343567,0.0014544306322932243,0.13154171407222748,0.00974363461136818
60,56,0.785239040851593,0.7647422552108765,0.02014869637787342,3.480762243270874,0.11953285336494446
60,57,0.8597933650016785,0.8311536312103271,0.02819620817899704,4.434998989105225,0.4484412670135498
60,58,0.8356245160102844,0.8119616508483887,0.02322312816977501,4.397523880004883,0.41348934173583984
60,59,0.3251667022705078,0.32037556171417236,0.0047439029440283775,0.47223299741744995,0.0456039234995842
60,60,0.8892653584480286,0.8799985647201538,0.009198658168315887,0.681071937084198,0.1349506974220276
60,61,0.04089330509305,0.040451377630233765,0.00040163774974644184,0.40288862586021423,0.019650261849164963
60,62,0.873920202255249,0.8507482409477234,0.022822866216301918,3.4910728931427,0.525394082069397
60,63,0.025306083261966705,0.02510037273168564,0.00017046279390342534,0.3524644672870636,0.007778427563607693
60,64,0.33828914165496826,0.3339974284172058,0.004274840001016855,0.16877791285514832,0.018725261092185974
60,65,0.19707591831684113,0.195392444729805,0.0016616121865808964,0.21858036518096924,0.009116215631365776
60,66,0.7259478569030762,0.717625617980957,0.008272917941212654,0.4926420748233795,0.07263679802417755
60,67,1.0261378288269043,1.0048739910125732,0.02064261958003044,6.21231746673584,0.13839352130889893
60,68,0.012372122146189213,0.012271355837583542,7.606579310959205e-05,0.24700717628002167,0.06124056503176689
60,69,0.8925457000732422,0.8780190944671631,0.014355393126606941,1.7118518352508545,0.08901926130056381
60,70,0.002075453754514456,0.0020416986662894487,6.5852059378812555e-06,0.2716987133026123,0.0008808438433334231
60,71,0.20127306878566742,0.199207603931427,0.0020375018939375877,0.27973487973213196,0.010050546377897263
60,72,0.19701267778873444,0.19515657424926758,0.0018341114046052098,0.219929039478302,0.011175544932484627
60,73,0.8520949482917786,0.8417437076568604,0.010273839347064495,0.7740636467933655,0.13187262415885925
60,74,0.9321554899215698,0.9185688495635986,0.013516301289200783,0.7032694816589355,0.09879965335130692
60,75,0.46315667033195496,0.45318225026130676,0.009920082986354828,0.5432220101356506,0.07005065679550171
60,76,0.4156697988510132,0.40913569927215576,0.006395530886948109,1.3856977224349976,0.05476481467485428
60,77,0.03806862235069275,0.03761422261595726,0.00041554588824510574,0.38856592774391174,0.01592179760336876
60,78,0.933303713798523,0.9094003438949585,0.023572038859128952,3.3133416175842285,0.5443299412727356
60,79,0.020300885662436485,0.02016998827457428,9.689675061963499e-05,0.3400131165981293,0.0035048173740506172
60,80,0.35480061173439026,0.3463529646396637,0.00834142416715622,1.062154769897461,0.04355362430214882
60,81,0.3506802022457123,0.34391823410987854,0.0066664982587099075,0.9546610116958618,0.04200705140829086
60,82,0.4427239000797272,0.43486487865448,0.007653501816093922,2.055072784423828,0.05521942675113678
60,83,0.8684368133544922,0.8591259121894836,0.009277716279029846,0.33174556493759155,0.0734190046787262
60,84,0.43268319964408875,0.4249193072319031,0.00764828734099865,1.1560901403427124,0.03812467306852341
60,85,0.014569913037121296,0.014458347111940384,8.952810458140448e-05,0.22037817537784576,0.06726036965847015
60,86,0.013822793960571289,0.013744419440627098,5.0287599151488394e-05,0.28086578845977783,0.0021210929844528437
60,87,0.1986759454011917,0.1969989836215973,0.0016591165913268924,0.1784764975309372,0.009861914440989494
60,88,0.4105038344860077,0.40651094913482666,0.0039695193991065025,0.23369942605495453,0.03247030824422836
60,89,0.016110211610794067,0.016018208116292953,6.425038736779243e-05,0.2775406837463379,0.002606416819617152
60,90,0.40461406111717224,0.4014432430267334,0.0031519473996013403,0.18871638178825378,0.029791077598929405
60,91,0.369023859500885,0.3664698600769043,0.0025470692198723555,0.06951946020126343,0.033295877277851105
60,92,0.4642617106437683,0.45678970217704773,0.0074323853477835655,0.3963417708873749,0.065132737159729
60,93,0.8833783268928528,0.8609159588813782,0.022157467901706696,3.0490331649780273,0.5312472581863403
60,94,0.8751364946365356,0.8530141115188599,0.021455492824316025,6.669272422790527,0.1331038773059845
60,95,0.8736940622329712,0.8638331890106201,0.009796143509447575,0.6475793719291687,0.12775298953056335
60,96,0.045861344784498215,0.045170411467552185,0.0006539261667057872,0.3700712323188782,0.023235322907567024
60,97,0.04338683560490608,0.04287680611014366,0.00047410750994458795,0.35922837257385254,0.02060704678297043
60,98,1.1242045164108276,1.0831260681152344,0.0392179898917675,18.604848861694336,0.19696548581123352
60,99,0.01973319798707962,0.019579501822590828,0.00012262407108210027,0.31073471903800964,0.0031927486415952444
60,100,0.04271310195326805,0.042107418179512024,0.0005683806957677007,0.37299472093582153,0.02002917230129242
61,1,0.014057090505957603,0.013972712680697441,5.5823158618295565e-05,0.285540908575058,0.002406074432656169
61,2,0.012456140480935574,0.012348885647952557,8.378138591069728e-05,0.2347300499677658,0.05625073239207268
61,3,0.4391912519931793,0.4314066767692566,0.007653048262000084,1.3150739669799805,0.04360166937112808
61,4,0.43097251653671265,0.41966909170150757,0.011118803173303604,1.84614896774292,0.03903326019644737
61,5,0.18077580630779266,0.17925995588302612,0.0014986528549343348,0.17198894917964935,0.0085090147331357
61,6,0.9648301601409912,0.9315713047981262,0.032182157039642334,10.766960144042969,0.11692027747631073
61,7,0.9635095596313477,0.9367403984069824,0.026194993406534195,5.741836071014404,0.16779398918151855
61,8,0.013486569747328758,0.013394857756793499,6.410672358470038e-05,0.27605170011520386,0.0034602812957018614
61,9,0.04288005083799362,0.04223746061325073,0.0006065000197850168,0.36089590191841125,0.018989533185958862
61,10,0.3257042169570923,0.32182300090789795,0.003847199957817793,0.33993709087371826,0.03955038636922836
61,11,0.04263459891080856,0.04208352044224739,0.0005151876248419285,0.3588879108428955,0.018999218940734863
61,12,0.9684112071990967,0.9585734009742737,0.009790519252419472,0.472713828086853,0.08472557365894318
61,13,0.012614358216524124,0.01251722127199173,7.536447810707614e-05,0.2177286148071289,0.05590937286615372
61,14,0.6309491395950317,0.6152570843696594,0.01535419374704361,3.378661870956421,0.10174708068370819
61,15,0.34991025924682617,0.3443456292152405,0.005520918406546116,0.43718957901000977,0.046861737966537476
61,16,0.3958189785480499,0.39239683747291565,0.003406346309930086,0.15788306295871735,0.034112509340047836
61,17,0.4620738625526428,0.4544481635093689,0.007516241632401943,1.0945543050765991,0.05224918946623802
61,18,0.32919105887413025,0.32465457916259766,0.0044956086203455925,0.4085451066493988,0.05583538860082626
61,19,0.45149195194244385,0.44263145327568054,0.008698517456650734,1.6198244094848633,0.05560174584388733
61,20,0.19619078934192657,0.19338729977607727,0.002776046982035041,0.27455100417137146,0.012416992336511612
61,21,0.7255502343177795,0.7162670493125916,0.009235415607690811,0.4775814414024353,0.10071340203285217
61,22,0.9028271436691284,0.8875809907913208,0.014730673283338547,5.15473747253418,0.10114333778619766
61,23,0.007253746502101421,0.007201703730970621,4.794523192686029e-05,0.040974099189043045,0.0044287582859396935
61,24,0.041191525757312775,0.04046754539012909,0.0006792350905016065,0.44746133685112,0.019743647426366806
61,25,0.9386593699455261,0.9153757691383362,0.022923050448298454,3.6052823066711426,0.5794805288314819
61,26,0.025514967739582062,0.02530559152364731,0.00017039058730006218,0.38985350728034973,0.007161086890846491
61,27,0.2333151251077652,0.23081864416599274,0.0024765089619904757,0.19964805245399475,0.04567156732082367
61,28,0.34557288885116577,0.3386421203613281,0.006848640739917755,0.8212960362434387,0.041324835270643234
61,29,0.34872305393218994,0.3443794250488281,0.00432993657886982,0.1367197036743164,0.019078336656093597
61,30,0.019858023151755333,0.01968356966972351,0.0001374765415675938,0.3697654604911804,0.0034415703266859055
61,31,0.33437609672546387,0.3281412720680237,0.00616877619177103,0.6605319380760193,0.03747165948152542
61,32,1.2065815925598145,1.1693693399429321,0.03666726499795914,5.450809478759766,0.18804261088371277
61,33,0.8534212112426758,0.8439471125602722,0.009411126375198364,0.62929767370224,0.11959967762231827
61,34,0.6060381531715393,0.5916796922683716,0.01417231559753418,1.8612852096557617,0.253734290599823
61,35,0.025640590116381645,0.02542077749967575,0.00018524608458392322,0.34566381573677063,0.0071604750119149685
61,36,0.3087906539440155,0.3045074939727783,0.004250035621225834,0.3309740126132965,0.03763163089752197
61,37,0.45138251781463623,0.44710785150527954,0.004250905942171812,0.23764263093471527,0.03308910131454468
61,38,0.9601709842681885,0.9366765022277832,0.022163227200508118,13.3128080368042,0.10703384131193161
61,39,0.91350919008255,0.8786494731903076,0.03439905866980553,4.606574058532715,0.5834136009216309
61,40,0.0257588941603899,0.025551682338118553,0.00017553361249156296,0.3167846202850342,0.0069908080622553825
61,41,0.014282530173659325,0.014170106500387192,8.413736941292882e-05,0.2828575074672699,0.002351580187678337
61,42,0.887111246585846,0.8665152788162231,0.020276151597499847,3.19838285446167,0.5240365266799927
61,43,0.3374952971935272,0.3339167535305023,0.0035578582901507616,0.20669706165790558,0.01339734997600317
61,44,0.9437515139579773,0.9176175594329834,0.025157712399959564,9.762480735778809,0.13382463157176971
61,45,0.12414823472499847,0.12266051769256592,0.001477150246500969,0.10562877357006073,0.07970914244651794
61,46,0.04506251960992813,0.04436701908707619,0.0006582001224160194,0.3729977011680603,0.02229466289281845
61,47,0.6004796028137207,0.5894018411636353,0.010945742949843407,1.3201212882995605,0.22079111635684967
61,48,0.11904291063547134,0.11796434223651886,0.001074218307621777,0.043530646711587906,0.03372761607170105
61,49,0.011842683888971806,0.011719465255737305,9.95798982330598e-05,0.23638862371444702,0.06158221885561943
61,50,0.04198269173502922,0.04153215512633324,0.0004128962755203247,0.37641486525535583,0.021174846217036247
61,51,0.4445463716983795,0.4380114674568176,0.006501016207039356,0.33885204792022705,0.05227313190698624
61,52,0.7545892000198364,0.730786919593811,0.023495474830269814,3.067798614501953,0.2929610013961792
61,53,0.3758242726325989,0.37284013628959656,0.0029636994004249573,0.2043561190366745,0.029527438804507256
61,54,0.4329470694065094,0.4271160364151001,0.005802331492304802,0.28696656227111816,0.05445612221956253
61,55,0.34999343752861023,0.3405390679836273,0.009350784122943878,1.0358307361602783,0.045570529997348785
61,56,0.8740315437316895,0.8635305166244507,0.010433197021484375,0.678482711315155,0.12994898855686188
61,57,1.2205584049224854,1.1853914260864258,0.034545622766017914,6.21351432800293,0.18737506866455078
61,58,0.32531383633613586,0.321193128824234,0.004106360021978617,0.14349737763404846,0.01776350662112236
61,59,0.928929328918457,0.9011625647544861,0.02728310227394104,4.836498260498047,0.6348758339881897
61,60,0.22593624889850616,0.2235666960477829,0.002355201169848442,0.14349865913391113,0.050824008882045746
61,61,0.12085308134555817,0.11946514248847961,0.0013767755590379238,0.1116020530462265,0.09553412348031998
61,62,0.3361606299877167,0.3324320912361145,0.0037071621045470238,0.21383023262023926,0.017967913299798965
61,63,0.04166676849126816,0.04111555963754654,0.0005127692129462957,0.3844093084335327,0.017568271607160568
61,64,0.387409508228302,0.38396841287612915,0.003423864021897316,0.17231754958629608,0.02099696919322014
61,65,0.22265641391277313,0.22055484354496002,0.002090637106448412,0.10934539139270782,0.1881812959909439
61,66,0.40108591318130493,0.3971957564353943,0.003870005952194333,0.20141816139221191,0.025774594396352768
61,67,0.680465817451477,0.6722652316093445,0.008159732446074486,0.40833908319473267,0.06301458179950714
61,68,0.43653416633605957,0.4292144179344177,0.00728992884978652,0.29828041791915894,0.04879485443234444
61,69,0.015503086149692535,0.01537697110325098,9.434805542696267e-05,0.31766968965530396,0.0024891102220863104
61,70,0.9362735152244568,0.9155664443969727,0.020409591495990753,2.975041151046753,0.429436594247818
61,71,0.019185658544301987,0.019026070833206177,0.00012506588245742023,0.34522318840026855,0.003028484061360359
61,72,0.12735743820667267,0.12624627351760864,0.0011063027195632458,0.04853861778974533,0.046828240156173706
61,73,0.9311335682868958,0.9193102121353149,0.01176170539110899,0.6162413358688354,0.08770742267370224
61,74,0.8714980483055115,0.8620626926422119,0.009401295334100723,0.34058862924575806,0.08289171755313873
61,75,0.47845321893692017,0.46905118227005005,0.009348543360829353,0.5349500775337219,0.07649476826190948
61,76,0.35393887758255005,0.3487757444381714,0.00513687776401639,0.2626633942127228,0.02469577267765999
61,77,0.8833189010620117,0.854633629322052,0.028172431513667107,5.128242015838623,0.449943482875824
61,78,0.016630535945296288,0.016508745029568672,9.079782466869801e-05,0.3099309802055359,0.00240207277238369
61,79,0.13791263103485107,0.1356685906648636,0.002221085596829653,0.2294742465019226,0.11282052099704742
61,80,0.014407971873879433,0.014295456930994987,8.322255598613992e-05,0.29292038083076477,0.002586059272289276
61,81,0.8496308326721191,0.8254334926605225,0.023740097880363464,4.5719780921936035,0.3393314778804779
61,82,0.4217766225337982,0.4132712185382843,0.008371632546186447,1.3378496170043945,0.04618199169635773
61,83,0.43574538826942444,0.4291890859603882,0.00643499568104744,1.2130839824676514,0.032516930252313614
61,84,0.695013701915741,0.6871455907821655,0.007822119630873203,0.45992493629455566,0.0726948082447052
61,85,0.8967048525810242,0.8723260164260864,0.024068286642432213,3.1051321029663086,0.5114266872406006
61,86,0.12385034561157227,0.12262795120477676,0.0012180289486423135,0.043669238686561584,0.03451009467244148
61,87,0.38198885321617126,0.3782741129398346,0.0037010139785706997,0.13734476268291473,0.02109544351696968
61,88,0.40304502844810486,0.3978065848350525,0.005163767375051975,0.7467972040176392,0.031008098274469376
61,89,0.06893765181303024,0.06831628084182739,0.0006159339682199061,0.05435707047581673,0.009751598350703716
61,90,0.2220107614994049,0.22005102038383484,0.0019469456747174263,0.12796685099601746,0.04192022979259491
61,91,0.42640984058380127,0.421397864818573,0.004965709522366524,0.4625706672668457,0.03137241303920746
61,92,0.3493753969669342,0.3457045555114746,0.003648899495601654,0.21946820616722107,0.01650276780128479
61,93,0.8892468214035034,0.8777348399162292,0.011432377621531487,0.7962103486061096,0.14701536297798157
61,94,0.1954057514667511,0.1937118023633957,0.0016692780191078782,0.24670089781284332,0.013830259442329407
61,95,0.011816145852208138,0.011704308912158012,8.654878183733672e-05,0.2528836131095886,0.07452660799026489
61,96,0.6880791783332825,0.6787109375,0.009325014427304268,0.4319082498550415,0.09030579030513763
61,97,0.08200357854366302,0.08153305947780609,0.00046578736510127783,0.04728007689118385,0.04503796994686127
61,98,0.015746615827083588,0.015628594905138016,8.605171751696616e-05,0.31968191266059875,0.002424700651317835
61,99,0.420547217130661,0.413790225982666,0.00668443413451314,0.7255785465240479,0.039350878447294235
61,100,0.014834320172667503,0.014703527092933655,0.00010005403601098806,0.30739137530326843,0.002603175351396203
62,1,0.6866244673728943,0.6774207353591919,0.009149600751698017,0.5414140224456787,0.07886984944343567
62,2,0.343631774187088,0.3401661813259125,0.003437865525484085,0.2770296335220337,0.016855524852871895
62,3,0.3328169882297516,0.32989224791526794,0.002909656148403883,0.15069134533405304,0.01524357683956623
62,4,0.9787336587905884,0.9557388424873352,0.022198785096406937,7.96005392074585,0.11607822775840759
62,5,0.04686101898550987,0.046248022466897964,0.0005771105643361807,0.35886406898498535,0.019061509519815445
62,6,1.1641470193862915,1.1275678873062134,0.03602788597345352,5.511649131774902,0.13731107115745544
62,7,0.12211213260889053,0.12108410894870758,0.001023951219394803,0.04078539460897446,0.03443460911512375
62,8,0.41194745898246765,0.4079355299472809,0.00397798465564847,0.339434415102005,0.026192694902420044
62,9,0.4148115813732147,0.4102689325809479,0.0044988845475018024,0.43741410970687866,0.02689102105796337
62,10,0.7250096797943115,0.7135084867477417,0.011425668373703957,0.7550332546234131,0.07437483966350555
62,11,0.39635834097862244,0.39254364371299744,0.003787085646763444,0.2759222388267517,0.027530871331691742
62,12,1.0351332426071167,1.0043983459472656,0.03002513200044632,7.097438812255859,0.16918893158435822
62,13,0.8811792135238647,0.8719316720962524,0.009183250367641449,0.642852783203125,0.1290728598833084
62,14,0.06122839078307152,0.060401491820812225,0.0008238516747951508,0.03045530617237091,0.022440562024712563
62,15,1.117796778678894,1.0953116416931152,0.02200527861714363,4.798185348510742,0.1773257702589035
62,16,0.7071220278739929,0.6992917060852051,0.007787083741277456,0.4323003590106964,0.08515602350234985
62,17,0.2678207755088806,0.2650656998157501,0.002738987561315298,0.16080708801746368,0.04930087924003601
62,18,0.050478316843509674,0.05009767413139343,0.0003463047032710165,0.34337955713272095,0.016725514084100723
62,19,0.13132670521736145,0.1295420527458191,0.0017724911449477077,0.1216442659497261,0.08918900042772293
62,20,1.0083425045013428,0.987133264541626,0.020424524322152138,7.847519874572754,0.11313705146312714
62,21,0.8589193224906921,0.8372898101806641,0.021258652210235596,3.7086069583892822,0.48791244626045227
62,22,0.8286661505699158,0.8224114179611206,0.006232568994164467,0.22150027751922607,0.051900070160627365
62,23,0.20926953852176666,0.20781943202018738,0.0014396300539374352,0.10477551817893982,0.006722885183990002
62,24,0.771060585975647,0.7623111009597778,0.008704065345227718,0.45421653985977173,0.07065367698669434
62,25,0.437153697013855,0.42943987250328064,0.007533323485404253,1.8052300214767456,0.0330423042178154
62,26,0.01434890553355217,0.014256052672863007,6.103898340370506e-05,0.31813716888427734,0.0032840585336089134
62,27,0.381100058555603,0.37810125946998596,0.0029770750552415848,0.21711640059947968,0.0296403206884861
62,28,0.13504834473133087,0.13415561616420746,0.0008880863897502422,0.04653595760464668,0.04073353111743927
62,29,0.022703809663653374,0.022563423961400986,0.0001021790667437017,0.38207170367240906,0.002792615443468094
62,30,0.4172723591327667,0.41234156489372253,0.004883846268057823,0.4693227708339691,0.034205496311187744
62,31,1.204594373703003,1.1755571365356445,0.028482235968112946,5.550885200500488,0.15077093243598938
62,32,0.4248117208480835,0.4165229797363281,0.008169625885784626,1.1910653114318848,0.04350065439939499
62,33,0.3390958905220032,0.3356841802597046,0.003387529170140624,0.241559699177742,0.018214941024780273
62,34,0.39696893095970154,0.3921256959438324,0.004830355755984783,0.12862980365753174,0.027341075241565704
62,35,0.06493358314037323,0.06478351354598999,0.0001089629513444379,0.4110504388809204,0.007548100780695677
62,36,0.37719956040382385,0.37256842851638794,0.004619487561285496,0.11663485318422318,0.028025247156620026
62,37,0.020121019333600998,0.020000148564577103,9.769989992491901e-05,0.231710746884346,0.05458737909793854
62,38,0.3839995265007019,0.37936174869537354,0.004622967913746834,0.14806492626667023,0.033106524497270584
62,39,0.44417643547058105,0.43533849716186523,0.00879286602139473,0.4505852162837982,0.08248002082109451
62,40,0.8787133097648621,0.865510106086731,0.013150517828762531,0.5266238451004028,0.1262415051460266
62,41,0.02028154954314232,0.020189879462122917,7.251999340951443e-05,0.1914936900138855,0.05705277994275093
62,42,0.6043484210968018,0.5883800387382507,0.015780165791511536,1.8822729587554932,0.2692115902900696
62,43,0.881031334400177,0.8442820906639099,0.03609015420079231,6.590881824493408,0.39968499541282654
62,44,0.9101296663284302,0.8987497091293335,0.011289859190583229,0.9012187719345093,0.1318291425704956
62,45,0.030273858457803726,0.030140146613121033,0.00011279409955022857,0.20916877686977386,0.00533923227339983
62,46,0.4072655141353607,0.40287214517593384,0.0042932345531880856,1.0013972520828247,0.041515715420246124
62,47,0.6351962089538574,0.6234650611877441,0.011587699875235558,1.4348313808441162,0.20299571752548218
62,48,1.0167057514190674,0.9885667562484741,0.027334580197930336,8.043844223022461,0.12795084714889526
62,49,1.1408125162124634,1.1157629489898682,0.024597473442554474,4.520243167877197,0.11643325537443161
62,50,0.0261190477758646,0.02596181258559227,0.00013631740876007825,0.2091747671365738,0.005122588016092777
62,51,0.1906663179397583,0.18922266364097595,0.0014335439773276448,0.10098012536764145,0.00948258489370346
62,52,0.4833196997642517,0.47556599974632263,0.007705281488597393,0.4842993915081024,0.04602453485131264
62,53,0.4452236294746399,0.43861764669418335,0.0065817199647426605,0.2425273358821869,0.043117932975292206
62,54,0.014308681711554527,0.014242095872759819,4.463553341338411e-05,0.21949981153011322,0.0016151993768289685
62,55,0.42919859290122986,0.4232267737388611,0.005859720520675182,1.1208064556121826,0.06466527283191681
62,56,1.0253123044967651,1.0039246082305908,0.02084614709019661,5.4154863357543945,0.2140759825706482
62,57,0.9420993328094482,0.9239649772644043,0.017428621649742126,7.057470321655273,0.1439889371395111
62,58,0.013576914556324482,0.013518569059669971,4.174208515905775e-05,0.1660393327474594,0.07000051438808441
62,59,0.3571162223815918,0.3526245355606079,0.004468195606023073,0.23473283648490906,0.020543571561574936
62,60,0.08949018269777298,0.08892390131950378,0.0005609575309790671,0.05327807366847992,0.010975437238812447
62,61,0.012137161567807198,0.01206052117049694,5.893429624848068e-05,0.17705978453159332,0.06439146399497986
62,62,0.334911048412323,0.3298616409301758,0.0049989717081189156,0.5043789148330688,0.042837295681238174
62,63,0.9956918358802795,0.968512773513794,0.02678900957107544,3.9003360271453857,0.7194485664367676
62,64,0.020557861775159836,0.020390504971146584,0.00016719356062822044,0.0016471979906782508,0.004727947525680065
62,65,0.13195915520191193,0.13005799055099487,0.001881574047729373,0.19595173001289368,0.10358268022537231
62,66,0.19631248712539673,0.19425947964191437,0.0020309125538915396,0.22105801105499268,0.009745141491293907
62,67,1.1388307809829712,1.106101393699646,0.0321342833340168,5.95070219039917,0.21129558980464935
62,68,0.04787261784076691,0.04739169031381607,0.00044668238842859864,0.3424501419067383,0.015382133424282074
62,69,0.013538753613829613,0.013437127694487572,8.015143976081163e-05,0.21474416553974152,0.051293425261974335
62,70,0.8235794901847839,0.8042260408401489,0.01911490224301815,2.3855977058410645,0.46582701802253723
62,71,0.4690537452697754,0.46075505018234253,0.008249842561781406,0.4883490204811096,0.061970364302396774
62,72,0.496012806892395,0.48471036553382874,0.011049850843846798,2.5261356830596924,0.034870125353336334
62,73,0.9683389663696289,0.9575802683830261,0.010698373429477215,0.6029747128486633,0.07244224846363068
62,74,0.4233885705471039,0.41713839769363403,0.006127993576228619,1.2220394611358643,0.03022017702460289
62,75,0.022595243528485298,0.022465437650680542,0.00012957687431480736,0.0022984244860708714,0.003994112368673086
62,76,0.9839197993278503,0.9690697193145752,0.014707648195326328,1.4244840145111084,0.10718470811843872
62,77,0.013107703998684883,0.013027108274400234,6.103092528064735e-05,0.19565343856811523,0.043129123747348785
62,78,0.06869959086179733,0.06810471415519714,0.0005896363873034716,0.052364010363817215,0.009032290428876877
62,79,0.9878723621368408,0.9617220759391785,0.0249466709792614,12.036147117614746,0.12771165370941162
62,80,0.013679319061338902,0.013605311512947083,4.903877561446279e-05,0.24968738853931427,0.0016748872585594654
62,81,0.8415148854255676,0.8212988376617432,0.019862206652760506,3.538316249847412,0.3413151204586029
62,82,0.014986165799200535,0.0148579441010952,0.00010741766891442239,0.20803748071193695,0.07121118903160095
62,83,0.3595583736896515,0.3550155758857727,0.004511525854468346,0.31255045533180237,0.024219907820224762
62,84,1.1850991249084473,1.1488384008407593,0.03575395047664642,5.067654132843018,0.23060867190361023
62,85,0.2887898087501526,0.28290215134620667,0.005764143541455269,1.2351518869400024,0.05049224942922592
62,86,0.030828293412923813,0.030401600524783134,0.0003952287952415645,0.31464093923568726,0.012054409831762314
62,87,0.043446630239486694,0.04291624575853348,0.0004951937589794397,0.35187676548957825,0.021808316931128502
62,88,0.7270747423171997,0.7149811387062073,0.01202136930078268,0.7224484086036682,0.11464159190654755
62,89,0.044221509248018265,0.043664757162332535,0.0005218981532379985,0.3485305905342102,0.019222721457481384
62,90,0.8708705306053162,0.8600124716758728,0.010820277966558933,0.3780601918697357,0.11331852525472641
62,91,0.020038703456521034,0.019917933270335197,9.440662688575685e-05,0.2636318802833557,0.0018029608763754368
62,92,0.6598942875862122,0.6402057409286499,0.019348150119185448,3.4040820598602295,0.2488124668598175
62,93,0.011842957697808743,0.011781277135014534,4.0075567085295916e-05,0.21605004370212555,0.0020995354279875755
62,94,0.9560816884040833,0.9405639171600342,0.015419178642332554,0.9858730435371399,0.08437740057706833
62,95,0.4754626452922821,0.4669933319091797,0.008431321941316128,0.3798657953739166,0.051313113421201706
62,96,0.18657103180885315,0.18530109524726868,0.0012605469673871994,0.09385928511619568,0.007509374059736729
62,97,0.8635015487670898,0.8386995792388916,0.024373238906264305,4.287423133850098,0.3066520690917969
62,98,0.713222861289978,0.7046041488647461,0.008574369363486767,0.443456768989563,0.06681211292743683
62,99,0.023245807737112045,0.023129018023610115,9.24387713894248e-05,0.24351194500923157,0.0023702001199126244
62,100,0.020986661314964294,0.020868349820375443,9.355414658784866e-05,0.24758002161979675,0.002444894053041935
63,1,0.7143953442573547,0.704812228679657,0.009537480771541595,0.45642951130867004,0.08171917498111725
63,2,0.7653947472572327,0.7473186254501343,0.017770923674106598,3.051481008529663,0.3867828845977783
63,3,0.33031174540519714,0.3255370557308197,0.004735564813017845,0.3914247453212738,0.044186610728502274
63,4,0.04263253137469292,0.042044613510370255,0.0005547973560169339,0.33122119307518005,0.022501684725284576
63,5,0.3438943922519684,0.34092140197753906,0.002953294664621353,0.19698792695999146,0.023583244532346725
63,6,0.19372154772281647,0.19241197407245636,0.0012981983600184321,0.11364468932151794,0.010451920330524445
63,7,0.028190139681100845,0.028031209483742714,0.00012953332043252885,0.2939690351486206,0.006797455251216888
63,8,0.9791067838668823,0.9573312997817993,0.02107851207256317,6.969753265380859,0.1861051321029663
63,9,0.8810800313949585,0.8607645034790039,0.020023254677653313,2.922734022140503,0.6372273564338684
63,10,0.6852613687515259,0.677477240562439,0.007742957212030888,0.4117487668991089,0.07860428094863892
63,11,0.4644034504890442,0.4580242931842804,0.006340694613754749,0.3848346471786499,0.06815821677446365
63,12,0.012943880632519722,0.012847358360886574,7.237115642055869e-05,0.2415073961019516,0.05520319938659668
63,13,0.958672821521759,0.9353511333465576,0.021982859820127487,13.388285636901855,0.09833937883377075
63,14,0.40124279260635376,0.3981633186340332,0.003059791401028633,0.19679157435894012,0.025497116148471832
63,15,0.7104405760765076,0.7017296552658081,0.00867214985191822,0.3876173198223114,0.06754980236291885
63,16,0.39408496022224426,0.39047640562057495,0.0035800798796117306,0.2845003008842468,0.021837987005710602
63,17,0.5168487429618835,0.506784200668335,0.009910139255225658,1.5436604022979736,0.05605531483888626
63,18,0.042492806911468506,0.04199295490980148,0.00045952649088576436,0.40327584743499756,0.019710049033164978
63,19,0.3755907416343689,0.37144145369529724,0.004134845919907093,0.14443263411521912,0.020591305568814278
63,20,0.13311618566513062,0.13081678748130798,0.002276707673445344,0.22692950069904327,0.1091235876083374
63,21,0.8677307963371277,0.8580117225646973,0.009683105163276196,0.35932400822639465,0.07023172080516815
63,22,0.8539726138114929,0.8278625011444092,0.02569086290895939,4.192866325378418,0.36654090881347656
63,23,0.6247162818908691,0.6067575812339783,0.01770918071269989,2.494900703430176,0.26942041516304016
63,24,0.008791746571660042,0.008717168122529984,4.448975232662633e-05,0.30087852478027344,0.08931636065244675
63,25,0.1295464038848877,0.12826186418533325,0.0012783424463123083,0.06204735115170479,0.05824059993028641
63,26,0.04442305862903595,0.04377158358693123,0.0006065744673833251,0.44902682304382324,0.021225456148386
63,27,0.6646902561187744,0.6438740491867065,0.020424509420990944,3.9171993732452393,0.2721160650253296
63,28,0.8690347671508789,0.8582397103309631,0.010708142071962357,0.8688797950744629,0.11206693202257156
63,29,0.04004416614770889,0.039546575397253036,0.00045732164289802313,0.40270814299583435,0.018027417361736298
63,30,0.12503211200237274,0.12328247725963593,0.0017368400003761053,0.12806525826454163,0.09395556896924973
63,31,0.025126326829195023,0.024946216493844986,0.00014646866475231946,0.3364049196243286,0.0073839882388710976
63,32,0.34134164452552795,0.33857864141464233,0.0027483596932142973,0.14628706872463226,0.017928218469023705
63,33,0.19352392852306366,0.19147127866744995,0.002023660810664296,0.2897600829601288,0.00988062471151352
63,34,0.3439265489578247,0.34021463990211487,0.0037010996602475643,0.108168825507164,0.025068406015634537
63,35,0.0018937357235699892,0.0018614069558680058,7.520160579588264e-06,0.24808557331562042,0.0007438840111717582
63,36,0.3249412477016449,0.3226257264614105,0.00229833647608757,0.17199166119098663,0.019364316016435623
63,37,0.45213866233825684,0.4338638484477997,0.017960652709007263,3.1418697834014893,0.057081229984760284
63,38,0.8834497928619385,0.8662139177322388,0.016899578273296356,3.3627588748931885,0.12395168840885162
63,39,0.37274160981178284,0.3688752055168152,0.003855188377201557,0.11215446144342422,0.029215209186077118
63,40,0.02539207972586155,0.025215595960617065,0.00013985802070237696,0.3662605583667755,0.0032660725992172956
63,41,0.014681261964142323,0.014552030712366104,0.0001041610084939748,0.2506992220878601,0.05683223158121109
63,42,0.0215004850178957,0.021391134709119797,7.643905701115727e-05,0.3291173577308655,0.0077501386404037476
63,43,0.030325772240757942,0.030106354504823685,0.00018325855489820242,0.36158961057662964,0.008858809247612953
63,44,0.048792943358421326,0.04803670197725296,0.0007160655804909766,0.4017716348171234,0.026484765112400055
63,45,0.8844386339187622,0.8771067261695862,0.007301621604710817,0.30260998010635376,0.06139872223138809
63,46,0.45475319027900696,0.44805675745010376,0.006666220724582672,0.3020647466182709,0.05927117168903351
63,47,0.12834981083869934,0.12728309631347656,0.0010619375389069319,0.04777856543660164,0.048584870994091034
63,48,0.12843702733516693,0.12678414583206177,0.0016431822441518307,0.0970410481095314,0.10286767780780792
63,49,0.4975496530532837,0.489020973443985,0.008359204977750778,1.69482421875,0.0472782626748085
63,50,0.8041528463363647,0.7882735729217529,0.015583240427076817,2.9605727195739746,0.3098672926425934
63,51,0.2560219168663025,0.25301384925842285,0.0029889659490436316,0.19115608930587769,0.06240123510360718
63,52,0.02497895248234272,0.024822628125548363,0.00012722409155685455,0.29100918769836426,0.00274323346093297
63,53,0.3236246109008789,0.3205021023750305,0.0031011332757771015,0.21355915069580078,0.020458798855543137
63,54,0.23637622594833374,0.23390567302703857,0.002455224748700857,0.15336336195468903,0.04536309093236923
63,55,0.8375240564346313,0.8282385468482971,0.00922620389610529,0.5931333899497986,0.10982662439346313
63,56,0.4132870137691498,0.40900516510009766,0.004251666367053986,0.3020440340042114,0.024185732007026672
63,57,0.3558051288127899,0.3504990041255951,0.005235523916780949,0.7060359120368958,0.04140480235219002
63,58,0.3305414319038391,0.3262026309967041,0.004288302734494209,0.5047301054000854,0.04121425375342369
63,59,0.4488755762577057,0.43889105319976807,0.009947222657501698,0.37319186329841614,0.07175643742084503
63,60,0.028409253805875778,0.028259586542844772,0.00012209326087031513,0.2757394015789032,0.002297816099599004
63,61,1.0016719102859497,0.9736100435256958,0.026850920170545578,12.109556198120117,0.15338948369026184
63,62,0.33956632018089294,0.3335523009300232,0.005954464431852102,0.5955656170845032,0.044433631002902985
63,63,1.2037601470947266,1.173899531364441,0.028944160789251328,9.16476058959961,0.1973883956670761
63,64,0.39575591683387756,0.39237579703330994,0.003363134106621146,0.169793963432312,0.02899256907403469
63,65,0.22217726707458496,0.22016814351081848,0.001995965838432312,0.1315101832151413,0.04010561853647232
63,66,0.6020292043685913,0.5884358882904053,0.01343642920255661,1.5689976215362549,0.22306454181671143
63,67,0.4268123209476471,0.41935455799102783,0.007256517186760902,2.012685775756836,0.045014698058366776
63,68,0.9898101091384888,0.9494789838790894,0.03966999053955078,6.611119747161865,0.5415413975715637
63,69,0.967555046081543,0.9454947113990784,0.021204741671681404,8.555841445922852,0.1101093515753746
63,70,0.3830166757106781,0.3794037997722626,0.003595074638724327,0.17784741520881653,0.019723182544112206
63,71,0.430420458316803,0.426973819732666,0.0034204907715320587,0.2612661123275757,0.029286399483680725
63,72,0.6343305110931396,0.624064028263092,0.010142681188881397,1.2378863096237183,0.2033625990152359
63,73,0.02003338746726513,0.01992299035191536,8.486300794174895e-05,0.25535574555397034,0.0029105483554303646
63,74,0.34043681621551514,0.3370656669139862,0.003337548580020666,0.3358284831047058,0.04334007948637009
63,75,0.4954281151294708,0.4897034168243408,0.005691014230251312,0.33683228492736816,0.034616634249687195
63,76,0.11942719668149948,0.11853073537349701,0.0008928734459914267,0.035928692668676376,0.038123782724142075
63,77,0.12269972264766693,0.12173888087272644,0.0009530742536298931,0.07771384716033936,0.04858463257551193
63,78,0.1272105723619461,0.12587882578372955,0.0013221893459558487,0.09548155963420868,0.10896922647953033
63,79,0.36608532071113586,0.36203569173812866,0.004038916900753975,0.10690862685441971,0.02769855037331581
63,80,0.020362889394164085,0.02023986726999283,9.332790796179324e-05,0.29693475365638733,0.002375194802880287
63,81,1.1949877738952637,1.1719698905944824,0.02234363555908203,6.742323398590088,0.1837213933467865
63,82,0.460134893655777,0.45338907837867737,0.006715317256748676,0.3050142824649811,0.08057195693254471
63,83,0.020968692377209663,0.02082560583949089,0.00011096918751718476,0.3211817741394043,0.0035664932802319527
63,84,0.2467074990272522,0.24333250522613525,0.003354359185323119,0.20632584393024445,0.06353316456079483
63,85,0.8785641193389893,0.8453546166419983,0.03255196288228035,6.575395584106445,0.454497754573822
63,86,0.18704669177532196,0.184984028339386,0.002039596438407898,0.23073774576187134,0.011922653764486313
63,87,0.12758174538612366,0.12547947466373444,0.0020868636202067137,0.15414029359817505,0.10794918984174728
63,88,0.8493704795837402,0.8178252577781677,0.030907241627573967,6.379973411560059,0.3948521912097931
63,89,0.01735244132578373,0.01724802702665329,8.454584894934669e-05,0.19869624078273773,0.035261306911706924
63,90,0.019562209025025368,0.019469505175948143,6.538558227475733e-05,0.2731776535511017,0.0029597440734505653
63,91,0.3088984787464142,0.3037257790565491,0.005130992271006107,0.41692259907722473,0.039643120020627975
63,92,0.12564700841903687,0.12442122399806976,0.001219593919813633,0.061847977340221405,0.038582876324653625
63,93,0.01601729728281498,0.01593080163002014,5.9523797972360626e-05,0.26970940828323364,0.002604625653475523
63,94,0.8311347365379333,0.8022611737251282,0.02837810292840004,4.954582691192627,0.355612188577652
63,95,0.1331043392419815,0.1308514028787613,0.002236531814560294,0.16411076486110687,0.10607628524303436
63,96,0.011845975182950497,0.01175871305167675,6.802610005252063e-05,0.1923666149377823,0.06516757607460022
63,97,0.7729224562644958,0.7608462572097778,0.011997437104582787,0.7874312996864319,0.11520001292228699
63,98,0.6407144665718079,0.6265844106674194,0.01388508826494217,2.449805974960327,0.29167306423187256
63,99,0.015124519355595112,0.015024619176983833,7.057511538732797e-05,0.29325070977211,0.002369212917983532
63,100,1.0195801258087158,0.9837861061096191,0.034502267837524414,12.917530059814453,0.14681871235370636
64,1,0.19520026445388794,0.19348831474781036,0.001695216866210103,0.16737790405750275,0.012740790843963623
64,2,0.19700796902179718,0.19530364871025085,0.0016865257639437914,0.1779106855392456,0.01353341992944479
64,3,0.43450498580932617,0.42676815390586853,0.007698007859289646,0.38833415508270264,0.039440084248781204
64,4,0.020473865792155266,0.020358413457870483,8.475143113173544e-05,0.3070063292980194,0.0022999420762062073
64,5,0.3771967589855194,0.3734402656555176,0.003745009656995535,0.11482488363981247,0.021646402776241302
64,6,0.012615446001291275,0.012535270303487778,6.143254722701386e-05,0.1874278485774994,0.06587668508291245
64,7,0.12727577984333038,0.12640559673309326,0.0008661519386805594,0.040440913289785385,0.040778037160634995
64,8,0.8455947637557983,0.8391662836074829,0.006396881770342588,0.31561511754989624,0.08996343612670898
64,9,0.1334783285856247,0.13234971463680267,0.0011235298588871956,0.05082959681749344,0.039801422506570816
64,10,0.4012863039970398,0.39830321073532104,0.002966789063066244,0.16295845806598663,0.026361363008618355
64,11,0.012292114086449146,0.012231828644871712,4.233183426549658e-05,0.179543137550354,0.05078520625829697
64,12,0.8804298043251038,0.8645973205566406,0.015604276210069656,2.2823750972747803,0.3997005820274353
64,13,0.12444515526294708,0.12352636456489563,0.000914835836738348,0.03956761583685875,0.03735309839248657
64,14,1.1212141513824463,1.0988495349884033,0.022013340145349503,3.513171434402466,0.15291810035705566
64,15,0.8851135969161987,0.8755837678909302,0.009468626230955124,0.6118791103363037,0.14080214500427246
64,16,1.1036263704299927,1.0714037418365479,0.03186769038438797,3.5484397411346436,0.18261092901229858
64,17,0.3679680824279785,0.3645441234111786,0.0034136201720684767,0.10342466831207275,0.02381683699786663
64,18,0.29777035117149353,0.29420411586761475,0.003546529682353139,0.19699083268642426,0.061811450868844986
64,19,0.32309433817863464,0.3189660906791687,0.004108542110770941,0.19685500860214233,0.01765909045934677
64,20,0.963801920413971,0.9435911178588867,0.019389823079109192,8.210066795349121,0.1407480239868164
64,21,0.13707438111305237,0.13537651300430298,0.0016881367191672325,0.09727757424116135,0.10971969366073608
64,22,0.35134536027908325,0.34794527292251587,0.003355653490871191,0.4444033205509186,0.05268404632806778
64,23,0.6010562181472778,0.591759443283081,0.009188330732285976,1.0843180418014526,0.247503861784935
64,24,0.3278109133243561,0.3247823119163513,0.0030026158783584833,0.2599793076515198,0.041170328855514526
64,25,0.01091720536351204,0.010838509537279606,6.27261761110276e-05,0.15969164669513702,0.05148515850305557
64,26,0.3732410669326782,0.3702717423439026,0.002958554308861494,0.10761333256959915,0.0183839350938797
64,27,0.3289123475551605,0.3261012136936188,0.002793705090880394,0.17426098883152008,0.014690941199660301
64,28,0.12846890091896057,0.1277042180299759,0.000760973896831274,0.03703273832798004,0.03209172189235687
64,29,0.46010929346084595,0.4522746801376343,0.007796508260071278,0.3812180161476135,0.046992603689432144
64,30,0.04403727501630783,0.04364782199263573,0.00036116252886131406,0.28290942311286926,0.01634860225021839
64,31,1.0121588706970215,0.9910985827445984,0.020518768578767776,5.415197849273682,0.12794815003871918
64,32,0.8562676906585693,0.8368816375732422,0.01897154189646244,4.144904136657715,0.29549640417099
64,33,0.8346801996231079,0.8171241283416748,0.017215419560670853,3.406538963317871,0.33358755707740784
64,34,0.35090959072113037,0.34667378664016724,0.004212484695017338,0.23306339979171753,0.019841277971863747
64,35,0.3180539309978485,0.31380927562713623,0.004218197427690029,0.2645091116428375,0.04668619856238365
64,36,0.016664573922753334,0.01652471534907818,0.00011903195991180837,0.20826447010040283,0.0753483772277832
64,37,0.8873583078384399,0.8643747568130493,0.02280234359204769,1.8122233152389526,0.15649867057800293
64,38,0.0050521488301455975,0.005001249723136425,4.634600190911442e-05,0.045530226081609726,0.005709233693778515
64,39,0.3724617063999176,0.36889731884002686,0.0035522147081792355,0.12149100005626678,0.0254724882543087
64,40,0.18273940682411194,0.1811249852180481,0.0015971292741596699,0.17288023233413696,0.01222192496061325
64,41,0.32541391253471375,0.3212464451789856,0.004152877256274223,0.14594052731990814,0.01686522364616394
64,42,1.0656381845474243,1.0083177089691162,0.056445494294166565,8.750078201293945,0.9895482063293457
64,43,0.3988511264324188,0.3936564028263092,0.005070303566753864,1.2443749904632568,0.05054208263754845
64,44,0.19543322920799255,0.1939816176891327,0.0014317010063678026,0.19907769560813904,0.012563325464725494
64,45,0.6629514098167419,0.6507545709609985,0.011985483579337597,2.1134121417999268,0.2021460235118866
64,46,0.8310646414756775,0.8264075517654419,0.004630386829376221,0.26690033078193665,0.0710638016462326
64,47,0.23721958696842194,0.2353905588388443,0.0018174718134105206,0.11569586396217346,0.04103885218501091
64,48,0.4299684166908264,0.42655181884765625,0.0033318214118480682,0.8477978110313416,0.041609182953834534
64,49,0.7387930750846863,0.7331547141075134,0.005611391272395849,0.2692438066005707,0.05563785135746002
64,50,0.9094929099082947,0.9021278619766235,0.007260199170559645,1.0485061407089233,0.23424381017684937
64,51,0.41513127088546753,0.4117252230644226,0.00338205648586154,0.23994992673397064,0.029005182906985283
64,52,0.019792471081018448,0.019640948623418808,0.00012351921759545803,0.28003841638565063,0.003496091812849045
64,53,0.2323445826768875,0.22954316437244415,0.0027849674224853516,0.16452248394489288,0.060850366950035095
64,54,0.8930840492248535,0.8863371014595032,0.006722982972860336,0.23965436220169067,0.08017787337303162
64,55,0.353219211101532,0.3496275544166565,0.0035753711126744747,0.1626238077878952,0.027041468769311905
64,56,0.011836458928883076,0.011737003922462463,8.096162491710857e-05,0.18492849171161652,0.051057614386081696
64,57,0.02077256701886654,0.020636791363358498,0.00010882889910135418,0.26947736740112305,0.004357106052339077
64,58,0.33811959624290466,0.33266034722328186,0.005400166381150484,0.5907480716705322,0.05993274599313736
64,59,0.8373650908470154,0.8251243829727173,0.012039645574986935,2.0104753971099854,0.3226167559623718
64,60,0.4619287848472595,0.4536402225494385,0.008151429705321789,1.3713018894195557,0.05551651865243912
64,61,0.8940131664276123,0.8790360689163208,0.014668398536741734,3.086852788925171,0.2990332245826721
64,62,0.8485706448554993,0.8367182016372681,0.01178201287984848,0.7044095993041992,0.19476352632045746
64,63,0.043352920562028885,0.04293704405426979,0.00038422044599428773,0.316593199968338,0.01581885665655136
64,64,0.8800249695777893,0.8659368753433228,0.014040699228644371,0.47396397590637207,0.12361232936382294
64,65,0.43154293298721313,0.4209413528442383,0.010287335142493248,3.1424901485443115,0.047621313482522964
64,66,0.04688064008951187,0.04638427123427391,0.00046286953147500753,0.33498746156692505,0.01556671503931284
64,67,0.9188116788864136,0.8894094228744507,0.02880701795220375,5.952291965484619,0.3987894058227539
64,68,0.4425973892211914,0.4364929497241974,0.006048267241567373,0.5617395639419556,0.02898283489048481
64,69,0.030791955068707466,0.03064870834350586,0.00011195454135304317,0.31293267011642456,0.00931660458445549
64,70,0.11712119728326797,0.11635469645261765,0.0007623945130035281,0.04105820506811142,0.028407277539372444
64,71,0.7023603916168213,0.6872852444648743,0.014987418428063393,0.8776307106018066,0.09446562826633453
64,72,0.35200923681259155,0.341512531042099,0.010373163037002087,1.2353063821792603,0.037295326590538025
64,73,0.47691574692726135,0.4605770707130432,0.016259700059890747,0.7898668646812439,0.06964565813541412
64,74,0.34614887833595276,0.3406567871570587,0.005438605323433876,0.5348957180976868,0.03940216451883316
64,75,1.0328431129455566,0.9962475299835205,0.035760171711444855,8.354503631591797,0.18810167908668518
64,76,0.43830159306526184,0.43151021003723145,0.006658188998699188,1.3317803144454956,0.03461923450231552
64,77,0.04363834485411644,0.04295787960290909,0.0006424208986572921,0.3804214596748352,0.018583819270133972
64,78,0.43885013461112976,0.433817982673645,0.004965968895703554,0.6619268655776978,0.03893871232867241
64,79,1.1193149089813232,1.076920747756958,0.041021041572093964,13.731425285339355,0.1428903192281723
64,80,0.020843850448727608,0.020706906914711,0.00010244337317999452,0.3449934422969818,0.002657874021679163
64,81,0.017139367759227753,0.017021633684635162,9.745085117174312e-05,0.20282204449176788,0.0879235565662384
64,82,0.1923205405473709,0.1908532679080963,0.0014541959390044212,0.13083943724632263,0.010830877348780632
64,83,0.014428148046135902,0.01432727836072445,8.062702545430511e-05,0.2024192214012146,0.07900930941104889
64,84,1.062009572982788,1.0257514715194702,0.03505038842558861,12.07662296295166,0.16989770531654358
64,85,1.1180413961410522,1.073364019393921,0.043523430824279785,11.539223670959473,0.1541171371936798
64,86,0.9211170077323914,0.9130160808563232,0.008056282065808773,0.44638174772262573,0.06907451152801514
64,87,0.0102098248898983,0.010135652497410774,7.405591168208048e-05,0.0011603387538343668,0.002021597232669592
64,88,0.41285648941993713,0.4065132737159729,0.0062069883570075035,1.3623740673065186,0.05398740619421005
64,89,0.9835506081581116,0.9471518397331238,0.03576923906803131,6.295717716217041,0.5882959365844727
64,90,0.029239796102046967,0.029096992686390877,0.0001057678964571096,0.3703453242778778,0.006579122971743345
64,91,0.2326662540435791,0.23028913140296936,0.002362655010074377,0.14471709728240967,0.04471190273761749
64,92,0.46845078468322754,0.4614719748497009,0.006935895420610905,0.42921510338783264,0.05824948102235794
64,93,0.5774648785591125,0.5682334303855896,0.009116118773818016,1.153357744216919,0.2591826915740967
64,94,1.1799248456954956,1.149775505065918,0.029724951833486557,4.244134426116943,0.18645358085632324
64,95,0.41157469153404236,0.40710845589637756,0.004389258101582527,0.7698890566825867,0.05860057473182678
64,96,0.9856456518173218,0.9625333547592163,0.0224227923899889,6.895092964172363,0.15889707207679749
64,97,0.019194521009922028,0.019108496606349945,5.020292883273214e-05,0.35823026299476624,0.00305183045566082
64,98,0.6406564116477966,0.6282389760017395,0.012265460565686226,1.5197516679763794,0.24954918026924133
64,99,0.9013843536376953,0.8806444406509399,0.020469222217798233,2.7068939208984375,0.5028623342514038
64,100,0.1207987517118454,0.11983808875083923,0.0009517345461063087,0.08926685899496078,0.07471190392971039
65,1,0.4372307062149048,0.4315352439880371,0.005667827092111111,0.2763195335865021,0.05153788626194
65,2,0.6979302167892456,0.6896335482597351,0.008253676816821098,0.4299406111240387,0.08790101855993271
65,3,0.20054009556770325,0.1985742449760437,0.0019423419144004583,0.23508358001708984,0.012008985504508018
65,4,0.1271132081747055,0.12569397687911987,0.0014089725445955992,0.10259014368057251,0.093259796500206
65,5,0.5805925726890564,0.5718968510627747,0.008606238290667534,0.8949249982833862,0.24157309532165527
65,6,1.020801305770874,0.9962707161903381,0.023473594337701797,10.570831298828125,0.1665647178888321
65,7,0.010070125572383404,0.010036377236247063,2.8952697903150693e-05,0.04795115813612938,0.00310585368424654
65,8,0.34345683455467224,0.33879831433296204,0.004629404284060001,0.2912376821041107,0.02065618708729744
65,9,0.11770164221525192,0.1166933923959732,0.0010034383740276098,0.048143420368433,0.03819606825709343
65,10,0.19391462206840515,0.1918412446975708,0.0020499734673649073,0.23413953185081482,0.011892901733517647
65,11,0.04363681748509407,0.04296765848994255,0.0006245041731745005,0.4465431869029999,0.021249931305646896
65,12,0.854861855506897,0.8465360403060913,0.008298512548208237,0.2730449438095093,0.06656686961650848
65,13,0.3964306116104126,0.39258137345314026,0.003835801500827074,0.13428464531898499,0.023236308246850967
65,14,0.04689592868089676,0.04613523930311203,0.0007169730961322784,0.43715038895606995,0.02465660497546196
65,15,0.8565993309020996,0.8282270431518555,0.027896974235773087,4.752814769744873,0.3665044903755188
65,16,0.9684701561927795,0.9384909868240356,0.02901758998632431,9.616174697875977,0.15319636464118958
65,17,0.8907609581947327,0.8833953142166138,0.0073267314583063126,0.3889900743961334,0.06618557870388031
65,18,0.012712995521724224,0.012622678652405739,6.995168223511428e-05,0.20365291833877563,0.05589892342686653
65,19,1.1395639181137085,1.115558385848999,0.023640599101781845,3.6495797634124756,0.13955286145210266
65,20,0.04276982694864273,0.04233776777982712,0.00039354636101052165,0.3851211667060852,0.02218104526400566
65,21,0.01647106744349003,0.01633928343653679,9.870945359580219e-05,0.33074700832366943,0.003138541243970394
65,22,0.8762055039405823,0.86712247133255,0.009020116180181503,0.6294142603874207,0.12920573353767395
65,23,0.9183599948883057,0.9089711308479309,0.009340907447040081,0.4798688590526581,0.09462897479534149
65,24,0.18641771376132965,0.18475937843322754,0.0016464830841869116,0.11853177845478058,0.009747371077537537
65,25,1.0112184286117554,0.9858543276786804,0.02487945556640625,4.845284461975098,0.6616623997688293
65,26,0.9330265522003174,0.9216575622558594,0.011321017518639565,0.47973382472991943,0.1128232330083847
65,27,0.8549471497535706,0.8440240621566772,0.010873934254050255,0.49171245098114014,0.09156852215528488
65,28,0.4530484676361084,0.4443588852882385,0.008649238385260105,0.40354683995246887,0.07169905304908752
65,29,0.9690256118774414,0.9433517456054688,0.025006121024489403,6.677691459655762,0.18033364415168762
65,30,0.6507274508476257,0.6308334469795227,0.019640706479549408,2.5330700874328613,0.26070863008499146
65,31,0.8792704939842224,0.8689509630203247,0.01025133952498436,0.6819755434989929,0.07707158476114273
65,32,1.164544701576233,1.1267216205596924,0.037078697234392166,7.443602561950684,0.16274356842041016
65,33,0.03418872877955437,0.03399314731359482,0.00016124955436680466,0.3433253765106201,0.00697469525039196
65,34,0.2132258266210556,0.21110095083713531,0.002100455341860652,0.2442915290594101,0.010828058235347271
65,35,0.8304910063743591,0.8149743676185608,0.015318849124014378,1.9776816368103027,0.3962937593460083
65,36,0.973060131072998,0.947118878364563,0.025426622480154037,5.146058082580566,0.30921077728271484
65,37,0.8047409653663635,0.7824262380599976,0.021936114877462387,3.7860336303710938,0.3091617524623871
65,38,0.025454599410295486,0.02523854747414589,0.00018171756528317928,0.3433419167995453,0.008756395429372787
65,39,0.3193320333957672,0.315483033657074,0.0038252235390245914,0.2379295825958252,0.038342393934726715
65,40,0.4436284303665161,0.43660563230514526,0.006993615534156561,0.2917550206184387,0.047943081706762314
65,41,0.13708698749542236,0.1353723555803299,0.001701535889878869,0.13090747594833374,0.11295419931411743
65,42,0.40631675720214844,0.4017946720123291,0.004427297972142696,0.948022186756134,0.05851496011018753
65,43,0.5909128189086914,0.5798102617263794,0.010973803699016571,1.2876020669937134,0.3173287808895111
65,44,0.04623333737254143,0.04563906788825989,0.0005548398476094007,0.3942826986312866,0.025654476135969162
65,45,0.40942832827568054,0.4044642150402069,0.004872546531260014,0.9154214262962341,0.05233221501111984
65,46,0.8803750872612,0.8515544533729553,0.02839086949825287,4.297786712646484,0.7371914982795715
65,47,0.3896277844905853,0.3867398500442505,0.0028771720826625824,0.10747983306646347,0.018690600991249084
65,48,0.7206405997276306,0.7130277156829834,0.007575864437967539,0.37041202187538147,0.06916718184947968
65,49,0.1257609874010086,0.12487868219614029,0.0008785327663645148,0.0376511849462986,0.029984839260578156
65,50,0.6302088499069214,0.6200738549232483,0.009999074041843414,1.3587590456008911,0.19352614879608154
65,51,1.1923587322235107,1.1612415313720703,0.03070194460451603,4.151554584503174,0.17624303698539734
65,52,0.5996701717376709,0.5889739394187927,0.010564671829342842,1.315656304359436,0.18862579762935638
65,53,0.40274515748023987,0.3992745280265808,0.00344389327801764,0.2672538757324219,0.021702736616134644
65,54,0.9099441170692444,0.8992151021957397,0.010648802854120731,0.8022497296333313,0.1352328360080719
65,55,1.209165096282959,1.1632322072982788,0.04515303671360016,7.798881530761719,0.21040934324264526
65,56,0.02031128481030464,0.020198144018650055,7.959487265907228e-05,0.3354541063308716,0.003133963095024228
65,57,0.39678820967674255,0.39222872257232666,0.0045129768550395966,0.46518856287002563,0.026504671201109886
65,58,0.33406394720077515,0.3279584050178528,0.006050624884665012,0.5492026209831238,0.04265715554356575
65,59,1.1811158657073975,1.154592514038086,0.025935951620340347,5.873215675354004,0.19866052269935608
65,60,0.19538439810276031,0.1932975947856903,0.0020660331938415766,0.2077895998954773,0.010014135390520096
65,61,0.047021400183439255,0.04647478088736534,0.0005093317595310509,0.3728814423084259,0.017624493688344955
65,62,0.1335330456495285,0.1314449906349182,0.00207435991615057,0.13697855174541473,0.11886560916900635
65,63,0.35950061678886414,0.3553422689437866,0.0041361004114151,0.22251945734024048,0.032291971147060394
65,64,0.43200498819351196,0.42586952447891235,0.006108032539486885,0.274045467376709,0.06076619029045105
65,65,0.8548359274864197,0.835720419883728,0.018783975392580032,3.315159320831299,0.39508914947509766
65,66,0.011667768470942974,0.011603685095906258,4.700254794443026e-05,0.17080609500408173,0.05182674154639244
65,67,0.12095339596271515,0.11999671161174774,0.0009525096975266933,0.04171302542090416,0.03349940478801727
65,68,0.7115383744239807,0.703909695148468,0.0075882477685809135,0.40384969115257263,0.07956696301698685
65,69,0.8832755088806152,0.8627722263336182,0.02012568525969982,3.7759644985198975,0.4839589595794678
65,70,0.9755138754844666,0.9527324438095093,0.022420767694711685,3.606402635574341,0.4918088912963867
65,71,0.8647543787956238,0.8561768531799316,0.008522099815309048,0.5542891621589661,0.11626249551773071
65,72,0.22208814322948456,0.22056183218955994,0.0015177794266492128,0.0854451060295105,0.03307405486702919
65,73,0.9135410785675049,0.8814989328384399,0.03152718022465706,5.14956521987915,0.4278867840766907
65,74,0.3838641047477722,0.37928634881973267,0.004553387872874737,0.24379697442054749,0.022960051894187927
65,75,0.020573323592543602,0.020456958562135696,8.681208419147879e-05,0.29551905393600464,0.0033927294425666332
65,76,0.4030872881412506,0.3992968797683716,0.0037688552401959896,0.2153838574886322,0.03188445046544075
65,77,0.12938067317008972,0.1284513622522354,0.0009243171662092209,0.04990106448531151,0.042924556881189346
65,78,0.22307386994361877,0.2207975685596466,0.0022636395879089832,0.12660159170627594,0.04188612848520279
65,79,0.6533148884773254,0.6421277523040771,0.011127756908535957,0.5934816002845764,0.08743761479854584
65,80,0.981711745262146,0.9481319785118103,0.03249748796224594,10.822935104370117,0.15569466352462769
65,81,0.3261210322380066,0.3210282623767853,0.005051728338003159,0.4105251133441925,0.036583311855793
65,82,0.015299211256206036,0.015201861038804054,6.95799826644361e-05,0.27770084142684937,0.0030054892413318157
65,83,0.012363491579890251,0.012285038828849792,6.209843559190631e-05,0.1635417640209198,0.05898450314998627
65,84,0.22588634490966797,0.22382724285125732,0.0020475266501307487,0.11575253307819366,0.041988447308540344
65,85,0.026854870840907097,0.026700083166360855,0.00012611073907464743,0.28677207231521606,0.007583546452224255
65,86,0.6449639201164246,0.6321451663970947,0.0126565583050251,1.6216317415237427,0.2399173378944397
65,87,0.20766039192676544,0.2057434618473053,0.0018959525041282177,0.20986396074295044,0.010155592113733292
65,88,0.933053731918335,0.9209467172622681,0.011998642235994339,1.0838862657546997,0.11237646639347076
65,89,0.8091214299201965,0.8021832704544067,0.006910689175128937,0.2746570408344269,0.05972576513886452
65,90,1.226252555847168,1.197227120399475,0.028623439371585846,4.0191569328308105,0.1559656709432602
65,91,0.8197087645530701,0.8032431602478027,0.016243869438767433,2.2175440788269043,0.5797189474105835
65,92,0.04464203491806984,0.044022101908922195,0.0005811853334307671,0.387484073638916,0.02203023061156273
65,93,0.13321100175380707,0.13143520057201385,0.0017623021267354488,0.13496047258377075,0.09862244129180908
65,94,0.8402500748634338,0.8316441774368286,0.008549134247004986,0.5674067735671997,0.12191669642925262
65,95,0.025425080209970474,0.025257648900151253,0.0001303723402088508,0.37058693170547485,0.006842693313956261
65,96,0.3336183726787567,0.3304700255393982,0.003127983771264553,0.20354002714157104,0.017084505409002304
65,97,0.02044081687927246,0.02029651403427124,0.00010745330655481666,0.36848050355911255,0.0029096677899360657
65,98,0.12573538720607758,0.12481939047574997,0.0009115608409047127,0.04441199079155922,0.03667762503027916
65,99,0.37897539138793945,0.3749139606952667,0.004048144444823265,0.13302043080329895,0.021203085780143738
65,100,0.9142791628837585,0.902489960193634,0.011705698445439339,0.8351848125457764,0.08348129689693451
66,1,0.20006844401359558,0.1983315646648407,0.0017181276343762875,0.1874549239873886,0.009427828714251518
66,2,0.4323245584964752,0.4270053803920746,0.005291201174259186,0.27971965074539185,0.048798855394124985
66,3,0.8573051691055298,0.8476476073265076,0.0096284169703722,0.29139918088912964,0.0662633627653122
66,4,0.04440724104642868,0.04386821389198303,0.00050113326869905,0.3789472281932831,0.017285309731960297
66,5,0.876747727394104,0.8669388294219971,0.00973157212138176,0.7729700207710266,0.10385826230049133
66,6,0.11820025742053986,0.11743719130754471,0.0007594611961394548,0.036028314381837845,0.027116289362311363
66,7,0.12295311689376831,0.12214210629463196,0.0008068905444815755,0.041164468973875046,0.031007129698991776
66,8,0.602489173412323,0.5909116268157959,0.0114284697920084,1.4905790090560913,0.22425277531147003
66,9,0.25495028495788574,0.25198155641555786,0.00293166795745492,0.37075620889663696,0.03008003905415535
66,10,1.1104854345321655,1.068613052368164,0.04051290452480316,13.595063209533691,0.18151450157165527
66,11,0.01997414231300354,0.019845711067318916,9.236637561116368e-05,0.36065366864204407,0.0031782472506165504
66,12,0.44883328676223755,0.4390454888343811,0.00962082389742136,1.669865369796753,0.04267391562461853
66,13,0.6322753429412842,0.6160773634910583,0.015956340357661247,2.416283369064331,0.29406601190567017
66,14,0.9619128108024597,0.9330809116363525,0.02826511487364769,5.667912006378174,0.17865052819252014
66,15,0.026154974475502968,0.025958530604839325,0.00016073811275418848,0.357047975063324,0.007371995598077774
66,16,0.12760029733181,0.1267734318971634,0.000822435540612787,0.044310156255960464,0.04077698662877083
66,17,0.45296144485473633,0.4450342059135437,0.007781487889587879,1.4575891494750977,0.04064837843179703
66,18,0.3862374722957611,0.3838472366333008,0.002375518437474966,0.14719106256961823,0.02584444172680378
66,19,0.43371662497520447,0.4276125431060791,0.0060722786001861095,0.31806832551956177,0.03904620185494423
66,20,0.014871212653815746,0.014764322899281979,7.630950858583674e-05,0.3058033883571625,0.002698703669011593
66,21,0.22701789438724518,0.22504639625549316,0.001960646128281951,0.1085502877831459,0.047501090914011
66,22,0.8576638698577881,0.8324937224388123,0.024754539132118225,4.156154155731201,0.35756051540374756
66,23,0.8669161200523376,0.8560283780097961,0.010806683450937271,0.8105446100234985,0.08189382404088974
66,24,1.0611319541931152,1.0217362642288208,0.03813779354095459,12.579537391662598,0.14486083388328552
66,25,0.4224511682987213,0.41596463322639465,0.0064002750441432,0.8623439073562622,0.04246147722005844
66,26,1.009803056716919,0.9876269698143005,0.021955840289592743,2.2028920650482178,0.16492463648319244
66,27,0.7237488627433777,0.714012861251831,0.00968126393854618,0.5470466613769531,0.09862296283245087
66,28,0.12497927993535995,0.12347576767206192,0.001491527073085308,0.11989375948905945,0.10090860724449158
66,29,0.3364533483982086,0.3327428698539734,0.0036878716200590134,0.22629426419734955,0.02082815021276474
66,30,0.9406816363334656,0.9272795915603638,0.013251051306724548,1.5096396207809448,0.16062858700752258
66,31,0.9082409739494324,0.8943176865577698,0.013844292610883713,0.7898058295249939,0.09908352792263031
66,32,0.02618388459086418,0.026009228080511093,0.00013908586697652936,0.3557095527648926,0.006395652890205383
66,33,0.019838662818074226,0.019691593945026398,0.00011212134268134832,0.3494693338871002,0.003183458698913455
66,34,0.014594539068639278,0.01448930986225605,7.248406473081559e-05,0.32745620608329773,0.0026689027436077595
66,35,0.025408413261175156,0.02523687481880188,0.00013707621837966144,0.3446204662322998,0.006620177999138832
66,36,0.8863466382026672,0.8754638433456421,0.010831627063453197,0.5114643573760986,0.07896840572357178
66,37,0.22851289808750153,0.22616823017597198,0.0023282337933778763,0.16442297399044037,0.04371374845504761
66,38,0.19445492327213287,0.19250380992889404,0.001930408412590623,0.20692650973796844,0.00943034514784813
66,39,0.2221813052892685,0.22019053995609283,0.00197769608348608,0.13074536621570587,0.03940970450639725
66,40,0.36576637625694275,0.3619300127029419,0.0038226586766541004,0.13717113435268402,0.018911171704530716
66,41,0.45693302154541016,0.4483495354652405,0.008446970954537392,1.365296721458435,0.03630002588033676
66,42,0.025693397969007492,0.025533553212881088,0.00012672044977080077,0.331226646900177,0.0072598764672875404
66,43,0.8640024662017822,0.855250358581543,0.008719155564904213,0.3296022415161133,0.07455956190824509
66,44,0.34873223304748535,0.3449115753173828,0.003796869423240423,0.2378760725259781,0.018469149246811867
66,45,0.12458598613739014,0.12318863719701767,0.0013860368635505438,0.11313602328300476,0.08094461262226105
66,46,0.47833916544914246,0.46597903966903687,0.012196065858006477,1.6405891180038452,0.06642406433820724
66,47,0.41359132528305054,0.4062865972518921,0.007211546879261732,0.9318638443946838,0.039054784923791885
66,48,0.4288276135921478,0.42427927255630493,0.004509834572672844,0.3851827383041382,0.038314275443553925
66,49,0.18917249143123627,0.187265545129776,0.001878709765151143,0.2823452055454254,0.011946522630751133
66,50,0.3742133378982544,0.3703497052192688,0.0038490216247737408,0.14616715908050537,0.024228138849139214
66,51,0.9332223534584045,0.9096859097480774,0.022909710183739662,6.267454624176025,0.1062670350074768
66,52,0.437868595123291,0.43195444345474243,0.005833740346133709,0.8041548728942871,0.0415663868188858
66,53,0.919457197189331,0.9027306437492371,0.016241364181041718,4.852014064788818,0.09183820337057114
66,54,0.0010612495243549347,0.0010285871103405952,3.2625051971990615e-05,0.0003736743237823248,0.0008669336093589664
66,55,0.37063172459602356,0.3672351837158203,0.0033867156598716974,0.09831849485635757,0.020412132143974304
66,56,0.8881313800811768,0.8596731424331665,0.027811270207166672,6.469506740570068,0.38376912474632263
66,57,0.9719215035438538,0.9489728212356567,0.021936222910881042,10.124348640441895,0.11547932028770447
66,58,0.3179086446762085,0.31501004099845886,0.0028754568193107843,0.23149624466896057,0.04001539945602417
66,59,0.1275215893983841,0.12642860412597656,0.0010884967632591724,0.044786568731069565,0.04266168177127838
66,60,0.36106812953948975,0.35806864500045776,0.0029883261304348707,0.11148170381784439,0.02072163298726082
66,61,0.1923864334821701,0.19044677913188934,0.0019149077124893665,0.24756860733032227,0.01113830879330635
66,62,0.06574292480945587,0.0651547759771347,0.0005817743949592113,0.06380309909582138,0.010953132063150406
66,63,0.9085395336151123,0.8886346817016602,0.019446097314357758,4.58758544921875,0.10325593501329422
66,64,0.9362085461616516,0.9009140729904175,0.03461998701095581,6.744929790496826,0.46941375732421875
66,65,0.04413860663771629,0.04360685124993324,0.0004978820797987282,0.3387579321861267,0.022996647283434868
66,66,0.015328778885304928,0.01522766426205635,7.255790114868432e-05,0.2855679988861084,0.003157150698825717
66,67,0.951781153678894,0.9240243434906006,0.02714003250002861,6.167949676513672,0.40013962984085083
66,68,0.011211837641894817,0.011128365993499756,6.54724208288826e-05,0.17999479174613953,0.05776027590036392
66,69,0.4249285161495209,0.4208099842071533,0.004091387614607811,0.27156001329421997,0.029911067336797714
66,70,0.6136931777000427,0.6035259962081909,0.010051807388663292,1.153805136680603,0.19182859361171722
66,71,0.01863921992480755,0.018508007749915123,9.923543984768912e-05,0.3197622001171112,0.0034441929310560226
66,72,0.33000412583351135,0.32598674297332764,0.0039808060973882675,0.36574503779411316,0.0411553680896759
66,73,0.33819642663002014,0.3341769576072693,0.003983001224696636,0.36487099528312683,0.04498027265071869
66,74,0.3789447844028473,0.3751233220100403,0.00380536331795156,0.16086317598819733,0.020947705954313278
66,75,0.24575626850128174,0.2430180162191391,0.0027164833154529333,0.21772591769695282,0.05180159956216812
66,76,0.2677006721496582,0.2655317783355713,0.002159220166504383,0.09684400260448456,0.02755005843937397
66,77,0.011959836818277836,0.01188383437693119,5.570644134422764e-05,0.20296619832515717,0.05620276927947998
66,78,0.02595498226583004,0.025791969150304794,0.00012616303865797818,0.3685019016265869,0.007144664879888296
66,79,0.3992013931274414,0.3947112560272217,0.004389907233417034,1.0021857023239136,0.04653552174568176
66,80,0.6681488156318665,0.6515622138977051,0.01628422737121582,3.023599863052368,0.2659986913204193
66,81,0.8411571383476257,0.8336616158485413,0.007460896857082844,0.34627044200897217,0.11625462770462036
66,82,0.013526988215744495,0.013388308696448803,0.00011665173224173486,0.22027860581874847,0.05515788495540619
66,83,0.9106730222702026,0.8855184316635132,0.024784421548247337,3.7016711235046387,0.5751382112503052
66,84,0.9562305212020874,0.9424192905426025,0.013732437044382095,0.7882193326950073,0.09681489318609238
66,85,0.8290860652923584,0.8098734021186829,0.018949348479509354,2.633263349533081,0.5724343061447144
66,86,0.38358235359191895,0.3784215748310089,0.005075579509139061,0.8521484732627869,0.036406174302101135
66,87,0.6952878832817078,0.6860048770904541,0.009231168776750565,0.5184983611106873,0.0770353153347969
66,88,0.014381605200469494,0.014267105609178543,7.92451246525161e-05,0.35254067182540894,0.0028772586956620216
66,89,1.1380946636199951,1.0987604856491089,0.038755446672439575,5.7880539894104,0.16398602724075317
66,90,0.8921531438827515,0.8747016191482544,0.016799120232462883,6.524577617645264,0.09089101850986481
66,91,0.1264331191778183,0.12458822131156921,0.001831701840274036,0.13197652995586395,0.09390238672494888
66,92,0.11649830639362335,0.11560842394828796,0.0008849687874317169,0.04916711896657944,0.044721685349941254
66,93,0.9831386208534241,0.9606395959854126,0.021812083199620247,6.869520664215088,0.1506681889295578
66,94,0.375639408826828,0.3721373677253723,0.003474961966276169,0.2709958851337433,0.03169935569167137
66,95,0.02608877420425415,0.02583928033709526,0.00021231416030786932,0.3717997372150421,0.009159945882856846
66,96,0.4331810474395752,0.42561596632003784,0.007418553810566664,1.465239405632019,0.04062382131814957
66,97,0.6145915985107422,0.6018819212913513,0.012527952902019024,1.817176103591919,0.23915022611618042
66,98,1.0099961757659912,0.985630214214325,0.023850448429584503,5.15433931350708,0.5137614011764526
66,99,0.01900462806224823,0.018848011270165443,0.00012071314995409921,0.3590364158153534,0.0039240578189492226
66,100,0.6540998816490173,0.6391298770904541,0.014787779189646244,1.8223150968551636,0.26361289620399475
67,1,0.6832246780395508,0.6724619269371033,0.01067596860229969,0.8676412105560303,0.07740522176027298
67,2,0.011936414986848831,0.011828666552901268,8.611774683231488e-05,0.21631334722042084,0.05506501346826553
67,3,0.833920419216156,0.8250329494476318,0.008850641548633575,0.3685368001461029,0.07677684724330902
67,4,0.35067155957221985,0.33979517221450806,0.010738351382315159,1.3805681467056274,0.05036880075931549
67,5,0.4137706756591797,0.40653932094573975,0.00705323601141572,1.7813183069229126,0.05599784851074219
67,6,0.43371468782424927,0.42360424995422363,0.009976956993341446,1.3347960710525513,0.03810027986764908
67,7,0.1240527555346489,0.12305863201618195,0.0009896145202219486,0.045109838247299194,0.03839243948459625
67,8,0.6487516760826111,0.6318962574005127,0.016586583107709885,2.6880695819854736,0.25059497356414795
67,9,0.011008396744728088,0.01094556599855423,4.4503918616101146e-05,0.18326863646507263,0.05165191739797592
67,10,0.8845734000205994,0.856837272644043,0.027145445346832275,5.906758785247803,0.4038030505180359
67,11,0.4072054326534271,0.4022432565689087,0.004830305464565754,1.3187958002090454,0.04554126039147377
67,12,0.8266910910606384,0.7990771532058716,0.027120131999254227,4.938079833984375,0.37301841378211975
67,13,0.4035536050796509,0.3994848132133484,0.0040115914307534695,0.5719798803329468,0.030850078910589218
67,14,0.3691766560077667,0.367048442363739,0.0021223234944045544,0.058877281844615936,0.03205205500125885
67,15,0.4737037718296051,0.46710991859436035,0.006495500914752483,0.9836122989654541,0.03501952067017555
67,16,0.12908117473125458,0.1282053142786026,0.0008712485432624817,0.04604271799325943,0.04025058448314667
67,17,0.32596030831336975,0.3218335509300232,0.004095611162483692,0.3114772439002991,0.04058334231376648
67,18,1.0781502723693848,1.0515658855438232,0.025886202231049538,6.981801509857178,0.1893564909696579
67,19,0.4211941063404083,0.41432517766952515,0.006757509429007769,1.1142864227294922,0.05338141694664955
67,20,0.3788836896419525,0.3755992650985718,0.0032721785828471184,0.12251780927181244,0.0232059545814991
67,21,0.12283438444137573,0.121304452419281,0.0015204742085188627,0.09458176791667938,0.08958228677511215
67,22,0.026144154369831085,0.0259765163064003,0.00013882844359613955,0.28810426592826843,0.007166141644120216
67,23,0.22023281455039978,0.21833840012550354,0.0018834369257092476,0.10981882363557816,0.049561865627765656
67,24,0.6542360782623291,0.6375219821929932,0.016481630504131317,2.3247933387756348,0.28763553500175476
67,25,0.23285411298274994,0.23051892220973969,0.0023178632836788893,0.17332130670547485,0.0486157163977623
67,26,0.12767693400382996,0.12671206891536713,0.0009600019548088312,0.04860575869679451,0.04545845091342926
67,27,0.9238103628158569,0.8970057964324951,0.026329802349209785,4.747357368469238,0.6256493330001831
67,28,0.11642413586378098,0.11513539403676987,0.00127894408069551,0.09799247980117798,0.07644489407539368
67,29,0.33463990688323975,0.3311625123023987,0.003466344904154539,0.11045678704977036,0.025722121819853783
67,30,0.8603783845901489,0.8378704786300659,0.022185256704688072,3.2266769409179688,0.5366673469543457
67,31,0.837599515914917,0.8151122331619263,0.022127222269773483,3.600583076477051,0.5281141996383667
67,32,0.42101553082466125,0.4121744930744171,0.008711094968020916,1.2994894981384277,0.04265202209353447
67,33,0.045128580182790756,0.044496629387140274,0.000589392613619566,0.4255603849887848,0.023074142634868622
67,34,0.9291884303092957,0.918594479560852,0.010546769015491009,0.47194844484329224,0.0804762989282608
67,35,0.04064454883337021,0.039870090782642365,0.0007293989765457809,0.4505614638328552,0.021588414907455444
67,36,0.3776346445083618,0.3728066682815552,0.004805692471563816,0.2229410856962204,0.027009766548871994
67,37,0.8382710814476013,0.8177686929702759,0.020039711147546768,4.626652240753174,0.3454884886741638
67,38,0.679820716381073,0.6617317199707031,0.017794672399759293,2.9430670738220215,0.2573167681694031
67,39,0.8813907504081726,0.8625996112823486,0.018414612859487534,3.7649717330932617,0.1169271320104599
67,40,0.7322928309440613,0.7242562770843506,0.007989451289176941,0.47062188386917114,0.07926652580499649
67,41,0.979184091091156,0.9577478766441345,0.020096518099308014,13.396556854248047,0.11307813227176666
67,42,0.8593029975891113,0.8505144119262695,0.00872654840350151,0.6205725073814392,0.11877560615539551
67,43,0.3803890347480774,0.37587475776672363,0.004501371644437313,0.1290508657693863,0.029385078698396683
67,44,0.8832781314849854,0.8742055892944336,0.009004386141896248,0.6814600229263306,0.13200724124908447
67,45,0.26712313294410706,0.263007253408432,0.004084791988134384,0.3109748363494873,0.09241466224193573
67,46,0.330270379781723,0.32633528113365173,0.003908577840775251,0.26513001322746277,0.02657366544008255
67,47,0.01753234677016735,0.017403261736035347,0.00010845226643141359,0.206333726644516,0.04784289002418518
67,48,0.6286495327949524,0.6130878925323486,0.015354974195361137,2.066410541534424,0.2616971731185913
67,49,0.8681463599205017,0.8427085280418396,0.025056684389710426,3.811770439147949,0.5492168068885803
67,50,0.672794759273529,0.6523683071136475,0.020098526030778885,3.279428482055664,0.22818997502326965
67,51,0.3438183665275574,0.33939287066459656,0.004379807040095329,0.4569399654865265,0.041481684893369675
67,52,0.4193114638328552,0.41306784749031067,0.006149787921458483,0.9380659461021423,0.031503528356552124
67,53,0.11721484363079071,0.11651623994112015,0.0006948318332433701,0.03770763427019119,0.03682459890842438
67,54,1.0525954961776733,1.0147802829742432,0.03664017468690872,11.750007629394531,0.16893406212329865
67,55,0.028895046561956406,0.028705766424536705,0.00015951116802170873,0.29768675565719604,0.0059867738746106625
67,56,0.0280725359916687,0.027855537831783295,0.00018722238019108772,0.2977660596370697,0.006251792423427105
67,57,0.4129495620727539,0.40930676460266113,0.0036108125932514668,0.3197537362575531,0.02904529869556427
67,58,0.01958513632416725,0.01946212723851204,9.445719479117543e-05,0.28552377223968506,0.0020636727567762136
67,59,0.016232945024967194,0.016125451773405075,7.937026384752244e-05,0.28121381998062134,0.002240491798147559
67,60,0.6525887846946716,0.6371957063674927,0.01519790943711996,1.9513225555419922,0.23277795314788818
67,61,0.42696210741996765,0.42144280672073364,0.005414924118667841,1.0436313152313232,0.03948867693543434
67,62,0.020349513739347458,0.020220639184117317,9.827384928939864e-05,0.30602237582206726,0.002226024866104126
67,63,1.1270968914031982,1.1031324863433838,0.02352181077003479,4.42613410949707,0.18433883786201477
67,64,0.9671425223350525,0.9451119303703308,0.02154865860939026,4.8191328048706055,0.19230923056602478
67,65,0.3368275761604309,0.3313820958137512,0.005398566834628582,0.4690551161766052,0.05366600304841995
67,66,0.6407409310340881,0.6271566152572632,0.013350695371627808,2.336146116256714,0.28293776512145996
67,67,0.018244868144392967,0.01811962202191353,9.441671136301011e-05,0.30828186869621277,0.0026121987029910088
67,68,0.12850235402584076,0.12745743989944458,0.0010397627484053373,0.051588647067546844,0.04092920944094658
67,69,0.015343441627919674,0.015235638245940208,7.88627439760603e-05,0.2894110381603241,0.003047476289793849
67,70,0.04153044894337654,0.04103698581457138,0.0004597775114234537,0.3368224799633026,0.019614573568105698
67,71,0.38305193185806274,0.37862086296081543,0.004406670108437538,0.24396993219852448,0.0207165889441967
67,72,0.465289831161499,0.45865339040756226,0.006589842028915882,0.46608805656433105,0.055672161281108856
67,73,0.8132320046424866,0.7927038669586182,0.02014102414250374,3.8713979721069336,0.3146708905696869
67,74,0.8643138408660889,0.8545048832893372,0.009769223630428314,0.39734914898872375,0.0799534022808075
67,75,0.3288425803184509,0.322116494178772,0.006664385553449392,0.6168755292892456,0.04269342124462128
67,76,0.8676267862319946,0.8428447246551514,0.02440684288740158,3.752023696899414,0.5388150215148926
67,77,1.0079842805862427,0.9803842306137085,0.026837129145860672,7.629035949707031,0.17305463552474976
67,78,0.1292261928319931,0.128179132938385,0.0010420215548947453,0.05039595067501068,0.04148431867361069
67,79,0.1274692565202713,0.1259196698665619,0.001535958144813776,0.13639293611049652,0.09335453808307648
67,80,0.5751108527183533,0.5636204481124878,0.01130689401179552,1.8354716300964355,0.23961685597896576
67,81,0.4134959578514099,0.40888142585754395,0.004567248281091452,0.47301343083381653,0.030636131763458252
67,82,1.0204856395721436,0.9885743856430054,0.030777227133512497,11.34051513671875,0.13611826300621033
67,83,0.9021113514900208,0.8873271942138672,0.014520551078021526,2.6361403465270996,0.0911148190498352
67,84,0.39579710364341736,0.39045649766921997,0.005243875086307526,0.9674150943756104,0.043847016990184784
67,85,0.9213961362838745,0.9006985425949097,0.01964126154780388,10.56293773651123,0.11931167542934418
67,86,0.024594301357865334,0.024438083171844482,0.00012392993085086346,0.32288897037506104,0.007170093711465597
67,87,0.4227612018585205,0.4174889922142029,0.0051207588985562325,1.5146512985229492,0.050541117787361145
67,88,0.015086405910551548,0.014960061758756638,9.4967195764184e-05,0.3137701153755188,0.0029619629494845867
67,89,0.3533490300178528,0.3441067934036255,0.009123113937675953,1.19112229347229,0.04427966848015785
67,90,0.039061564952135086,0.038745053112506866,0.00028098729671910405,0.35525503754615784,0.016770653426647186
67,91,0.6344931721687317,0.6286513805389404,0.0058233244344592094,0.1848215013742447,0.09643350541591644
67,92,0.9886612892150879,0.9670193195343018,0.02048281952738762,11.591483116149902,0.10979045182466507
67,93,0.195817232131958,0.1938897967338562,0.0019062388455495238,0.21183867752552032,0.012391185387969017
67,94,0.834865152835846,0.8266170024871826,0.008191393688321114,0.56769198179245,0.10883136093616486
67,95,1.1502236127853394,1.1194630861282349,0.030197719112038612,5.6273579597473145,0.14747077226638794
67,96,0.6195375919342041,0.600089430809021,0.018971361219882965,4.768065929412842,0.11100137233734131
67,97,0.34932446479797363,0.3455231785774231,0.0037809936329722404,0.2030741572380066,0.02109154686331749
67,98,0.02339390106499195,0.023231670260429382,0.00012229412095621228,0.3993672728538513,0.0031034662388265133
67,99,0.42184168100357056,0.41424915194511414,0.007404793985188007,1.877383828163147,0.06554344296455383
67,100,0.41016459465026855,0.4032512307167053,0.006774707697331905,1.386576533317566,0.06331465393304825
68,1,0.8651954531669617,0.8451685905456543,0.01974462904036045,2.822131395339966,0.6108036041259766
68,2,0.8746189475059509,0.8646422624588013,0.009939460083842278,0.3723383843898773,0.08926652371883392
68,3,1.0459656715393066,1.0168544054031372,0.027593981474637985,15.173505783081055,0.16480380296707153
68,4,0.8852746486663818,0.8644623756408691,0.02044408768415451,3.6819047927856445,0.5423183441162109
68,5,0.046167854219675064,0.045363206416368484,0.0007660497794859111,0.3859865367412567,0.018169615417718887
68,6,0.4141232967376709,0.409553587436676,0.004525328055024147,0.4438129961490631,0.026775509119033813
68,7,0.9921084046363831,0.9681832790374756,0.02292066067457199,10.044367790222168,0.11187560856342316
68,8,0.4300488233566284,0.4261297881603241,0.003898788243532181,0.202294260263443,0.025602463632822037
68,9,0.04487193003296852,0.04434027150273323,0.0004953211173415184,0.3633744418621063,0.019497081637382507
68,10,0.8559338450431824,0.8476046323776245,0.008281425572931767,0.4778970181941986,0.08700202405452728
68,11,1.2076454162597656,1.167476773262024,0.03946312516927719,7.055296421051025,0.14538130164146423
68,12,0.23304203152656555,0.23089662194252014,0.0021332893520593643,0.12119162827730179,0.04360633343458176
68,13,0.4230360686779022,0.41592323780059814,0.006975690834224224,1.3716288805007935,0.0352088063955307
68,14,0.9131977558135986,0.8967788219451904,0.016307009384036064,1.1192995309829712,0.08656153082847595
68,15,0.8196967840194702,0.8015471696853638,0.017927151173353195,2.224271059036255,0.5316823124885559
68,16,0.3821130394935608,0.3778740167617798,0.004228721372783184,0.10318285971879959,0.02584807388484478
68,17,0.04378324747085571,0.043089061975479126,0.0006523545016534626,0.41832834482192993,0.02167210727930069
68,18,0.8751828074455261,0.8654178380966187,0.009699897840619087,0.6507721543312073,0.13795173168182373
68,19,0.02073049545288086,0.020557578653097153,0.0001346200006082654,0.38295164704322815,0.0031098234467208385
68,20,0.39968544244766235,0.3944355249404907,0.005156123079359531,0.9379792213439941,0.05247175693511963
68,21,0.408765971660614,0.4032065272331238,0.005458753556013107,1.007057785987854,0.05162672698497772
68,22,0.014082063920795918,0.013998053967952728,6.487041537184268e-05,0.19139741361141205,0.04473084956407547
68,23,0.6953567266464233,0.6866849064826965,0.008624839596450329,0.469713419675827,0.07350848615169525
68,24,0.02195557951927185,0.021809367462992668,0.00011089790496043861,0.35313743352890015,0.0036147343926131725
68,25,0.004702792968600988,0.0046628364361822605,9.950489584298339e-06,0.300057590007782,0.0010566890705376863
68,26,0.011956555768847466,0.01185969915241003,7.856842421460897e-05,0.1828833669424057,0.05013256520032883
68,27,0.043064314872026443,0.04264170303940773,0.0003845530445687473,0.3805816173553467,0.018646463751792908
68,28,0.1275860071182251,0.1266346275806427,0.0009472777601331472,0.0409061424434185,0.04218282923102379
68,29,0.8747668266296387,0.8654578328132629,0.009237647987902164,0.7134693264961243,0.1203441321849823
68,30,0.9311464428901672,0.9064772129058838,0.023712126538157463,9.571422576904297,0.10845017433166504
68,31,0.23184964060783386,0.2290498912334442,0.002782289171591401,0.17460134625434875,0.0598570741713047
68,32,1.1320667266845703,1.1054579019546509,0.02615552768111229,4.532946586608887,0.15733277797698975
68,33,0.014943622052669525,0.01482175849378109,8.915099897421896e-05,0.3271309435367584,0.0021972544491291046
68,34,0.733244776725769,0.7234004735946655,0.0097893625497818,0.5498185157775879,0.08099738508462906
68,35,0.4485242962837219,0.441523015499115,0.006840112619102001,1.6116995811462402,0.05266784876585007
68,36,0.12797509133815765,0.1264420747756958,0.0015218068147078156,0.1121271401643753,0.09398765861988068
68,37,0.41553160548210144,0.40837597846984863,0.007050198502838612,1.054329752922058,0.0484701469540596
68,38,0.8416139483451843,0.8177147507667542,0.02339068055152893,5.084781646728516,0.36061903834342957
68,39,0.8399897813796997,0.8169455528259277,0.022687699645757675,3.565253257751465,0.5109558701515198
68,40,1.07540762424469,1.047795295715332,0.027194682508707047,4.1761651039123535,0.15891766548156738
68,41,0.34415456652641296,0.3400892913341522,0.004037810489535332,0.27474161982536316,0.01696634665131569
68,42,0.8531677722930908,0.8288172483444214,0.02376261167228222,5.879150867462158,0.44787704944610596
68,43,0.8975588083267212,0.885335385799408,0.012177731841802597,0.4573424160480499,0.09691270440816879
68,44,0.12885861098766327,0.1270250380039215,0.001820446690544486,0.13130758702754974,0.09279860556125641
68,45,0.029928132891654968,0.02975689060986042,0.00014144336455501616,0.2979778051376343,0.006692714057862759
68,46,0.4636174142360687,0.45541560649871826,0.00815376453101635,0.4803834855556488,0.05471136420965195
68,47,0.8555838465690613,0.8315436840057373,0.023568499833345413,4.716464996337891,0.32597488164901733
68,48,0.8573961853981018,0.8487877249717712,0.008580772206187248,0.27740228176116943,0.06322047114372253
68,49,0.4140269458293915,0.4097921550273895,0.004186475649476051,0.48312196135520935,0.02486361563205719
68,50,0.8914939165115356,0.8835271596908569,0.007903005927801132,0.6378467082977295,0.11565340310335159
68,51,0.04292338341474533,0.04237252473831177,0.0005175273399800062,0.33331313729286194,0.017105892300605774
68,52,0.014852418564260006,0.014736568555235863,8.713372517377138e-05,0.28716516494750977,0.002010718220844865
68,53,0.007244726177304983,0.007192700635641813,3.406377072678879e-05,0.17962053418159485,0.07049448043107986
68,54,0.4574289917945862,0.45144912600517273,0.005952007137238979,0.27877381443977356,0.05193932726979256
68,55,0.012149966321885586,0.012069148942828178,6.313473568297923e-05,0.17683105170726776,0.0638243705034256
68,56,0.04695232957601547,0.04643705114722252,0.00048049024189822376,0.3478732407093048,0.020015832036733627
68,57,0.894105076789856,0.8712880611419678,0.022288821637630463,5.28221321105957,0.4486216902732849
68,58,0.973975658416748,0.9480147361755371,0.02539881318807602,5.621361255645752,0.669111967086792
68,59,0.34534990787506104,0.339357852935791,0.0059404922649264336,0.5156938433647156,0.04284045100212097
68,60,0.8729040026664734,0.8633596301078796,0.009479369036853313,0.650262713432312,0.14708036184310913
68,61,0.9147703051567078,0.9015176892280579,0.013164578936994076,0.8805820345878601,0.10368092358112335
68,62,0.7475311756134033,0.7366013526916504,0.010871066711843014,0.5878825187683105,0.10251408815383911
68,63,0.042424965649843216,0.041826050728559494,0.0005618302384391427,0.37086787819862366,0.017385106533765793
68,64,0.4637812376022339,0.45622727274894714,0.0075098020024597645,0.4415222406387329,0.06980238854885101
68,65,0.12600953876972198,0.12440376728773117,0.0015944854822009802,0.11279378086328506,0.0860583484172821
68,66,0.9205793738365173,0.8986109495162964,0.02069527469575405,12.731724739074707,0.13408470153808594
68,67,0.7339531779289246,0.7215778827667236,0.012295041233301163,0.8024473786354065,0.08155441284179688
68,68,0.8349173069000244,0.8274030685424805,0.007483761757612228,0.3045614957809448,0.06706485152244568
68,69,0.02496541477739811,0.024817241355776787,0.00011492058547446504,0.3325280547142029,0.0062205009162425995
68,70,0.9873484373092651,0.9683881998062134,0.017867084592580795,10.931204795837402,0.10298806428909302
68,71,0.9230997562408447,0.9142282009124756,0.008828027173876762,0.4352245032787323,0.07292494177818298
68,72,0.02454780600965023,0.024382058531045914,0.00013347252388484776,0.322732537984848,0.006703070364892483
68,73,0.8765290975570679,0.8677332401275635,0.008730228990316391,0.6563804745674133,0.10968545079231262
68,74,0.6463073492050171,0.6326082348823547,0.013489934615790844,2.091265916824341,0.23689906299114227
68,75,0.9617628455162048,0.9373785853385925,0.023930909112095833,4.533799648284912,0.534668505191803
68,76,0.26113179326057434,0.2581574022769928,0.002951436210423708,0.2294514775276184,0.06038006767630577
68,77,0.3696288764476776,0.365945965051651,0.0036722016520798206,0.10687631368637085,0.02221718057990074
68,78,0.47978675365448,0.47159746289253235,0.008149244822561741,0.40062862634658813,0.07814517617225647
68,79,0.9268630743026733,0.9093258380889893,0.017429940402507782,1.07260262966156,0.15802878141403198
68,80,0.012875660322606564,0.012766685336828232,9.065000631380826e-05,0.18324977159500122,0.06914477795362473
68,81,0.22817575931549072,0.2259896695613861,0.002174939028918743,0.11145728826522827,0.049733277410268784
68,82,1.0297462940216064,0.9970172643661499,0.03187727555632591,8.518020629882812,0.17435938119888306
68,83,0.4313572943210602,0.4231226444244385,0.008087827824056149,1.4683758020401,0.03873203694820404
68,84,0.19825753569602966,0.1964893788099289,0.0017344362568110228,0.3372756838798523,0.01019141636788845
68,85,0.11714742332696915,0.11604853719472885,0.0010900215711444616,0.0886668860912323,0.07560811191797256
68,86,0.01908167265355587,0.018948737531900406,0.00010225424193777144,0.30682122707366943,0.0033527733758091927
68,87,0.8730384111404419,0.8505839109420776,0.022053908556699753,4.005988121032715,0.4332948923110962
68,88,0.010063857771456242,0.009981416165828705,5.412704194895923e-05,0.28314727544784546,0.003085512202233076
68,89,0.40260839462280273,0.3990131616592407,0.0035747019574046135,0.2052631676197052,0.02646627463400364
68,90,0.40104082226753235,0.3971470892429352,0.003864866215735674,0.2889283299446106,0.026167485862970352
68,91,0.3431885838508606,0.339688777923584,0.0034845152404159307,0.1529645472764969,0.014245260506868362
68,92,0.019534287974238396,0.019387805834412575,0.00011430910672061145,0.3217264413833618,0.0030902300495654345
68,93,0.4366239011287689,0.43073976039886475,0.00585406506434083,0.3007794916629791,0.04829667508602142
68,94,0.9919900298118591,0.9647412896156311,0.026358919218182564,8.898124694824219,0.18667620420455933
68,95,0.4243086576461792,0.4168529212474823,0.007324321661144495,1.3142085075378418,0.04244833067059517
68,96,0.87763911485672,0.8687712550163269,0.008830933831632137,0.36967670917510986,0.09071408212184906
68,97,0.3080074191093445,0.3043799102306366,0.003616738598793745,0.10761112719774246,0.013280862011015415
68,98,0.045692604035139084,0.0447617769241333,0.0008901114342734218,0.407179057598114,0.026983868330717087
68,99,0.8657644987106323,0.8538227081298828,0.011849673464894295,0.9210982918739319,0.09939484298229218
68,100,0.22856736183166504,0.2258605659008026,0.0026900172233581543,0.1677294671535492,0.05215469002723694
69,1,0.3939476013183594,0.39000511169433594,0.003922419622540474,0.20043587684631348,0.025519181042909622
69,2,0.4339768588542938,0.42559361457824707,0.008221236988902092,1.6201612949371338,0.053187303245067596
69,3,0.32218390703201294,0.31939697265625,0.0027712970040738583,0.1564580798149109,0.014442156068980694
69,4,1.0110570192337036,0.9883012175559998,0.022239457815885544,5.163045883178711,0.15881529450416565
69,5,0.03868675231933594,0.0382775217294693,0.00037347819306887686,0.35751664638519287,0.016533177345991135
69,6,0.7900111675262451,0.7699146270751953,0.01967461034655571,4.219624042510986,0.3472851812839508
69,7,0.7707803249359131,0.7624256014823914,0.008303932845592499,0.5075594186782837,0.0846547931432724
69,8,0.01934554986655712,0.01918019726872444,0.00013275495439302176,0.32598957419395447,0.0033757260534912348
69,9,1.1263664960861206,1.1036479473114014,0.0222596675157547,4.587943077087402,0.15028995275497437
69,10,0.9656086564064026,0.9441866874694824,0.020779427140951157,6.425576686859131,0.1681518405675888
69,11,0.30745187401771545,0.30424097180366516,0.0032008052803575993,0.10097522288560867,0.011660724878311157
69,12,0.8471540212631226,0.8384213447570801,0.008704641833901405,0.2798975110054016,0.08348019421100616
69,13,0.4001837968826294,0.39611899852752686,0.004042777232825756,0.22020776569843292,0.03139851242303848
69,14,1.0241323709487915,0.9945787191390991,0.02856948785483837,9.841541290283203,0.1788749396800995
69,15,0.8645956516265869,0.8554070591926575,0.009127018041908741,0.6156163811683655,0.13943925499916077
69,16,0.4051726758480072,0.39961838722229004,0.00545252813026309,1.0176292657852173,0.03822927922010422
69,17,0.6628657579421997,0.646399736404419,0.01625613309442997,2.098958730697632,0.30881765484809875
69,18,1.1509801149368286,1.1148346662521362,0.03428991883993149,18.554920196533203,0.1910625696182251
69,19,0.012357130646705627,0.01227063313126564,6.798420508857816e-05,0.18513377010822296,0.057838935405015945
69,20,1.1062577962875366,1.0706042051315308,0.03501728177070618,6.363704204559326,0.14232248067855835
69,21,0.7238790392875671,0.7171744704246521,0.006663831882178783,0.4068875014781952,0.06475386768579483
69,22,0.13332846760749817,0.13149212300777435,0.0018220358761027455,0.14310915768146515,0.08874359726905823
69,23,0.8941180109977722,0.8851983547210693,0.008862687274813652,0.5697492361068726,0.10025486350059509
69,24,0.8926964402198792,0.8837942481040955,0.0088329603895545,0.6923792958259583,0.09942103922367096
69,25,0.13337329030036926,0.13164649903774261,0.0017135565867647529,0.13233204185962677,0.09646527469158173
69,26,0.8362815976142883,0.8287535905838013,0.007471660152077675,0.5630577206611633,0.11079233139753342
69,27,0.026951519772410393,0.02676454745233059,0.00014761104830540717,0.39361023902893066,0.007635781541466713
69,28,0.18863163888454437,0.18650275468826294,0.0021106000058352947,0.18286138772964478,0.012712202034890652
69,29,0.12583044171333313,0.12415070831775665,0.001666452968493104,0.1327020227909088,0.1175084188580513
69,30,0.012922953814268112,0.012813366018235683,8.901817636797205e-05,0.20569035410881042,0.06531944870948792
69,31,0.9542996883392334,0.9402161240577698,0.014003148302435875,0.8038444519042969,0.11074678599834442
69,32,0.04174070805311203,0.04143642634153366,0.00026860515936277807,0.35675734281539917,0.014982905238866806
69,33,0.42502057552337646,0.419411838054657,0.005585936363786459,0.22809572517871857,0.05336456745862961
69,34,0.46085062623023987,0.4537850618362427,0.007026822306215763,0.38743698596954346,0.06201731413602829
69,35,0.9103779792785645,0.9012622833251953,0.00904226303100586,0.7344365119934082,0.14178261160850525
69,36,0.45723187923431396,0.44690966606140137,0.010152199305593967,1.7003161907196045,0.03809714689850807
69,37,0.6557968258857727,0.6360074281692505,0.019533498212695122,2.5585575103759766,0.22323600947856903
69,38,1.0834215879440308,1.0632493495941162,0.01967265084385872,4.995987892150879,0.13780710101127625
69,39,0.4297710955142975,0.4263463318347931,0.003394120140001178,0.3064156472682953,0.027568355202674866
69,40,1.2016619443893433,1.170932412147522,0.030238810926675797,4.906656265258789,0.15124815702438354
69,41,0.23378239572048187,0.2322821319103241,0.001491771312430501,0.0850101187825203,0.03747108578681946
69,42,0.3790319263935089,0.37611496448516846,0.0029097814112901688,0.07186292111873627,0.017354298382997513
69,43,0.5615334510803223,0.5549517869949341,0.006494625471532345,0.8701740503311157,0.19403299689292908
69,44,0.021031318232417107,0.02091587334871292,9.334755304735154e-05,0.22095821797847748,0.004186130128800869
69,45,0.4125409424304962,0.4089052379131317,0.003602145705372095,0.3354950249195099,0.0280106533318758
69,46,0.8334313631057739,0.8184441328048706,0.014795179478824139,1.9202433824539185,0.536855936050415
69,47,0.8357248902320862,0.8284988403320312,0.007179382257163525,0.46663713455200195,0.12022015452384949
69,48,0.9969025254249573,0.9676331281661987,0.02810060605406761,11.687660217285156,0.12554459273815155
69,49,0.19102856516838074,0.189325213432312,0.001682215603068471,0.21132811903953552,0.012460459023714066
69,50,0.6876554489135742,0.6793500185012817,0.008259430527687073,0.45991823077201843,0.087821364402771
69,51,1.132938265800476,1.1058905124664307,0.026518646627664566,5.290997505187988,0.1665000170469284
69,52,0.04182763397693634,0.04130307585000992,0.0004945085966028273,0.3004864454269409,0.020516950637102127
69,53,0.8382230401039124,0.8123031854629517,0.02549346163868904,4.264376163482666,0.401520311832428
69,54,0.3840010464191437,0.3798266351222992,0.0041570598259568214,0.17347536981105804,0.022742673754692078
69,55,0.8749790191650391,0.8651102781295776,0.009829598478972912,0.39149919152259827,0.07465974986553192
69,56,0.022283127531409264,0.02214072085916996,0.00011260317842243239,0.2980509400367737,0.0044484734535217285
69,57,0.8807002305984497,0.8475639820098877,0.03243625536561012,6.999850749969482,0.32110846042633057
69,58,1.0302085876464844,1.0005372762680054,0.028707891702651978,9.634976387023926,0.13850034773349762
69,59,0.04197869822382927,0.04120147228240967,0.0007415110012516379,0.3571391701698303,0.020919986069202423
69,60,1.2017359733581543,1.173276424407959,0.02797314152121544,4.864121437072754,0.1599234640598297
69,61,0.23623336851596832,0.23412752151489258,0.002091579604893923,0.14266441762447357,0.050570048391819
69,62,0.8133482933044434,0.7933005690574646,0.01970481127500534,3.428853988647461,0.4001017212867737
69,63,1.215582013130188,1.1744375228881836,0.03929164260625839,18.528770446777344,0.22271862626075745
69,64,0.8292649984359741,0.8122318983078003,0.016822252422571182,2.10800838470459,0.6267108917236328
69,65,0.37926918268203735,0.3757871091365814,0.003468726761639118,0.13347481191158295,0.023116374388337135
69,66,0.623496413230896,0.6108809113502502,0.012458608485758305,1.5688532590866089,0.2567247748374939
69,67,0.8855657577514648,0.8591949343681335,0.02574271522462368,6.280932426452637,0.4068802297115326
69,68,0.8438246846199036,0.8219603300094604,0.021355699747800827,5.086404323577881,0.36601781845092773
69,69,0.01948218047618866,0.019331026822328568,0.00011822747183032334,0.3292545974254608,0.0025323410518467426
69,70,0.0417412668466568,0.041164055466651917,0.0005403449176810682,0.3686409294605255,0.01750160939991474
69,71,0.2264258712530136,0.2242830991744995,0.0021277808118611574,0.14997078478336334,0.039780620485544205
69,72,0.12891826033592224,0.12795212864875793,0.000960930367000401,0.05206611007452011,0.03712806850671768
69,73,0.48818841576576233,0.47672829031944275,0.01140210498124361,0.5801982879638672,0.056694358587265015
69,74,0.8680912852287292,0.8416624665260315,0.025499757379293442,9.29056167602539,0.13583078980445862
69,75,0.8294574618339539,0.8191694021224976,0.010219897143542767,0.6818081736564636,0.11116161942481995
69,76,0.025964945554733276,0.025746487081050873,0.00018091722449753433,0.3754153847694397,0.006869110744446516
69,77,0.3452978730201721,0.3415992558002472,0.0036733667366206646,0.2525617182254791,0.018762337043881416
69,78,0.4356902539730072,0.4309658408164978,0.004691402893513441,0.33028343319892883,0.033187322318553925
69,79,0.01504344679415226,0.014914263039827347,9.410775965079665e-05,0.3507639169692993,0.002542514819651842
69,80,0.23630009591579437,0.23380467295646667,0.0024777408689260483,0.17683714628219604,0.0537823885679245
69,81,0.3270280361175537,0.32382670044898987,0.0031827669590711594,0.18558718264102936,0.017874103039503098
69,82,0.3395689129829407,0.33549755811691284,0.004028007388114929,0.4333350956439972,0.046488843858242035
69,83,0.045030608773231506,0.04451145976781845,0.0004825471551157534,0.36602815985679626,0.01989988051354885
69,84,0.6164469122886658,0.6049332618713379,0.011362873949110508,1.5077095031738281,0.2517666816711426
69,85,0.3796772360801697,0.37599384784698486,0.0036736491601914167,0.09734273701906204,0.022269364446401596
69,86,0.024298926815390587,0.024156682193279266,0.00011110552441095933,0.3113895654678345,0.005983395967632532
69,87,0.01911594159901142,0.01899382844567299,9.144719660980627e-05,0.30666399002075195,0.0028722467832267284
69,88,0.33608531951904297,0.3330402672290802,0.0030268889386206865,0.18137644231319427,0.017057089135050774
69,89,0.993152379989624,0.9737194180488586,0.01840953715145588,10.234048843383789,0.1163337454199791
69,90,0.9228374361991882,0.911857008934021,0.010905805975198746,0.7462906837463379,0.12097790837287903
69,91,0.40508127212524414,0.40233156085014343,0.0027328883297741413,0.16797468066215515,0.02632957324385643
69,92,1.118308424949646,1.0889970064163208,0.028895147144794464,4.162683010101318,0.17186734080314636
69,93,0.23305509984493256,0.23101672530174255,0.0020235516130924225,0.14831213653087616,0.042217038571834564
69,94,0.19266927242279053,0.19089654088020325,0.0017497010994702578,0.23037950694561005,0.010268297046422958
69,95,0.04090125858783722,0.04046868905425072,0.0003971620462834835,0.3540760278701782,0.020804543048143387
69,96,1.1446490287780762,1.1146527528762817,0.02939651533961296,5.997417449951172,0.1564626395702362
69,97,0.9674055576324463,0.9400786757469177,0.02568778209388256,16.39145278930664,0.15235811471939087
69,98,0.025567634031176567,0.025393590331077576,0.00013937242329120636,0.34672054648399353,0.008975416421890259
69,99,0.6912158727645874,0.682315468788147,0.008861035108566284,0.3936733901500702,0.0780269205570221
69,100,0.024744609370827675,0.024546639993786812,0.00016261849668808281,0.35351383686065674,0.00889132171869278
70,1,0.45556196570396423,0.44926217198371887,0.006272673606872559,0.2710726857185364,0.05891307443380356
70,2,0.39582735300064087,0.39063316583633423,0.005103997886180878,0.9017074704170227,0.05004505813121796
70,3,0.8667377829551697,0.8590201139450073,0.007650647312402725,0.6700775623321533,0.11602820456027985
70,4,0.013277771882712841,0.013194579631090164,6.319957901723683e-05,0.19992254674434662,0.048996515572071075
70,5,0.1280248761177063,0.12686428427696228,0.001156066544353962,0.045297157019376755,0.04759097844362259
70,6,0.9518085718154907,0.9254856109619141,0.02523057535290718,10.923832893371582,0.11276623606681824
70,7,0.12187136709690094,0.12101121246814728,0.0008560463320463896,0.04108918830752373,0.04203712195158005
70,8,0.8849505186080933,0.8627741932868958,0.021773194894194603,4.0308146476745605,0.5496600866317749
70,9,0.040614139288663864,0.04000318422913551,0.0005736778257414699,0.3728081285953522,0.02032623440027237
70,10,0.8383190035820007,0.8183315992355347,0.01958503946661949,4.023928642272949,0.4018212556838989
70,11,0.011533105745911598,0.011443249881267548,7.134835323086008e-05,0.1850738227367401,0.05441400408744812
70,12,1.141477346420288,1.1078640222549438,0.03250562772154808,11.076419830322266,0.20000329613685608
70,13,0.424131840467453,0.4166993200778961,0.0072975438088178635,1.3498650789260864,0.038997769355773926
70,14,0.015647275373339653,0.015540197491645813,7.671756611671299e-05,0.3036029040813446,0.0032888734713196754
70,15,0.38114267587661743,0.3756886422634125,0.005358518101274967,0.9550490975379944,0.04019799083471298
70,16,1.1173056364059448,1.0909591913223267,0.025799863040447235,5.4655327796936035,0.18264172971248627
70,17,0.014353121630847454,0.014246176928281784,7.689744234085083e-05,0.30046993494033813,0.0030447673052549362
70,18,0.6025470495223999,0.5919778347015381,0.010424473322927952,1.4470120668411255,0.2709257900714874
70,19,0.13571931421756744,0.13391125202178955,0.0017930554458871484,0.1500217467546463,0.10679296404123306
70,20,0.8641994595527649,0.8431694507598877,0.020720165222883224,3.098041296005249,0.552741527557373
70,21,0.0409274585545063,0.040493402630090714,0.000401186291128397,0.3286881744861603,0.018136724829673767
70,22,0.010957377962768078,0.010874715633690357,6.519893941003829e-05,0.17463256418704987,0.0527331680059433
70,23,0.3865395486354828,0.38293516635894775,0.0035688644275069237,0.3553169071674347,0.025381391867995262
70,24,0.6528831124305725,0.6390678882598877,0.013593930751085281,2.2134149074554443,0.21139180660247803
70,25,0.3497810959815979,0.3435858488082886,0.006144403479993343,0.5082986354827881,0.03925314545631409
70,26,0.19486954808235168,0.19319480657577515,0.0016563257668167353,0.18422016501426697,0.01008312962949276
70,27,0.42092210054397583,0.4134337306022644,0.00746202701702714,0.26351669430732727,0.04590867459774017
70,28,0.5974832773208618,0.5856128931045532,0.011706715449690819,1.6365491151809692,0.23025968670845032
70,29,1.0235645771026611,1.0018517971038818,0.021003440022468567,7.093497276306152,0.15863539278507233
70,30,1.145769476890564,1.1239738464355469,0.021420566365122795,3.749908447265625,0.1261686235666275
70,31,0.46273401379585266,0.45533889532089233,0.007350598461925983,0.4451354444026947,0.06765852123498917
70,32,0.06313059478998184,0.06171128898859024,0.0014143018051981926,0.05003466084599495,0.03548383340239525
70,33,1.1933925151824951,1.154249906539917,0.0383131168782711,8.294075965881348,0.1837419867515564
70,34,0.9113930463790894,0.8952895402908325,0.015779852867126465,3.2363390922546387,0.20458343625068665
70,35,0.413280189037323,0.40704643726348877,0.0061871143989264965,0.46634379029273987,0.05388118326663971
70,36,0.4186374545097351,0.4115738868713379,0.006953150033950806,1.1042903661727905,0.04186040908098221
70,37,0.9182385206222534,0.9089165925979614,0.00927274115383625,0.4915434718132019,0.08682282269001007
70,38,0.38064730167388916,0.376868337392807,0.0037696659564971924,0.09288864582777023,0.023124247789382935
70,39,0.8487206101417542,0.8425334692001343,0.006163830868899822,0.23300997912883759,0.06727079302072525
70,40,0.6281867623329163,0.6177699565887451,0.010295461863279343,1.213493824005127,0.21873104572296143
70,41,1.0805692672729492,1.0576832294464111,0.022196032106876373,6.900367259979248,0.14555791020393372
70,42,0.2371748685836792,0.2352769672870636,0.0018851039931178093,0.12800739705562592,0.03986724466085434
70,43,0.12480223923921585,0.12384268641471863,0.0009558197925798595,0.03731275349855423,0.03263305872678757
70,44,0.23393811285495758,0.23237913846969604,0.001550151384435594,0.08823177963495255,0.03989071771502495
70,45,0.43835484981536865,0.4347679018974304,0.0035632718354463577,0.236588254570961,0.027823753654956818
70,46,0.9506235122680664,0.9271962642669678,0.021854454651474953,15.72784423828125,0.11116650700569153
70,47,0.22224651277065277,0.22066980600357056,0.001566462917253375,0.10243339091539383,0.03730343282222748
70,48,0.812897801399231,0.7902538776397705,0.02220487967133522,4.390676021575928,0.3588859438896179
70,49,0.12985701858997345,0.12915530800819397,0.000697443843819201,0.04258771985769272,0.04159238561987877
70,50,0.029883908107876778,0.02975270338356495,9.980141476262361e-05,0.31404852867126465,0.007565376348793507
70,51,0.2300557792186737,0.228379026055336,0.0016681088600307703,0.0863993912935257,0.043630264699459076
70,52,0.044465601444244385,0.044047825038433075,0.0003832257352769375,0.34552082419395447,0.02113531343638897
70,53,0.8715607523918152,0.8614156246185303,0.010104527696967125,0.4060784578323364,0.09750856459140778
70,54,0.3701133728027344,0.36681824922561646,0.0032872147858142853,0.07900695502758026,0.023025795817375183
70,55,0.9160853028297424,0.8839653134346008,0.03163199871778488,4.879880905151367,0.6578947305679321
70,56,0.01316843181848526,0.013047877699136734,0.00010215183283435181,0.18401993811130524,0.06430615484714508
70,57,0.9513081312179565,0.9326170086860657,0.017986765131354332,7.043768405914307,0.11457628756761551
70,58,0.44126129150390625,0.4355890154838562,0.005526585970073938,1.4571434259414673,0.05060291290283203
70,59,0.011822006665170193,0.01172570139169693,7.765625196043402e-05,0.18648941814899445,0.05045993998646736
70,60,0.025460416451096535,0.025301039218902588,0.0001258917327504605,0.3348497748374939,0.007280122488737106
70,61,0.6510549187660217,0.6443436741828918,0.0066768573597073555,0.34369638562202454,0.05667376145720482
70,62,1.0887236595153809,1.0646175146102905,0.023391779512166977,7.144185543060303,0.13544604182243347
70,63,0.011742842383682728,0.011645842343568802,7.658306276425719e-05,0.2041739523410797,0.05269169807434082
70,64,0.011992412619292736,0.011877876706421375,9.359591058455408e-05,0.20939640700817108,0.055263347923755646
70,65,0.12405002117156982,0.12305110692977905,0.0009946894133463502,0.04220929369330406,0.04974495619535446
70,66,0.32718923687934875,0.3234536349773407,0.0037158362101763487,0.19763043522834778,0.022578030824661255
70,67,0.4562068283557892,0.4480554461479187,0.008022035472095013,1.293451189994812,0.04343391954898834
70,68,1.0442745685577393,1.0019385814666748,0.040460605174303055,18.754549026489258,0.18052814900875092
70,69,1.0043503046035767,0.9809224605560303,0.02194676175713539,14.810272216796875,0.17033404111862183
70,70,0.40691596269607544,0.40201878547668457,0.00481864670291543,0.7853441834449768,0.05417852848768234
70,71,0.2392863780260086,0.2374861091375351,0.0017884692642837763,0.11803057789802551,0.05162462592124939
70,72,0.12735186517238617,0.12608996033668518,0.0012523888144642115,0.09524676948785782,0.09063155949115753
70,73,0.621714174747467,0.6117634773254395,0.009825277142226696,1.2538437843322754,0.1984078288078308
70,74,0.3418175280094147,0.33861371874809265,0.0031877877190709114,0.16036994755268097,0.01356540434062481
70,75,1.1614435911178589,1.1426591873168945,0.018456606194376945,3.27864933013916,0.10466647148132324
70,76,0.34207168221473694,0.33771663904190063,0.004318629391491413,0.3642442524433136,0.03686691075563431
70,77,0.8587507009506226,0.8495737314224243,0.009149961173534393,0.2702938914299011,0.0728415846824646
70,78,0.23999960720539093,0.23777836561203003,0.0022069872356951237,0.14257954061031342,0.05264337360858917
70,79,1.1447477340698242,1.115667462348938,0.028595849871635437,4.844245433807373,0.18114127218723297
70,80,1.0212534666061401,0.9996634721755981,0.021309271454811096,2.8070478439331055,0.16616973280906677
70,81,0.030975252389907837,0.03076104074716568,0.00018278419156558812,0.31427061557769775,0.005933317355811596
70,82,0.4421066641807556,0.43492186069488525,0.007044483441859484,1.403132677078247,0.08542734384536743
70,83,0.01758190430700779,0.01746061071753502,9.210756252286956e-05,0.2918526828289032,0.0017726137302815914
70,84,0.026263516396284103,0.02612171694636345,0.00011145553435198963,0.30344000458717346,0.0051674554124474525
70,85,0.267478883266449,0.26534610986709595,0.002123171929270029,0.09596425294876099,0.02497023716568947
70,86,0.32552963495254517,0.3218163251876831,0.0036796550266444683,0.33659741282463074,0.017880059778690338
70,87,0.018873926252126694,0.01884230226278305,6.128832865215372e-06,0.25495919585227966,0.0006607540999539196
70,88,0.12725257873535156,0.12591655552387238,0.0013247018214315176,0.11320684850215912,0.08260145783424377
70,89,0.025965506210923195,0.025810424238443375,0.00012454127136152238,0.3053952753543854,0.00532242376357317
70,90,0.4638751447200775,0.458722859621048,0.005118018947541714,0.34278997778892517,0.05751053988933563
70,91,0.7611004114151001,0.7514838576316833,0.009556407108902931,0.6011725664138794,0.08592464029788971
70,92,0.12085995823144913,0.12001153081655502,0.000844340305775404,0.04089231789112091,0.04138048738241196
70,93,0.8893163800239563,0.8748686909675598,0.014230482280254364,2.1719069480895996,0.08340161293745041
70,94,0.9304848313331604,0.9046245813369751,0.025471875444054604,3.8838541507720947,0.36401402950286865
70,95,0.13369405269622803,0.13187482953071594,0.0018042279407382011,0.14992967247962952,0.13623550534248352
70,96,0.22339266538619995,0.2210882008075714,0.002287869341671467,0.1660563051700592,0.060954585671424866
70,97,0.42408910393714905,0.416850209236145,0.0071348510682582855,1.0403270721435547,0.04800950363278389
70,98,0.40695202350616455,0.40293896198272705,0.003978524822741747,0.34541329741477966,0.036765627562999725
70,99,0.22719639539718628,0.2247277796268463,0.002451779320836067,0.1683422327041626,0.05253859981894493
70,100,0.01420591864734888,0.014098306186497211,8.749348489800468e-05,0.20119152963161469,0.07089906930923462
71,1,0.3960569500923157,0.3921617269515991,0.0038726581260561943,0.22563515603542328,0.03221710026264191
71,2,0.9063884615898132,0.8926839232444763,0.013610098510980606,0.9441366791725159,0.14947974681854248
71,3,0.022334013134241104,0.022200986742973328,0.00010103624663315713,0.31991100311279297,0.002453332534059882
71,4,0.4115760028362274,0.4036507308483124,0.007880202494561672,0.4506346583366394,0.04939408600330353
71,5,0.016462335363030434,0.016388073563575745,4.6914981794543564e-05,0.2734728753566742,0.0024753883481025696
71,6,0.9108123779296875,0.8684436082839966,0.041621677577495575,7.470868110656738,0.39517536759376526
71,7,0.42697980999946594,0.42093563079833984,0.005944301374256611,0.9986440539360046,0.024357911199331284
71,8,0.016275838017463684,0.01618417352437973,6.600267806788906e-05,0.2566133141517639,0.002189170103520155
71,9,0.02532690390944481,0.02519036829471588,0.00010990597365889698,0.26630139350891113,0.005853062495589256
71,10,0.17802685499191284,0.1770305633544922,0.000988231273368001,0.08068455010652542,0.007015467621386051
71,11,0.1950405389070511,0.1937587410211563,0.0012701029190793633,0.11704569309949875,0.00858375709503889
71,12,0.6196454167366028,0.6094236373901367,0.010096739046275616,1.2503994703292847,0.2253170758485794
71,13,0.38211333751678467,0.3789622187614441,0.0031437186989933252,0.07403084635734558,0.021821636706590652
71,14,0.9207269549369812,0.8985892534255981,0.02181263640522957,3.251004695892334,0.5583410859107971
71,15,0.8402440547943115,0.8218348026275635,0.018113959580659866,2.952683925628662,0.38620808720588684
71,16,0.8682664632797241,0.8513412475585938,0.01667873188853264,2.4644033908843994,0.6176499128341675
71,17,0.13397294282913208,0.13294896483421326,0.0010190693428739905,0.04899631440639496,0.05542922765016556
71,18,0.8501632213592529,0.841593861579895,0.00854128785431385,0.2806044816970825,0.09379179030656815
71,19,0.029270131140947342,0.029139216989278793,9.582421625964344e-05,0.35090187191963196,0.0023224682081490755
71,20,0.40609654784202576,0.40119728446006775,0.0047897459007799625,1.095244288444519,0.058895230293273926
71,21,0.41255250573158264,0.4078148901462555,0.00468797329813242,0.4964858889579773,0.03439820557832718
71,22,0.9238379597663879,0.9113706946372986,0.012402416206896305,0.6487102508544922,0.10107934474945068
71,23,0.44237247109413147,0.43384361267089844,0.008304244838654995,2.2462875843048096,0.05109789967536926
71,24,0.19375112652778625,0.19167199730873108,0.0020573900546878576,0.2174147218465805,0.009211206808686256
71,25,0.223679780960083,0.2215498685836792,0.0021168903913348913,0.13027238845825195,0.034683775156736374
71,26,0.9825860261917114,0.9520717859268188,0.029092123731970787,14.221123695373535,0.11032289266586304
71,27,1.1595104932785034,1.1213551759719849,0.03747402876615524,6.812492847442627,0.16101539134979248
71,28,0.4508560299873352,0.4449259042739868,0.005896974354982376,0.33140110969543457,0.04660871997475624
71,29,0.8409352898597717,0.8162243366241455,0.024318041279911995,3.9292023181915283,0.36947011947631836
71,30,0.44513797760009766,0.4396956264972687,0.005418760702013969,0.23614102602005005,0.041215162724256516
71,31,0.12817001342773438,0.12750977277755737,0.0006570431869477034,0.03198499232530594,0.027543185278773308
71,32,0.9283507466316223,0.917007327079773,0.011006527580320835,3.3689374923706055,0.0714927613735199
71,33,0.38797253370285034,0.3850224018096924,0.002919143531471491,0.3099019229412079,0.025733161717653275
71,34,0.020795388147234917,0.02067730575799942,8.830301521811634e-05,0.29779160022735596,0.003078026697039604
71,35,0.04243059828877449,0.04187953472137451,0.0005180209409445524,0.33043602108955383,0.021173663437366486
71,36,0.1226995661854744,0.12086766958236694,0.0018220099154859781,0.0989006981253624,0.10287703573703766
71,37,0.37984952330589294,0.37635868787765503,0.003482069121673703,0.08774851262569427,0.0274078156799078
71,38,0.12927110493183136,0.12762974202632904,0.0016308649210259318,0.1051023080945015,0.11991144716739655
71,39,0.6268203854560852,0.6157009601593018,0.010995551943778992,1.2384289503097534,0.3228389620780945
71,40,0.025208214297890663,0.025069795548915863,0.00010674674558686092,0.31672003865242004,0.0067504895851016045
71,41,0.026043491438031197,0.025869306176900864,0.00014338293112814426,0.3080337941646576,0.006556257605552673
71,42,0.8659183382987976,0.859423041343689,0.0064702811650931835,0.2502983510494232,0.08031676709651947
71,43,0.022156404331326485,0.02203914150595665,8.808945131022483e-05,0.2917299270629883,0.002939117606729269
71,44,0.011783400550484657,0.011709759011864662,5.749056799686514e-05,0.16151174902915955,0.04838874191045761
71,45,0.38858070969581604,0.38613593578338623,0.002431153552606702,0.13622166216373444,0.02243671752512455
71,46,0.3154483437538147,0.31289005279541016,0.0025403061881661415,0.17982859909534454,0.03409901261329651
71,47,0.9122725129127502,0.9053230285644531,0.006898227147758007,0.5125471353530884,0.11604098230600357
71,48,0.9453971982002258,0.9302331209182739,0.014952613040804863,2.1146466732025146,0.5244520902633667
71,49,1.1141608953475952,1.0958740711212158,0.01799241080880165,2.9442453384399414,0.1363961100578308
71,50,0.024941226467490196,0.02479606680572033,0.00011284677020739764,0.3231367766857147,0.0063334302976727486
71,51,0.9015717506408691,0.8790885210037231,0.022023426368832588,4.597692966461182,0.44077563285827637
71,52,0.9206576347351074,0.9051594138145447,0.015225146897137165,2.7304983139038086,0.17492330074310303
71,53,0.42885226011276245,0.42405152320861816,0.004758808761835098,0.4192725121974945,0.03749114274978638
71,54,0.4262746274471283,0.41724833846092224,0.008844641968607903,1.816486120223999,0.04287121444940567
71,55,0.013388811610639095,0.013292476534843445,7.531516894232482e-05,0.2101997286081314,0.06257328391075134
71,56,0.22262358665466309,0.22030946612358093,0.0022966761607676744,0.17447885870933533,0.043684616684913635
71,57,0.27894288301467896,0.2762894034385681,0.0026472664903849363,0.061878833919763565,0.05677196383476257
71,58,0.6967612504959106,0.6849180459976196,0.011761736124753952,0.8148887157440186,0.08966940641403198
71,59,0.4376503527164459,0.4296472370624542,0.007883746176958084,1.193596363067627,0.040307290852069855
71,60,0.12947404384613037,0.12730854749679565,0.002149697858840227,0.15794068574905396,0.09921296685934067
71,61,0.22302569448947906,0.2204066812992096,0.0026054824702441692,0.13536156713962555,0.04713478684425354
71,62,0.8931958675384521,0.8486552834510803,0.04348071292042732,10.598917961120605,0.3896358609199524
71,63,0.01894891820847988,0.01880657859146595,0.0001055248430930078,0.36815938353538513,0.00261117285117507
71,64,0.12782929837703705,0.1270022988319397,0.0008218411821871996,0.05152619630098343,0.04225822538137436
71,65,0.013871373608708382,0.013776222243905067,6.312319601420313e-05,0.3202807605266571,0.0015643853694200516
71,66,0.04331294819712639,0.04277472198009491,0.0005028879968449473,0.3533848822116852,0.02092643827199936
71,67,0.12440704554319382,0.1232922226190567,0.001107097021304071,0.07723408192396164,0.07578840851783752
71,68,0.9957687854766846,0.9758530855178833,0.01912258192896843,7.931291103363037,0.10116472095251083
71,69,0.011988310143351555,0.011871615424752235,0.00010017283784691244,0.16521567106246948,0.06642738729715347
71,70,0.9372998476028442,0.9133340120315552,0.023545559495687485,4.202556610107422,0.5205300450325012
71,71,0.6122786998748779,0.6029784679412842,0.009142270311713219,1.5795739889144897,0.23362800478935242
71,72,0.3715481758117676,0.36874955892562866,0.002791393082588911,0.07207915186882019,0.02082641050219536
71,73,0.01421252079308033,0.014093239791691303,0.00010219672549283132,0.17084388434886932,0.07481470704078674
71,74,0.9478728175163269,0.9237869381904602,0.02337072417140007,7.1515326499938965,0.1336062252521515
71,75,0.3839254677295685,0.38037824630737305,0.003537297947332263,0.09911137074232101,0.027096454054117203
71,76,0.02177535556256771,0.021626567468047142,0.00011959006951656193,0.29198580980300903,0.0014361701905727386
71,77,0.012723298743367195,0.012630637735128403,7.65602890169248e-05,0.16100499033927917,0.06340985000133514
71,78,0.8852965235710144,0.8740177154541016,0.011184806004166603,0.9399634003639221,0.14046692848205566
71,79,0.8725196123123169,0.8620263934135437,0.010455106385052204,0.3806643784046173,0.09389115124940872
71,80,0.016019148752093315,0.015945784747600555,4.910395000479184e-05,0.2426023930311203,0.0014028167352080345
71,81,0.01664588414132595,0.016566850244998932,5.471907934406772e-05,0.2431480437517166,0.0016463100910186768
71,82,0.04271481931209564,0.042374953627586365,0.00031215872149914503,0.27709054946899414,0.015582161024212837
71,83,0.12679432332515717,0.12571930885314941,0.0010668106842786074,0.08205489814281464,0.07452978938817978
71,84,0.38465970754623413,0.381092369556427,0.0035035861656069756,0.6373623609542847,0.039218295365571976
71,85,0.044747866690158844,0.04426615312695503,0.0004505974939092994,0.31118112802505493,0.01872444525361061
71,86,0.13126687705516815,0.12995418906211853,0.0013038450852036476,0.08834816515445709,0.09826616197824478
71,87,0.1336323618888855,0.13216587901115417,0.001455789664760232,0.10699433088302612,0.10007339715957642
71,88,0.2005470246076584,0.19883638620376587,0.0016924133524298668,0.1822132021188736,0.01373332366347313
71,89,0.4280482828617096,0.4221307635307312,0.005772601347416639,1.4492672681808472,0.05816551670432091
71,90,0.9111746549606323,0.8975175619125366,0.013600033707916737,0.5702912211418152,0.11051341146230698
71,91,0.22815477848052979,0.22606441378593445,0.002076360397040844,0.14010153710842133,0.06296971440315247
71,92,0.1266401708126068,0.12507876753807068,0.0015517360297963023,0.09677746146917343,0.10749460011720657
71,93,0.9387977719306946,0.9093506336212158,0.02895575389266014,4.913981914520264,0.631171703338623
71,94,0.9378518462181091,0.9187115430831909,0.01818356290459633,9.567159652709961,0.1428048312664032
71,95,0.025057191029191017,0.024870023131370544,0.0001499179343227297,0.37248513102531433,0.006892822682857513
71,96,0.12824255228042603,0.127402663230896,0.0008357957703992724,0.04095044359564781,0.03578060865402222
71,97,0.6827760934829712,0.6755029559135437,0.007231823168694973,0.4128657281398773,0.05416978895664215
71,98,0.02375924400985241,0.023588817566633224,0.00016576936468482018,0.046557653695344925,0.005693510174751282
71,99,0.43159186840057373,0.42532315850257874,0.006239202804863453,0.29517465829849243,0.045339249074459076
71,100,0.01313076913356781,0.013020498678088188,7.140573870856315e-05,0.38864609599113464,0.002309740288183093
72,1,0.8551573753356934,0.8468598127365112,0.008270984515547752,0.26568543910980225,0.058946430683135986
72,2,0.38315558433532715,0.37917253375053406,0.003968901000916958,0.1416281759738922,0.020941220223903656
72,3,0.3480033576488495,0.3438293933868408,0.004143762402236462,0.30177488923072815,0.02276669815182686
72,4,0.6111373901367188,0.5969150066375732,0.013979536481201649,2.4282734394073486,0.22297701239585876
72,5,0.8763827085494995,0.8650475144386292,0.011245309375226498,0.89862459897995,0.11375215649604797
72,6,0.8655847311019897,0.8519625663757324,0.013489171862602234,1.3297113180160522,0.11530528217554092
72,7,0.8400698900222778,0.8212685585021973,0.018401212990283966,4.001263618469238,0.3450620174407959
72,8,0.35937029123306274,0.35582906007766724,0.0035306906793266535,0.10555893927812576,0.02411668747663498
72,9,0.8559231162071228,0.8451400995254517,0.010751735419034958,0.3128964602947235,0.0853995829820633
72,10,0.33929702639579773,0.3360118269920349,0.003262750804424286,0.2244374006986618,0.02418341115117073
72,11,1.1569868326187134,1.1299309730529785,0.026454966515302658,6.009119510650635,0.17238184809684753
72,12,0.23180705308914185,0.2289762794971466,0.002813153201714158,0.1761205941438675,0.07485988736152649
72,13,0.20123283565044403,0.1988058090209961,0.0023956599179655313,0.3137378990650177,0.01674051210284233
72,14,0.7273945808410645,0.7189704179763794,0.008373518474400043,0.5065829157829285,0.08777046203613281
72,15,0.7160459160804749,0.7077380418777466,0.008265774697065353,0.42068812251091003,0.08134160935878754
72,16,0.4257734417915344,0.41838619112968445,0.007268383167684078,1.1889007091522217,0.04764680191874504
72,17,0.8627470135688782,0.8408613801002502,0.02150280401110649,3.8283276557922363,0.5417797565460205
72,18,0.3504412770271301,0.34535863995552063,0.005042403005063534,0.40230295062065125,0.03769591450691223
72,19,0.9860532879829407,0.9684536457061768,0.017440207302570343,1.5944539308547974,0.15140622854232788
72,20,0.35017427802085876,0.3471236228942871,0.0030260938219726086,0.24563048779964447,0.012303600087761879
72,21,0.5114150643348694,0.5028209686279297,0.008459161967039108,1.3494445085525513,0.06418773531913757
72,22,0.3725907802581787,0.3702825903892517,0.002300433348864317,0.07744784653186798,0.01821710541844368
72,23,0.9599921703338623,0.9397222399711609,0.019089197739958763,11.807039260864258,0.1249910295009613
72,24,0.3348139822483063,0.329225093126297,0.0055322288535535336,0.566428542137146,0.04282736778259277
72,25,0.9144185781478882,0.9019066095352173,0.012455688789486885,0.5628227591514587,0.12538138031959534
72,26,0.19154611229896545,0.1897844672203064,0.0017438351642340422,0.1780315786600113,0.010584402829408646
72,27,1.095319151878357,1.0648930072784424,0.029802916571497917,6.232166767120361,0.1982208788394928
72,28,0.04880298674106598,0.04807525873184204,0.0006876772968098521,0.40051406621932983,0.01974804699420929
72,29,0.4218522608280182,0.41296276450157166,0.008862508460879326,0.27010244131088257,0.05723784118890762
72,30,0.02323346585035324,0.0230686254799366,0.00012837607937399298,0.36465850472450256,0.00251899566501379
72,31,0.1232868954539299,0.12152545899152756,0.0017451252788305283,0.16310203075408936,0.09608709812164307
72,32,0.8845890760421753,0.8658827543258667,0.018361125141382217,3.4518752098083496,0.398948073387146
72,33,0.042673852294683456,0.042045943439006805,0.0005908523453399539,0.37055015563964844,0.015969373285770416
72,34,0.018213098868727684,0.018101343885064125,7.840520265744999e-05,0.3335109055042267,0.0023226230405271053
72,35,0.42353323101997375,0.4165114760398865,0.006843887269496918,1.778457760810852,0.039399340748786926
72,36,0.8752943873405457,0.8520419597625732,0.022811833769083023,4.405712127685547,0.4091019630432129
72,37,0.013980686664581299,0.013852491043508053,9.390262130182236e-05,0.34293025732040405,0.002269272692501545
72,38,0.4188425838947296,0.41080334782600403,0.00791681744158268,1.2243006229400635,0.036027804017066956
72,39,0.9515835046768188,0.9326244592666626,0.01819092407822609,7.681169509887695,0.09234370291233063
72,40,0.18566568195819855,0.18374168872833252,0.0019076552707701921,0.16330739855766296,0.010802702978253365
72,41,0.18938784301280975,0.18733051419258118,0.0020401086658239365,0.1723194271326065,0.012007281184196472
72,42,0.39790213108062744,0.39390385150909424,0.003984865732491016,0.13407903909683228,0.025934282690286636
72,43,0.9291949272155762,0.9069654941558838,0.02185777761042118,3.7162840366363525,0.7042049169540405
72,44,0.39361143112182617,0.389946311712265,0.0036486471071839333,0.1647839993238449,0.0278598852455616
72,45,0.3489283323287964,0.345804899930954,0.003096797037869692,0.2664188742637634,0.02151215448975563
72,46,0.4174981415271759,0.4142855405807495,0.003194413147866726,0.18186552822589874,0.02997741848230362
72,47,0.015233561396598816,0.0151134068146348,9.125650831265375e-05,0.288976788520813,0.0026976694352924824
72,48,0.20242008566856384,0.2009316384792328,0.0014593643136322498,0.29080602526664734,0.008680987171828747
72,49,0.1264420747756958,0.1247265636920929,0.0017020817613229156,0.13418884575366974,0.08894938230514526
72,50,0.021674921736121178,0.02153840661048889,0.0001069487989298068,0.2956628203392029,0.0028204123955219984
72,51,0.024031905457377434,0.02388743683695793,0.00011514504149090499,0.2932286560535431,0.0029553822241723537
72,52,0.6453395485877991,0.6283234357833862,0.016751006245613098,2.6513326168060303,0.2556568384170532
72,53,0.2452019453048706,0.24302984774112701,0.0021576094441115856,0.1448090523481369,0.039723217487335205
72,54,0.3218926787376404,0.3188480734825134,0.003018091432750225,0.26521241664886475,0.033749960362911224
72,55,0.4153445363044739,0.4080437421798706,0.0072027891874313354,0.9798528552055359,0.03066905587911606
72,56,0.836880624294281,0.8176038265228271,0.018960557878017426,3.1626617908477783,0.4959402084350586
72,57,0.8502312302589417,0.8415160179138184,0.00863864365965128,0.7657972574234009,0.11386242508888245
72,58,0.3816904127597809,0.3779466450214386,0.003729218151420355,0.14549380540847778,0.022968418896198273
72,59,0.386406272649765,0.3825250267982483,0.003868419211357832,0.1282535195350647,0.022598782554268837
72,60,0.4156595468521118,0.4073784351348877,0.008157708682119846,1.2342509031295776,0.05313164368271828
72,61,0.7102649807929993,0.7004166841506958,0.009803541004657745,0.44772419333457947,0.08999389410018921
72,62,0.043255191296339035,0.042769961059093475,0.00044983866973780096,0.353913813829422,0.017907120287418365
72,63,0.9811212420463562,0.9618091583251953,0.018619144335389137,6.929813385009766,0.14969554543495178
72,64,0.010060553438961506,0.00998915359377861,5.1880408136639744e-05,0.1951981484889984,0.061183862388134
72,65,0.8727124929428101,0.8518510460853577,0.0203587356954813,5.026984691619873,0.3553117513656616
72,66,0.35778871178627014,0.35021787881851196,0.007461508736014366,1.0932416915893555,0.05225592106580734
72,67,0.9472817778587341,0.9260023832321167,0.019815055653452873,14.643610000610352,0.1222011148929596
72,68,0.9030801653862,0.8861374258995056,0.016581274569034576,3.614132881164551,0.11261224746704102
72,69,0.8810726404190063,0.8685977458953857,0.012371371500194073,1.035574197769165,0.15453098714351654
72,70,0.01848420314490795,0.01836039312183857,9.037012932822108e-05,0.3344011604785919,0.002459705574437976
72,71,0.02454341948032379,0.02439039573073387,0.0001193530042655766,0.33671724796295166,0.0059686750173568726
72,72,0.6507327556610107,0.6315089464187622,0.018907833844423294,3.159846067428589,0.27283018827438354
72,73,0.1882164031267166,0.18662500381469727,0.0015782141126692295,0.13190957903862,0.008432285860180855
72,74,0.3259323537349701,0.32091838121414185,0.004972273949533701,0.41680753231048584,0.03664840757846832
72,75,0.12038446217775345,0.11968433856964111,0.0006959427264519036,0.041792456060647964,0.032707832753658295
72,76,0.018177669495344162,0.01805894263088703,8.878081280272454e-05,0.29945433139801025,0.002818505512550473
72,77,0.014611471444368362,0.014517437666654587,6.51688314974308e-05,0.2886533737182617,0.0022387162316590548
72,78,0.12544937431812286,0.12463167309761047,0.0008136022370308638,0.04094870761036873,0.03528064489364624
72,79,0.1272934526205063,0.12639205157756805,0.000897271151188761,0.041203975677490234,0.039810910820961
72,80,0.4410422742366791,0.4369123578071594,0.004097443073987961,0.324955552816391,0.033746249973773956
72,81,0.40072062611579895,0.39658769965171814,0.0040543461218476295,0.7859275937080383,0.046735115349292755
72,82,1.05803382396698,1.0266773700714111,0.03050711750984192,8.493767738342285,0.48201847076416016
72,83,0.89970862865448,0.8930768966674805,0.006605423986911774,0.2628370225429535,0.05916842073202133
72,84,0.12145563215017319,0.12043116241693497,0.001020260388031602,0.04209471121430397,0.049074579030275345
72,85,0.02216208167374134,0.02199828252196312,0.0001231024507433176,0.4069708585739136,0.0026127202436327934
72,86,0.021840782836079597,0.02169196307659149,0.00010624762217048556,0.4257313907146454,0.0030929530039429665
72,87,0.016540493816137314,0.01642816886305809,7.18384690117091e-05,0.4048577845096588,0.0027579625602811575
72,88,0.8751669526100159,0.8663187026977539,0.008811360225081444,0.368798166513443,0.06992581486701965
72,89,0.23649069666862488,0.23449645936489105,0.0019798693247139454,0.1436973661184311,0.04586436599493027
72,90,0.43241986632347107,0.42382344603538513,0.008424448780715466,1.7196048498153687,0.0400925949215889
72,91,0.025443587452173233,0.025273624807596207,0.00013040560588706285,0.3955674171447754,0.007412825711071491
72,92,0.6954914331436157,0.6858696937561035,0.009568402543663979,0.5333560705184937,0.06951072812080383
72,93,0.012798931449651718,0.012718653306365013,5.863847036380321e-05,0.21638832986354828,0.04317928105592728
72,94,0.1255422830581665,0.1238936185836792,0.001636286498978734,0.12387193739414215,0.09188081324100494
72,95,0.8522468209266663,0.8433071374893188,0.00886168610304594,0.7803794741630554,0.12016092240810394
72,96,0.4413611590862274,0.43432700634002686,0.006905972026288509,1.2818511724472046,0.047515854239463806
72,97,0.3382231593132019,0.3343680500984192,0.0038279255386441946,0.2717713415622711,0.02495708130300045
72,98,0.49579811096191406,0.4860633313655853,0.00950915738940239,2.2563462257385254,0.050458066165447235
72,99,0.36648720502853394,0.36269861459732056,0.0037750820629298687,0.13510604202747345,0.021487969905138016
72,100,0.45168086886405945,0.44203245639801025,0.009591126814484596,0.5727744102478027,0.0692688375711441
73,1,0.1329510360956192,0.13151562213897705,0.0014254506677389145,0.09966883808374405,0.09417480230331421
73,2,0.9343826770782471,0.909156084060669,0.023766182363033295,14.60439682006836,0.10516276955604553
73,3,0.3960478901863098,0.3933876156806946,0.0026428690180182457,0.1739855706691742,0.025755632668733597
73,4,0.026017731055617332,0.025894446298480034,9.981614130083472e-05,0.2346990555524826,0.0068091824650764465
73,5,0.32860100269317627,0.32634902000427246,0.0022337499540299177,0.18238498270511627,0.03319534659385681
73,6,0.026447732001543045,0.02633029595017433,9.513134136795998e-05,0.22304989397525787,0.007285103667527437
73,7,0.3294849991798401,0.32703840732574463,0.0024307402782142162,0.15861667692661285,0.033997565507888794
73,8,0.1299055516719818,0.12929321825504303,0.0006093966076150537,0.029385168105363846,0.03679098188877106
73,9,0.8655710816383362,0.8471351861953735,0.018108129501342773,3.2776596546173096,0.3754488229751587
73,10,0.04585544019937515,0.04543553292751312,0.00039446912705898285,0.25436970591545105,0.020676031708717346
73,11,0.8800094723701477,0.8741471171379089,0.005818823352456093,0.43497124314308167,0.10570180416107178
73,12,0.40324854850769043,0.3999500274658203,0.0032890373840928078,0.09476569294929504,0.025558913126587868
73,13,0.37230831384658813,0.36804988980293274,0.004208395257592201,0.5004405975341797,0.05232318490743637
73,14,0.9794360399246216,0.9528073072433472,0.02552149072289467,11.071906089782715,0.14637836813926697
73,15,1.2390635013580322,1.1849087476730347,0.05317038670182228,9.84368896484375,0.26906806230545044
73,16,0.6009523868560791,0.5903737545013428,0.010443896055221558,1.3470126390457153,0.2863599359989166
73,17,0.024352988228201866,0.024242911487817764,8.194638212444261e-05,0.28130555152893066,0.0034268242307007313
73,18,0.9063941836357117,0.8988903760910034,0.007454529404640198,0.4929903447628021,0.067839115858078
73,19,0.9114577770233154,0.8905215263366699,0.020642057061195374,2.941993474960327,0.4904731512069702
73,20,0.42956504225730896,0.42475348711013794,0.004754545167088509,0.5701326727867126,0.0330764502286911
73,21,0.22675734758377075,0.2250266671180725,0.0017218103166669607,0.08863617479801178,0.035266146063804626
73,22,0.13593079149723053,0.1345844268798828,0.0013380383607000113,0.0833444744348526,0.07287035882472992
73,23,0.6721285581588745,0.6597786545753479,0.012153076007962227,1.9680054187774658,0.1862381249666214
73,24,0.1333921104669571,0.13197627663612366,0.0014054416678845882,0.10392019152641296,0.08043378591537476
73,25,0.3726626932621002,0.3691662847995758,0.0034845697227865458,0.1182706207036972,0.023782286792993546
73,26,0.34959906339645386,0.3461861312389374,0.003403390757739544,0.09544802457094193,0.02199370600283146
73,27,0.012668175622820854,0.012559415772557259,8.661752508487552e-05,0.2214197814464569,0.06296466290950775
73,28,0.4287838935852051,0.4222780168056488,0.006475196685642004,0.3066006302833557,0.059410713613033295
73,29,0.44604673981666565,0.43927666544914246,0.006741449236869812,0.28652459383010864,0.06256420165300369
73,30,0.8254402279853821,0.8049622178077698,0.02011280134320259,3.6517767906188965,0.39815807342529297
73,31,0.8367963433265686,0.8133445978164673,0.02303551696240902,4.162204265594482,0.3721933364868164
73,32,0.4142003357410431,0.4085923135280609,0.005563104525208473,0.44918107986450195,0.040042486041784286
73,33,0.8029497265815735,0.782103419303894,0.020430754870176315,4.155603408813477,0.408538818359375
73,34,0.9165707230567932,0.9057542085647583,0.010767323896288872,0.4920104146003723,0.10976387560367584
73,35,1.1254879236221313,1.0974360704421997,0.027389749884605408,6.621181964874268,0.1667635291814804
73,36,0.02041824348270893,0.02029217965900898,8.174667891580611e-05,0.443170428276062,0.004473921377211809
73,37,0.4228946566581726,0.4130813181400299,0.009779486805200577,0.33860161900520325,0.05784456431865692
73,38,0.4296564757823944,0.4206458628177643,0.00878201611340046,2.2858386039733887,0.054400064051151276
73,39,0.8727063536643982,0.843824565410614,0.028483115136623383,3.986755847930908,0.5999586582183838
73,40,0.25524982810020447,0.2520503103733063,0.003175663063302636,0.23828496038913727,0.04523639380931854
73,41,0.013383064419031143,0.013243467546999454,0.00011660675227176398,0.2298978865146637,0.059629157185554504
73,42,0.8442187309265137,0.8155090808868408,0.028170093894004822,5.395416736602783,0.33513322472572327
73,43,0.9459789991378784,0.9193563461303711,0.025347411632537842,12.752161979675293,0.0967869982123375
73,44,0.0256589874625206,0.025515981018543243,0.00010480041964910924,0.3820706903934479,0.007466573268175125
73,45,0.017887122929096222,0.0177636556327343,0.00010207270679529756,0.21394048631191254,0.06738101691007614
73,46,0.6687690615653992,0.6598780751228333,0.008848984725773335,0.4201148450374603,0.06868332624435425
73,47,0.8739131689071655,0.8660774230957031,0.007788012735545635,0.47772017121315,0.10756810009479523
73,48,1.0823936462402344,1.0613027811050415,0.020756296813488007,3.3458032608032227,0.11286661028862
73,49,0.8933887481689453,0.8792897462844849,0.0134744793176651,6.245412826538086,0.0893111377954483
73,50,0.8907642960548401,0.8807787895202637,0.00991780124604702,0.6768929362297058,0.13053637742996216
73,51,0.014535533264279366,0.014453343115746975,6.0987404140178114e-05,0.21202439069747925,0.07140398025512695
73,52,1.0955411195755005,1.072479486465454,0.022654429078102112,4.071595668792725,0.13039205968379974
73,53,0.2067650407552719,0.20427750051021576,0.002463799435645342,0.23736877739429474,0.012432235293090343
73,54,0.4004601836204529,0.39618784189224243,0.00424940325319767,0.2294400930404663,0.03540453314781189
73,55,0.974247395992279,0.9485158920288086,0.025014497339725494,7.169743061065674,0.19875940680503845
73,56,0.4358624517917633,0.42611992359161377,0.0096158217638731,1.267212986946106,0.0479205958545208
73,57,0.018558993935585022,0.01844947040081024,9.085401688935235e-05,0.1867004930973053,0.07732764631509781
73,58,0.3272518813610077,0.32345184683799744,0.0037665863055735826,0.3344728350639343,0.04942908138036728
73,59,0.4497901201248169,0.4425930380821228,0.007164890877902508,0.3219273090362549,0.054416924715042114
73,60,0.752431333065033,0.7369303703308105,0.015180027112364769,3.209219455718994,0.3672534227371216
73,61,0.9078143239021301,0.8824143409729004,0.025000199675559998,3.9979708194732666,0.48508304357528687
73,62,0.973582923412323,0.9581359624862671,0.014695979654788971,7.509822845458984,0.10565239191055298
73,63,0.8900108337402344,0.8825809359550476,0.0073758638463914394,0.5406720042228699,0.11932066828012466
73,64,0.44523677229881287,0.4414490759372711,0.0037565615493804216,0.3113265633583069,0.027691058814525604
73,65,1.0873661041259766,1.0618014335632324,0.02483665570616722,7.280166149139404,0.14970403909683228
73,66,0.8331246376037598,0.8106493949890137,0.02208896167576313,3.863168239593506,0.530297577381134
73,67,0.7200983762741089,0.7114892601966858,0.008556140586733818,0.5300339460372925,0.08668554574251175
73,68,0.8817008137702942,0.8585786819458008,0.02263101004064083,4.911498546600342,0.39262861013412476
73,69,1.0159586668014526,0.9881634712219238,0.02707197517156601,7.23193883895874,0.1807105541229248
73,70,0.011915336363017559,0.011848261579871178,5.053975837654434e-05,0.16534839570522308,0.04814246669411659
73,71,0.08862613886594772,0.08763134479522705,0.0009934264235198498,0.013721768744289875,0.01772163435816765
73,72,0.04223806783556938,0.0419323593378067,0.00027217314345762134,0.33535122871398926,0.016158420592546463
73,73,0.12896129488945007,0.12718188762664795,0.0017669058870524168,0.12507639825344086,0.09748299419879913
73,74,1.115706443786621,1.0904607772827148,0.02463473752140999,6.109604358673096,0.1849031150341034
73,75,0.04578319564461708,0.045335814356803894,0.00040910812094807625,0.38273343443870544,0.01824542135000229
73,76,0.38623282313346863,0.38230693340301514,0.0039098309352993965,0.1604902744293213,0.025259576737880707
73,77,0.939263641834259,0.9175540804862976,0.020720355212688446,9.891974449157715,0.13482952117919922
73,78,0.23306752741336823,0.23013515770435333,0.002909307135269046,0.2306736409664154,0.046602942049503326
73,79,0.34779664874076843,0.3447391390800476,0.003039761446416378,0.17756862938404083,0.01860944926738739
73,80,0.6058353185653687,0.5938907265663147,0.011787342838943005,1.5725690126419067,0.22046628594398499
73,81,0.1835004836320877,0.18207986652851105,0.0014035685453563929,0.17049632966518402,0.009635074064135551
73,82,0.3653932213783264,0.362366259098053,0.003015133086591959,0.11823072284460068,0.014173772186040878
73,83,0.43228453397750854,0.42750635743141174,0.004638432525098324,1.3975543975830078,0.03440190479159355
73,84,0.04039192944765091,0.04015423357486725,0.00020070126629434526,0.3699756860733032,0.014338644221425056
73,85,0.4459255635738373,0.4394252598285675,0.006367177702486515,1.3312463760375977,0.027092643082141876
73,86,0.6172986626625061,0.6065274477005005,0.010606621392071247,1.6454709768295288,0.1970294713973999
73,87,0.013514176942408085,0.013421498239040375,5.551375579671003e-05,0.3716539740562439,0.0022938817273825407
73,88,0.019407741725444794,0.01925003156065941,0.00011672954133246094,0.4098028242588043,0.0034249527379870415
73,89,0.3535572588443756,0.346092164516449,0.007402387913316488,0.6271055340766907,0.05464866757392883
73,90,0.43702152371406555,0.42999598383903503,0.006873146630823612,1.5236687660217285,0.06609077751636505
73,91,1.1523091793060303,1.1204591989517212,0.030530016869306564,13.200346946716309,0.15824931859970093
73,92,0.05146953836083412,0.05081523209810257,0.0006091888062655926,0.4511643648147583,0.02615916170179844
73,93,0.3478957712650299,0.3433510661125183,0.004502159543335438,0.4255887269973755,0.022745531052350998
73,94,0.04945759475231171,0.048977822065353394,0.00043557799654081464,0.44192078709602356,0.02262599766254425
73,95,0.9040343761444092,0.8875714540481567,0.016360189765691757,1.0275636911392212,0.11194190382957458
73,96,0.3615739941596985,0.3574855923652649,0.00406868290156126,0.1972399652004242,0.025086969137191772
73,97,0.4159078299999237,0.4087114632129669,0.007105812896043062,0.9054252505302429,0.03695150464773178
73,98,1.2250126600265503,1.1726617813110352,0.05151268094778061,8.382182121276855,0.19610963761806488
73,99,0.3870698809623718,0.3829208314418793,0.004120130091905594,0.2889871895313263,0.029729241505265236
73,100,0.40739452838897705,0.40098950266838074,0.0062729185447096825,1.3211253881454468,0.04681908339262009
74,1,0.19760385155677795,0.19522236287593842,0.0023566402960568666,0.248499795794487,0.011827214621007442
74,2,0.4077979624271393,0.4035716652870178,0.004187484737485647,0.3879276216030121,0.02322065830230713
74,3,0.025497030466794968,0.025382209569215775,9.828319161897525e-05,0.16538284718990326,0.0028343461453914642
74,4,0.7170599102973938,0.709804892539978,0.007217655889689922,0.3736186921596527,0.05714286118745804
74,5,0.02906547300517559,0.028922338038682938,0.00012674456229433417,0.16391097009181976,0.006644602864980698
74,6,0.4782421290874481,0.47272172570228577,0.0054078130051493645,1.1260201930999756,0.033601731061935425
74,7,0.9216139912605286,0.9141632914543152,0.007422418799251318,0.282672256231308,0.07652513682842255
74,8,0.19368630647659302,0.19212967157363892,0.0015412077773362398,0.15429891645908356,0.01378633826971054
74,9,0.9242254495620728,0.910060465335846,0.01339984592050314,7.65156888961792,0.11093434691429138
74,10,1.0034085512161255,0.9893486499786377,0.01371376309543848,3.4623844623565674,0.17847009003162384
74,11,0.4101070165634155,0.4060630202293396,0.004014970734715462,0.2902229130268097,0.055832862854003906
74,12,1.0811278820037842,1.0429309606552124,0.03677643835544586,14.205187797546387,0.22835974395275116
74,13,0.13212640583515167,0.13060295581817627,0.0015144087374210358,0.0904696136713028,0.12336957454681396
74,14,0.39807790517807007,0.3952319920063019,0.0027706283144652843,0.752913236618042,0.04808582365512848
74,15,0.1197662353515625,0.11918781697750092,0.0005749752162955701,0.0344502218067646,0.03756636753678322
74,16,0.038895152509212494,0.038574423640966415,0.0002991535293404013,0.2157684713602066,0.01421385072171688
74,17,0.8864755034446716,0.852855920791626,0.03297014534473419,6.4943318367004395,0.5965163111686707
74,18,0.02198813296854496,0.02191036008298397,6.0099162510596216e-05,0.17675387859344482,0.001590093714185059
74,19,1.2303814888000488,1.202453851699829,0.027474889531731606,4.528045177459717,0.11957693099975586
74,20,0.3983323872089386,0.39579203724861145,0.002519181463867426,0.21169166266918182,0.017792614176869392
74,21,0.337473601102829,0.33445265889167786,0.002989207860082388,0.31743505597114563,0.008903048932552338
74,22,0.015407389029860497,0.015345428138971329,4.237718530930579e-05,0.19583968818187714,0.0013422092888504267
74,23,0.3466759920120239,0.3433667719364166,0.0032843786757439375,0.24847476184368134,0.012321414425969124
74,24,0.12098754942417145,0.12017659842967987,0.0008075566729530692,0.03400299698114395,0.034417249262332916
74,25,0.8281986713409424,0.8082157373428345,0.019690029323101044,2.9289391040802,0.500694751739502
74,26,0.04319043830037117,0.04280151426792145,0.0003580598277039826,0.30862417817115784,0.016728147864341736
74,27,0.02891559712588787,0.02875535376369953,0.00013050853158347309,0.29735979437828064,0.005552465561777353
74,28,0.7643867135047913,0.734138548374176,0.029844345524907112,4.038125038146973,0.31202447414398193
74,29,0.8743513226509094,0.8505821824073792,0.023142799735069275,6.2630181312561035,0.3898300528526306
74,30,0.12780283391475677,0.12677866220474243,0.0010190182365477085,0.051588743925094604,0.055497899651527405
74,31,0.9944561123847961,0.9725075960159302,0.02163073793053627,3.177712917327881,0.4869762063026428
74,32,0.40079641342163086,0.3957812786102295,0.004959116689860821,0.5601420998573303,0.03186821937561035
74,33,0.22921007871627808,0.2271418571472168,0.0020545232109725475,0.13698449730873108,0.05338292941451073
74,34,1.1589388847351074,1.1368541717529297,0.021558109670877457,5.265348434448242,0.14502988755702972
74,35,0.03576841205358505,0.035578757524490356,0.0001531465823063627,0.3650684952735901,0.007225437555462122
74,36,0.33820998668670654,0.3318292498588562,0.006307005416601896,0.7373990416526794,0.05462614819407463
74,37,0.4057771861553192,0.40022072196006775,0.0054513439536094666,1.0510249137878418,0.04262212663888931
74,38,0.20915374159812927,0.207143172621727,0.00198668846860528,0.2388838529586792,0.012205040082335472
74,39,0.13504596054553986,0.13301563262939453,0.0020165063906461,0.1382521390914917,0.13307467103004456
74,40,0.01839454099535942,0.018233617767691612,0.0001352885301457718,0.25636473298072815,0.07465478777885437
74,41,0.11814991384744644,0.11724531650543213,0.0009000902064144611,0.04508408159017563,0.044787898659706116
74,42,0.7989173531532288,0.7844356894493103,0.01438009925186634,1.0154948234558105,0.11839056015014648
74,43,0.34415504336357117,0.34042197465896606,0.0036905715242028236,0.4251125156879425,0.033564601093530655
74,44,0.8448184132575989,0.8185232281684875,0.025664927437901497,6.3024444580078125,0.3958105444908142
74,45,0.29823723435401917,0.29516905546188354,0.0029903752729296684,0.7780669331550598,0.02500126138329506
74,46,0.022269874811172485,0.0221908837556839,5.2944698836654425e-05,0.26047778129577637,0.0019525745883584023
74,47,0.13122576475143433,0.1303701102733612,0.0008475442882627249,0.08099239319562912,0.060436930507421494
74,48,0.021882297471165657,0.02180255949497223,5.897951632505283e-05,0.20759926736354828,0.05186989903450012
74,49,0.34586548805236816,0.34295356273651123,0.0028914199210703373,0.20507457852363586,0.016405023634433746
74,50,0.23453959822654724,0.2328224927186966,0.0017079637618735433,0.09127072989940643,0.03592632710933685
74,51,0.8436210751533508,0.8367000222206116,0.006873707752674818,0.4733518064022064,0.09837249666452408
74,52,0.019442206248641014,0.019315162673592567,9.296255302615464e-05,0.3407997190952301,0.002684839768335223
74,53,0.6128413677215576,0.6043199300765991,0.008416622877120972,1.0479724407196045,0.21477600932121277
74,54,0.046805255115032196,0.04627029225230217,0.0004944821703247726,0.4047796428203583,0.021083999425172806
74,55,0.6814000606536865,0.6739205121994019,0.007444818504154682,0.34762853384017944,0.08032935112714767
74,56,0.3379949629306793,0.33382776379585266,0.00413519237190485,0.3201240301132202,0.0558139905333519
74,57,0.9200587868690491,0.9047524333000183,0.014864937402307987,4.41407585144043,0.40786898136138916
74,58,0.37706372141838074,0.37380892038345337,0.0032341238111257553,0.20690791308879852,0.04306929558515549
74,59,0.01911911368370056,0.018986407667398453,9.581797348801047e-05,0.36887499690055847,0.002288239076733589
74,60,0.3994424343109131,0.3944759964942932,0.0048943255096673965,0.7211040258407593,0.0647192895412445
74,61,0.12986059486865997,0.1287437528371811,0.0011112154461443424,0.056318119168281555,0.059205926954746246
74,62,0.1228986382484436,0.12108268588781357,0.0018039634451270103,0.11989209800958633,0.09864046424627304
74,63,0.348822683095932,0.34442681074142456,0.004381916020065546,0.13941608369350433,0.023120757192373276
74,64,0.012514370493590832,0.01243264228105545,5.6048433179967105e-05,0.2567914128303528,0.057968318462371826
74,65,1.0003814697265625,0.9581327438354492,0.04078896343708038,14.597557067871094,0.18822556734085083
74,66,0.9498513340950012,0.9238181114196777,0.024646449834108353,13.867830276489258,0.10741756856441498
74,67,0.19812090694904327,0.196936696767807,0.0011712628183886409,0.12942780554294586,0.006537293083965778
74,68,0.9239147305488586,0.9151312708854675,0.008724378421902657,0.5909677743911743,0.06289684772491455
74,69,0.36574316024780273,0.36364585161209106,0.002090791705995798,0.0651705414056778,0.013255840167403221
74,70,0.7368427515029907,0.73112952709198,0.005684405565261841,0.28859302401542664,0.05531957745552063
74,71,0.045469313859939575,0.045167095959186554,0.0002771789440885186,0.25036370754241943,0.012464549392461777
74,72,0.3375079035758972,0.33487552404403687,0.0026172949001193047,0.15066957473754883,0.018492601811885834
74,73,0.013648399151861668,0.013587752357125282,4.7079647629288957e-05,0.13567067682743073,0.03833845257759094
74,74,0.8379196524620056,0.8329616785049438,0.004927350208163261,0.30647438764572144,0.09028594940900803
74,75,0.820365846157074,0.8153814673423767,0.004952907562255859,0.3145604431629181,0.09116847813129425
74,76,1.1484487056732178,1.1342055797576904,0.014041177928447723,2.019047737121582,0.12155207991600037
74,77,0.8742273449897766,0.868173360824585,0.006012585014104843,0.414379745721817,0.14173956215381622
74,78,0.9303188920021057,0.918118417263031,0.011997736059129238,2.026909828186035,0.1194690614938736
74,79,0.46452829241752625,0.4586762487888336,0.005826402921229601,0.2563808262348175,0.10386282205581665
74,80,0.22098948061466217,0.21912184357643127,0.0018566562794148922,0.1097554937005043,0.04132184386253357
74,81,0.38059931993484497,0.3764594793319702,0.004128812812268734,0.1103934645652771,0.027580469846725464
74,82,0.4048444628715515,0.4014764428138733,0.0033467081375420094,0.2131272554397583,0.03406953066587448
74,83,0.952370822429657,0.9345216751098633,0.01711946353316307,7.2966179847717285,0.15591490268707275
74,84,0.3251311182975769,0.3205622732639313,0.0045214248821139336,0.4741673469543457,0.03696812316775322
74,85,0.4582958221435547,0.44696033000946045,0.011292800307273865,0.42681294679641724,0.08244358003139496
74,86,0.041168857365846634,0.04073019325733185,0.00040448911022394896,0.34177154302597046,0.01588146574795246
74,87,0.43627357482910156,0.4298250675201416,0.0063201654702425,1.2831820249557495,0.03156343102455139
74,88,0.04250458627939224,0.042021721601486206,0.00044619094114750624,0.3667658865451813,0.01613406091928482
74,89,0.04439174011349678,0.04379904642701149,0.0005548576591536403,0.37838855385780334,0.016996800899505615
74,90,0.127519890666008,0.12651334702968597,0.0010021477937698364,0.0439097099006176,0.03404530882835388
74,91,0.8411032557487488,0.8104184865951538,0.03011578507721424,5.689600944519043,0.3227017819881439
74,92,0.13389351963996887,0.13189896941184998,0.0019779810681939125,0.16573268175125122,0.07795867323875427
74,93,0.8735301494598389,0.8488057851791382,0.02426327019929886,4.6109771728515625,0.36328113079071045
74,94,0.9169332981109619,0.9006524085998535,0.016153883188962936,1.2701663970947266,0.10174426436424255
74,95,0.6220802664756775,0.6034827828407288,0.01829225942492485,3.0524680614471436,0.24531474709510803
74,96,0.44640490412712097,0.43956559896469116,0.006730497349053621,1.0879815816879272,0.03876185044646263
74,97,0.2249806821346283,0.2231803834438324,0.001787502784281969,0.1280122846364975,0.04216575250029564
74,98,1.1909918785095215,1.1478036642074585,0.041892558336257935,12.957056999206543,0.20475420355796814
74,99,0.38213133811950684,0.3780340552330017,0.00408024899661541,0.17051167786121368,0.025253230705857277
74,100,0.1940467357635498,0.19218415021896362,0.0018381054978817701,0.2447647601366043,0.011831854470074177
75,1,0.32815906405448914,0.3242740333080292,0.0038465335965156555,0.38509079813957214,0.011851795017719269
75,2,0.39104753732681274,0.38714778423309326,0.0038745359051972628,0.25225594639778137,0.034882836043834686
75,3,1.108877420425415,1.0624586343765259,0.04565355181694031,7.6520771980285645,0.20609450340270996
75,4,0.41572776436805725,0.41255804896354675,0.0031535751186311245,0.1615227907896042,0.03716699779033661
75,5,1.1577242612838745,1.120811104774475,0.03627407178282738,6.39069128036499,0.15592235326766968
75,6,0.0031425566412508488,0.003112762700766325,6.602256235055393e-06,0.23191899061203003,0.000537700136192143
75,7,1.0459587574005127,1.0258946418762207,0.01940896362066269,6.551551818847656,0.1729561984539032
75,8,0.019677096977829933,0.019558973610401154,9.105126082431525e-05,0.2707236409187317,0.0022599047515541315
75,9,0.4391556680202484,0.4340912699699402,0.0050430321134626865,0.21377503871917725,0.03769580274820328
75,10,0.013986344449222088,0.013884550891816616,7.575456402264535e-05,0.2603915333747864,0.001943198498338461
75,11,0.8694455623626709,0.8633277416229248,0.006097950041294098,0.19863373041152954,0.0815020352602005
75,12,0.24810849130153656,0.24620401859283447,0.0018918497953563929,0.1262093335390091,0.046247947961091995
75,13,0.8922398686408997,0.8858713507652283,0.006322755943983793,0.45783430337905884,0.11987441778182983
75,14,0.026050707325339317,0.025904212146997452,0.00011608579370658845,0.30409181118011475,0.007182086817920208
75,15,0.8434193134307861,0.8266643285751343,0.016516193747520447,2.387993097305298,0.5581104755401611
75,16,0.014085518196225166,0.013996396213769913,6.0029164160368964e-05,0.2909258008003235,0.0021593307610601187
75,17,0.1878301203250885,0.18654587864875793,0.001272115157917142,0.12132477015256882,0.008857186883687973
75,18,0.3366180956363678,0.3322215676307678,0.004358735401183367,0.37791329622268677,0.043831706047058105
75,19,0.3818543255329132,0.3785570561885834,0.0032873707823455334,0.0988694354891777,0.02159421518445015
75,20,0.12610292434692383,0.12429715692996979,0.0017956113442778587,0.10166310518980026,0.1093612089753151
75,21,0.9991412162780762,0.9817705750465393,0.016947567462921143,4.230546951293945,0.16970190405845642
75,22,0.013329457491636276,0.013255639001727104,4.981370875611901e-05,0.24004854261875153,0.06981752812862396
75,23,0.19136705994606018,0.18959227204322815,0.0017599188722670078,0.148725688457489,0.010276176035404205
75,24,0.6643407344818115,0.6460400223731995,0.01793523132801056,3.6549882888793945,0.275346040725708
75,25,0.40180498361587524,0.39708250761032104,0.004620629828423262,1.018324613571167,0.043175630271434784
75,26,0.9253600239753723,0.904618501663208,0.019658800214529037,10.827383041381836,0.11571816354990005
75,27,0.4036506712436676,0.40051960945129395,0.00311221182346344,0.1886124610900879,0.02499358355998993
75,28,0.9666328430175781,0.9449977278709412,0.020936328917741776,6.988320350646973,0.1528368890285492
75,29,1.134740948677063,1.1094155311584473,0.024791888892650604,5.336068153381348,0.138799786567688
75,30,0.021768195554614067,0.021655544638633728,8.14286177046597e-05,0.3122107684612274,0.002942616119980812
75,31,0.7522335052490234,0.7360649108886719,0.015838779509067535,3.2981653213500977,0.31054431200027466
75,32,0.1254403442144394,0.12383376061916351,0.0015942633617669344,0.1231808289885521,0.08095806837081909
75,33,0.3453787565231323,0.3396279215812683,0.005694376304745674,0.5643253922462463,0.0380040742456913
75,34,0.12451718002557755,0.12354622781276703,0.0009662507800385356,0.047017402946949005,0.0421435683965683
75,35,0.12500973045825958,0.12374633550643921,0.0012573064304888248,0.06095638498663902,0.046543218195438385
75,36,0.9187853336334229,0.8919057250022888,0.025518354028463364,13.61224365234375,0.12482643872499466
75,37,0.653555154800415,0.6296425461769104,0.02359134703874588,3.212782382965088,0.2879260182380676
75,38,0.019245872274041176,0.01910373941063881,0.00010747376654762775,0.34658896923065186,0.0029005948454141617
75,39,0.7533764839172363,0.7288944721221924,0.024141505360603333,3.4051308631896973,0.3100818395614624
75,40,0.8522929549217224,0.8424190282821655,0.009795468300580978,0.7846292853355408,0.12528404593467712
75,41,0.8812568187713623,0.8606444597244263,0.020080924034118652,5.314476013183594,0.3728664815425873
75,42,0.8942306041717529,0.8677223324775696,0.02614973485469818,3.5850830078125,0.5577354431152344
75,43,0.24209824204444885,0.24020451307296753,0.0018799521494656801,0.13778388500213623,0.03866026923060417
75,44,0.025723140686750412,0.025571629405021667,0.00011720797920133919,0.3430202305316925,0.006183553487062454
75,45,0.22959579527378082,0.22790823876857758,0.001675131032243371,0.12425504624843597,0.038691915571689606
75,46,0.12726514041423798,0.12644122540950775,0.0008196274284273386,0.04295039549469948,0.04180502891540527
75,47,0.1245720162987709,0.12327578663825989,0.001286397920921445,0.09838299453258514,0.08493976294994354
75,48,0.2293386161327362,0.22744649648666382,0.0018792382907122374,0.12876713275909424,0.04266538843512535
75,49,0.022446010261774063,0.02229665219783783,0.00011386441474314779,0.3549458086490631,0.002387329936027527
75,50,0.014390941709280014,0.014292155392467976,6.456438131863251e-05,0.3422241508960724,0.002056659199297428
75,51,0.42563334107398987,0.42031657695770264,0.005217919126152992,0.9885543584823608,0.034218236804008484
75,52,0.8419051766395569,0.8226529955863953,0.018787972629070282,4.642132759094238,0.36865919828414917
75,53,0.13198859989643097,0.1306033730506897,0.0013760847505182028,0.09142076224088669,0.0934762954711914
75,54,1.1127243041992188,1.0836739540100098,0.028619585558772087,4.308123588562012,0.13533231616020203
75,55,0.4020616412162781,0.39710086584091187,0.004915652330964804,0.45132696628570557,0.0313185378909111
75,56,0.4896825850009918,0.4792085587978363,0.010247801430523396,2.2623984813690186,0.0425884947180748
75,57,0.01989634707570076,0.019759654998779297,9.908580977935344e-05,0.37606388330459595,0.003143304493278265
75,58,0.36826348304748535,0.3648150563240051,0.0034374105744063854,0.11031927168369293,0.02437800168991089
75,59,0.41591304540634155,0.41033315658569336,0.005531931761652231,0.4794093668460846,0.03874344378709793
75,60,0.12942872941493988,0.12795867025852203,0.0014632719103246927,0.06778090447187424,0.056061483919620514
75,61,0.3378951847553253,0.330398827791214,0.007407741621136665,0.8861584663391113,0.04836395010352135
75,62,0.12463641166687012,0.12316812574863434,0.001455765450373292,0.12516658008098602,0.10287564992904663
75,63,0.01810234971344471,0.018002677708864212,6.516912253573537e-05,0.34503260254859924,0.0031292587518692017
75,64,0.948119044303894,0.9267130494117737,0.019945617765188217,14.603909492492676,0.11475865542888641
75,65,0.9689995646476746,0.936754584312439,0.031209249049425125,10.357739448547363,0.1822308599948883
75,66,0.955111026763916,0.9312084913253784,0.02339949458837509,5.030513763427734,0.1541905701160431
75,67,0.01099111046642065,0.01091453991830349,5.6974051403813064e-05,0.19596606492996216,0.05005290359258652
75,68,0.05352640151977539,0.05308833718299866,0.000434077373938635,0.039869748055934906,0.008911332115530968
75,69,0.890338659286499,0.8693618178367615,0.020549047738313675,4.277857780456543,0.3815540671348572
75,70,0.023912401869893074,0.023814618587493896,6.647216650890186e-05,0.3131025433540344,0.004984687082469463
75,71,0.8748870491981506,0.8646679520606995,0.01013934426009655,0.7974024415016174,0.07867249846458435
75,72,0.3709648549556732,0.36810630559921265,0.002847925992682576,0.10619251430034637,0.021146083250641823
75,73,0.34255290031433105,0.3398582339286804,0.002673812909051776,0.20863904058933258,0.019954148679971695
75,74,0.8669174313545227,0.8457064628601074,0.020588090643286705,6.2284464836120605,0.43796825408935547
75,75,0.8643609881401062,0.8565930128097534,0.007709846831858158,0.5814118385314941,0.1026858538389206
75,76,0.9768763780593872,0.9579165577888489,0.0182785801589489,6.812399387359619,0.10894854366779327
75,77,0.4458085894584656,0.44086331129074097,0.00492296414449811,0.22324736416339874,0.04522555321455002
75,78,0.8718772530555725,0.850303053855896,0.021001238375902176,5.729649543762207,0.4140469431877136
75,79,0.02833675965666771,0.0281129851937294,0.0001777045545168221,0.46070247888565063,0.008746188133955002
75,80,0.42171037197113037,0.417546808719635,0.004080665297806263,0.829162061214447,0.046905696392059326
75,81,0.2319750338792801,0.22948870062828064,0.0024695885367691517,0.16745686531066895,0.04534676671028137
75,82,0.014479019679129124,0.014358801767230034,7.590190216433257e-05,0.44316500425338745,0.003866290207952261
75,83,0.319213330745697,0.3164314031600952,0.002756906673312187,0.2504788041114807,0.0323791466653347
75,84,0.010157841257750988,0.010098975151777267,3.480342638795264e-05,0.2406291365623474,0.06396250426769257
75,85,0.022536568343639374,0.02239682525396347,9.745513671077788e-05,0.4228837490081787,0.010278679430484772
75,86,0.4014018476009369,0.3978210687637329,0.0035594634246081114,0.21322011947631836,0.023784630000591278
75,87,0.9964933395385742,0.9765772819519043,0.019794948399066925,1.2114447355270386,0.08599905669689178
75,88,0.4193841814994812,0.4138118326663971,0.00553936930373311,0.33004674315452576,0.042607590556144714
75,89,0.6862740516662598,0.6775724291801453,0.008656222373247147,0.4542565643787384,0.07272328436374664
75,90,0.44238439202308655,0.4333820939064026,0.00877794623374939,2.2434065341949463,0.043535687029361725
75,91,0.3898724615573883,0.38584262132644653,0.004016048274934292,0.1381249725818634,0.026400957256555557
75,92,0.992220401763916,0.9664144515991211,0.024777241051197052,10.287012100219727,0.20256474614143372
75,93,0.3884882628917694,0.3843581974506378,0.004107562825083733,0.22512292861938477,0.03102884627878666
75,94,0.42987844347953796,0.42493322491645813,0.004919305443763733,0.2590806782245636,0.048629745841026306
75,95,0.45621535181999207,0.44407981634140015,0.011956797912716866,1.7871074676513672,0.05505570396780968
75,96,0.7243025898933411,0.7142057418823242,0.010038042441010475,0.5882778763771057,0.11279015243053436
75,97,0.12664794921875,0.12506990134716034,0.001567307859659195,0.10739214718341827,0.11481241136789322
75,98,0.4306695759296417,0.42453187704086304,0.0061090365052223206,0.2866605818271637,0.06545618176460266
75,99,0.04741423949599266,0.046755123883485794,0.0006296106148511171,0.29502931237220764,0.021530885249376297
75,100,0.06672076135873795,0.06621913611888885,0.000496011576615274,0.05613861605525017,0.009851573035120964
76,1,1.0914844274520874,1.07242751121521,0.01844073086977005,6.162351608276367,0.12989996373653412
76,2,1.0449451208114624,1.0190825462341309,0.024599755182862282,12.627659797668457,0.12619006633758545
76,3,0.7105994820594788,0.7032830715179443,0.00727436225861311,0.41995495557785034,0.0735146552324295
76,4,0.4674428105354309,0.4577503800392151,0.009625137783586979,0.6728329062461853,0.07024648785591125
76,5,0.3878548741340637,0.383846253156662,0.00398318050429225,0.25459346175193787,0.0303286612033844
76,6,0.8854949474334717,0.8731197118759155,0.012265672907233238,1.095729947090149,0.14403584599494934
76,7,1.1860101222991943,1.1429212093353271,0.04134715721011162,17.41779136657715,0.2859538793563843
76,8,0.024559926241636276,0.024435386061668396,9.558987221680582e-05,0.28950589895248413,0.004915283992886543
76,9,0.40530481934547424,0.4013429582118988,0.003918831702321768,0.430490642786026,0.025462370365858078
76,10,0.4057025909423828,0.39868468046188354,0.006908286362886429,1.0961518287658691,0.02837531268596649
76,11,0.3502855598926544,0.34617680311203003,0.004049315117299557,0.5946098566055298,0.036622270941734314
76,12,0.9130617380142212,0.9019036889076233,0.01106332615017891,0.9468895196914673,0.08047626912593842
76,13,0.8737439513206482,0.8655215501785278,0.008153581991791725,0.6883211731910706,0.11085064709186554
76,14,0.33701446652412415,0.3327195644378662,0.004272226244211197,0.22689178586006165,0.016010848805308342
76,15,0.126918762922287,0.1262190192937851,0.0006958398735150695,0.03900213539600372,0.037072159349918365
76,16,0.34840863943099976,0.34159010648727417,0.006734132766723633,0.8440546989440918,0.03969445079565048
76,17,0.6179888844490051,0.6072967648506165,0.010563906282186508,1.2818174362182617,0.22027459740638733
76,18,0.6137061715126038,0.6030471920967102,0.010499468073248863,1.5948336124420166,0.23495376110076904
76,19,0.5095242261886597,0.5006667971611023,0.008717203512787819,1.402349829673767,0.06746751070022583
76,20,0.11957243829965591,0.11871781945228577,0.0008503961726091802,0.042223528027534485,0.043794866651296616
76,21,0.3565511405467987,0.35225266218185425,0.004274177365005016,0.24276719987392426,0.026340516284108162
76,22,1.092432975769043,1.0678000450134277,0.024162612855434418,4.702545642852783,0.15067395567893982
76,23,1.2046711444854736,1.184213638305664,0.02008603885769844,3.7142837047576904,0.16806454956531525
76,24,0.04826031252741814,0.04759766161441803,0.0006212344742380083,0.41417956352233887,0.023531880229711533
76,25,0.3396856188774109,0.3345715403556824,0.0050921812653541565,0.21900546550750732,0.02596508339047432
76,26,0.4214363694190979,0.414061576128006,0.0071964445523917675,1.7833266258239746,0.07503092288970947
76,27,0.13536852598190308,0.13348206877708435,0.0018783672712743282,0.08085084706544876,0.06147200986742973
76,28,0.3457212448120117,0.3404127359390259,0.005276497453451157,0.32008856534957886,0.027230437844991684
76,29,0.9708468914031982,0.9498337507247925,0.02089666575193405,1.1648108959197998,0.1505407691001892
76,30,0.3321138024330139,0.3246358036994934,0.00740395113825798,0.7407111525535583,0.04668763279914856
76,31,0.3875304162502289,0.38410139083862305,0.003415485145524144,0.13530342280864716,0.020321670919656754
76,32,0.13267472386360168,0.13081195950508118,0.0018483356107026339,0.14422737061977386,0.07561489939689636
76,33,1.1767231225967407,1.140540599822998,0.03536316752433777,8.19294548034668,0.16582360863685608
76,34,0.04732654616236687,0.04696696624159813,0.0003315425419714302,0.2803639769554138,0.018100455403327942
76,35,0.4068656861782074,0.4044741690158844,0.002374292816966772,0.17224912345409393,0.017093125730752945
76,36,0.6371113657951355,0.6204463839530945,0.016222329810261726,4.426202774047852,0.06074013561010361
76,37,0.4369663596153259,0.4306267201900482,0.006312349811196327,0.2731266915798187,0.03129792958498001
76,38,1.176966905593872,1.1472859382629395,0.028930528089404106,7.504676818847656,0.1702440232038498
76,39,0.34912359714508057,0.3459988534450531,0.0031044683419167995,0.20270836353302002,0.013524778187274933
76,40,0.8884799480438232,0.8656678199768066,0.022224929183721542,5.87208890914917,0.4225989282131195
76,41,0.3716379702091217,0.36879706382751465,0.002831744495779276,0.09146125614643097,0.021901628002524376
76,42,0.4200829863548279,0.41241517663002014,0.007639411371201277,0.28405070304870605,0.05031190067529678
76,43,0.014459066092967987,0.01432290580123663,0.00011341756908223033,0.2274300903081894,0.08301137387752533
76,44,0.9247551560401917,0.9122493267059326,0.012453224509954453,0.5262559056282043,0.1110994815826416
76,45,0.8874732255935669,0.8645301461219788,0.022447757422924042,4.953037261962891,0.4939665198326111
76,46,0.43688616156578064,0.4313200116157532,0.005520043894648552,0.461038202047348,0.04493793100118637
76,47,0.8667293787002563,0.844516932964325,0.021816495805978775,3.9593658447265625,0.5608376264572144
76,48,0.7119203209877014,0.7041248083114624,0.007745268288999796,0.5023064613342285,0.07277227193117142
76,49,0.9136077165603638,0.9047025442123413,0.008833608590066433,0.716018557548523,0.10633263736963272
76,50,0.3238740861415863,0.3177791237831116,0.006036482751369476,0.5846173763275146,0.042338546365499496
76,51,0.13658402860164642,0.1350870132446289,0.0014857752248644829,0.11238949000835419,0.07582415640354156
76,52,0.018537698313593864,0.018354281783103943,0.00014606007607653737,0.37357786297798157,0.003176766214892268
76,53,0.22702498733997345,0.22441235184669495,0.002593442564830184,0.19197317957878113,0.05175025761127472
76,54,0.4233248829841614,0.4178847372531891,0.005272573791444302,1.6758406162261963,0.052350692451000214
76,55,0.4560043513774872,0.4427680969238281,0.013035067357122898,2.0119118690490723,0.04086070507764816
76,56,0.9010688662528992,0.8892104625701904,0.011600002646446228,2.5838871002197266,0.0697675496339798
76,57,0.45589330792427063,0.4497552514076233,0.006107994820922613,0.3007562458515167,0.05209118872880936
76,58,1.1943016052246094,1.1744463443756104,0.01951221004128456,3.430398464202881,0.11931568384170532
76,59,0.24636028707027435,0.2432347536087036,0.0030997670255601406,0.25764432549476624,0.06907059997320175
76,60,0.825127124786377,0.8170310258865356,0.008069303818047047,0.26792535185813904,0.07710306346416473
76,61,1.188524842262268,1.1654589176177979,0.022067399695515633,9.984621047973633,0.15697512030601501
76,62,0.44714948534965515,0.42621004581451416,0.02059745043516159,3.4197397232055664,0.054082050919532776
76,63,1.1470139026641846,1.1055781841278076,0.040741804987192154,6.939733028411865,0.19347374141216278
76,64,0.32594412565231323,0.32015132904052734,0.005742126144468784,0.5067803263664246,0.04513339698314667
76,65,0.4127292037010193,0.4054245352745056,0.0072066159918904305,0.9804336428642273,0.038195692002773285
76,66,0.015062225051224232,0.01496237050741911,7.257677498273551e-05,0.27277684211730957,0.0014329883269965649
76,67,0.14321599900722504,0.14214923977851868,0.001062334980815649,0.04422566667199135,0.01120765507221222
76,68,0.18647730350494385,0.18517383933067322,0.0012917134445160627,0.11762365698814392,0.009020522236824036
76,69,0.04553864896297455,0.045026276260614395,0.0004832747217733413,0.29098057746887207,0.014407804235816002
76,70,1.030870795249939,1.003981590270996,0.02612362802028656,7.656097888946533,0.1472526490688324
76,71,0.22168174386024475,0.22027289867401123,0.0014015333727002144,0.07314431667327881,0.03806935250759125
76,72,0.01430071983486414,0.014211563393473625,6.4998515881598e-05,0.24157854914665222,0.0012963763438165188
76,73,0.015346298925578594,0.015251408331096172,7.069951243465766e-05,0.24191071093082428,0.0014951863558962941
76,74,0.9182561039924622,0.9006874561309814,0.016516776755452156,10.518464088439941,0.12250815331935883
76,75,0.012614156119525433,0.012526089325547218,7.338991417782381e-05,0.14676806330680847,0.058380018919706345
76,76,0.8975903391838074,0.8755701780319214,0.021734610199928284,2.855881452560425,0.4998965859413147
76,77,0.3613032400608063,0.35917115211486816,0.0021253805607557297,0.06717536598443985,0.018960922956466675
76,78,0.9820757508277893,0.9605429768562317,0.02061823010444641,9.14515209197998,0.16465100646018982
76,79,0.5786718130111694,0.5713241100311279,0.007267992943525314,0.7968161702156067,0.22682157158851624
76,80,1.15488600730896,1.13069748878479,0.023710422217845917,4.781731128692627,0.16552762687206268
76,81,0.015965962782502174,0.015849972143769264,8.738384349271655e-05,0.28606826066970825,0.0019900002516806126
76,82,1.1182899475097656,1.0892059803009033,0.027256105095148087,18.27864646911621,0.19080939888954163
76,83,0.4009890556335449,0.3969789743423462,0.003956236410886049,0.5386520624160767,0.05166090279817581
76,84,0.8569983839988708,0.84526526927948,0.011698288843035698,0.34787705540657043,0.09942865371704102
76,85,0.017303254455327988,0.017172839492559433,0.00013016769662499428,0.0024769857991486788,0.00443685706704855
76,86,0.45171090960502625,0.4483165144920349,0.003377079963684082,0.17314651608467102,0.0375211238861084
76,87,0.5745331048965454,0.5635890960693359,0.010791731998324394,1.5226129293441772,0.2608807384967804
76,88,0.4581163823604584,0.44763731956481934,0.010420719161629677,0.5834967494010925,0.06829357147216797
76,89,0.5819929838180542,0.5702202916145325,0.011615125462412834,1.5757465362548828,0.24526619911193848
76,90,0.7097591757774353,0.6999847292900085,0.0097297802567482,0.44615721702575684,0.08307114243507385
76,91,0.9789210557937622,0.9448819160461426,0.033432282507419586,6.0684075355529785,0.5088129043579102
76,92,0.12358853220939636,0.12271784245967865,0.0008666134672239423,0.04077126085758209,0.03646610677242279
76,93,0.8200830221176147,0.8000473380088806,0.01975451596081257,2.8114984035491943,0.4750785827636719
76,94,0.9778125286102295,0.9538487792015076,0.023132633417844772,8.31120491027832,0.0971611738204956
76,95,0.11631758511066437,0.11573027819395065,0.0005835565971210599,0.03746935352683067,0.03655119985342026
76,96,0.33961036801338196,0.3370184898376465,0.0025756368413567543,0.16239306330680847,0.01291690580546856
76,97,0.025518985465168953,0.02530844882130623,0.00017247771029360592,0.38060057163238525,0.008553633466362953
76,98,0.6854315996170044,0.6796947121620178,0.005705761723220348,0.31133103370666504,0.05485781654715538
76,99,0.8807002902030945,0.8746985197067261,0.005976184271275997,0.25595542788505554,0.057640355080366135
76,100,0.8425596952438354,0.8358964920043945,0.006625751964747906,0.3744083046913147,0.08890410512685776
77,1,0.33715689182281494,0.33384740352630615,0.0032840275671333075,0.254560261964798,0.04408064857125282
77,2,0.8405426144599915,0.8348623514175415,0.0056509654968976974,0.29325735569000244,0.11095069348812103
77,3,0.8901929259300232,0.882395327091217,0.007741427049040794,0.5614566802978516,0.130141481757164
77,4,1.0966805219650269,1.0689306259155273,0.026409216225147247,13.406614303588867,0.1736600399017334
77,5,0.8515995144844055,0.833590567111969,0.017630502581596375,3.7844736576080322,0.41540050506591797
77,6,0.5674089193344116,0.5582481622695923,0.009029747918248177,1.310131549835205,0.29925423860549927
77,7,0.12413672357797623,0.12272674590349197,0.0013961681397631764,0.1380438357591629,0.013503007590770721
77,8,0.22895397245883942,0.22647462785243988,0.002462803153321147,0.16536518931388855,0.05227923020720482
77,9,0.6829854249954224,0.6617138385772705,0.020933520048856735,3.3804967403411865,0.2933771014213562
77,10,0.4094874858856201,0.40382665395736694,0.005559404846280813,1.0142079591751099,0.04891413450241089
77,11,0.957391083240509,0.9226070046424866,0.03393508493900299,8.490200996398926,0.36573684215545654
77,12,1.2173599004745483,1.1619346141815186,0.05424588918685913,11.793691635131836,0.20778775215148926
77,13,0.8340034484863281,0.818567156791687,0.015315206721425056,1.2105019092559814,0.09911628067493439
77,14,0.028441982343792915,0.0283578522503376,6.1006143369013444e-05,0.2312537580728531,0.0029494049958884716
77,15,1.122117042541504,1.0938992500305176,0.027745019644498825,4.728168487548828,0.16463810205459595
77,16,0.6865309476852417,0.6794790029525757,0.0070108771324157715,0.41080817580223083,0.06829626858234406
77,17,0.9385006427764893,0.9297230839729309,0.008705856278538704,0.7171217203140259,0.1352785974740982
77,18,0.2538723647594452,0.25237053632736206,0.0014920842368155718,0.09742400050163269,0.02867182344198227
77,19,0.04119657352566719,0.0409352108836174,0.00024166353978216648,0.1970013976097107,0.011084863916039467
77,20,0.4498195946216583,0.44483625888824463,0.0049612754955887794,0.22062921524047852,0.06084917485713959
77,21,0.19308431446552277,0.19201502203941345,0.0010591392638161778,0.10141803324222565,0.007035398855805397
77,22,0.02829972468316555,0.028245843946933746,5.381093797041103e-05,0.0006869241478852928,0.001902662799693644
77,23,0.03712868317961693,0.03700791671872139,9.973434498533607e-05,0.21032211184501648,0.00491878017783165
77,24,0.07212742418050766,0.071745865046978,0.00035688397474586964,0.2468002885580063,0.015074804425239563
77,25,0.027554534375667572,0.027477584779262543,6.23963787802495e-05,0.14553771913051605,0.08926211297512054
77,26,0.04859562963247299,0.04828625172376633,0.00028187636053189635,0.27500855922698975,0.01524350792169571
77,27,0.20266132056713104,0.20106613636016846,0.0015822972636669874,0.12887509167194366,0.010131224058568478
77,28,0.8742320537567139,0.8622433543205261,0.011778217740356922,2.104794979095459,0.3030565083026886
77,29,0.9411507248878479,0.9284537434577942,0.012542685493826866,1.542867660522461,0.4820690453052521
77,30,0.042957719415426254,0.04292099177837372,5.900894393562339e-06,0.308267205953598,0.0013233013451099396
77,31,0.23643867671489716,0.23436714708805084,0.002057068981230259,0.14447718858718872,0.03672157973051071
77,32,1.1701468229293823,1.1487512588500977,0.020897909998893738,4.976928234100342,0.174704447388649
77,33,0.8584316372871399,0.8400933146476746,0.01802743226289749,3.1088974475860596,0.5699989795684814
77,34,0.02213667705655098,0.02198343724012375,0.00010043542715720832,0.5280335545539856,0.002895511221140623
77,35,0.9754002690315247,0.9526398777961731,0.021241886541247368,15.184865951538086,0.1617833375930786
77,36,1.1256669759750366,1.0889537334442139,0.035630397498607635,10.828960418701172,0.2474135458469391
77,37,0.3879208564758301,0.38252031803131104,0.005374951288104057,0.2560802102088928,0.02675492689013481
77,38,0.1259060800075531,0.12458360195159912,0.0013152786996215582,0.07196877896785736,0.04187038540840149
77,39,0.38073915243148804,0.37639468908309937,0.004330312833189964,0.14155422151088715,0.024726781994104385
77,40,0.40399444103240967,0.39861756563186646,0.005332279019057751,0.4457097053527832,0.02754727378487587
77,41,0.23308689892292023,0.2308184653520584,0.0022552034351974726,0.13226725161075592,0.16238702833652496
77,42,1.1549196243286133,1.121049165725708,0.032501645386219025,13.687103271484375,0.19516968727111816
77,43,0.39789578318595886,0.3933364152908325,0.004542169161140919,0.17209434509277344,0.021999236196279526
77,44,0.6801398396492004,0.6708523035049438,0.009232006967067719,0.5552406311035156,0.0665956437587738
77,45,0.8929896354675293,0.882536768913269,0.010383198037743568,0.6968700885772705,0.11125198006629944
77,46,0.21359635889530182,0.21139010787010193,0.002177491784095764,0.28763702511787415,0.009464751929044724
77,47,0.33609047532081604,0.33252084255218506,0.0035465816035866737,0.23030348122119904,0.016423983499407768
77,48,0.012252124026417732,0.012154785916209221,7.07719154888764e-05,0.2656577527523041,0.05449554696679115
77,49,0.3956405818462372,0.3925042450428009,0.0031182849779725075,0.18065226078033447,0.024106759577989578
77,50,0.9875019788742065,0.9620669484138489,0.02487999200820923,5.550292491912842,0.4814547002315521
77,51,0.039425674825906754,0.039161741733551025,0.0002260519831907004,0.378831148147583,0.012998487800359726
77,52,0.015353120863437653,0.015273014083504677,5.907898594159633e-05,0.2102733850479126,0.05672904849052429
77,53,0.022033000364899635,0.02190082147717476,0.00010062694491352886,0.31551694869995117,0.0025489814579486847
77,54,1.119202971458435,1.096951961517334,0.021873602643609047,3.773689031600952,0.17087319493293762
77,55,0.025075320154428482,0.02494800090789795,9.734422201290727e-05,0.2997586727142334,0.005732767283916473
77,56,0.3434743881225586,0.339779794216156,0.003676042426377535,0.18527446687221527,0.02758929133415222
77,57,0.36893516778945923,0.36660391092300415,0.002325120149180293,0.061336684972047806,0.0351547971367836
77,58,1.0902948379516602,1.0552564859390259,0.034434396773576736,6.039534091949463,0.19811463356018066
77,59,0.35177260637283325,0.34648698568344116,0.005246237851679325,0.39382967352867126,0.044393185526132584
77,60,0.46190160512924194,0.4546773433685303,0.007116858847439289,1.074078917503357,0.042693138122558594
77,61,0.9626010060310364,0.9425090551376343,0.018876075744628906,12.158851623535156,0.12366783618927002
77,62,0.35804057121276855,0.35355818271636963,0.004456877708435059,0.2549624741077423,0.02080381289124489
77,63,0.42503440380096436,0.4208488464355469,0.004145514219999313,0.40056997537612915,0.026738595217466354
77,64,0.5834087133407593,0.5710535049438477,0.012195982038974762,1.5918205976486206,0.26105087995529175
77,65,0.3276877701282501,0.32289931178092957,0.004747709259390831,0.4074339270591736,0.0340694934129715
77,66,0.12308326363563538,0.12231012433767319,0.0007694328087382019,0.0370522066950798,0.03667152673006058
77,67,0.8588885068893433,0.8479117155075073,0.010891024023294449,0.857877254486084,0.11648564040660858
77,68,0.23909662663936615,0.2372191846370697,0.0018601198680698872,0.1731886863708496,0.042113371193408966
77,69,0.3882417380809784,0.38521072268486023,0.003008107887580991,0.22917219996452332,0.024793311953544617
77,70,0.46136805415153503,0.4527583718299866,0.008512893691658974,0.9680214524269104,0.05333685129880905
77,71,0.4203055799007416,0.4120164215564728,0.008260290138423443,0.28889116644859314,0.046241287142038345
77,72,0.8054326176643372,0.7807648181915283,0.024101287126541138,5.66538667678833,0.4183517098426819
77,73,0.0286411140114069,0.028525158762931824,8.86991765582934e-05,0.27256402373313904,0.002586964750662446
77,74,0.12154583632946014,0.12075141817331314,0.000790511432569474,0.03903186693787575,0.040152791887521744
77,75,0.8226114511489868,0.802430272102356,0.019729916006326675,4.512382984161377,0.33731183409690857
77,76,0.23245102167129517,0.23035898804664612,0.002079464728012681,0.12555035948753357,0.042143888771533966
77,77,0.798692524433136,0.7835681438446045,0.014689935371279716,4.344573020935059,0.3248710334300995
77,78,0.12557022273540497,0.1246413141489029,0.0009240678627975285,0.04846921190619469,0.0459599643945694
77,79,0.3492344915866852,0.3458029329776764,0.0034044375643134117,0.27120262384414673,0.024099312722682953
77,80,0.12572477757930756,0.12472301721572876,0.0009975243592634797,0.042345061898231506,0.05100412666797638
77,81,0.24620765447616577,0.24378031492233276,0.0024075410328805447,0.19805076718330383,0.053537774831056595
77,82,1.0112781524658203,0.9914439916610718,0.019415948539972305,4.182013988494873,0.15615563094615936
77,83,0.3400401175022125,0.3369966447353363,0.0030254570301622152,0.18021807074546814,0.02454550936818123
77,84,0.45267948508262634,0.4485829472541809,0.004074321128427982,0.22191651165485382,0.04490737244486809
77,85,0.46417802572250366,0.4588555693626404,0.005289877764880657,0.3256612718105316,0.07155753672122955
77,86,0.9240016341209412,0.9130096435546875,0.010945538990199566,0.4643663465976715,0.11369200050830841
77,87,0.014658148400485516,0.014557437971234322,8.290508412756026e-05,0.17804597318172455,0.08357302099466324
77,88,0.8287575840950012,0.8147150278091431,0.013711326755583286,3.3123295307159424,0.3958781361579895
77,89,0.17463967204093933,0.17370323836803436,0.0009263483807444572,0.1008337214589119,0.011213961988687515
77,90,0.649445116519928,0.634872317314148,0.014337902888655663,2.3488662242889404,0.2793482542037964
77,91,0.9068791270256042,0.8773398399353027,0.029110759496688843,4.284726619720459,0.5627174377441406
77,92,0.38741981983184814,0.3838369846343994,0.0035711657255887985,0.11677029728889465,0.02127980999648571
77,93,0.020009463652968407,0.019894661381840706,8.50488431751728e-05,0.29754284024238586,0.0023375104647129774
77,94,0.8122140765190125,0.7947711944580078,0.016947610303759575,4.952695846557617,0.35541024804115295
77,95,1.078250527381897,1.0562403202056885,0.021451737731695175,5.5845465660095215,0.12532013654708862
77,96,0.01078353263437748,0.010699881240725517,6.222906085895374e-05,0.2142215222120285,0.05647711455821991
77,97,0.12078043073415756,0.11989915370941162,0.0008774399757385254,0.038391415029764175,0.03265071287751198
77,98,1.14118492603302,1.1199032068252563,0.020874902606010437,4.068129539489746,0.12343481183052063
77,99,0.12325364351272583,0.12170622497797012,0.0015354692004621029,0.11949871480464935,0.0839185118675232
77,100,0.12318947166204453,0.12193508446216583,0.0012437553377822042,0.10635407269001007,0.08645736426115036
78,1,0.8767278790473938,0.8648935556411743,0.011748792603611946,0.8551927208900452,0.08735961467027664
78,2,0.018778134137392044,0.01865420863032341,8.652755059301853e-05,0.3739807605743408,0.0026788534596562386
78,3,0.9477978944778442,0.928777277469635,0.018226739019155502,7.938891887664795,0.11790288984775543
78,4,1.1225614547729492,1.0986639261245728,0.023400716483592987,4.968715190887451,0.15904180705547333
78,5,1.0481228828430176,1.0136692523956299,0.03271770477294922,17.359024047851562,0.16374585032463074
78,6,0.39769747853279114,0.39414182305336,0.0035351363476365805,0.20533356070518494,0.02874915488064289
78,7,0.34493348002433777,0.3414766192436218,0.0034051311668008566,0.5172795057296753,0.042920831590890884
78,8,0.72776859998703,0.7168830037117004,0.01081540621817112,0.702426552772522,0.07547000050544739
78,9,0.2615906894207001,0.259595662355423,0.001978516113013029,0.16501623392105103,0.02293795719742775
78,10,0.41519829630851746,0.41047948598861694,0.004677806049585342,0.4099844992160797,0.03221454098820686
78,11,0.23402824997901917,0.23164114356040955,0.002369763096794486,0.17346635460853577,0.056386031210422516
78,12,0.029231661930680275,0.028981728479266167,0.00020882277749478817,0.4111105799674988,0.008418707177042961
78,13,0.01481545902788639,0.014669585973024368,0.00012263123062439263,0.23242153227329254,0.07267194241285324
78,14,0.3932698369026184,0.3897397220134735,0.003514378098770976,0.15720990300178528,0.029641196131706238
78,15,0.12664079666137695,0.12528567016124725,0.0013449715916067362,0.10152260214090347,0.09028127789497375
78,16,0.18383604288101196,0.18235890567302704,0.0014641943853348494,0.1295510083436966,0.011665191501379013
78,17,0.12485712766647339,0.12364500015974045,0.0012020230060443282,0.10104234516620636,0.08659546077251434
78,18,0.34727999567985535,0.34405744075775146,0.0032021808438003063,0.20391501486301422,0.014925425872206688
78,19,0.024710023775696754,0.02455083653330803,0.0001216252421727404,0.3756236732006073,0.00718836160376668
78,20,0.9757747054100037,0.9514516592025757,0.023941274732351303,3.817870855331421,0.5558904409408569
78,21,0.33824071288108826,0.3357549011707306,0.002468475140631199,0.1735822856426239,0.017000705003738403
78,22,0.0760033056139946,0.0750328078866005,0.0009692854946479201,0.012158703058958054,0.023676056414842606
78,23,0.42680254578590393,0.42095887660980225,0.005716996267437935,1.2665495872497559,0.035719141364097595
78,24,0.6124818325042725,0.598909854888916,0.013355295173823833,2.166722059249878,0.2459799349308014
78,25,0.40845805406570435,0.4035901427268982,0.004739556461572647,1.2835664749145508,0.04661024361848831
78,26,0.013889813795685768,0.013776546344161034,9.228517592418939e-05,0.2098267525434494,0.03995482251048088
78,27,1.1541571617126465,1.1181848049163818,0.035065192729234695,9.072296142578125,0.18658000230789185
78,28,0.2513370215892792,0.2488594949245453,0.0024638590402901173,0.13679592311382294,0.04662947356700897
78,29,0.6792505979537964,0.671099066734314,0.008099978789687157,0.5154158473014832,0.0707387775182724
78,30,0.01556304469704628,0.01547577977180481,5.566678737523034e-05,0.3159756660461426,0.0024987338110804558
78,31,0.3220653533935547,0.3195663392543793,0.00248472997918725,0.14262279868125916,0.014630809426307678
78,32,0.020224204286932945,0.02009950578212738,9.095219138544053e-05,0.3374617099761963,0.003515783231705427
78,33,1.2116328477859497,1.181207537651062,0.028705786913633347,17.19438934326172,0.17042815685272217
78,34,0.01367959100753069,0.013580250553786755,7.97250831965357e-05,0.19615493714809418,0.050993189215660095
78,35,0.9811155200004578,0.9562098383903503,0.023816503584384918,10.891770362854004,0.17277546226978302
78,36,0.9066986441612244,0.8957016468048096,0.010904472321271896,0.9252737760543823,0.1393514722585678
78,37,0.4015979468822479,0.39633283019065857,0.005216504912823439,0.4860243797302246,0.03277932107448578
78,38,0.04348394647240639,0.0428544282913208,0.0005861107492819428,0.43407800793647766,0.01924973726272583
78,39,0.42577022314071655,0.41838034987449646,0.007171342149376869,2.185359001159668,0.05610521882772446
78,40,0.4304960072040558,0.4239615201950073,0.006500660441815853,0.33823105692863464,0.05660416930913925
78,41,0.04513895884156227,0.04447903484106064,0.0006160747725516558,0.4385036826133728,0.021943505853414536
78,42,0.4060398042201996,0.401509553194046,0.004490990191698074,0.3925584852695465,0.031735483556985855
78,43,0.7229392528533936,0.7128443717956543,0.010037386789917946,0.5753321051597595,0.09099684655666351
78,44,0.8952654600143433,0.8653766512870789,0.029393672943115234,4.951220512390137,0.6829569935798645
78,45,0.6789745688438416,0.6706640720367432,0.008264591917395592,0.459151029586792,0.06861044466495514
78,46,0.8664799928665161,0.8549025058746338,0.01146219577640295,1.152801752090454,0.10467763990163803
78,47,0.4099505543708801,0.40495678782463074,0.004865485243499279,1.282807469367981,0.036936789751052856
78,48,1.213749647140503,1.1871769428253174,0.025815729051828384,7.569988250732422,0.15708479285240173
78,49,1.192230463027954,1.1694929599761963,0.022218041121959686,5.194855690002441,0.13962706923484802
78,50,0.018046962097287178,0.017957428470253944,6.158176984172314e-05,0.27953195571899414,0.001835701521486044
78,51,0.3891522288322449,0.3852095603942871,0.0038719307631254196,0.7075538635253906,0.032645516097545624
78,52,0.12726010382175446,0.1259269416332245,0.0013231271877884865,0.10035188496112823,0.09348684549331665
78,53,0.4039837718009949,0.40075987577438354,0.003204057924449444,0.19847001135349274,0.0333685502409935
78,54,0.9902363419532776,0.9680082201957703,0.022058818489313126,1.6930677890777588,0.19022056460380554
78,55,0.21149596571922302,0.20981021225452423,0.0016701447311788797,0.1559954285621643,0.012330125086009502
78,56,0.885491132736206,0.8616812229156494,0.023225221782922745,5.84676456451416,0.4910160303115845
78,57,0.43113577365875244,0.42322295904159546,0.0077887652441859245,1.2402609586715698,0.03724357485771179
78,58,0.8900514841079712,0.8754071593284607,0.014050304889678955,5.940256595611572,0.08450233191251755
78,59,1.0524219274520874,1.0349245071411133,0.017153263092041016,3.441859483718872,0.12892526388168335
78,60,0.4139077067375183,0.41106945276260376,0.002813840750604868,0.2439955770969391,0.020176369696855545
78,61,0.12311877310276031,0.12249502539634705,0.0006206565303727984,0.030916104093194008,0.02573811262845993
78,62,0.8905824422836304,0.883806586265564,0.006719786673784256,0.5606573820114136,0.08134104311466217
78,63,0.013588485307991505,0.01351957954466343,5.697732558473945e-05,0.11928277462720871,0.03905094414949417
78,64,0.8943935632705688,0.8752368688583374,0.018889106810092926,2.675680160522461,0.3578318953514099
78,65,0.3484703600406647,0.34434521198272705,0.004083546344190836,0.4160946011543274,0.02851066365838051
78,66,0.9293405413627625,0.9048792123794556,0.024110354483127594,3.5096681118011475,0.487094521522522
78,67,0.011137613095343113,0.011110815219581127,5.07840741192922e-06,0.21719376742839813,0.00047829130198806524
78,68,0.012516338378190994,0.01243612915277481,6.514163396786898e-05,0.15067507326602936,0.0771215558052063
78,69,0.13114547729492188,0.12998466193675995,0.0011557452380657196,0.05070389434695244,0.0568484403192997
78,70,0.33205553889274597,0.3271643817424774,0.004864574410021305,0.26581043004989624,0.025011897087097168
78,71,0.6663327217102051,0.6464903354644775,0.019558291882276535,2.840710163116455,0.3510211110115051
78,72,0.8444680571556091,0.8317006826400757,0.012726056389510632,0.41304731369018555,0.13179397583007812
78,73,0.662399172782898,0.644753634929657,0.017407944425940514,2.3759665489196777,0.32094258069992065
78,74,0.5961383581161499,0.5849385857582092,0.011046968400478363,1.5280582904815674,0.24408768117427826
78,75,0.27219486236572266,0.2695831060409546,0.002558355685323477,0.5340707302093506,0.02629527635872364
78,76,0.7136557698249817,0.7058290243148804,0.0077818515710532665,0.4486614763736725,0.0694650411605835
78,77,0.026666956022381783,0.02651773765683174,0.0001153687626356259,0.33850765228271484,0.005319158546626568
78,78,0.35115811228752136,0.3464701175689697,0.004649483598768711,0.385008841753006,0.03390908241271973
78,79,0.4774862825870514,0.4732154607772827,0.004245416261255741,0.25397440791130066,0.03144961968064308
78,80,0.01478813961148262,0.01468808576464653,6.433484668377787e-05,0.3571932315826416,0.002173249376937747
78,81,0.9203265309333801,0.9067173004150391,0.013125329278409481,4.8390302658081055,0.06829622387886047
78,82,1.0356643199920654,1.0050979852676392,0.029695097357034683,8.71190071105957,0.4310417175292969
78,83,0.015601743012666702,0.0154840387403965,7.752854435238987e-05,0.4017532169818878,0.002796825487166643
78,84,0.1274537742137909,0.1259128451347351,0.0015296275960281491,0.11294648051261902,0.11085616052150726
78,85,0.6511803269386292,0.6340503096580505,0.01683272421360016,2.9731361865997314,0.2669023871421814
78,86,0.18741697072982788,0.1852920800447464,0.0021078740246593952,0.17021451890468597,0.013727485202252865
78,87,0.6830176711082458,0.670621395111084,0.012327617034316063,0.6869345307350159,0.09676612913608551
78,88,1.0584943294525146,1.0206148624420166,0.03680494427680969,10.745610237121582,0.16749241948127747
78,89,0.05221682786941528,0.05158284306526184,0.0005883942358195782,0.4559057056903839,0.025556501001119614
78,90,0.13185399770736694,0.1308298110961914,0.001019041519612074,0.0514095276594162,0.05109567940235138
78,91,0.9494225978851318,0.9280502796173096,0.020249510183930397,11.22860050201416,0.10490366816520691
78,92,0.4096999168395996,0.4045960605144501,0.005003809463232756,1.0004777908325195,0.04820277914404869
78,93,0.014377615414559841,0.014283251017332077,6.234766624402255e-05,0.32016974687576294,0.003105944488197565
78,94,0.05652657523751259,0.05635813996195793,0.00016811424575280398,0.003201426938176155,0.006491689942777157
78,95,0.0014517353847622871,0.0014153902884572744,7.138270120776724e-06,0.2920690178871155,0.00068345305044204
78,96,0.3211572766304016,0.3189651072025299,0.0021783120464533567,0.13857856392860413,0.08229381591081619
78,97,1.0044305324554443,0.9904184341430664,0.013359922915697098,6.521749019622803,0.07512291520833969
78,98,0.6519597768783569,0.6457743644714355,0.006153865717351437,0.3153393864631653,0.056887298822402954
78,99,0.435031533241272,0.4269042909145355,0.00796895194798708,1.5827020406723022,0.0659756064414978
78,100,0.03453968092799187,0.03430828079581261,0.00018421960703562945,0.47181394696235657,0.005272493697702885
79,1,0.923858106136322,0.9072792530059814,0.01596641167998314,6.124103546142578,0.10189347714185715
79,2,0.8376275300979614,0.8157731294631958,0.021481838077306747,3.725782632827759,0.546096920967102
79,3,0.8813218474388123,0.8721894025802612,0.00909513607621193,0.37326017022132874,0.072898268699646
79,4,0.19461864233016968,0.1914796531200409,0.003093959763646126,0.4502856731414795,0.015813279896974564
79,5,0.20223358273506165,0.1988307237625122,0.0033659914042800665,0.36867237091064453,0.015050878748297691
79,6,0.9964351058006287,0.9719715714454651,0.023370973765850067,10.92545223236084,0.1103234738111496
79,7,0.42635828256607056,0.420153945684433,0.006154275499284267,0.5006656646728516,0.03457201272249222
79,8,0.9166595935821533,0.9056463241577148,0.010926151648163795,0.8712131977081299,0.07371915131807327
79,9,0.11975754052400589,0.11871151626110077,0.0010412910487502813,0.047280825674533844,0.0381830558180809
79,10,0.8488225936889648,0.8322646617889404,0.01629846915602684,2.5946149826049805,0.39606785774230957
79,11,1.0209875106811523,0.9986568689346313,0.02212982438504696,2.009107828140259,0.13459041714668274
79,12,0.120941661298275,0.11972801387310028,0.0012083963956683874,0.05249619483947754,0.0393073633313179
79,13,0.9121035933494568,0.8913446664810181,0.019550085067749023,12.088146209716797,0.10732042789459229
79,14,0.6267462968826294,0.6157159209251404,0.01087252888828516,1.5785644054412842,0.23084773123264313
79,15,0.016022471711039543,0.01593106798827648,5.226877692621201e-05,0.39133355021476746,0.0030080012511461973
79,16,0.8915700912475586,0.8807328939437866,0.010754596441984177,0.8260810971260071,0.16496747732162476
79,17,0.011833710595965385,0.011723509058356285,9.024330938700587e-05,0.19958379864692688,0.06235790252685547
79,18,0.014657867141067982,0.014565836638212204,5.688619057764299e-05,0.3514452278614044,0.002253019716590643
79,19,1.0526633262634277,1.0224885940551758,0.029080811887979507,10.938580513000488,0.2443879246711731
79,20,1.202134370803833,1.1639013290405273,0.036384064704179764,18.489662170410156,0.2439451962709427
79,21,0.13118284940719604,0.1300189346075058,0.0011590910144150257,0.04828682169318199,0.04699426144361496
79,22,0.0199201088398695,0.019810069352388382,7.511359581258148e-05,0.3492676913738251,0.0025021994952112436
79,23,0.8111729025840759,0.7892763614654541,0.021423017606139183,4.735013484954834,0.5344476699829102
79,24,0.2022889405488968,0.20056354999542236,0.0017046129796653986,0.20776812732219696,0.009586641564965248
79,25,0.02390536479651928,0.02379547990858555,7.434086001012474e-05,0.35545024275779724,0.0031618857756257057
79,26,0.018426286056637764,0.018336646258831024,7.224849105114117e-05,0.17390920221805573,0.04040832072496414
79,27,0.0165875144302845,0.016528157517313957,4.2292827856726944e-05,0.1706378161907196,0.04228059947490692
79,28,0.6223055124282837,0.6129472851753235,0.009212899953126907,1.453112006187439,0.15964263677597046
79,29,0.20564162731170654,0.20378045737743378,0.0018393842037767172,0.2177988737821579,0.008796561509370804
79,30,0.9200001955032349,0.8924757242202759,0.026835210621356964,6.892971038818359,0.2999734878540039
79,31,0.8550074696540833,0.8476274013519287,0.007321763318032026,0.5832226276397705,0.10673293471336365
79,32,0.9045247435569763,0.8693786859512329,0.03447520360350609,6.708462238311768,0.6681981682777405
79,33,0.9028624892234802,0.8916653394699097,0.011149208061397076,0.47909003496170044,0.1062573790550232
79,34,0.32651424407958984,0.3202597200870514,0.006203268188983202,0.5127086639404297,0.05298563838005066
79,35,0.1818169355392456,0.18016071617603302,0.0016391314566135406,0.17097407579421997,0.011190536431968212
79,36,0.6585623621940613,0.6423259377479553,0.01594572514295578,2.906986951828003,0.34733670949935913
79,37,0.6315891146659851,0.6178247928619385,0.013567596673965454,1.9673094749450684,0.31895914673805237
79,38,0.42561304569244385,0.4185370206832886,0.0069387489929795265,1.3725804090499878,0.04225575178861618
79,39,0.016395043581724167,0.01629815623164177,6.859962741145864e-05,0.2828844487667084,0.0017607496120035648
79,40,0.9262865781784058,0.909878134727478,0.01626639813184738,1.420671820640564,0.1296558976173401
79,41,0.028656063601374626,0.02851508930325508,0.00011553178774192929,0.2544134557247162,0.009548544883728027
79,42,0.2708144783973694,0.2680794596672058,0.0026827403344213963,0.5228034853935242,0.024906974285840988
79,43,0.42592883110046387,0.4221135973930359,0.00377759151160717,0.3762759566307068,0.023299841210246086
79,44,0.9192996025085449,0.9099392294883728,0.009293647482991219,0.6668804883956909,0.0653093233704567
79,45,0.22933636605739594,0.22768175601959229,0.0016454353462904692,0.0917704850435257,0.033070046454668045
79,46,0.24831649661064148,0.24595779180526733,0.0023404862731695175,0.1821814477443695,0.038491979241371155
79,47,0.2332320362329483,0.23144954442977905,0.0017710489919409156,0.11451126635074615,0.03945017233490944
79,48,0.8799502849578857,0.8709535002708435,0.00894910842180252,0.47655266523361206,0.0670032799243927
79,49,1.128950834274292,1.1032671928405762,0.025090133771300316,5.935465335845947,0.1332789659500122
79,50,0.4117361903190613,0.4070606529712677,0.004643046297132969,0.3249315023422241,0.033220261335372925
79,51,0.02588583342730999,0.025706158950924873,0.00014868257858324796,0.3099174499511719,0.0055591631680727005
79,52,0.8251351118087769,0.8070669770240784,0.017657356336712837,4.107903003692627,0.3480715751647949
79,53,1.0392919778823853,1.0111896991729736,0.026530317962169647,15.719993591308594,0.14780020713806152
79,54,0.4138217866420746,0.406932532787323,0.006716832518577576,1.7240612506866455,0.0600692480802536
79,55,0.9824910759925842,0.9610580205917358,0.02079172246158123,6.4135894775390625,0.14431728422641754
79,56,0.8659773468971252,0.857267439365387,0.008675426244735718,0.3449849784374237,0.08481122553348541
79,57,0.028508121147751808,0.02833799459040165,0.0001396887528244406,0.3043665289878845,0.005920666269958019
79,58,0.9989231824874878,0.9718234539031982,0.025813736021518707,12.859488487243652,0.1201932281255722
79,59,0.8769769072532654,0.8684808015823364,0.008461277931928635,0.34801173210144043,0.08214502781629562
79,60,1.1540436744689941,1.1189254522323608,0.03431209176778793,8.06049919128418,0.17739737033843994
79,61,0.2365025132894516,0.23399586975574493,0.0024841600097715855,0.22491541504859924,0.04898662865161896
79,62,0.8674850463867188,0.8466511368751526,0.0202903114259243,5.436013698577881,0.36676299571990967
79,63,0.016620943322777748,0.01651795394718647,7.104231917764992e-05,0.31945934891700745,0.0021077708806842566
79,64,0.2331681102514267,0.23052623867988586,0.0026213894598186016,0.20494802296161652,0.047144461423158646
79,65,0.9309310913085938,0.9128249883651733,0.017290744930505753,8.153196334838867,0.11344638466835022
79,66,0.9309128522872925,0.9203767776489258,0.01049452181905508,0.4155467450618744,0.09421782195568085
79,67,0.014596608467400074,0.014470444060862064,0.00010714890959206969,0.1901617795228958,0.07219497114419937
79,68,0.653265655040741,0.6398160457611084,0.013282704167068005,1.669119119644165,0.27034077048301697
79,69,0.3822267949581146,0.37736237049102783,0.004850601777434349,0.13841266930103302,0.028442546725273132
79,70,0.11966557800769806,0.11859619617462158,0.0010651203338056803,0.04262780025601387,0.04270411282777786
79,71,0.38875293731689453,0.3851381540298462,0.0035944581031799316,0.20339608192443848,0.030625775456428528
79,72,0.012098545208573341,0.01199941523373127,7.993548206286505e-05,0.19194628298282623,0.056058235466480255
79,73,0.9711737632751465,0.9513648152351379,0.01894449070096016,8.64431381225586,0.1459525227546692
79,74,0.3383120596408844,0.3346400856971741,0.0036607321817427874,0.11240183562040329,0.026779603213071823
79,75,1.0794799327850342,1.0523419380187988,0.026229549199342728,9.08456802368164,0.1597656011581421
79,76,0.364189475774765,0.36090630292892456,0.003270436078310013,0.12728135287761688,0.02321869507431984
79,77,0.01320795901119709,0.013088151812553406,9.82540805125609e-05,0.21552638709545135,0.06467876583337784
79,78,1.144600749015808,1.122247576713562,0.02171100303530693,6.421290874481201,0.17262236773967743
79,79,0.4294499158859253,0.4228629469871521,0.0065552107989788055,0.3176295757293701,0.06850557029247284
79,80,0.12967143952846527,0.12837974727153778,0.0012857674155384302,0.05935206636786461,0.0600602962076664
79,81,0.4354555010795593,0.4258376955986023,0.009415430948138237,2.02375864982605,0.07193639874458313
79,82,0.018777495250105858,0.01861751079559326,0.00012042945309076458,0.39555591344833374,0.002347763627767563
79,83,0.8123353123664856,0.8042560815811157,0.008045037277042866,0.3421947658061981,0.06895815581083298
79,84,0.42495766282081604,0.41763293743133545,0.0071831620298326015,1.4155412912368774,0.04421265795826912
79,85,0.6220207214355469,0.6110638380050659,0.010810837149620056,1.460322618484497,0.2252786010503769
79,86,0.9455134272575378,0.9315491914749146,0.013347495347261429,6.167367458343506,0.09530559182167053
79,87,0.012758702039718628,0.012665033340454102,7.507570990128443e-05,0.18592752516269684,0.04521501809358597
79,88,0.9347542524337769,0.9255939722061157,0.009117083624005318,0.4319649934768677,0.07859102636575699
79,89,0.8600358366966248,0.8518076539039612,0.00817254651337862,0.556369423866272,0.10083353519439697
79,90,0.7210593819618225,0.7122693657875061,0.00873982347548008,0.5019769072532654,0.07574841380119324
79,91,0.1243278831243515,0.12339644134044647,0.0009264107793569565,0.050272949039936066,0.03734103590250015
79,92,0.8890640735626221,0.8745056390762329,0.014368042349815369,1.9035054445266724,0.09797926247119904
79,93,0.3240084946155548,0.31986719369888306,0.004108308348804712,0.3299228549003601,0.0214775949716568
79,94,0.12875793874263763,0.12760302424430847,0.0011466098949313164,0.08301667124032974,0.04419264942407608
79,95,0.7100207209587097,0.7005593180656433,0.00939711183309555,0.6430640816688538,0.09132187068462372
79,96,0.2301480919122696,0.22725613415241241,0.0028702549170702696,0.2169719636440277,0.05271422863006592
79,97,0.4453716278076172,0.4364839792251587,0.008849231526255608,0.38428014516830444,0.06513635814189911
79,98,0.8033267259597778,0.7812207937240601,0.021487634629011154,6.182906150817871,0.4313628077507019
79,99,0.41410693526268005,0.4089232385158539,0.0050602806732058525,1.2342036962509155,0.0469137504696846
79,100,0.41680219769477844,0.4115709960460663,0.005062848329544067,1.6834111213684082,0.046750038862228394
80,1,0.841583251953125,0.8246232867240906,0.016359401866793633,6.005960464477539,0.36728590726852417
80,2,0.12454548478126526,0.12385428696870804,0.0006876749685034156,0.03527364879846573,0.027103543281555176
80,3,0.025857361033558846,0.02570437267422676,0.00012093411351088434,0.3205490708351135,0.0054363165982067585
80,4,0.8128182291984558,0.7973335981369019,0.015011906623840332,4.72751522064209,0.3661867380142212
80,5,0.8538393974304199,0.8444099426269531,0.009381084702908993,0.48389914631843567,0.07107678055763245
80,6,0.32792988419532776,0.32393449544906616,0.003958416171371937,0.3697773814201355,0.04015117883682251
80,7,0.008741623722016811,0.008695146068930626,2.98317609122023e-05,0.16645966470241547,0.0674465075135231
80,8,0.8082053661346436,0.7911897897720337,0.016536924988031387,4.785968780517578,0.4265488386154175
80,9,0.4246750771999359,0.4188464283943176,0.005802487023174763,0.2615794837474823,0.04359927773475647
80,10,0.7705070376396179,0.754113495349884,0.015989214181900024,4.042706489562988,0.12007231265306473
80,11,0.4410945177078247,0.4312378764152527,0.009620989672839642,2.3564023971557617,0.06067884713411331
80,12,0.253941148519516,0.25144124031066895,0.002480476163327694,0.19423523545265198,0.03261631727218628
80,13,0.01361575536429882,0.01352581288665533,7.0493362727575e-05,0.19449056684970856,0.07947180420160294
80,14,0.015275913290679455,0.015136622823774815,0.00012020818394375965,0.19081713259220123,0.07515355199575424
80,15,0.9509852528572083,0.9287831783294678,0.02146807685494423,7.339688777923584,0.5580469369888306
80,16,0.39232221245765686,0.3881598114967346,0.004131355322897434,0.31057336926460266,0.02984333410859108
80,17,0.8514561653137207,0.8415912389755249,0.009807731956243515,0.5721495747566223,0.1256963014602661
80,18,0.3375854194164276,0.3317294716835022,0.005787199828773737,0.6874772906303406,0.03491956368088722
80,19,0.013142140582203865,0.013073602691292763,5.2621438953792676e-05,0.15916186571121216,0.04185176640748978
80,20,0.4864136278629303,0.47488510608673096,0.011330575682222843,1.9796079397201538,0.031756527721881866
80,21,0.32570427656173706,0.3225903809070587,0.0030991630628705025,0.1472736895084381,0.010790230706334114
80,22,0.022878076881170273,0.022748678922653198,9.855047392193228e-05,0.3084735572338104,0.002883747685700655
80,23,0.04338168352842331,0.042900778353214264,0.00044937030179426074,0.3153543472290039,0.011548804119229317
80,24,0.2342320829629898,0.23210416734218597,0.0021125811617821455,0.15326380729675293,0.03365279734134674
80,25,0.22548915445804596,0.22336941957473755,0.0021063354797661304,0.13403548300266266,0.03774600476026535
80,26,0.0464346669614315,0.045751381665468216,0.0006489224033430219,0.34361469745635986,0.017814189195632935
80,27,0.8542025089263916,0.845649003982544,0.008497700095176697,0.5580618977546692,0.10806408524513245
80,28,0.8804261684417725,0.8603841066360474,0.01973797008395195,3.0411014556884766,0.4589061439037323
80,29,0.4498318135738373,0.44304609298706055,0.006749415770173073,0.3629513084888458,0.05402122437953949
80,30,0.6142942905426025,0.6019247770309448,0.012210818007588387,1.5868654251098633,0.2549136281013489
80,31,0.8663730025291443,0.8571213483810425,0.009215148165822029,0.36451658606529236,0.09248611330986023
80,32,0.36096733808517456,0.3534308075904846,0.007432942278683186,1.0358935594558716,0.07250329852104187
80,33,0.1272381842136383,0.12625670433044434,0.0009766501607373357,0.04832139238715172,0.05156625062227249
80,34,0.8546920418739319,0.8360409736633301,0.018304793164134026,3.46293568611145,0.5731444358825684
80,35,0.96091228723526,0.9324187636375427,0.027466800063848495,10.267228126525879,0.16731755435466766
80,36,0.8666249513626099,0.8475470542907715,0.018519418314099312,5.585073947906494,0.3549325466156006
80,37,0.02251172810792923,0.02234753966331482,0.00012949768279213458,0.3469030559062958,0.0029418757185339928
80,38,0.12045110017061234,0.1190008670091629,0.0014413155149668455,0.08916062116622925,0.09846338629722595
80,39,0.8888274431228638,0.8763096928596497,0.012354807928204536,1.6293331384658813,0.09106890857219696
80,40,0.42136019468307495,0.4151231050491333,0.006140286102890968,0.9680081009864807,0.03454755246639252
80,41,0.3420999050140381,0.338963121175766,0.0031193597242236137,0.1743232160806656,0.018562423065304756
80,42,0.01353857759386301,0.013429122976958752,7.728418131591752e-05,0.3217034339904785,0.0026237154379487038
80,43,0.37627729773521423,0.3729715943336487,0.003296193666756153,0.09502515196800232,0.02192993089556694
80,44,0.08079297840595245,0.08043348789215088,0.0003552255220711231,0.04261460900306702,0.03562355041503906
80,45,0.9153569340705872,0.8973203301429749,0.016864512115716934,11.720852851867676,0.11461354047060013
80,46,0.9938185214996338,0.9697772264480591,0.023039601743221283,10.016975402832031,0.11705543100833893
80,47,0.9209296703338623,0.9057850241661072,0.014868463389575481,2.7617857456207275,0.09840239584445953
80,48,0.9244846105575562,0.9083690643310547,0.01601598598062992,0.9952338337898254,0.12492428719997406
80,49,1.1550582647323608,1.1184333562850952,0.035774748772382736,8.502217292785645,0.17548814415931702
80,50,0.12041247636079788,0.11964696645736694,0.0007614953210577369,0.04012598842382431,0.03635435551404953
80,51,0.45083269476890564,0.4415126442909241,0.009141802787780762,1.7824136018753052,0.04367649555206299
80,52,0.4466477632522583,0.4398062825202942,0.0068098632618784904,0.31617555022239685,0.06596706807613373
80,53,1.176069974899292,1.1467487812042236,0.028578713536262512,7.424656391143799,0.17349398136138916
80,54,0.1914445161819458,0.18979091942310333,0.0016288706101477146,0.24724449217319489,0.011254984885454178
80,55,0.6914592981338501,0.6829919815063477,0.008425205945968628,0.42081066966056824,0.08506461977958679
80,56,0.39645275473594666,0.3916819393634796,0.004676222801208496,0.9458533525466919,0.04994809627532959
80,57,0.12821179628372192,0.1273680478334427,0.0008391661685891449,0.04584547504782677,0.042870793491601944
80,58,0.41932469606399536,0.41351374983787537,0.005680191330611706,1.307532787322998,0.04866733402013779
80,59,0.6791888475418091,0.6710662245750427,0.008078168146312237,0.4447949230670929,0.07218930125236511
80,60,1.0734124183654785,1.0341078042984009,0.0377984493970871,15.062495231628418,0.1754961907863617
80,61,0.024255162104964256,0.024121113121509552,0.00010178850789088756,0.3226103186607361,0.006186630576848984
80,62,0.4434589147567749,0.4377291798591614,0.005705384071916342,0.24354887008666992,0.05318981036543846
80,63,0.937388002872467,0.9259118437767029,0.011372053995728493,1.0411087274551392,0.13700293004512787
80,64,0.6790741682052612,0.6703121662139893,0.008710886351764202,0.5116627216339111,0.07476334273815155
80,65,0.2258235365152359,0.22361454367637634,0.0021949997171759605,0.1399078518152237,0.044423118233680725
80,66,0.34776079654693604,0.33995598554611206,0.007710266392678022,0.9452223777770996,0.04380347579717636
80,67,0.8712356686592102,0.8618040084838867,0.009397273883223534,0.3441598415374756,0.0893155038356781
80,68,0.014211753383278847,0.014111150056123734,6.743792619090527e-05,0.3316565454006195,0.0022981814108788967
80,69,0.12794800102710724,0.12621977925300598,0.0017156153917312622,0.12603241205215454,0.09495504945516586
80,70,0.6466085314750671,0.6253529787063599,0.020956650376319885,2.9891953468322754,0.24275362491607666
80,71,0.12707877159118652,0.12576831877231598,0.0012985484208911657,0.11899252980947495,0.09356217086315155
80,72,1.1350469589233398,1.1089062690734863,0.025580842047929764,5.597590446472168,0.1784740686416626
80,73,0.576299250125885,0.5666632056236267,0.009518456645309925,1.1759757995605469,0.22298932075500488
80,74,0.11942853033542633,0.11865715682506561,0.000767418765462935,0.03954548388719559,0.03754480183124542
80,75,0.04209905490279198,0.04162784665822983,0.0004368300433270633,0.3437793254852295,0.017311831936240196
80,76,0.3843427300453186,0.3800482749938965,0.004214971326291561,0.7949026226997375,0.03655281662940979
80,77,0.49541303515434265,0.48635798692703247,0.008873449638485909,1.8158718347549438,0.04349413141608238
80,78,0.01435063499957323,0.014247109182178974,7.125061529222876e-05,0.32275426387786865,0.002319380873814225
80,79,0.3853257894515991,0.3815292716026306,0.0037866923958063126,0.09835644066333771,0.023131780326366425
80,80,0.4512442648410797,0.44448766112327576,0.006724405102431774,0.32185837626457214,0.05903078615665436
80,81,0.7201690673828125,0.7109793424606323,0.009136856533586979,0.5283986926078796,0.09006024897098541
80,82,0.13062717020511627,0.12907308340072632,0.001542434561997652,0.11647740006446838,0.09927314519882202
80,83,0.9712262153625488,0.9534838199615479,0.01687515340745449,8.672377586364746,0.12463119626045227
80,84,0.019410043954849243,0.019249413162469864,0.00012555066496133804,0.3508075475692749,0.003246229374781251
80,85,0.44982296228408813,0.4428947865962982,0.006885519251227379,0.42657747864723206,0.05340786650776863
80,86,0.32185712456703186,0.3195227384567261,0.0023152371868491173,0.19164735078811646,0.022175772115588188
80,87,1.0674326419830322,1.045914888381958,0.020736686885356903,7.810360431671143,0.16951382160186768
80,88,0.4420946538448334,0.43650293350219727,0.005558721721172333,0.330060213804245,0.05162770301103592
80,89,0.2728768289089203,0.27081120014190674,0.0020612061489373446,0.043972257524728775,0.05850149691104889
80,90,1.1213527917861938,1.1006417274475098,0.020189665257930756,5.214465141296387,0.14499706029891968
80,91,0.020691055804491043,0.020541958510875702,0.00011187489872099832,0.37223929166793823,0.004012551624327898
80,92,0.46707165241241455,0.4574781060218811,0.009536401368677616,0.5713361501693726,0.06838789582252502
80,93,0.4097006618976593,0.40324029326438904,0.0063119251281023026,1.4844657182693481,0.055199034512043
80,94,0.1993948370218277,0.19641831517219543,0.0029482929967343807,0.2822904884815216,0.0146233681589365
80,95,0.5900576710700989,0.5760492086410522,0.013819596730172634,1.8889456987380981,0.22478517889976501
80,96,0.25330135226249695,0.25046226382255554,0.0028084709774702787,0.3060259521007538,0.040021754801273346
80,97,0.22448965907096863,0.22235363721847534,0.002122345380485058,0.13675299286842346,0.04749526083469391
80,98,0.12136781960725784,0.12032504379749298,0.001032802276313305,0.09973477572202682,0.07708816975355148
80,99,0.01191733404994011,0.01180478185415268,9.328987653134391e-05,0.19262778759002686,0.05185296759009361
80,100,0.0711144208908081,0.07062147557735443,0.00048470060573890805,0.08251509070396423,0.011600520461797714
